run_id,mode,stage,c_label,kappa,tier,u_const,seed,block_idx,u_t,schedule_phase,block_in_primary_set,primary_exclusion_reason,block_rho,raw_Psi_meanI_state,raw_Psi_persistence_I,analytic_realized_delta_p_driven,mean_p_become,mean_slope,q05_slope,tail_mass,p_min,p_max,prop_I_full_surface,prop_I_masked_diagnostic
c3_w2_tcop_cm1_states_L0.4_kp0_0000_up0_1000_s42,cm1,stageB,0.0,0.0,0.1,,42,0,0.0,0,False,PRE_PRIMARY_INCOMPLETE_CYCLE,0.38659200000000005,0.0005905724338133676,0.006481538201895997,0.0,0.40000000000000013,0.24000000000000005,0.24,0.0,0.4,0.4,0.0,0.0
c3_w2_tcop_cm1_states_L0.4_kp0_0000_up0_1000_s42,cm1,stageB,0.0,0.0,0.1,,42,1,0.05,1,False,PRE_PRIMARY_INCOMPLETE_CYCLE,0.406176,-0.0030427101993635002,-0.015129132215948806,0.0,0.4120577769525597,0.2422661654054742,0.24226616540547424,0.0,0.4120577769525597,0.4120577769525597,0.0,0.0
c3_w2_tcop_cm1_states_L0.4_kp0_0000_up0_1000_s42,cm1,stageB,0.0,0.0,0.1,,42,2,0.1,2,False,PRE_PRIMARY_INCOMPLETE_CYCLE,0.41223999999999994,-0.0007773641380782368,-0.0003016777621425252,0.0,0.424222038718289,0.24425770058398746,0.2442577005839875,0.0,0.4242220387182889,0.4242220387182889,0.0,0.0
c3_w2_tcop_cm1_states_L0.4_kp0_0000_up0_1000_s42,cm1,stageB,0.0,0.0,0.1,,42,3,0.0,0,True,,0.401392,-0.00036601250497902515,-0.019573559098081617,0.0,0.40000000000000013,0.24000000000000005,0.24,0.0,0.4,0.4,0.0,0.0
c3_w2_tcop_cm1_states_L0.4_kp0_0000_up0_1000_s42,cm1,stageB,0.0,0.0,0.1,,42,4,0.05,1,True,,0.40684800000000004,0.00270581743092235,-0.0023683339900687616,0.0,0.4120577769525597,0.2422661654054742,0.24226616540547424,0.0,0.4120577769525597,0.4120577769525597,0.0,0.0
c3_w2_tcop_cm1_states_L0.4_kp0_0000_up0_1000_s42,cm1,stageB,0.0,0.0,0.1,,42,5,0.1,2,True,,0.416624,-5.9077796790295565e-05,-0.007090993664220007,0.0,0.424222038718289,0.24425770058398746,0.2442577005839875,0.0,0.4242220387182889,0.4242220387182889,0.0,0.0
c3_w2_tcop_cm1_states_L0.4_kp0_0000_up0_1000_s42,cm1,stageB,0.0,0.0,0.1,,42,6,0.0,0,True,,0.398912,-0.0010775806574904686,-0.0058346798615869,0.0,0.40000000000000013,0.24000000000000005,0.24,0.0,0.4,0.4,0.0,0.0
c3_w2_tcop_cm1_states_L0.4_kp0_0000_up0_1000_s42,cm1,stageB,0.0,0.0,0.1,,42,7,0.05,1,True,,0.406912,0.0003549701208228201,-0.003175930624135799,0.0,0.4120577769525597,0.2422661654054742,0.24226616540547424,0.0,0.4120577769525597,0.4120577769525597,0.0,0.0
c3_w2_tcop_cm1_states_L0.4_kp0_0000_up0_1000_s42,cm1,stageB,0.0,0.0,0.1,,42,8,0.1,2,True,,0.41168,-0.00012687469358387194,0.0074128736473331675,0.0,0.424222038718289,0.24425770058398746,0.2442577005839875,0.0,0.4242220387182889,0.4242220387182889,0.0,0.0
c3_w2_tcop_cm1_states_L0.4_kp0_0000_up0_1000_s42,cm1,stageB,0.0,0.0,0.1,,42,9,0.0,0,True,,0.40168,0.0005040141259476756,0.017464891748574116,0.0,0.40000000000000013,0.24000000000000005,0.24,0.0,0.4,0.4,0.0,0.0
c3_w2_tcop_cm1_states_L0.4_kp0_0000_up0_1000_s42,cm1,stageB,0.0,0.0,0.1,,42,10,0.05,1,True,,0.4064960000000001,0.0009187048513267282,-0.002482511119188122,0.0,0.4120577769525597,0.2422661654054742,0.24226616540547424,0.0,0.4120577769525597,0.4120577769525597,0.0,0.0
c3_w2_tcop_cm1_states_L0.4_kp0_0000_up0_1000_s42,cm1,stageB,0.0,0.0,0.1,,42,11,0.1,2,True,,0.4109599999999999,0.00033270957575849106,-0.015096529894864437,0.0,0.424222038718289,0.24425770058398746,0.2442577005839875,0.0,0.4242220387182889,0.4242220387182889,0.0,0.0
c3_w2_tcop_cm1_states_L0.4_kp0_0000_up0_1000_s42,cm1,stageB,0.0,0.0,0.1,,42,12,0.0,0,True,,0.403264,0.001032747846045466,0.00406667291103783,0.0,0.40000000000000013,0.24000000000000005,0.24,0.0,0.4,0.4,0.0,0.0
c3_w2_tcop_cm1_states_L0.4_kp0_0000_up0_1000_s42,cm1,stageB,0.0,0.0,0.1,,42,13,0.05,1,True,,0.40729600000000005,-0.004712435454631242,-0.012308394472265114,0.0,0.4120577769525597,0.2422661654054742,0.24226616540547424,0.0,0.4120577769525597,0.4120577769525597,0.0,0.0
c3_w2_tcop_cm1_states_L0.4_kp0_0000_up0_1000_s42,cm1,stageB,0.0,0.0,0.1,,42,14,0.1,2,True,,0.411472,-0.000691618156001722,0.006659023098562435,0.0,0.424222038718289,0.24425770058398746,0.2442577005839875,0.0,0.4242220387182889,0.4242220387182889,0.0,0.0
c3_w2_tcop_cm1_states_L0.4_kp0_0000_up0_1000_s42,cm1,stageB,0.0,0.0,0.1,,42,15,0.0,0,False,BLOCK_15_PARTIAL_CYCLE,0.40116799999999997,-0.0035310849437298003,0.014653375465017661,0.0,0.40000000000000013,0.24000000000000005,0.24,0.0,0.4,0.4,0.0,0.0
c3_w2_tcop_cm1_states_L0.4_kp0_0000_up0_1000_s137,cm1,stageB,0.0,0.0,0.1,,137,0,0.0,0,False,PRE_PRIMARY_INCOMPLETE_CYCLE,0.39187200000000005,0.0010954722095620941,0.006332068126432319,0.0,0.40000000000000013,0.24000000000000005,0.24,0.0,0.4,0.4,0.0,0.0
c3_w2_tcop_cm1_states_L0.4_kp0_0000_up0_1000_s137,cm1,stageB,0.0,0.0,0.1,,137,1,0.05,1,False,PRE_PRIMARY_INCOMPLETE_CYCLE,0.40558400000000006,-0.0030376614430390496,-0.014807561032071629,0.0,0.4120577769525597,0.2422661654054742,0.24226616540547424,0.0,0.4120577769525597,0.4120577769525597,0.0,0.0
c3_w2_tcop_cm1_states_L0.4_kp0_0000_up0_1000_s137,cm1,stageB,0.0,0.0,0.1,,137,2,0.1,2,False,PRE_PRIMARY_INCOMPLETE_CYCLE,0.412928,0.0005747443028129636,-0.0034789583385371964,0.0,0.424222038718289,0.24425770058398746,0.2442577005839875,0.0,0.4242220387182889,0.4242220387182889,0.0,0.0
c3_w2_tcop_cm1_states_L0.4_kp0_0000_up0_1000_s137,cm1,stageB,0.0,0.0,0.1,,137,3,0.0,0,True,,0.4014399999999999,0.0013658372160168875,6.348899989594152e-07,0.0,0.40000000000000013,0.24000000000000005,0.24,0.0,0.4,0.4,0.0,0.0
c3_w2_tcop_cm1_states_L0.4_kp0_0000_up0_1000_s137,cm1,stageB,0.0,0.0,0.1,,137,4,0.05,1,True,,0.40577599999999997,0.001534080161147448,-0.019698236829051325,0.0,0.4120577769525597,0.2422661654054742,0.24226616540547424,0.0,0.4120577769525597,0.4120577769525597,0.0,0.0
c3_w2_tcop_cm1_states_L0.4_kp0_0000_up0_1000_s137,cm1,stageB,0.0,0.0,0.1,,137,5,0.1,2,True,,0.41312000000000004,0.0026024005587020537,-6.55780706931618e-05,0.0,0.424222038718289,0.24425770058398746,0.2442577005839875,0.0,0.4242220387182889,0.4242220387182889,0.0,0.0
c3_w2_tcop_cm1_states_L0.4_kp0_0000_up0_1000_s137,cm1,stageB,0.0,0.0,0.1,,137,6,0.0,0,True,,0.40048,0.0022244632461345753,-0.010848395617483082,0.0,0.40000000000000013,0.24000000000000005,0.24,0.0,0.4,0.4,0.0,0.0
c3_w2_tcop_cm1_states_L0.4_kp0_0000_up0_1000_s137,cm1,stageB,0.0,0.0,0.1,,137,7,0.05,1,True,,0.40772800000000003,-0.0006008327724243672,-0.005510406024083413,0.0,0.4120577769525597,0.2422661654054742,0.24226616540547424,0.0,0.4120577769525597,0.4120577769525597,0.0,0.0
c3_w2_tcop_cm1_states_L0.4_kp0_0000_up0_1000_s137,cm1,stageB,0.0,0.0,0.1,,137,8,0.1,2,True,,0.41236799999999996,-0.001109943585815184,-0.00010888930003715978,0.0,0.424222038718289,0.24425770058398746,0.2442577005839875,0.0,0.4242220387182889,0.4242220387182889,0.0,0.0
c3_w2_tcop_cm1_states_L0.4_kp0_0000_up0_1000_s137,cm1,stageB,0.0,0.0,0.1,,137,9,0.0,0,True,,0.39976,0.003931268726280976,0.023540626036736078,0.0,0.40000000000000013,0.24000000000000005,0.24,0.0,0.4,0.4,0.0,0.0
c3_w2_tcop_cm1_states_L0.4_kp0_0000_up0_1000_s137,cm1,stageB,0.0,0.0,0.1,,137,10,0.05,1,True,,0.406912,-0.0016025640854909922,0.012418235434844313,0.0,0.4120577769525597,0.2422661654054742,0.24226616540547424,0.0,0.4120577769525597,0.4120577769525597,0.0,0.0
c3_w2_tcop_cm1_states_L0.4_kp0_0000_up0_1000_s137,cm1,stageB,0.0,0.0,0.1,,137,11,0.1,2,True,,0.41265599999999997,-0.0003026986596460467,0.004189128568692524,0.0,0.424222038718289,0.24425770058398746,0.2442577005839875,0.0,0.4242220387182889,0.4242220387182889,0.0,0.0
c3_w2_tcop_cm1_states_L0.4_kp0_0000_up0_1000_s137,cm1,stageB,0.0,0.0,0.1,,137,12,0.0,0,True,,0.40256000000000003,9.523698970348173e-05,0.0022784018361618383,0.0,0.40000000000000013,0.24000000000000005,0.24,0.0,0.4,0.4,0.0,0.0
c3_w2_tcop_cm1_states_L0.4_kp0_0000_up0_1000_s137,cm1,stageB,0.0,0.0,0.1,,137,13,0.05,1,True,,0.40555199999999997,0.0002087735746972271,-0.006784771314055368,0.0,0.4120577769525597,0.2422661654054742,0.24226616540547424,0.0,0.4120577769525597,0.4120577769525597,0.0,0.0
c3_w2_tcop_cm1_states_L0.4_kp0_0000_up0_1000_s137,cm1,stageB,0.0,0.0,0.1,,137,14,0.1,2,True,,0.415488,0.002796457312166224,0.0033427481568387898,0.0,0.424222038718289,0.24425770058398746,0.2442577005839875,0.0,0.4242220387182889,0.4242220387182889,0.0,0.0
c3_w2_tcop_cm1_states_L0.4_kp0_0000_up0_1000_s137,cm1,stageB,0.0,0.0,0.1,,137,15,0.0,0,False,BLOCK_15_PARTIAL_CYCLE,0.399776,0.00023760167562116878,0.02185713469614993,0.0,0.40000000000000013,0.24000000000000005,0.24,0.0,0.4,0.4,0.0,0.0
c3_w2_tcop_cm1_states_L0.4_kp0_0000_up0_1000_s256,cm1,stageB,0.0,0.0,0.1,,256,0,0.0,0,False,PRE_PRIMARY_INCOMPLETE_CYCLE,0.38835200000000003,0.0022131222870597237,0.0070648303706705535,0.0,0.40000000000000013,0.24000000000000005,0.24,0.0,0.4,0.4,0.0,0.0
c3_w2_tcop_cm1_states_L0.4_kp0_0000_up0_1000_s256,cm1,stageB,0.0,0.0,0.1,,256,1,0.05,1,False,PRE_PRIMARY_INCOMPLETE_CYCLE,0.40816,-0.0029097191464889692,0.006961991814993211,0.0,0.4120577769525597,0.2422661654054742,0.24226616540547424,0.0,0.4120577769525597,0.4120577769525597,0.0,0.0
c3_w2_tcop_cm1_states_L0.4_kp0_0000_up0_1000_s256,cm1,stageB,0.0,0.0,0.1,,256,2,0.1,2,False,PRE_PRIMARY_INCOMPLETE_CYCLE,0.41624,-0.0018554937829615991,-0.0023723577591777943,0.0,0.424222038718289,0.24425770058398746,0.2442577005839875,0.0,0.4242220387182889,0.4242220387182889,0.0,0.0
c3_w2_tcop_cm1_states_L0.4_kp0_0000_up0_1000_s256,cm1,stageB,0.0,0.0,0.1,,256,3,0.0,0,True,,0.4033120000000001,0.00011318989484724877,0.002998228155970345,0.0,0.40000000000000013,0.24000000000000005,0.24,0.0,0.4,0.4,0.0,0.0
c3_w2_tcop_cm1_states_L0.4_kp0_0000_up0_1000_s256,cm1,stageB,0.0,0.0,0.1,,256,4,0.05,1,True,,0.40628800000000004,0.003228419803631225,0.011965315210649214,0.0,0.4120577769525597,0.2422661654054742,0.24226616540547424,0.0,0.4120577769525597,0.4120577769525597,0.0,0.0
c3_w2_tcop_cm1_states_L0.4_kp0_0000_up0_1000_s256,cm1,stageB,0.0,0.0,0.1,,256,5,0.1,2,True,,0.410416,0.0007080904251040461,-0.01883390428597817,0.0,0.424222038718289,0.24425770058398746,0.2442577005839875,0.0,0.4242220387182889,0.4242220387182889,0.0,0.0
c3_w2_tcop_cm1_states_L0.4_kp0_0000_up0_1000_s256,cm1,stageB,0.0,0.0,0.1,,256,6,0.0,0,True,,0.3992319999999999,-0.0047188853208756385,-0.008236429515532682,0.0,0.40000000000000013,0.24000000000000005,0.24,0.0,0.4,0.4,0.0,0.0
c3_w2_tcop_cm1_states_L0.4_kp0_0000_up0_1000_s256,cm1,stageB,0.0,0.0,0.1,,256,7,0.05,1,True,,0.408848,-0.000817874428381392,-0.000623790851590259,0.0,0.4120577769525597,0.2422661654054742,0.24226616540547424,0.0,0.4120577769525597,0.4120577769525597,0.0,0.0
c3_w2_tcop_cm1_states_L0.4_kp0_0000_up0_1000_s256,cm1,stageB,0.0,0.0,0.1,,256,8,0.1,2,True,,0.414784,0.0035637658623070274,-0.00613882106351161,0.0,0.424222038718289,0.24425770058398746,0.2442577005839875,0.0,0.4242220387182889,0.4242220387182889,0.0,0.0
c3_w2_tcop_cm1_states_L0.4_kp0_0000_up0_1000_s256,cm1,stageB,0.0,0.0,0.1,,256,9,0.0,0,True,,0.401584,-0.0024226831143431844,0.0145803111644514,0.0,0.40000000000000013,0.24000000000000005,0.24,0.0,0.4,0.4,0.0,0.0
c3_w2_tcop_cm1_states_L0.4_kp0_0000_up0_1000_s256,cm1,stageB,0.0,0.0,0.1,,256,10,0.05,1,True,,0.40590400000000004,-0.0007724753130009035,-0.007263120514645473,0.0,0.4120577769525597,0.2422661654054742,0.24226616540547424,0.0,0.4120577769525597,0.4120577769525597,0.0,0.0
c3_w2_tcop_cm1_states_L0.4_kp0_0000_up0_1000_s256,cm1,stageB,0.0,0.0,0.1,,256,11,0.1,2,True,,0.413456,-0.0012430920937015991,-0.008286161878578634,0.0,0.424222038718289,0.24425770058398746,0.2442577005839875,0.0,0.4242220387182889,0.4242220387182889,0.0,0.0
c3_w2_tcop_cm1_states_L0.4_kp0_0000_up0_1000_s256,cm1,stageB,0.0,0.0,0.1,,256,12,0.0,0,True,,0.39884800000000004,-0.00265557997973212,0.004280286433073609,0.0,0.40000000000000013,0.24000000000000005,0.24,0.0,0.4,0.4,0.0,0.0
c3_w2_tcop_cm1_states_L0.4_kp0_0000_up0_1000_s256,cm1,stageB,0.0,0.0,0.1,,256,13,0.05,1,True,,0.403776,0.006334500884495902,0.012848490619205765,0.0,0.4120577769525597,0.2422661654054742,0.24226616540547424,0.0,0.4120577769525597,0.4120577769525597,0.0,0.0
c3_w2_tcop_cm1_states_L0.4_kp0_0000_up0_1000_s256,cm1,stageB,0.0,0.0,0.1,,256,14,0.1,2,True,,0.4134080000000001,-0.00430891494146788,0.0033820095895270353,0.0,0.424222038718289,0.24425770058398746,0.2442577005839875,0.0,0.4242220387182889,0.4242220387182889,0.0,0.0
c3_w2_tcop_cm1_states_L0.4_kp0_0000_up0_1000_s256,cm1,stageB,0.0,0.0,0.1,,256,15,0.0,0,False,BLOCK_15_PARTIAL_CYCLE,0.39985600000000004,0.0001286131841376726,0.0009122610905400878,0.0,0.40000000000000013,0.24000000000000005,0.24,0.0,0.4,0.4,0.0,0.0
c3_w2_tcop_cm1_states_L0.4_kp0_0000_up0_1000_s1024,cm1,stageB,0.0,0.0,0.1,,1024,0,0.0,0,False,PRE_PRIMARY_INCOMPLETE_CYCLE,0.3889280000000001,-0.0023705304655709638,-0.0014078919099513609,0.0,0.40000000000000013,0.24000000000000005,0.24,0.0,0.4,0.4,0.0,0.0
c3_w2_tcop_cm1_states_L0.4_kp0_0000_up0_1000_s1024,cm1,stageB,0.0,0.0,0.1,,1024,1,0.05,1,False,PRE_PRIMARY_INCOMPLETE_CYCLE,0.40604799999999996,-7.619818205891083e-05,-0.003454768758774447,0.0,0.4120577769525597,0.2422661654054742,0.24226616540547424,0.0,0.4120577769525597,0.4120577769525597,0.0,0.0
c3_w2_tcop_cm1_states_L0.4_kp0_0000_up0_1000_s1024,cm1,stageB,0.0,0.0,0.1,,1024,2,0.1,2,False,PRE_PRIMARY_INCOMPLETE_CYCLE,0.412624,0.0010327160824195537,0.008243030796533626,0.0,0.424222038718289,0.24425770058398746,0.2442577005839875,0.0,0.4242220387182889,0.4242220387182889,0.0,0.0
c3_w2_tcop_cm1_states_L0.4_kp0_0000_up0_1000_s1024,cm1,stageB,0.0,0.0,0.1,,1024,3,0.0,0,True,,0.40019200000000005,0.0009243324115994822,0.0001294765669810841,0.0,0.40000000000000013,0.24000000000000005,0.24,0.0,0.4,0.4,0.0,0.0
c3_w2_tcop_cm1_states_L0.4_kp0_0000_up0_1000_s1024,cm1,stageB,0.0,0.0,0.1,,1024,4,0.05,1,True,,0.40863999999999995,0.0012735785649487267,-0.0005167273573318471,0.0,0.4120577769525597,0.2422661654054742,0.24226616540547424,0.0,0.4120577769525597,0.4120577769525597,0.0,0.0
c3_w2_tcop_cm1_states_L0.4_kp0_0000_up0_1000_s1024,cm1,stageB,0.0,0.0,0.1,,1024,5,0.1,2,True,,0.41472000000000003,-0.0012000292834077812,-0.007816001792917974,0.0,0.424222038718289,0.24425770058398746,0.2442577005839875,0.0,0.4242220387182889,0.4242220387182889,0.0,0.0
c3_w2_tcop_cm1_states_L0.4_kp0_0000_up0_1000_s1024,cm1,stageB,0.0,0.0,0.1,,1024,6,0.0,0,True,,0.40494399999999997,-0.0023323382091692273,0.004565305215426069,0.0,0.40000000000000013,0.24000000000000005,0.24,0.0,0.4,0.4,0.0,0.0
c3_w2_tcop_cm1_states_L0.4_kp0_0000_up0_1000_s1024,cm1,stageB,0.0,0.0,0.1,,1024,7,0.05,1,True,,0.40331199999999995,0.0013629812846010286,0.020996992188080463,0.0,0.4120577769525597,0.2422661654054742,0.24226616540547424,0.0,0.4120577769525597,0.4120577769525597,0.0,0.0
c3_w2_tcop_cm1_states_L0.4_kp0_0000_up0_1000_s1024,cm1,stageB,0.0,0.0,0.1,,1024,8,0.1,2,True,,0.411152,-0.0006787685740315178,0.01034935190887355,0.0,0.424222038718289,0.24425770058398746,0.2442577005839875,0.0,0.4242220387182889,0.4242220387182889,0.0,0.0
c3_w2_tcop_cm1_states_L0.4_kp0_0000_up0_1000_s1024,cm1,stageB,0.0,0.0,0.1,,1024,9,0.0,0,True,,0.401296,-0.00283256953197672,0.001575427111529011,0.0,0.40000000000000013,0.24000000000000005,0.24,0.0,0.4,0.4,0.0,0.0
c3_w2_tcop_cm1_states_L0.4_kp0_0000_up0_1000_s1024,cm1,stageB,0.0,0.0,0.1,,1024,10,0.05,1,True,,0.40651200000000004,0.0004322697815799402,-0.0076643033256913375,0.0,0.4120577769525597,0.2422661654054742,0.24226616540547424,0.0,0.4120577769525597,0.4120577769525597,0.0,0.0
c3_w2_tcop_cm1_states_L0.4_kp0_0000_up0_1000_s1024,cm1,stageB,0.0,0.0,0.1,,1024,11,0.1,2,True,,0.4128,2.565336395908245e-05,0.007278874016834555,0.0,0.424222038718289,0.24425770058398746,0.2442577005839875,0.0,0.4242220387182889,0.4242220387182889,0.0,0.0
c3_w2_tcop_cm1_states_L0.4_kp0_0000_up0_1000_s1024,cm1,stageB,0.0,0.0,0.1,,1024,12,0.0,0,True,,0.39912,-0.0010339153202904023,-0.013176672987820376,0.0,0.40000000000000013,0.24000000000000005,0.24,0.0,0.4,0.4,0.0,0.0
c3_w2_tcop_cm1_states_L0.4_kp0_0000_up0_1000_s1024,cm1,stageB,0.0,0.0,0.1,,1024,13,0.05,1,True,,0.408416,-0.0016231069635525997,-0.025714595303942232,0.0,0.4120577769525597,0.2422661654054742,0.24226616540547424,0.0,0.4120577769525597,0.4120577769525597,0.0,0.0
c3_w2_tcop_cm1_states_L0.4_kp0_0000_up0_1000_s1024,cm1,stageB,0.0,0.0,0.1,,1024,14,0.1,2,True,,0.41608000000000006,-0.0010785767971779516,-0.0009198757682107301,0.0,0.424222038718289,0.24425770058398746,0.2442577005839875,0.0,0.4242220387182889,0.4242220387182889,0.0,0.0
c3_w2_tcop_cm1_states_L0.4_kp0_0000_up0_1000_s1024,cm1,stageB,0.0,0.0,0.1,,1024,15,0.0,0,False,BLOCK_15_PARTIAL_CYCLE,0.400336,0.0004478600112281531,-0.005350823537358909,0.0,0.40000000000000013,0.24000000000000005,0.24,0.0,0.4,0.4,0.0,0.0
c3_w2_tcop_cm1_states_L0.4_kp0_0000_up0_1000_s31415,cm1,stageB,0.0,0.0,0.1,,31415,0,0.0,0,False,PRE_PRIMARY_INCOMPLETE_CYCLE,0.383232,-0.003963088325734896,0.01908886658358813,0.0,0.40000000000000013,0.24000000000000005,0.24,0.0,0.4,0.4,0.0,0.0
c3_w2_tcop_cm1_states_L0.4_kp0_0000_up0_1000_s31415,cm1,stageB,0.0,0.0,0.1,,31415,1,0.05,1,False,PRE_PRIMARY_INCOMPLETE_CYCLE,0.40432,-0.00014232088339095807,0.007531322403285093,0.0,0.4120577769525597,0.2422661654054742,0.24226616540547424,0.0,0.4120577769525597,0.4120577769525597,0.0,0.0
c3_w2_tcop_cm1_states_L0.4_kp0_0000_up0_1000_s31415,cm1,stageB,0.0,0.0,0.1,,31415,2,0.1,2,False,PRE_PRIMARY_INCOMPLETE_CYCLE,0.41476799999999997,0.0003632051539627848,-0.008209606070294202,0.0,0.424222038718289,0.24425770058398746,0.2442577005839875,0.0,0.4242220387182889,0.4242220387182889,0.0,0.0
c3_w2_tcop_cm1_states_L0.4_kp0_0000_up0_1000_s31415,cm1,stageB,0.0,0.0,0.1,,31415,3,0.0,0,True,,0.39907200000000004,-0.001740454078512742,-0.002243583084324428,0.0,0.40000000000000013,0.24000000000000005,0.24,0.0,0.4,0.4,0.0,0.0
c3_w2_tcop_cm1_states_L0.4_kp0_0000_up0_1000_s31415,cm1,stageB,0.0,0.0,0.1,,31415,4,0.05,1,True,,0.406688,4.908366901491476e-06,-0.015244170244574218,0.0,0.4120577769525597,0.2422661654054742,0.24226616540547424,0.0,0.4120577769525597,0.4120577769525597,0.0,0.0
c3_w2_tcop_cm1_states_L0.4_kp0_0000_up0_1000_s31415,cm1,stageB,0.0,0.0,0.1,,31415,5,0.1,2,True,,0.41185599999999994,0.0024197012618421498,0.006911014934789828,0.0,0.424222038718289,0.24425770058398746,0.2442577005839875,0.0,0.4242220387182889,0.4242220387182889,0.0,0.0
c3_w2_tcop_cm1_states_L0.4_kp0_0000_up0_1000_s31415,cm1,stageB,0.0,0.0,0.1,,31415,6,0.0,0,True,,0.39974399999999993,0.00042957265095705825,-0.0065307813792352875,0.0,0.40000000000000013,0.24000000000000005,0.24,0.0,0.4,0.4,0.0,0.0
c3_w2_tcop_cm1_states_L0.4_kp0_0000_up0_1000_s31415,cm1,stageB,0.0,0.0,0.1,,31415,7,0.05,1,True,,0.40588799999999997,-0.0025419213835004935,-0.00825907445806509,0.0,0.4120577769525597,0.2422661654054742,0.24226616540547424,0.0,0.4120577769525597,0.4120577769525597,0.0,0.0
c3_w2_tcop_cm1_states_L0.4_kp0_0000_up0_1000_s31415,cm1,stageB,0.0,0.0,0.1,,31415,8,0.1,2,True,,0.412848,0.002891747320007312,0.004788769642645689,0.0,0.424222038718289,0.24425770058398746,0.2442577005839875,0.0,0.4242220387182889,0.4242220387182889,0.0,0.0
c3_w2_tcop_cm1_states_L0.4_kp0_0000_up0_1000_s31415,cm1,stageB,0.0,0.0,0.1,,31415,9,0.0,0,True,,0.397648,-0.0008988119600600136,-0.003389943010654528,0.0,0.40000000000000013,0.24000000000000005,0.24,0.0,0.4,0.4,0.0,0.0
c3_w2_tcop_cm1_states_L0.4_kp0_0000_up0_1000_s31415,cm1,stageB,0.0,0.0,0.1,,31415,10,0.05,1,True,,0.40803200000000006,0.0002259490974014565,0.00699029923082149,0.0,0.4120577769525597,0.2422661654054742,0.24226616540547424,0.0,0.4120577769525597,0.4120577769525597,0.0,0.0
c3_w2_tcop_cm1_states_L0.4_kp0_0000_up0_1000_s31415,cm1,stageB,0.0,0.0,0.1,,31415,11,0.1,2,True,,0.41176,0.0033507908297554425,-0.0036686290163742506,0.0,0.424222038718289,0.24425770058398746,0.2442577005839875,0.0,0.4242220387182889,0.4242220387182889,0.0,0.0
c3_w2_tcop_cm1_states_L0.4_kp0_0000_up0_1000_s31415,cm1,stageB,0.0,0.0,0.1,,31415,12,0.0,0,True,,0.40041600000000005,-0.0036339020486226025,0.0067642419257680116,0.0,0.40000000000000013,0.24000000000000005,0.24,0.0,0.4,0.4,0.0,0.0
c3_w2_tcop_cm1_states_L0.4_kp0_0000_up0_1000_s31415,cm1,stageB,0.0,0.0,0.1,,31415,13,0.05,1,True,,0.407856,-0.0049127033663931,-0.011965610570021342,0.0,0.4120577769525597,0.2422661654054742,0.24226616540547424,0.0,0.4120577769525597,0.4120577769525597,0.0,0.0
c3_w2_tcop_cm1_states_L0.4_kp0_0000_up0_1000_s31415,cm1,stageB,0.0,0.0,0.1,,31415,14,0.1,2,True,,0.41144,0.0003718511396422227,-0.0004358604157018724,0.0,0.424222038718289,0.24425770058398746,0.2442577005839875,0.0,0.4242220387182889,0.4242220387182889,0.0,0.0
c3_w2_tcop_cm1_states_L0.4_kp0_0000_up0_1000_s31415,cm1,stageB,0.0,0.0,0.1,,31415,15,0.0,0,False,BLOCK_15_PARTIAL_CYCLE,0.40414399999999995,-0.0012977146283132206,-0.010622469785936551,0.0,0.40000000000000013,0.24000000000000005,0.24,0.0,0.4,0.4,0.0,0.0
c3_w2_tcop_cm1_states_L0.4_kp0_0000_up0_2500_s42,cm1,stageB,0.0,0.0,0.25,,42,0,0.0,0,False,PRE_PRIMARY_INCOMPLETE_CYCLE,0.38659200000000005,0.0005905724338133676,0.006481538201895997,0.0,0.40000000000000013,0.24000000000000005,0.24,0.0,0.4,0.4,0.0,0.0
c3_w2_tcop_cm1_states_L0.4_kp0_0000_up0_2500_s42,cm1,stageB,0.0,0.0,0.25,,42,1,0.125,1,False,PRE_PRIMARY_INCOMPLETE_CYCLE,0.41566400000000003,-0.0033364412332645716,-0.012642647837526508,0.0,0.43033975230186866,0.2451474498906349,0.24514744989063494,0.0,0.43033975230186855,0.43033975230186855,0.0,0.0
c3_w2_tcop_cm1_states_L0.4_kp0_0000_up0_2500_s42,cm1,stageB,0.0,0.0,0.25,,42,2,0.25,2,False,PRE_PRIMARY_INCOMPLETE_CYCLE,0.43176000000000003,1.3079548840484387e-07,-0.0010356684493098183,0.0,0.46121181544936984,0.2484954767392663,0.24849547673926622,0.0,0.4612118154493698,0.4612118154493698,0.0,0.0
c3_w2_tcop_cm1_states_L0.4_kp0_0000_up0_2500_s42,cm1,stageB,0.0,0.0,0.25,,42,3,0.0,0,True,,0.40212800000000004,-0.0004887212717217701,-0.01972574398371278,0.0,0.40000000000000013,0.24000000000000005,0.24,0.0,0.4,0.4,0.0,0.0
c3_w2_tcop_cm1_states_L0.4_kp0_0000_up0_2500_s42,cm1,stageB,0.0,0.0,0.25,,42,4,0.125,1,True,,0.4168,0.0024990144947048187,-0.0038239588402975717,0.0,0.43033975230186866,0.2451474498906349,0.24514744989063494,0.0,0.43033975230186855,0.43033975230186855,0.0,0.0
c3_w2_tcop_cm1_states_L0.4_kp0_0000_up0_2500_s42,cm1,stageB,0.0,0.0,0.25,,42,5,0.25,2,True,,0.436832,0.0004125842893766106,-0.00491740665912387,0.0,0.46121181544936984,0.2484954767392663,0.24849547673926622,0.0,0.4612118154493698,0.4612118154493698,0.0,0.0
c3_w2_tcop_cm1_states_L0.4_kp0_0000_up0_2500_s42,cm1,stageB,0.0,0.0,0.25,,42,6,0.0,0,True,,0.400032,-0.0013450212735362222,-0.006809573641102592,0.0,0.40000000000000013,0.24000000000000005,0.24,0.0,0.4,0.4,0.0,0.0
c3_w2_tcop_cm1_states_L0.4_kp0_0000_up0_2500_s42,cm1,stageB,0.0,0.0,0.25,,42,7,0.125,1,True,,0.41728000000000004,-0.00010801063137526753,-0.0025437779029951063,0.0,0.43033975230186866,0.2451474498906349,0.24514744989063494,0.0,0.43033975230186855,0.43033975230186855,0.0,0.0
c3_w2_tcop_cm1_states_L0.4_kp0_0000_up0_2500_s42,cm1,stageB,0.0,0.0,0.25,,42,8,0.25,2,True,,0.433568,-0.0010743519895404419,0.004564279530452864,0.0,0.46121181544936984,0.2484954767392663,0.24849547673926622,0.0,0.4612118154493698,0.4612118154493698,0.0,0.0
c3_w2_tcop_cm1_states_L0.4_kp0_0000_up0_2500_s42,cm1,stageB,0.0,0.0,0.25,,42,9,0.0,0,True,,0.402288,0.0006267624592751811,0.019504939974912143,0.0,0.40000000000000013,0.24000000000000005,0.24,0.0,0.4,0.4,0.0,0.0
c3_w2_tcop_cm1_states_L0.4_kp0_0000_up0_2500_s42,cm1,stageB,0.0,0.0,0.25,,42,10,0.125,1,True,,0.415808,0.0012163183050340229,-0.003945570477919445,0.0,0.43033975230186866,0.2451474498906349,0.24514744989063494,0.0,0.43033975230186855,0.43033975230186855,0.0,0.0
c3_w2_tcop_cm1_states_L0.4_kp0_0000_up0_2500_s42,cm1,stageB,0.0,0.0,0.25,,42,11,0.25,2,True,,0.43116800000000005,0.00037049106998905673,-0.011914270329418122,0.0,0.46121181544936984,0.2484954767392663,0.24849547673926622,0.0,0.4612118154493698,0.4612118154493698,0.0,0.0
c3_w2_tcop_cm1_states_L0.4_kp0_0000_up0_2500_s42,cm1,stageB,0.0,0.0,0.25,,42,12,0.0,0,True,,0.404064,0.0006987174087962928,0.004662869876106364,0.0,0.40000000000000013,0.24000000000000005,0.24,0.0,0.4,0.4,0.0,0.0
c3_w2_tcop_cm1_states_L0.4_kp0_0000_up0_2500_s42,cm1,stageB,0.0,0.0,0.25,,42,13,0.125,1,True,,0.41696,-0.0051089774731989815,-0.015183763763428247,0.0,0.43033975230186866,0.2451474498906349,0.24514744989063494,0.0,0.43033975230186855,0.43033975230186855,0.0,0.0
c3_w2_tcop_cm1_states_L0.4_kp0_0000_up0_2500_s42,cm1,stageB,0.0,0.0,0.25,,42,14,0.25,2,True,,0.432736,-0.0002514515845305397,0.008281211191322484,0.0,0.46121181544936984,0.2484954767392663,0.24849547673926622,0.0,0.4612118154493698,0.4612118154493698,0.0,0.0
c3_w2_tcop_cm1_states_L0.4_kp0_0000_up0_2500_s42,cm1,stageB,0.0,0.0,0.25,,42,15,0.0,0,False,BLOCK_15_PARTIAL_CYCLE,0.40211199999999997,-0.0034057576906508665,0.014399891460222657,0.0,0.40000000000000013,0.24000000000000005,0.24,0.0,0.4,0.4,0.0,0.0
c3_w2_tcop_cm1_states_L0.4_kp0_0000_up0_2500_s137,cm1,stageB,0.0,0.0,0.25,,137,0,0.0,0,False,PRE_PRIMARY_INCOMPLETE_CYCLE,0.39187200000000005,0.0010954722095620941,0.006332068126432319,0.0,0.40000000000000013,0.24000000000000005,0.24,0.0,0.4,0.4,0.0,0.0
c3_w2_tcop_cm1_states_L0.4_kp0_0000_up0_2500_s137,cm1,stageB,0.0,0.0,0.25,,137,1,0.125,1,False,PRE_PRIMARY_INCOMPLETE_CYCLE,0.415952,-0.002791118353514297,-0.01291943728027552,0.0,0.43033975230186866,0.2451474498906349,0.24514744989063494,0.0,0.43033975230186855,0.43033975230186855,0.0,0.0
c3_w2_tcop_cm1_states_L0.4_kp0_0000_up0_2500_s137,cm1,stageB,0.0,0.0,0.25,,137,2,0.25,2,False,PRE_PRIMARY_INCOMPLETE_CYCLE,0.43351999999999996,0.001040391037068106,-0.001770732204176958,0.0,0.46121181544936984,0.2484954767392663,0.24849547673926622,0.0,0.4612118154493698,0.4612118154493698,0.0,0.0
c3_w2_tcop_cm1_states_L0.4_kp0_0000_up0_2500_s137,cm1,stageB,0.0,0.0,0.25,,137,3,0.0,0,True,,0.402016,0.0012551324798780056,0.00037511008637933636,0.0,0.40000000000000013,0.24000000000000005,0.24,0.0,0.4,0.4,0.0,0.0
c3_w2_tcop_cm1_states_L0.4_kp0_0000_up0_2500_s137,cm1,stageB,0.0,0.0,0.25,,137,4,0.125,1,True,,0.41633600000000004,0.001847834672780584,-0.02210314739091628,0.0,0.43033975230186866,0.2451474498906349,0.24514744989063494,0.0,0.43033975230186855,0.43033975230186855,0.0,0.0
c3_w2_tcop_cm1_states_L0.4_kp0_0000_up0_2500_s137,cm1,stageB,0.0,0.0,0.25,,137,5,0.25,2,True,,0.433296,0.0029047519227438936,-0.0010329390044728117,0.0,0.46121181544936984,0.2484954767392663,0.24849547673926622,0.0,0.4612118154493698,0.4612118154493698,0.0,0.0
c3_w2_tcop_cm1_states_L0.4_kp0_0000_up0_2500_s137,cm1,stageB,0.0,0.0,0.25,,137,6,0.0,0,True,,0.401344,0.0024102930309198313,-0.010843908508640417,0.0,0.40000000000000013,0.24000000000000005,0.24,0.0,0.4,0.4,0.0,0.0
c3_w2_tcop_cm1_states_L0.4_kp0_0000_up0_2500_s137,cm1,stageB,0.0,0.0,0.25,,137,7,0.125,1,True,,0.41759999999999997,-8.121117612620743e-05,-0.0035237641291025437,0.0,0.43033975230186866,0.2451474498906349,0.24514744989063494,0.0,0.43033975230186855,0.43033975230186855,0.0,0.0
c3_w2_tcop_cm1_states_L0.4_kp0_0000_up0_2500_s137,cm1,stageB,0.0,0.0,0.25,,137,8,0.25,2,True,,0.432784,0.00024008764182927662,0.0010092138034297037,0.0,0.46121181544936984,0.2484954767392663,0.24849547673926622,0.0,0.4612118154493698,0.4612118154493698,0.0,0.0
c3_w2_tcop_cm1_states_L0.4_kp0_0000_up0_2500_s137,cm1,stageB,0.0,0.0,0.25,,137,9,0.0,0,True,,0.40048,0.003753884819876184,0.024193784794305527,0.0,0.40000000000000013,0.24000000000000005,0.24,0.0,0.4,0.4,0.0,0.0
c3_w2_tcop_cm1_states_L0.4_kp0_0000_up0_2500_s137,cm1,stageB,0.0,0.0,0.25,,137,10,0.125,1,True,,0.41679999999999995,-0.0018635698773233282,0.010164111568852571,0.0,0.43033975230186866,0.2451474498906349,0.24514744989063494,0.0,0.43033975230186855,0.43033975230186855,0.0,0.0
c3_w2_tcop_cm1_states_L0.4_kp0_0000_up0_2500_s137,cm1,stageB,0.0,0.0,0.25,,137,11,0.25,2,True,,0.43272,-0.0004600992532738124,0.0031415283228178725,0.0,0.46121181544936984,0.2484954767392663,0.24849547673926622,0.0,0.4612118154493698,0.4612118154493698,0.0,0.0
c3_w2_tcop_cm1_states_L0.4_kp0_0000_up0_2500_s137,cm1,stageB,0.0,0.0,0.25,,137,12,0.0,0,True,,0.403424,5.173792667438518e-05,0.0030456086833078157,0.0,0.40000000000000013,0.24000000000000005,0.24,0.0,0.4,0.4,0.0,0.0
c3_w2_tcop_cm1_states_L0.4_kp0_0000_up0_2500_s137,cm1,stageB,0.0,0.0,0.25,,137,13,0.125,1,True,,0.41513599999999995,-0.00039537309402313316,-0.009865047889283012,0.0,0.43033975230186866,0.2451474498906349,0.24514744989063494,0.0,0.43033975230186855,0.43033975230186855,0.0,0.0
c3_w2_tcop_cm1_states_L0.4_kp0_0000_up0_2500_s137,cm1,stageB,0.0,0.0,0.25,,137,14,0.25,2,True,,0.43448,0.0029711264161665623,0.004402692438099846,0.0,0.46121181544936984,0.2484954767392663,0.24849547673926622,0.0,0.4612118154493698,0.4612118154493698,0.0,0.0
c3_w2_tcop_cm1_states_L0.4_kp0_0000_up0_2500_s137,cm1,stageB,0.0,0.0,0.25,,137,15,0.0,0,False,BLOCK_15_PARTIAL_CYCLE,0.40046400000000004,0.00031134819511101976,0.02393003412207539,0.0,0.40000000000000013,0.24000000000000005,0.24,0.0,0.4,0.4,0.0,0.0
c3_w2_tcop_cm1_states_L0.4_kp0_0000_up0_2500_s256,cm1,stageB,0.0,0.0,0.25,,256,0,0.0,0,False,PRE_PRIMARY_INCOMPLETE_CYCLE,0.38835200000000003,0.0022131222870597237,0.0070648303706705535,0.0,0.40000000000000013,0.24000000000000005,0.24,0.0,0.4,0.4,0.0,0.0
c3_w2_tcop_cm1_states_L0.4_kp0_0000_up0_2500_s256,cm1,stageB,0.0,0.0,0.25,,256,1,0.125,1,False,PRE_PRIMARY_INCOMPLETE_CYCLE,0.418512,-0.003373809681078518,0.00021742705445324613,0.0,0.43033975230186866,0.2451474498906349,0.24514744989063494,0.0,0.43033975230186855,0.43033975230186855,0.0,0.0
c3_w2_tcop_cm1_states_L0.4_kp0_0000_up0_2500_s256,cm1,stageB,0.0,0.0,0.25,,256,2,0.25,2,False,PRE_PRIMARY_INCOMPLETE_CYCLE,0.43593599999999993,-0.001075470426183414,-0.0008117652600767741,0.0,0.46121181544936984,0.2484954767392663,0.24849547673926622,0.0,0.4612118154493698,0.4612118154493698,0.0,0.0
c3_w2_tcop_cm1_states_L0.4_kp0_0000_up0_2500_s256,cm1,stageB,0.0,0.0,0.25,,256,3,0.0,0,True,,0.4040480000000001,5.869596814070208e-05,0.0016070585359722236,0.0,0.40000000000000013,0.24000000000000005,0.24,0.0,0.4,0.4,0.0,0.0
c3_w2_tcop_cm1_states_L0.4_kp0_0000_up0_2500_s256,cm1,stageB,0.0,0.0,0.25,,256,4,0.125,1,True,,0.41598399999999996,0.0035169333806558878,0.015291781680006123,0.0,0.43033975230186866,0.2451474498906349,0.24514744989063494,0.0,0.43033975230186855,0.43033975230186855,0.0,0.0
c3_w2_tcop_cm1_states_L0.4_kp0_0000_up0_2500_s256,cm1,stageB,0.0,0.0,0.25,,256,5,0.25,2,True,,0.43067199999999994,0.001105236701298723,-0.025561775205842054,0.0,0.46121181544936984,0.2484954767392663,0.24849547673926622,0.0,0.4612118154493698,0.4612118154493698,0.0,0.0
c3_w2_tcop_cm1_states_L0.4_kp0_0000_up0_2500_s256,cm1,stageB,0.0,0.0,0.25,,256,6,0.0,0,True,,0.400128,-0.004660961555682716,-0.007271260457217249,0.0,0.40000000000000013,0.24000000000000005,0.24,0.0,0.4,0.4,0.0,0.0
c3_w2_tcop_cm1_states_L0.4_kp0_0000_up0_2500_s256,cm1,stageB,0.0,0.0,0.25,,256,7,0.125,1,True,,0.41809599999999997,-0.000950917394378969,0.0012302011526082004,0.0,0.43033975230186866,0.2451474498906349,0.24514744989063494,0.0,0.43033975230186855,0.43033975230186855,0.0,0.0
c3_w2_tcop_cm1_states_L0.4_kp0_0000_up0_2500_s256,cm1,stageB,0.0,0.0,0.25,,256,8,0.25,2,True,,0.434896,0.0037721923517462243,-0.009894721539835536,0.0,0.46121181544936984,0.2484954767392663,0.24849547673926622,0.0,0.4612118154493698,0.4612118154493698,0.0,0.0
c3_w2_tcop_cm1_states_L0.4_kp0_0000_up0_2500_s256,cm1,stageB,0.0,0.0,0.25,,256,9,0.0,0,True,,0.40233599999999997,-0.002525234626266159,0.014489754512556092,0.0,0.40000000000000013,0.24000000000000005,0.24,0.0,0.4,0.4,0.0,0.0
c3_w2_tcop_cm1_states_L0.4_kp0_0000_up0_2500_s256,cm1,stageB,0.0,0.0,0.25,,256,10,0.125,1,True,,0.4169439999999999,-0.0013501955713135776,-0.002987732978424043,0.0,0.43033975230186866,0.2451474498906349,0.24514744989063494,0.0,0.43033975230186855,0.43033975230186855,0.0,0.0
c3_w2_tcop_cm1_states_L0.4_kp0_0000_up0_2500_s256,cm1,stageB,0.0,0.0,0.25,,256,11,0.25,2,True,,0.4342080000000001,-0.0006513995376038463,-0.003967307350880113,0.0,0.46121181544936984,0.2484954767392663,0.24849547673926622,0.0,0.4612118154493698,0.4612118154493698,0.0,0.0
c3_w2_tcop_cm1_states_L0.4_kp0_0000_up0_2500_s256,cm1,stageB,0.0,0.0,0.25,,256,12,0.0,0,True,,0.399808,-0.0030616076083908443,0.0036368878874491186,0.0,0.40000000000000013,0.24000000000000005,0.24,0.0,0.4,0.4,0.0,0.0
c3_w2_tcop_cm1_states_L0.4_kp0_0000_up0_2500_s256,cm1,stageB,0.0,0.0,0.25,,256,13,0.125,1,True,,0.41433600000000004,0.005955495901209996,0.012728519419257291,0.0,0.43033975230186866,0.2451474498906349,0.24514744989063494,0.0,0.43033975230186855,0.43033975230186855,0.0,0.0
c3_w2_tcop_cm1_states_L0.4_kp0_0000_up0_2500_s256,cm1,stageB,0.0,0.0,0.25,,256,14,0.25,2,True,,0.43294399999999994,-0.004429986741513479,0.009139566756410668,0.0,0.46121181544936984,0.2484954767392663,0.24849547673926622,0.0,0.4612118154493698,0.4612118154493698,0.0,0.0
c3_w2_tcop_cm1_states_L0.4_kp0_0000_up0_2500_s256,cm1,stageB,0.0,0.0,0.25,,256,15,0.0,0,False,BLOCK_15_PARTIAL_CYCLE,0.40068800000000004,0.00036586405805016616,0.0006365093421786403,0.0,0.40000000000000013,0.24000000000000005,0.24,0.0,0.4,0.4,0.0,0.0
c3_w2_tcop_cm1_states_L0.4_kp0_0000_up0_2500_s1024,cm1,stageB,0.0,0.0,0.25,,1024,0,0.0,0,False,PRE_PRIMARY_INCOMPLETE_CYCLE,0.3889280000000001,-0.0023705304655709638,-0.0014078919099513609,0.0,0.40000000000000013,0.24000000000000005,0.24,0.0,0.4,0.4,0.0,0.0
c3_w2_tcop_cm1_states_L0.4_kp0_0000_up0_2500_s1024,cm1,stageB,0.0,0.0,0.25,,1024,1,0.125,1,False,PRE_PRIMARY_INCOMPLETE_CYCLE,0.416224,-0.00019204825903553039,-0.004470267038839183,0.0,0.43033975230186866,0.2451474498906349,0.24514744989063494,0.0,0.43033975230186855,0.43033975230186855,0.0,0.0
c3_w2_tcop_cm1_states_L0.4_kp0_0000_up0_2500_s1024,cm1,stageB,0.0,0.0,0.25,,1024,2,0.25,2,False,PRE_PRIMARY_INCOMPLETE_CYCLE,0.43257599999999996,0.00021394604278689486,0.005621644694870209,0.0,0.46121181544936984,0.2484954767392663,0.24849547673926622,0.0,0.4612118154493698,0.4612118154493698,0.0,0.0
c3_w2_tcop_cm1_states_L0.4_kp0_0000_up0_2500_s1024,cm1,stageB,0.0,0.0,0.25,,1024,3,0.0,0,True,,0.40080000000000005,0.0007241460799892904,-0.0010677344010677327,0.0,0.40000000000000013,0.24000000000000005,0.24,0.0,0.4,0.4,0.0,0.0
c3_w2_tcop_cm1_states_L0.4_kp0_0000_up0_2500_s1024,cm1,stageB,0.0,0.0,0.25,,1024,4,0.125,1,True,,0.418512,0.0007380336047222669,-0.001077809213686186,0.0,0.43033975230186866,0.2451474498906349,0.24514744989063494,0.0,0.43033975230186855,0.43033975230186855,0.0,0.0
c3_w2_tcop_cm1_states_L0.4_kp0_0000_up0_2500_s1024,cm1,stageB,0.0,0.0,0.25,,1024,5,0.25,2,True,,0.434368,-0.0015781652248003512,-0.003516089604766446,0.0,0.46121181544936984,0.2484954767392663,0.24849547673926622,0.0,0.4612118154493698,0.4612118154493698,0.0,0.0
c3_w2_tcop_cm1_states_L0.4_kp0_0000_up0_2500_s1024,cm1,stageB,0.0,0.0,0.25,,1024,6,0.0,0,True,,0.40574400000000005,-0.0022894518541323795,0.004432005412829874,0.0,0.40000000000000013,0.24000000000000005,0.24,0.0,0.4,0.4,0.0,0.0
c3_w2_tcop_cm1_states_L0.4_kp0_0000_up0_2500_s1024,cm1,stageB,0.0,0.0,0.25,,1024,7,0.125,1,True,,0.413616,0.0010321950397626683,0.020665103874868505,0.0,0.43033975230186866,0.2451474498906349,0.24514744989063494,0.0,0.43033975230186855,0.43033975230186855,0.0,0.0
c3_w2_tcop_cm1_states_L0.4_kp0_0000_up0_2500_s1024,cm1,stageB,0.0,0.0,0.25,,1024,8,0.25,2,True,,0.43065600000000004,-0.0007002573262319128,0.004285564711911539,0.0,0.46121181544936984,0.2484954767392663,0.24849547673926622,0.0,0.4612118154493698,0.4612118154493698,0.0,0.0
c3_w2_tcop_cm1_states_L0.4_kp0_0000_up0_2500_s1024,cm1,stageB,0.0,0.0,0.25,,1024,9,0.0,0,True,,0.401904,-0.00269159061338564,0.0011229658050577022,0.0,0.40000000000000013,0.24000000000000005,0.24,0.0,0.4,0.4,0.0,0.0
c3_w2_tcop_cm1_states_L0.4_kp0_0000_up0_2500_s1024,cm1,stageB,0.0,0.0,0.25,,1024,10,0.125,1,True,,0.416464,0.00046720348855246565,-0.006547664226676132,0.0,0.43033975230186866,0.2451474498906349,0.24514744989063494,0.0,0.43033975230186855,0.43033975230186855,0.0,0.0
c3_w2_tcop_cm1_states_L0.4_kp0_0000_up0_2500_s1024,cm1,stageB,0.0,0.0,0.25,,1024,11,0.25,2,True,,0.4333919999999999,0.0009355736822160792,0.006561986552091205,0.0,0.46121181544936984,0.2484954767392663,0.24849547673926622,0.0,0.4612118154493698,0.4612118154493698,0.0,0.0
c3_w2_tcop_cm1_states_L0.4_kp0_0000_up0_2500_s1024,cm1,stageB,0.0,0.0,0.25,,1024,12,0.0,0,True,,0.39990400000000004,-0.001063523323933835,-0.013035110703143922,0.0,0.40000000000000013,0.24000000000000005,0.24,0.0,0.4,0.4,0.0,0.0
c3_w2_tcop_cm1_states_L0.4_kp0_0000_up0_2500_s1024,cm1,stageB,0.0,0.0,0.25,,1024,13,0.125,1,True,,0.418752,-0.0018777924879735807,-0.024923417109913897,0.0,0.43033975230186866,0.2451474498906349,0.24514744989063494,0.0,0.43033975230186855,0.43033975230186855,0.0,0.0
c3_w2_tcop_cm1_states_L0.4_kp0_0000_up0_2500_s1024,cm1,stageB,0.0,0.0,0.25,,1024,14,0.25,2,True,,0.436384,-0.00042636742994287794,0.00314754126730206,0.0,0.46121181544936984,0.2484954767392663,0.24849547673926622,0.0,0.4612118154493698,0.4612118154493698,0.0,0.0
c3_w2_tcop_cm1_states_L0.4_kp0_0000_up0_2500_s1024,cm1,stageB,0.0,0.0,0.25,,1024,15,0.0,0,False,BLOCK_15_PARTIAL_CYCLE,0.40110399999999996,0.0004577756801691123,-0.0047159335021965,0.0,0.40000000000000013,0.24000000000000005,0.24,0.0,0.4,0.4,0.0,0.0
c3_w2_tcop_cm1_states_L0.4_kp0_0000_up0_2500_s31415,cm1,stageB,0.0,0.0,0.25,,31415,0,0.0,0,False,PRE_PRIMARY_INCOMPLETE_CYCLE,0.383232,-0.003963088325734896,0.01908886658358813,0.0,0.40000000000000013,0.24000000000000005,0.24,0.0,0.4,0.4,0.0,0.0
c3_w2_tcop_cm1_states_L0.4_kp0_0000_up0_2500_s31415,cm1,stageB,0.0,0.0,0.25,,31415,1,0.125,1,False,PRE_PRIMARY_INCOMPLETE_CYCLE,0.41432,0.00011049742346380797,0.006538020226776393,0.0,0.43033975230186866,0.2451474498906349,0.24514744989063494,0.0,0.43033975230186855,0.43033975230186855,0.0,0.0
c3_w2_tcop_cm1_states_L0.4_kp0_0000_up0_2500_s31415,cm1,stageB,0.0,0.0,0.25,,31415,2,0.25,2,False,PRE_PRIMARY_INCOMPLETE_CYCLE,0.433904,0.0006389295149897086,-0.009801059357359195,0.0,0.46121181544936984,0.2484954767392663,0.24849547673926622,0.0,0.4612118154493698,0.4612118154493698,0.0,0.0
c3_w2_tcop_cm1_states_L0.4_kp0_0000_up0_2500_s31415,cm1,stageB,0.0,0.0,0.25,,31415,3,0.0,0,True,,0.399936,-0.0018833213495096745,-0.0024731809869706868,0.0,0.40000000000000013,0.24000000000000005,0.24,0.0,0.4,0.4,0.0,0.0
c3_w2_tcop_cm1_states_L0.4_kp0_0000_up0_2500_s31415,cm1,stageB,0.0,0.0,0.25,,31415,4,0.125,1,True,,0.416432,0.0002722795134213322,-0.01576925094284232,0.0,0.43033975230186866,0.2451474498906349,0.24514744989063494,0.0,0.43033975230186855,0.43033975230186855,0.0,0.0
c3_w2_tcop_cm1_states_L0.4_kp0_0000_up0_2500_s31415,cm1,stageB,0.0,0.0,0.25,,31415,5,0.25,2,True,,0.43112,0.0019202753782102807,0.009906598478707828,0.0,0.46121181544936984,0.2484954767392663,0.24849547673926622,0.0,0.4612118154493698,0.4612118154493698,0.0,0.0
c3_w2_tcop_cm1_states_L0.4_kp0_0000_up0_2500_s31415,cm1,stageB,0.0,0.0,0.25,,31415,6,0.0,0,True,,0.400704,0.0006134884641411639,-0.0059666543301095465,0.0,0.40000000000000013,0.24000000000000005,0.24,0.0,0.4,0.4,0.0,0.0
c3_w2_tcop_cm1_states_L0.4_kp0_0000_up0_2500_s31415,cm1,stageB,0.0,0.0,0.25,,31415,7,0.125,1,True,,0.41633600000000004,-0.0031664460706367424,-0.007257546046262779,0.0,0.43033975230186866,0.2451474498906349,0.24514744989063494,0.0,0.43033975230186855,0.43033975230186855,0.0,0.0
c3_w2_tcop_cm1_states_L0.4_kp0_0000_up0_2500_s31415,cm1,stageB,0.0,0.0,0.25,,31415,8,0.25,2,True,,0.433536,0.003307843829435137,0.0046178894436037145,0.0,0.46121181544936984,0.2484954767392663,0.24849547673926622,0.0,0.4612118154493698,0.4612118154493698,0.0,0.0
c3_w2_tcop_cm1_states_L0.4_kp0_0000_up0_2500_s31415,cm1,stageB,0.0,0.0,0.25,,31415,9,0.0,0,True,,0.39843199999999995,-0.000819323091803756,-0.004777701902926579,0.0,0.40000000000000013,0.24000000000000005,0.24,0.0,0.4,0.4,0.0,0.0
c3_w2_tcop_cm1_states_L0.4_kp0_0000_up0_2500_s31415,cm1,stageB,0.0,0.0,0.25,,31415,10,0.125,1,True,,0.41795199999999993,-0.00043238393174420636,0.004527551663799358,0.0,0.43033975230186866,0.2451474498906349,0.24514744989063494,0.0,0.43033975230186855,0.43033975230186855,0.0,0.0
c3_w2_tcop_cm1_states_L0.4_kp0_0000_up0_2500_s31415,cm1,stageB,0.0,0.0,0.25,,31415,11,0.25,2,True,,0.431696,0.002274783923506549,-0.006370794664933934,0.0,0.46121181544936984,0.2484954767392663,0.24849547673926622,0.0,0.4612118154493698,0.4612118154493698,0.0,0.0
c3_w2_tcop_cm1_states_L0.4_kp0_0000_up0_2500_s31415,cm1,stageB,0.0,0.0,0.25,,31415,12,0.0,0,True,,0.4012160000000001,-0.003489116800806452,0.0060580791403254675,0.0,0.40000000000000013,0.24000000000000005,0.24,0.0,0.4,0.4,0.0,0.0
c3_w2_tcop_cm1_states_L0.4_kp0_0000_up0_2500_s31415,cm1,stageB,0.0,0.0,0.25,,31415,13,0.125,1,True,,0.41808000000000006,-0.004054016790284016,-0.008274052254868982,0.0,0.43033975230186866,0.2451474498906349,0.24514744989063494,0.0,0.43033975230186855,0.43033975230186855,0.0,0.0
c3_w2_tcop_cm1_states_L0.4_kp0_0000_up0_2500_s31415,cm1,stageB,0.0,0.0,0.25,,31415,14,0.25,2,True,,0.432064,-0.00037576089822816404,-0.0001953293663128319,0.0,0.46121181544936984,0.2484954767392663,0.24849547673926622,0.0,0.4612118154493698,0.4612118154493698,0.0,0.0
c3_w2_tcop_cm1_states_L0.4_kp0_0000_up0_2500_s31415,cm1,stageB,0.0,0.0,0.25,,31415,15,0.0,0,False,BLOCK_15_PARTIAL_CYCLE,0.4048799999999999,-0.0009423459915427927,-0.01086634023174357,0.0,0.40000000000000013,0.24000000000000005,0.24,0.0,0.4,0.4,0.0,0.0
c3_w2_tcop_cm1_states_L0.4_kp0_0000_up0_5000_s42,cm1,stageB,0.0,0.0,0.5,,42,0,0.0,0,False,PRE_PRIMARY_INCOMPLETE_CYCLE,0.38659200000000005,0.0005905724338133676,0.006481538201895997,0.0,0.40000000000000013,0.24000000000000005,0.24,0.0,0.4,0.4,0.0,0.0
c3_w2_tcop_cm1_states_L0.4_kp0_0000_up0_5000_s42,cm1,stageB,0.0,0.0,0.5,,42,1,0.25,1,False,PRE_PRIMARY_INCOMPLETE_CYCLE,0.43255999999999994,-0.002911408813831482,-0.01650744986469362,0.0,0.46121181544936984,0.2484954767392663,0.24849547673926622,0.0,0.4612118154493698,0.4612118154493698,0.0,0.0
c3_w2_tcop_cm1_states_L0.4_kp0_0000_up0_5000_s42,cm1,stageB,0.0,0.0,0.5,,42,2,0.5,2,False,PRE_PRIMARY_INCOMPLETE_CYCLE,0.4621120000000001,0.00017349789925564344,-0.001307441371112164,0.0,0.5236161377769493,0.2494422780365002,0.24944227803650015,0.0,0.523616137776949,0.523616137776949,0.0,0.0
c3_w2_tcop_cm1_states_L0.4_kp0_0000_up0_5000_s42,cm1,stageB,0.0,0.0,0.5,,42,3,0.0,0,True,,0.40320000000000006,-0.0005025764231266686,-0.019885999743819643,0.0,0.40000000000000013,0.24000000000000005,0.24,0.0,0.4,0.4,0.0,0.0
c3_w2_tcop_cm1_states_L0.4_kp0_0000_up0_5000_s42,cm1,stageB,0.0,0.0,0.5,,42,4,0.25,1,True,,0.43297599999999997,0.0024389043342851733,-0.0046602065741171315,0.0,0.46121181544936984,0.2484954767392663,0.24849547673926622,0.0,0.4612118154493698,0.4612118154493698,0.0,0.0
c3_w2_tcop_cm1_states_L0.4_kp0_0000_up0_5000_s42,cm1,stageB,0.0,0.0,0.5,,42,5,0.5,2,True,,0.46732799999999997,0.00026424672319670466,0.005305347171196674,0.0,0.5236161377769493,0.2494422780365002,0.24944227803650015,0.0,0.523616137776949,0.523616137776949,0.0,0.0
c3_w2_tcop_cm1_states_L0.4_kp0_0000_up0_5000_s42,cm1,stageB,0.0,0.0,0.5,,42,6,0.0,0,True,,0.401136,-0.0009784556190122384,-0.004130043451986032,0.0,0.40000000000000013,0.24000000000000005,0.24,0.0,0.4,0.4,0.0,0.0
c3_w2_tcop_cm1_states_L0.4_kp0_0000_up0_5000_s42,cm1,stageB,0.0,0.0,0.5,,42,7,0.25,1,True,,0.43335999999999997,0.0002866417181086877,-0.005912221801398141,0.0,0.46121181544936984,0.2484954767392663,0.24849547673926622,0.0,0.4612118154493698,0.4612118154493698,0.0,0.0
c3_w2_tcop_cm1_states_L0.4_kp0_0000_up0_5000_s42,cm1,stageB,0.0,0.0,0.5,,42,8,0.5,2,True,,0.464512,-0.0014956761496127244,0.016066499954530696,0.0,0.5236161377769493,0.2494422780365002,0.24944227803650015,0.0,0.523616137776949,0.523616137776949,0.0,0.0
c3_w2_tcop_cm1_states_L0.4_kp0_0000_up0_5000_s42,cm1,stageB,0.0,0.0,0.5,,42,9,0.0,0,True,,0.403632,0.000962937841120359,0.019490003378942626,0.0,0.40000000000000013,0.24000000000000005,0.24,0.0,0.4,0.4,0.0,0.0
c3_w2_tcop_cm1_states_L0.4_kp0_0000_up0_5000_s42,cm1,stageB,0.0,0.0,0.5,,42,10,0.25,1,True,,0.43230399999999997,4.7686604034777454e-05,-0.00743819302333233,0.0,0.46121181544936984,0.2484954767392663,0.24849547673926622,0.0,0.4612118154493698,0.4612118154493698,0.0,0.0
c3_w2_tcop_cm1_states_L0.4_kp0_0000_up0_5000_s42,cm1,stageB,0.0,0.0,0.5,,42,11,0.5,2,True,,0.46392000000000005,-0.0007413465082194946,0.004486443019248062,0.0,0.5236161377769493,0.2494422780365002,0.24944227803650015,0.0,0.523616137776949,0.523616137776949,0.0,0.0
c3_w2_tcop_cm1_states_L0.4_kp0_0000_up0_5000_s42,cm1,stageB,0.0,0.0,0.5,,42,12,0.0,0,True,,0.40536,0.0002993977262889898,0.005558362145589543,0.0,0.40000000000000013,0.24000000000000005,0.24,0.0,0.4,0.4,0.0,0.0
c3_w2_tcop_cm1_states_L0.4_kp0_0000_up0_5000_s42,cm1,stageB,0.0,0.0,0.5,,42,13,0.25,1,True,,0.433584,-0.005983489196669026,-0.022775097900138264,0.0,0.46121181544936984,0.2484954767392663,0.24849547673926622,0.0,0.4612118154493698,0.4612118154493698,0.0,0.0
c3_w2_tcop_cm1_states_L0.4_kp0_0000_up0_5000_s42,cm1,stageB,0.0,0.0,0.5,,42,14,0.5,2,True,,0.46460799999999997,-0.000866628957203322,0.003916338340202591,0.0,0.5236161377769493,0.2494422780365002,0.24944227803650015,0.0,0.523616137776949,0.523616137776949,0.0,0.0
c3_w2_tcop_cm1_states_L0.4_kp0_0000_up0_5000_s42,cm1,stageB,0.0,0.0,0.5,,42,15,0.0,0,False,BLOCK_15_PARTIAL_CYCLE,0.403424,-0.0033910080758692437,0.016341734986054544,0.0,0.40000000000000013,0.24000000000000005,0.24,0.0,0.4,0.4,0.0,0.0
c3_w2_tcop_cm1_states_L0.4_kp0_0000_up0_5000_s137,cm1,stageB,0.0,0.0,0.5,,137,0,0.0,0,False,PRE_PRIMARY_INCOMPLETE_CYCLE,0.39187200000000005,0.0010954722095620941,0.006332068126432319,0.0,0.40000000000000013,0.24000000000000005,0.24,0.0,0.4,0.4,0.0,0.0
c3_w2_tcop_cm1_states_L0.4_kp0_0000_up0_5000_s137,cm1,stageB,0.0,0.0,0.5,,137,1,0.25,1,False,PRE_PRIMARY_INCOMPLETE_CYCLE,0.43236800000000003,-0.0021129656679631996,-0.00930549401272188,0.0,0.46121181544936984,0.2484954767392663,0.24849547673926622,0.0,0.4612118154493698,0.4612118154493698,0.0,0.0
c3_w2_tcop_cm1_states_L0.4_kp0_0000_up0_5000_s137,cm1,stageB,0.0,0.0,0.5,,137,2,0.5,2,False,PRE_PRIMARY_INCOMPLETE_CYCLE,0.4636640000000001,-0.0007874048746745807,-0.011697767625339946,0.0,0.5236161377769493,0.2494422780365002,0.24944227803650015,0.0,0.523616137776949,0.523616137776949,0.0,0.0
c3_w2_tcop_cm1_states_L0.4_kp0_0000_up0_5000_s137,cm1,stageB,0.0,0.0,0.5,,137,3,0.0,0,True,,0.40324799999999994,0.001061062885566869,0.0001433294956139936,0.0,0.40000000000000013,0.24000000000000005,0.24,0.0,0.4,0.4,0.0,0.0
c3_w2_tcop_cm1_states_L0.4_kp0_0000_up0_5000_s137,cm1,stageB,0.0,0.0,0.5,,137,4,0.25,1,True,,0.43289599999999995,0.0011207847205064881,-0.01931987896504523,0.0,0.46121181544936984,0.2484954767392663,0.24849547673926622,0.0,0.4612118154493698,0.4612118154493698,0.0,0.0
c3_w2_tcop_cm1_states_L0.4_kp0_0000_up0_5000_s137,cm1,stageB,0.0,0.0,0.5,,137,5,0.5,2,True,,0.46328,0.0029212312967093136,-0.006399310061574715,0.0,0.5236161377769493,0.2494422780365002,0.24944227803650015,0.0,0.523616137776949,0.523616137776949,0.0,0.0
c3_w2_tcop_cm1_states_L0.4_kp0_0000_up0_5000_s137,cm1,stageB,0.0,0.0,0.5,,137,6,0.0,0,True,,0.40230400000000005,0.002347377637158176,-0.011005032108887033,0.0,0.40000000000000013,0.24000000000000005,0.24,0.0,0.4,0.4,0.0,0.0
c3_w2_tcop_cm1_states_L0.4_kp0_0000_up0_5000_s137,cm1,stageB,0.0,0.0,0.5,,137,7,0.25,1,True,,0.43383999999999995,0.0001751181843274019,0.0009390298776417764,0.0,0.46121181544936984,0.2484954767392663,0.24849547673926622,0.0,0.4612118154493698,0.4612118154493698,0.0,0.0
c3_w2_tcop_cm1_states_L0.4_kp0_0000_up0_5000_s137,cm1,stageB,0.0,0.0,0.5,,137,8,0.5,2,True,,0.4636,0.0010265984098540956,-0.00015015337094317674,0.0,0.5236161377769493,0.2494422780365002,0.24944227803650015,0.0,0.523616137776949,0.523616137776949,0.0,0.0
c3_w2_tcop_cm1_states_L0.4_kp0_0000_up0_5000_s137,cm1,stageB,0.0,0.0,0.5,,137,9,0.0,0,True,,0.40180800000000005,0.0038729659673989924,0.026407099880199243,0.0,0.40000000000000013,0.24000000000000005,0.24,0.0,0.4,0.4,0.0,0.0
c3_w2_tcop_cm1_states_L0.4_kp0_0000_up0_5000_s137,cm1,stageB,0.0,0.0,0.5,,137,10,0.25,1,True,,0.43320000000000003,-0.0014630076652077442,0.007152451895399756,0.0,0.46121181544936984,0.2484954767392663,0.24849547673926622,0.0,0.4612118154493698,0.4612118154493698,0.0,0.0
c3_w2_tcop_cm1_states_L0.4_kp0_0000_up0_5000_s137,cm1,stageB,0.0,0.0,0.5,,137,11,0.5,2,True,,0.46379200000000004,0.0011731317279369043,-0.00022615509279532708,0.0,0.5236161377769493,0.2494422780365002,0.24944227803650015,0.0,0.523616137776949,0.523616137776949,0.0,0.0
c3_w2_tcop_cm1_states_L0.4_kp0_0000_up0_5000_s137,cm1,stageB,0.0,0.0,0.5,,137,12,0.0,0,True,,0.40465599999999996,3.1280719123822494e-05,0.0024618897050993453,0.0,0.40000000000000013,0.24000000000000005,0.24,0.0,0.4,0.4,0.0,0.0
c3_w2_tcop_cm1_states_L0.4_kp0_0000_up0_5000_s137,cm1,stageB,0.0,0.0,0.5,,137,13,0.25,1,True,,0.4312160000000001,-0.0011943280067258867,-0.006193543554095255,0.0,0.46121181544936984,0.2484954767392663,0.24849547673926622,0.0,0.4612118154493698,0.4612118154493698,0.0,0.0
c3_w2_tcop_cm1_states_L0.4_kp0_0000_up0_5000_s137,cm1,stageB,0.0,0.0,0.5,,137,14,0.5,2,True,,0.4655520000000001,0.003933564467087857,0.002481337077103949,0.0,0.5236161377769493,0.2494422780365002,0.24944227803650015,0.0,0.523616137776949,0.523616137776949,0.0,0.0
c3_w2_tcop_cm1_states_L0.4_kp0_0000_up0_5000_s137,cm1,stageB,0.0,0.0,0.5,,137,15,0.0,0,False,BLOCK_15_PARTIAL_CYCLE,0.401616,0.0002300838319654136,0.023432497273953218,0.0,0.40000000000000013,0.24000000000000005,0.24,0.0,0.4,0.4,0.0,0.0
c3_w2_tcop_cm1_states_L0.4_kp0_0000_up0_5000_s256,cm1,stageB,0.0,0.0,0.5,,256,0,0.0,0,False,PRE_PRIMARY_INCOMPLETE_CYCLE,0.38835200000000003,0.0022131222870597237,0.0070648303706705535,0.0,0.40000000000000013,0.24000000000000005,0.24,0.0,0.4,0.4,0.0,0.0
c3_w2_tcop_cm1_states_L0.4_kp0_0000_up0_5000_s256,cm1,stageB,0.0,0.0,0.5,,256,1,0.25,1,False,PRE_PRIMARY_INCOMPLETE_CYCLE,0.434848,-0.002886105037962822,0.00045590558415043884,0.0,0.46121181544936984,0.2484954767392663,0.24849547673926622,0.0,0.4612118154493698,0.4612118154493698,0.0,0.0
c3_w2_tcop_cm1_states_L0.4_kp0_0000_up0_5000_s256,cm1,stageB,0.0,0.0,0.5,,256,2,0.5,2,False,PRE_PRIMARY_INCOMPLETE_CYCLE,0.46696,-0.0011090296185564735,0.0002870201583287034,0.0,0.5236161377769493,0.2494422780365002,0.24944227803650015,0.0,0.523616137776949,0.523616137776949,0.0,0.0
c3_w2_tcop_cm1_states_L0.4_kp0_0000_up0_5000_s256,cm1,stageB,0.0,0.0,0.5,,256,3,0.0,0,True,,0.4054560000000001,0.00028507881485478616,0.0035919691920794907,0.0,0.40000000000000013,0.24000000000000005,0.24,0.0,0.4,0.4,0.0,0.0
c3_w2_tcop_cm1_states_L0.4_kp0_0000_up0_5000_s256,cm1,stageB,0.0,0.0,0.5,,256,4,0.25,1,True,,0.43241599999999997,0.003495130006383327,0.013538861659214517,0.0,0.46121181544936984,0.2484954767392663,0.24849547673926622,0.0,0.4612118154493698,0.4612118154493698,0.0,0.0
c3_w2_tcop_cm1_states_L0.4_kp0_0000_up0_5000_s256,cm1,stageB,0.0,0.0,0.5,,256,5,0.5,2,True,,0.46211199999999997,0.0011113959213230253,-0.01864888241277797,0.0,0.5236161377769493,0.2494422780365002,0.24944227803650015,0.0,0.523616137776949,0.523616137776949,0.0,0.0
c3_w2_tcop_cm1_states_L0.4_kp0_0000_up0_5000_s256,cm1,stageB,0.0,0.0,0.5,,256,6,0.0,0,True,,0.401232,-0.004576341044003403,-0.007903582990067397,0.0,0.40000000000000013,0.24000000000000005,0.24,0.0,0.4,0.4,0.0,0.0
c3_w2_tcop_cm1_states_L0.4_kp0_0000_up0_5000_s256,cm1,stageB,0.0,0.0,0.5,,256,7,0.25,1,True,,0.43488,-0.00029877563669689647,0.005483668378067065,0.0,0.46121181544936984,0.2484954767392663,0.24849547673926622,0.0,0.4612118154493698,0.4612118154493698,0.0,0.0
c3_w2_tcop_cm1_states_L0.4_kp0_0000_up0_5000_s256,cm1,stageB,0.0,0.0,0.5,,256,8,0.5,2,True,,0.465456,0.003458355741174558,-0.004621620379018183,0.0,0.5236161377769493,0.2494422780365002,0.24944227803650015,0.0,0.523616137776949,0.523616137776949,0.0,0.0
c3_w2_tcop_cm1_states_L0.4_kp0_0000_up0_5000_s256,cm1,stageB,0.0,0.0,0.5,,256,9,0.0,0,True,,0.403536,-0.002499855512557272,0.014967633872720522,0.0,0.40000000000000013,0.24000000000000005,0.24,0.0,0.4,0.4,0.0,0.0
c3_w2_tcop_cm1_states_L0.4_kp0_0000_up0_5000_s256,cm1,stageB,0.0,0.0,0.5,,256,10,0.25,1,True,,0.43310399999999993,-0.0029803740432079056,-0.00390660569436808,0.0,0.46121181544936984,0.2484954767392663,0.24849547673926622,0.0,0.4612118154493698,0.4612118154493698,0.0,0.0
c3_w2_tcop_cm1_states_L0.4_kp0_0000_up0_5000_s256,cm1,stageB,0.0,0.0,0.5,,256,11,0.5,2,True,,0.46540800000000004,-0.0006646580031240562,-0.000693627103211105,0.0,0.5236161377769493,0.2494422780365002,0.24944227803650015,0.0,0.523616137776949,0.523616137776949,0.0,0.0
c3_w2_tcop_cm1_states_L0.4_kp0_0000_up0_5000_s256,cm1,stageB,0.0,0.0,0.5,,256,12,0.0,0,True,,0.40110400000000007,-0.0031831477066852254,0.004925328212132142,0.0,0.40000000000000013,0.24000000000000005,0.24,0.0,0.4,0.4,0.0,0.0
c3_w2_tcop_cm1_states_L0.4_kp0_0000_up0_5000_s256,cm1,stageB,0.0,0.0,0.5,,256,13,0.25,1,True,,0.431344,0.006091956557994731,0.012762252692774539,0.0,0.46121181544936984,0.2484954767392663,0.24849547673926622,0.0,0.4612118154493698,0.4612118154493698,0.0,0.0
c3_w2_tcop_cm1_states_L0.4_kp0_0000_up0_5000_s256,cm1,stageB,0.0,0.0,0.5,,256,14,0.5,2,True,,0.46491200000000005,-0.0033890637725994227,0.013685349872436674,0.0,0.5236161377769493,0.2494422780365002,0.24944227803650015,0.0,0.523616137776949,0.523616137776949,0.0,0.0
c3_w2_tcop_cm1_states_L0.4_kp0_0000_up0_5000_s256,cm1,stageB,0.0,0.0,0.5,,256,15,0.0,0,False,BLOCK_15_PARTIAL_CYCLE,0.40204800000000007,0.00022634832718364855,0.001021272958797003,0.0,0.40000000000000013,0.24000000000000005,0.24,0.0,0.4,0.4,0.0,0.0
c3_w2_tcop_cm1_states_L0.4_kp0_0000_up0_5000_s1024,cm1,stageB,0.0,0.0,0.5,,1024,0,0.0,0,False,PRE_PRIMARY_INCOMPLETE_CYCLE,0.3889280000000001,-0.0023705304655709638,-0.0014078919099513609,0.0,0.40000000000000013,0.24000000000000005,0.24,0.0,0.4,0.4,0.0,0.0
c3_w2_tcop_cm1_states_L0.4_kp0_0000_up0_5000_s1024,cm1,stageB,0.0,0.0,0.5,,1024,1,0.25,1,False,PRE_PRIMARY_INCOMPLETE_CYCLE,0.43220800000000004,-9.521542067739533e-05,-0.0021929028548676394,0.0,0.46121181544936984,0.2484954767392663,0.24849547673926622,0.0,0.4612118154493698,0.4612118154493698,0.0,0.0
c3_w2_tcop_cm1_states_L0.4_kp0_0000_up0_5000_s1024,cm1,stageB,0.0,0.0,0.5,,1024,2,0.5,2,False,PRE_PRIMARY_INCOMPLETE_CYCLE,0.463456,0.0024317158561146515,0.006942371412396656,0.0,0.5236161377769493,0.2494422780365002,0.24944227803650015,0.0,0.523616137776949,0.523616137776949,0.0,0.0
c3_w2_tcop_cm1_states_L0.4_kp0_0000_up0_5000_s1024,cm1,stageB,0.0,0.0,0.5,,1024,3,0.0,0,True,,0.40217600000000003,0.001201918354488434,-0.00042882989382948155,0.0,0.40000000000000013,0.24000000000000005,0.24,0.0,0.4,0.4,0.0,0.0
c3_w2_tcop_cm1_states_L0.4_kp0_0000_up0_5000_s1024,cm1,stageB,0.0,0.0,0.5,,1024,4,0.25,1,True,,0.434976,-0.00010920585388934062,-0.0045497746604625045,0.0,0.46121181544936984,0.2484954767392663,0.24849547673926622,0.0,0.4612118154493698,0.4612118154493698,0.0,0.0
c3_w2_tcop_cm1_states_L0.4_kp0_0000_up0_5000_s1024,cm1,stageB,0.0,0.0,0.5,,1024,5,0.5,2,True,,0.4648,-0.0015350797669537396,-0.0038746190683500194,0.0,0.5236161377769493,0.2494422780365002,0.24944227803650015,0.0,0.523616137776949,0.523616137776949,0.0,0.0
c3_w2_tcop_cm1_states_L0.4_kp0_0000_up0_5000_s1024,cm1,stageB,0.0,0.0,0.5,,1024,6,0.0,0,True,,0.40694400000000003,-0.0023784602823951587,0.004411883717853951,0.0,0.40000000000000013,0.24000000000000005,0.24,0.0,0.4,0.4,0.0,0.0
c3_w2_tcop_cm1_states_L0.4_kp0_0000_up0_5000_s1024,cm1,stageB,0.0,0.0,0.5,,1024,7,0.25,1,True,,0.43049600000000005,0.00018588433368747583,0.016083699406815276,0.0,0.46121181544936984,0.2484954767392663,0.24849547673926622,0.0,0.4612118154493698,0.4612118154493698,0.0,0.0
c3_w2_tcop_cm1_states_L0.4_kp0_0000_up0_5000_s1024,cm1,stageB,0.0,0.0,0.5,,1024,8,0.5,2,True,,0.462,0.0002595535481503874,0.007793472966390646,0.0,0.5236161377769493,0.2494422780365002,0.24944227803650015,0.0,0.523616137776949,0.523616137776949,0.0,0.0
c3_w2_tcop_cm1_states_L0.4_kp0_0000_up0_5000_s1024,cm1,stageB,0.0,0.0,0.5,,1024,9,0.0,0,True,,0.403168,-0.002638861674725236,0.00237298146935108,0.0,0.40000000000000013,0.24000000000000005,0.24,0.0,0.4,0.4,0.0,0.0
c3_w2_tcop_cm1_states_L0.4_kp0_0000_up0_5000_s1024,cm1,stageB,0.0,0.0,0.5,,1024,10,0.25,1,True,,0.43276800000000004,0.0005510175310154268,-0.003995360362926156,0.0,0.46121181544936984,0.2484954767392663,0.24849547673926622,0.0,0.4612118154493698,0.4612118154493698,0.0,0.0
c3_w2_tcop_cm1_states_L0.4_kp0_0000_up0_5000_s1024,cm1,stageB,0.0,0.0,0.5,,1024,11,0.5,2,True,,0.4652320000000001,0.0020073737851848956,0.0006974531672998158,0.0,0.5236161377769493,0.2494422780365002,0.24944227803650015,0.0,0.523616137776949,0.523616137776949,0.0,0.0
c3_w2_tcop_cm1_states_L0.4_kp0_0000_up0_5000_s1024,cm1,stageB,0.0,0.0,0.5,,1024,12,0.0,0,True,,0.40128,-0.0009060873469400346,-0.011743583706145517,0.0,0.40000000000000013,0.24000000000000005,0.24,0.0,0.4,0.4,0.0,0.0
c3_w2_tcop_cm1_states_L0.4_kp0_0000_up0_5000_s1024,cm1,stageB,0.0,0.0,0.5,,1024,13,0.25,1,True,,0.436176,-0.0014272233824600333,-0.02530098768443363,0.0,0.46121181544936984,0.2484954767392663,0.24849547673926622,0.0,0.4612118154493698,0.4612118154493698,0.0,0.0
c3_w2_tcop_cm1_states_L0.4_kp0_0000_up0_5000_s1024,cm1,stageB,0.0,0.0,0.5,,1024,14,0.5,2,True,,0.46696,0.0006595545025001836,-0.004116503730104028,0.0,0.5236161377769493,0.2494422780365002,0.24944227803650015,0.0,0.523616137776949,0.523616137776949,0.0,0.0
c3_w2_tcop_cm1_states_L0.4_kp0_0000_up0_5000_s1024,cm1,stageB,0.0,0.0,0.5,,1024,15,0.0,0,False,BLOCK_15_PARTIAL_CYCLE,0.402464,0.0009923462263699211,-0.005995210915898369,0.0,0.40000000000000013,0.24000000000000005,0.24,0.0,0.4,0.4,0.0,0.0
c3_w2_tcop_cm1_states_L0.4_kp0_0000_up0_5000_s31415,cm1,stageB,0.0,0.0,0.5,,31415,0,0.0,0,False,PRE_PRIMARY_INCOMPLETE_CYCLE,0.383232,-0.003963088325734896,0.01908886658358813,0.0,0.40000000000000013,0.24000000000000005,0.24,0.0,0.4,0.4,0.0,0.0
c3_w2_tcop_cm1_states_L0.4_kp0_0000_up0_5000_s31415,cm1,stageB,0.0,0.0,0.5,,31415,1,0.25,1,False,PRE_PRIMARY_INCOMPLETE_CYCLE,0.42995199999999995,0.0011045658278944026,0.008955067380950026,0.0,0.46121181544936984,0.2484954767392663,0.24849547673926622,0.0,0.4612118154493698,0.4612118154493698,0.0,0.0
c3_w2_tcop_cm1_states_L0.4_kp0_0000_up0_5000_s31415,cm1,stageB,0.0,0.0,0.5,,31415,2,0.5,2,False,PRE_PRIMARY_INCOMPLETE_CYCLE,0.464448,0.001330211819864691,-0.004158581933218923,0.0,0.5236161377769493,0.2494422780365002,0.24944227803650015,0.0,0.523616137776949,0.523616137776949,0.0,0.0
c3_w2_tcop_cm1_states_L0.4_kp0_0000_up0_5000_s31415,cm1,stageB,0.0,0.0,0.5,,31415,3,0.0,0,True,,0.401328,-0.0017579042955561215,-0.003251428164027128,0.0,0.40000000000000013,0.24000000000000005,0.24,0.0,0.4,0.4,0.0,0.0
c3_w2_tcop_cm1_states_L0.4_kp0_0000_up0_5000_s31415,cm1,stageB,0.0,0.0,0.5,,31415,4,0.25,1,True,,0.432736,0.000726353937641516,-0.012747570837060117,0.0,0.46121181544936984,0.2484954767392663,0.24849547673926622,0.0,0.4612118154493698,0.4612118154493698,0.0,0.0
c3_w2_tcop_cm1_states_L0.4_kp0_0000_up0_5000_s31415,cm1,stageB,0.0,0.0,0.5,,31415,5,0.5,2,True,,0.46268800000000004,-0.0007806592108208622,0.007404468829165801,0.0,0.5236161377769493,0.2494422780365002,0.24944227803650015,0.0,0.523616137776949,0.523616137776949,0.0,0.0
c3_w2_tcop_cm1_states_L0.4_kp0_0000_up0_5000_s31415,cm1,stageB,0.0,0.0,0.5,,31415,6,0.0,0,True,,0.40201600000000004,0.0004157929997212369,-0.0069476774115266,0.0,0.40000000000000013,0.24000000000000005,0.24,0.0,0.4,0.4,0.0,0.0
c3_w2_tcop_cm1_states_L0.4_kp0_0000_up0_5000_s31415,cm1,stageB,0.0,0.0,0.5,,31415,7,0.25,1,True,,0.43329600000000007,-0.003044498779648327,-0.007309267109505337,0.0,0.46121181544936984,0.2484954767392663,0.24849547673926622,0.0,0.4612118154493698,0.4612118154493698,0.0,0.0
c3_w2_tcop_cm1_states_L0.4_kp0_0000_up0_5000_s31415,cm1,stageB,0.0,0.0,0.5,,31415,8,0.5,2,True,,0.4637760000000001,0.0015903840770654573,-0.0011330248691821037,0.0,0.5236161377769493,0.2494422780365002,0.24944227803650015,0.0,0.523616137776949,0.523616137776949,0.0,0.0
c3_w2_tcop_cm1_states_L0.4_kp0_0000_up0_5000_s31415,cm1,stageB,0.0,0.0,0.5,,31415,9,0.0,0,True,,0.399584,-0.000621826554631373,-0.002623302919579805,0.0,0.40000000000000013,0.24000000000000005,0.24,0.0,0.4,0.4,0.0,0.0
c3_w2_tcop_cm1_states_L0.4_kp0_0000_up0_5000_s31415,cm1,stageB,0.0,0.0,0.5,,31415,10,0.25,1,True,,0.43340799999999996,-0.0013759766831484583,0.0035041210719967443,0.0,0.46121181544936984,0.2484954767392663,0.24849547673926622,0.0,0.4612118154493698,0.4612118154493698,0.0,0.0
c3_w2_tcop_cm1_states_L0.4_kp0_0000_up0_5000_s31415,cm1,stageB,0.0,0.0,0.5,,31415,11,0.5,2,True,,0.46224000000000004,0.002838613032201844,-0.008762794822610933,0.0,0.5236161377769493,0.2494422780365002,0.24944227803650015,0.0,0.523616137776949,0.523616137776949,0.0,0.0
c3_w2_tcop_cm1_states_L0.4_kp0_0000_up0_5000_s31415,cm1,stageB,0.0,0.0,0.5,,31415,12,0.0,0,True,,0.40244800000000003,-0.003429685246503518,0.0077805216295513905,0.0,0.40000000000000013,0.24000000000000005,0.24,0.0,0.4,0.4,0.0,0.0
c3_w2_tcop_cm1_states_L0.4_kp0_0000_up0_5000_s31415,cm1,stageB,0.0,0.0,0.5,,31415,13,0.25,1,True,,0.43411199999999994,-0.004257570020642499,-0.012421652230664566,0.0,0.46121181544936984,0.2484954767392663,0.24849547673926622,0.0,0.4612118154493698,0.4612118154493698,0.0,0.0
c3_w2_tcop_cm1_states_L0.4_kp0_0000_up0_5000_s31415,cm1,stageB,0.0,0.0,0.5,,31415,14,0.5,2,True,,0.46464000000000005,0.0010612574850726326,0.0009035929000858838,0.0,0.5236161377769493,0.2494422780365002,0.24944227803650015,0.0,0.523616137776949,0.523616137776949,0.0,0.0
c3_w2_tcop_cm1_states_L0.4_kp0_0000_up0_5000_s31415,cm1,stageB,0.0,0.0,0.5,,31415,15,0.0,0,False,BLOCK_15_PARTIAL_CYCLE,0.40614399999999995,-0.001199392792108391,-0.0103277550388959,0.0,0.40000000000000013,0.24000000000000005,0.24,0.0,0.4,0.4,0.0,0.0
c3_w2_tcop_cm1_states_L0.4_kp0_1042_up0_1000_s42,cm1,stageB,0.05,0.1042,0.1,,42,0,0.0,0,False,PRE_PRIMARY_INCOMPLETE_CYCLE,0.38270400000000004,0.000354167176477894,0.014342533502795676,0.04997621087120674,0.3941833421703104,0.23872265916238464,0.23593376348156542,0.0,0.3752720352894233,0.42524824616063006,0.37631244768592503,0.27710874192818397
c3_w2_tcop_cm1_states_L0.4_kp0_1042_up0_1000_s42,cm1,stageB,0.05,0.1042,0.1,,42,1,0.05,1,False,PRE_PRIMARY_INCOMPLETE_CYCLE,0.403264,-0.0028357527874467293,-0.004955794815326464,0.0504468648914182,0.40721119768744973,0.24131536217676636,0.23860730000333555,0.0,0.38706527253225376,0.43751213742367195,0.36385249200671693,0.2664134858309933
c3_w2_tcop_cm1_states_L0.4_kp0_1042_up0_1000_s42,cm1,stageB,0.05,0.1042,0.1,,42,2,0.1,2,False,PRE_PRIMARY_INCOMPLETE_CYCLE,0.40944,-0.0006046105721728606,0.00921278951956835,0.05086046258395044,0.4196447515045932,0.24346441890620402,0.2410234368369213,0.0,0.39899242466277696,0.4498528872467274,0.3762791724003426,0.2754616652519246
c3_w2_tcop_cm1_states_L0.4_kp0_1042_up0_1000_s42,cm1,stageB,0.05,0.1042,0.1,,42,3,0.0,0,True,,0.398144,0.0004188993447930561,-0.010383576518341325,0.04997621087120674,0.3949491628146414,0.2388897702566429,0.23593376348156542,0.0,0.3752720352894233,0.42524824616063006,0.3745702885618148,0.26790788892033174
c3_w2_tcop_cm1_states_L0.4_kp0_1042_up0_1000_s42,cm1,stageB,0.05,0.1042,0.1,,42,4,0.05,1,True,,0.40366399999999997,0.0030992543103979813,0.0011477597702851555,0.0504468648914182,0.40723194316445094,0.24131760580154044,0.23860730000333555,0.0,0.38706527253225376,0.43751213742367195,0.37978852575946853,0.2772034987036021
c3_w2_tcop_cm1_states_L0.4_kp0_1042_up0_1000_s42,cm1,stageB,0.05,0.1042,0.1,,42,5,0.1,2,True,,0.414272,-0.0004488352342581952,0.0032182381740847744,0.05086046258395044,0.4198895743702841,0.24350485281273146,0.2410234368369213,0.0,0.39899242466277696,0.4498528872467274,0.3680109075358463,0.26561235531626304
c3_w2_tcop_cm1_states_L0.4_kp0_1042_up0_1000_s42,cm1,stageB,0.05,0.1042,0.1,,42,6,0.0,0,True,,0.39580800000000005,-0.0010336673950760212,0.0009855762955980419,0.04997621087120674,0.39483233606859286,0.23886649475255226,0.23593376348156542,0.0,0.3752720352894233,0.42524824616063006,0.36982553677319596,0.27343501585876345
c3_w2_tcop_cm1_states_L0.4_kp0_1042_up0_1000_s42,cm1,stageB,0.05,0.1042,0.1,,42,7,0.05,1,True,,0.403648,0.00019528937743280413,0.005647889761190172,0.0504468648914182,0.40723103792342563,0.2413176584120192,0.23860730000333555,0.0,0.38706527253225376,0.43751213742367195,0.371092792151003,0.27341900681713954
c3_w2_tcop_cm1_states_L0.4_kp0_1042_up0_1000_s42,cm1,stageB,0.05,0.1042,0.1,,42,8,0.1,2,True,,0.40934400000000004,-0.00044117494500096573,0.013038073514689158,0.05086046258395044,0.41963955275381076,0.2434646197021137,0.2410234368369213,0.0,0.39899242466277696,0.4498528872467274,0.370529500026241,0.2694804881785596
c3_w2_tcop_cm1_states_L0.4_kp0_1042_up0_1000_s42,cm1,stageB,0.05,0.1042,0.1,,42,9,0.0,0,True,,0.3986239999999999,-8.881185571261357e-05,0.02342922617763865,0.04997621087120674,0.39497268464379315,0.23889559704038815,0.23593376348156542,0.0,0.3752720352894233,0.42524824616063006,0.3714870666779821,0.2713890338283479
c3_w2_tcop_cm1_states_L0.4_kp0_1042_up0_1000_s42,cm1,stageB,0.05,0.1042,0.1,,42,10,0.05,1,True,,0.40321599999999996,0.0009457931015906771,0.0015619489531291924,0.0504468648914182,0.4072093599570384,0.24131355686735254,0.23860730000333555,0.0,0.38706527253225376,0.43751213742367195,0.37321161967665867,0.2712621704281152
c3_w2_tcop_cm1_states_L0.4_kp0_1042_up0_1000_s42,cm1,stageB,0.05,0.1042,0.1,,42,11,0.1,2,True,,0.4081120000000001,0.0008458018655115129,-0.009498131394699953,0.05086046258395044,0.4195771620104394,0.2434542693667296,0.2410234368369213,0.0,0.39899242466277696,0.4498528872467274,0.3768183033077232,0.27530910551918697
c3_w2_tcop_cm1_states_L0.4_kp0_1042_up0_1000_s42,cm1,stageB,0.05,0.1042,0.1,,42,12,0.0,0,True,,0.40057599999999993,0.0005012706353258998,0.009921063310294086,0.04997621087120674,0.39507071505343144,0.23891425855111606,0.23593376348156542,0.0,0.3752720352894233,0.42524824616063006,0.37144759094494423,0.27765131677371324
c3_w2_tcop_cm1_states_L0.4_kp0_1042_up0_1000_s42,cm1,stageB,0.05,0.1042,0.1,,42,13,0.05,1,True,,0.40435199999999993,-0.004300263331078064,-0.005499010627506829,0.0504468648914182,0.4072663467198194,0.24132444298157033,0.23860730000333555,0.0,0.38706527253225376,0.43751213742367195,0.3614944312951838,0.2687384268784496
c3_w2_tcop_cm1_states_L0.4_kp0_1042_up0_1000_s42,cm1,stageB,0.05,0.1042,0.1,,42,14,0.1,2,True,,0.408816,-0.0005884637572913543,0.013110198446611444,0.05086046258395044,0.41961260779244325,0.24346073477985708,0.2410234368369213,0.0,0.39899242466277696,0.4498528872467274,0.3660960731829572,0.26729979220555017
c3_w2_tcop_cm1_states_L0.4_kp0_1042_up0_1000_s42,cm1,stageB,0.05,0.1042,0.1,,42,15,0.0,0,False,BLOCK_15_PARTIAL_CYCLE,0.39860799999999996,-0.003590419607922499,0.023630800119572155,0.04997621087120674,0.3949719591894807,0.2388953121764569,0.23593376348156542,0.0,0.3752720352894233,0.42524824616063006,0.3643392107533075,0.2739531429969729
c3_w2_tcop_cm1_states_L0.4_kp0_1042_up0_1000_s137,cm1,stageB,0.05,0.1042,0.1,,137,0,0.0,0,False,PRE_PRIMARY_INCOMPLETE_CYCLE,0.38800000000000007,0.0008567365412611719,0.014904624480889701,0.04997621087120674,0.3944474728065925,0.23877706255361839,0.23593376348156542,0.0,0.3752720352894233,0.42524824616063006,0.3758594500575748,0.2766378719104721
c3_w2_tcop_cm1_states_L0.4_kp0_1042_up0_1000_s137,cm1,stageB,0.05,0.1042,0.1,,137,1,0.05,1,False,PRE_PRIMARY_INCOMPLETE_CYCLE,0.4035039999999999,-0.003253127714155922,-0.007027964220758968,0.0504468648914182,0.4072235612742606,0.24131687679771097,0.23860730000333555,0.0,0.38706527253225376,0.43751213742367195,0.36673626305584434,0.26863145030996977
c3_w2_tcop_cm1_states_L0.4_kp0_1042_up0_1000_s137,cm1,stageB,0.05,0.1042,0.1,,137,2,0.1,2,False,PRE_PRIMARY_INCOMPLETE_CYCLE,0.41025599999999995,0.0004090569408387999,0.005821917419173014,0.05086046258395044,0.41968580815428974,0.24347209629053385,0.2410234368369213,0.0,0.39899242466277696,0.4498528872467274,0.36846508698076547,0.2674273389908468
c3_w2_tcop_cm1_states_L0.4_kp0_1042_up0_1000_s137,cm1,stageB,0.05,0.1042,0.1,,137,3,0.0,0,True,,0.398672,0.0011751848120248297,0.006055787621783943,0.04997621087120674,0.3949751930922564,0.2388958578005305,0.23593376348156542,0.0,0.3752720352894233,0.42524824616063006,0.37634577879924386,0.27103420017630137
c3_w2_tcop_cm1_states_L0.4_kp0_1042_up0_1000_s137,cm1,stageB,0.05,0.1042,0.1,,137,4,0.05,1,True,,0.40268800000000005,0.0016995218957280133,-0.015036497228252003,0.0504468648914182,0.40718296390438347,0.24130819211823035,0.23860730000333555,0.0,0.38706527253225376,0.43751213742367195,0.379675876344392,0.27162140722527073
c3_w2_tcop_cm1_states_L0.4_kp0_1042_up0_1000_s137,cm1,stageB,0.05,0.1042,0.1,,137,5,0.1,2,True,,0.41032,0.0026107925180909007,0.008632312656944191,0.05086046258395044,0.41968943302257805,0.243471577770008,0.2410234368369213,0.0,0.39899242466277696,0.4498528872467274,0.37558305066169184,0.2680990538598167
c3_w2_tcop_cm1_states_L0.4_kp0_1042_up0_1000_s137,cm1,stageB,0.05,0.1042,0.1,,137,6,0.0,0,True,,0.39736,0.002786660881879808,-0.00391679594675495,0.04997621087120674,0.3949102281524433,0.23888136513844863,0.23593376348156542,0.0,0.3752720352894233,0.42524824616063006,0.38052400779272977,0.27071730015229123
c3_w2_tcop_cm1_states_L0.4_kp0_1042_up0_1000_s137,cm1,stageB,0.05,0.1042,0.1,,137,7,0.05,1,True,,0.404688,-0.00025814152179871376,0.0030245364729804703,0.0504468648914182,0.4072831159319047,0.24132793920608236,0.23860730000333555,0.0,0.38706527253225376,0.43751213742367195,0.3728306097845667,0.2730417098217782
c3_w2_tcop_cm1_states_L0.4_kp0_1042_up0_1000_s137,cm1,stageB,0.05,0.1042,0.1,,137,8,0.1,2,True,,0.40974400000000005,-0.0002831168573576074,0.008798054562408893,0.05086046258395044,0.4196601017912143,0.24346718219870594,0.2410234368369213,0.0,0.39899242466277696,0.4498528872467274,0.37277526533728783,0.27146326667063164
c3_w2_tcop_cm1_states_L0.4_kp0_1042_up0_1000_s137,cm1,stageB,0.05,0.1042,0.1,,137,9,0.0,0,True,,0.396688,0.0040733528722251885,0.02865884215620822,0.04997621087120674,0.39487720165280216,0.23887347432553915,0.23593376348156542,0.0,0.3752720352894233,0.42524824616063006,0.3856596334709375,0.2794156753799844
c3_w2_tcop_cm1_states_L0.4_kp0_1042_up0_1000_s137,cm1,stageB,0.05,0.1042,0.1,,137,10,0.05,1,True,,0.403712,-0.0021308289952873885,0.020459318533454895,0.0504468648914182,0.4072336555114606,0.24131972801423465,0.23860730000333555,0.0,0.38706527253225376,0.43751213742367195,0.36677437700422433,0.2681156688322836
c3_w2_tcop_cm1_states_L0.4_kp0_1042_up0_1000_s137,cm1,stageB,0.05,0.1042,0.1,,137,11,0.1,2,True,,0.41022400000000003,2.5100542053862828e-05,0.011046895403461513,0.05086046258395044,0.4196845302905283,0.24347083408523676,0.2410234368369213,0.0,0.39899242466277696,0.4498528872467274,0.37559417934189737,0.26992390092978874
c3_w2_tcop_cm1_states_L0.4_kp0_1042_up0_1000_s137,cm1,stageB,0.05,0.1042,0.1,,137,12,0.0,0,True,,0.398912,0.0012839558953749491,0.006477877871543917,0.04997621087120674,0.3949872946851301,0.23889806273441325,0.23593376348156542,0.0,0.3752720352894233,0.42524824616063006,0.37425397636888347,0.2715575063582287
c3_w2_tcop_cm1_states_L0.4_kp0_1042_up0_1000_s137,cm1,stageB,0.05,0.1042,0.1,,137,13,0.05,1,True,,0.402464,0.0005754507737989992,0.0008798530337434131,0.0504468648914182,0.40717152583124433,0.2413065063824993,0.23860730000333555,0.0,0.38706527253225376,0.43751213742367195,0.37315280645301924,0.2686942450293371
c3_w2_tcop_cm1_states_L0.4_kp0_1042_up0_1000_s137,cm1,stageB,0.05,0.1042,0.1,,137,14,0.1,2,True,,0.412288,0.003250791616076247,0.010134353938124415,0.05086046258395044,0.4197895712818558,0.24348676678661008,0.2410234368369213,0.0,0.39899242466277696,0.4498528872467274,0.38050308000772143,0.27209613491128776
c3_w2_tcop_cm1_states_L0.4_kp0_1042_up0_1000_s137,cm1,stageB,0.05,0.1042,0.1,,137,15,0.0,0,False,BLOCK_15_PARTIAL_CYCLE,0.396704,0.00016712688483978998,0.027779520327961882,0.04997621087120674,0.39487734774553895,0.23887500110117893,0.23593376348156542,0.0,0.3752720352894233,0.42524824616063006,0.3747131981953307,0.2765944208593595
c3_w2_tcop_cm1_states_L0.4_kp0_1042_up0_1000_s256,cm1,stageB,0.05,0.1042,0.1,,256,0,0.0,0,False,PRE_PRIMARY_INCOMPLETE_CYCLE,0.38430400000000003,0.0021741288487494566,0.016619778633432912,0.04997621087120674,0.39426344006097447,0.23873848820683732,0.23593376348156542,0.0,0.3752720352894233,0.42524824616063006,0.3802362497330936,0.2794793320116015
c3_w2_tcop_cm1_states_L0.4_kp0_1042_up0_1000_s256,cm1,stageB,0.05,0.1042,0.1,,256,1,0.05,1,False,PRE_PRIMARY_INCOMPLETE_CYCLE,0.40515200000000007,-0.00320320144275951,0.0064745208519641564,0.0504468648914182,0.40730672867338297,0.2413315686490129,0.23860730000333555,0.0,0.38706527253225376,0.43751213742367195,0.3633683329848957,0.26784340384766675
c3_w2_tcop_cm1_states_L0.4_kp0_1042_up0_1000_s256,cm1,stageB,0.05,0.1042,0.1,,256,2,0.1,2,False,PRE_PRIMARY_INCOMPLETE_CYCLE,0.4133599999999999,-0.0016858376554822758,0.006795982998874085,0.05086046258395044,0.4198431323252442,0.24349792891299502,0.2410234368369213,0.0,0.39899242466277696,0.4498528872467274,0.37004485169896045,0.27099054884560403
c3_w2_tcop_cm1_states_L0.4_kp0_1042_up0_1000_s256,cm1,stageB,0.05,0.1042,0.1,,256,3,0.0,0,True,,0.400144,0.0002011532731581436,0.012392151491216273,0.04997621087120674,0.39504880891906646,0.23891057482762804,0.23593376348156542,0.0,0.3752720352894233,0.42524824616063006,0.3726537523719021,0.2729359314047265
c3_w2_tcop_cm1_states_L0.4_kp0_1042_up0_1000_s256,cm1,stageB,0.05,0.1042,0.1,,256,4,0.05,1,True,,0.403616,0.002861745445043489,0.020297959829801107,0.0504468648914182,0.40722975478665985,0.24131658302728043,0.23860730000333555,0.0,0.38706527253225376,0.43751213742367195,0.3795722429270345,0.2727685144109439
c3_w2_tcop_cm1_states_L0.4_kp0_1042_up0_1000_s256,cm1,stageB,0.05,0.1042,0.1,,256,5,0.1,2,True,,0.40769600000000006,0.00043244168960389546,-0.01591225855425419,0.05086046258395044,0.419556059596222,0.2434508207885477,0.2410234368369213,0.0,0.39899242466277696,0.4498528872467274,0.37507231780982697,0.27255008280522175
c3_w2_tcop_cm1_states_L0.4_kp0_1042_up0_1000_s256,cm1,stageB,0.05,0.1042,0.1,,256,6,0.0,0,True,,0.396416,-0.0039044503425436305,-0.003610522435171291,0.04997621087120674,0.3948626595514287,0.23887270799120644,0.23593376348156542,0.0,0.3752720352894233,0.42524824616063006,0.36009544915880076,0.27047706167973046
c3_w2_tcop_cm1_states_L0.4_kp0_1042_up0_1000_s256,cm1,stageB,0.05,0.1042,0.1,,256,7,0.05,1,True,,0.406048,-0.0010252006201173214,0.012018256956200414,0.0504468648914182,0.40735177769203007,0.24134001146830983,0.23860730000333555,0.0,0.38706527253225376,0.43751213742367195,0.37034553574648593,0.27512807717095183
c3_w2_tcop_cm1_states_L0.4_kp0_1042_up0_1000_s256,cm1,stageB,0.05,0.1042,0.1,,256,8,0.1,2,True,,0.412208,0.003099164834447624,-0.0015207641182234635,0.05086046258395044,0.4197851503961475,0.24348710042785357,0.2410234368369213,0.0,0.39899242466277696,0.4498528872467274,0.37872520457592784,0.26852742097054993
c3_w2_tcop_cm1_states_L0.4_kp0_1042_up0_1000_s256,cm1,stageB,0.05,0.1042,0.1,,256,9,0.0,0,True,,0.398736,-0.0020007151775681842,0.024462862542080733,0.04997621087120674,0.3949781897568571,0.2388969483719313,0.23593376348156542,0.0,0.3752720352894233,0.42524824616063006,0.3689544908846954,0.2706730464541201
c3_w2_tcop_cm1_states_L0.4_kp0_1042_up0_1000_s256,cm1,stageB,0.05,0.1042,0.1,,256,10,0.05,1,True,,0.40305599999999997,-0.0008024878583657843,-0.002085313566884124,0.0504468648914182,0.40720128114419796,0.24131206918464718,0.23860730000333555,0.0,0.38706527253225376,0.43751213742367195,0.3693733524119539,0.26768754872049155
c3_w2_tcop_cm1_states_L0.4_kp0_1042_up0_1000_s256,cm1,stageB,0.05,0.1042,0.1,,256,11,0.1,2,True,,0.410832,-0.0013977396793214809,0.00038798964116119156,0.05086046258395044,0.4197151152337289,0.2434766014874502,0.2410234368369213,0.0,0.39899242466277696,0.4498528872467274,0.3684034454368739,0.26997198901993963
c3_w2_tcop_cm1_states_L0.4_kp0_1042_up0_1000_s256,cm1,stageB,0.05,0.1042,0.1,,256,12,0.0,0,True,,0.39638399999999996,-0.002349718891872675,0.012683661492969879,0.04997621087120674,0.3948613232811891,0.23887188241856408,0.23593376348156542,0.0,0.3752720352894233,0.42524824616063006,0.3664746264342586,0.2756928265922025
c3_w2_tcop_cm1_states_L0.4_kp0_1042_up0_1000_s256,cm1,stageB,0.05,0.1042,0.1,,256,13,0.05,1,True,,0.401232,0.00579862994255213,0.01859538405467422,0.0504468648914182,0.4071100877724348,0.24129377228440588,0.23860730000333555,0.0,0.38706527253225376,0.43751213742367195,0.3868177493826615,0.27579869015531544
c3_w2_tcop_cm1_states_L0.4_kp0_1042_up0_1000_s256,cm1,stageB,0.05,0.1042,0.1,,256,14,0.1,2,True,,0.41119999999999995,-0.004424466619766299,0.013896726862302483,0.05086046258395044,0.4197332143599101,0.2434812066616622,0.2410234368369213,0.0,0.39899242466277696,0.4498528872467274,0.3585110398400984,0.2609719923848825
c3_w2_tcop_cm1_states_L0.4_kp0_1042_up0_1000_s256,cm1,stageB,0.05,0.1042,0.1,,256,15,0.0,0,False,BLOCK_15_PARTIAL_CYCLE,0.396592,-0.0005143873174779672,0.006325966278606699,0.04997621087120674,0.39487183742279564,0.23887372573802282,0.23593376348156542,0.0,0.3752720352894233,0.42524824616063006,0.3675690695430692,0.27355597386498315
c3_w2_tcop_cm1_states_L0.4_kp0_1042_up0_1000_s1024,cm1,stageB,0.05,0.1042,0.1,,1024,0,0.0,0,False,PRE_PRIMARY_INCOMPLETE_CYCLE,0.38537600000000005,-0.0025161284987102735,0.00422137899734997,0.04997621087120674,0.39431667350200056,0.23875000355209852,0.23593376348156542,0.0,0.3752720352894233,0.42524824616063006,0.36946632152547737,0.2798507249755828
c3_w2_tcop_cm1_states_L0.4_kp0_1042_up0_1000_s1024,cm1,stageB,0.05,0.1042,0.1,,1024,1,0.05,1,False,PRE_PRIMARY_INCOMPLETE_CYCLE,0.40327999999999997,-0.0003835288877490261,0.003987648367151566,0.0504468648914182,0.4072123265197619,0.2413147685795935,0.23860730000333555,0.0,0.38706527253225376,0.43751213742367195,0.3709442792699831,0.2749699576601865
c3_w2_tcop_cm1_states_L0.4_kp0_1042_up0_1000_s1024,cm1,stageB,0.05,0.1042,0.1,,1024,2,0.1,2,False,PRE_PRIMARY_INCOMPLETE_CYCLE,0.409568,0.0003236378026975163,0.011550728230692184,0.05086046258395044,0.41965093560413225,0.24346636391566767,0.2410234368369213,0.0,0.39899242466277696,0.4498528872467274,0.37503315493810163,0.2677727734698639
c3_w2_tcop_cm1_states_L0.4_kp0_1042_up0_1000_s1024,cm1,stageB,0.05,0.1042,0.1,,1024,3,0.0,0,True,,0.396672,0.0012939949690490137,0.009437970201000026,0.04997621087120674,0.394875805082576,0.23887456664512763,0.23593376348156542,0.0,0.3752720352894233,0.42524824616063006,0.3764218210375794,0.2721986823902607
c3_w2_tcop_cm1_states_L0.4_kp0_1042_up0_1000_s1024,cm1,stageB,0.05,0.1042,0.1,,1024,4,0.05,1,True,,0.40568,0.001547670365506726,0.007437440540310738,0.0504468648914182,0.40733337477029335,0.24133622467273103,0.23860730000333555,0.0,0.38706527253225376,0.43751213742367195,0.37399974743329456,0.2663150771196862
c3_w2_tcop_cm1_states_L0.4_kp0_1042_up0_1000_s1024,cm1,stageB,0.05,0.1042,0.1,,1024,5,0.1,2,True,,0.411776,-0.0012430584550781481,5.120385702922578e-06,0.05086046258395044,0.41976275911144734,0.24348501793050084,0.2410234368369213,0.0,0.39899242466277696,0.4498528872467274,0.3719741605460558,0.27177719832746966
c3_w2_tcop_cm1_states_L0.4_kp0_1042_up0_1000_s1024,cm1,stageB,0.05,0.1042,0.1,,1024,6,0.0,0,True,,0.402272,-0.0024724854286002863,0.009752646925534762,0.04997621087120674,0.39515466868326066,0.23893296534160735,0.23593376348156542,0.0,0.3752720352894233,0.42524824616063006,0.36564467992335176,0.26862194403662065
c3_w2_tcop_cm1_states_L0.4_kp0_1042_up0_1000_s1024,cm1,stageB,0.05,0.1042,0.1,,1024,7,0.05,1,True,,0.40032,0.0022657285294268195,0.03149678912157744,0.0504468648914182,0.4070636086791743,0.24128675732345045,0.23860730000333555,0.0,0.38706527253225376,0.43751213742367195,0.3761281663315332,0.26782365045842427
c3_w2_tcop_cm1_states_L0.4_kp0_1042_up0_1000_s1024,cm1,stageB,0.05,0.1042,0.1,,1024,8,0.1,2,True,,0.408048,-0.0011943103560476587,0.015503283379487438,0.05086046258395044,0.41957402647532055,0.2434533658900023,0.2410234368369213,0.0,0.39899242466277696,0.4498528872467274,0.37218184648828895,0.2713482218108593
c3_w2_tcop_cm1_states_L0.4_kp0_1042_up0_1000_s1024,cm1,stageB,0.05,0.1042,0.1,,1024,9,0.0,0,True,,0.39841599999999994,-0.0022396057728999606,0.010556225330793576,0.04997621087120674,0.39496247415183927,0.23889311841372982,0.23593376348156542,0.0,0.3752720352894233,0.42524824616063006,0.36949566461399747,0.27249062629985993
c3_w2_tcop_cm1_states_L0.4_kp0_1042_up0_1000_s1024,cm1,stageB,0.05,0.1042,0.1,,1024,10,0.05,1,True,,0.40368000000000004,0.0006626882982886526,0.002023331062200533,0.0504468648914182,0.40723259275449214,0.24131812889304521,0.23860730000333555,0.0,0.38706527253225376,0.43751213742367195,0.3729582632938102,0.2730902500448799
c3_w2_tcop_cm1_states_L0.4_kp0_1042_up0_1000_s1024,cm1,stageB,0.05,0.1042,0.1,,1024,11,0.1,2,True,,0.409968,0.0009236843255954999,0.016111582036731326,0.05086046258395044,0.419671520280437,0.2434688191333723,0.2410234368369213,0.0,0.39899242466277696,0.4498528872467274,0.37718253086562215,0.2729276639320898
c3_w2_tcop_cm1_states_L0.4_kp0_1042_up0_1000_s1024,cm1,stageB,0.05,0.1042,0.1,,1024,12,0.0,0,True,,0.39587199999999995,-0.0010655716911476777,-0.008322080759093037,0.04997621087120674,0.39483576693020556,0.2388666516857133,0.23593376348156542,0.0,0.3752720352894233,0.42524824616063006,0.3705097368790933,0.2725045427921776
c3_w2_tcop_cm1_states_L0.4_kp0_1042_up0_1000_s1024,cm1,stageB,0.05,0.1042,0.1,,1024,13,0.05,1,True,,0.4053920000000001,-0.0010318981991271588,-0.020850582696826978,0.0504468648914182,0.4073188512231393,0.2413337022210527,0.23860730000333555,0.0,0.38706527253225376,0.43751213742367195,0.3673490845603555,0.2706022542485661
c3_w2_tcop_cm1_states_L0.4_kp0_1042_up0_1000_s1024,cm1,stageB,0.05,0.1042,0.1,,1024,14,0.1,2,True,,0.41359999999999997,-0.0016719839237340803,0.006185496548424579,0.05086046258395044,0.4198555698501256,0.24349913335260248,0.2410234368369213,0.0,0.39899242466277696,0.4498528872467274,0.36831677202268964,0.269618561347646
c3_w2_tcop_cm1_states_L0.4_kp0_1042_up0_1000_s1024,cm1,stageB,0.05,0.1042,0.1,,1024,15,0.0,0,False,BLOCK_15_PARTIAL_CYCLE,0.39696,0.0006101152434594153,0.004811126023247234,0.04997621087120674,0.3948899759310363,0.23887794611691204,0.23593376348156542,0.0,0.3752720352894233,0.42524824616063006,0.37249677334085773,0.27172446120421057
c3_w2_tcop_cm1_states_L0.4_kp0_1042_up0_1000_s31415,cm1,stageB,0.05,0.1042,0.1,,31415,0,0.0,0,False,PRE_PRIMARY_INCOMPLETE_CYCLE,0.37977599999999995,-0.0036349154841045605,0.027017321244044632,0.04997621087120674,0.3940374703233618,0.23869228404202011,0.23593376348156542,0.0,0.3752720352894233,0.42524824616063006,0.3636976041902466,0.27634276440415007
c3_w2_tcop_cm1_states_L0.4_kp0_1042_up0_1000_s31415,cm1,stageB,0.05,0.1042,0.1,,31415,1,0.05,1,False,PRE_PRIMARY_INCOMPLETE_CYCLE,0.40097600000000005,0.0003559569558205898,0.014634761188277109,0.0504468648914182,0.4070965365078229,0.24129304307213165,0.23860730000333555,0.0,0.38706527253225376,0.43751213742367195,0.3750980371975938,0.27364635237400914
c3_w2_tcop_cm1_states_L0.4_kp0_1042_up0_1000_s31415,cm1,stageB,0.05,0.1042,0.1,,31415,2,0.1,2,False,PRE_PRIMARY_INCOMPLETE_CYCLE,0.41240000000000004,-9.848297951165738e-05,-0.0032678034450991677,0.05086046258395044,0.41979460197946233,0.24348953233291437,0.2410234368369213,0.0,0.39899242466277696,0.4498528872467274,0.37643738784288855,0.2700682795761843
c3_w2_tcop_cm1_states_L0.4_kp0_1042_up0_1000_s31415,cm1,stageB,0.05,0.1042,0.1,,31415,3,0.0,0,True,,0.395664,-0.0009682538899714338,0.008701385180315007,0.04997621087120674,0.39482556589124557,0.23886414011339216,0.23593376348156542,0.0,0.3752720352894233,0.42524824616063006,0.37046577753717463,0.2728136960943217
c3_w2_tcop_cm1_states_L0.4_kp0_1042_up0_1000_s31415,cm1,stageB,0.05,0.1042,0.1,,31415,4,0.05,1,True,,0.40352,9.904163166101348e-05,-0.010071457576646283,0.0504468648914182,0.40722479014267365,0.24131601633920013,0.23860730000333555,0.0,0.38706527253225376,0.43751213742367195,0.36842998938728877,0.2681697686095076
c3_w2_tcop_cm1_states_L0.4_kp0_1042_up0_1000_s31415,cm1,stageB,0.05,0.1042,0.1,,31415,5,0.1,2,True,,0.40910399999999997,0.002147475927360755,0.014051825026607397,0.05086046258395044,0.41962792598261567,0.2434611075770193,0.2410234368369213,0.0,0.39899242466277696,0.4498528872467274,0.3773613755158505,0.27122945388555836
c3_w2_tcop_cm1_states_L0.4_kp0_1042_up0_1000_s31415,cm1,stageB,0.05,0.1042,0.1,,31415,6,0.0,0,True,,0.39622399999999997,0.0005102833850114045,-0.0017147522308384904,0.04997621087120674,0.394853822508064,0.2388692035583745,0.23593376348156542,0.0,0.3752720352894233,0.42524824616063006,0.3740258963139572,0.27471291587278784
c3_w2_tcop_cm1_states_L0.4_kp0_1042_up0_1000_s31415,cm1,stageB,0.05,0.1042,0.1,,31415,7,0.05,1,True,,0.403312,-0.0029029043445484843,-0.0008314872968408374,0.0504468648914182,0.4072140424674647,0.24131476447951847,0.23860730000333555,0.0,0.38706527253225376,0.43751213742367195,0.3681687872206596,0.27076911211208865
c3_w2_tcop_cm1_states_L0.4_kp0_1042_up0_1000_s31415,cm1,stageB,0.05,0.1042,0.1,,31415,8,0.1,2,True,,0.4097280000000001,0.0025549403463513355,0.013138274436456852,0.05086046258395044,0.4196593200886664,0.24346694559097187,0.2410234368369213,0.0,0.39899242466277696,0.4498528872467274,0.37476933974843996,0.2700636969435676
c3_w2_tcop_cm1_states_L0.4_kp0_1042_up0_1000_s31415,cm1,stageB,0.05,0.1042,0.1,,31415,9,0.0,0,True,,0.39432,-0.0014061644471135611,0.0024580532140075673,0.04997621087120674,0.3947585694027747,0.23885027133487324,0.23593376348156542,0.0,0.3752720352894233,0.42524824616063006,0.3701552859226907,0.27571498238699016
c3_w2_tcop_cm1_states_L0.4_kp0_1042_up0_1000_s31415,cm1,stageB,0.05,0.1042,0.1,,31415,10,0.05,1,True,,0.405232,0.0005877267743616592,0.017607186419112138,0.0504468648914182,0.4073108447104577,0.24133203177771706,0.23860730000333555,0.0,0.38706527253225376,0.43751213742367195,0.37712885576847877,0.2722829214719959
c3_w2_tcop_cm1_states_L0.4_kp0_1042_up0_1000_s31415,cm1,stageB,0.05,0.1042,0.1,,31415,11,0.1,2,True,,0.4092,0.003155333974560971,0.0025616282130011417,0.05086046258395044,0.41963225178191893,0.2434634813968372,0.2410234368369213,0.0,0.39899242466277696,0.4498528872467274,0.3798822961147685,0.2750326969701286
c3_w2_tcop_cm1_states_L0.4_kp0_1042_up0_1000_s31415,cm1,stageB,0.05,0.1042,0.1,,31415,12,0.0,0,True,,0.397664,-0.002868557567506006,0.01858339323137793,0.04997621087120674,0.39492510915640006,0.23888513009961537,0.23593376348156542,0.0,0.3752720352894233,0.42524824616063006,0.36873438578573237,0.2740285221379926
c3_w2_tcop_cm1_states_L0.4_kp0_1042_up0_1000_s31415,cm1,stageB,0.05,0.1042,0.1,,31415,13,0.05,1,True,,0.40536,-0.005100952399625146,-0.007249847383870588,0.0504468648914182,0.4073167170757147,0.24133468329416716,0.23860730000333555,0.0,0.38706527253225376,0.43751213742367195,0.35961034075153847,0.26823226532347183
c3_w2_tcop_cm1_states_L0.4_kp0_1042_up0_1000_s31415,cm1,stageB,0.05,0.1042,0.1,,31415,14,0.1,2,True,,0.408784,0.0007285150768114007,0.008703460418735157,0.05086046258395044,0.41961148192272135,0.24345910974561538,0.2410234368369213,0.0,0.39899242466277696,0.4498528872467274,0.36970837740437157,0.27027174310887253
c3_w2_tcop_cm1_states_L0.4_kp0_1042_up0_1000_s31415,cm1,stageB,0.05,0.1042,0.1,,31415,15,0.0,0,False,BLOCK_15_PARTIAL_CYCLE,0.40110399999999996,-0.0013613390155106822,-0.002015795836780297,0.04997621087120674,0.3950963201871831,0.23892116707158775,0.23593376348156542,0.0,0.3752720352894233,0.42524824616063006,0.3733714426755014,0.2729451652520615
c3_w2_tcop_cm1_states_L0.4_kp0_1042_up0_2500_s42,cm1,stageB,0.05,0.1042,0.25,,42,0,0.0,0,False,PRE_PRIMARY_INCOMPLETE_CYCLE,0.38270400000000004,0.000354167176477894,0.014342533502795676,0.04997621087120674,0.3941833421703104,0.23872265916238464,0.23593376348156542,0.0,0.3752720352894233,0.42524824616063006,0.37631244768592503,0.27710874192818397
c3_w2_tcop_cm1_states_L0.4_kp0_1042_up0_2500_s42,cm1,stageB,0.05,0.1042,0.25,,42,1,0.125,1,False,PRE_PRIMARY_INCOMPLETE_CYCLE,0.413648,-0.003390306607912611,-0.006438186918008849,0.051045238013422645,0.4259570796798185,0.24444029610299658,0.24213139645337792,0.0,0.40500222428094546,0.4560474622943681,0.36251187471277957,0.263930123727819
c3_w2_tcop_cm1_states_L0.4_kp0_1042_up0_2500_s42,cm1,stageB,0.05,0.1042,0.25,,42,2,0.25,2,False,PRE_PRIMARY_INCOMPLETE_CYCLE,0.430128,-0.00028666475570061656,0.0056282473084402285,0.05174049529599317,0.45760953330311527,0.24812024337246313,0.24661978711568677,0.0,0.4354460338230315,0.48718652911902466,0.3764902685122928,0.2714599577627928
c3_w2_tcop_cm1_states_L0.4_kp0_1042_up0_2500_s42,cm1,stageB,0.05,0.1042,0.25,,42,3,0.0,0,True,,0.398976,0.00030286002270023276,-0.010481038641700278,0.04997621087120674,0.394990643225713,0.238898341920909,0.23593376348156542,0.0,0.3752720352894233,0.42524824616063006,0.37433455564802387,0.26731202136096965
c3_w2_tcop_cm1_states_L0.4_kp0_1042_up0_2500_s42,cm1,stageB,0.05,0.1042,0.25,,42,4,0.125,1,True,,0.414272,0.0026138891911187457,0.0029624525725295177,0.051045238013422645,0.4259893455012034,0.2444435439242188,0.24213139645337792,0.0,0.40500222428094546,0.4560474622943681,0.37836619115227016,0.27273164257263416
c3_w2_tcop_cm1_states_L0.4_kp0_1042_up0_2500_s42,cm1,stageB,0.05,0.1042,0.25,,42,5,0.25,2,True,,0.43524799999999997,1.5049301688420738e-05,0.0027941707702995667,0.05174049529599317,0.4578741105235227,0.24814379541190418,0.24661978711568677,0.0,0.4354460338230315,0.48718652911902466,0.36993514691306584,0.2634372347059516
c3_w2_tcop_cm1_states_L0.4_kp0_1042_up0_2500_s42,cm1,stageB,0.05,0.1042,0.25,,42,6,0.0,0,True,,0.39688,-0.001333739543855964,0.0009229683028755983,0.04997621087120674,0.3948857896812235,0.23887752693198672,0.23593376348156542,0.0,0.3752720352894233,0.42524824616063006,0.3694387195536201,0.2739329080621001
c3_w2_tcop_cm1_states_L0.4_kp0_1042_up0_2500_s42,cm1,stageB,0.05,0.1042,0.25,,42,7,0.125,1,True,,0.41457599999999994,-3.322546061643457e-05,0.005810587674956522,0.051045238013422645,0.42600482165666087,0.2444458299060953,0.24213139645337792,0.0,0.40500222428094546,0.4560474622943681,0.369663252212414,0.2716904447647439
c3_w2_tcop_cm1_states_L0.4_kp0_1042_up0_2500_s42,cm1,stageB,0.05,0.1042,0.25,,42,8,0.25,2,True,,0.431008,-0.001088282251585474,0.011370652456516117,0.05174049529599317,0.457654827148738,0.2481254054505812,0.24661978711568677,0.0,0.4354460338230315,0.48718652911902466,0.36945165568222116,0.26483458148528494
c3_w2_tcop_cm1_states_L0.4_kp0_1042_up0_2500_s42,cm1,stageB,0.05,0.1042,0.25,,42,9,0.0,0,True,,0.39939199999999997,-0.00015765854591534705,0.02453973807354555,0.04997621087120674,0.39501098822544234,0.2389034872230246,0.23593376348156542,0.0,0.3752720352894233,0.42524824616063006,0.3711257228873393,0.2712521289878093
c3_w2_tcop_cm1_states_L0.4_kp0_1042_up0_2500_s42,cm1,stageB,0.05,0.1042,0.25,,42,10,0.125,1,True,,0.41331199999999996,0.00020813842888287102,0.0016940383428383134,0.051045238013422645,0.4259404248420398,0.24443636026706655,0.24213139645337792,0.0,0.40500222428094546,0.4560474622943681,0.37143351835612587,0.26801237145621576
c3_w2_tcop_cm1_states_L0.4_kp0_1042_up0_2500_s42,cm1,stageB,0.05,0.1042,0.25,,42,11,0.25,2,True,,0.429616,-0.00012431181726451246,-0.004301246555721831,0.05174049529599317,0.4575829100553844,0.2481189851576395,0.24661978711568677,0.0,0.4354460338230315,0.48718652911902466,0.374195625422314,0.26747740940581055
c3_w2_tcop_cm1_states_L0.4_kp0_1042_up0_2500_s42,cm1,stageB,0.05,0.1042,0.25,,42,12,0.0,0,True,,0.40142399999999995,0.0002037526981639172,0.010096569027488555,0.04997621087120674,0.39511301827657097,0.23892294278775847,0.23593376348156542,0.0,0.3752720352894233,0.42524824616063006,0.3708540102343127,0.27726940673195793
c3_w2_tcop_cm1_states_L0.4_kp0_1042_up0_2500_s42,cm1,stageB,0.05,0.1042,0.25,,42,13,0.125,1,True,,0.414608,-0.005716462808690328,-0.008318186382647927,0.051045238013422645,0.4260062815944053,0.2444465719411917,0.24213139645337792,0.0,0.40500222428094546,0.4560474622943681,0.3588683306760533,0.2654781231705397
c3_w2_tcop_cm1_states_L0.4_kp0_1042_up0_2500_s42,cm1,stageB,0.05,0.1042,0.25,,42,14,0.25,2,True,,0.43065600000000004,-0.000674883898435472,0.011016252312113086,0.05174049529599317,0.4576365981131681,0.24812393959096862,0.24661978711568677,0.0,0.4354460338230315,0.48718652911902466,0.36784858555463495,0.2646746541295916
c3_w2_tcop_cm1_states_L0.4_kp0_1042_up0_2500_s42,cm1,stageB,0.05,0.1042,0.25,,42,15,0.0,0,False,BLOCK_15_PARTIAL_CYCLE,0.39955199999999996,-0.0032956240233017638,0.023301932191847,0.04997621087120674,0.3950190573792377,0.23890496861760754,0.23593376348156542,0.0,0.3752720352894233,0.42524824616063006,0.36468173937646164,0.27392830302845733
c3_w2_tcop_cm1_states_L0.4_kp0_1042_up0_2500_s137,cm1,stageB,0.05,0.1042,0.25,,137,0,0.0,0,False,PRE_PRIMARY_INCOMPLETE_CYCLE,0.38800000000000007,0.0008567365412611719,0.014904624480889701,0.04997621087120674,0.3944474728065925,0.23877706255361839,0.23593376348156542,0.0,0.3752720352894233,0.42524824616063006,0.3758594500575748,0.2766378719104721
c3_w2_tcop_cm1_states_L0.4_kp0_1042_up0_2500_s137,cm1,stageB,0.05,0.1042,0.25,,137,1,0.125,1,False,PRE_PRIMARY_INCOMPLETE_CYCLE,0.41308799999999996,-0.0031647556851520987,-0.007348589757071502,0.051045238013422645,0.4259288456845321,0.24443512590275396,0.24213139645337792,0.0,0.40500222428094546,0.4560474622943681,0.36710017498195635,0.26530597965093944
c3_w2_tcop_cm1_states_L0.4_kp0_1042_up0_2500_s137,cm1,stageB,0.05,0.1042,0.25,,137,2,0.25,2,False,PRE_PRIMARY_INCOMPLETE_CYCLE,0.43127999999999994,0.0003783369673599786,0.0035989343084980537,0.05174049529599317,0.4576689059614132,0.2481264348836668,0.24661978711568677,0.0,0.4354460338230315,0.48718652911902466,0.368541434196554,0.26089483000747543
c3_w2_tcop_cm1_states_L0.4_kp0_1042_up0_2500_s137,cm1,stageB,0.05,0.1042,0.25,,137,3,0.0,0,True,,0.399424,0.0011172155396331621,0.006072042023070156,0.04997621087120674,0.3950126711125212,0.23890363781837218,0.23593376348156542,0.0,0.3752720352894233,0.42524824616063006,0.3761699779128596,0.2708969303336881
c3_w2_tcop_cm1_states_L0.4_kp0_1042_up0_2500_s137,cm1,stageB,0.05,0.1042,0.25,,137,4,0.125,1,True,,0.41384,0.0014007316485814055,-0.016433229928126146,0.051045238013422645,0.42596743415094646,0.24443993612942833,0.24213139645337792,0.0,0.40500222428094546,0.4560474622943681,0.37904157543660394,0.26956902919459785
c3_w2_tcop_cm1_states_L0.4_kp0_1042_up0_2500_s137,cm1,stageB,0.05,0.1042,0.25,,137,5,0.25,2,True,,0.43166400000000005,0.002143244420344305,0.00403481419723083,0.05174049529599317,0.45768895600076076,0.24812708379226742,0.24661978711568677,0.0,0.4354460338230315,0.48718652911902466,0.3756131508490248,0.2646974296408744
c3_w2_tcop_cm1_states_L0.4_kp0_1042_up0_2500_s137,cm1,stageB,0.05,0.1042,0.25,,137,6,0.0,0,True,,0.398208,0.0027626132660424356,-0.004970232623789677,0.04997621087120674,0.3949524964107973,0.2388901228472294,0.23593376348156542,0.0,0.3752720352894233,0.42524824616063006,0.3801146386278324,0.27024968161138335
c3_w2_tcop_cm1_states_L0.4_kp0_1042_up0_2500_s137,cm1,stageB,0.05,0.1042,0.25,,137,7,0.125,1,True,,0.41531199999999996,-0.00039564514932441625,0.0021814515920070953,0.051045238013422645,0.4260420826029724,0.24445215455620878,0.24213139645337792,0.0,0.40500222428094546,0.4560474622943681,0.3710677052803692,0.26894315567742383
c3_w2_tcop_cm1_states_L0.4_kp0_1042_up0_2500_s137,cm1,stageB,0.05,0.1042,0.25,,137,8,0.25,2,True,,0.4305439999999999,4.847964047601487e-05,0.008143029738182928,0.05174049529599317,0.45763100137581,0.24812240005939395,0.24661978711568677,0.0,0.4354460338230315,0.48718652911902466,0.37472453698677627,0.2681897428499888
c3_w2_tcop_cm1_states_L0.4_kp0_1042_up0_2500_s137,cm1,stageB,0.05,0.1042,0.25,,137,9,0.0,0,True,,0.397392,0.003977347575015405,0.029171803495820946,0.04997621087120674,0.39491230697751756,0.23888071707168096,0.23593376348156542,0.0,0.3752720352894233,0.42524824616063006,0.3856496926753356,0.2795630869811007
c3_w2_tcop_cm1_states_L0.4_kp0_1042_up0_2500_s137,cm1,stageB,0.05,0.1042,0.25,,137,10,0.125,1,True,,0.414176,-0.0022766941146370643,0.017757579507499857,0.051045238013422645,0.42598387611186994,0.24444461407827844,0.24213139645337792,0.0,0.40500222428094546,0.4560474622943681,0.3653148367567862,0.26599960740130624
c3_w2_tcop_cm1_states_L0.4_kp0_1042_up0_2500_s137,cm1,stageB,0.05,0.1042,0.25,,137,11,0.25,2,True,,0.431248,-0.001040379778119395,0.012559870223565691,0.05174049529599317,0.4576673911421574,0.24812553014814911,0.24661978711568677,0.0,0.4354460338230315,0.48718652911902466,0.3732084711024489,0.2650473402614151
c3_w2_tcop_cm1_states_L0.4_kp0_1042_up0_2500_s137,cm1,stageB,0.05,0.1042,0.25,,137,12,0.0,0,True,,0.39976,0.0012811372966126798,0.006694556366737773,0.04997621087120674,0.3950295760483132,0.23890679670467954,0.23593376348156542,0.0,0.3752720352894233,0.42524824616063006,0.3739990359174245,0.27100129861454325
c3_w2_tcop_cm1_states_L0.4_kp0_1042_up0_2500_s137,cm1,stageB,0.05,0.1042,0.25,,137,13,0.125,1,True,,0.41256,-0.0004021805728739184,-0.0005709381750414955,0.051045238013422645,0.42590215106530904,0.24443049043986048,0.24213139645337792,0.0,0.40500222428094546,0.4560474622943681,0.37122588229961145,0.2667015945805597
c3_w2_tcop_cm1_states_L0.4_kp0_1042_up0_2500_s137,cm1,stageB,0.05,0.1042,0.25,,137,14,0.25,2,True,,0.432592,0.0023292792670193377,0.005761935242218402,0.05174049529599317,0.45773713100603175,0.2481299875835264,0.24661978711568677,0.0,0.4354460338230315,0.48718652911902466,0.37871501819602005,0.26556773720281496
c3_w2_tcop_cm1_states_L0.4_kp0_1042_up0_2500_s137,cm1,stageB,0.05,0.1042,0.25,,137,15,0.0,0,False,BLOCK_15_PARTIAL_CYCLE,0.39750399999999997,0.00035085218823753983,0.029935300868693133,0.04997621087120674,0.3949172499089148,0.23888321448378427,0.23593376348156542,0.0,0.3752720352894233,0.42524824616063006,0.3750350960705511,0.2765762777076335
c3_w2_tcop_cm1_states_L0.4_kp0_1042_up0_2500_s256,cm1,stageB,0.05,0.1042,0.25,,256,0,0.0,0,False,PRE_PRIMARY_INCOMPLETE_CYCLE,0.38430400000000003,0.0021741288487494566,0.016619778633432912,0.04997621087120674,0.39426344006097447,0.23873848820683732,0.23593376348156542,0.0,0.3752720352894233,0.42524824616063006,0.3802362497330936,0.2794793320116015
c3_w2_tcop_cm1_states_L0.4_kp0_1042_up0_2500_s256,cm1,stageB,0.05,0.1042,0.25,,256,1,0.125,1,False,PRE_PRIMARY_INCOMPLETE_CYCLE,0.41611200000000004,-0.0033344875719573553,0.005140879637004473,0.051045238013422645,0.42608306856592804,0.24445739187036478,0.24213139645337792,0.0,0.40500222428094546,0.4560474622943681,0.36257247247794516,0.2646663346476734
c3_w2_tcop_cm1_states_L0.4_kp0_1042_up0_2500_s256,cm1,stageB,0.05,0.1042,0.25,,256,2,0.25,2,False,PRE_PRIMARY_INCOMPLETE_CYCLE,0.43404799999999993,-0.0014503645665584206,0.010099058272780627,0.05174049529599317,0.45781195978313427,0.24813912484202333,0.24661978711568677,0.0,0.4354460338230315,0.48718652911902466,0.3717779197074188,0.2676024484986405
c3_w2_tcop_cm1_states_L0.4_kp0_1042_up0_2500_s256,cm1,stageB,0.05,0.1042,0.25,,256,3,0.0,0,True,,0.400864,0.0002473459383409916,0.011728248559921989,0.04997621087120674,0.39508467706369516,0.2389180537673526,0.23593376348156542,0.0,0.3752720352894233,0.42524824616063006,0.3726440918795072,0.2724929658602307
c3_w2_tcop_cm1_states_L0.4_kp0_1042_up0_2500_s256,cm1,stageB,0.05,0.1042,0.25,,256,4,0.125,1,True,,0.4137759999999999,0.0033591729694267963,0.02335290862991521,0.051045238013422645,0.4259644511768464,0.24443858895969664,0.24213139645337792,0.0,0.40500222428094546,0.4560474622943681,0.38006506553138003,0.27105841615881165
c3_w2_tcop_cm1_states_L0.4_kp0_1042_up0_2500_s256,cm1,stageB,0.05,0.1042,0.25,,256,5,0.25,2,True,,0.428736,0.0006523033751399135,-0.017213220978453472,0.05174049529599317,0.4575374735342714,0.24811469803857636,0.24661978711568677,0.0,0.4354460338230315,0.48718652911902466,0.37656810748881253,0.27054448995622243
c3_w2_tcop_cm1_states_L0.4_kp0_1042_up0_2500_s256,cm1,stageB,0.05,0.1042,0.25,,256,6,0.0,0,True,,0.397408,-0.00391104670681284,-0.002026684796276684,0.04997621087120674,0.3949120920974162,0.2388829833450393,0.23593376348156542,0.0,0.3752720352894233,0.42524824616063006,0.3603080157443344,0.27039921542685236
c3_w2_tcop_cm1_states_L0.4_kp0_1042_up0_2500_s256,cm1,stageB,0.05,0.1042,0.25,,256,7,0.125,1,True,,0.415872,-0.0012555258773638731,0.011476494321759447,0.051045238013422645,0.4260708508267786,0.2444556264518319,0.24213139645337792,0.0,0.40500222428094546,0.4560474622943681,0.3702901962135972,0.27155969541358727
c3_w2_tcop_cm1_states_L0.4_kp0_1042_up0_2500_s256,cm1,stageB,0.05,0.1042,0.25,,256,8,0.25,2,True,,0.43248000000000003,0.003767298909754012,-0.004175314122751056,0.05174049529599317,0.45773116839516664,0.24813046401071975,0.24661978711568677,0.0,0.4354460338230315,0.48718652911902466,0.3809399034919479,0.2664359919523852
c3_w2_tcop_cm1_states_L0.4_kp0_1042_up0_2500_s256,cm1,stageB,0.05,0.1042,0.25,,256,9,0.0,0,True,,0.399664,-0.002097207690876482,0.02516131022723529,0.04997621087120674,0.3950244323043509,0.2389065628324787,0.23593376348156542,0.0,0.3752720352894233,0.42524824616063006,0.36851788998171464,0.2702798670705024
c3_w2_tcop_cm1_states_L0.4_kp0_1042_up0_2500_s256,cm1,stageB,0.05,0.1042,0.25,,256,10,0.125,1,True,,0.41408,-0.0005510595075723747,0.0008464979412944191,0.051045238013422645,0.4259796295351082,0.24444182023436625,0.24213139645337792,0.0,0.40500222428094546,0.4560474622943681,0.36999707094014583,0.26553054264881437
c3_w2_tcop_cm1_states_L0.4_kp0_1042_up0_2500_s256,cm1,stageB,0.05,0.1042,0.25,,256,11,0.25,2,True,,0.43220800000000004,-0.0004139547188261553,0.0014709970939672586,0.05174049529599317,0.4577169676358333,0.24813017113213898,0.24661978711568677,0.0,0.4354460338230315,0.48718652911902466,0.3682254148548971,0.26222084574491805
c3_w2_tcop_cm1_states_L0.4_kp0_1042_up0_2500_s256,cm1,stageB,0.05,0.1042,0.25,,256,12,0.0,0,True,,0.39744,-0.00267843973033614,0.011524159734291922,0.04997621087120674,0.39491394193189117,0.2388828266599706,0.23593376348156542,0.0,0.3752720352894233,0.42524824616063006,0.3658903985785282,0.27513089194933543
c3_w2_tcop_cm1_states_L0.4_kp0_1042_up0_2500_s256,cm1,stageB,0.05,0.1042,0.25,,256,13,0.125,1,True,,0.41177600000000003,0.005599548177036328,0.0203993308819626,0.051045238013422645,0.42586262669679686,0.24442327494888416,0.24213139645337792,0.0,0.40500222428094546,0.4560474622943681,0.3860844545008256,0.2720511552192835
c3_w2_tcop_cm1_states_L0.4_kp0_1042_up0_2500_s256,cm1,stageB,0.05,0.1042,0.25,,256,14,0.25,2,True,,0.431408,-0.005192574478066239,0.015218291925652654,0.05174049529599317,0.45767522132618393,0.2481287585715901,0.24661978711568677,0.0,0.4354460338230315,0.48718652911902466,0.35766617589367966,0.2560814038963893
c3_w2_tcop_cm1_states_L0.4_kp0_1042_up0_2500_s256,cm1,stageB,0.05,0.1042,0.25,,256,15,0.0,0,False,BLOCK_15_PARTIAL_CYCLE,0.39734400000000003,-0.0003663690169846234,0.005776379192781375,0.04997621087120674,0.3949093439452639,0.2388814458609508,0.23593376348156542,0.0,0.3752720352894233,0.42524824616063006,0.3683024856574449,0.27372513930455245
c3_w2_tcop_cm1_states_L0.4_kp0_1042_up0_2500_s1024,cm1,stageB,0.05,0.1042,0.25,,1024,0,0.0,0,False,PRE_PRIMARY_INCOMPLETE_CYCLE,0.38537600000000005,-0.0025161284987102735,0.00422137899734997,0.04997621087120674,0.39431667350200056,0.23875000355209852,0.23593376348156542,0.0,0.3752720352894233,0.42524824616063006,0.36946632152547737,0.2798507249755828
c3_w2_tcop_cm1_states_L0.4_kp0_1042_up0_2500_s1024,cm1,stageB,0.05,0.1042,0.25,,1024,1,0.125,1,False,PRE_PRIMARY_INCOMPLETE_CYCLE,0.41358399999999995,-0.0006133509171032547,0.0026180556458225293,0.051045238013422645,0.4259541410862907,0.2444388594883609,0.24213139645337792,0.0,0.40500222428094546,0.4560474622943681,0.3702410620247806,0.272930655224735
c3_w2_tcop_cm1_states_L0.4_kp0_1042_up0_2500_s1024,cm1,stageB,0.05,0.1042,0.25,,1024,2,0.25,2,False,PRE_PRIMARY_INCOMPLETE_CYCLE,0.4307040000000001,0.0006751341760035158,0.012573615585262645,0.05174049529599317,0.4576391459737244,0.2481237676582395,0.24661978711568677,0.0,0.4354460338230315,0.48718652911902466,0.3756068436770079,0.26220830318141963
c3_w2_tcop_cm1_states_L0.4_kp0_1042_up0_2500_s1024,cm1,stageB,0.05,0.1042,0.25,,1024,3,0.0,0,True,,0.397392,0.0012412580111007237,0.008180991604690081,0.04997621087120674,0.39491167770034147,0.2388820382937237,0.23593376348156542,0.0,0.3752720352894233,0.42524824616063006,0.3762971630226651,0.27228354075220806
c3_w2_tcop_cm1_states_L0.4_kp0_1042_up0_2500_s1024,cm1,stageB,0.05,0.1042,0.25,,1024,4,0.125,1,True,,0.416144,0.00034317028517560536,0.0035023858814807866,0.051045238013422645,0.42608473673973896,0.2444574914576367,0.24213139645337792,0.0,0.40500222428094546,0.4560474622943681,0.3713470578529129,0.26319706509606383
c3_w2_tcop_cm1_states_L0.4_kp0_1042_up0_2500_s1024,cm1,stageB,0.05,0.1042,0.25,,1024,5,0.25,2,True,,0.432928,-0.0021448860355834857,0.0018895585668920183,0.05174049529599317,0.4577539828660698,0.24813459668818383,0.24661978711568677,0.0,0.4354460338230315,0.48718652911902466,0.3692439985867555,0.26526797036671207
c3_w2_tcop_cm1_states_L0.4_kp0_1042_up0_2500_s1024,cm1,stageB,0.05,0.1042,0.25,,1024,6,0.0,0,True,,0.403088,-0.002408930083352078,0.010400976109307849,0.04997621087120674,0.39519537165203866,0.23894133288610742,0.23593376348156542,0.0,0.3752720352894233,0.42524824616063006,0.3659095730076583,0.2684330799286069
c3_w2_tcop_cm1_states_L0.4_kp0_1042_up0_2500_s1024,cm1,stageB,0.05,0.1042,0.25,,1024,7,0.125,1,True,,0.41099199999999997,0.0007617706501489243,0.02675952873895002,0.051045238013422645,0.4258221073296758,0.244419212116475,0.24213139645337792,0.0,0.40500222428094546,0.4560474622943681,0.37366665625902107,0.2641223821210297
c3_w2_tcop_cm1_states_L0.4_kp0_1042_up0_2500_s1024,cm1,stageB,0.05,0.1042,0.25,,1024,8,0.25,2,True,,0.428256,-0.000886836306339385,0.013204471022360385,0.05174049529599317,0.4575127206975434,0.24811210752013108,0.24661978711568677,0.0,0.4354460338230315,0.48718652911902466,0.37267030473142987,0.2642143917200183
c3_w2_tcop_cm1_states_L0.4_kp0_1042_up0_2500_s1024,cm1,stageB,0.05,0.1042,0.25,,1024,9,0.0,0,True,,0.39910399999999996,-0.0022306954338409367,0.009822743890888615,0.04997621087120674,0.3949967664963604,0.2389002316754178,0.23593376348156542,0.0,0.3752720352894233,0.42524824616063006,0.369857556257929,0.2726751029098003
c3_w2_tcop_cm1_states_L0.4_kp0_1042_up0_2500_s1024,cm1,stageB,0.05,0.1042,0.25,,1024,10,0.125,1,True,,0.41376000000000007,0.0006221057537381014,0.00040445442956204376,0.051045238013422645,0.42596315907203613,0.24444000698087107,0.24213139645337792,0.0,0.40500222428094546,0.4560474622943681,0.37365765173505694,0.2702495184402879
c3_w2_tcop_cm1_states_L0.4_kp0_1042_up0_2500_s1024,cm1,stageB,0.05,0.1042,0.25,,1024,11,0.25,2,True,,0.43150400000000005,0.0004064479170924947,0.015422288200813643,0.05174049529599317,0.45768066212114167,0.24812648267833393,0.24661978711568677,0.0,0.4354460338230315,0.48718652911902466,0.37559277943409747,0.26687966696871096
c3_w2_tcop_cm1_states_L0.4_kp0_1042_up0_2500_s1024,cm1,stageB,0.05,0.1042,0.25,,1024,12,0.0,0,True,,0.39680000000000004,-0.0011090039086244451,-0.00763888888888889,0.04997621087120674,0.3948820041755092,0.2388762806459663,0.23593376348156542,0.0,0.3752720352894233,0.42524824616063006,0.37032432724509184,0.2724004538777851
c3_w2_tcop_cm1_states_L0.4_kp0_1042_up0_2500_s1024,cm1,stageB,0.05,0.1042,0.25,,1024,13,0.125,1,True,,0.41600000000000004,-0.0013380962959820986,-0.015643722540274265,0.051045238013422645,0.42607734391659313,0.24445667084695744,0.24213139645337792,0.0,0.40500222428094546,0.4560474622943681,0.36633211941201593,0.26732487673582545
c3_w2_tcop_cm1_states_L0.4_kp0_1042_up0_2500_s1024,cm1,stageB,0.05,0.1042,0.25,,1024,14,0.25,2,True,,0.434816,-0.0009953229680985283,0.009283690557827056,0.05174049529599317,0.45785183844729677,0.24814151882624252,0.24661978711568677,0.0,0.4354460338230315,0.48718652911902466,0.37039687502093693,0.26592616704611205
c3_w2_tcop_cm1_states_L0.4_kp0_1042_up0_2500_s1024,cm1,stageB,0.05,0.1042,0.25,,1024,15,0.0,0,False,BLOCK_15_PARTIAL_CYCLE,0.397888,0.0007093555842909763,0.004028168742629802,0.04997621087120674,0.39493626690021333,0.23888746041400266,0.23593376348156542,0.0,0.3752720352894233,0.42524824616063006,0.37293325846346315,0.2719342412301543
c3_w2_tcop_cm1_states_L0.4_kp0_1042_up0_2500_s31415,cm1,stageB,0.05,0.1042,0.25,,31415,0,0.0,0,False,PRE_PRIMARY_INCOMPLETE_CYCLE,0.37977599999999995,-0.0036349154841045605,0.027017321244044632,0.04997621087120674,0.3940374703233618,0.23869228404202011,0.23593376348156542,0.0,0.3752720352894233,0.42524824616063006,0.3636976041902466,0.27634276440415007
c3_w2_tcop_cm1_states_L0.4_kp0_1042_up0_2500_s31415,cm1,stageB,0.05,0.1042,0.25,,31415,1,0.125,1,False,PRE_PRIMARY_INCOMPLETE_CYCLE,0.41192,0.00029672808312038705,0.015177174733490548,0.051045238013422645,0.4258694064284721,0.24442616527832312,0.24213139645337792,0.0,0.40500222428094546,0.4560474622943681,0.3743204877072429,0.2690820605465648
c3_w2_tcop_cm1_states_L0.4_kp0_1042_up0_2500_s31415,cm1,stageB,0.05,0.1042,0.25,,31415,2,0.25,2,False,PRE_PRIMARY_INCOMPLETE_CYCLE,0.432208,-0.00020863193005672443,-0.002542205630684164,0.05174049529599317,0.4577168292289926,0.2481309042393406,0.24661978711568677,0.0,0.4354460338230315,0.48718652911902466,0.3740003090984456,0.26530676465384884
c3_w2_tcop_cm1_states_L0.4_kp0_1042_up0_2500_s31415,cm1,stageB,0.05,0.1042,0.25,,31415,3,0.0,0,True,,0.39657600000000004,-0.0010572332810326699,0.008705237287119935,0.04997621087120674,0.3948710035093694,0.2388736048382086,0.23593376348156542,0.0,0.3752720352894233,0.42524824616063006,0.36993174213314917,0.27222208127716124
c3_w2_tcop_cm1_states_L0.4_kp0_1042_up0_2500_s31415,cm1,stageB,0.05,0.1042,0.25,,31415,4,0.125,1,True,,0.4136000000000001,-0.0001706896968943933,-0.006619852241972056,0.051045238013422645,0.42595518957403417,0.2444382067192699,0.24213139645337792,0.0,0.40500222428094546,0.4560474622943681,0.36854502030451125,0.2657359637119001
c3_w2_tcop_cm1_states_L0.4_kp0_1042_up0_2500_s31415,cm1,stageB,0.05,0.1042,0.25,,31415,5,0.25,2,True,,0.429184,0.0014872246090373651,0.015828137624743114,0.05174049529599317,0.457560764439947,0.24811595012939017,0.24661978711568677,0.0,0.4354460338230315,0.48718652911902466,0.3757768568029896,0.26616664732514933
c3_w2_tcop_cm1_states_L0.4_kp0_1042_up0_2500_s31415,cm1,stageB,0.05,0.1042,0.25,,31415,6,0.0,0,True,,0.3972,0.0006286844177420575,-0.0022870889592898143,0.04997621087120674,0.39490253482555593,0.23887914872459612,0.23593376348156542,0.0,0.3752720352894233,0.42524824616063006,0.37466459454906187,0.2749586868739108
c3_w2_tcop_cm1_states_L0.4_kp0_1042_up0_2500_s31415,cm1,stageB,0.05,0.1042,0.25,,31415,7,0.125,1,True,,0.413824,-0.0034118633844115254,-4.015729634453355e-05,0.051045238013422645,0.4259663617595251,0.24444063783600326,0.24213139645337792,0.0,0.40500222428094546,0.4560474622943681,0.3657148804710563,0.26901259687575246
c3_w2_tcop_cm1_states_L0.4_kp0_1042_up0_2500_s31415,cm1,stageB,0.05,0.1042,0.25,,31415,8,0.25,2,True,,0.431504,0.0028146798724310363,0.01283749138402529,0.05174049529599317,0.45768064125502667,0.24812660966262676,0.24661978711568677,0.0,0.4354460338230315,0.48718652911902466,0.3731876268942515,0.2647414872821736
c3_w2_tcop_cm1_states_L0.4_kp0_1042_up0_2500_s31415,cm1,stageB,0.05,0.1042,0.25,,31415,9,0.0,0,True,,0.39513600000000004,-0.0014360661274722,0.001159520182572984,0.04997621087120674,0.3947992311296488,0.23885872607372055,0.23593376348156542,0.0,0.3752720352894233,0.42524824616063006,0.369967241110211,0.27522599158909883
c3_w2_tcop_cm1_states_L0.4_kp0_1042_up0_2500_s31415,cm1,stageB,0.05,0.1042,0.25,,31415,10,0.125,1,True,,0.415488,-0.00023196849679322395,0.017585824110207888,0.051045238013422645,0.4260512347186854,0.24445276516661,0.24213139645337792,0.0,0.40500222428094546,0.4560474622943681,0.3742745756222773,0.26864496993880915
c3_w2_tcop_cm1_states_L0.4_kp0_1042_up0_2500_s31415,cm1,stageB,0.05,0.1042,0.25,,31415,11,0.25,2,True,,0.429424,0.0019371203683158846,0.0005783562277601501,0.05174049529599317,0.45757291742500267,0.24811849385245324,0.24661978711568677,0.0,0.4354460338230315,0.48718652911902466,0.37724594551019225,0.26732067727578146
c3_w2_tcop_cm1_states_L0.4_kp0_1042_up0_2500_s31415,cm1,stageB,0.05,0.1042,0.25,,31415,12,0.0,0,True,,0.39856,-0.0028823632471820094,0.01789068813873595,0.04997621087120674,0.39496979945626504,0.2388943241544033,0.23593376348156542,0.0,0.3752720352894233,0.42524824616063006,0.3685342582410549,0.2739889189788436
c3_w2_tcop_cm1_states_L0.4_kp0_1042_up0_2500_s31415,cm1,stageB,0.05,0.1042,0.25,,31415,13,0.125,1,True,,0.415216,-0.003929999149625334,0.00020396746465138843,0.051045238013422645,0.4260371601346538,0.24445153152341512,0.24213139645337792,0.0,0.40500222428094546,0.4560474622943681,0.3620429690511533,0.2673595034572497
c3_w2_tcop_cm1_states_L0.4_kp0_1042_up0_2500_s31415,cm1,stageB,0.05,0.1042,0.25,,31415,14,0.25,2,True,,0.43038400000000004,-0.0008147922394643335,0.007433984532494271,0.05174049529599317,0.4576227311038212,0.24812171616443135,0.24661978711568677,0.0,0.4354460338230315,0.48718652911902466,0.36811950527394033,0.26708335628385027
c3_w2_tcop_cm1_states_L0.4_kp0_1042_up0_2500_s31415,cm1,stageB,0.05,0.1042,0.25,,31415,15,0.0,0,False,BLOCK_15_PARTIAL_CYCLE,0.40199999999999997,-0.0010488526252388232,-0.0031400529370181015,0.04997621087120674,0.39514100599777363,0.23893037155800936,0.23593376348156542,0.0,0.3752720352894233,0.42524824616063006,0.3742624834068235,0.2728829341999112
c3_w2_tcop_cm1_states_L0.4_kp0_1042_up0_5000_s42,cm1,stageB,0.05,0.1042,0.5,,42,0,0.0,0,False,PRE_PRIMARY_INCOMPLETE_CYCLE,0.38270400000000004,0.000354167176477894,0.014342533502795676,0.04997621087120674,0.3941833421703104,0.23872265916238464,0.23593376348156542,0.0,0.3752720352894233,0.42524824616063006,0.37631244768592503,0.27710874192818397
c3_w2_tcop_cm1_states_L0.4_kp0_1042_up0_5000_s42,cm1,stageB,0.05,0.1042,0.5,,42,1,0.25,1,False,PRE_PRIMARY_INCOMPLETE_CYCLE,0.430128,-0.003535271316234041,-0.00917114352678351,0.05174049529599317,0.45760915538707525,0.24812244983221454,0.24661978711568677,0.0,0.4354460338230315,0.48718652911902466,0.3618458767960253,0.2596962976422159
c3_w2_tcop_cm1_states_L0.4_kp0_1042_up0_5000_s42,cm1,stageB,0.05,0.1042,0.5,,42,2,0.5,2,False,PRE_PRIMARY_INCOMPLETE_CYCLE,0.46110400000000007,-7.61263086118803e-05,0.004935343060475525,0.05193710060587137,0.5215863950998167,0.24944914920159655,0.24866093930794794,0.0,0.49758374178235515,0.5495208423882265,0.37938205078057924,0.26554346802271306
c3_w2_tcop_cm1_states_L0.4_kp0_1042_up0_5000_s42,cm1,stageB,0.05,0.1042,0.5,,42,3,0.0,0,True,,0.40014399999999994,0.0002391801494097426,-0.0110902169470588,0.04997621087120674,0.39504892514817114,0.23891027458402733,0.23593376348156542,0.0,0.3752720352894233,0.42524824616063006,0.374048196419819,0.26737989557134645
c3_w2_tcop_cm1_states_L0.4_kp0_1042_up0_5000_s42,cm1,stageB,0.05,0.1042,0.5,,42,4,0.25,1,True,,0.43123200000000006,0.0022691567087854843,0.0003338459748752544,0.05174049529599317,0.45766663310642564,0.24812513319348237,0.24661978711568677,0.0,0.4354460338230315,0.48718652911902466,0.37866614829300294,0.2686459330233471
c3_w2_tcop_cm1_states_L0.4_kp0_1042_up0_5000_s42,cm1,stageB,0.05,0.1042,0.5,,42,5,0.5,2,True,,0.46673599999999993,-0.0005547914852779771,0.009826683988337663,0.05193710060587137,0.5218793080412663,0.24943769574801183,0.24866093930794794,0.0,0.49758374178235515,0.5495208423882265,0.3710811747790072,0.26018878988811117
c3_w2_tcop_cm1_states_L0.4_kp0_1042_up0_5000_s42,cm1,stageB,0.05,0.1042,0.5,,42,6,0.0,0,True,,0.39812800000000004,-0.000927404244401289,0.0034598168014206613,0.04997621087120674,0.39494810845854583,0.23889017895724474,0.23593376348156542,0.0,0.3752720352894233,0.42524824616063006,0.37038908564394846,0.2738570117151699
c3_w2_tcop_cm1_states_L0.4_kp0_1042_up0_5000_s42,cm1,stageB,0.05,0.1042,0.5,,42,7,0.25,1,True,,0.431248,-0.0002986116459529878,-0.0008104730677196765,0.05174049529599317,0.4576672973254877,0.24812603849376394,0.24661978711568677,0.0,0.4354460338230315,0.48718652911902466,0.36856050029676046,0.26417435671404893
c3_w2_tcop_cm1_states_L0.4_kp0_1042_up0_5000_s42,cm1,stageB,0.05,0.1042,0.5,,42,8,0.5,2,True,,0.46374399999999993,-0.0022511515283818386,0.019944761755690748,0.05193710060587137,0.521723792818799,0.24944491061361942,0.24866093930794794,0.0,0.49758374178235515,0.5495208423882265,0.36566893699196334,0.25399495483830264
c3_w2_tcop_cm1_states_L0.4_kp0_1042_up0_5000_s42,cm1,stageB,0.05,0.1042,0.5,,42,9,0.0,0,True,,0.40075199999999994,0.0003480267163286421,0.025698980308678482,0.04997621087120674,0.39507891933967765,0.23891723036390555,0.23593376348156542,0.0,0.3752720352894233,0.42524824616063006,0.37257733960037087,0.2712057934057002
c3_w2_tcop_cm1_states_L0.4_kp0_1042_up0_5000_s42,cm1,stageB,0.05,0.1042,0.5,,42,10,0.25,1,True,,0.43025599999999997,-0.001026833705158009,-2.4024027954702215e-05,0.05174049529599317,0.4576159879924797,0.24812186301172082,0.24661978711568677,0.0,0.4354460338230315,0.48718652911902466,0.36967969447564186,0.2614461863806278
c3_w2_tcop_cm1_states_L0.4_kp0_1042_up0_5000_s42,cm1,stageB,0.05,0.1042,0.5,,42,11,0.5,2,True,,0.463104,-0.0008066912258280104,0.011361198025217699,0.05193710060587137,0.5216904893808472,0.24944591301737426,0.24866093930794794,0.0,0.49758374178235515,0.5495208423882265,0.3710211139014157,0.25725048927650346
c3_w2_tcop_cm1_states_L0.4_kp0_1042_up0_5000_s42,cm1,stageB,0.05,0.1042,0.5,,42,12,0.0,0,True,,0.4028479999999999,-0.00011978636353104574,0.011136499448893663,0.04997621087120674,0.3951840708114344,0.23893749039968804,0.23593376348156542,0.0,0.3752720352894233,0.42524824616063006,0.37018233253362914,0.2761644811251931
c3_w2_tcop_cm1_states_L0.4_kp0_1042_up0_5000_s42,cm1,stageB,0.05,0.1042,0.5,,42,13,0.25,1,True,,0.43150400000000005,-0.00622769650307576,-0.013348090374320104,0.05174049529599317,0.45768044861260226,0.2481276627163324,0.24661978711568677,0.0,0.4354460338230315,0.48718652911902466,0.3573134631431406,0.26035415641113796
c3_w2_tcop_cm1_states_L0.4_kp0_1042_up0_5000_s42,cm1,stageB,0.05,0.1042,0.5,,42,14,0.5,2,True,,0.4636799999999999,-0.0018139366621401404,0.01017307471671627,0.05193710060587137,0.5217204346462573,0.24944480542845757,0.24866093930794794,0.0,0.49758374178235515,0.5495208423882265,0.36451608345417336,0.2527101851645472
c3_w2_tcop_cm1_states_L0.4_kp0_1042_up0_5000_s42,cm1,stageB,0.05,0.1042,0.5,,42,15,0.0,0,False,BLOCK_15_PARTIAL_CYCLE,0.40083199999999997,-0.0034247167173739952,0.023049766065472307,0.04997621087120674,0.39508291477832574,0.23891807230904646,0.23593376348156542,0.0,0.3752720352894233,0.42524824616063006,0.363930924416782,0.2729325778297158
c3_w2_tcop_cm1_states_L0.4_kp0_1042_up0_5000_s137,cm1,stageB,0.05,0.1042,0.5,,137,0,0.0,0,False,PRE_PRIMARY_INCOMPLETE_CYCLE,0.38800000000000007,0.0008567365412611719,0.014904624480889701,0.04997621087120674,0.3944474728065925,0.23877706255361839,0.23593376348156542,0.0,0.3752720352894233,0.42524824616063006,0.3758594500575748,0.2766378719104721
c3_w2_tcop_cm1_states_L0.4_kp0_1042_up0_5000_s137,cm1,stageB,0.05,0.1042,0.5,,137,1,0.25,1,False,PRE_PRIMARY_INCOMPLETE_CYCLE,0.430416,-0.002541496564442174,-0.005806813921725737,0.05174049529599317,0.4576242624097968,0.2481224815290611,0.24661978711568677,0.0,0.4354460338230315,0.48718652911902466,0.36792091620964,0.26326223351414496
c3_w2_tcop_cm1_states_L0.4_kp0_1042_up0_5000_s137,cm1,stageB,0.05,0.1042,0.5,,137,2,0.5,2,False,PRE_PRIMARY_INCOMPLETE_CYCLE,0.46267199999999997,-0.001462574329270579,-0.005051512547786344,0.05193710060587137,0.5216680548172775,0.24944731776438545,0.24866093930794794,0.0,0.49758374178235515,0.5495208423882265,0.3651534551573845,0.25427481720467393
c3_w2_tcop_cm1_states_L0.4_kp0_1042_up0_5000_s137,cm1,stageB,0.05,0.1042,0.5,,137,3,0.0,0,True,,0.400736,0.0010244135821871512,0.0047250561633485335,0.04997621087120674,0.395078150043102,0.23891701438864915,0.23593376348156542,0.0,0.3752720352894233,0.42524824616063006,0.37618200715253375,0.270978815209612
c3_w2_tcop_cm1_states_L0.4_kp0_1042_up0_5000_s137,cm1,stageB,0.05,0.1042,0.5,,137,4,0.25,1,True,,0.43104,0.0005254175160959427,-0.014809418875159281,0.05174049529599317,0.4576566178913637,0.2481247360638701,0.24661978711568677,0.0,0.4354460338230315,0.48718652911902466,0.37898360020410216,0.2666759368243033
c3_w2_tcop_cm1_states_L0.4_kp0_1042_up0_5000_s137,cm1,stageB,0.05,0.1042,0.5,,137,5,0.5,2,True,,0.462176,0.001679573938502926,0.002991999342595723,0.05193710060587137,0.5216421816469649,0.24944728213612846,0.24866093930794794,0.0,0.49758374178235515,0.5495208423882265,0.37355754729799473,0.2586599991694988
c3_w2_tcop_cm1_states_L0.4_kp0_1042_up0_5000_s137,cm1,stageB,0.05,0.1042,0.5,,137,6,0.0,0,True,,0.39937599999999995,0.0027881270131732733,-0.004563213181403381,0.04997621087120674,0.39501074103412964,0.23890212856497872,0.23593376348156542,0.0,0.3752720352894233,0.42524824616063006,0.38013509783440574,0.2697762197471204
c3_w2_tcop_cm1_states_L0.4_kp0_1042_up0_5000_s137,cm1,stageB,0.05,0.1042,0.5,,137,7,0.25,1,True,,0.43182399999999993,0.0002642199129426293,0.00662122977539115,0.05174049529599317,0.4576970668188341,0.24812874078592023,0.24661978711568677,0.0,0.4354460338230315,0.48718652911902466,0.3717862205024381,0.2650410183067181
c3_w2_tcop_cm1_states_L0.4_kp0_1042_up0_5000_s137,cm1,stageB,0.05,0.1042,0.5,,137,8,0.5,2,True,,0.462912,0.0002407945205930845,0.006967326599408159,0.05193710060587137,0.5216804035690851,0.24944511887149023,0.24866093930794794,0.0,0.49758374178235515,0.5495208423882265,0.3767986305713745,0.2620492794806821
c3_w2_tcop_cm1_states_L0.4_kp0_1042_up0_5000_s137,cm1,stageB,0.05,0.1042,0.5,,137,9,0.0,0,True,,0.39876799999999996,0.004111531838734916,0.03227739052710589,0.04997621087120674,0.39498101266262653,0.2388946762905282,0.23593376348156542,0.0,0.3752720352894233,0.42524824616063006,0.386221751997029,0.2793623711337522
c3_w2_tcop_cm1_states_L0.4_kp0_1042_up0_5000_s137,cm1,stageB,0.05,0.1042,0.5,,137,10,0.25,1,True,,0.430752,-0.0019952375913666093,0.013391299363138,0.05174049529599317,0.457641435801718,0.24812512403391884,0.24661978711568677,0.0,0.4354460338230315,0.48718652911902466,0.3654153024447549,0.26105741782528435
c3_w2_tcop_cm1_states_L0.4_kp0_1042_up0_5000_s137,cm1,stageB,0.05,0.1042,0.5,,137,11,0.5,2,True,,0.462752,0.00019626821847033661,0.005947814631768569,0.05193710060587137,0.5216721189511295,0.2494460533610972,0.24866093930794794,0.0,0.49758374178235515,0.5495208423882265,0.374769969845499,0.2564697967914429
c3_w2_tcop_cm1_states_L0.4_kp0_1042_up0_5000_s137,cm1,stageB,0.05,0.1042,0.5,,137,12,0.0,0,True,,0.401088,0.0013787042259746937,0.007107485292536739,0.04997621087120674,0.39509589162072845,0.23892025943427855,0.23593376348156542,0.0,0.3752720352894233,0.42524824616063006,0.3746216463285478,0.2709404503556494
c3_w2_tcop_cm1_states_L0.4_kp0_1042_up0_5000_s137,cm1,stageB,0.05,0.1042,0.5,,137,13,0.25,1,True,,0.42972800000000005,-0.001625756497116204,0.00282746496542661,0.05174049529599317,0.45758872160431646,0.24811919240665561,0.24661978711568677,0.0,0.4354460338230315,0.48718652911902466,0.3699186307511805,0.26158744158927233
c3_w2_tcop_cm1_states_L0.4_kp0_1042_up0_5000_s137,cm1,stageB,0.05,0.1042,0.5,,137,14,0.5,2,True,,0.46446400000000004,0.003772638193487509,0.010642362451851965,0.05193710060587137,0.5217609981141086,0.24944069738727828,0.24866093930794794,0.0,0.49758374178235515,0.5495208423882265,0.3826958688306222,0.26156373006498973
c3_w2_tcop_cm1_states_L0.4_kp0_1042_up0_5000_s137,cm1,stageB,0.05,0.1042,0.5,,137,15,0.0,0,False,BLOCK_15_PARTIAL_CYCLE,0.39870399999999995,0.00010589259364508996,0.02923469580815651,0.04997621087120674,0.3949771371467429,0.238895460261898,0.23593376348156542,0.0,0.3752720352894233,0.42524824616063006,0.3740325536296153,0.27593451249339906
c3_w2_tcop_cm1_states_L0.4_kp0_1042_up0_5000_s256,cm1,stageB,0.05,0.1042,0.5,,256,0,0.0,0,False,PRE_PRIMARY_INCOMPLETE_CYCLE,0.38430400000000003,0.0021741288487494566,0.016619778633432912,0.04997621087120674,0.39426344006097447,0.23873848820683732,0.23593376348156542,0.0,0.3752720352894233,0.42524824616063006,0.3802362497330936,0.2794793320116015
c3_w2_tcop_cm1_states_L0.4_kp0_1042_up0_5000_s256,cm1,stageB,0.05,0.1042,0.5,,256,1,0.25,1,False,PRE_PRIMARY_INCOMPLETE_CYCLE,0.43296,-0.0035334278307693166,0.0036791615171404184,0.05174049529599317,0.45775583615109927,0.24813350944360663,0.24661978711568677,0.0,0.4354460338230315,0.48718652911902466,0.3619228089955041,0.2606604706794415
c3_w2_tcop_cm1_states_L0.4_kp0_1042_up0_5000_s256,cm1,stageB,0.05,0.1042,0.5,,256,2,0.5,2,False,PRE_PRIMARY_INCOMPLETE_CYCLE,0.4657279999999999,-0.002259653787818222,0.006194918881552198,0.05193710060587137,0.5218269639067129,0.249440784633034,0.24866093930794794,0.0,0.49758374178235515,0.5495208423882265,0.3702050419585224,0.255740697780566
c3_w2_tcop_cm1_states_L0.4_kp0_1042_up0_5000_s256,cm1,stageB,0.05,0.1042,0.5,,256,3,0.0,0,True,,0.402336,0.00032707819178136934,0.012416988766353103,0.04997621087120674,0.3951581512807213,0.2389330453542508,0.23593376348156542,0.0,0.3752720352894233,0.42524824616063006,0.37300113615858593,0.2728819822622658
c3_w2_tcop_cm1_states_L0.4_kp0_1042_up0_5000_s256,cm1,stageB,0.05,0.1042,0.5,,256,4,0.25,1,True,,0.430176,0.0028835529153513435,0.020390942058816714,0.05174049529599317,0.4576121057103602,0.2481200000283873,0.24661978711568677,0.0,0.4354460338230315,0.48718652911902466,0.37856639592843544,0.265456683405425
c3_w2_tcop_cm1_states_L0.4_kp0_1042_up0_5000_s256,cm1,stageB,0.05,0.1042,0.5,,256,5,0.5,2,True,,0.461088,0.0005585603643790928,-0.01507009515334018,0.05193710060587137,0.5215855931431295,0.24944939322667709,0.24866093930794794,0.0,0.49758374178235515,0.5495208423882265,0.37619492089315976,0.2651987887032157
c3_w2_tcop_cm1_states_L0.4_kp0_1042_up0_5000_s256,cm1,stageB,0.05,0.1042,0.5,,256,6,0.0,0,True,,0.398528,-0.0039003579495746283,-0.00248354610349817,0.04997621087120674,0.3949679924180973,0.23889439185379024,0.23593376348156542,0.0,0.3752720352894233,0.42524824616063006,0.3602753064876081,0.2698273817515638
c3_w2_tcop_cm1_states_L0.4_kp0_1042_up0_5000_s256,cm1,stageB,0.05,0.1042,0.5,,256,7,0.25,1,True,,0.43331200000000003,-0.0006844549071784375,0.013299966351754185,0.05174049529599317,0.45777413920277726,0.24813458014368656,0.24661978711568677,0.0,0.4354460338230315,0.48718652911902466,0.3718398797243536,0.26935411939949094
c3_w2_tcop_cm1_states_L0.4_kp0_1042_up0_5000_s256,cm1,stageB,0.05,0.1042,0.5,,256,8,0.5,2,True,,0.46449599999999996,0.0017777528938345852,-0.0013050962148432506,0.05193710060587137,0.5217627511651748,0.24944187752842914,0.24866093930794794,0.0,0.49758374178235515,0.5495208423882265,0.37613852085127425,0.25421689176511725
c3_w2_tcop_cm1_states_L0.4_kp0_1042_up0_5000_s256,cm1,stageB,0.05,0.1042,0.5,,256,9,0.0,0,True,,0.400816,-0.0020568431191285096,0.025030727901361387,0.04997621087120674,0.39508193379936346,0.2389182935724387,0.23593376348156542,0.0,0.3752720352894233,0.42524824616063006,0.3682054595276355,0.26956135722196584
c3_w2_tcop_cm1_states_L0.4_kp0_1042_up0_5000_s256,cm1,stageB,0.05,0.1042,0.5,,256,10,0.25,1,True,,0.430736,-0.0033792145427658706,0.00010376358415092316,0.05174049529599317,0.45764080298584875,0.24812388356804288,0.24661978711568677,0.0,0.4354460338230315,0.48718652911902466,0.3655665714973283,0.25992011779188057
c3_w2_tcop_cm1_states_L0.4_kp0_1042_up0_5000_s256,cm1,stageB,0.05,0.1042,0.5,,256,11,0.5,2,True,,0.46468799999999993,-0.0015415335471145807,0.004076094841973225,0.05193710060587137,0.5217727967918547,0.24944191493279091,0.24866093930794794,0.0,0.49758374178235515,0.5495208423882265,0.3684613136645823,0.2551720395175797
c3_w2_tcop_cm1_states_L0.4_kp0_1042_up0_5000_s256,cm1,stageB,0.05,0.1042,0.5,,256,12,0.0,0,True,,0.39868799999999993,-0.0028365556668734125,0.012742173413183355,0.04997621087120674,0.3949761971521515,0.23889561998875375,0.23593376348156542,0.0,0.3752720352894233,0.42524824616063006,0.3650437224749617,0.274776815163201
c3_w2_tcop_cm1_states_L0.4_kp0_1042_up0_5000_s256,cm1,stageB,0.05,0.1042,0.5,,256,13,0.25,1,True,,0.4295359999999999,0.00627745994574038,0.022712849515051196,0.05174049529599317,0.45757911117368866,0.24811654833684693,0.24661978711568677,0.0,0.4354460338230315,0.48718652911902466,0.3875261479942304,0.27010725638253147
c3_w2_tcop_cm1_states_L0.4_kp0_1042_up0_5000_s256,cm1,stageB,0.05,0.1042,0.5,,256,14,0.5,2,True,,0.46395200000000003,-0.004220811266858937,0.020415566397828648,0.05193710060587137,0.5217346832167473,0.2494454558423042,0.24866093930794794,0.0,0.49758374178235515,0.5495208423882265,0.36051687442044866,0.248256099626212
c3_w2_tcop_cm1_states_L0.4_kp0_1042_up0_5000_s256,cm1,stageB,0.05,0.1042,0.5,,256,15,0.0,0,False,BLOCK_15_PARTIAL_CYCLE,0.39878399999999997,-0.0004439924098770498,0.006318810410242022,0.04997621087120674,0.3949811833625113,0.23889619458501232,0.23593376348156542,0.0,0.3752720352894233,0.42524824616063006,0.3680918771655241,0.2739984511986723
c3_w2_tcop_cm1_states_L0.4_kp0_1042_up0_5000_s1024,cm1,stageB,0.05,0.1042,0.5,,1024,0,0.0,0,False,PRE_PRIMARY_INCOMPLETE_CYCLE,0.38537600000000005,-0.0025161284987102735,0.00422137899734997,0.04997621087120674,0.39431667350200056,0.23875000355209852,0.23593376348156542,0.0,0.3752720352894233,0.42524824616063006,0.36946632152547737,0.2798507249755828
c3_w2_tcop_cm1_states_L0.4_kp0_1042_up0_5000_s1024,cm1,stageB,0.05,0.1042,0.5,,1024,1,0.25,1,False,PRE_PRIMARY_INCOMPLETE_CYCLE,0.430832,-0.001225240606813422,0.005324455618189035,0.05174049529599317,0.45764579009024275,0.2481242396520675,0.24661978711568677,0.0,0.4354460338230315,0.48718652911902466,0.3680647578309096,0.26525517277117916
c3_w2_tcop_cm1_states_L0.4_kp0_1042_up0_5000_s1024,cm1,stageB,0.05,0.1042,0.5,,1024,2,0.5,2,False,PRE_PRIMARY_INCOMPLETE_CYCLE,0.4623999999999999,0.0011584780039483424,0.01324160967074916,0.05193710060587137,0.5216538420036071,0.24944719699280446,0.24866093930794794,0.0,0.49758374178235515,0.5495208423882265,0.37734699270698385,0.25654405666713775
c3_w2_tcop_cm1_states_L0.4_kp0_1042_up0_5000_s1024,cm1,stageB,0.05,0.1042,0.5,,1024,3,0.0,0,True,,0.39880000000000004,0.001488913114194925,0.008462599963422945,0.04997621087120674,0.39498199124758865,0.2388963016520206,0.23593376348156542,0.0,0.3752720352894233,0.42524824616063006,0.37701803488637103,0.2722150877843324
c3_w2_tcop_cm1_states_L0.4_kp0_1042_up0_5000_s1024,cm1,stageB,0.05,0.1042,0.5,,1024,4,0.25,1,True,,0.432784,-0.0005355014003122098,0.004078659283741818,0.05174049529599317,0.4577467113770337,0.24813281086774902,0.24661978711568677,0.0,0.4354460338230315,0.48718652911902466,0.3692074676793711,0.2567693204412429
c3_w2_tcop_cm1_states_L0.4_kp0_1042_up0_5000_s1024,cm1,stageB,0.05,0.1042,0.5,,1024,5,0.5,2,True,,0.46399999999999997,-0.00288403555621537,-0.0021142109851787255,0.05193710060587137,0.521737140087384,0.24944470126684806,0.24866093930794794,0.0,0.49758374178235515,0.5495208423882265,0.36676529924475915,0.259968924283764
c3_w2_tcop_cm1_states_L0.4_kp0_1042_up0_5000_s1024,cm1,stageB,0.05,0.1042,0.5,,1024,6,0.0,0,True,,0.404368,-0.0025598841579080513,0.010296477182797135,0.04997621087120674,0.3952592515610873,0.2389543874144163,0.23593376348156542,0.0,0.3752720352894233,0.42524824616063006,0.3658085493686842,0.26748852467310985
c3_w2_tcop_cm1_states_L0.4_kp0_1042_up0_5000_s1024,cm1,stageB,0.05,0.1042,0.5,,1024,7,0.25,1,True,,0.428288,-0.00027275888809872385,0.025002152465763768,0.05174049529599317,0.4575142025966948,0.24811327561111085,0.24661978711568677,0.0,0.4354460338230315,0.48718652911902466,0.37079372499010527,0.260603496205644
c3_w2_tcop_cm1_states_L0.4_kp0_1042_up0_5000_s1024,cm1,stageB,0.05,0.1042,0.5,,1024,8,0.5,2,True,,0.461008,-0.0002918647057329061,0.014009199848054772,0.05193710060587137,0.5215814022738029,0.2494494201501653,0.24866093930794794,0.0,0.49758374178235515,0.5495208423882265,0.3727599058002248,0.2531637775550082
c3_w2_tcop_cm1_states_L0.4_kp0_1042_up0_5000_s1024,cm1,stageB,0.05,0.1042,0.5,,1024,9,0.0,0,True,,0.40036799999999995,-0.0023443372314890525,0.01088621112688,0.04997621087120674,0.3950598363872607,0.23891315121637643,0.23593376348156542,0.0,0.3752720352894233,0.42524824616063006,0.36938708287778665,0.27202426227594506
c3_w2_tcop_cm1_states_L0.4_kp0_1042_up0_5000_s1024,cm1,stageB,0.05,0.1042,0.5,,1024,10,0.25,1,True,,0.43004800000000004,-0.0001356504401036128,0.002593081339905123,0.05174049529599317,0.45760520373092944,0.24812111775202,0.24661978711568677,0.0,0.4354460338230315,0.48718652911902466,0.3715752655700602,0.2648024342048459
c3_w2_tcop_cm1_states_L0.4_kp0_1042_up0_5000_s1024,cm1,stageB,0.05,0.1042,0.5,,1024,11,0.5,2,True,,0.464176,0.0016031011349719642,0.004875392546304544,0.05193710060587137,0.5217461030021414,0.24944224894384437,0.24866093930794794,0.0,0.49758374178235515,0.5495208423882265,0.37606609372212274,0.2575530716863632
c3_w2_tcop_cm1_states_L0.4_kp0_1042_up0_5000_s1024,cm1,stageB,0.05,0.1042,0.5,,1024,12,0.0,0,True,,0.398176,-0.0008851233578943636,-0.005810630003886472,0.04997621087120674,0.3949506883392038,0.23889028192720474,0.23593376348156542,0.0,0.3752720352894233,0.42524824616063006,0.37024978310055695,0.2714101084997585
c3_w2_tcop_cm1_states_L0.4_kp0_1042_up0_5000_s1024,cm1,stageB,0.05,0.1042,0.5,,1024,13,0.25,1,True,,0.4343040000000001,-0.0021555397025252855,-0.01764753386975437,0.05174049529599317,0.45782539341577394,0.24813912856055023,0.24661978711568677,0.0,0.4354460338230315,0.48718652911902466,0.3652139862161532,0.26466344699113725
c3_w2_tcop_cm1_states_L0.4_kp0_1042_up0_5000_s1024,cm1,stageB,0.05,0.1042,0.5,,1024,14,0.5,2,True,,0.46647999999999995,-0.00012308102831650518,0.002687461203973039,0.05193710060587137,0.5218659421591607,0.2494377252095163,0.24866093930794794,0.0,0.49758374178235515,0.5495208423882265,0.37103472561075235,0.256712829431108
c3_w2_tcop_cm1_states_L0.4_kp0_1042_up0_5000_s1024,cm1,stageB,0.05,0.1042,0.5,,1024,15,0.0,0,False,BLOCK_15_PARTIAL_CYCLE,0.399264,0.0009941158313072232,0.003652599736078441,0.04997621087120674,0.39500496413344155,0.23890143949641524,0.23593376348156542,0.0,0.3752720352894233,0.42524824616063006,0.3735357706091383,0.2724444847232001
c3_w2_tcop_cm1_states_L0.4_kp0_1042_up0_5000_s31415,cm1,stageB,0.05,0.1042,0.5,,31415,0,0.0,0,False,PRE_PRIMARY_INCOMPLETE_CYCLE,0.37977599999999995,-0.0036349154841045605,0.027017321244044632,0.04997621087120674,0.3940374703233618,0.23869228404202011,0.23593376348156542,0.0,0.3752720352894233,0.42524824616063006,0.3636976041902466,0.27634276440415007
c3_w2_tcop_cm1_states_L0.4_kp0_1042_up0_5000_s31415,cm1,stageB,0.05,0.1042,0.5,,31415,1,0.25,1,False,PRE_PRIMARY_INCOMPLETE_CYCLE,0.42801599999999995,0.0011020612318060894,0.01492573566498238,0.05174049529599317,0.4575002101663572,0.24811171088399145,0.24661978711568677,0.0,0.4354460338230315,0.48718652911902466,0.37612582736025013,0.2667481436741899
c3_w2_tcop_cm1_states_L0.4_kp0_1042_up0_5000_s31415,cm1,stageB,0.05,0.1042,0.5,,31415,2,0.5,2,False,PRE_PRIMARY_INCOMPLETE_CYCLE,0.463456,0.00028136983411215533,0.00113084773832487,0.05193710060587137,0.5217088107621211,0.24944552704152756,0.24866093930794794,0.0,0.49758374178235515,0.5495208423882265,0.37566397914636057,0.25853883086133833
c3_w2_tcop_cm1_states_L0.4_kp0_1042_up0_5000_s31415,cm1,stageB,0.05,0.1042,0.5,,31415,3,0.0,0,True,,0.39793600000000007,-0.0010187176052235088,0.007322807229176268,0.04997621087120674,0.394938869603918,0.23888749286157562,0.23593376348156542,0.0,0.3752720352894233,0.42524824616063006,0.36979105857233974,0.271944739396148
c3_w2_tcop_cm1_states_L0.4_kp0_1042_up0_5000_s31415,cm1,stageB,0.05,0.1042,0.5,,31415,4,0.25,1,True,,0.431184,0.00035308778013621976,-0.007187249452283026,0.05174049529599317,0.45766410001611507,0.24812521000078513,0.24661978711568677,0.0,0.4354460338230315,0.48718652911902466,0.3711694985555091,0.2642726228605593
c3_w2_tcop_cm1_states_L0.4_kp0_1042_up0_5000_s31415,cm1,stageB,0.05,0.1042,0.5,,31415,5,0.5,2,True,,0.461856,-0.00124013385613684,0.012816898623734349,0.05193710060587137,0.5216255288256518,0.24944773129271078,0.24866093930794794,0.0,0.49758374178235515,0.5495208423882265,0.3726824412864076,0.2602345969238447
c3_w2_tcop_cm1_states_L0.4_kp0_1042_up0_5000_s31415,cm1,stageB,0.05,0.1042,0.5,,31415,6,0.0,0,True,,0.39867199999999997,0.00035139303645701994,-0.003104659280690498,0.04997621087120674,0.39497597735365964,0.23889420057479857,0.23593376348156542,0.0,0.3752720352894233,0.42524824616063006,0.3739907717483533,0.27443063071767154
c3_w2_tcop_cm1_states_L0.4_kp0_1042_up0_5000_s31415,cm1,stageB,0.05,0.1042,0.5,,31415,7,0.25,1,True,,0.431168,-0.003122997363549014,-0.0013603127800744434,0.05174049529599317,0.45766316161907905,0.24812574853433564,0.24661978711568677,0.0,0.4354460338230315,0.48718652911902466,0.36748884514803765,0.2666509819860557
c3_w2_tcop_cm1_states_L0.4_kp0_1042_up0_5000_s31415,cm1,stageB,0.05,0.1042,0.5,,31415,8,0.5,2,True,,0.462416,0.0007837508888596671,0.005850586391877066,0.05193710060587137,0.5216546949818474,0.24944714280102967,0.24866093930794794,0.0,0.49758374178235515,0.5495208423882265,0.369021397682904,0.2575152645506274
c3_w2_tcop_cm1_states_L0.4_kp0_1042_up0_5000_s31415,cm1,stageB,0.05,0.1042,0.5,,31415,9,0.0,0,True,,0.39640000000000003,-0.0013221710467377287,0.002824074829820921,0.04997621087120674,0.3948623342041277,0.23887157222904845,0.23593376348156542,0.0,0.3752720352894233,0.42524824616063006,0.3704999354143,0.2749613294393472
c3_w2_tcop_cm1_states_L0.4_kp0_1042_up0_5000_s31415,cm1,stageB,0.05,0.1042,0.5,,31415,10,0.25,1,True,,0.431456,-0.0011714492102301614,0.012278267083547711,0.05174049529599317,0.457678045904941,0.2481269125010375,0.24661978711568677,0.0,0.4354460338230315,0.48718652911902466,0.37382191762585437,0.26687363037546175
c3_w2_tcop_cm1_states_L0.4_kp0_1042_up0_5000_s31415,cm1,stageB,0.05,0.1042,0.5,,31415,11,0.5,2,True,,0.460912,0.002509054974368681,-0.00012840888890479693,0.05193710060587137,0.5215765036752671,0.2494504814352537,0.24866093930794794,0.0,0.49758374178235515,0.5495208423882265,0.37908929457923174,0.2594343288352319
c3_w2_tcop_cm1_states_L0.4_kp0_1042_up0_5000_s31415,cm1,stageB,0.05,0.1042,0.5,,31415,12,0.0,0,True,,0.39992000000000005,-0.0027410742057809843,0.01931482162983506,0.04997621087120674,0.3950377029502479,0.23890812961420424,0.23593376348156542,0.0,0.3752720352894233,0.42524824616063006,0.3689703033565218,0.2735603427711706
c3_w2_tcop_cm1_states_L0.4_kp0_1042_up0_5000_s31415,cm1,stageB,0.05,0.1042,0.5,,31415,13,0.25,1,True,,0.43193600000000004,-0.004487812643328181,-0.0014420397005648858,0.05174049529599317,0.4577027170038236,0.2481300440778717,0.24661978711568677,0.0,0.4354460338230315,0.48718652911902466,0.35970452359602634,0.2603400032554012
c3_w2_tcop_cm1_states_L0.4_kp0_1042_up0_5000_s31415,cm1,stageB,0.05,0.1042,0.5,,31415,14,0.5,2,True,,0.46375999999999995,-0.00011561403777462717,0.009678950991311913,0.05193710060587137,0.5217245094494141,0.24944343773802277,0.24866093930794794,0.0,0.49758374178235515,0.5495208423882265,0.3685501103386507,0.25861653046388655
c3_w2_tcop_cm1_states_L0.4_kp0_1042_up0_5000_s31415,cm1,stageB,0.05,0.1042,0.5,,31415,15,0.0,0,False,BLOCK_15_PARTIAL_CYCLE,0.403296,-0.0012149006326429602,-0.0026084662960971067,0.04997621087120674,0.3952056390215537,0.23894369220000808,0.23593376348156542,0.0,0.3752720352894233,0.42524824616063006,0.37395928191838385,0.273408145153391
c3_w2_tcop_cm1_states_L0.4_km0_1042_up0_1000_s42,cm1,stageB,-0.05,-0.1042,0.1,,42,0,0.0,0,False,PRE_PRIMARY_INCOMPLETE_CYCLE,0.39019200000000004,0.0010344569017277736,0.0006956282078805514,-0.04997621087120674,0.40553706510935084,0.2409939464932938,0.2373580574402979,0.0,0.3752720352894233,0.42524824616063006,0.3778145881349591,0.27716168084248183
c3_w2_tcop_cm1_states_L0.4_km0_1042_up0_1000_s42,cm1,stageB,-0.05,-0.1042,0.1,,42,1,0.05,1,False,PRE_PRIMARY_INCOMPLETE_CYCLE,0.40871999999999997,-0.002936563395726812,-0.022484712079398655,-0.0504468648914182,0.4167001667614939,0.2429850108976329,0.2398989672914238,0.0,0.38706527253225376,0.43751213742367195,0.36313006410268095,0.2661056638854074
c3_w2_tcop_cm1_states_L0.4_km0_1042_up0_1000_s42,cm1,stageB,-0.05,-0.1042,0.1,,42,2,0.1,2,False,PRE_PRIMARY_INCOMPLETE_CYCLE,0.414848,-0.001106752955529537,-0.009264571979058375,-0.05086046258395044,0.4285856453639696,0.2448203796793719,0.24217644043530664,0.0,0.39899242466277696,0.4498528872467274,0.37439511372913925,0.2744172986936015
c3_w2_tcop_cm1_states_L0.4_km0_1042_up0_1000_s42,cm1,stageB,-0.05,-0.1042,0.1,,42,3,0.0,0,True,,0.40480000000000005,-0.00013855581874901214,-0.0257579650565262,-0.04997621087120674,0.4048009504439374,0.2408613201558636,0.2373580574402979,0.0,0.3752720352894233,0.42524824616063006,0.37132510332059787,0.2676313311253697
c3_w2_tcop_cm1_states_L0.4_km0_1042_up0_1000_s42,cm1,stageB,-0.05,-0.1042,0.1,,42,4,0.05,1,True,,0.409616,0.0024075464159370665,-0.0072560081215128965,-0.0504468648914182,0.4166552605313207,0.242976130000401,0.2398989672914238,0.0,0.38706527253225376,0.43751213742367195,0.3777226053691117,0.2749312516314008
c3_w2_tcop_cm1_states_L0.4_km0_1042_up0_1000_s42,cm1,stageB,-0.05,-0.1042,0.1,,42,5,0.1,2,True,,0.41900800000000005,0.0005183454940917234,-0.01766613874432898,-0.05086046258395044,0.428373105596479,0.24479094582610778,0.24217644043530664,0.0,0.39899242466277696,0.4498528872467274,0.37064574534549266,0.2683952529985426
c3_w2_tcop_cm1_states_L0.4_km0_1042_up0_1000_s42,cm1,stageB,-0.05,-0.1042,0.1,,42,6,0.0,0,True,,0.402192,-0.00030792939483658533,-0.012074115107003342,-0.04997621087120674,0.4049314226331534,0.2408872280980161,0.2373580574402979,0.0,0.3752720352894233,0.42524824616063006,0.37084798033339744,0.27354376940444036
c3_w2_tcop_cm1_states_L0.4_km0_1042_up0_1000_s42,cm1,stageB,-0.05,-0.1042,0.1,,42,7,0.05,1,True,,0.4098239999999999,3.8112968836216606e-05,-0.009281605736469726,-0.0504468648914182,0.4166447568167246,0.2429743303535412,0.2398989672914238,0.0,0.38706527253225376,0.43751213742367195,0.370086594014284,0.2738082190129426
c3_w2_tcop_cm1_states_L0.4_km0_1042_up0_1000_s42,cm1,stageB,-0.05,-0.1042,0.1,,42,8,0.1,2,True,,0.414352,-0.00010920442326824063,0.0005050338228919245,-0.05086046258395044,0.42861065009394683,0.24482491600592843,0.24217644043530664,0.0,0.39899242466277696,0.4498528872467274,0.37187550756893323,0.2702291554734084
c3_w2_tcop_cm1_states_L0.4_km0_1042_up0_1000_s42,cm1,stageB,-0.05,-0.1042,0.1,,42,9,0.0,0,True,,0.40483199999999997,0.0005375483010004844,0.006892173745476975,-0.04997621087120674,0.40479918443760005,0.24086136254411236,0.2373580574402979,0.0,0.3752720352894233,0.42524824616063006,0.3729128664530815,0.2733559579173763
c3_w2_tcop_cm1_states_L0.4_km0_1042_up0_1000_s42,cm1,stageB,-0.05,-0.1042,0.1,,42,10,0.05,1,True,,0.408688,0.0018165283963938643,-0.009223252000486497,-0.0504468648914182,0.4167023158742124,0.24298377169314858,0.2398989672914238,0.0,0.38706527253225376,0.43751213742367195,0.3751331368964676,0.27286112469925916
c3_w2_tcop_cm1_states_L0.4_km0_1042_up0_1000_s42,cm1,stageB,-0.05,-0.1042,0.1,,42,11,0.1,2,True,,0.41356799999999994,0.0004770544947307468,-0.01840342276661219,-0.05086046258395044,0.42865070991754356,0.24483039323285907,0.24217644043530664,0.0,0.39899242466277696,0.4498528872467274,0.3757463536867053,0.2750743778036809
c3_w2_tcop_cm1_states_L0.4_km0_1042_up0_1000_s42,cm1,stageB,-0.05,-0.1042,0.1,,42,12,0.0,0,True,,0.406544,0.0005231273193059713,-0.005106651279415301,-0.04997621087120674,0.4047138223610841,0.24084367564506637,0.2373580574402979,0.0,0.3752720352894233,0.42524824616063006,0.37025956929325426,0.27624210490080303
c3_w2_tcop_cm1_states_L0.4_km0_1042_up0_1000_s42,cm1,stageB,-0.05,-0.1042,0.1,,42,13,0.05,1,True,,0.409968,-0.004725065614589842,-0.020600544995707334,-0.0504468648914182,0.41663733484604154,0.2429735124935959,0.2398989672914238,0.0,0.38706527253225376,0.43751213742367195,0.36153639047317887,0.2681582932529494
c3_w2_tcop_cm1_states_L0.4_km0_1042_up0_1000_s42,cm1,stageB,-0.05,-0.1042,0.1,,42,14,0.1,2,True,,0.414048,-0.00030968304723422575,-0.0016901186901023071,-0.05086046258395044,0.42862606307893547,0.24482749074889926,0.24217644043530664,0.0,0.39899242466277696,0.4498528872467274,0.367678201712484,0.268187335368183
c3_w2_tcop_cm1_states_L0.4_km0_1042_up0_1000_s42,cm1,stageB,-0.05,-0.1042,0.1,,42,15,0.0,0,False,BLOCK_15_PARTIAL_CYCLE,0.40396800000000005,-0.004162703773897403,0.0014879279280828695,-0.04997621087120674,0.40484238374975845,0.24086998517643907,0.2373580574402979,0.0,0.3752720352894233,0.42524824616063006,0.3623637679301331,0.27432181051228893
c3_w2_tcop_cm1_states_L0.4_km0_1042_up0_1000_s137,cm1,stageB,-0.05,-0.1042,0.1,,137,0,0.0,0,False,PRE_PRIMARY_INCOMPLETE_CYCLE,0.39507200000000003,0.0010001146078970958,0.0008045805146491063,-0.04997621087120674,0.40529239577370413,0.2409466578538494,0.2373580574402979,0.0,0.3752720352894233,0.42524824616063006,0.37645183865178533,0.2774403519918171
c3_w2_tcop_cm1_states_L0.4_km0_1042_up0_1000_s137,cm1,stageB,-0.05,-0.1042,0.1,,137,1,0.05,1,False,PRE_PRIMARY_INCOMPLETE_CYCLE,0.40827199999999997,-0.0026490373054895468,-0.018092802545843657,-0.0504468648914182,0.41672322654149047,0.24298778182256384,0.2398989672914238,0.0,0.38706527253225376,0.43751213742367195,0.3682186915048614,0.2683911326353575
c3_w2_tcop_cm1_states_L0.4_km0_1042_up0_1000_s137,cm1,stageB,-0.05,-0.1042,0.1,,137,2,0.1,2,False,PRE_PRIMARY_INCOMPLETE_CYCLE,0.41553599999999996,0.0011842652791293651,-0.010144983904047727,-0.05086046258395044,0.42855030907720304,0.24481609908590993,0.24217644043530664,0.0,0.39899242466277696,0.4498528872467274,0.3713130617059722,0.26737685838019337
c3_w2_tcop_cm1_states_L0.4_km0_1042_up0_1000_s137,cm1,stageB,-0.05,-0.1042,0.1,,137,3,0.0,0,True,,0.404224,0.0013830464723993807,-0.0065660024157198306,-0.04997621087120674,0.4048296892604558,0.24086721559189464,0.2373580574402979,0.0,0.3752720352894233,0.42524824616063006,0.3765073171684793,0.2713511215384879
c3_w2_tcop_cm1_states_L0.4_km0_1042_up0_1000_s137,cm1,stageB,-0.05,-0.1042,0.1,,137,4,0.05,1,True,,0.40846400000000005,0.002092596915861416,-0.024567150140842042,-0.0504468648914182,0.4167138290818544,0.24298526873792975,0.2398989672914238,0.0,0.38706527253225376,0.43751213742367195,0.3815289404937237,0.2731079905510086
c3_w2_tcop_cm1_states_L0.4_km0_1042_up0_1000_s137,cm1,stageB,-0.05,-0.1042,0.1,,137,5,0.1,2,True,,0.415808,0.0026260472061620443,-0.010691381889652846,-0.05086046258395044,0.42853665963604,0.244813310688588,0.24217644043530664,0.0,0.39899242466277696,0.4498528872467274,0.3753996798705973,0.2684941208764207
c3_w2_tcop_cm1_states_L0.4_km0_1042_up0_1000_s137,cm1,stageB,-0.05,-0.1042,0.1,,137,6,0.0,0,True,,0.40355199999999997,0.0019919662442083957,-0.019235854038159406,-0.04997621087120674,0.4048637437082735,0.2408729095721816,0.2373580574402979,0.0,0.3752720352894233,0.42524824616063006,0.37663181383519445,0.2697149907918143
c3_w2_tcop_cm1_states_L0.4_km0_1042_up0_1000_s137,cm1,stageB,-0.05,-0.1042,0.1,,137,7,0.05,1,True,,0.4101600000000001,-4.524598121461512e-06,-0.012714493349531616,-0.0504468648914182,0.41662749645750957,0.24297214245032367,0.2398989672914238,0.0,0.38706527253225376,0.43751213742367195,0.3728441399981123,0.2724058641673847
c3_w2_tcop_cm1_states_L0.4_km0_1042_up0_1000_s137,cm1,stageB,-0.05,-0.1042,0.1,,137,8,0.1,2,True,,0.414736,-0.0004412769485286033,-0.003493342694981444,-0.05086046258395044,0.42859122639217495,0.2448215440382917,0.24217644043530664,0.0,0.39899242466277696,0.4498528872467274,0.37199820450971594,0.27175940527922504
c3_w2_tcop_cm1_states_L0.4_km0_1042_up0_1000_s137,cm1,stageB,-0.05,-0.1042,0.1,,137,9,0.0,0,True,,0.40264000000000005,0.0035753706928703527,0.015451620080787251,-0.04997621087120674,0.4049098277049771,0.2408808959863293,0.2373580574402979,0.0,0.3752720352894233,0.42524824616063006,0.38402540861477374,0.2791233266332173
c3_w2_tcop_cm1_states_L0.4_km0_1042_up0_1000_s137,cm1,stageB,-0.05,-0.1042,0.1,,137,10,0.05,1,True,,0.40947199999999995,-0.0020014667956551983,0.002526524431533971,-0.0504468648914182,0.41666204287386094,0.24297877275861393,0.2398989672914238,0.0,0.38706527253225376,0.43751213742367195,0.3666754319652007,0.268326388868935
c3_w2_tcop_cm1_states_L0.4_km0_1042_up0_1000_s137,cm1,stageB,-0.05,-0.1042,0.1,,137,11,0.1,2,True,,0.415264,-0.00032934609674741433,-0.0024497509763175256,-0.05086046258395044,0.4285644222008052,0.2448173034458995,0.24217644043530664,0.0,0.39899242466277696,0.4498528872467274,0.3752001835303866,0.27020822397611366
c3_w2_tcop_cm1_states_L0.4_km0_1042_up0_1000_s137,cm1,stageB,-0.05,-0.1042,0.1,,137,12,0.0,0,True,,0.40574400000000005,-0.0007240153880532737,-0.00624306828746406,-0.04997621087120674,0.40475333625507687,0.24085278655480918,0.2373580574402979,0.0,0.3752720352894233,0.42524824616063006,0.3687161069875539,0.27041947995503673
c3_w2_tcop_cm1_states_L0.4_km0_1042_up0_1000_s137,cm1,stageB,-0.05,-0.1042,0.1,,137,13,0.05,1,True,,0.408144,0.0002421858791723977,-0.014215632607841923,-0.0504468648914182,0.4167298177981083,0.24298856301200017,0.2398989672914238,0.0,0.38706527253225376,0.43751213742367195,0.3720619773774556,0.2696693843957075
c3_w2_tcop_cm1_states_L0.4_km0_1042_up0_1000_s137,cm1,stageB,-0.05,-0.1042,0.1,,137,14,0.1,2,True,,0.417616,0.0028215060424145915,-0.00564554857809761,-0.05086046258395044,0.4284446624241119,0.24479935536112757,0.24217644043530664,0.0,0.39899242466277696,0.4498528872467274,0.3806718729112808,0.27114406522305823
c3_w2_tcop_cm1_states_L0.4_km0_1042_up0_1000_s137,cm1,stageB,-0.05,-0.1042,0.1,,137,15,0.0,0,False,BLOCK_15_PARTIAL_CYCLE,0.40291200000000005,-0.00025379042170650955,0.01647493785700318,-0.04997621087120674,0.4048955843868335,0.24087965678100964,0.2373580574402979,0.0,0.3752720352894233,0.42524824616063006,0.37335385762035644,0.27632137314442806
c3_w2_tcop_cm1_states_L0.4_km0_1042_up0_1000_s256,cm1,stageB,-0.05,-0.1042,0.1,,256,0,0.0,0,False,PRE_PRIMARY_INCOMPLETE_CYCLE,0.39192,0.0031453769492253173,0.001106498585910028,-0.04997621087120674,0.4054508423917264,0.24097621641260095,0.2373580574402979,0.0,0.3752720352894233,0.42524824616063006,0.3828377851848162,0.2816665143750059
c3_w2_tcop_cm1_states_L0.4_km0_1042_up0_1000_s256,cm1,stageB,-0.05,-0.1042,0.1,,256,1,0.05,1,False,PRE_PRIMARY_INCOMPLETE_CYCLE,0.41088,-0.0026887216143857916,-0.004981251378575108,-0.0504468648914182,0.41659131711959224,0.2429653319924818,0.2398989672914238,0.0,0.38706527253225376,0.43751213742367195,0.3640027512041686,0.26848051017858265
c3_w2_tcop_cm1_states_L0.4_km0_1042_up0_1000_s256,cm1,stageB,-0.05,-0.1042,0.1,,256,2,0.1,2,False,PRE_PRIMARY_INCOMPLETE_CYCLE,0.418336,-0.0010421666222372998,-0.006180596021473595,-0.05086046258395044,0.4284072649705441,0.24479624269575526,0.24217644043530664,0.0,0.39899242466277696,0.4498528872467274,0.3721977213608887,0.2723184928890353
c3_w2_tcop_cm1_states_L0.4_km0_1042_up0_1000_s256,cm1,stageB,-0.05,-0.1042,0.1,,256,3,0.0,0,True,,0.40614399999999995,4.319044752618961e-06,-0.005038578369001249,-0.04997621087120674,0.4047335266134529,0.2408483520534951,0.2373580574402979,0.0,0.3752720352894233,0.42524824616063006,0.37171133860163635,0.2736549546969309
c3_w2_tcop_cm1_states_L0.4_km0_1042_up0_1000_s256,cm1,stageB,-0.05,-0.1042,0.1,,256,4,0.05,1,True,,0.4087200000000001,0.0032085442460377898,0.006518514950639505,-0.0504468648914182,0.41670099348465567,0.2429827178979759,0.2398989672914238,0.0,0.38706527253225376,0.43751213742367195,0.3798415400215198,0.27425469118109663
c3_w2_tcop_cm1_states_L0.4_km0_1042_up0_1000_s256,cm1,stageB,-0.05,-0.1042,0.1,,256,5,0.1,2,True,,0.413168,0.0008591640918344715,-0.026313645887164876,-0.05086046258395044,0.42867127307443215,0.2448328524494536,0.24217644043530664,0.0,0.39899242466277696,0.4498528872467274,0.37734284629762177,0.2745224391217026
c3_w2_tcop_cm1_states_L0.4_km0_1042_up0_1000_s256,cm1,stageB,-0.05,-0.1042,0.1,,256,6,0.0,0,True,,0.40206400000000003,-0.004861199750854196,-0.013287918314565888,-0.04997621087120674,0.404937839502959,0.240888496833394,0.2373580574402979,0.0,0.3752720352894233,0.42524824616063006,0.35743901547568663,0.2701524823301001
c3_w2_tcop_cm1_states_L0.4_km0_1042_up0_1000_s256,cm1,stageB,-0.05,-0.1042,0.1,,256,7,0.05,1,True,,0.411616,-0.00038038991206488284,-0.0072351316780999006,-0.0504468648914182,0.4165540556309253,0.24295903814832484,0.2398989672914238,0.0,0.38706527253225376,0.43751213742367195,0.3718090163426367,0.27554724434972355
c3_w2_tcop_cm1_states_L0.4_km0_1042_up0_1000_s256,cm1,stageB,-0.05,-0.1042,0.1,,256,8,0.1,2,True,,0.41768000000000005,0.0039031222073399926,-0.014745526289247244,-0.05086046258395044,0.4284411846670554,0.2447996452126214,0.24217644043530664,0.0,0.39899242466277696,0.4498528872467274,0.3805332195307171,0.26944433051859795
c3_w2_tcop_cm1_states_L0.4_km0_1042_up0_1000_s256,cm1,stageB,-0.05,-0.1042,0.1,,256,9,0.0,0,True,,0.40500800000000003,-0.0019300200393491459,0.006868166129488174,-0.04997621087120674,0.40479019330554106,0.2408600262524559,0.2373580574402979,0.0,0.3752720352894233,0.42524824616063006,0.36934266131553417,0.27005091096456657
c3_w2_tcop_cm1_states_L0.4_km0_1042_up0_1000_s256,cm1,stageB,-0.05,-0.1042,0.1,,256,10,0.05,1,True,,0.409104,-0.000898936090226943,-0.010494071800543162,-0.0504468648914182,0.41668125089654384,0.24298033954600406,0.2398989672914238,0.0,0.38706527253225376,0.43751213742367195,0.36952369435440174,0.2679361424998719
c3_w2_tcop_cm1_states_L0.4_km0_1042_up0_1000_s256,cm1,stageB,-0.05,-0.1042,0.1,,256,11,0.1,2,True,,0.41568,-0.0003687934570004239,-0.00983309878821397,-0.05086046258395044,0.4285430013346703,0.2448148612977793,0.24217644043530664,0.0,0.39899242466277696,0.4498528872467274,0.3704018912529268,0.2704461215773074
c3_w2_tcop_cm1_states_L0.4_km0_1042_up0_1000_s256,cm1,stageB,-0.05,-0.1042,0.1,,256,12,0.0,0,True,,0.402016,-0.0029454603465959477,-0.005206141834946456,-0.04997621087120674,0.4049404301094011,0.24088847345391037,0.2373580574402979,0.0,0.3752720352894233,0.42524824616063006,0.365161687016339,0.2778291072055165
c3_w2_tcop_cm1_states_L0.4_km0_1042_up0_1000_s256,cm1,stageB,-0.05,-0.1042,0.1,,256,13,0.05,1,True,,0.40694400000000003,0.007261174909436727,0.008387193431479955,-0.0504468648914182,0.4167911952131202,0.24299701040248145,0.2398989672914238,0.0,0.38706527253225376,0.43751213742367195,0.390606149223589,0.2763739160172501
c3_w2_tcop_cm1_states_L0.4_km0_1042_up0_1000_s256,cm1,stageB,-0.05,-0.1042,0.1,,256,14,0.1,2,True,,0.415552,-0.004151485468622335,0.0013458104443645187,-0.05086046258395044,0.4285489028042694,0.24481790020367866,0.24217644043530664,0.0,0.39899242466277696,0.4498528872467274,0.35905029856069354,0.26155023912906833
c3_w2_tcop_cm1_states_L0.4_km0_1042_up0_1000_s256,cm1,stageB,-0.05,-0.1042,0.1,,256,15,0.0,0,False,BLOCK_15_PARTIAL_CYCLE,0.402992,0.00026824101442412494,-0.004000634282535361,-0.04997621087120674,0.40489170311029965,0.24087854315944274,0.2373580574402979,0.0,0.3752720352894233,0.42524824616063006,0.3699965289856509,0.27483307248471595
c3_w2_tcop_cm1_states_L0.4_km0_1042_up0_1000_s1024,cm1,stageB,-0.05,-0.1042,0.1,,1024,0,0.0,0,False,PRE_PRIMARY_INCOMPLETE_CYCLE,0.39239999999999997,-0.002627266780170664,-0.007828950920576647,-0.04997621087120674,0.4054263673383713,0.24097248964051263,0.2373580574402979,0.0,0.3752720352894233,0.42524824616063006,0.3688835940631304,0.27836763688076843
c3_w2_tcop_cm1_states_L0.4_km0_1042_up0_1000_s1024,cm1,stageB,-0.05,-0.1042,0.1,,1024,1,0.05,1,False,PRE_PRIMARY_INCOMPLETE_CYCLE,0.4090560000000001,-0.00022952575857931285,-0.011518137384267536,-0.0504468648914182,0.41668349172916674,0.24298118355643214,0.2398989672914238,0.0,0.38706527253225376,0.43751213742367195,0.37155688866407205,0.27554742072839433
c3_w2_tcop_cm1_states_L0.4_km0_1042_up0_1000_s1024,cm1,stageB,-0.05,-0.1042,0.1,,1024,2,0.1,2,False,PRE_PRIMARY_INCOMPLETE_CYCLE,0.414416,0.0013691428208247331,0.0011453645248909712,-0.05086046258395044,0.4286075249827118,0.24482402463851352,0.24217644043530664,0.0,0.39899242466277696,0.4498528872467274,0.37770261681888023,0.26929341133864865
c3_w2_tcop_cm1_states_L0.4_km0_1042_up0_1000_s1024,cm1,stageB,-0.05,-0.1042,0.1,,1024,3,0.0,0,True,,0.4028320000000001,0.0006272654182548354,-0.006997223351138063,-0.04997621087120674,0.4048996410003838,0.24088032756657282,0.2373580574402979,0.0,0.3752720352894233,0.42524824616063006,0.3747906203109456,0.27197029032183945
c3_w2_tcop_cm1_states_L0.4_km0_1042_up0_1000_s1024,cm1,stageB,-0.05,-0.1042,0.1,,1024,4,0.05,1,True,,0.4115200000000001,0.0008316500922179318,-0.009596324395952928,-0.0504468648914182,0.41655896883748145,0.24295979782172997,0.2398989672914238,0.0,0.38706527253225376,0.43751213742367195,0.3725114975642771,0.2664882103107915
c3_w2_tcop_cm1_states_L0.4_km0_1042_up0_1000_s1024,cm1,stageB,-0.05,-0.1042,0.1,,1024,5,0.1,2,True,,0.41769600000000007,-0.0009482994473868979,-0.014659612228292406,-0.05086046258395044,0.4284398999025533,0.24480096184276148,0.24217644043530664,0.0,0.39899242466277696,0.4498528872467274,0.37212386350925025,0.2719975374963337
c3_w2_tcop_cm1_states_L0.4_km0_1042_up0_1000_s1024,cm1,stageB,-0.05,-0.1042,0.1,,1024,6,0.0,0,True,,0.4076000000000001,-0.0022081129853327584,-0.001459928361654812,-0.04997621087120674,0.4046604505339836,0.24083446291141247,0.2373580574402979,0.0,0.3752720352894233,0.42524824616063006,0.365190823913464,0.2673602614784015
c3_w2_tcop_cm1_states_L0.4_km0_1042_up0_1000_s1024,cm1,stageB,-0.05,-0.1042,0.1,,1024,7,0.05,1,True,,0.40611200000000003,0.0020351541417533534,0.015705331213971767,-0.0504468648914182,0.4168326701330967,0.24300580127153992,0.2398989672914238,0.0,0.38706527253225376,0.43751213742367195,0.3759891866562717,0.26807543053447896
c3_w2_tcop_cm1_states_L0.4_km0_1042_up0_1000_s1024,cm1,stageB,-0.05,-0.1042,0.1,,1024,8,0.1,2,True,,0.413552,-0.0010864140860925697,0.0028282210407427366,-0.05086046258395044,0.4286517018934587,0.24483003156156,0.24217644043530664,0.0,0.39899242466277696,0.4498528872467274,0.37231674980707247,0.26948704180442773
c3_w2_tcop_cm1_states_L0.4_km0_1042_up0_1000_s1024,cm1,stageB,-0.05,-0.1042,0.1,,1024,9,0.0,0,True,,0.403968,-0.0035235969274285735,-0.003492552848566182,-0.04997621087120674,0.40484241633067175,0.2408699397354413,0.2373580574402979,0.0,0.3752720352894233,0.42524824616063006,0.36659066425725456,0.2737822964668754
c3_w2_tcop_cm1_states_L0.4_km0_1042_up0_1000_s1024,cm1,stageB,-0.05,-0.1042,0.1,,1024,10,0.05,1,True,,0.409008,0.001095497957951815,-0.01089576838932804,-0.0504468648914182,0.41668599800588446,0.24298138546874135,0.2398989672914238,0.0,0.38706527253225376,0.43751213742367195,0.3749723212304048,0.2742604731619498
c3_w2_tcop_cm1_states_L0.4_km0_1042_up0_1000_s1024,cm1,stageB,-0.05,-0.1042,0.1,,1024,11,0.1,2,True,,0.415552,0.000720540539691143,0.0002138864532370438,-0.05086046258395044,0.4285497036126009,0.24481525468934076,0.24217644043530664,0.0,0.39899242466277696,0.4498528872467274,0.3769368465589247,0.27292680728708363
c3_w2_tcop_cm1_states_L0.4_km0_1042_up0_1000_s1024,cm1,stageB,-0.05,-0.1042,0.1,,1024,12,0.0,0,True,,0.402176,-0.0009004272332129481,-0.020324097172796197,-0.04997621087120674,0.4049324242213134,0.2408869168722261,0.23864623982927569,0.0,0.3752720352894233,0.42524824616063006,0.3702088224672012,0.27232817797878656
c3_w2_tcop_cm1_states_L0.4_km0_1042_up0_1000_s1024,cm1,stageB,-0.05,-0.1042,0.1,,1024,13,0.05,1,True,,0.411696,-0.0016321274410487552,-0.034026332622002886,-0.0504468648914182,0.4165499796735242,0.2429584674934334,0.2398989672914238,0.0,0.38706527253225376,0.43751213742367195,0.3662253082925872,0.27057287009379843
c3_w2_tcop_cm1_states_L0.4_km0_1042_up0_1000_s1024,cm1,stageB,-0.05,-0.1042,0.1,,1024,14,0.1,2,True,,0.41843199999999997,-0.0010221111483063705,-0.0070251688870159165,-0.05086046258395044,0.42840261447258376,0.24479475465708006,0.24217644043530664,0.0,0.39899242466277696,0.4498528872467274,0.37055420876639433,0.270098847167435
c3_w2_tcop_cm1_states_L0.4_km0_1042_up0_1000_s1024,cm1,stageB,-0.05,-0.1042,0.1,,1024,15,0.0,0,False,BLOCK_15_PARTIAL_CYCLE,0.403408,0.0006974013403341911,-0.009958224844996831,-0.04997621087120674,0.4048706558932357,0.24087497085759998,0.2373580574402979,0.0,0.3752720352894233,0.42524824616063006,0.373875302638107,0.2727775742405109
c3_w2_tcop_cm1_states_L0.4_km0_1042_up0_1000_s31415,cm1,stageB,-0.05,-0.1042,0.1,,31415,0,0.0,0,False,PRE_PRIMARY_INCOMPLETE_CYCLE,0.38675200000000004,-0.004872899546948049,0.01066973183458668,-0.04997621087120674,0.4057094267690837,0.24102750340339374,0.23871403890237938,0.0,0.3752720352894233,0.42524824616063006,0.36193509264886986,0.27604723335621134
c3_w2_tcop_cm1_states_L0.4_km0_1042_up0_1000_s31415,cm1,stageB,-0.05,-0.1042,0.1,,31415,1,0.05,1,False,PRE_PRIMARY_INCOMPLETE_CYCLE,0.407216,-0.00029397007205354006,0.0017393589702985992,-0.0504468648914182,0.41677658110024185,0.24299698413099413,0.2398989672914238,0.0,0.38706527253225376,0.43751213742367195,0.37371009169763203,0.27212081245312564
c3_w2_tcop_cm1_states_L0.4_km0_1042_up0_1000_s31415,cm1,stageB,-0.05,-0.1042,0.1,,31415,2,0.1,2,False,PRE_PRIMARY_INCOMPLETE_CYCLE,0.41735999999999995,0.0004889720351011653,-0.0175256951290542,-0.05086046258395044,0.4284572063296331,0.24480294442049205,0.24217644043530664,0.0,0.39899242466277696,0.4498528872467274,0.3765194045154172,0.2702506407853394
c3_w2_tcop_cm1_states_L0.4_km0_1042_up0_1000_s31415,cm1,stageB,-0.05,-0.1042,0.1,,31415,3,0.0,0,True,,0.40192,-0.002074119385359362,-0.006444908683666438,-0.04997621087120674,0.4049452879715151,0.24088936054901472,0.2373580574402979,0.0,0.3752720352894233,0.42524824616063006,0.3665159746695166,0.27095552854291316
c3_w2_tcop_cm1_states_L0.4_km0_1042_up0_1000_s31415,cm1,stageB,-0.05,-0.1042,0.1,,31415,4,0.05,1,True,,0.40974400000000005,0.0002426343565310507,-0.023761833681233493,-0.0504468648914182,0.4166490098688443,0.24297443828362503,0.2398989672914238,0.0,0.38706527253225376,0.43751213742367195,0.36959470133758515,0.2685138060413512
c3_w2_tcop_cm1_states_L0.4_km0_1042_up0_1000_s31415,cm1,stageB,-0.05,-0.1042,0.1,,31415,5,0.1,2,True,,0.414,0.002510294647794891,-0.0028067154541541097,-0.05086046258395044,0.4286290991315424,0.24482585365250975,0.24217644043530664,0.0,0.39899242466277696,0.4498528872467274,0.37706989878017516,0.2709578538874126
c3_w2_tcop_cm1_states_L0.4_km0_1042_up0_1000_s31415,cm1,stageB,-0.05,-0.1042,0.1,,31415,6,0.0,0,True,,0.40286399999999994,0.0009757426607697822,-0.014832274076764795,-0.04997621087120674,0.40489863103246726,0.2408786459943999,0.2373580574402979,0.0,0.3752720352894233,0.42524824616063006,0.3759135862802211,0.2763382429496734
c3_w2_tcop_cm1_states_L0.4_km0_1042_up0_1000_s31415,cm1,stageB,-0.05,-0.1042,0.1,,31415,7,0.05,1,True,,0.408944,-0.0026044840155660305,-0.015899047939105414,-0.0504468648914182,0.4166891651745043,0.2429821761338619,0.2398989672914238,0.0,0.38706527253225376,0.43751213742367195,0.3679443197267556,0.27109561719603886
c3_w2_tcop_cm1_states_L0.4_km0_1042_up0_1000_s31415,cm1,stageB,-0.05,-0.1042,0.1,,31415,8,0.1,2,True,,0.415424,0.0029463443806889956,-0.0019980233967301715,-0.05086046258395044,0.4285562340947443,0.24481618193943222,0.24217644043530664,0.0,0.39899242466277696,0.4498528872467274,0.3756337333881918,0.26961138739067364
c3_w2_tcop_cm1_states_L0.4_km0_1042_up0_1000_s31415,cm1,stageB,-0.05,-0.1042,0.1,,31415,9,0.0,0,True,,0.40084800000000004,-0.0003982761929015159,-0.013417204464074956,-0.04997621087120674,0.4049993944310537,0.24089890269291936,0.2373580574402979,0.0,0.3752720352894233,0.42524824616063006,0.3732754539470833,0.2776867789717562
c3_w2_tcop_cm1_states_L0.4_km0_1042_up0_1000_s31415,cm1,stageB,-0.05,-0.1042,0.1,,31415,10,0.05,1,True,,0.410944,-8.570588773231045e-05,0.0003728244857527278,-0.0504468648914182,0.4165880906806019,0.24296481407359027,0.2398989672914238,0.0,0.38706527253225376,0.43751213742367195,0.37498625884412773,0.27199197293645444
c3_w2_tcop_cm1_states_L0.4_km0_1042_up0_1000_s31415,cm1,stageB,-0.05,-0.1042,0.1,,31415,11,0.1,2,True,,0.41411200000000004,0.0029219206199622293,-0.008754580344530303,-0.05086046258395044,0.4286228436172765,0.24482679918124556,0.24217644043530664,0.0,0.39899242466277696,0.4498528872467274,0.37910596340405334,0.27489158775162126
c3_w2_tcop_cm1_states_L0.4_km0_1042_up0_1000_s31415,cm1,stageB,-0.05,-0.1042,0.1,,31415,12,0.0,0,True,,0.40297599999999995,-0.0034480874834152877,-0.0005745009756540115,-0.04997621087120674,0.4048923627767578,0.24087905002683904,0.2373580574402979,0.0,0.3752720352894233,0.42524824616063006,0.3689229516343355,0.27545190073273185
c3_w2_tcop_cm1_states_L0.4_km0_1042_up0_1000_s31415,cm1,stageB,-0.05,-0.1042,0.1,,31415,13,0.05,1,True,,0.41035200000000005,-0.004474948095289363,-0.013755496986656636,-0.0504468648914182,0.4166175545056803,0.24297109637996317,0.2398989672914238,0.0,0.38706527253225376,0.43751213742367195,0.36146015166460016,0.26973492095889495
c3_w2_tcop_cm1_states_L0.4_km0_1042_up0_1000_s31415,cm1,stageB,-0.05,-0.1042,0.1,,31415,14,0.1,2,True,,0.4142079999999999,0.00018630767771591312,-0.010102262358580047,-0.05086046258395044,0.4286182915023649,0.24482496453362604,0.24217644043530664,0.0,0.39899242466277696,0.4498528872467274,0.36842404038589005,0.2715969128313728
c3_w2_tcop_cm1_states_L0.4_km0_1042_up0_1000_s31415,cm1,stageB,-0.05,-0.1042,0.1,,31415,15,0.0,0,False,BLOCK_15_PARTIAL_CYCLE,0.40689600000000004,-0.0012747919811985674,-0.01735741490588415,-0.04997621087120674,0.4046956531471491,0.24084150131216173,0.2373580574402979,0.0,0.3752720352894233,0.42524824616063006,0.3730228416618911,0.27402760753064925
c3_w2_tcop_cm1_states_L0.4_km0_1042_up0_2500_s42,cm1,stageB,-0.05,-0.1042,0.25,,42,0,0.0,0,False,PRE_PRIMARY_INCOMPLETE_CYCLE,0.39019200000000004,0.0010344569017277736,0.0006956282078805514,-0.04997621087120674,0.40553706510935084,0.2409939464932938,0.2373580574402979,0.0,0.3752720352894233,0.42524824616063006,0.3778145881349591,0.27716168084248183
c3_w2_tcop_cm1_states_L0.4_km0_1042_up0_2500_s42,cm1,stageB,-0.05,-0.1042,0.25,,42,1,0.125,1,False,PRE_PRIMARY_INCOMPLETE_CYCLE,0.418272,-0.002585191455286871,-0.018186765747702824,-0.051045238013422645,0.4345410566541343,0.24563655176930427,0.24321297936708444,0.0,0.40500222428094546,0.4560474622943681,0.3639256865381563,0.26429751034591037
c3_w2_tcop_cm1_states_L0.4_km0_1042_up0_2500_s42,cm1,stageB,-0.05,-0.1042,0.25,,42,2,0.25,2,False,PRE_PRIMARY_INCOMPLETE_CYCLE,0.43351999999999996,0.0002464299531147945,-0.0074489546764954,-0.05174049529599317,0.46466832097489047,0.24866837466334,0.24732651310483458,0.0,0.4354460338230315,0.48718652911902466,0.3774327856840338,0.27031333344445707
c3_w2_tcop_cm1_states_L0.4_km0_1042_up0_2500_s42,cm1,stageB,-0.05,-0.1042,0.25,,42,3,0.0,0,True,,0.405488,-0.00027399550693985085,-0.025663095146010978,-0.04997621087120674,0.40476645408367173,0.24085466554424684,0.2373580574402979,0.0,0.3752720352894233,0.42524824616063006,0.37092578949436905,0.2668631277611646
c3_w2_tcop_cm1_states_L0.4_km0_1042_up0_2500_s42,cm1,stageB,-0.05,-0.1042,0.25,,42,4,0.125,1,True,,0.4192479999999999,0.0028387876934199098,-0.007729321792649696,-0.051045238013422645,0.4344914783558131,0.24562856362050436,0.24321297936708444,0.0,0.40500222428094546,0.4560474622943681,0.3795869238252122,0.2724184080738091
c3_w2_tcop_cm1_states_L0.4_km0_1042_up0_2500_s42,cm1,stageB,-0.05,-0.1042,0.25,,42,5,0.25,2,True,,0.438384,0.0008815104974520049,-0.009504668418039243,-0.05174049529599317,0.46441607260260487,0.2486516676501584,0.24732651310483458,0.0,0.4354460338230315,0.48718652911902466,0.3717787736640781,0.2621167834693033
c3_w2_tcop_cm1_states_L0.4_km0_1042_up0_2500_s42,cm1,stageB,-0.05,-0.1042,0.25,,42,6,0.0,0,True,,0.403104,-0.00039348850690648114,-0.012223886895095105,-0.04997621087120674,0.4048857282073789,0.24087832479035784,0.2373580574402979,0.0,0.3752720352894233,0.42524824616063006,0.3711016383189339,0.2738335441780806
c3_w2_tcop_cm1_states_L0.4_km0_1042_up0_2500_s42,cm1,stageB,-0.05,-0.1042,0.25,,42,7,0.125,1,True,,0.4197759999999999,7.591986182145599e-05,-0.012143838615670352,-0.051045238013422645,0.43446436060194077,0.24562539247191867,0.24321297936708444,0.0,0.40500222428094546,0.4560474622943681,0.36978834302084435,0.2700666451003266
c3_w2_tcop_cm1_states_L0.4_km0_1042_up0_2500_s42,cm1,stageB,-0.05,-0.1042,0.25,,42,8,0.25,2,True,,0.43534400000000006,-0.0006487892908441875,-0.0014525528516751772,-0.05174049529599317,0.4645735948075992,0.2486629674850173,0.24732651310483458,0.0,0.4354460338230315,0.48718652911902466,0.3713316402439415,0.2653917356044327
c3_w2_tcop_cm1_states_L0.4_km0_1042_up0_2500_s42,cm1,stageB,-0.05,-0.1042,0.25,,42,9,0.0,0,True,,0.405408,0.0006033102248484156,0.00883764740694721,-0.04997621087120674,0.4047703140425569,0.24085576304196632,0.2373580574402979,0.0,0.3752720352894233,0.42524824616063006,0.37323214683119865,0.27323248469136335
c3_w2_tcop_cm1_states_L0.4_km0_1042_up0_2500_s42,cm1,stageB,-0.05,-0.1042,0.25,,42,10,0.125,1,True,,0.41827200000000003,0.0014440181566090977,-0.01094624948176888,-0.051045238013422645,0.4345414050700318,0.24563521735177254,0.24321297936708444,0.0,0.40500222428094546,0.4560474622943681,0.3740937585490668,0.267706855701598
c3_w2_tcop_cm1_states_L0.4_km0_1042_up0_2500_s42,cm1,stageB,-0.05,-0.1042,0.25,,42,11,0.25,2,True,,0.432896,0.0009897719497763053,-0.01530315553566353,-0.05174049529599317,0.46470052842811616,0.24867137969189584,0.24732651310483458,0.0,0.4354460338230315,0.48718652911902466,0.3759974252134199,0.26698505413936174
c3_w2_tcop_cm1_states_L0.4_km0_1042_up0_2500_s42,cm1,stageB,-0.05,-0.1042,0.25,,42,12,0.0,0,True,,0.407392,9.986524558171811e-05,-0.004968000785414655,-0.04997621087120674,0.4046712669703464,0.24083554881764335,0.2373580574402979,0.0,0.3752720352894233,0.42524824616063006,0.36916276277825516,0.2757678264260055
c3_w2_tcop_cm1_states_L0.4_km0_1042_up0_2500_s42,cm1,stageB,-0.05,-0.1042,0.25,,42,13,0.125,1,True,,0.419328,-0.005023063609177592,-0.023623693665537484,-0.051045238013422645,0.4344871686493622,0.24562887196986552,0.24321297936708444,0.0,0.40500222428094546,0.4560474622943681,0.35978714341814644,0.26521257532961157
c3_w2_tcop_cm1_states_L0.4_km0_1042_up0_2500_s42,cm1,stageB,-0.05,-0.1042,0.25,,42,14,0.25,2,True,,0.43430399999999997,-0.00013758389275296757,0.0002493793881296896,-0.05174049529599317,0.46462749936371345,0.24866676844714525,0.24732651310483458,0.0,0.4354460338230315,0.48718652911902466,0.3689335452252253,0.26590667091660924
c3_w2_tcop_cm1_states_L0.4_km0_1042_up0_2500_s42,cm1,stageB,-0.05,-0.1042,0.25,,42,15,0.0,0,False,BLOCK_15_PARTIAL_CYCLE,0.404928,-0.003986782741741318,0.001682626491948881,-0.04997621087120674,0.4047942731245566,0.24086063630309595,0.2373580574402979,0.0,0.3752720352894233,0.42524824616063006,0.3627300461184631,0.27430264874689203
c3_w2_tcop_cm1_states_L0.4_km0_1042_up0_2500_s137,cm1,stageB,-0.05,-0.1042,0.25,,137,0,0.0,0,False,PRE_PRIMARY_INCOMPLETE_CYCLE,0.39507200000000003,0.0010001146078970958,0.0008045805146491063,-0.04997621087120674,0.40529239577370413,0.2409466578538494,0.2373580574402979,0.0,0.3752720352894233,0.42524824616063006,0.37645183865178533,0.2774403519918171
c3_w2_tcop_cm1_states_L0.4_km0_1042_up0_2500_s137,cm1,stageB,-0.05,-0.1042,0.25,,137,1,0.125,1,False,PRE_PRIMARY_INCOMPLETE_CYCLE,0.41840000000000005,-0.0021658198792046056,-0.020533383066020143,-0.051045238013422645,0.43453480835739666,0.2456346011202912,0.24321297936708444,0.0,0.40500222428094546,0.4560474622943681,0.3695702116855027,0.2671221788188732
c3_w2_tcop_cm1_states_L0.4_km0_1042_up0_2500_s137,cm1,stageB,-0.05,-0.1042,0.25,,137,2,0.25,2,False,PRE_PRIMARY_INCOMPLETE_CYCLE,0.435056,0.001711755216007608,-0.008156565994316259,-0.05174049529599317,0.4645885939814567,0.2486635831018301,0.24732651310483458,0.0,0.4354460338230315,0.48718652911902466,0.37078007554293946,0.2620127814963724
c3_w2_tcop_cm1_states_L0.4_km0_1042_up0_2500_s137,cm1,stageB,-0.05,-0.1042,0.25,,137,3,0.0,0,True,,0.40489600000000003,0.0013159708970798972,-0.007256438518406691,-0.04997621087120674,0.4047959842655585,0.2408607357294819,0.2373580574402979,0.0,0.3752720352894233,0.42524824616063006,0.3762562687862261,0.27101478036975124
c3_w2_tcop_cm1_states_L0.4_km0_1042_up0_2500_s137,cm1,stageB,-0.05,-0.1042,0.25,,137,4,0.125,1,True,,0.41881599999999997,0.0013281834434710604,-0.029303643984955736,-0.051045238013422645,0.43451366211959536,0.24563126096828422,0.24321297936708444,0.0,0.40500222428094546,0.4560474622943681,0.3806756561567536,0.27092350780020374
c3_w2_tcop_cm1_states_L0.4_km0_1042_up0_2500_s137,cm1,stageB,-0.05,-0.1042,0.25,,137,5,0.25,2,True,,0.435056,0.0031798883632018337,-0.007911808998450193,-0.05174049529599317,0.4645887014292918,0.248662763155766,0.24732651310483458,0.0,0.4354460338230315,0.48718652911902466,0.37718594810355865,0.26439547469596647
c3_w2_tcop_cm1_states_L0.4_km0_1042_up0_2500_s137,cm1,stageB,-0.05,-0.1042,0.25,,137,6,0.0,0,True,,0.40427199999999996,0.0022076756957918322,-0.019164563119325267,-0.04997621087120674,0.4048276433567929,0.24086593983902385,0.2373580574402979,0.0,0.3752720352894233,0.42524824616063006,0.37691145919620467,0.26950690138776173
c3_w2_tcop_cm1_states_L0.4_km0_1042_up0_2500_s137,cm1,stageB,-0.05,-0.1042,0.25,,137,7,0.125,1,True,,0.419728,4.3943735124676724e-05,-0.011574631307054892,-0.051045238013422645,0.43446671367792716,0.24562604770970833,0.24321297936708444,0.0,0.40500222428094546,0.4560474622943681,0.3734418975572259,0.26973940453226025
c3_w2_tcop_cm1_states_L0.4_km0_1042_up0_2500_s137,cm1,stageB,-0.05,-0.1042,0.25,,137,8,0.25,2,True,,0.434448,0.001387385645439391,-0.005409424981326494,-0.05174049529599317,0.46462022321789753,0.2486648905832908,0.24732651310483458,0.0,0.4354460338230315,0.48718652911902466,0.3785066929496537,0.26916309017220513
c3_w2_tcop_cm1_states_L0.4_km0_1042_up0_2500_s137,cm1,stageB,-0.05,-0.1042,0.25,,137,9,0.0,0,True,,0.403264,0.0034026180379994426,0.0161945832111237,-0.04997621087120674,0.4048785005645789,0.24087494350160094,0.2373580574402979,0.0,0.3752720352894233,0.42524824616063006,0.3833414975667342,0.27870918247371607
c3_w2_tcop_cm1_states_L0.4_km0_1042_up0_2500_s137,cm1,stageB,-0.05,-0.1042,0.25,,137,10,0.125,1,True,,0.419328,-0.0015727061839996797,0.00039134707466036264,-0.051045238013422645,0.43448686944240894,0.2456299246082086,0.24321297936708444,0.0,0.40500222428094546,0.4560474622943681,0.36609598001425026,0.26394858362898327
c3_w2_tcop_cm1_states_L0.4_km0_1042_up0_2500_s137,cm1,stageB,-0.05,-0.1042,0.25,,137,11,0.25,2,True,,0.434768,0.000340568170289749,-0.0028625919427797283,-0.05174049529599317,0.4646035958318836,0.24866405099895206,0.24732651310483458,0.0,0.4354460338230315,0.48718652911902466,0.3759789454104606,0.2640875116394977
c3_w2_tcop_cm1_states_L0.4_km0_1042_up0_2500_s137,cm1,stageB,-0.05,-0.1042,0.25,,137,12,0.0,0,True,,0.406432,-0.0007324931474916605,-0.005433616097706142,-0.04997621087120674,0.4047188208107987,0.2408461697384282,0.2373580574402979,0.0,0.3752720352894233,0.42524824616063006,0.36876260241123815,0.26957686248058094
c3_w2_tcop_cm1_states_L0.4_km0_1042_up0_2500_s137,cm1,stageB,-0.05,-0.1042,0.25,,137,13,0.125,1,True,,0.41759999999999997,0.0002806413420857238,-0.012902410856070443,-0.051045238013422645,0.4345757989458012,0.24563984407850972,0.24321297936708444,0.0,0.40500222428094546,0.4560474622943681,0.3730480635530332,0.26654652746093677
c3_w2_tcop_cm1_states_L0.4_km0_1042_up0_2500_s137,cm1,stageB,-0.05,-0.1042,0.25,,137,14,0.25,2,True,,0.436416,0.004247090424390758,-0.0008758135000196183,-0.05174049529599317,0.46451842768753826,0.24865642895489745,0.24732651310483458,0.0,0.4354460338230315,0.48718652911902466,0.3824369233530237,0.2658228936661493
c3_w2_tcop_cm1_states_L0.4_km0_1042_up0_2500_s137,cm1,stageB,-0.05,-0.1042,0.25,,137,15,0.0,0,False,BLOCK_15_PARTIAL_CYCLE,0.40361600000000003,-0.0001856616880897348,0.018199843868914913,-0.04997621087120674,0.4048603248050352,0.24087274661758293,0.2373580574402979,0.0,0.3752720352894233,0.42524824616063006,0.37376667466803154,0.2763896017731069
c3_w2_tcop_cm1_states_L0.4_km0_1042_up0_2500_s256,cm1,stageB,-0.05,-0.1042,0.25,,256,0,0.0,0,False,PRE_PRIMARY_INCOMPLETE_CYCLE,0.39192,0.0031453769492253173,0.001106498585910028,-0.04997621087120674,0.4054508423917264,0.24097621641260095,0.2373580574402979,0.0,0.3752720352894233,0.42524824616063006,0.3828377851848162,0.2816665143750059
c3_w2_tcop_cm1_states_L0.4_km0_1042_up0_2500_s256,cm1,stageB,-0.05,-0.1042,0.25,,256,1,0.125,1,False,PRE_PRIMARY_INCOMPLETE_CYCLE,0.42088000000000003,-0.0028649890148523104,-0.005802316152082752,-0.051045238013422645,0.43440780604720863,0.2456181176902334,0.24321297936708444,0.0,0.40500222428094546,0.4560474622943681,0.3629161722186204,0.2656438404987385
c3_w2_tcop_cm1_states_L0.4_km0_1042_up0_2500_s256,cm1,stageB,-0.05,-0.1042,0.25,,256,2,0.25,2,False,PRE_PRIMARY_INCOMPLETE_CYCLE,0.437664,-0.00011221675173151934,-0.008832108038760627,-0.05174049529599317,0.46445334256172016,0.24865460349941093,0.24732651310483458,0.0,0.4354460338230315,0.48718652911902466,0.3739949853795073,0.26646910742241336
c3_w2_tcop_cm1_states_L0.4_km0_1042_up0_2500_s256,cm1,stageB,-0.05,-0.1042,0.25,,256,3,0.0,0,True,,0.406768,-6.259449209819537e-05,-0.00579344908764944,-0.04997621087120674,0.4047022288952066,0.24084233246241007,0.2373580574402979,0.0,0.3752720352894233,0.42524824616063006,0.37154721613748815,0.27347773164625466
c3_w2_tcop_cm1_states_L0.4_km0_1042_up0_2500_s256,cm1,stageB,-0.05,-0.1042,0.25,,256,4,0.125,1,True,,0.418192,0.0035737348150327963,0.006081347754451382,-0.051045238013422645,0.4345458170876109,0.24563464766086887,0.24321297936708444,0.0,0.40500222428094546,0.4560474622943681,0.38054981635732155,0.27142846122063474
c3_w2_tcop_cm1_states_L0.4_km0_1042_up0_2500_s256,cm1,stageB,-0.05,-0.1042,0.25,,256,5,0.25,2,True,,0.433072,0.0018796745278976492,-0.0297918521229364,-0.05174049529599317,0.4646915248742393,0.24867000176397602,0.24732651310483458,0.0,0.4354460338230315,0.48718652911902466,0.37997999055494963,0.27031778152228825
c3_w2_tcop_cm1_states_L0.4_km0_1042_up0_2500_s256,cm1,stageB,-0.05,-0.1042,0.25,,256,6,0.0,0,True,,0.40281599999999995,-0.004702405902227858,-0.012085509596480037,-0.04997621087120674,0.4049001292687,0.24088122603629436,0.2373580574402979,0.0,0.3752720352894233,0.42524824616063006,0.35789249705059384,0.27024822533320614
c3_w2_tcop_cm1_states_L0.4_km0_1042_up0_2500_s256,cm1,stageB,-0.05,-0.1042,0.25,,256,7,0.125,1,True,,0.42065600000000003,-9.842528213957469e-05,-0.0056053921532965385,-0.051045238013422645,0.4344193936502823,0.24561912514844408,0.24321297936708444,0.0,0.40500222428094546,0.4560474622943681,0.3729497621583073,0.27250480063098953
c3_w2_tcop_cm1_states_L0.4_km0_1042_up0_2500_s256,cm1,stageB,-0.05,-0.1042,0.25,,256,8,0.25,2,True,,0.437008,0.003801408987896074,-0.01428741617035965,-0.05174049529599317,0.46448757155585824,0.24865555855512375,0.24732651310483458,0.0,0.4354460338230315,0.48718652911902466,0.38083691483806814,0.2637342050214523
c3_w2_tcop_cm1_states_L0.4_km0_1042_up0_2500_s256,cm1,stageB,-0.05,-0.1042,0.25,,256,9,0.0,0,True,,0.4057279999999999,-0.0019119918073447787,0.007334405855837168,-0.04997621087120674,0.4047540950709502,0.24085304884956601,0.2373580574402979,0.0,0.3752720352894233,0.42524824616063006,0.36916259956298775,0.2698377730997586
c3_w2_tcop_cm1_states_L0.4_km0_1042_up0_2500_s256,cm1,stageB,-0.05,-0.1042,0.25,,256,10,0.125,1,True,,0.41915199999999997,-0.0013322291756168992,-0.010433048886056522,-0.051045238013422645,0.4344964083214126,0.24562921558859294,0.24321297936708444,0.0,0.40500222428094546,0.4560474622943681,0.36939182203627396,0.2660157191397587
c3_w2_tcop_cm1_states_L0.4_km0_1042_up0_2500_s256,cm1,stageB,-0.05,-0.1042,0.25,,256,11,0.25,2,True,,0.43644799999999995,-0.00047917382901373353,-0.005969289124504649,-0.05174049529599317,0.46451643057511244,0.2486585500487061,0.24732651310483458,0.0,0.4354460338230315,0.48718652911902466,0.3687391370739483,0.26243853391548
c3_w2_tcop_cm1_states_L0.4_km0_1042_up0_2500_s256,cm1,stageB,-0.05,-0.1042,0.25,,256,12,0.0,0,True,,0.402992,-0.0031882370161109737,-0.004349584474665648,-0.04997621087120674,0.40489147858875185,0.24087906164969097,0.2373580574402979,0.0,0.3752720352894233,0.42524824616063006,0.3644960990609681,0.2770156587956313
c3_w2_tcop_cm1_states_L0.4_km0_1042_up0_2500_s256,cm1,stageB,-0.05,-0.1042,0.25,,256,13,0.125,1,True,,0.416704,0.0065830722779253795,0.004590054605345578,-0.051045238013422645,0.4346221361552895,0.2456441409357335,0.24321297936708444,0.0,0.40500222428094546,0.4560474622943681,0.38882420843802784,0.2734342082258479
c3_w2_tcop_cm1_states_L0.4_km0_1042_up0_2500_s256,cm1,stageB,-0.05,-0.1042,0.25,,256,14,0.25,2,True,,0.43488,-0.0032115411151051577,0.0030999226530020324,-0.05174049529599317,0.4645974428920678,0.24866610638879244,0.24732651310483458,0.0,0.4354460338230315,0.48718652911902466,0.3616611875135062,0.2574747051167219
c3_w2_tcop_cm1_states_L0.4_km0_1042_up0_2500_s256,cm1,stageB,-0.05,-0.1042,0.25,,256,15,0.0,0,False,BLOCK_15_PARTIAL_CYCLE,0.403872,0.0004181233744629117,-0.0042926546063450245,-0.04997621087120674,0.4048476124248678,0.24086994686252536,0.2373580574402979,0.0,0.3752720352894233,0.42524824616063006,0.3706685907117192,0.27527778123450825
c3_w2_tcop_cm1_states_L0.4_km0_1042_up0_2500_s1024,cm1,stageB,-0.05,-0.1042,0.25,,1024,0,0.0,0,False,PRE_PRIMARY_INCOMPLETE_CYCLE,0.39239999999999997,-0.002627266780170664,-0.007828950920576647,-0.04997621087120674,0.4054263673383713,0.24097248964051263,0.2373580574402979,0.0,0.3752720352894233,0.42524824616063006,0.3688835940631304,0.27836763688076843
c3_w2_tcop_cm1_states_L0.4_km0_1042_up0_2500_s1024,cm1,stageB,-0.05,-0.1042,0.25,,1024,1,0.125,1,False,PRE_PRIMARY_INCOMPLETE_CYCLE,0.419024,-4.264509212883335e-05,-0.012195572098214423,-0.051045238013422645,0.4345028236487056,0.24563051701373387,0.24321297936708444,0.0,0.40500222428094546,0.4560474622943681,0.37090196236515977,0.27009117802068433
c3_w2_tcop_cm1_states_L0.4_km0_1042_up0_2500_s1024,cm1,stageB,-0.05,-0.1042,0.25,,1024,2,0.25,2,False,PRE_PRIMARY_INCOMPLETE_CYCLE,0.434288,0.0006438440425063398,-0.0007197162352364624,-0.05174049529599317,0.4646283858917728,0.2486664831305888,0.24732651310483458,0.0,0.4354460338230315,0.48718652911902466,0.37582164204371643,0.261705993520152
c3_w2_tcop_cm1_states_L0.4_km0_1042_up0_2500_s1024,cm1,stageB,-0.05,-0.1042,0.25,,1024,3,0.0,0,True,,0.40352000000000005,0.0003540325262118646,-0.00794745729307048,-0.04997621087120674,0.4048651241147488,0.24087371273487415,0.2373580574402979,0.0,0.3752720352894233,0.42524824616063006,0.37430170867992074,0.2717579652300677
c3_w2_tcop_cm1_states_L0.4_km0_1042_up0_2500_s1024,cm1,stageB,-0.05,-0.1042,0.25,,1024,4,0.125,1,True,,0.42100799999999994,0.0008406928911601372,-0.00525640459779054,-0.051045238013422645,0.43440138863695854,0.24561681892718362,0.24321297936708444,0.0,0.40500222428094546,0.4560474622943681,0.3724945213645264,0.2631992732739747
c3_w2_tcop_cm1_states_L0.4_km0_1042_up0_2500_s1024,cm1,stageB,-0.05,-0.1042,0.25,,1024,5,0.25,2,True,,0.43616,-0.0007441735928019081,-0.008366556537895992,-0.05174049529599317,0.46453123580468014,0.24866038395091764,0.24732651310483458,0.0,0.4354460338230315,0.48718652911902466,0.3727585782944477,0.2673176254106181
c3_w2_tcop_cm1_states_L0.4_km0_1042_up0_2500_s1024,cm1,stageB,-0.05,-0.1042,0.25,,1024,6,0.0,0,True,,0.408448,-0.0021908642158326793,-0.0019763377867370916,-0.04997621087120674,0.404617940632204,0.2408262318015733,0.2373580574402979,0.0,0.3752720352894233,0.42524824616063006,0.3652830629368389,0.26705665432678305
c3_w2_tcop_cm1_states_L0.4_km0_1042_up0_2500_s1024,cm1,stageB,-0.05,-0.1042,0.25,,1024,7,0.125,1,True,,0.41620799999999997,0.001281551740261214,0.013820628559913133,-0.051045238013422645,0.43464697583685985,0.24564945168360713,0.24321297936708444,0.0,0.40500222428094546,0.4560474622943681,0.37445680746652577,0.26376461146525665
c3_w2_tcop_cm1_states_L0.4_km0_1042_up0_2500_s1024,cm1,stageB,-0.05,-0.1042,0.25,,1024,8,0.25,2,True,,0.432448,-0.0003384648609179043,-0.002420452842976813,-0.05174049529599317,0.46472387690990713,0.2486722504212161,0.24732651310483458,0.0,0.4354460338230315,0.48718652911902466,0.3740420279219771,0.26418620110186286
c3_w2_tcop_cm1_states_L0.4_km0_1042_up0_2500_s1024,cm1,stageB,-0.05,-0.1042,0.25,,1024,9,0.0,0,True,,0.404544,-0.003480648626609808,-0.0036557472437068815,-0.04997621087120674,0.404813536701569,0.2408643578965413,0.2373580574402979,0.0,0.3752720352894233,0.42524824616063006,0.36675591195956697,0.2735176959992563
c3_w2_tcop_cm1_states_L0.4_km0_1042_up0_2500_s1024,cm1,stageB,-0.05,-0.1042,0.25,,1024,10,0.125,1,True,,0.41888000000000003,0.0013640149944238924,-0.01154996308856438,-0.051045238013422645,0.43451019106112465,0.24563148051136063,0.24321297936708444,0.0,0.40500222428094546,0.4560474622943681,0.37542467659441187,0.2700426824459189
c3_w2_tcop_cm1_states_L0.4_km0_1042_up0_2500_s1024,cm1,stageB,-0.05,-0.1042,0.25,,1024,11,0.25,2,True,,0.435312,0.001321110857023201,-0.0004471511750157168,-0.05174049529599317,0.4645754720862387,0.24866158783832076,0.24732651310483458,0.0,0.4354460338230315,0.48718652911902466,0.377713019003939,0.26717665848728595
c3_w2_tcop_cm1_states_L0.4_km0_1042_up0_2500_s1024,cm1,stageB,-0.05,-0.1042,0.25,,1024,12,0.0,0,True,,0.40291199999999994,-0.0009634141081387065,-0.020693721768977106,-0.04997621087120674,0.40489552694956654,0.24087977722617746,0.2373580574402979,0.0,0.3752720352894233,0.42524824616063006,0.36965756815604695,0.27178654793457957
c3_w2_tcop_cm1_states_L0.4_km0_1042_up0_2500_s1024,cm1,stageB,-0.05,-0.1042,0.25,,1024,13,0.125,1,True,,0.421616,-0.001922018540082705,-0.03167130116449176,-0.051045238013422645,0.4343701771590779,0.2456129673032759,0.24321297936708444,0.0,0.40500222428094546,0.4560474622943681,0.3646613603412148,0.2690611135907549
c3_w2_tcop_cm1_states_L0.4_km0_1042_up0_2500_s1024,cm1,stageB,-0.05,-0.1042,0.25,,1024,14,0.25,2,True,,0.437856,4.8661470715741505e-05,-0.004561766397364885,-0.05174049529599317,0.4644435041355146,0.2486531014108619,0.24732651310483458,0.0,0.4354460338230315,0.48718652911902466,0.3719003307097362,0.2655866665324591
c3_w2_tcop_cm1_states_L0.4_km0_1042_up0_2500_s1024,cm1,stageB,-0.05,-0.1042,0.25,,1024,15,0.0,0,False,BLOCK_15_PARTIAL_CYCLE,0.40419200000000005,0.0006564436588067146,-0.009887490856524815,-0.04997621087120674,0.4048313558453385,0.24086735574675514,0.2373580574402979,0.0,0.3752720352894233,0.42524824616063006,0.37387021319214947,0.2730796900949536
c3_w2_tcop_cm1_states_L0.4_km0_1042_up0_2500_s31415,cm1,stageB,-0.05,-0.1042,0.25,,31415,0,0.0,0,False,PRE_PRIMARY_INCOMPLETE_CYCLE,0.38675200000000004,-0.004872899546948049,0.01066973183458668,-0.04997621087120674,0.4057094267690837,0.24102750340339374,0.23871403890237938,0.0,0.3752720352894233,0.42524824616063006,0.36193509264886986,0.27604723335621134
c3_w2_tcop_cm1_states_L0.4_km0_1042_up0_2500_s31415,cm1,stageB,-0.05,-0.1042,0.25,,31415,1,0.125,1,False,PRE_PRIMARY_INCOMPLETE_CYCLE,0.416624,-1.773996314202525e-05,-0.000978014326801918,-0.051045238013422645,0.4346255448200347,0.24564710043457155,0.24321297936708444,0.0,0.40500222428094546,0.4560474622943681,0.3734494874907186,0.268920199013755
c3_w2_tcop_cm1_states_L0.4_km0_1042_up0_2500_s31415,cm1,stageB,-0.05,-0.1042,0.25,,31415,2,0.25,2,False,PRE_PRIMARY_INCOMPLETE_CYCLE,0.435728,0.0012395638898393753,-0.015970925195567306,-0.05174049529599317,0.46455368491513493,0.24866167152371835,0.24732651310483458,0.0,0.4354460338230315,0.48718652911902466,0.37677607819705616,0.2644824452462
c3_w2_tcop_cm1_states_L0.4_km0_1042_up0_2500_s31415,cm1,stageB,-0.05,-0.1042,0.25,,31415,3,0.0,0,True,,0.402768,-0.002231391070397188,-0.006743920898502562,-0.04997621087120674,0.40490274069883286,0.2408812136642523,0.2373580574402979,0.0,0.3752720352894233,0.42524824616063006,0.3661822692958179,0.27037773938659404
c3_w2_tcop_cm1_states_L0.4_km0_1042_up0_2500_s31415,cm1,stageB,-0.05,-0.1042,0.25,,31415,4,0.125,1,True,,0.418896,0.0008949695089129117,-0.0231971953190593,-0.051045238013422645,0.43450964120655844,0.24563041904742214,0.24321297936708444,0.0,0.40500222428094546,0.4560474622943681,0.37155746775735193,0.26765635374062646
c3_w2_tcop_cm1_states_L0.4_km0_1042_up0_2500_s31415,cm1,stageB,-0.05,-0.1042,0.25,,31415,5,0.25,2,True,,0.43312000000000006,0.002162496645736507,0.0006801854438850688,-0.05174049529599317,0.46468908050127794,0.2486694612052922,0.24732651310483458,0.0,0.4354460338230315,0.48718652911902466,0.3780985317929631,0.2674514987704304
c3_w2_tcop_cm1_states_L0.4_km0_1042_up0_2500_s31415,cm1,stageB,-0.05,-0.1042,0.25,,31415,6,0.0,0,True,,0.403792,0.0011130954518696128,-0.0142303472231267,-0.04997621087120674,0.4048521229882671,0.2408696157169633,0.2373580574402979,0.0,0.3752720352894233,0.42524824616063006,0.3764322798814247,0.2763258623733863
c3_w2_tcop_cm1_states_L0.4_km0_1042_up0_2500_s31415,cm1,stageB,-0.05,-0.1042,0.25,,31415,7,0.125,1,True,,0.4194239999999999,-0.0022023879579802156,-0.014172891132111941,-0.051045238013422645,0.43448239159603436,0.24562771115815432,0.24321297936708444,0.0,0.40500222428094546,0.4560474622943681,0.3695180724212369,0.2693144837387837
c3_w2_tcop_cm1_states_L0.4_km0_1042_up0_2500_s31415,cm1,stageB,-0.05,-0.1042,0.25,,31415,8,0.25,2,True,,0.435328,0.002728238112296487,-0.004701115775153419,-0.05174049529599317,0.464574523205395,0.2486622996837653,0.24732651310483458,0.0,0.4354460338230315,0.48718652911902466,0.37294256010541404,0.2645691726029736
c3_w2_tcop_cm1_states_L0.4_km0_1042_up0_2500_s31415,cm1,stageB,-0.05,-0.1042,0.25,,31415,9,0.0,0,True,,0.4015520000000001,-0.0005970671218871585,-0.014392753942230148,-0.04997621087120674,0.4049640664123484,0.24089215505816217,0.2373580574402979,0.0,0.3752720352894233,0.42524824616063006,0.3728825185684231,0.2771779914872371
c3_w2_tcop_cm1_states_L0.4_km0_1042_up0_2500_s31415,cm1,stageB,-0.05,-0.1042,0.25,,31415,10,0.125,1,True,,0.42041599999999996,-0.0006966961068788963,-0.004425947639795918,-0.051045238013422645,0.4344316616083169,0.24562094397160167,0.24321297936708444,0.0,0.40500222428094546,0.4560474622943681,0.3740342368693969,0.27094956944367476
c3_w2_tcop_cm1_states_L0.4_km0_1042_up0_2500_s31415,cm1,stageB,-0.05,-0.1042,0.25,,31415,11,0.25,2,True,,0.43355199999999994,0.0032432560661966097,-0.01056804706456409,-0.05174049529599317,0.4646665007009169,0.24866921534760913,0.24732651310483458,0.0,0.4354460338230315,0.48718652911902466,0.37991050249723146,0.26782855742598466
c3_w2_tcop_cm1_states_L0.4_km0_1042_up0_2500_s31415,cm1,stageB,-0.05,-0.1042,0.25,,31415,12,0.0,0,True,,0.4037759999999999,-0.0033550648210049867,-0.0011352140139822477,-0.04997621087120674,0.4048522800067793,0.24087123895841392,0.2373580574402979,0.0,0.3752720352894233,0.42524824616063006,0.3690102718005078,0.27530746643172643
c3_w2_tcop_cm1_states_L0.4_km0_1042_up0_2500_s31415,cm1,stageB,-0.05,-0.1042,0.25,,31415,13,0.125,1,True,,0.420032,-0.004360247219342496,-0.015589661391781253,-0.051045238013422645,0.4344509493486306,0.24562470524139413,0.24321297936708444,0.0,0.40500222428094546,0.4560474622943681,0.3607343123346247,0.2666687762504399
c3_w2_tcop_cm1_states_L0.4_km0_1042_up0_2500_s31415,cm1,stageB,-0.05,-0.1042,0.25,,31415,14,0.25,2,True,,0.43388799999999994,-0.00028532598282039967,-0.007994006077763198,-0.05174049529599317,0.46464916043953924,0.248667497944544,0.24732651310483458,0.0,0.4354460338230315,0.48718652911902466,0.36767711189213464,0.2654799222613516
c3_w2_tcop_cm1_states_L0.4_km0_1042_up0_2500_s31415,cm1,stageB,-0.05,-0.1042,0.25,,31415,15,0.0,0,False,BLOCK_15_PARTIAL_CYCLE,0.40763200000000005,-0.0010245714543048745,-0.017597883234590442,-0.04997621087120674,0.4046587678809272,0.24083433378929228,0.2373580574402979,0.0,0.3752720352894233,0.42524824616063006,0.37364065125766543,0.27413253361230494
c3_w2_tcop_cm1_states_L0.4_km0_1042_up0_5000_s42,cm1,stageB,-0.05,-0.1042,0.5,,42,0,0.0,0,False,PRE_PRIMARY_INCOMPLETE_CYCLE,0.39019200000000004,0.0010344569017277736,0.0006956282078805514,-0.04997621087120674,0.40553706510935084,0.2409939464932938,0.2373580574402979,0.0,0.3752720352894233,0.42524824616063006,0.3778145881349591,0.27716168084248183
c3_w2_tcop_cm1_states_L0.4_km0_1042_up0_5000_s42,cm1,stageB,-0.05,-0.1042,0.5,,42,1,0.25,1,False,PRE_PRIMARY_INCOMPLETE_CYCLE,0.43444799999999995,-0.002981030304502792,-0.022536618570242882,-0.05174049529599317,0.4646199430236208,0.24866693502478418,0.24732651310483458,0.0,0.4354460338230315,0.48718652911902466,0.36311332613370667,0.25805003391019005
c3_w2_tcop_cm1_states_L0.4_km0_1042_up0_5000_s42,cm1,stageB,-0.05,-0.1042,0.5,,42,2,0.5,2,False,PRE_PRIMARY_INCOMPLETE_CYCLE,0.463136,0.0006082169528144398,-0.0075905152146167835,-0.05193710060587137,0.5255234710166913,0.24926361101481675,0.24814546940947038,0.0,0.49758374178235515,0.5495208423882265,0.3803195902642973,0.2649528799918233
c3_w2_tcop_cm1_states_L0.4_km0_1042_up0_5000_s42,cm1,stageB,-0.05,-0.1042,0.5,,42,3,0.0,0,True,,0.406432,-0.00020575593422411429,-0.026294699465586192,-0.04997621087120674,0.4047191763533956,0.24084539803897495,0.2373580574402979,0.0,0.3752720352894233,0.42524824616063006,0.37108430990053365,0.26731841433265163
c3_w2_tcop_cm1_states_L0.4_km0_1042_up0_5000_s42,cm1,stageB,-0.05,-0.1042,0.5,,42,4,0.25,1,True,,0.43499200000000005,0.002766158932376175,-0.009327209909185398,-0.05174049529599317,0.46459201654889737,0.2486630065196191,0.24732651310483458,0.0,0.4354460338230315,0.48718652911902466,0.37984926223452214,0.2676925058937949
c3_w2_tcop_cm1_states_L0.4_km0_1042_up0_5000_s42,cm1,stageB,-0.05,-0.1042,0.5,,42,5,0.5,2,True,,0.46820799999999996,0.001043200876822862,0.0022115314200701467,-0.05193710060587137,0.5252600714421256,0.24927802097912696,0.24814546940947038,0.0,0.49758374178235515,0.5495208423882265,0.375438662770485,0.25860736523588695
c3_w2_tcop_cm1_states_L0.4_km0_1042_up0_5000_s42,cm1,stageB,-0.05,-0.1042,0.5,,42,6,0.0,0,True,,0.40428800000000004,3.034577124769802e-05,-0.00967064735927759,-0.04997621087120674,0.40482645663188893,0.24086664600908483,0.2373580574402979,0.0,0.3752720352894233,0.42524824616063006,0.3718833196139396,0.27412180506177464
c3_w2_tcop_cm1_states_L0.4_km0_1042_up0_5000_s42,cm1,stageB,-0.05,-0.1042,0.5,,42,7,0.25,1,True,,0.4355200000000001,0.0010860387808471603,-0.01224637597691683,-0.05174049529599317,0.464564569180103,0.24866172474400705,0.24732651310483458,0.0,0.4354460338230315,0.48718652911902466,0.3712517245333517,0.2640145951325252
c3_w2_tcop_cm1_states_L0.4_km0_1042_up0_5000_s42,cm1,stageB,-0.05,-0.1042,0.5,,42,8,0.5,2,True,,0.465152,-0.0006554194702319327,0.010332787832139036,-0.05193710060587137,0.5254188865066192,0.24927036320449703,0.24814546940947038,0.0,0.49758374178235515,0.5495208423882265,0.36954064529589364,0.25381834794396574
c3_w2_tcop_cm1_states_L0.4_km0_1042_up0_5000_s42,cm1,stageB,-0.05,-0.1042,0.5,,42,9,0.0,0,True,,0.40670399999999995,0.0008877567645818096,0.008806008298882475,-0.04997621087120674,0.4047054285028667,0.2408429963788733,0.2373580574402979,0.0,0.3752720352894233,0.42524824616063006,0.3740078400814743,0.2730347504367445
c3_w2_tcop_cm1_states_L0.4_km0_1042_up0_5000_s42,cm1,stageB,-0.05,-0.1042,0.5,,42,10,0.25,1,True,,0.43412799999999996,0.0006856205887873046,-0.014217888878629292,-0.05174049529599317,0.46463670253261574,0.24866672448665214,0.24732651310483458,0.0,0.4354460338230315,0.48718652911902466,0.3733683519269812,0.262395629813223
c3_w2_tcop_cm1_states_L0.4_km0_1042_up0_5000_s42,cm1,stageB,-0.05,-0.1042,0.5,,42,11,0.5,2,True,,0.464912,0.0005573470296206794,-0.002641459883554522,-0.05193710060587137,0.5254312961552734,0.24926925791843788,0.24814546940947038,0.0,0.49758374178235515,0.5495208423882265,0.37420028163911145,0.2576714539181361
c3_w2_tcop_cm1_states_L0.4_km0_1042_up0_5000_s42,cm1,stageB,-0.05,-0.1042,0.5,,42,12,0.0,0,True,,0.408512,0.000143120552962428,-0.00344736365582187,-0.04997621087120674,0.40461524510333113,0.24082440080525666,0.2373580574402979,0.0,0.3752720352894233,0.42524824616063006,0.36894668952906,0.27541801494021595
c3_w2_tcop_cm1_states_L0.4_km0_1042_up0_5000_s42,cm1,stageB,-0.05,-0.1042,0.5,,42,13,0.25,1,True,,0.43542400000000003,-0.005475984135379044,-0.027579725915047135,-0.05174049529599317,0.464569465834692,0.24866264499849897,0.24732651310483458,0.0,0.4354460338230315,0.48718652911902466,0.36040855158093715,0.261785396571508
c3_w2_tcop_cm1_states_L0.4_km0_1042_up0_5000_s42,cm1,stageB,-0.05,-0.1042,0.5,,42,14,0.5,2,True,,0.4653919999999999,0.0003285369738485006,-0.00045596395918926175,-0.05193710060587137,0.5254063973239556,0.249270709980871,0.24814546940947038,0.0,0.49758374178235515,0.5495208423882265,0.37038929435489093,0.25473867960101726
c3_w2_tcop_cm1_states_L0.4_km0_1042_up0_5000_s42,cm1,stageB,-0.05,-0.1042,0.5,,42,15,0.0,0,False,BLOCK_15_PARTIAL_CYCLE,0.40611200000000003,-0.0040230678265455845,0.003031092725879743,-0.04997621087120674,0.4047349714728616,0.24084902717062945,0.2373580574402979,0.0,0.3752720352894233,0.42524824616063006,0.36223560205778166,0.2736935156891098
c3_w2_tcop_cm1_states_L0.4_km0_1042_up0_5000_s137,cm1,stageB,-0.05,-0.1042,0.5,,137,0,0.0,0,False,PRE_PRIMARY_INCOMPLETE_CYCLE,0.39507200000000003,0.0010001146078970958,0.0008045805146491063,-0.04997621087120674,0.40529239577370413,0.2409466578538494,0.2373580574402979,0.0,0.3752720352894233,0.42524824616063006,0.37645183865178533,0.2774403519918171
c3_w2_tcop_cm1_states_L0.4_km0_1042_up0_5000_s137,cm1,stageB,-0.05,-0.1042,0.5,,137,1,0.25,1,False,PRE_PRIMARY_INCOMPLETE_CYCLE,0.433776,-0.0019439043318749134,-0.01161787554833319,-0.05174049529599317,0.4646549275675891,0.24866826241648105,0.24732651310483458,0.0,0.4354460338230315,0.48718652911902466,0.3698859336150656,0.2645640396356795
c3_w2_tcop_cm1_states_L0.4_km0_1042_up0_5000_s137,cm1,stageB,-0.05,-0.1042,0.5,,137,2,0.5,2,False,PRE_PRIMARY_INCOMPLETE_CYCLE,0.46473600000000004,0.00026009831376664136,-0.016545859838066695,-0.05193710060587137,0.5254404790184372,0.2492690210233318,0.24814546940947038,0.0,0.49758374178235515,0.5495208423882265,0.370667442095252,0.253561344836893
c3_w2_tcop_cm1_states_L0.4_km0_1042_up0_5000_s137,cm1,stageB,-0.05,-0.1042,0.5,,137,3,0.0,0,True,,0.405936,0.001113587979599639,-0.006974724569868621,-0.04997621087120674,0.40474387825971636,0.24085057250098268,0.2373580574402979,0.0,0.3752720352894233,0.42524824616063006,0.37619397899918494,0.2714432073680719
c3_w2_tcop_cm1_states_L0.4_km0_1042_up0_5000_s137,cm1,stageB,-0.05,-0.1042,0.5,,137,4,0.25,1,True,,0.43422399999999994,0.0018783537930821199,-0.02545206461892188,-0.05174049529599317,0.46463180403985177,0.24866589968720684,0.24732651310483458,0.0,0.4354460338230315,0.48718652911902466,0.3824997520038469,0.2682168059483452
c3_w2_tcop_cm1_states_L0.4_km0_1042_up0_5000_s137,cm1,stageB,-0.05,-0.1042,0.5,,137,5,0.5,2,True,,0.4641760000000001,0.0037334325218263582,-0.006005874477792149,-0.05193710060587137,0.5254694912022008,0.24926688548494044,0.24814546940947038,0.0,0.49758374178235515,0.5495208423882265,0.37746862918037727,0.2572554123301285
c3_w2_tcop_cm1_states_L0.4_km0_1042_up0_5000_s137,cm1,stageB,-0.05,-0.1042,0.5,,137,6,0.0,0,True,,0.40510399999999996,0.0020136677637548244,-0.019182019482511126,-0.04997621087120674,0.40478593024376747,0.24085787856240298,0.2373580574402979,0.0,0.3752720352894233,0.42524824616063006,0.37643861809315493,0.2691910186396708
c3_w2_tcop_cm1_states_L0.4_km0_1042_up0_5000_s137,cm1,stageB,-0.05,-0.1042,0.5,,137,7,0.25,1,True,,0.43584,0.0005798205128992611,-0.006648867932058818,-0.05174049529599317,0.46454793584558346,0.24866077811266113,0.24732651310483458,0.0,0.4354460338230315,0.48718652911902466,0.37272816412566345,0.2663034338252637
c3_w2_tcop_cm1_states_L0.4_km0_1042_up0_5000_s137,cm1,stageB,-0.05,-0.1042,0.5,,137,8,0.5,2,True,,0.46416,0.0016426572041677188,-0.005443780316710418,-0.05193710060587137,0.5254702460528764,0.24926614043614706,0.24814546940947038,0.0,0.49758374178235515,0.5495208423882265,0.3804378422577271,0.26029981408305614
c3_w2_tcop_cm1_states_L0.4_km0_1042_up0_5000_s137,cm1,stageB,-0.05,-0.1042,0.5,,137,9,0.0,0,True,,0.40464,0.003540075023559447,0.018414402439710684,-0.04997621087120674,0.4048096259852199,0.24086135362876795,0.2373580574402979,0.0,0.3752720352894233,0.42524824616063006,0.3839108366427033,0.2785258766706176
c3_w2_tcop_cm1_states_L0.4_km0_1042_up0_5000_s137,cm1,stageB,-0.05,-0.1042,0.5,,137,10,0.25,1,True,,0.43576,-0.002028646220936912,0.0022803212009363414,-0.05174049529599317,0.46455190897172627,0.24866236838113231,0.24732651310483458,0.0,0.4354460338230315,0.48718652911902466,0.3651004209681211,0.2615977416568359
c3_w2_tcop_cm1_states_L0.4_km0_1042_up0_5000_s137,cm1,stageB,-0.05,-0.1042,0.5,,137,11,0.5,2,True,,0.464832,0.0022811954572707805,-0.0042679949075752985,-0.05193710060587137,0.5254354072033066,0.24926845579177656,0.24814546940947038,0.0,0.49758374178235515,0.5495208423882265,0.37834951535181766,0.2550825510018719
c3_w2_tcop_cm1_states_L0.4_km0_1042_up0_5000_s137,cm1,stageB,-0.05,-0.1042,0.5,,137,12,0.0,0,True,,0.40761600000000003,-0.0008244132288041425,-0.006177551579773768,-0.04997621087120674,0.40465956864026426,0.2408344455253177,0.2373580574402979,0.0,0.3752720352894233,0.42524824616063006,0.3689855369969051,0.2699747122961117
c3_w2_tcop_cm1_states_L0.4_km0_1042_up0_5000_s137,cm1,stageB,-0.05,-0.1042,0.5,,137,13,0.25,1,True,,0.433104,-0.00012397043285585055,-0.012699334414028141,-0.05174049529599317,0.46468978509208503,0.24867055924309422,0.24732651310483458,0.0,0.4354460338230315,0.48718652911902466,0.3722179087137144,0.26234217766319434
c3_w2_tcop_cm1_states_L0.4_km0_1042_up0_5000_s137,cm1,stageB,-0.05,-0.1042,0.5,,137,14,0.5,2,True,,0.46644800000000003,0.004844376741367932,-0.0036122253706496526,-0.05193710060587137,0.5253512762839418,0.24927105925323081,0.24814546940947038,0.0,0.49758374178235515,0.5495208423882265,0.3854255334489979,0.26283483250748974
c3_w2_tcop_cm1_states_L0.4_km0_1042_up0_5000_s137,cm1,stageB,-0.05,-0.1042,0.5,,137,15,0.0,0,False,BLOCK_15_PARTIAL_CYCLE,0.404656,-0.0004012794627021447,0.017821290521871952,-0.04997621087120674,0.4048082008034881,0.24086262370983638,0.2373580574402979,0.0,0.3752720352894233,0.42524824616063006,0.3727834140850507,0.2755115897074953
c3_w2_tcop_cm1_states_L0.4_km0_1042_up0_5000_s256,cm1,stageB,-0.05,-0.1042,0.5,,256,0,0.0,0,False,PRE_PRIMARY_INCOMPLETE_CYCLE,0.39192,0.0031453769492253173,0.001106498585910028,-0.04997621087120674,0.4054508423917264,0.24097621641260095,0.2373580574402979,0.0,0.3752720352894233,0.42524824616063006,0.3828377851848162,0.2816665143750059
c3_w2_tcop_cm1_states_L0.4_km0_1042_up0_5000_s256,cm1,stageB,-0.05,-0.1042,0.5,,256,1,0.25,1,False,PRE_PRIMARY_INCOMPLETE_CYCLE,0.43660799999999994,-0.0024191963610781407,-0.00824999360965661,-0.05174049529599317,0.46450818634637575,0.2486577319701239,0.24732651310483458,0.0,0.4354460338230315,0.48718652911902466,0.364208736148004,0.25913334159661466
c3_w2_tcop_cm1_states_L0.4_km0_1042_up0_5000_s256,cm1,stageB,-0.05,-0.1042,0.5,,256,2,0.5,2,False,PRE_PRIMARY_INCOMPLETE_CYCLE,0.46752000000000005,4.940604688173769e-05,-0.002798658325947872,-0.05193710060587137,0.5252958991275646,0.24927689617431192,0.24814546940947038,0.0,0.49758374178235515,0.5495208423882265,0.37621235366417316,0.2557054865818077
c3_w2_tcop_cm1_states_L0.4_km0_1042_up0_5000_s256,cm1,stageB,-0.05,-0.1042,0.5,,256,3,0.0,0,True,,0.408304,0.0003310542423199835,-0.0037274704409196993,-0.04997621087120674,0.4046253072637373,0.24082724565666527,0.2373580574402979,0.0,0.3752720352894233,0.42524824616063006,0.3725141778452319,0.2739277440052091
c3_w2_tcop_cm1_states_L0.4_km0_1042_up0_5000_s256,cm1,stageB,-0.05,-0.1042,0.5,,256,4,0.25,1,True,,0.434368,0.0037160067149627917,0.005222551760476643,-0.05174049529599317,0.464624451626494,0.24866463293415883,0.24732651310483458,0.0,0.4354460338230315,0.48718652911902466,0.381186835878854,0.2665864365196138
c3_w2_tcop_cm1_states_L0.4_km0_1042_up0_5000_s256,cm1,stageB,-0.05,-0.1042,0.5,,256,5,0.5,2,True,,0.462928,0.002211668617377871,-0.025729283566931455,-0.05193710060587137,0.525534245816683,0.24926284324608375,0.24814546940947038,0.0,0.49758374178235515,0.5495208423882265,0.38095307922758126,0.26401577675410864
c3_w2_tcop_cm1_states_L0.4_km0_1042_up0_5000_s256,cm1,stageB,-0.05,-0.1042,0.5,,256,6,0.0,0,True,,0.40391999999999995,-0.004656814222440782,-0.01335192483492229,-0.04997621087120674,0.40484484897989487,0.24087036916891177,0.2373580574402979,0.0,0.3752720352894233,0.42524824616063006,0.3582033416176247,0.2700048286838664
c3_w2_tcop_cm1_states_L0.4_km0_1042_up0_5000_s256,cm1,stageB,-0.05,-0.1042,0.5,,256,7,0.25,1,True,,0.43664000000000003,0.0007129418683827854,-0.0014188123245692339,-0.05174049529599317,0.4645065915340807,0.24865701863867573,0.24732651310483458,0.0,0.4354460338230315,0.48718652911902466,0.37391999110300184,0.2680390231215266
c3_w2_tcop_cm1_states_L0.4_km0_1042_up0_5000_s256,cm1,stageB,-0.05,-0.1042,0.5,,256,8,0.5,2,True,,0.46614400000000006,0.003983508223803737,-0.01003842416922188,-0.05193710060587137,0.5253672225672377,0.24927160390228575,0.24814546940947038,0.0,0.49758374178235515,0.5495208423882265,0.3808116015358547,0.2558701699523756
c3_w2_tcop_cm1_states_L0.4_km0_1042_up0_5000_s256,cm1,stageB,-0.05,-0.1042,0.5,,256,9,0.0,0,True,,0.40681599999999996,-0.0019376925428931443,0.008973802594085131,-0.04997621087120674,0.4046995976537017,0.24084238806902775,0.2373580574402979,0.0,0.3752720352894233,0.42524824616063006,0.36898056733618334,0.26933674259126245
c3_w2_tcop_cm1_states_L0.4_km0_1042_up0_5000_s256,cm1,stageB,-0.05,-0.1042,0.5,,256,10,0.25,1,True,,0.43499200000000005,-0.00269387605302404,-0.011114927510172868,-0.05174049529599317,0.46459191221944535,0.2486638275610143,0.24732651310483458,0.0,0.4354460338230315,0.48718652911902466,0.3679599041377901,0.26099539313098463
c3_w2_tcop_cm1_states_L0.4_km0_1042_up0_5000_s256,cm1,stageB,-0.05,-0.1042,0.5,,256,11,0.5,2,True,,0.46598399999999995,8.343695893471543e-05,-0.006009375401681362,-0.05193710060587137,0.5253755720151133,0.24927169166079235,0.24814546940947038,0.0,0.49758374178235515,0.5495208423882265,0.37047331003399825,0.25421276946851706
c3_w2_tcop_cm1_states_L0.4_km0_1042_up0_5000_s256,cm1,stageB,-0.05,-0.1042,0.5,,256,12,0.0,0,True,,0.404176,-0.0032104683732265527,-0.005032209577743659,-0.04997621087120674,0.404832175011485,0.24086745410668364,0.2373580574402979,0.0,0.3752720352894233,0.42524824616063006,0.3642181215431809,0.27681703035118094
c3_w2_tcop_cm1_states_L0.4_km0_1042_up0_5000_s256,cm1,stageB,-0.05,-0.1042,0.5,,256,13,0.25,1,True,,0.43334399999999995,0.007000033569474971,0.003910424839440818,-0.05174049529599317,0.46467765105750947,0.24866753684249496,0.24732651310483458,0.0,0.4354460338230315,0.48718652911902466,0.3899652179756851,0.27046644683395477
c3_w2_tcop_cm1_states_L0.4_km0_1042_up0_5000_s256,cm1,stageB,-0.05,-0.1042,0.5,,256,14,0.5,2,True,,0.46571199999999996,-0.002553545718146793,0.009588094809349128,-0.05193710060587137,0.5253898788692125,0.2492726102123757,0.24814546940947038,0.0,0.49758374178235515,0.5495208423882265,0.3631430502921422,0.24951018507319653
c3_w2_tcop_cm1_states_L0.4_km0_1042_up0_5000_s256,cm1,stageB,-0.05,-0.1042,0.5,,256,15,0.0,0,False,BLOCK_15_PARTIAL_CYCLE,0.405152,0.00046597289112772065,-0.0038236345547675164,-0.04997621087120674,0.4047834719335073,0.24085746169074876,0.2373580574402979,0.0,0.3752720352894233,0.42524824616063006,0.3705505887171144,0.27514088748085697
c3_w2_tcop_cm1_states_L0.4_km0_1042_up0_5000_s1024,cm1,stageB,-0.05,-0.1042,0.5,,1024,0,0.0,0,False,PRE_PRIMARY_INCOMPLETE_CYCLE,0.39239999999999997,-0.002627266780170664,-0.007828950920576647,-0.04997621087120674,0.4054263673383713,0.24097248964051263,0.2373580574402979,0.0,0.3752720352894233,0.42524824616063006,0.3688835940631304,0.27836763688076843
c3_w2_tcop_cm1_states_L0.4_km0_1042_up0_5000_s1024,cm1,stageB,-0.05,-0.1042,0.5,,1024,1,0.25,1,False,PRE_PRIMARY_INCOMPLETE_CYCLE,0.43448,0.0002962397708086392,-0.009529091568625601,-0.05174049529599317,0.4646184720793355,0.2486654351953654,0.24732651310483458,0.0,0.4354460338230315,0.48718652911902466,0.3712933884020058,0.2659598078807254
c3_w2_tcop_cm1_states_L0.4_km0_1042_up0_5000_s1024,cm1,stageB,-0.05,-0.1042,0.5,,1024,2,0.5,2,False,PRE_PRIMARY_INCOMPLETE_CYCLE,0.46467200000000003,0.00369771905201307,0.001666632436940767,-0.05193710060587137,0.5254437562804148,0.24926833351704752,0.24814546940947038,0.0,0.49758374178235515,0.5495208423882265,0.3820168343342178,0.2554550265469472
c3_w2_tcop_cm1_states_L0.4_km0_1042_up0_5000_s1024,cm1,stageB,-0.05,-0.1042,0.5,,1024,3,0.0,0,True,,0.40480000000000005,0.0007033807036751261,-0.007200614808874635,-0.04997621087120674,0.4048010497142211,0.24086108204752976,0.2373580574402979,0.0,0.3752720352894233,0.42524824616063006,0.3751065597662852,0.27178523430253976
c3_w2_tcop_cm1_states_L0.4_km0_1042_up0_5000_s1024,cm1,stageB,-0.05,-0.1042,0.5,,1024,4,0.25,1,True,,0.43667200000000006,0.0008409812295774197,-0.007630499579863297,-0.05174049529599317,0.46450488707504944,0.24865744533463435,0.24732651310483458,0.0,0.4354460338230315,0.48718652911902466,0.3731709759328045,0.2585022949817101
c3_w2_tcop_cm1_states_L0.4_km0_1042_up0_5000_s1024,cm1,stageB,-0.05,-0.1042,0.5,,1024,5,0.5,2,True,,0.46537599999999996,-0.000782103797147165,-0.007285549563361234,-0.05193710060587137,0.525407263544488,0.24927119229454983,0.24814546940947038,0.0,0.49758374178235515,0.5495208423882265,0.3707464892950823,0.2583014359854654
c3_w2_tcop_cm1_states_L0.4_km0_1042_up0_5000_s1024,cm1,stageB,-0.05,-0.1042,0.5,,1024,6,0.0,0,True,,0.4094880000000001,-0.002266192758102642,-0.002370318228947805,-0.04997621087120674,0.4045658541220343,0.24081602959404536,0.2373580574402979,0.0,0.3752720352894233,0.42524824616063006,0.3651589027889663,0.26620024907191037
c3_w2_tcop_cm1_states_L0.4_km0_1042_up0_5000_s1024,cm1,stageB,-0.05,-0.1042,0.5,,1024,7,0.25,1,True,,0.43257599999999996,0.001053378331247283,0.00916433351530817,-0.05174049529599317,0.4647171198989827,0.2486726319724583,0.24732651310483458,0.0,0.4354460338230315,0.48718652911902466,0.374384593167225,0.261477489420475
c3_w2_tcop_cm1_states_L0.4_km0_1042_up0_5000_s1024,cm1,stageB,-0.05,-0.1042,0.5,,1024,8,0.5,2,True,,0.4627199999999999,0.0005512841150720874,0.0012994634473507648,-0.05193710060587137,0.5255450956467036,0.2492625957786744,0.24814546940947038,0.0,0.49758374178235515,0.5495208423882265,0.37432917385327946,0.2522305628534368
c3_w2_tcop_cm1_states_L0.4_km0_1042_up0_5000_s1024,cm1,stageB,-0.05,-0.1042,0.5,,1024,9,0.0,0,True,,0.4057120000000001,-0.0032234915822407628,-0.0023987428856873804,-0.04997621087120674,0.4047550631237632,0.24085284511715885,0.2373580574402979,0.0,0.3752720352894233,0.42524824616063006,0.3672604084256255,0.27314982677406463
c3_w2_tcop_cm1_states_L0.4_km0_1042_up0_5000_s1024,cm1,stageB,-0.05,-0.1042,0.5,,1024,10,0.25,1,True,,0.43476800000000004,0.0007118986051286213,-0.01357888945475296,-0.05174049529599317,0.4646035122012703,0.24866460367760768,0.24732651310483458,0.0,0.4354460338230315,0.48718652911902466,0.375727829407545,0.2661026283787162
c3_w2_tcop_cm1_states_L0.4_km0_1042_up0_5000_s1024,cm1,stageB,-0.05,-0.1042,0.5,,1024,11,0.5,2,True,,0.466352,0.002696395649987257,-0.005204179306225477,-0.05193710060587137,0.5253563915578371,0.24927202533028606,0.24814546940947038,0.0,0.49758374178235515,0.5495208423882265,0.37894640613005337,0.25743188957621066
c3_w2_tcop_cm1_states_L0.4_km0_1042_up0_5000_s1024,cm1,stageB,-0.05,-0.1042,0.5,,1024,12,0.0,0,True,,0.40419199999999994,-0.0007064185652652545,-0.01944649475177103,-0.04997621087120674,0.4048314421331922,0.24086717420315798,0.2373580574402979,0.0,0.3752720352894233,0.42524824616063006,0.3700441262504299,0.2711351463629857
c3_w2_tcop_cm1_states_L0.4_km0_1042_up0_5000_s1024,cm1,stageB,-0.05,-0.1042,0.5,,1024,13,0.25,1,True,,0.43809600000000004,-0.00048169676488616275,-0.03169305466355967,-0.05174049529599317,0.4644311156201221,0.24865185278476692,0.24732651310483458,0.0,0.4354460338230315,0.48718652911902466,0.3697891633326848,0.26675335174538417
c3_w2_tcop_cm1_states_L0.4_km0_1042_up0_5000_s1024,cm1,stageB,-0.05,-0.1042,0.5,,1024,14,0.5,2,True,,0.46745600000000004,0.0013548854865127239,-0.008748683689740371,-0.05193710060587137,0.5252990691523052,0.24927530732471775,0.24814546940947038,0.0,0.49758374178235515,0.5495208423882265,0.37492133902731367,0.25764837180373634
c3_w2_tcop_cm1_states_L0.4_km0_1042_up0_5000_s1024,cm1,stageB,-0.05,-0.1042,0.5,,1024,15,0.0,0,False,BLOCK_15_PARTIAL_CYCLE,0.40544,0.0013184586545946996,-0.010365195585699023,-0.04997621087120674,0.40476891360808015,0.240854970447016,0.2373580574402979,0.0,0.3752720352894233,0.42524824616063006,0.3753145558178469,0.27360470329779984
c3_w2_tcop_cm1_states_L0.4_km0_1042_up0_5000_s31415,cm1,stageB,-0.05,-0.1042,0.5,,31415,0,0.0,0,False,PRE_PRIMARY_INCOMPLETE_CYCLE,0.38675200000000004,-0.004872899546948049,0.01066973183458668,-0.04997621087120674,0.4057094267690837,0.24102750340339374,0.23871403890237938,0.0,0.3752720352894233,0.42524824616063006,0.36193509264886986,0.27604723335621134
c3_w2_tcop_cm1_states_L0.4_km0_1042_up0_5000_s31415,cm1,stageB,-0.05,-0.1042,0.5,,31415,1,0.25,1,False,PRE_PRIMARY_INCOMPLETE_CYCLE,0.431696,0.0005017889965720385,0.00037700562155329893,-0.05174049529599317,0.46476267021336465,0.24867615633909892,0.24732651310483458,0.0,0.4354460338230315,0.48718652911902466,0.3736200879051151,0.26517500666084365
c3_w2_tcop_cm1_states_L0.4_km0_1042_up0_5000_s31415,cm1,stageB,-0.05,-0.1042,0.5,,31415,2,0.5,2,False,PRE_PRIMARY_INCOMPLETE_CYCLE,0.46529600000000004,0.002494095612083579,-0.00963559941699413,-0.05193710060587137,0.5254114261407314,0.24927093250662768,0.24814546940947038,0.0,0.49758374178235515,0.5495208423882265,0.37943118717381347,0.25768112830947004
c3_w2_tcop_cm1_states_L0.4_km0_1042_up0_5000_s31415,cm1,stageB,-0.05,-0.1042,0.5,,31415,3,0.0,0,True,,0.404112,-0.0019393302961166084,-0.008011200207929649,-0.04997621087120674,0.4048354286318102,0.24086802909087554,0.2373580574402979,0.0,0.3752720352894233,0.42524824616063006,0.36636766889420097,0.2696451307766251
c3_w2_tcop_cm1_states_L0.4_km0_1042_up0_5000_s31415,cm1,stageB,-0.05,-0.1042,0.5,,31415,4,0.25,1,True,,0.43460799999999994,0.0008044239479030754,-0.02254969611870857,-0.05174049529599317,0.4646118737882534,0.2486646805945176,0.24732651310483458,0.0,0.4354460338230315,0.48718652911902466,0.37164688573185656,0.2638815300429211
c3_w2_tcop_cm1_states_L0.4_km0_1042_up0_5000_s31415,cm1,stageB,-0.05,-0.1042,0.5,,31415,5,0.5,2,True,,0.46368000000000004,0.0006061932684648112,0.003879106904056429,-0.05193710060587137,0.5254951891379873,0.24926504320830833,0.24814546940947038,0.0,0.49758374178235515,0.5495208423882265,0.3756051191348055,0.26067530738554956
c3_w2_tcop_cm1_states_L0.4_km0_1042_up0_5000_s31415,cm1,stageB,-0.05,-0.1042,0.5,,31415,6,0.0,0,True,,0.40495999999999993,0.0010715472426082503,-0.015292001675385788,-0.04997621087120674,0.4047936417887135,0.24085812025703973,0.2373580574402979,0.0,0.3752720352894233,0.42524824616063006,0.3760580417688273,0.27567792470497277
c3_w2_tcop_cm1_states_L0.4_km0_1042_up0_5000_s31415,cm1,stageB,-0.05,-0.1042,0.5,,31415,7,0.25,1,True,,0.43534399999999995,-0.0024016481403579012,-0.013265623041778194,-0.05174049529599317,0.46457365532685346,0.24866252838926578,0.24732651310483458,0.0,0.4354460338230315,0.48718652911902466,0.3683763271731614,0.26663957453227466
c3_w2_tcop_cm1_states_L0.4_km0_1042_up0_5000_s31415,cm1,stageB,-0.05,-0.1042,0.5,,31415,8,0.5,2,True,,0.46478400000000003,0.0025826959040877572,-0.007382155153453623,-0.05193710060587137,0.5254379170171449,0.24926862405313335,0.24814546940947038,0.0,0.49758374178235515,0.5495208423882265,0.37255252791901183,0.25609557817868434
c3_w2_tcop_cm1_states_L0.4_km0_1042_up0_5000_s31415,cm1,stageB,-0.05,-0.1042,0.5,,31415,9,0.0,0,True,,0.40273600000000004,3.886085903427115e-05,-0.011277654529436913,-0.04997621087120674,0.40490485226417994,0.24088034882571333,0.2373580574402979,0.0,0.3752720352894233,0.42524824616063006,0.37464567409503785,0.2769747243515917
c3_w2_tcop_cm1_states_L0.4_km0_1042_up0_5000_s31415,cm1,stageB,-0.05,-0.1042,0.5,,31415,10,0.25,1,True,,0.43513599999999997,-0.0011441219106171378,-0.0030452497785188994,-0.05174049529599317,0.46458442121439847,0.24866356477698795,0.24732651310483458,0.0,0.4354460338230315,0.48718652911902466,0.3733176300359025,0.26633445206810735
c3_w2_tcop_cm1_states_L0.4_km0_1042_up0_5000_s31415,cm1,stageB,-0.05,-0.1042,0.5,,31415,11,0.5,2,True,,0.463024,0.0031705149229124,-0.01316476299029908,-0.05193710060587137,0.5255293801697919,0.24926433013961136,0.24814546940947038,0.0,0.49758374178235515,0.5495208423882265,0.37962668667643007,0.2589568725891078
c3_w2_tcop_cm1_states_L0.4_km0_1042_up0_5000_s31415,cm1,stageB,-0.05,-0.1042,0.5,,31415,12,0.0,0,True,,0.404912,-0.003236702601854526,0.0002786978792511562,-0.04997621087120674,0.4047953923054082,0.2408600751421133,0.2373580574402979,0.0,0.3752720352894233,0.42524824616063006,0.3695382942119303,0.2753643770228562
c3_w2_tcop_cm1_states_L0.4_km0_1042_up0_5000_s31415,cm1,stageB,-0.05,-0.1042,0.5,,31415,13,0.25,1,True,,0.43608,-0.00426260253730831,-0.02039720918715322,-0.05174049529599317,0.46453537063945366,0.24866080605566365,0.24732651310483458,0.0,0.4354460338230315,0.48718652911902466,0.36050481957282093,0.26088719785066106
c3_w2_tcop_cm1_states_L0.4_km0_1042_up0_5000_s31415,cm1,stageB,-0.05,-0.1042,0.5,,31415,14,0.5,2,True,,0.46552,0.0025434001298410037,-0.005089203885618594,-0.05193710060587137,0.5253995731654766,0.24926960155085967,0.24814546940947038,0.0,0.49758374178235515,0.5495208423882265,0.374350906539307,0.25994653220786473
c3_w2_tcop_cm1_states_L0.4_km0_1042_up0_5000_s31415,cm1,stageB,-0.05,-0.1042,0.5,,31415,15,0.0,0,False,BLOCK_15_PARTIAL_CYCLE,0.40871999999999997,-0.0011752679933284844,-0.017210426805948836,-0.04997621087120674,0.4046042313619773,0.24082376041361916,0.2373580574402979,0.0,0.3752720352894233,0.42524824616063006,0.37326794388859263,0.2744852275879966
c3_w2_tcop_cm1_states_L0.4_kp0_2090_up0_1000_s42,cm1,stageB,0.1,0.209,0.1,,42,0,0.0,0,False,PRE_PRIMARY_INCOMPLETE_CYCLE,0.37937599999999994,0.0011741545395786205,0.018827822049735356,0.09999977978965197,0.38811114187279017,0.23716310690848208,0.23124061110682,0.0,0.35104132046787206,0.45104110025752403,0.37785986406957134,0.27667986451859533
c3_w2_tcop_cm1_states_L0.4_kp0_2090_up0_1000_s42,cm1,stageB,0.1,0.209,0.1,,42,1,0.05,1,False,PRE_PRIMARY_INCOMPLETE_CYCLE,0.4005120000000001,-0.002482012665496596,0.002793078933557023,0.10093408998233788,0.40214143194769825,0.24012530598339277,0.23429349303526337,0.0,0.3625149506575679,0.4634490406399058,0.3648413495007255,0.26626746224328235
c3_w2_tcop_cm1_states_L0.4_kp0_2090_up0_1000_s42,cm1,stageB,0.1,0.209,0.1,,42,2,0.1,2,False,PRE_PRIMARY_INCOMPLETE_CYCLE,0.40649599999999997,-0.0002430062584565982,0.012996776241096904,0.10175502210576509,0.4148135451758221,0.24242992205801334,0.23710877521306953,0.0,0.374147384683449,0.4759024067892141,0.3766081245511607,0.27459023093607465
c3_w2_tcop_cm1_states_L0.4_kp0_2090_up0_1000_s42,cm1,stageB,0.1,0.209,0.1,,42,3,0.0,0,True,,0.39481600000000006,7.366273192842568e-05,-0.0013027881591227116,0.09999977978965197,0.3896320161398589,0.2375227924095911,0.23124061110682,0.0,0.35104132046787206,0.45104110025752403,0.3736121847465947,0.2681536153331399
c3_w2_tcop_cm1_states_L0.4_kp0_2090_up0_1000_s42,cm1,stageB,0.1,0.209,0.1,,42,4,0.05,1,True,,0.40038399999999996,0.0035578687516696233,0.010295586370528062,0.10093408998233788,0.40213136666520705,0.24011678091559507,0.23429349303526337,0.0,0.3625149506575679,0.4634490406399058,0.3798864339951332,0.2764497979213612
c3_w2_tcop_cm1_states_L0.4_kp0_2090_up0_1000_s42,cm1,stageB,0.1,0.209,0.1,,42,5,0.1,2,True,,0.41135999999999995,-0.00043041556751227433,0.013367673986407891,0.10175502210576509,0.41530505577607907,0.24251791385517882,0.23710877521306953,0.0,0.374147384683449,0.4759024067892141,0.36736777529656073,0.26448169147464934
c3_w2_tcop_cm1_states_L0.4_kp0_2090_up0_1000_s42,cm1,stageB,0.1,0.209,0.1,,42,6,0.0,0,True,,0.39238400000000007,-0.0012094513659794462,0.010533514098493724,0.09999977978965197,0.38938817345883103,0.23747455228292227,0.23124061110682,0.0,0.35104132046787206,0.45104110025752403,0.36975446524908556,0.2745731417670563
c3_w2_tcop_cm1_states_L0.4_kp0_2090_up0_1000_s42,cm1,stageB,0.1,0.209,0.1,,42,7,0.05,1,True,,0.40062400000000004,0.00029192083050693274,0.013946400479593207,0.10093408998233788,0.4021545918095516,0.24012313398849655,0.23429349303526337,0.0,0.3625149506575679,0.4634490406399058,0.37130799752521476,0.27300888969546305
c3_w2_tcop_cm1_states_L0.4_kp0_2090_up0_1000_s42,cm1,stageB,0.1,0.209,0.1,,42,8,0.1,2,True,,0.40608000000000005,-0.000359188714472001,0.02047113143027852,0.10175502210576509,0.41477020853138247,0.24242627575455833,0.23710877521306953,0.0,0.374147384683449,0.4759024067892141,0.3709818662439458,0.26973972728234114
c3_w2_tcop_cm1_states_L0.4_kp0_2090_up0_1000_s42,cm1,stageB,0.1,0.209,0.1,,42,9,0.0,0,True,,0.395472,-2.497713393803169e-05,0.027241808006450565,0.09999977978965197,0.38969572217678616,0.23754002683673722,0.23124061110682,0.0,0.35104132046787206,0.45104110025752403,0.37318466529902067,0.2730598859775554
c3_w2_tcop_cm1_states_L0.4_kp0_2090_up0_1000_s42,cm1,stageB,0.1,0.209,0.1,,42,10,0.05,1,True,,0.400096,0.0014606539119419088,0.011008881451950493,0.10093408998233788,0.402102000664157,0.24011218615086843,0.23429349303526337,0.0,0.3625149506575679,0.4634490406399058,0.3735948581384897,0.27126847859330216
c3_w2_tcop_cm1_states_L0.4_kp0_2090_up0_1000_s42,cm1,stageB,0.1,0.209,0.1,,42,11,0.1,2,True,,0.40568000000000004,0.001096433640835853,-0.0003753141782041627,0.10175502210576509,0.4147299770498582,0.24241871918385138,0.23710877521306953,0.0,0.374147384683449,0.4759024067892141,0.3767642719002103,0.27336720334488407
c3_w2_tcop_cm1_states_L0.4_kp0_2090_up0_1000_s42,cm1,stageB,0.1,0.209,0.1,,42,12,0.0,0,True,,0.397904,0.00038399416245694413,0.017322416629031143,0.09999977978965197,0.3899406958928941,0.23758650281990884,0.23124061110682,0.0,0.35104132046787206,0.45104110025752403,0.3713092487133197,0.27697430944055085
c3_w2_tcop_cm1_states_L0.4_kp0_2090_up0_1000_s42,cm1,stageB,0.1,0.209,0.1,,42,13,0.05,1,True,,0.40145600000000004,-0.004773330117937647,0.0046484838791246335,0.10093408998233788,0.4022377396386429,0.24014019959330615,0.23429349303526337,0.0,0.3625149506575679,0.4634490406399058,0.35958404894703017,0.26790716662392816
c3_w2_tcop_cm1_states_L0.4_kp0_2090_up0_1000_s42,cm1,stageB,0.1,0.209,0.1,,42,14,0.1,2,True,,0.405696,-0.0007761496406984369,0.018171568814306777,0.10175502210576509,0.4147302383455054,0.24242227233750344,0.23710877521306953,0.0,0.374147384683449,0.4759024067892141,0.3654768026282632,0.26617634871662976
c3_w2_tcop_cm1_states_L0.4_kp0_2090_up0_1000_s42,cm1,stageB,0.1,0.209,0.1,,42,15,0.0,0,False,BLOCK_15_PARTIAL_CYCLE,0.395408,-0.0034671363650062652,0.03075956929542663,0.09999977978965197,0.389689811625137,0.23753798818249117,0.23124061110682,0.0,0.35104132046787206,0.45104110025752403,0.36472967847137205,0.27267919633485393
c3_w2_tcop_cm1_states_L0.4_kp0_2090_up0_1000_s137,cm1,stageB,0.1,0.209,0.1,,137,0,0.0,0,False,PRE_PRIMARY_INCOMPLETE_CYCLE,0.3837919999999999,0.0019984038313627882,0.02349540143630184,0.09999977978965197,0.38855145496420107,0.2372560073700379,0.23124061110682,0.0,0.35104132046787206,0.45104110025752403,0.3788369822222933,0.2758443467191722
c3_w2_tcop_cm1_states_L0.4_kp0_2090_up0_1000_s137,cm1,stageB,0.1,0.209,0.1,,137,1,0.05,1,False,PRE_PRIMARY_INCOMPLETE_CYCLE,0.40036800000000006,-0.0029786830128143205,0.001595129000880024,0.10093408998233788,0.4021283447188219,0.24011929976463536,0.23429349303526337,0.0,0.3625149506575679,0.4634490406399058,0.3685142612191759,0.2703378916530578
c3_w2_tcop_cm1_states_L0.4_kp0_2090_up0_1000_s137,cm1,stageB,0.1,0.209,0.1,,137,2,0.1,2,False,PRE_PRIMARY_INCOMPLETE_CYCLE,0.40734399999999993,0.00046965135334339243,0.012023843759170143,0.10175502210576509,0.41489799218840223,0.2424487756494825,0.23710877521306953,0.0,0.374147384683449,0.4759024067892141,0.3685088292368293,0.2670988052974819
c3_w2_tcop_cm1_states_L0.4_kp0_2090_up0_1000_s137,cm1,stageB,0.1,0.209,0.1,,137,3,0.0,0,True,,0.395216,0.0012933504358041347,0.011903930473571656,0.09999977978965197,0.38967076838339665,0.23753357324257196,0.23124061110682,0.0,0.35104132046787206,0.45104110025752403,0.37609942822521136,0.2713481295680458
c3_w2_tcop_cm1_states_L0.4_kp0_2090_up0_1000_s137,cm1,stageB,0.1,0.209,0.1,,137,4,0.05,1,True,,0.39995200000000003,0.0009026861318052094,-0.010433011058318646,0.10093408998233788,0.402087718812554,0.24010860086059185,0.23429349303526337,0.0,0.3625149506575679,0.4634490406399058,0.37755856431680224,0.2712490430513659
c3_w2_tcop_cm1_states_L0.4_kp0_2090_up0_1000_s137,cm1,stageB,0.1,0.209,0.1,,137,5,0.1,2,True,,0.406864,0.0030109894602775595,0.013781426473835593,0.10175502210576509,0.41485133667271,0.24243547812740007,0.23710877521306953,0.0,0.374147384683449,0.4759024067892141,0.3766525016253858,0.2690399530675273
c3_w2_tcop_cm1_states_L0.4_kp0_2090_up0_1000_s137,cm1,stageB,0.1,0.209,0.1,,137,6,0.0,0,True,,0.39392000000000005,0.0030804054050289752,0.0006191270041221596,0.09999977978965197,0.3895436591002559,0.23750185063226983,0.23124061110682,0.0,0.35104132046787206,0.45104110025752403,0.3813157949424011,0.2707341244954923
c3_w2_tcop_cm1_states_L0.4_kp0_2090_up0_1000_s137,cm1,stageB,0.1,0.209,0.1,,137,7,0.05,1,True,,0.401808,-0.00025677459032578574,0.01308398097176126,0.10093408998233788,0.40227307050809047,0.2401473837032651,0.23429349303526337,0.0,0.3625149506575679,0.4634490406399058,0.3733971317271656,0.2721050466951893
c3_w2_tcop_cm1_states_L0.4_kp0_2090_up0_1000_s137,cm1,stageB,0.1,0.209,0.1,,137,8,0.1,2,True,,0.4068,2.130108060284082e-05,0.019978799475376837,0.10175502210576509,0.4148442652121209,0.2424359741800785,0.23710877521306953,0.0,0.374147384683449,0.4759024067892141,0.3739006671494879,0.2726975248647423
c3_w2_tcop_cm1_states_L0.4_kp0_2090_up0_1000_s137,cm1,stageB,0.1,0.209,0.1,,137,9,0.0,0,True,,0.39366400000000007,0.004014826859600492,0.03926044781908152,0.09999977978965197,0.3895199621343001,0.2374929975312546,0.23124061110682,0.0,0.35104132046787206,0.45104110025752403,0.3851823533623105,0.2783579786998561
c3_w2_tcop_cm1_states_L0.4_kp0_2090_up0_1000_s137,cm1,stageB,0.1,0.209,0.1,,137,10,0.05,1,True,,0.400768,-0.0012655013977543584,0.03194708798383961,0.10093408998233788,0.4021669951416478,0.2401307302468907,0.23429349303526337,0.0,0.3625149506575679,0.4634490406399058,0.3684062727787369,0.2682416623366096
c3_w2_tcop_cm1_states_L0.4_kp0_2090_up0_1000_s137,cm1,stageB,0.1,0.209,0.1,,137,11,0.1,2,True,,0.40726400000000007,-0.0005240194449740675,0.022067333717829322,0.10175502210576509,0.41489133505150344,0.2424434733369825,0.23710877521306953,0.0,0.374147384683449,0.4759024067892141,0.3747837565311988,0.2698184942058293
c3_w2_tcop_cm1_states_L0.4_kp0_2090_up0_1000_s137,cm1,stageB,0.1,0.209,0.1,,137,12,0.0,0,True,,0.3955200000000001,0.0014685537336564885,0.014717917177087725,0.09999977978965197,0.3897016670864157,0.23753895377832884,0.23124061110682,0.0,0.35104132046787206,0.45104110025752403,0.37549911183270296,0.27234755099803537
c3_w2_tcop_cm1_states_L0.4_kp0_2090_up0_1000_s137,cm1,stageB,0.1,0.209,0.1,,137,13,0.05,1,True,,0.39956800000000003,0.0003293758581665511,0.007812482296077917,0.10093408998233788,0.4020486673047898,0.2401020660673685,0.23429349303526337,0.0,0.3625149506575679,0.4634490406399058,0.37343349568824413,0.2689261936044365
c3_w2_tcop_cm1_states_L0.4_kp0_2090_up0_1000_s137,cm1,stageB,0.1,0.209,0.1,,137,14,0.1,2,True,,0.40897599999999995,0.0026090626971986626,0.017537031666143215,0.10175502210576509,0.4150662514102267,0.2424694188366422,0.23710877521306953,0.0,0.374147384683449,0.4759024067892141,0.37996970493934845,0.2728895143671156
c3_w2_tcop_cm1_states_L0.4_kp0_2090_up0_1000_s137,cm1,stageB,0.1,0.209,0.1,,137,15,0.0,0,False,BLOCK_15_PARTIAL_CYCLE,0.3932960000000001,0.0005379112311943677,0.03604320665712323,0.09999977978965197,0.3894812206866034,0.23748941291242479,0.23124061110682,0.0,0.35104132046787206,0.45104110025752403,0.376635943535922,0.2768239668724348
c3_w2_tcop_cm1_states_L0.4_kp0_2090_up0_1000_s256,cm1,stageB,0.1,0.209,0.1,,256,0,0.0,0,False,PRE_PRIMARY_INCOMPLETE_CYCLE,0.38041600000000003,0.0017369300727932782,0.019260098051947627,0.09999977978965197,0.3882158948328081,0.23718300917979712,0.23124061110682,0.0,0.35104132046787206,0.45104110025752403,0.3792567174651551,0.27874601765469076
c3_w2_tcop_cm1_states_L0.4_kp0_2090_up0_1000_s256,cm1,stageB,0.1,0.209,0.1,,256,1,0.05,1,False,PRE_PRIMARY_INCOMPLETE_CYCLE,0.40204799999999996,-0.002888303219632926,0.01243503184419633,0.10093408998233788,0.402298133054261,0.24014972021408612,0.23429349303526337,0.0,0.3625149506575679,0.4634490406399058,0.36438723802835576,0.26788929666990047
c3_w2_tcop_cm1_states_L0.4_kp0_2090_up0_1000_s256,cm1,stageB,0.1,0.209,0.1,,256,2,0.1,2,False,PRE_PRIMARY_INCOMPLETE_CYCLE,0.410976,-0.0021175088014739837,0.014545553323665453,0.10175502210576509,0.4152655361731916,0.2425131710320206,0.23710877521306953,0.0,0.374147384683449,0.4759024067892141,0.36958621625268073,0.27005627490792405
c3_w2_tcop_cm1_states_L0.4_kp0_2090_up0_1000_s256,cm1,stageB,0.1,0.209,0.1,,256,3,0.0,0,True,,0.397104,0.00042703866583824226,0.01959517167571468,0.09999977978965197,0.38986001404437126,0.23757151915962552,0.23124061110682,0.0,0.35104132046787206,0.45104110025752403,0.37345531115442127,0.27284894160246553
c3_w2_tcop_cm1_states_L0.4_kp0_2090_up0_1000_s256,cm1,stageB,0.1,0.209,0.1,,256,4,0.05,1,True,,0.400464,0.0025676722052584084,0.023915337242574115,0.10093408998233788,0.40213997264842827,0.24011670530405735,0.23429349303526337,0.0,0.3625149506575679,0.4634490406399058,0.3795507147762766,0.27167194631640706
c3_w2_tcop_cm1_states_L0.4_kp0_2090_up0_1000_s256,cm1,stageB,0.1,0.209,0.1,,256,5,0.1,2,True,,0.404976,0.00015544007057502224,-0.007669577773503803,0.10175502210576509,0.4146588806975267,0.24240563392558234,0.23710877521306953,0.0,0.374147384683449,0.4759024067892141,0.37539322961478855,0.27211610149026466
c3_w2_tcop_cm1_states_L0.4_kp0_2090_up0_1000_s256,cm1,stageB,0.1,0.209,0.1,,256,6,0.0,0,True,,0.393184,-0.0038952610876227807,0.003082049628374539,0.09999977978965197,0.38946833558901656,0.2374903285621059,0.23124061110682,0.0,0.35104132046787206,0.45104110025752403,0.36055994184880413,0.2701834055501829
c3_w2_tcop_cm1_states_L0.4_kp0_2090_up0_1000_s256,cm1,stageB,0.1,0.209,0.1,,256,7,0.05,1,True,,0.40332799999999996,-9.553201736160223e-05,0.023698791485017863,0.10093408998233788,0.40242683843539645,0.2401747706122888,0.23429349303526337,0.0,0.3625149506575679,0.4634490406399058,0.3726167299770627,0.2757142691076512
c3_w2_tcop_cm1_states_L0.4_kp0_2090_up0_1000_s256,cm1,stageB,0.1,0.209,0.1,,256,8,0.1,2,True,,0.409552,0.003541613341084668,0.007857536170280422,0.10175502210576509,0.4151233541030589,0.24248223847026698,0.23710877521306953,0.0,0.374147384683449,0.4759024067892141,0.3795522259568839,0.2687015502700053
c3_w2_tcop_cm1_states_L0.4_kp0_2090_up0_1000_s256,cm1,stageB,0.1,0.209,0.1,,256,9,0.0,0,True,,0.395472,-0.0021943762486712416,0.034212271710853386,0.09999977978965197,0.38969484784077957,0.2375419493513947,0.23124061110682,0.0,0.35104132046787206,0.45104110025752403,0.3685069777098283,0.26935779217661265
c3_w2_tcop_cm1_states_L0.4_kp0_2090_up0_1000_s256,cm1,stageB,0.1,0.209,0.1,,256,10,0.05,1,True,,0.39998399999999995,-2.9567476121599642e-05,0.005335181646474489,0.10093408998233788,0.40209100007837356,0.24010889026814064,0.23429349303526337,0.0,0.3625149506575679,0.4634490406399058,0.37176383077040115,0.2676114801154619
c3_w2_tcop_cm1_states_L0.4_kp0_2090_up0_1000_s256,cm1,stageB,0.1,0.209,0.1,,256,11,0.1,2,True,,0.40808000000000005,-0.0014991999406588203,0.007050652281952864,0.10175502210576509,0.414973058265354,0.24246053738656298,0.23710877521306953,0.0,0.374147384683449,0.4759024067892141,0.36878878468690873,0.2701618306112767
c3_w2_tcop_cm1_states_L0.4_kp0_2090_up0_1000_s256,cm1,stageB,0.1,0.209,0.1,,256,12,0.0,0,True,,0.393136,-0.0025964374914287185,0.01768001641189186,0.09999977978965197,0.3894642050758795,0.2374884283504729,0.23124061110682,0.0,0.35104132046787206,0.45104110025752403,0.3647143880027949,0.27572531145133494
c3_w2_tcop_cm1_states_L0.4_kp0_2090_up0_1000_s256,cm1,stageB,0.1,0.209,0.1,,256,13,0.05,1,True,,0.39750399999999997,0.006550213130683197,0.028535977292283566,0.10093408998233788,0.4018439858100981,0.24005596245327018,0.23429349303526337,0.0,0.3625149506575679,0.4634490406399058,0.3887315560011643,0.27525127249368814
c3_w2_tcop_cm1_states_L0.4_kp0_2090_up0_1000_s256,cm1,stageB,0.1,0.209,0.1,,256,14,0.1,2,True,,0.408512,-0.0036591417492653515,0.02240559771689774,0.10175502210576509,0.4150148241553061,0.24247313478484547,0.23710877521306953,0.0,0.374147384683449,0.4759024067892141,0.3612659586724159,0.26297956660736876
c3_w2_tcop_cm1_states_L0.4_kp0_2090_up0_1000_s256,cm1,stageB,0.1,0.209,0.1,,256,15,0.0,0,False,BLOCK_15_PARTIAL_CYCLE,0.393856,-0.00040084560609265343,0.01591563818740835,0.09999977978965197,0.3895365211858725,0.2375024776537711,0.23124061110682,0.0,0.35104132046787206,0.45104110025752403,0.3679389475085323,0.27387513691828014
c3_w2_tcop_cm1_states_L0.4_kp0_2090_up0_1000_s1024,cm1,stageB,0.1,0.209,0.1,,1024,0,0.0,0,False,PRE_PRIMARY_INCOMPLETE_CYCLE,0.381296,-0.001970484125554109,0.011228290845101196,0.09999977978965197,0.3883030224404957,0.23720300705997668,0.23124061110682,0.0,0.35104132046787206,0.45104110025752403,0.3706952737747594,0.28016592568054743
c3_w2_tcop_cm1_states_L0.4_kp0_2090_up0_1000_s1024,cm1,stageB,0.1,0.209,0.1,,1024,1,0.05,1,False,PRE_PRIMARY_INCOMPLETE_CYCLE,0.400208,-0.0003967616169216763,0.011255228870314852,0.10093408998233788,0.4021122850245,0.24011660094033258,0.23429349303526337,0.0,0.3625149506575679,0.4634490406399058,0.37081340059877177,0.2746803303619691
c3_w2_tcop_cm1_states_L0.4_kp0_2090_up0_1000_s1024,cm1,stageB,0.1,0.209,0.1,,1024,2,0.1,2,False,PRE_PRIMARY_INCOMPLETE_CYCLE,0.406384,0.0002232085012584617,0.020299150414831393,0.10175502210576509,0.4148009244679437,0.24243149920452337,0.23710877521306953,0.0,0.374147384683449,0.4759024067892141,0.37540036601408006,0.26907332987814014
c3_w2_tcop_cm1_states_L0.4_kp0_2090_up0_1000_s1024,cm1,stageB,0.1,0.209,0.1,,1024,3,0.0,0,True,,0.393088,0.0013791857002057864,0.011935682709960689,0.09999977978965197,0.38946004682234725,0.23748588674474863,0.23124061110682,0.0,0.35104132046787206,0.45104110025752403,0.37658580890836313,0.27160275572803927
c3_w2_tcop_cm1_states_L0.4_kp0_2090_up0_1000_s1024,cm1,stageB,0.1,0.209,0.1,,1024,4,0.05,1,True,,0.402528,0.0016740732823932792,0.011274153690463319,0.10093408998233788,0.4023464340290163,0.24015854039106024,0.23429349303526337,0.0,0.3625149506575679,0.4634490406399058,0.3748029242601439,0.26598412310165903
c3_w2_tcop_cm1_states_L0.4_kp0_2090_up0_1000_s1024,cm1,stageB,0.1,0.209,0.1,,1024,5,0.1,2,True,,0.40827199999999997,-0.0015805051815904628,0.005279158723032544,0.10175502210576509,0.41499122708700337,0.24246728772458365,0.23710877521306953,0.0,0.374147384683449,0.4759024067892141,0.3704050678492662,0.2720305531075217
c3_w2_tcop_cm1_states_L0.4_kp0_2090_up0_1000_s1024,cm1,stageB,0.1,0.209,0.1,,1024,6,0.0,0,True,,0.39947200000000005,-0.0026424499063108526,0.020974970936764144,0.09999977978965197,0.3900944495533687,0.23762449949030776,0.23124061110682,0.0,0.35104132046787206,0.45104110025752403,0.3656881163261106,0.26895425152455876
c3_w2_tcop_cm1_states_L0.4_kp0_2090_up0_1000_s1024,cm1,stageB,0.1,0.209,0.1,,1024,7,0.05,1,True,,0.397136,0.0022932471539241998,0.03890309161282196,0.10093408998233788,0.40180436786264145,0.24005496282890001,0.23429349303526337,0.0,0.3625149506575679,0.4634490406399058,0.3771655826025301,0.2687799090693456
c3_w2_tcop_cm1_states_L0.4_kp0_2090_up0_1000_s1024,cm1,stageB,0.1,0.209,0.1,,1024,8,0.1,2,True,,0.405152,-0.0013441152980507227,0.025619252108296426,0.10175502210576509,0.414676973414601,0.24240789694360015,0.23710877521306953,0.0,0.374147384683449,0.4759024067892141,0.3722742054728315,0.27136379270600924
c3_w2_tcop_cm1_states_L0.4_kp0_2090_up0_1000_s1024,cm1,stageB,0.1,0.209,0.1,,1024,9,0.0,0,True,,0.39545600000000003,-0.0023637771125267397,0.016536759864351876,0.09999977978965197,0.3896947133248402,0.23753854933939775,0.23124061110682,0.0,0.35104132046787206,0.45104110025752403,0.36879964913276103,0.27249303455321755
c3_w2_tcop_cm1_states_L0.4_kp0_2090_up0_1000_s1024,cm1,stageB,0.1,0.209,0.1,,1024,10,0.05,1,True,,0.400608,0.001389634575336803,0.008550980515517542,0.10093408998233788,0.4021530771416627,0.24012287077571037,0.23429349303526337,0.0,0.3625149506575679,0.4634490406399058,0.3740384874081547,0.271842128804426
c3_w2_tcop_cm1_states_L0.4_kp0_2090_up0_1000_s1024,cm1,stageB,0.1,0.209,0.1,,1024,11,0.1,2,True,,0.40735999999999994,0.0011827886725758374,0.02335303688808165,0.10175502210576509,0.4149011463369392,0.24244496237438956,0.23710877521306953,0.0,0.374147384683449,0.4759024067892141,0.37809809538774464,0.2740822524366443
c3_w2_tcop_cm1_states_L0.4_kp0_2090_up0_1000_s1024,cm1,stageB,0.1,0.209,0.1,,1024,12,0.0,0,True,,0.392688,-0.0005083135580982262,-0.0019942031380784193,0.09999977978965197,0.3894197746839463,0.23747835616519075,0.23124061110682,0.0,0.35104132046787206,0.45104110025752403,0.3714315078078223,0.2725020317037547
c3_w2_tcop_cm1_states_L0.4_kp0_2090_up0_1000_s1024,cm1,stageB,0.1,0.209,0.1,,1024,13,0.05,1,True,,0.40208,-0.000859781498921694,-0.012263033629975623,0.10093408998233788,0.4023012814885134,0.240150748365641,0.23429349303526337,0.0,0.3625149506575679,0.4634490406399058,0.36864529251965983,0.2716096647177141
c3_w2_tcop_cm1_states_L0.4_kp0_2090_up0_1000_s1024,cm1,stageB,0.1,0.209,0.1,,1024,14,0.1,2,True,,0.41124800000000006,-0.00027796264898899566,0.013914677668581277,0.10175502210576509,0.41529449769230237,0.24251407175183942,0.23710877521306953,0.0,0.374147384683449,0.4759024067892141,0.370943785725623,0.2694939195539036
c3_w2_tcop_cm1_states_L0.4_kp0_2090_up0_1000_s1024,cm1,stageB,0.1,0.209,0.1,,1024,15,0.0,0,False,BLOCK_15_PARTIAL_CYCLE,0.393776,0.0006132929002267109,0.010841401887192632,0.09999977978965197,0.38952786087806107,0.2375020524384894,0.23124061110682,0.0,0.35104132046787206,0.45104110025752403,0.37360078250062406,0.27257570650138857
c3_w2_tcop_cm1_states_L0.4_kp0_2090_up0_1000_s31415,cm1,stageB,0.1,0.209,0.1,,31415,0,0.0,0,False,PRE_PRIMARY_INCOMPLETE_CYCLE,0.37592,-0.0030676486860394033,0.03649424269383243,0.09999977978965197,0.3877674777182317,0.23708875024230644,0.23124061110682,0.0,0.35104132046787206,0.45104110025752403,0.36456008190804384,0.2768569726898886
c3_w2_tcop_cm1_states_L0.4_kp0_2090_up0_1000_s31415,cm1,stageB,0.1,0.209,0.1,,31415,1,0.05,1,False,PRE_PRIMARY_INCOMPLETE_CYCLE,0.397904,0.0007945271592326593,0.02595458789031197,0.10093408998233788,0.4018814513276796,0.24007018220153603,0.23429349303526337,0.0,0.3625149506575679,0.4634490406399058,0.37618817502279733,0.27489027558074697
c3_w2_tcop_cm1_states_L0.4_kp0_2090_up0_1000_s31415,cm1,stageB,0.1,0.209,0.1,,31415,2,0.1,2,False,PRE_PRIMARY_INCOMPLETE_CYCLE,0.409472,0.0005523853132720536,0.0037534303366660118,0.10175502210576509,0.4151142177195664,0.24248378864993872,0.23710877521306953,0.0,0.374147384683449,0.4759024067892141,0.3780269444668103,0.2690458654829832
c3_w2_tcop_cm1_states_L0.4_kp0_2090_up0_1000_s31415,cm1,stageB,0.1,0.209,0.1,,31415,3,0.0,0,True,,0.392224,-0.0004208531451549237,0.014527891912211856,0.09999977978965197,0.38937451676053925,0.2374664794982634,0.23124061110682,0.0,0.35104132046787206,0.45104110025752403,0.3720549157967708,0.27335058471478857
c3_w2_tcop_cm1_states_L0.4_kp0_2090_up0_1000_s31415,cm1,stageB,0.1,0.209,0.1,,31415,4,0.05,1,True,,0.40014399999999994,-6.507677430304209e-05,-0.0017171173538603121,0.10093408998233788,0.4021072204838807,0.24011195002291563,0.23429349303526337,0.0,0.3625149506575679,0.4634490406399058,0.3683996256779497,0.268502028727742
c3_w2_tcop_cm1_states_L0.4_kp0_2090_up0_1000_s31415,cm1,stageB,0.1,0.209,0.1,,31415,5,0.1,2,True,,0.406016,0.0016885067411725485,0.02425273857192349,0.10175502210576509,0.4147656983317445,0.24242002665815945,0.23710877521306953,0.0,0.374147384683449,0.4759024067892141,0.376756924744805,0.271712563650498
c3_w2_tcop_cm1_states_L0.4_kp0_2090_up0_1000_s31415,cm1,stageB,0.1,0.209,0.1,,31415,6,0.0,0,True,,0.392864,0.0007324213053451476,0.005700238920395731,0.09999977978965197,0.3894393792840749,0.23747776179189287,0.23124061110682,0.0,0.35104132046787206,0.45104110025752403,0.3753271608455597,0.2737796432291278
c3_w2_tcop_cm1_states_L0.4_kp0_2090_up0_1000_s31415,cm1,stageB,0.1,0.209,0.1,,31415,7,0.05,1,True,,0.40027200000000007,-0.0025848196317323213,0.010925992584966963,0.10093408998233788,0.4021188651410927,0.24011712829570478,0.23429349303526337,0.0,0.3625149506575679,0.4634490406399058,0.3688431608878192,0.2706735073657336
c3_w2_tcop_cm1_states_L0.4_kp0_2090_up0_1000_s31415,cm1,stageB,0.1,0.209,0.1,,31415,8,0.1,2,True,,0.406592,0.0026677259980050255,0.019201524486840198,0.10175502210576509,0.414823282783501,0.2424319372785603,0.23710877521306953,0.0,0.374147384683449,0.4759024067892141,0.3750072629075992,0.2712573592415827
c3_w2_tcop_cm1_states_L0.4_kp0_2090_up0_1000_s31415,cm1,stageB,0.1,0.209,0.1,,31415,9,0.0,0,True,,0.39059200000000005,-0.0018786159361353866,0.008321794682923676,0.09999977978965197,0.38921163731248576,0.23743243699807312,0.23124061110682,0.0,0.35104132046787206,0.45104110025752403,0.36808394152125457,0.2742985993548832
c3_w2_tcop_cm1_states_L0.4_kp0_2090_up0_1000_s31415,cm1,stageB,0.1,0.209,0.1,,31415,10,0.05,1,True,,0.40263999999999994,0.0016478989708013378,0.02575371214880933,0.10093408998233788,0.402358076798537,0.240159715889095,0.23429349303526337,0.0,0.3625149506575679,0.4634490406399058,0.37970289743108254,0.2724197007576856
c3_w2_tcop_cm1_states_L0.4_kp0_2090_up0_1000_s31415,cm1,stageB,0.1,0.209,0.1,,31415,11,0.1,2,True,,0.40612800000000004,0.0035599874017055153,0.01004663939334127,0.10175502210576509,0.4147751300154208,0.24242725039103727,0.23710877521306953,0.0,0.374147384683449,0.4759024067892141,0.3813247719742205,0.2748863490403914
c3_w2_tcop_cm1_states_L0.4_kp0_2090_up0_1000_s31415,cm1,stageB,0.1,0.209,0.1,,31415,12,0.0,0,True,,0.39448,-0.002503785676802977,0.02586269039619655,0.09999977978965197,0.3895983726003906,0.23751621513255178,0.23124061110682,0.0,0.35104132046787206,0.45104110025752403,0.36943166078481143,0.2728338323368495
c3_w2_tcop_cm1_states_L0.4_kp0_2090_up0_1000_s31415,cm1,stageB,0.1,0.209,0.1,,31415,13,0.05,1,True,,0.40232,-0.004562591830758099,0.0021405041767630162,0.10093408998233788,0.402323358770292,0.2401601013912872,0.23429349303526337,0.0,0.3625149506575679,0.4634490406399058,0.3606634663110062,0.2692003698241082
c3_w2_tcop_cm1_states_L0.4_kp0_2090_up0_1000_s31415,cm1,stageB,0.1,0.209,0.1,,31415,14,0.1,2,True,,0.405696,0.0004279430525603819,0.016883953394292203,0.10175502210576509,0.41473250784197546,0.24241673910477254,0.23710877521306953,0.0,0.374147384683449,0.4759024067892141,0.3687654156010484,0.27002767473684103
c3_w2_tcop_cm1_states_L0.4_kp0_2090_up0_1000_s31415,cm1,stageB,0.1,0.209,0.1,,31415,15,0.0,0,False,BLOCK_15_PARTIAL_CYCLE,0.39824000000000004,-0.0006360432671646713,0.008152422706975797,0.09999977978965197,0.38997158259008596,0.23759851822257497,0.23124061110682,0.0,0.35104132046787206,0.45104110025752403,0.375082574907231,0.2741011524311827
c3_w2_tcop_cm1_states_L0.4_kp0_2090_up0_2500_s42,cm1,stageB,0.1,0.209,0.25,,42,0,0.0,0,False,PRE_PRIMARY_INCOMPLETE_CYCLE,0.37937599999999994,0.0011741545395786205,0.018827822049735356,0.09999977978965197,0.38811114187279017,0.23716310690848208,0.23124061110682,0.0,0.35104132046787206,0.45104110025752403,0.37785986406957134,0.27667986451859533
c3_w2_tcop_cm1_states_L0.4_kp0_2090_up0_2500_s42,cm1,stageB,0.1,0.209,0.25,,42,1,0.125,1,False,PRE_PRIMARY_INCOMPLETE_CYCLE,0.41068799999999994,-0.003042235517284684,0.0008325161534387173,0.10212174046063388,0.4213114462302256,0.24349888656816107,0.2384232628098847,0.0,0.38001958261011054,0.4821413230707444,0.3641017328542652,0.26499223764203306
c3_w2_tcop_cm1_states_L0.4_kp0_2090_up0_2500_s42,cm1,stageB,0.1,0.209,0.25,,42,2,0.25,2,False,PRE_PRIMARY_INCOMPLETE_CYCLE,0.42816000000000004,-0.0005445217877670732,0.013584786370291497,0.10350140689392384,0.4538198254973538,0.24753618638527708,0.2440052375031039,0.0,0.4098791205328207,0.5133805274267446,0.37680393719754207,0.27203139620559336
c3_w2_tcop_cm1_states_L0.4_kp0_2090_up0_2500_s42,cm1,stageB,0.1,0.209,0.25,,42,3,0.0,0,True,,0.395824,1.869799785433876e-05,-0.002171656769453697,0.09999977978965197,0.3897324249170957,0.23754415502723417,0.23124061110682,0.0,0.35104132046787206,0.45104110025752403,0.373787544398383,0.26728399253100155
c3_w2_tcop_cm1_states_L0.4_kp0_2090_up0_2500_s42,cm1,stageB,0.1,0.209,0.25,,42,4,0.125,1,True,,0.411824,0.0027744032512790357,0.006506383739102919,0.10212174046063388,0.4214289294238779,0.24351193941978638,0.2384232628098847,0.0,0.38001958261011054,0.4821413230707444,0.37882074298822394,0.273312753960671
c3_w2_tcop_cm1_states_L0.4_kp0_2090_up0_2500_s42,cm1,stageB,0.1,0.209,0.25,,42,5,0.25,2,True,,0.43337600000000004,-0.0007551685706142096,0.010255839565531347,0.10350140689392384,0.45435878574651234,0.24759065628918986,0.2440052375031039,0.0,0.4098791205328207,0.5133805274267446,0.36851925690563647,0.26234397800622433
c3_w2_tcop_cm1_states_L0.4_kp0_2090_up0_2500_s42,cm1,stageB,0.1,0.209,0.25,,42,6,0.0,0,True,,0.3932800000000001,-0.0013082102683828758,0.010949081449831024,0.09999977978965197,0.38947753172757593,0.2374933670233971,0.23124061110682,0.0,0.35104132046787206,0.45104110025752403,0.369846053103243,0.2750568107739217
c3_w2_tcop_cm1_states_L0.4_kp0_2090_up0_2500_s42,cm1,stageB,0.1,0.209,0.25,,42,7,0.125,1,True,,0.41196799999999995,-0.000304714231160444,0.015800939928730155,0.10212174046063388,0.4214434143764556,0.24351433026060473,0.2384232628098847,0.0,0.38001958261011054,0.4821413230707444,0.36947243960634396,0.2700299189080379
c3_w2_tcop_cm1_states_L0.4_kp0_2090_up0_2500_s42,cm1,stageB,0.1,0.209,0.25,,42,8,0.25,2,True,,0.428704,-0.00107913979340334,0.018637225579613007,0.10350140689392384,0.45387537913222914,0.24754585587706818,0.2440052375031039,0.0,0.4098791205328207,0.5133805274267446,0.3696665427169086,0.264749235830372
c3_w2_tcop_cm1_states_L0.4_kp0_2090_up0_2500_s42,cm1,stageB,0.1,0.209,0.25,,42,9,0.0,0,True,,0.3963999999999999,-0.00033048922765872304,0.028229785099088554,0.09999977978965197,0.38978807536143056,0.2375599445121481,0.23124061110682,0.0,0.35104132046787206,0.45104110025752403,0.37196844212702646,0.2725363019121369
c3_w2_tcop_cm1_states_L0.4_kp0_2090_up0_2500_s42,cm1,stageB,0.1,0.209,0.25,,42,10,0.125,1,True,,0.41076799999999997,0.0006349300726429462,0.007336128665778874,0.10212174046063388,0.4213215575620414,0.2434946794764683,0.2384232628098847,0.0,0.38001958261011054,0.4821413230707444,0.3726019056027618,0.2678389973358599
c3_w2_tcop_cm1_states_L0.4_kp0_2090_up0_2500_s42,cm1,stageB,0.1,0.209,0.25,,42,11,0.25,2,True,,0.427584,0.0002210395214694689,0.005320392403869101,0.10350140689392384,0.45375974226951643,0.24753406993807606,0.2440052375031039,0.0,0.4098791205328207,0.5133805274267446,0.37527666399000137,0.2679318993265364
c3_w2_tcop_cm1_states_L0.4_kp0_2090_up0_2500_s42,cm1,stageB,0.1,0.209,0.25,,42,12,0.0,0,True,,0.398816,0.0002022792795845478,0.017467153671973008,0.09999977978965197,0.3900317214054112,0.2376054810642012,0.23124061110682,0.0,0.35104132046787206,0.45104110025752403,0.37110564247468475,0.27670236896356815
c3_w2_tcop_cm1_states_L0.4_kp0_2090_up0_2500_s42,cm1,stageB,0.1,0.209,0.25,,42,13,0.125,1,True,,0.412,-0.00511143232682781,-0.0023076923076923053,0.10212174046063388,0.4214461453386672,0.24351624773489736,0.2384232628098847,0.0,0.38001958261011054,0.4821413230707444,0.3596255779274978,0.2650697074619449
c3_w2_tcop_cm1_states_L0.4_kp0_2090_up0_2500_s42,cm1,stageB,0.1,0.209,0.25,,42,14,0.25,2,True,,0.428096,-0.00041441664792263197,0.021240337790093395,0.10350140689392384,0.4538121328820221,0.24754117727022745,0.2440052375031039,0.0,0.4098791205328207,0.5133805274267446,0.3680285515063623,0.26453458820377174
c3_w2_tcop_cm1_states_L0.4_kp0_2090_up0_2500_s42,cm1,stageB,0.1,0.209,0.25,,42,15,0.0,0,False,BLOCK_15_PARTIAL_CYCLE,0.39630399999999993,-0.0032208229743427496,0.0296117303595406,0.09999977978965197,0.3897792073460892,0.23755670666941978,0.23124061110682,0.0,0.35104132046787206,0.45104110025752403,0.365129050440095,0.2726286926496413
c3_w2_tcop_cm1_states_L0.4_kp0_2090_up0_2500_s137,cm1,stageB,0.1,0.209,0.25,,137,0,0.0,0,False,PRE_PRIMARY_INCOMPLETE_CYCLE,0.3837919999999999,0.0019984038313627882,0.02349540143630184,0.09999977978965197,0.38855145496420107,0.2372560073700379,0.23124061110682,0.0,0.35104132046787206,0.45104110025752403,0.3788369822222933,0.2758443467191722
c3_w2_tcop_cm1_states_L0.4_kp0_2090_up0_2500_s137,cm1,stageB,0.1,0.209,0.25,,137,1,0.125,1,False,PRE_PRIMARY_INCOMPLETE_CYCLE,0.410704,-0.003387515626582385,-0.0015304580332382528,0.10212174046063388,0.42131397743384374,0.24349641296512411,0.2384232628098847,0.0,0.38001958261011054,0.4821413230707444,0.3665569688282788,0.2664950919188899
c3_w2_tcop_cm1_states_L0.4_kp0_2090_up0_2500_s137,cm1,stageB,0.1,0.209,0.25,,137,2,0.25,2,False,PRE_PRIMARY_INCOMPLETE_CYCLE,0.429024,0.00026314487596540816,0.010585659317379127,0.10350140689392384,0.4539084706616704,0.24754853471439273,0.2440052375031039,0.0,0.4098791205328207,0.5133805274267446,0.3693840425878748,0.2629347600527231
c3_w2_tcop_cm1_states_L0.4_kp0_2090_up0_2500_s137,cm1,stageB,0.1,0.209,0.25,,137,3,0.0,0,True,,0.39617600000000003,0.0013849975619319487,0.011857310020854864,0.09999977978965197,0.3897664212226588,0.23755390211829333,0.23124061110682,0.0,0.35104132046787206,0.45104110025752403,0.37630840512896546,0.2710037717102452
c3_w2_tcop_cm1_states_L0.4_kp0_2090_up0_2500_s137,cm1,stageB,0.1,0.209,0.25,,137,4,0.125,1,True,,0.411136,0.0012972586753102252,-0.009106600984440242,0.10212174046063388,0.4213593446473511,0.24349929360362985,0.2384232628098847,0.0,0.38001958261011054,0.4821413230707444,0.37846598850250296,0.2699193197987703
c3_w2_tcop_cm1_states_L0.4_kp0_2090_up0_2500_s137,cm1,stageB,0.1,0.209,0.25,,137,5,0.25,2,True,,0.42953600000000003,0.0017480717717072846,0.009453898518287086,0.10350140689392384,0.4539622985358046,0.2475494153549713,0.2440052375031039,0.0,0.4098791205328207,0.5133805274267446,0.375322768426645,0.2638798203815575
c3_w2_tcop_cm1_states_L0.4_kp0_2090_up0_2500_s137,cm1,stageB,0.1,0.209,0.25,,137,6,0.0,0,True,,0.39483199999999996,0.003367776829622056,0.0002528912236759685,0.09999977978965197,0.38963463924714165,0.23752093679693137,0.23124061110682,0.0,0.35104132046787206,0.45104110025752403,0.38134877460662964,0.27063928773437246
c3_w2_tcop_cm1_states_L0.4_kp0_2090_up0_2500_s137,cm1,stageB,0.1,0.209,0.25,,137,7,0.125,1,True,,0.412288,-0.0012022355971859334,0.00918942848878446,0.10212174046063388,0.42147508075607265,0.24352253500493842,0.2384232628098847,0.0,0.38001958261011054,0.4821413230707444,0.3697297340428469,0.26919322450274374
c3_w2_tcop_cm1_states_L0.4_kp0_2090_up0_2500_s137,cm1,stageB,0.1,0.209,0.25,,137,8,0.25,2,True,,0.4282079999999999,9.309212512797761e-05,0.016104217220933255,0.10350140689392384,0.45382474709103254,0.24753757383167319,0.2440052375031039,0.0,0.4098791205328207,0.5133805274267446,0.3748071880681648,0.2685700582675157
c3_w2_tcop_cm1_states_L0.4_kp0_2090_up0_2500_s137,cm1,stageB,0.1,0.209,0.25,,137,9,0.0,0,True,,0.3944480000000001,0.0038954295961691997,0.039873618783310236,0.09999977978965197,0.3895980947536632,0.23750957381759913,0.23124061110682,0.0,0.35104132046787206,0.45104110025752403,0.38504630705975723,0.2783881998144407
c3_w2_tcop_cm1_states_L0.4_kp0_2090_up0_2500_s137,cm1,stageB,0.1,0.209,0.25,,137,10,0.125,1,True,,0.41144000000000003,-0.0022651405132885255,0.025184899239911934,0.10212174046063388,0.4213874445021373,0.24351264104789452,0.2384232628098847,0.0,0.38001958261011054,0.4821413230707444,0.36567619455163053,0.26674227767406206
c3_w2_tcop_cm1_states_L0.4_kp0_2090_up0_2500_s137,cm1,stageB,0.1,0.209,0.25,,137,11,0.25,2,True,,0.42921600000000004,-0.0016152249192775041,0.01756500989987607,0.10350140689392384,0.45392885825367374,0.24754768461458013,0.2440052375031039,0.0,0.4098791205328207,0.5133805274267446,0.37230758264654384,0.26402694147138667
c3_w2_tcop_cm1_states_L0.4_kp0_2090_up0_2500_s137,cm1,stageB,0.1,0.209,0.25,,137,12,0.0,0,True,,0.396528,0.0015752059680674707,0.015170474572462513,0.09999977978965197,0.38980205738966106,0.23756041625628416,0.23124061110682,0.0,0.35104132046787206,0.45104110025752403,0.3753608333860287,0.2718503620276094
c3_w2_tcop_cm1_states_L0.4_kp0_2090_up0_2500_s137,cm1,stageB,0.1,0.209,0.25,,137,13,0.125,1,True,,0.41015999999999997,0.0002353732960545896,0.006831585067965278,0.10212174046063388,0.4212595326029012,0.24348477967609827,0.2384232628098847,0.0,0.38001958261011054,0.4821413230707444,0.37215569934894743,0.26541615463613333
c3_w2_tcop_cm1_states_L0.4_kp0_2090_up0_2500_s137,cm1,stageB,0.1,0.209,0.25,,137,14,0.25,2,True,,0.43150400000000005,0.0023115783490096544,0.014245288438495405,0.10350140689392384,0.45416667565140273,0.24756391983801174,0.2440052375031039,0.0,0.4098791205328207,0.5133805274267446,0.37873071033752986,0.2658573485084932
c3_w2_tcop_cm1_states_L0.4_kp0_2090_up0_2500_s137,cm1,stageB,0.1,0.209,0.25,,137,15,0.0,0,False,BLOCK_15_PARTIAL_CYCLE,0.39409600000000006,0.0006272262751934804,0.036438436313726896,0.09999977978965197,0.3895608732315029,0.23750649834593573,0.23124061110682,0.0,0.35104132046787206,0.45104110025752403,0.37662004505306934,0.276557859495317
c3_w2_tcop_cm1_states_L0.4_kp0_2090_up0_2500_s256,cm1,stageB,0.1,0.209,0.25,,256,0,0.0,0,False,PRE_PRIMARY_INCOMPLETE_CYCLE,0.38041600000000003,0.0017369300727932782,0.019260098051947627,0.09999977978965197,0.3882158948328081,0.23718300917979712,0.23124061110682,0.0,0.35104132046787206,0.45104110025752403,0.3792567174651551,0.27874601765469076
c3_w2_tcop_cm1_states_L0.4_kp0_2090_up0_2500_s256,cm1,stageB,0.1,0.209,0.25,,256,1,0.125,1,False,PRE_PRIMARY_INCOMPLETE_CYCLE,0.413184,-0.0032829815786905585,0.014886274827424878,0.10212174046063388,0.4215674498625241,0.24353299890607022,0.2384232628098847,0.0,0.38001958261011054,0.4821413230707444,0.36298193297579673,0.2653232625554823
c3_w2_tcop_cm1_states_L0.4_kp0_2090_up0_2500_s256,cm1,stageB,0.1,0.209,0.25,,256,2,0.25,2,False,PRE_PRIMARY_INCOMPLETE_CYCLE,0.431952,-0.0015456581941770985,0.016209644066237296,0.10350140689392384,0.4542111607784755,0.24757862884018803,0.2440052375031039,0.0,0.4098791205328207,0.5133805274267446,0.3715308186864241,0.2665239309175262
c3_w2_tcop_cm1_states_L0.4_kp0_2090_up0_2500_s256,cm1,stageB,0.1,0.209,0.25,,256,3,0.0,0,True,,0.39793599999999996,0.0005132628284919703,0.019611086564374165,0.09999977978965197,0.38994281803346276,0.2375893109746989,0.23124061110682,0.0,0.35104132046787206,0.45104110025752403,0.37362985727458353,0.2724395570098557
c3_w2_tcop_cm1_states_L0.4_kp0_2090_up0_2500_s256,cm1,stageB,0.1,0.209,0.25,,256,4,0.125,1,True,,0.411152,0.0027934682607804844,0.03158486045879203,0.10212174046063388,0.4213618201420303,0.243497137062138,0.2384232628098847,0.0,0.38001958261011054,0.4821413230707444,0.3786221888200728,0.270694344442438
c3_w2_tcop_cm1_states_L0.4_kp0_2090_up0_2500_s256,cm1,stageB,0.1,0.209,0.25,,256,5,0.25,2,True,,0.42591999999999997,0.0004162872909527495,-0.012681919553046931,0.10350140689392384,0.453587697824543,0.24751689431631096,0.2440052375031039,0.0,0.4098791205328207,0.5133805274267446,0.3763545957472802,0.2700225571668726
c3_w2_tcop_cm1_states_L0.4_kp0_2090_up0_2500_s256,cm1,stageB,0.1,0.209,0.25,,256,6,0.0,0,True,,0.39435200000000004,-0.004003611245737973,0.004316544865500534,0.09999977978965197,0.3895844984528265,0.23751548130738817,0.23124061110682,0.0,0.35104132046787206,0.45104110025752403,0.36058455345159424,0.2700480053961068
c3_w2_tcop_cm1_states_L0.4_kp0_2090_up0_2500_s256,cm1,stageB,0.1,0.209,0.25,,256,7,0.125,1,True,,0.41367999999999994,-0.0009392572599101008,0.02081041927072946,0.10212174046063388,0.42161812490787565,0.24354104042519154,0.2384232628098847,0.0,0.38001958261011054,0.4821413230707444,0.3720231845003959,0.2726882541874968
c3_w2_tcop_cm1_states_L0.4_kp0_2090_up0_2500_s256,cm1,stageB,0.1,0.209,0.25,,256,8,0.25,2,True,,0.43014399999999997,0.0028762519359474548,0.002791731803923165,0.10350140689392384,0.45402507767398237,0.2475555615272725,0.2440052375031039,0.0,0.4098791205328207,0.5133805274267446,0.3803071440920592,0.2674818964372054
c3_w2_tcop_cm1_states_L0.4_kp0_2090_up0_2500_s256,cm1,stageB,0.1,0.209,0.25,,256,9,0.0,0,True,,0.39640000000000003,-0.002199376369504742,0.03389490908483746,0.09999977978965197,0.3897872382743849,0.23756175802444812,0.23124061110682,0.0,0.35104132046787206,0.45104110025752403,0.36822855463186643,0.2689041945177321
c3_w2_tcop_cm1_states_L0.4_kp0_2090_up0_2500_s256,cm1,stageB,0.1,0.209,0.25,,256,10,0.125,1,True,,0.41145600000000004,-0.0008630228955033104,0.00636525562327908,0.10212174046063388,0.4213915898646881,0.2435050453572549,0.2384232628098847,0.0,0.38001958261011054,0.4821413230707444,0.3700313339024096,0.26492443269016425
c3_w2_tcop_cm1_states_L0.4_kp0_2090_up0_2500_s256,cm1,stageB,0.1,0.209,0.25,,256,11,0.25,2,True,,0.429616,-0.000769852569116101,0.008121408001440648,0.10350140689392384,0.4539700643073637,0.24755322437992963,0.2440052375031039,0.0,0.4098791205328207,0.5133805274267446,0.3686423436653942,0.2638274772176684
c3_w2_tcop_cm1_states_L0.4_kp0_2090_up0_2500_s256,cm1,stageB,0.1,0.209,0.25,,256,12,0.0,0,True,,0.3941760000000001,-0.002755961336615166,0.0173512621609666,0.09999977978965197,0.3895677721892752,0.23751054885689377,0.23124061110682,0.0,0.35104132046787206,0.45104110025752403,0.3643306028150488,0.2752949680149579
c3_w2_tcop_cm1_states_L0.4_kp0_2090_up0_2500_s256,cm1,stageB,0.1,0.209,0.25,,256,13,0.125,1,True,,0.40897599999999995,0.0051644454641776635,0.02709619679233164,0.10212174046063388,0.4211405850405027,0.2434612574228103,0.2384232628098847,0.0,0.38001958261011054,0.4821413230707444,0.3853020031728246,0.27152222573414414
c3_w2_tcop_cm1_states_L0.4_kp0_2090_up0_2500_s256,cm1,stageB,0.1,0.209,0.25,,256,14,0.25,2,True,,0.42963199999999996,-0.0058019538475051835,0.02190235565565516,0.10350140689392384,0.45397006378494903,0.2475613951220819,0.2440052375031039,0.0,0.4098791205328207,0.5133805274267446,0.3560586196616956,0.256927440821038
c3_w2_tcop_cm1_states_L0.4_kp0_2090_up0_2500_s256,cm1,stageB,0.1,0.209,0.25,,256,15,0.0,0,False,BLOCK_15_PARTIAL_CYCLE,0.3948,-0.00047454194003091805,0.015936769094281798,0.09999977978965197,0.3896304900466301,0.23752264822818062,0.23124061110682,0.0,0.35104132046787206,0.45104110025752403,0.3681756249722554,0.273617329753381
c3_w2_tcop_cm1_states_L0.4_kp0_2090_up0_2500_s1024,cm1,stageB,0.1,0.209,0.25,,1024,0,0.0,0,False,PRE_PRIMARY_INCOMPLETE_CYCLE,0.381296,-0.001970484125554109,0.011228290845101196,0.09999977978965197,0.3883030224404957,0.23720300705997668,0.23124061110682,0.0,0.35104132046787206,0.45104110025752403,0.3706952737747594,0.28016592568054743
c3_w2_tcop_cm1_states_L0.4_kp0_2090_up0_2500_s1024,cm1,stageB,0.1,0.209,0.25,,1024,1,0.125,1,False,PRE_PRIMARY_INCOMPLETE_CYCLE,0.41072000000000003,-0.0007771404492430306,0.009454559261860918,0.10212174046063388,0.42131568771781863,0.24349690293407095,0.2384232628098847,0.0,0.38001958261011054,0.4821413230707444,0.3695007606763969,0.2720750257767309
c3_w2_tcop_cm1_states_L0.4_kp0_2090_up0_2500_s1024,cm1,stageB,0.1,0.209,0.25,,1024,2,0.25,2,False,PRE_PRIMARY_INCOMPLETE_CYCLE,0.42900799999999994,0.0007443786546229992,0.018315848429780998,0.10350140689392384,0.4539069575049116,0.24754766452517266,0.2440052375031039,0.0,0.4098791205328207,0.5133805274267446,0.37520701893690733,0.26352028307190145
c3_w2_tcop_cm1_states_L0.4_kp0_2090_up0_2500_s1024,cm1,stageB,0.1,0.209,0.25,,1024,3,0.0,0,True,,0.39403200000000005,0.0013333528123901756,0.01096463969711958,0.09999977978965197,0.3895539570941191,0.23750619225002242,0.23124061110682,0.0,0.35104132046787206,0.45104110025752403,0.37611544798638824,0.27167167059339564
c3_w2_tcop_cm1_states_L0.4_kp0_2090_up0_2500_s1024,cm1,stageB,0.1,0.209,0.25,,1024,4,0.125,1,True,,0.41345600000000005,0.0004010509677712439,0.010040324430761501,0.10212174046063388,0.4215949164937237,0.24353783081543895,0.2384232628098847,0.0,0.38001958261011054,0.4821413230707444,0.37117535881833846,0.2626435170007659
c3_w2_tcop_cm1_states_L0.4_kp0_2090_up0_2500_s1024,cm1,stageB,0.1,0.209,0.25,,1024,5,0.25,2,True,,0.43062399999999995,-0.002336846318917667,0.008130703654460522,0.10350140689392384,0.45407335100147544,0.247568124146077,0.2440052375031039,0.0,0.4098791205328207,0.5133805274267446,0.36912099152892835,0.2654046022296682
c3_w2_tcop_cm1_states_L0.4_kp0_2090_up0_2500_s1024,cm1,stageB,0.1,0.209,0.25,,1024,6,0.0,0,True,,0.40046400000000004,-0.002758776781797282,0.02125262193043594,0.09999977978965197,0.3901932416543434,0.23764561432317377,0.23124061110682,0.0,0.35104132046787206,0.45104110025752403,0.365619640002362,0.2682439194015264
c3_w2_tcop_cm1_states_L0.4_kp0_2090_up0_2500_s1024,cm1,stageB,0.1,0.209,0.25,,1024,7,0.125,1,True,,0.40832,0.0013835930788095305,0.03656479091967936,0.10212174046063388,0.42107163374084583,0.24345728584826215,0.2384232628098847,0.0,0.38001958261011054,0.4821413230707444,0.3754173757432565,0.26404741043288993
c3_w2_tcop_cm1_states_L0.4_kp0_2090_up0_2500_s1024,cm1,stageB,0.1,0.209,0.25,,1024,8,0.25,2,True,,0.426192,-0.001148484666507256,0.018852435142259507,0.10350140689392384,0.45361616293801205,0.247517284676064,0.2440052375031039,0.0,0.4098791205328207,0.5133805274267446,0.3716915215945837,0.2637871787335135
c3_w2_tcop_cm1_states_L0.4_kp0_2090_up0_2500_s1024,cm1,stageB,0.1,0.209,0.25,,1024,9,0.0,0,True,,0.396208,-0.0023163406274706883,0.016221306827176256,0.09999977978965197,0.3897695340969593,0.23755472954039147,0.23124061110682,0.0,0.35104132046787206,0.45104110025752403,0.3693422925498651,0.27279196338451184
c3_w2_tcop_cm1_states_L0.4_kp0_2090_up0_2500_s1024,cm1,stageB,0.1,0.209,0.25,,1024,10,0.125,1,True,,0.41096,0.0010516611278496022,0.008910420093135965,0.10212174046063388,0.4213407410745544,0.24349875645664038,0.2384232628098847,0.0,0.38001958261011054,0.4821413230707444,0.3739894350134508,0.2697248574868299
c3_w2_tcop_cm1_states_L0.4_kp0_2090_up0_2500_s1024,cm1,stageB,0.1,0.209,0.25,,1024,11,0.25,2,True,,0.428992,-0.0007937854593580657,0.021768359330110145,0.10350140689392384,0.4539055821083585,0.2475465850230925,0.2440052375031039,0.0,0.4098791205328207,0.5133805274267446,0.37311735926753364,0.2676205951957202
c3_w2_tcop_cm1_states_L0.4_kp0_2090_up0_2500_s1024,cm1,stageB,0.1,0.209,0.25,,1024,12,0.0,0,True,,0.39345600000000003,-0.0005280304455812865,-0.0013475232345500846,0.09999977978965197,0.38949622311691007,0.23749479234960716,0.23124061110682,0.0,0.35104132046787206,0.45104110025752403,0.37141988967435524,0.2725367713859581
c3_w2_tcop_cm1_states_L0.4_kp0_2090_up0_2500_s1024,cm1,stageB,0.1,0.209,0.25,,1024,13,0.125,1,True,,0.4128960000000001,-0.0011790709677831919,-0.011205026369469408,0.10212174046063388,0.42153806824487766,0.24352903105845627,0.2384232628098847,0.0,0.38001958261011054,0.4821413230707444,0.3660510121492747,0.2674650848379673
c3_w2_tcop_cm1_states_L0.4_kp0_2090_up0_2500_s1024,cm1,stageB,0.1,0.209,0.25,,1024,14,0.25,2,True,,0.432912,-0.0009919100244688286,0.011503681561336635,0.10350140689392384,0.45431105371081215,0.24758489789427415,0.2440052375031039,0.0,0.4098791205328207,0.5133805274267446,0.36935163824664136,0.26382356047425665
c3_w2_tcop_cm1_states_L0.4_kp0_2090_up0_2500_s1024,cm1,stageB,0.1,0.209,0.25,,1024,15,0.0,0,False,BLOCK_15_PARTIAL_CYCLE,0.394816,0.00092154052153159,0.010278571514267193,0.09999977978965197,0.3896316658625548,0.23752369921657537,0.23124061110682,0.0,0.35104132046787206,0.45104110025752403,0.37437816843475774,0.2725926701334951
c3_w2_tcop_cm1_states_L0.4_kp0_2090_up0_2500_s31415,cm1,stageB,0.1,0.209,0.25,,31415,0,0.0,0,False,PRE_PRIMARY_INCOMPLETE_CYCLE,0.37592,-0.0030676486860394033,0.03649424269383243,0.09999977978965197,0.3877674777182317,0.23708875024230644,0.23124061110682,0.0,0.35104132046787206,0.45104110025752403,0.36456008190804384,0.2768569726898886
c3_w2_tcop_cm1_states_L0.4_kp0_2090_up0_2500_s31415,cm1,stageB,0.1,0.209,0.25,,31415,1,0.125,1,False,PRE_PRIMARY_INCOMPLETE_CYCLE,0.409376,0.0007716269046091529,0.022862095931813358,0.10212174046063388,0.42117937739451156,0.2434737430661735,0.2384232628098847,0.0,0.38001958261011054,0.4821413230707444,0.3760703421960844,0.2707312303909817
c3_w2_tcop_cm1_states_L0.4_kp0_2090_up0_2500_s31415,cm1,stageB,0.1,0.209,0.25,,31415,2,0.25,2,False,PRE_PRIMARY_INCOMPLETE_CYCLE,0.4307040000000001,-0.0003909997472668979,0.0063275395363677905,0.10350140689392384,0.45408214695926863,0.24756558368920104,0.2440052375031039,0.0,0.4098791205328207,0.5133805274267446,0.37453605115279237,0.2658033060760484
c3_w2_tcop_cm1_states_L0.4_kp0_2090_up0_2500_s31415,cm1,stageB,0.1,0.209,0.25,,31415,3,0.0,0,True,,0.39331199999999994,-0.0006033494061774756,0.014667117994553606,0.09999977978965197,0.3894827142846064,0.23748995331812445,0.23124061110682,0.0,0.35104132046787206,0.45104110025752403,0.37149557115082105,0.2728866112928769
c3_w2_tcop_cm1_states_L0.4_kp0_2090_up0_2500_s31415,cm1,stageB,0.1,0.209,0.25,,31415,4,0.125,1,True,,0.410672,-0.00026242778093304916,0.0016159650384311045,0.10212174046063388,0.4213120738440118,0.243492188540324,0.2384232628098847,0.0,0.38001958261011054,0.4821413230707444,0.36806369912281994,0.2662416558990856
c3_w2_tcop_cm1_states_L0.4_kp0_2090_up0_2500_s31415,cm1,stageB,0.1,0.209,0.25,,31415,5,0.25,2,True,,0.426944,0.0018269748994813925,0.027095321655038408,0.10350140689392384,0.4536943206996584,0.2475236201551131,0.2440052375031039,0.0,0.4098791205328207,0.5133805274267446,0.37652107343695135,0.2658189328571344
c3_w2_tcop_cm1_states_L0.4_kp0_2090_up0_2500_s31415,cm1,stageB,0.1,0.209,0.25,,31415,6,0.0,0,True,,0.39385600000000004,0.000919170166012767,0.0048001024344844325,0.09999977978965197,0.3895384213801747,0.23749834985409154,0.23124061110682,0.0,0.35104132046787206,0.45104110025752403,0.3759746851791527,0.27404653808980045
c3_w2_tcop_cm1_states_L0.4_kp0_2090_up0_2500_s31415,cm1,stageB,0.1,0.209,0.25,,31415,7,0.125,1,True,,0.4115520000000001,-0.002869766666904941,0.008120138866967051,0.10212174046063388,0.42140095241975356,0.24350821185293892,0.2384232628098847,0.0,0.38001958261011054,0.4821413230707444,0.368313972004575,0.26970369252548443
c3_w2_tcop_cm1_states_L0.4_kp0_2090_up0_2500_s31415,cm1,stageB,0.1,0.209,0.25,,31415,8,0.25,2,True,,0.42872,0.0028057155354339236,0.015952506073720254,0.10350140689392384,0.45387777799617696,0.24754208693501556,0.2440052375031039,0.0,0.4098791205328207,0.5133805274267446,0.37427915987619215,0.26497553601303314
c3_w2_tcop_cm1_states_L0.4_kp0_2090_up0_2500_s31415,cm1,stageB,0.1,0.209,0.25,,31415,9,0.0,0,True,,0.39126400000000006,-0.0018397724114329417,0.006793730973685652,0.09999977978965197,0.38927854154151426,0.23744679175877284,0.23124061110682,0.0,0.35104132046787206,0.45104110025752403,0.3680246116709814,0.27397013396531333
c3_w2_tcop_cm1_states_L0.4_kp0_2090_up0_2500_s31415,cm1,stageB,0.1,0.209,0.25,,31415,10,0.125,1,True,,0.412256,0.00032888664112664577,0.024775649682949187,0.10212174046063388,0.4214726695979268,0.24351860550663218,0.2384232628098847,0.0,0.38001958261011054,0.4821413230707444,0.37560334733968576,0.26874138426689026
c3_w2_tcop_cm1_states_L0.4_kp0_2090_up0_2500_s31415,cm1,stageB,0.1,0.209,0.25,,31415,11,0.25,2,True,,0.4272000000000001,0.002087230135172501,0.0066241230034333526,0.10350140689392384,0.45371968347491104,0.24753213773626065,0.2440052375031039,0.0,0.4098791205328207,0.5133805274267446,0.3775042308494333,0.26834887728074625
c3_w2_tcop_cm1_states_L0.4_kp0_2090_up0_2500_s31415,cm1,stageB,0.1,0.209,0.25,,31415,12,0.0,0,True,,0.39543999999999996,-0.0024084192616913107,0.02650016681759687,0.09999977978965197,0.3896940694114794,0.23753646101911613,0.23124061110682,0.0,0.35104132046787206,0.45104110025752403,0.3695105394063499,0.27289180242633315
c3_w2_tcop_cm1_states_L0.4_kp0_2090_up0_2500_s31415,cm1,stageB,0.1,0.209,0.25,,31415,13,0.125,1,True,,0.41256,-0.003882935576050368,0.0043271899089471575,0.10212174046063388,0.4215027609938362,0.2435269819596026,0.2384232628098847,0.0,0.38001958261011054,0.4821413230707444,0.3620009951759122,0.26771486223735336
c3_w2_tcop_cm1_states_L0.4_kp0_2090_up0_2500_s31415,cm1,stageB,0.1,0.209,0.25,,31415,14,0.25,2,True,,0.428016,-0.0007323574795876177,0.015060035850344171,0.10350140689392384,0.4538048888564275,0.24753608373901492,0.2440052375031039,0.0,0.4098791205328207,0.5133805274267446,0.3688303149166155,0.2681782400153256
c3_w2_tcop_cm1_states_L0.4_kp0_2090_up0_2500_s31415,cm1,stageB,0.1,0.209,0.25,,31415,15,0.0,0,False,BLOCK_15_PARTIAL_CYCLE,0.39912,-0.00042699053095518865,0.006492392603864263,0.09999977978965197,0.3900592507598001,0.23761718762888026,0.23124061110682,0.0,0.35104132046787206,0.45104110025752403,0.37571459655980716,0.27376642853280453
c3_w2_tcop_cm1_states_L0.4_kp0_2090_up0_5000_s42,cm1,stageB,0.1,0.209,0.5,,42,0,0.0,0,False,PRE_PRIMARY_INCOMPLETE_CYCLE,0.37937599999999994,0.0011741545395786205,0.018827822049735356,0.09999977978965197,0.38811114187279017,0.23716310690848208,0.23124061110682,0.0,0.35104132046787206,0.45104110025752403,0.37785986406957134,0.27667986451859533
c3_w2_tcop_cm1_states_L0.4_kp0_2090_up0_5000_s42,cm1,stageB,0.1,0.209,0.5,,42,1,0.25,1,False,PRE_PRIMARY_INCOMPLETE_CYCLE,0.42806400000000006,-0.0038049364090240534,-0.005735041371060871,0.10350140689392384,0.45380820287210133,0.24754439335149528,0.2440052375031039,0.0,0.4098791205328207,0.5133805274267446,0.361642578284333,0.26000751942207834
c3_w2_tcop_cm1_states_L0.4_kp0_2090_up0_5000_s42,cm1,stageB,0.1,0.209,0.5,,42,2,0.5,2,False,PRE_PRIMARY_INCOMPLETE_CYCLE,0.4599039999999999,-0.0006243395434107332,0.014388783430182397,0.10389149536563619,0.5194069337599525,0.24928329670440516,0.24754032550149221,0.0,0.47141492691685155,0.5753064222824877,0.3786703789407341,0.2662296871714463
c3_w2_tcop_cm1_states_L0.4_kp0_2090_up0_5000_s42,cm1,stageB,0.1,0.209,0.5,,42,3,0.0,0,True,,0.39712000000000003,-8.06864330943416e-06,-0.0023362784296391513,0.09999977978965197,0.38986169603633025,0.23757132185345406,0.23124061110682,0.0,0.35104132046787206,0.45104110025752403,0.3732760901546659,0.26736787719502253
c3_w2_tcop_cm1_states_L0.4_kp0_2090_up0_5000_s42,cm1,stageB,0.1,0.209,0.5,,42,4,0.25,1,True,,0.42928,0.002027906794834674,0.010670024855203318,0.10350140689392384,0.4539357735165667,0.247547596847234,0.2440052375031039,0.0,0.4098791205328207,0.5133805274267446,0.3778980439670758,0.2700294292647312
c3_w2_tcop_cm1_states_L0.4_kp0_2090_up0_5000_s42,cm1,stageB,0.1,0.209,0.5,,42,5,0.5,2,True,,0.46596799999999994,-0.0010793796161871264,0.013226197844969227,0.10389149536563619,0.5200394124763297,0.24926403191706464,0.24754032550149221,0.0,0.47141492691685155,0.5753064222824877,0.3682383138711514,0.2591564211239739
c3_w2_tcop_cm1_states_L0.4_kp0_2090_up0_5000_s42,cm1,stageB,0.1,0.209,0.5,,42,6,0.0,0,True,,0.3947520000000001,-0.0010339813065931478,0.013048947369952057,0.09999977978965197,0.38962446891885155,0.23752397188426994,0.23124061110682,0.0,0.35104132046787206,0.45104110025752403,0.3704704837641111,0.27480189425045165
c3_w2_tcop_cm1_states_L0.4_kp0_2090_up0_5000_s42,cm1,stageB,0.1,0.209,0.5,,42,7,0.25,1,True,,0.42870400000000003,-0.0008528825894152523,0.007199000871709733,0.10350140689392384,0.45387536951982554,0.2475455460798706,0.2440052375031039,0.0,0.4098791205328207,0.5133805274267446,0.36711296929149,0.26458008697456953
c3_w2_tcop_cm1_states_L0.4_kp0_2090_up0_5000_s42,cm1,stageB,0.1,0.209,0.5,,42,8,0.5,2,True,,0.463104,-0.0024844668676720296,0.02250822358644509,0.10389149536563619,0.5197409114365555,0.24927630769403392,0.24754032550149221,0.0,0.47141492691685155,0.5753064222824877,0.3658197169620126,0.25449692322595746
c3_w2_tcop_cm1_states_L0.4_kp0_2090_up0_5000_s42,cm1,stageB,0.1,0.209,0.5,,42,9,0.0,0,True,,0.397872,0.00026535571867553206,0.030186549879714208,0.09999977978965197,0.3899352618485757,0.2375900336983088,0.23124061110682,0.0,0.35104132046787206,0.45104110025752403,0.3735320744726829,0.27243628457277624
c3_w2_tcop_cm1_states_L0.4_kp0_2090_up0_5000_s42,cm1,stageB,0.1,0.209,0.5,,42,10,0.25,1,True,,0.4283039999999999,-0.0012794000389804174,0.007015954795267671,0.10350140689392384,0.4538341481136517,0.24754141904551838,0.2440052375031039,0.0,0.4098791205328207,0.5133805274267446,0.3695151017223431,0.26227539949669804
c3_w2_tcop_cm1_states_L0.4_kp0_2090_up0_5000_s42,cm1,stageB,0.1,0.209,0.5,,42,11,0.5,2,True,,0.46135999999999994,-0.001945277096734807,0.017523596612125773,0.10389149536563619,0.5195591245358445,0.24928234967155857,0.24754032550149221,0.0,0.47141492691685155,0.5753064222824877,0.3695820204239721,0.25740392788246025
c3_w2_tcop_cm1_states_L0.4_kp0_2090_up0_5000_s42,cm1,stageB,0.1,0.209,0.5,,42,12,0.0,0,True,,0.40038399999999996,-0.0003142575013491307,0.018097007799704638,0.09999977978965197,0.39018803160058135,0.23763848036232776,0.23124061110682,0.0,0.35104132046787206,0.45104110025752403,0.37001600000788815,0.27549604843458936
c3_w2_tcop_cm1_states_L0.4_kp0_2090_up0_5000_s42,cm1,stageB,0.1,0.209,0.5,,42,13,0.25,1,True,,0.429648,-0.006146799415514865,-0.002049019545426626,0.10350140689392384,0.45397285288231265,0.24755557682116894,0.2440052375031039,0.0,0.4098791205328207,0.5133805274267446,0.3569510855336954,0.2606044395437918
c3_w2_tcop_cm1_states_L0.4_kp0_2090_up0_5000_s42,cm1,stageB,0.1,0.209,0.5,,42,14,0.5,2,True,,0.46307199999999993,-0.002545514193610915,0.016981297822167032,0.10389149536563619,0.5197375125442114,0.24927639365380974,0.24754032550149221,0.0,0.47141492691685155,0.5753064222824877,0.3628664687616931,0.2531005070428407
c3_w2_tcop_cm1_states_L0.4_kp0_2090_up0_5000_s42,cm1,stageB,0.1,0.209,0.5,,42,15,0.0,0,False,BLOCK_15_PARTIAL_CYCLE,0.39766399999999996,-0.0032872077849364647,0.02989831050377311,0.09999977978965197,0.3899148626830258,0.23758519087153032,0.23124061110682,0.0,0.35104132046787206,0.45104110025752403,0.36451200791695565,0.27156855944141384
c3_w2_tcop_cm1_states_L0.4_kp0_2090_up0_5000_s137,cm1,stageB,0.1,0.209,0.5,,137,0,0.0,0,False,PRE_PRIMARY_INCOMPLETE_CYCLE,0.3837919999999999,0.0019984038313627882,0.02349540143630184,0.09999977978965197,0.38855145496420107,0.2372560073700379,0.23124061110682,0.0,0.35104132046787206,0.45104110025752403,0.3788369822222933,0.2758443467191722
c3_w2_tcop_cm1_states_L0.4_kp0_2090_up0_5000_s137,cm1,stageB,0.1,0.209,0.5,,137,1,0.25,1,False,PRE_PRIMARY_INCOMPLETE_CYCLE,0.42814399999999997,-0.002781180944261955,0.0036447316071469733,0.10350140689392384,0.4538174850386664,0.24753987950121364,0.2440052375031039,0.0,0.4098791205328207,0.5133805274267446,0.3677918851862365,0.2641901355190233
c3_w2_tcop_cm1_states_L0.4_kp0_2090_up0_5000_s137,cm1,stageB,0.1,0.209,0.5,,137,2,0.5,2,False,PRE_PRIMARY_INCOMPLETE_CYCLE,0.462016,-0.0011668383687382738,0.0014606374383809343,0.10389149536563619,0.5196273888913903,0.24927981333278074,0.24754032550149221,0.0,0.47141492691685155,0.5753064222824877,0.36601371007748557,0.254927465786042
c3_w2_tcop_cm1_states_L0.4_kp0_2090_up0_5000_s137,cm1,stageB,0.1,0.209,0.5,,137,3,0.0,0,True,,0.3975040000000001,0.0011371990611419697,0.010252332853600932,0.09999977978965197,0.3898988381716467,0.23758179596006118,0.23124061110682,0.0,0.35104132046787206,0.45104110025752403,0.3759005707089097,0.27083667379990944
c3_w2_tcop_cm1_states_L0.4_kp0_2090_up0_5000_s137,cm1,stageB,0.1,0.209,0.5,,137,4,0.25,1,True,,0.4284160000000001,0.0004349752140900352,-0.00833340457110855,0.10350140689392384,0.45384600676617004,0.24754064297130024,0.2440052375031039,0.0,0.4098791205328207,0.5133805274267446,0.3782196212990645,0.26584494259916397
c3_w2_tcop_cm1_states_L0.4_kp0_2090_up0_5000_s137,cm1,stageB,0.1,0.209,0.5,,137,5,0.5,2,True,,0.46070399999999995,0.000778522424058676,0.008142439115848958,0.10389149536563619,0.5194904976132048,0.24928165524705181,0.24754032550149221,0.0,0.47141492691685155,0.5753064222824877,0.37175148784955153,0.25896344788846404
c3_w2_tcop_cm1_states_L0.4_kp0_2090_up0_5000_s137,cm1,stageB,0.1,0.209,0.5,,137,6,0.0,0,True,,0.39608,0.003261793992533608,0.0007375348886214991,0.09999977978965197,0.3897588700834211,0.23754757939816598,0.23124061110682,0.0,0.35104132046787206,0.45104110025752403,0.3808712242587851,0.26978019358335376
c3_w2_tcop_cm1_states_L0.4_kp0_2090_up0_5000_s137,cm1,stageB,0.1,0.209,0.5,,137,7,0.25,1,True,,0.429664,-0.000485932322101388,0.01340954544581761,0.10350140689392384,0.453974649824254,0.247555555157533,0.2440052375031039,0.0,0.4098791205328207,0.5133805274267446,0.36948834831088506,0.2646260367205429
c3_w2_tcop_cm1_states_L0.4_kp0_2090_up0_5000_s137,cm1,stageB,0.1,0.209,0.5,,137,8,0.5,2,True,,0.462192,-0.00037320392380264523,0.016871116770611625,0.10389149536563619,0.5196454964517815,0.24927424125835843,0.24754032550149221,0.0,0.47141492691685155,0.5753064222824877,0.37497246078333385,0.26186742120546486
c3_w2_tcop_cm1_states_L0.4_kp0_2090_up0_5000_s137,cm1,stageB,0.1,0.209,0.5,,137,9,0.0,0,True,,0.395872,0.003859667853805228,0.04250699434972054,0.09999977978965197,0.3897402215676628,0.2375392510087556,0.23124061110682,0.0,0.35104132046787206,0.45104110025752403,0.38511247658439596,0.2785129653985675
c3_w2_tcop_cm1_states_L0.4_kp0_2090_up0_5000_s137,cm1,stageB,0.1,0.209,0.5,,137,10,0.25,1,True,,0.428368,-0.002807156060110561,0.02282563177480124,0.10350140689392384,0.4538396550149767,0.2475473638150277,0.2440052375031039,0.0,0.4098791205328207,0.5133805274267446,0.365475268868245,0.26262888337504403
c3_w2_tcop_cm1_states_L0.4_kp0_2090_up0_5000_s137,cm1,stageB,0.1,0.209,0.5,,137,11,0.5,2,True,,0.46187200000000006,-0.0009003563647805343,0.013150602727372635,0.10389149536563619,0.5196122871175994,0.24927862556102984,0.24754032550149221,0.0,0.47141492691685155,0.5753064222824877,0.37208820068813303,0.25715876231368223
c3_w2_tcop_cm1_states_L0.4_kp0_2090_up0_5000_s137,cm1,stageB,0.1,0.209,0.5,,137,12,0.0,0,True,,0.39785600000000004,0.0015652144308797972,0.015779718447669205,0.09999977978965197,0.3899346601246514,0.2375879845321185,0.23124061110682,0.0,0.35104132046787206,0.45104110025752403,0.37556993178213616,0.2716837060540629
c3_w2_tcop_cm1_states_L0.4_kp0_2090_up0_5000_s137,cm1,stageB,0.1,0.209,0.5,,137,13,0.25,1,True,,0.42721600000000004,-0.0015040394546907527,0.008932518749429096,0.10350140689392384,0.453721652294483,0.24752944618040532,0.2440052375031039,0.0,0.4098791205328207,0.5133805274267446,0.37060857798473923,0.261809190509069
c3_w2_tcop_cm1_states_L0.4_kp0_2090_up0_5000_s137,cm1,stageB,0.1,0.209,0.5,,137,14,0.5,2,True,,0.463616,0.0028802822016997564,0.01566924517029285,0.10389149536563619,0.5197935217368402,0.24926461252001314,0.24754032550149221,0.0,0.47141492691685155,0.5753064222824877,0.38098109034593575,0.2608871116604746
c3_w2_tcop_cm1_states_L0.4_kp0_2090_up0_5000_s137,cm1,stageB,0.1,0.209,0.5,,137,15,0.0,0,False,BLOCK_15_PARTIAL_CYCLE,0.39545600000000003,0.00035001001091701793,0.037790928495954904,0.09999977978965197,0.38969664787837693,0.23753479766080468,0.23124061110682,0.0,0.35104132046787206,0.45104110025752403,0.3757335617784216,0.27594534248410696
c3_w2_tcop_cm1_states_L0.4_kp0_2090_up0_5000_s256,cm1,stageB,0.1,0.209,0.5,,256,0,0.0,0,False,PRE_PRIMARY_INCOMPLETE_CYCLE,0.38041600000000003,0.0017369300727932782,0.019260098051947627,0.09999977978965197,0.3882158948328081,0.23718300917979712,0.23124061110682,0.0,0.35104132046787206,0.45104110025752403,0.3792567174651551,0.27874601765469076
c3_w2_tcop_cm1_states_L0.4_kp0_2090_up0_5000_s256,cm1,stageB,0.1,0.209,0.5,,256,1,0.25,1,False,PRE_PRIMARY_INCOMPLETE_CYCLE,0.43060799999999994,-0.003477090031215182,0.009927873237194275,0.10350140689392384,0.4540727959908464,0.24756161404880975,0.2440052375031039,0.0,0.4098791205328207,0.5133805274267446,0.36283342426254583,0.2616249281734291
c3_w2_tcop_cm1_states_L0.4_kp0_2090_up0_5000_s256,cm1,stageB,0.1,0.209,0.5,,256,2,0.5,2,False,PRE_PRIMARY_INCOMPLETE_CYCLE,0.464512,-0.0026160923299126636,0.015778581935427104,0.10389149536563619,0.5198877768332216,0.24927233136372898,0.24754032550149221,0.0,0.47141492691685155,0.5753064222824877,0.3689760405176449,0.25527790970207215
c3_w2_tcop_cm1_states_L0.4_kp0_2090_up0_5000_s256,cm1,stageB,0.1,0.209,0.5,,256,3,0.0,0,True,,0.39943999999999996,0.0006200572124955455,0.020589800163218045,0.09999977978965197,0.39009279812864506,0.23762095788425344,0.23124061110682,0.0,0.35104132046787206,0.45104110025752403,0.3738126022280974,0.27272171129763934
c3_w2_tcop_cm1_states_L0.4_kp0_2090_up0_5000_s256,cm1,stageB,0.1,0.209,0.5,,256,4,0.25,1,True,,0.428208,0.0027780545068734554,0.02809236077722361,0.10350140689392384,0.45382525161675435,0.24753476484012787,0.2440052375031039,0.0,0.4098791205328207,0.5133805274267446,0.37790556591127455,0.2657596986053059
c3_w2_tcop_cm1_states_L0.4_kp0_2090_up0_5000_s256,cm1,stageB,0.1,0.209,0.5,,256,5,0.5,2,True,,0.46,-2.726598897919659e-05,-0.010905691732447029,0.10389149536563619,0.5194170856726762,0.24928377711960054,0.24754032550149221,0.0,0.47141492691685155,0.5753064222824877,0.3741819169040681,0.2648278944502169
c3_w2_tcop_cm1_states_L0.4_kp0_2090_up0_5000_s256,cm1,stageB,0.1,0.209,0.5,,256,6,0.0,0,True,,0.39563199999999993,-0.003833746501459761,0.004349764715331607,0.09999977978965197,0.38971232387669835,0.23754197928863466,0.23124061110682,0.0,0.35104132046787206,0.45104110025752403,0.36092816209885376,0.2695802579528433
c3_w2_tcop_cm1_states_L0.4_kp0_2090_up0_5000_s256,cm1,stageB,0.1,0.209,0.5,,256,7,0.25,1,True,,0.43147199999999997,-0.0010503963776842963,0.02174209003531965,0.10350140689392384,0.454162544117765,0.2475692878482641,0.2440052375031039,0.0,0.4098791205328207,0.5133805274267446,0.37041510827856977,0.2699238967257511
c3_w2_tcop_cm1_states_L0.4_kp0_2090_up0_5000_s256,cm1,stageB,0.1,0.209,0.5,,256,8,0.5,2,True,,0.46340799999999993,0.001777302812117427,0.004858464936723323,0.10389149536563619,0.5197720011879827,0.24926924366891,0.24754032550149221,0.0,0.47141492691685155,0.5753064222824877,0.3768461719383334,0.2554768701641564
c3_w2_tcop_cm1_states_L0.4_kp0_2090_up0_5000_s256,cm1,stageB,0.1,0.209,0.5,,256,9,0.0,0,True,,0.397536,-0.0022145038981807195,0.03473208670475949,0.09999977978965197,0.3899006435510529,0.23758536326835072,0.23124061110682,0.0,0.35104132046787206,0.45104110025752403,0.3680443797893707,0.26820949214831136
c3_w2_tcop_cm1_states_L0.4_kp0_2090_up0_5000_s256,cm1,stageB,0.1,0.209,0.5,,256,10,0.25,1,True,,0.428816,-0.0029090208929040302,0.008015811418737973,0.10350140689392384,0.4538871385399854,0.2475454011503778,0.2440052375031039,0.0,0.4098791205328207,0.5133805274267446,0.3662483328623463,0.2595967260341323
c3_w2_tcop_cm1_states_L0.4_kp0_2090_up0_5000_s256,cm1,stageB,0.1,0.209,0.5,,256,11,0.5,2,True,,0.46401599999999993,-0.0015315802011515128,0.009828880185257977,0.10389149536563619,0.5198356831340087,0.24926906201144927,0.24754032550149221,0.0,0.47141492691685155,0.5753064222824877,0.3685066104868038,0.25505873311334626
c3_w2_tcop_cm1_states_L0.4_kp0_2090_up0_5000_s256,cm1,stageB,0.1,0.209,0.5,,256,12,0.0,0,True,,0.3956,-0.0030540209231277077,0.017949246956880546,0.09999977978965197,0.38970967717203886,0.23754071341360347,0.23124061110682,0.0,0.35104132046787206,0.45104110025752403,0.36336295824006554,0.2746641038801228
c3_w2_tcop_cm1_states_L0.4_kp0_2090_up0_5000_s256,cm1,stageB,0.1,0.209,0.5,,256,13,0.25,1,True,,0.42660800000000004,0.006201615138360373,0.03095690818434433,0.10350140689392384,0.4536600355580014,0.24751702611131715,0.2440052375031039,0.0,0.4098791205328207,0.5133805274267446,0.38702473729173525,0.2689130378183165
c3_w2_tcop_cm1_states_L0.4_kp0_2090_up0_5000_s256,cm1,stageB,0.1,0.209,0.5,,256,14,0.5,2,True,,0.463232,-0.005238030689518705,0.025538283302629593,0.10389149536563619,0.5197545908014656,0.24928113205694413,0.24754032550149221,0.0,0.47141492691685155,0.5753064222824877,0.3578817248783205,0.24766669841321418
c3_w2_tcop_cm1_states_L0.4_kp0_2090_up0_5000_s256,cm1,stageB,0.1,0.209,0.5,,256,15,0.0,0,False,BLOCK_15_PARTIAL_CYCLE,0.396176,-0.0005408675873557985,0.015517859281920437,0.09999977978965197,0.38976769034030806,0.23755161932365482,0.23124061110682,0.0,0.35104132046787206,0.45104110025752403,0.36784819506770083,0.27364763579301987
c3_w2_tcop_cm1_states_L0.4_kp0_2090_up0_5000_s1024,cm1,stageB,0.1,0.209,0.5,,1024,0,0.0,0,False,PRE_PRIMARY_INCOMPLETE_CYCLE,0.381296,-0.001970484125554109,0.011228290845101196,0.09999977978965197,0.3883030224404957,0.23720300705997668,0.23124061110682,0.0,0.35104132046787206,0.45104110025752403,0.3706952737747594,0.28016592568054743
c3_w2_tcop_cm1_states_L0.4_kp0_2090_up0_5000_s1024,cm1,stageB,0.1,0.209,0.5,,1024,1,0.25,1,False,PRE_PRIMARY_INCOMPLETE_CYCLE,0.42854400000000004,-0.0008409940864974953,0.013107833151094244,0.10350140689392384,0.45385909048917245,0.2475428595764416,0.2440052375031039,0.0,0.4098791205328207,0.5133805274267446,0.36880981574185306,0.26673108421207753
c3_w2_tcop_cm1_states_L0.4_kp0_2090_up0_5000_s1024,cm1,stageB,0.1,0.209,0.5,,1024,2,0.5,2,False,PRE_PRIMARY_INCOMPLETE_CYCLE,0.461648,-0.0006231093962329279,0.01513624555865081,0.10389149536563619,0.519588950314554,0.2492808468726901,0.24754032550149221,0.0,0.47141492691685155,0.5753064222824877,0.3736313918528245,0.25617891113478514
c3_w2_tcop_cm1_states_L0.4_kp0_2090_up0_5000_s1024,cm1,stageB,0.1,0.209,0.5,,1024,3,0.0,0,True,,0.39542399999999994,0.0015715950395620096,0.011612770633028789,0.09999977978965197,0.3896930688191288,0.23753480773136776,0.23124061110682,0.0,0.35104132046787206,0.45104110025752403,0.376970535806419,0.27170189630585384
c3_w2_tcop_cm1_states_L0.4_kp0_2090_up0_5000_s1024,cm1,stageB,0.1,0.209,0.5,,1024,4,0.25,1,True,,0.430768,5.594533452033139e-05,0.006923889320926363,0.10350140689392384,0.4540891583953796,0.24756380376661805,0.2440052375031039,0.0,0.4098791205328207,0.5133805274267446,0.3700684028076581,0.2571366171022901
c3_w2_tcop_cm1_states_L0.4_kp0_2090_up0_5000_s1024,cm1,stageB,0.1,0.209,0.5,,1024,5,0.5,2,True,,0.46345600000000003,-0.004137396416057213,0.003457330376005684,0.10389149536563619,0.5197779010507798,0.24927771679044633,0.24754032550149221,0.0,0.47141492691685155,0.5753064222824877,0.36313163506493146,0.26002575221571567
c3_w2_tcop_cm1_states_L0.4_kp0_2090_up0_5000_s1024,cm1,stageB,0.1,0.209,0.5,,1024,6,0.0,0,True,,0.40172800000000003,-0.0028416526366543252,0.020355765811813857,0.09999977978965197,0.3903194446056145,0.23767183938044792,0.23124061110682,0.0,0.35104132046787206,0.45104110025752403,0.36572734742288565,0.26772667383348464
c3_w2_tcop_cm1_states_L0.4_kp0_2090_up0_5000_s1024,cm1,stageB,0.1,0.209,0.5,,1024,7,0.25,1,True,,0.42622400000000005,0.0002028767343563373,0.03296435929370654,0.10350140689392384,0.4536188220807548,0.24752143207767535,0.2440052375031039,0.0,0.4098791205328207,0.5133805274267446,0.37215808858602517,0.2608222492515148
c3_w2_tcop_cm1_states_L0.4_kp0_2090_up0_5000_s1024,cm1,stageB,0.1,0.209,0.5,,1024,8,0.5,2,True,,0.460048,-0.0009426635789452223,0.019398244260857254,0.10389149536563619,0.5194217814620685,0.24928204542342958,0.24754032550149221,0.0,0.47141492691685155,0.5753064222824877,0.3717622311013345,0.25344199929698286
c3_w2_tcop_cm1_states_L0.4_kp0_2090_up0_5000_s1024,cm1,stageB,0.1,0.209,0.5,,1024,9,0.0,0,True,,0.397744,-0.002371334046608151,0.016028858549883177,0.09999977978965197,0.389922731280592,0.23758696571608587,0.23124061110682,0.0,0.35104132046787206,0.45104110025752403,0.3689394700827191,0.27211114603255593
c3_w2_tcop_cm1_states_L0.4_kp0_2090_up0_5000_s1024,cm1,stageB,0.1,0.209,0.5,,1024,10,0.25,1,True,,0.427856,-0.0010298732556428818,0.0048640077737823985,0.10350140689392384,0.45378755786060426,0.24753847528690062,0.2440052375031039,0.0,0.4098791205328207,0.5133805274267446,0.36932116125728404,0.26453621363980273
c3_w2_tcop_cm1_states_L0.4_kp0_2090_up0_5000_s1024,cm1,stageB,0.1,0.209,0.5,,1024,11,0.5,2,True,,0.462928,0.0005097165072990672,0.010022616586538967,0.10389149536563619,0.5197220771507688,0.24927078520227905,0.24754032550149221,0.0,0.47141492691685155,0.5753064222824877,0.37412400011428365,0.2583170021816847
c3_w2_tcop_cm1_states_L0.4_kp0_2090_up0_5000_s1024,cm1,stageB,0.1,0.209,0.5,,1024,12,0.0,0,True,,0.39500799999999997,-0.0005621139521846596,0.0006139883752307903,0.09999977978965197,0.38965099339820386,0.23752736097976576,0.23124061110682,0.0,0.35104132046787206,0.45104110025752403,0.3706691273776844,0.2714245138094966
c3_w2_tcop_cm1_states_L0.4_kp0_2090_up0_5000_s1024,cm1,stageB,0.1,0.209,0.5,,1024,13,0.25,1,True,,0.432032,-0.0024591499756569375,-0.00933234806183721,0.10350140689392384,0.45422018526732644,0.24757586081889807,0.2440052375031039,0.0,0.4098791205328207,0.5133805274267446,0.3639274362713465,0.26426188472004286
c3_w2_tcop_cm1_states_L0.4_kp0_2090_up0_5000_s1024,cm1,stageB,0.1,0.209,0.5,,1024,14,0.5,2,True,,0.46563199999999993,-0.001282482021202803,0.009874474631689101,0.10389149536563619,0.520004167029219,0.24926265336994086,0.24754032550149221,0.0,0.47141492691685155,0.5753064222824877,0.36811663311135995,0.2570160625635232
c3_w2_tcop_cm1_states_L0.4_kp0_2090_up0_5000_s1024,cm1,stageB,0.1,0.209,0.5,,1024,15,0.0,0,False,BLOCK_15_PARTIAL_CYCLE,0.396288,0.0010975948641000477,0.009879399193338042,0.09999977978965197,0.38977859813221966,0.23755432516538721,0.23124061110682,0.0,0.35104132046787206,0.45104110025752403,0.37459474120877223,0.2727010910914433
c3_w2_tcop_cm1_states_L0.4_kp0_2090_up0_5000_s31415,cm1,stageB,0.1,0.209,0.5,,31415,0,0.0,0,False,PRE_PRIMARY_INCOMPLETE_CYCLE,0.37592,-0.0030676486860394033,0.03649424269383243,0.09999977978965197,0.3877674777182317,0.23708875024230644,0.23124061110682,0.0,0.35104132046787206,0.45104110025752403,0.36456008190804384,0.2768569726898886
c3_w2_tcop_cm1_states_L0.4_kp0_2090_up0_5000_s31415,cm1,stageB,0.1,0.209,0.5,,31415,1,0.25,1,False,PRE_PRIMARY_INCOMPLETE_CYCLE,0.426496,0.0011862575294348011,0.019949712830158395,0.10350140689392384,0.4536471720555428,0.24752336492911625,0.2440052375031039,0.0,0.4098791205328207,0.5133805274267446,0.37581245682874637,0.2660224491722233
c3_w2_tcop_cm1_states_L0.4_kp0_2090_up0_5000_s31415,cm1,stageB,0.1,0.209,0.5,,31415,2,0.5,2,False,PRE_PRIMARY_INCOMPLETE_CYCLE,0.4627360000000001,0.00020551169483352816,0.007755138498254648,0.10389149536563619,0.5197024888760645,0.24927716386205592,0.24754032550149221,0.0,0.47141492691685155,0.5753064222824877,0.37562095841072596,0.2601485824356555
c3_w2_tcop_cm1_states_L0.4_kp0_2090_up0_5000_s31415,cm1,stageB,0.1,0.209,0.5,,31415,3,0.0,0,True,,0.39462400000000003,-0.0005582316533588901,0.01402289145601421,0.09999977978965197,0.38961362863883064,0.2375173842043307,0.23124061110682,0.0,0.35104132046787206,0.45104110025752403,0.37123081715029066,0.27260142163390844
c3_w2_tcop_cm1_states_L0.4_kp0_2090_up0_5000_s31415,cm1,stageB,0.1,0.209,0.5,,31415,4,0.25,1,True,,0.4289279999999999,-0.0003403125043388627,0.0004495089644516518,0.10350140689392384,0.45389925632010486,0.24754444716777682,0.2440052375031039,0.0,0.4098791205328207,0.5133805274267446,0.3695675525087791,0.2642207583504906
c3_w2_tcop_cm1_states_L0.4_kp0_2090_up0_5000_s31415,cm1,stageB,0.1,0.209,0.5,,31415,5,0.5,2,True,,0.4610080000000001,-0.0018934960794694256,0.020015754727156585,0.10389149536563619,0.5195221464316536,0.2492792791001563,0.24754032550149221,0.0,0.47141492691685155,0.5753064222824877,0.37140650541579595,0.2605083887243721
c3_w2_tcop_cm1_states_L0.4_kp0_2090_up0_5000_s31415,cm1,stageB,0.1,0.209,0.5,,31415,6,0.0,0,True,,0.395392,0.0004880410389193356,0.0037257095889300937,0.09999977978965197,0.38969153402249607,0.2375306981277726,0.23124061110682,0.0,0.35104132046787206,0.45104110025752403,0.3748103130986323,0.2731576509528836
c3_w2_tcop_cm1_states_L0.4_kp0_2090_up0_5000_s31415,cm1,stageB,0.1,0.209,0.5,,31415,7,0.25,1,True,,0.42872000000000005,-0.0036158403522368533,0.0080280326665122,0.10350140689392384,0.4538772143643824,0.24754500759917178,0.2440052375031039,0.0,0.4098791205328207,0.5133805274267446,0.36657772500527336,0.2670317668868968
c3_w2_tcop_cm1_states_L0.4_kp0_2090_up0_5000_s31415,cm1,stageB,0.1,0.209,0.5,,31415,8,0.5,2,True,,0.46092799999999995,-0.00012146018290843406,0.013577450681609692,0.10389149536563619,0.5195140062549211,0.24928282489707565,0.24754032550149221,0.0,0.47141492691685155,0.5753064222824877,0.3673273874507107,0.2573723092523031
c3_w2_tcop_cm1_states_L0.4_kp0_2090_up0_5000_s31415,cm1,stageB,0.1,0.209,0.5,,31415,9,0.0,0,True,,0.392768,-0.001703440114158386,0.007747761081120523,0.09999977978965197,0.38942873844072934,0.23747793433453265,0.23124061110682,0.0,0.35104132046787206,0.45104110025752403,0.36889078426095806,0.27391192432152045
c3_w2_tcop_cm1_states_L0.4_kp0_2090_up0_5000_s31415,cm1,stageB,0.1,0.209,0.5,,31415,10,0.25,1,True,,0.42961600000000005,-0.0014459088401067033,0.01615974813689552,0.10350140689392384,0.4539698092196133,0.24755310656885057,0.2440052375031039,0.0,0.4098791205328207,0.5133805274267446,0.3726345413715738,0.26518697067088065
c3_w2_tcop_cm1_states_L0.4_kp0_2090_up0_5000_s31415,cm1,stageB,0.1,0.209,0.5,,31415,11,0.5,2,True,,0.4598239999999999,0.0013200313233447934,0.006626614949034416,0.10389149536563619,0.5193989982363457,0.24928780357168767,0.24754032550149221,0.0,0.47141492691685155,0.5753064222824877,0.3769759902047651,0.2601003290143201
c3_w2_tcop_cm1_states_L0.4_kp0_2090_up0_5000_s31415,cm1,stageB,0.1,0.209,0.5,,31415,12,0.0,0,True,,0.3970079999999999,-0.0024555902519562286,0.026942578170728843,0.09999977978965197,0.38985068552824736,0.23756888585059466,0.23124061110682,0.0,0.35104132046787206,0.45104110025752403,0.3696066201178714,0.2725716207903298
c3_w2_tcop_cm1_states_L0.4_kp0_2090_up0_5000_s31415,cm1,stageB,0.1,0.209,0.5,,31415,13,0.25,1,True,,0.430128,-0.004353596424032135,0.005322302404661484,0.10350140689392384,0.4540223408879842,0.24756174388868138,0.2440052375031039,0.0,0.4098791205328207,0.5133805274267446,0.36025453999747514,0.26142083397706933
c3_w2_tcop_cm1_states_L0.4_kp0_2090_up0_5000_s31415,cm1,stageB,0.1,0.209,0.5,,31415,14,0.5,2,True,,0.462592,-0.0007344293989438117,0.01517193539566735,0.10389149536563619,0.5196872558954772,0.24927324393135425,0.24754032550149221,0.0,0.47141492691685155,0.5753064222824877,0.36736514173610757,0.25957589424586053
c3_w2_tcop_cm1_states_L0.4_kp0_2090_up0_5000_s31415,cm1,stageB,0.1,0.209,0.5,,31415,15,0.0,0,False,BLOCK_15_PARTIAL_CYCLE,0.4004960000000001,-0.0004998228503854031,0.006693508119791354,0.09999977978965197,0.3901964022820087,0.23764626324533067,0.23124061110682,0.0,0.35104132046787206,0.45104110025752403,0.37568276170618453,0.27431476334082994
c3_w2_tcop_cm1_states_L0.4_km0_2090_up0_1000_s42,cm1,stageB,-0.1,-0.209,0.1,,42,0,0.0,0,False,PRE_PRIMARY_INCOMPLETE_CYCLE,0.393328,0.0009329754867695758,-0.005187621339479984,-0.09999977978965197,0.4108724202022001,0.24171928611903004,0.2344253855753638,0.0,0.35104132046787206,0.45104110025752403,0.3778089075778807,0.276717254342812
c3_w2_tcop_cm1_states_L0.4_km0_2090_up0_1000_s42,cm1,stageB,-0.1,-0.209,0.1,,42,1,0.05,1,False,PRE_PRIMARY_INCOMPLETE_CYCLE,0.411248,-0.0022083939830919307,-0.02934778098810073,-0.10093408998233788,0.421175008659058,0.24347752272659343,0.2372296668409022,0.0,0.3625149506575679,0.4634490406399058,0.36570099914109855,0.26795898917068933
c3_w2_tcop_cm1_states_L0.4_km0_2090_up0_1000_s42,cm1,stageB,-0.1,-0.209,0.1,,42,2,0.1,2,False,PRE_PRIMARY_INCOMPLETE_CYCLE,0.416832,0.0003013029226250759,-0.015050137248169398,-0.10175502210576509,0.4328244635768434,0.24516515734493627,0.23978293217343422,0.0,0.374147384683449,0.4759024067892141,0.3765690360991142,0.2740170231774638
c3_w2_tcop_cm1_states_L0.4_km0_2090_up0_1000_s42,cm1,stageB,-0.1,-0.209,0.1,,42,3,0.0,0,True,,0.4075359999999999,0.00025286711377733536,-0.02947226667813697,-0.09999977978965197,0.4094272428349383,0.24148934711940004,0.2344253855753638,0.0,0.35104132046787206,0.45104110025752403,0.373206026619225,0.2681897505739389
c3_w2_tcop_cm1_states_L0.4_km0_2090_up0_1000_s42,cm1,stageB,-0.1,-0.209,0.1,,42,4,0.05,1,True,,0.411984,0.0026863120615484015,-0.013710707837167047,-0.10093408998233788,0.42110173232021836,0.24346065011456788,0.2372296668409022,0.0,0.3625149506575679,0.4634490406399058,0.3785771199320314,0.2747934322350575
c3_w2_tcop_cm1_states_L0.4_km0_2090_up0_1000_s42,cm1,stageB,-0.1,-0.209,0.1,,42,5,0.1,2,True,,0.42135999999999996,0.0016226979783864764,-0.021583941981822043,-0.10175502210576509,0.4323592473347908,0.24510630076995554,0.23978293217343422,0.0,0.374147384683449,0.4759024067892141,0.3727510969027217,0.26873482140721966
c3_w2_tcop_cm1_states_L0.4_km0_2090_up0_1000_s42,cm1,stageB,-0.1,-0.209,0.1,,42,6,0.0,0,True,,0.4052159999999999,-0.0001374545200422118,-0.01788716034342439,-0.09999977978965197,0.4096596788499856,0.24153569761690402,0.2344253855753638,0.0,0.35104132046787206,0.45104110025752403,0.37085977171265455,0.27407504655443693
c3_w2_tcop_cm1_states_L0.4_km0_2090_up0_1000_s42,cm1,stageB,-0.1,-0.209,0.1,,42,7,0.05,1,True,,0.41275200000000006,0.0008766533292497011,-0.017773131879819496,-0.10093408998233788,0.4210237660455234,0.24344807423234463,0.2372296668409022,0.0,0.3625149506575679,0.4634490406399058,0.371063271044812,0.2730561942324972
c3_w2_tcop_cm1_states_L0.4_km0_2090_up0_1000_s42,cm1,stageB,-0.1,-0.209,0.1,,42,8,0.1,2,True,,0.417008,0.0004305135589322748,-0.005686037350913125,-0.10175502210576509,0.4328053686341178,0.24516594431170974,0.23978293217343422,0.0,0.374147384683449,0.4759024067892141,0.37410398905349806,0.27133848772234953
c3_w2_tcop_cm1_states_L0.4_km0_2090_up0_1000_s42,cm1,stageB,-0.1,-0.209,0.1,,42,9,0.0,0,True,,0.407056,0.0005179950112119333,0.001472804876498571,-0.09999977978965197,0.40947499307121266,0.241499518768757,0.2344253855753638,0.0,0.35104132046787206,0.45104110025752403,0.37292564894359087,0.27440795950115415
c3_w2_tcop_cm1_states_L0.4_km0_2090_up0_1000_s42,cm1,stageB,-0.1,-0.209,0.1,,42,10,0.05,1,True,,0.411248,0.0024509317325951334,-0.014896925192952467,-0.10093408998233788,0.42117695238023434,0.243471398573955,0.2372296668409022,0.0,0.3625149506575679,0.4634490406399058,0.37612568302375843,0.2721037619113409
c3_w2_tcop_cm1_states_L0.4_km0_2090_up0_1000_s42,cm1,stageB,-0.1,-0.209,0.1,,42,11,0.1,2,True,,0.415872,0.00017058053794791582,-0.02469498551502133,-0.10175502210576509,0.43292173984943777,0.2451814463816773,0.23978293217343422,0.0,0.374147384683449,0.4759024067892141,0.3754852716861878,0.2753768812001744
c3_w2_tcop_cm1_states_L0.4_km0_2090_up0_1000_s42,cm1,stageB,-0.1,-0.209,0.1,,42,12,0.0,0,True,,0.408816,0.0008141017144184819,-0.009527555757562369,-0.09999977978965197,0.40929969010579936,0.2414616235068691,0.2344253855753638,0.0,0.35104132046787206,0.45104110025752403,0.3707336438225588,0.27687249498926975
c3_w2_tcop_cm1_states_L0.4_km0_2090_up0_1000_s42,cm1,stageB,-0.1,-0.209,0.1,,42,13,0.05,1,True,,0.4125919999999999,-0.004655282657417529,-0.026992228489613496,-0.10093408998233788,0.42103932116987813,0.24345293517554586,0.2372296668409022,0.0,0.3625149506575679,0.4634490406399058,0.36279471510868944,0.2690414490786335
c3_w2_tcop_cm1_states_L0.4_km0_2090_up0_1000_s42,cm1,stageB,-0.1,-0.209,0.1,,42,14,0.1,2,True,,0.41711999999999994,-0.0003984260380002627,-0.00906369292387538,-0.10175502210576509,0.43279350253059795,0.24516604496702227,0.23978293217343422,0.0,0.374147384683449,0.4759024067892141,0.36808162152595836,0.2689273362305271
c3_w2_tcop_cm1_states_L0.4_km0_2090_up0_1000_s42,cm1,stageB,-0.1,-0.209,0.1,,42,15,0.0,0,False,BLOCK_15_PARTIAL_CYCLE,0.406304,-0.003744934184542099,-0.0038916016797092678,-0.09999977978965197,0.40955019717562463,0.24151477267854415,0.2344253855753638,0.0,0.35104132046787206,0.45104110025752403,0.36366001973524187,0.27549210505551813
c3_w2_tcop_cm1_states_L0.4_km0_2090_up0_1000_s137,cm1,stageB,-0.1,-0.209,0.1,,137,0,0.0,0,False,PRE_PRIMARY_INCOMPLETE_CYCLE,0.398304,0.0013168035390587788,-0.006862232902589844,-0.09999977978965197,0.4103710985763781,0.24162592332827643,0.2344253855753638,0.0,0.35104132046787206,0.45104110025752403,0.3762745826662412,0.27729005874284957
c3_w2_tcop_cm1_states_L0.4_km0_2090_up0_1000_s137,cm1,stageB,-0.1,-0.209,0.1,,137,1,0.05,1,False,PRE_PRIMARY_INCOMPLETE_CYCLE,0.410832,-0.0022713262540298923,-0.024015298015390762,-0.10093408998233788,0.42121866797836577,0.24348044002837774,0.2372296668409022,0.0,0.3625149506575679,0.4634490406399058,0.3691546586684219,0.26838406639401513
c3_w2_tcop_cm1_states_L0.4_km0_2090_up0_1000_s137,cm1,stageB,-0.1,-0.209,0.1,,137,2,0.1,2,False,PRE_PRIMARY_INCOMPLETE_CYCLE,0.41800000000000004,0.0007244907251801241,-0.017944872524176446,-0.10175502210576509,0.4327037046541412,0.2451526381752791,0.23978293217343422,0.0,0.374147384683449,0.4759024067892141,0.3697751769682898,0.26714071262042033
c3_w2_tcop_cm1_states_L0.4_km0_2090_up0_1000_s137,cm1,stageB,-0.1,-0.209,0.1,,137,3,0.0,0,True,,0.40699199999999996,0.0012498440025536222,-0.013970093807772007,-0.09999977978965197,0.4094811951166529,0.24150134761931882,0.2344253855753638,0.0,0.35104132046787206,0.45104110025752403,0.37685035439167874,0.27283704659250957
c3_w2_tcop_cm1_states_L0.4_km0_2090_up0_1000_s137,cm1,stageB,-0.1,-0.209,0.1,,137,4,0.05,1,True,,0.41136,0.002717657487856714,-0.03151777779589574,-0.10093408998233788,0.42116613136736003,0.24346829571443693,0.2372296668409022,0.0,0.3625149506575679,0.4634490406399058,0.38319695312748137,0.2742791487659775
c3_w2_tcop_cm1_states_L0.4_km0_2090_up0_1000_s137,cm1,stageB,-0.1,-0.209,0.1,,137,5,0.1,2,True,,0.418048,0.0033471347041872895,-0.014290367337644874,-0.10175502210576509,0.4326997255708956,0.24514816894411431,0.23978293217343422,0.0,0.374147384683449,0.4759024067892141,0.37652710999956845,0.2687040947373917
c3_w2_tcop_cm1_states_L0.4_km0_2090_up0_1000_s137,cm1,stageB,-0.1,-0.209,0.1,,137,6,0.0,0,True,,0.406704,0.0022854098144064984,-0.022851673096356155,-0.09999977978965197,0.4095117438664957,0.24150334922618852,0.2344253855753638,0.0,0.35104132046787206,0.45104110025752403,0.37539886754621293,0.26860894884527636
c3_w2_tcop_cm1_states_L0.4_km0_2090_up0_1000_s137,cm1,stageB,-0.1,-0.209,0.1,,137,7,0.05,1,True,,0.412368,0.0008466985955160306,-0.017432880730326554,-0.10093408998233788,0.42106182747264065,0.24345683513812036,0.2372296668409022,0.0,0.3625149506575679,0.4634490406399058,0.37475013528826934,0.27242832858430144
c3_w2_tcop_cm1_states_L0.4_km0_2090_up0_1000_s137,cm1,stageB,-0.1,-0.209,0.1,,137,8,0.1,2,True,,0.417472,6.2525950200268e-05,-0.011996254702949882,-0.10175502210576509,0.4327583545534967,0.24515745876975223,0.23978293217343422,0.0,0.374147384683449,0.4759024067892141,0.37311285046668047,0.27107907039572743
c3_w2_tcop_cm1_states_L0.4_km0_2090_up0_1000_s137,cm1,stageB,-0.1,-0.209,0.1,,137,9,0.0,0,True,,0.405696,0.003889216902914267,0.004627962304979235,-0.09999977978965197,0.4096146226822984,0.24151881392981658,0.2344253855753638,0.0,0.35104132046787206,0.45104110025752403,0.38513780082397064,0.2800068176966893
c3_w2_tcop_cm1_states_L0.4_km0_2090_up0_1000_s137,cm1,stageB,-0.1,-0.209,0.1,,137,10,0.05,1,True,,0.41283200000000003,-0.001486849179632674,-0.004595755846782607,-0.10093408998233788,0.42101343776435857,0.2434530785942719,0.2372296668409022,0.0,0.3625149506575679,0.4634490406399058,0.3665311282898978,0.266499809801137
c3_w2_tcop_cm1_states_L0.4_km0_2090_up0_1000_s137,cm1,stageB,-0.1,-0.209,0.1,,137,11,0.1,2,True,,0.4178879999999999,-0.00042392719143512003,-0.013036248645587181,-0.10175502210576509,0.43271614811499487,0.2451506975816398,0.23978293217343422,0.0,0.374147384683449,0.4759024067892141,0.3754509265571474,0.2684380381890723
c3_w2_tcop_cm1_states_L0.4_km0_2090_up0_1000_s137,cm1,stageB,-0.1,-0.209,0.1,,137,12,0.0,0,True,,0.40784,-0.000570552532645032,-0.012487955315198635,-0.09999977978965197,0.4093954390202709,0.24148609297996673,0.2344253855753638,0.0,0.35104132046787206,0.45104110025752403,0.3686131960476793,0.26994158041161553
c3_w2_tcop_cm1_states_L0.4_km0_2090_up0_1000_s137,cm1,stageB,-0.1,-0.209,0.1,,137,13,0.05,1,True,,0.41059200000000007,0.0009606563614779733,-0.01902262210442454,-0.10093408998233788,0.4212435425379762,0.2434829990810605,0.2372296668409022,0.0,0.3625149506575679,0.4634490406399058,0.37365834539344206,0.2705250880025012
c3_w2_tcop_cm1_states_L0.4_km0_2090_up0_1000_s137,cm1,stageB,-0.1,-0.209,0.1,,137,14,0.1,2,True,,0.419536,0.003730589053088381,-0.01033984867696566,-0.10175502210576509,0.4325484318240888,0.24512384044363422,0.23978293217343422,0.0,0.374147384683449,0.4759024067892141,0.38276698621962413,0.2712719857665033
c3_w2_tcop_cm1_states_L0.4_km0_2090_up0_1000_s137,cm1,stageB,-0.1,-0.209,0.1,,137,15,0.0,0,False,BLOCK_15_PARTIAL_CYCLE,0.405936,-0.0005762299068991047,0.011868091033511427,-0.09999977978965197,0.4095883848464552,0.24151924287178705,0.2344253855753638,0.0,0.35104132046787206,0.45104110025752403,0.37279640893867905,0.2768131685338621
c3_w2_tcop_cm1_states_L0.4_km0_2090_up0_1000_s256,cm1,stageB,-0.1,-0.209,0.1,,256,0,0.0,0,False,PRE_PRIMARY_INCOMPLETE_CYCLE,0.3956,0.0027956621571423035,-0.00599800066644452,-0.09999977978965197,0.410645078653002,0.24167268059682717,0.2344253855753638,0.0,0.35104132046787206,0.45104110025752403,0.3815847661063831,0.2814386227453994
c3_w2_tcop_cm1_states_L0.4_km0_2090_up0_1000_s256,cm1,stageB,-0.1,-0.209,0.1,,256,1,0.05,1,False,PRE_PRIMARY_INCOMPLETE_CYCLE,0.413504,-0.002283256026368417,-0.011699297938531144,-0.10093408998233788,0.4209470374841093,0.24343643276559165,0.2372296668409022,0.0,0.3625149506575679,0.4634490406399058,0.365023876815396,0.26904540701006296
c3_w2_tcop_cm1_states_L0.4_km0_2090_up0_1000_s256,cm1,stageB,-0.1,-0.209,0.1,,256,2,0.1,2,False,PRE_PRIMARY_INCOMPLETE_CYCLE,0.42086400000000007,-0.000937739898242422,-0.018080946198360762,-0.10175502210576509,0.4324092523025208,0.24511580175571707,0.23978293217343422,0.0,0.374147384683449,0.4759024067892141,0.37129726566184795,0.27156952982222354
c3_w2_tcop_cm1_states_L0.4_km0_2090_up0_1000_s256,cm1,stageB,-0.1,-0.209,0.1,,256,3,0.0,0,True,,0.40913599999999994,0.0006341844719392459,-0.011703026490614181,-0.09999977978965197,0.40926624135975853,0.24145849686053433,0.2344253855753638,0.0,0.35104132046787206,0.45104110025752403,0.3740496331453486,0.2748850832679506
c3_w2_tcop_cm1_states_L0.4_km0_2090_up0_1000_s256,cm1,stageB,-0.1,-0.209,0.1,,256,4,0.05,1,True,,0.41144000000000003,0.00367554255249113,0.0013194459003510587,-0.10093408998233788,0.4211585866834214,0.24346516712412203,0.2372296668409022,0.0,0.3625149506575679,0.4634490406399058,0.38141564664945876,0.27389652180354285
c3_w2_tcop_cm1_states_L0.4_km0_2090_up0_1000_s256,cm1,stageB,-0.1,-0.209,0.1,,256,5,0.1,2,True,,0.415536,0.0015791622426187533,-0.029862753399528402,-0.10175502210576509,0.4329571015902172,0.2451830944792253,0.23978293217343422,0.0,0.374147384683449,0.4759024067892141,0.3790631701058895,0.2751411448976962
c3_w2_tcop_cm1_states_L0.4_km0_2090_up0_1000_s256,cm1,stageB,-0.1,-0.209,0.1,,256,6,0.0,0,True,,0.40488,-0.00494259024039406,-0.019540988155672713,-0.09999977978965197,0.4096934420127862,0.24154240705755484,0.2344253855753638,0.0,0.35104132046787206,0.45104110025752403,0.3577600982758834,0.2708274763359024
c3_w2_tcop_cm1_states_L0.4_km0_2090_up0_1000_s256,cm1,stageB,-0.1,-0.209,0.1,,256,7,0.05,1,True,,0.413872,7.299543439816467e-06,-0.016475053907944872,-0.10093408998233788,0.4209096778015354,0.24342979051972088,0.2372296668409022,0.0,0.3625149506575679,0.4634490406399058,0.3735528627373116,0.2762318178845125
c3_w2_tcop_cm1_states_L0.4_km0_2090_up0_1000_s256,cm1,stageB,-0.1,-0.209,0.1,,256,8,0.1,2,True,,0.41992000000000007,0.0041848099878227865,-0.02072600478877466,-0.10175502210576509,0.4325080622505796,0.2451225954020384,0.23978293217343422,0.0,0.374147384683449,0.4759024067892141,0.38154583873565123,0.2689216269463119
c3_w2_tcop_cm1_states_L0.4_km0_2090_up0_1000_s256,cm1,stageB,-0.1,-0.209,0.1,,256,9,0.0,0,True,,0.40763200000000005,-0.0022369924734003325,0.0012692856462799343,-0.09999977978965197,0.40941599043007554,0.24149098688703635,0.2344253855753638,0.0,0.35104132046787206,0.45104110025752403,0.3694024998887822,0.27092752185196994
c3_w2_tcop_cm1_states_L0.4_km0_2090_up0_1000_s256,cm1,stageB,-0.1,-0.209,0.1,,256,10,0.05,1,True,,0.411824,-0.0010647527519011795,-0.017075479649306658,-0.10093408998233788,0.4211180336415869,0.24346352793095383,0.2372296668409022,0.0,0.3625149506575679,0.4634490406399058,0.3697102428548963,0.26835829295661495
c3_w2_tcop_cm1_states_L0.4_km0_2090_up0_1000_s256,cm1,stageB,-0.1,-0.209,0.1,,256,11,0.1,2,True,,0.41849600000000003,-0.00041258188439075895,-0.017961522397063598,-0.10175502210576509,0.4326527830085454,0.2451454686276681,0.23978293217343422,0.0,0.374147384683449,0.4759024067892141,0.36995830791717493,0.2699707762668824
c3_w2_tcop_cm1_states_L0.4_km0_2090_up0_1000_s256,cm1,stageB,-0.1,-0.209,0.1,,256,12,0.0,0,True,,0.40504000000000007,-0.002864988948100062,-0.012807381452869778,-0.09999977978965197,0.4096782252030091,0.24153674798126049,0.2344253855753638,0.0,0.35104132046787206,0.45104110025752403,0.3653696324116595,0.2772929007730242
c3_w2_tcop_cm1_states_L0.4_km0_2090_up0_1000_s256,cm1,stageB,-0.1,-0.209,0.1,,256,13,0.05,1,True,,0.40977600000000003,0.006994638292045199,-0.0014362876550078052,-0.10093408998233788,0.42132867693297377,0.2434899855457258,0.2372296668409022,0.0,0.3625149506575679,0.4634490406399058,0.3899173839696698,0.2766262439138661
c3_w2_tcop_cm1_states_L0.4_km0_2090_up0_1000_s256,cm1,stageB,-0.1,-0.209,0.1,,256,14,0.1,2,True,,0.41792,-0.003912404019516845,-0.0035318271052571537,-0.10175502210576509,0.4327095682827842,0.24516171460454275,0.23978293217343422,0.0,0.374147384683449,0.4759024067892141,0.3600384252124249,0.2619084834572591
c3_w2_tcop_cm1_states_L0.4_km0_2090_up0_1000_s256,cm1,stageB,-0.1,-0.209,0.1,,256,15,0.0,0,False,BLOCK_15_PARTIAL_CYCLE,0.40590400000000004,0.0004732230478225319,-0.012979856723617763,-0.09999977978965197,0.4095918468055875,0.24151894888314293,0.2344253855753638,0.0,0.35104132046787206,0.45104110025752403,0.36996581447174587,0.27440413143900855
c3_w2_tcop_cm1_states_L0.4_km0_2090_up0_1000_s1024,cm1,stageB,-0.1,-0.209,0.1,,1024,0,0.0,0,False,PRE_PRIMARY_INCOMPLETE_CYCLE,0.39595199999999997,-0.0020120316942643067,-0.013274729058029537,-0.09999977978965197,0.41060836941634177,0.24166895050275847,0.2344253855753638,0.0,0.35104132046787206,0.45104110025752403,0.37025324429970274,0.27817424216810704
c3_w2_tcop_cm1_states_L0.4_km0_2090_up0_1000_s1024,cm1,stageB,-0.1,-0.209,0.1,,1024,1,0.05,1,False,PRE_PRIMARY_INCOMPLETE_CYCLE,0.411984,0.0006235770061207183,-0.019609565241699763,-0.10093408998233788,0.4211015198250414,0.24346120593971413,0.2372296668409022,0.0,0.3625149506575679,0.4634490406399058,0.37347144223492185,0.27525914391823203
c3_w2_tcop_cm1_states_L0.4_km0_2090_up0_1000_s1024,cm1,stageB,-0.1,-0.209,0.1,,1024,2,0.1,2,False,PRE_PRIMARY_INCOMPLETE_CYCLE,0.41707199999999994,0.0015248750052419017,-0.004164799326780624,-0.10175502210576509,0.43279905461240303,0.24516455886715258,0.23978293217343422,0.0,0.374147384683449,0.4759024067892141,0.3785915760709137,0.268618657586986
c3_w2_tcop_cm1_states_L0.4_km0_2090_up0_1000_s1024,cm1,stageB,-0.1,-0.209,0.1,,1024,3,0.0,0,True,,0.40577599999999997,0.0010034771428198606,-0.014669193492607271,-0.09999977978965197,0.40960461148484645,0.24152201043630986,0.2344253855753638,0.0,0.35104132046787206,0.45104110025752403,0.37541961462568074,0.27206800322379415
c3_w2_tcop_cm1_states_L0.4_km0_2090_up0_1000_s1024,cm1,stageB,-0.1,-0.209,0.1,,1024,4,0.05,1,True,,0.41395200000000004,0.0009574331956749328,-0.013895724234664472,-0.10093408998233788,0.42090171683326305,0.24342864741443065,0.2372296668409022,0.0,0.3625149506575679,0.4634490406399058,0.3731428598292068,0.2668894412959725
c3_w2_tcop_cm1_states_L0.4_km0_2090_up0_1000_s1024,cm1,stageB,-0.1,-0.209,0.1,,1024,5,0.1,2,True,,0.420416,-0.0007401068866632998,-0.020197080290263215,-0.10175502210576509,0.43245527275855145,0.24512149991361146,0.23978293217343422,0.0,0.374147384683449,0.4759024067892141,0.3721315969690577,0.27234151067946466
c3_w2_tcop_cm1_states_L0.4_km0_2090_up0_1000_s1024,cm1,stageB,-0.1,-0.209,0.1,,1024,6,0.0,0,True,,0.4101600000000001,-0.001613058982634537,-0.010081931576933883,-0.09999977978965197,0.4091625620596499,0.24144091191876998,0.2344253855753638,0.0,0.35104132046787206,0.45104110025752403,0.3670852653299169,0.2684216840660983
c3_w2_tcop_cm1_states_L0.4_km0_2090_up0_1000_s1024,cm1,stageB,-0.1,-0.209,0.1,,1024,7,0.05,1,True,,0.40892800000000007,0.0012031997246403456,0.0043017466225243545,-0.10093408998233788,0.42141216239673157,0.24351164103079376,0.2372296668409022,0.0,0.3625149506575679,0.4634490406399058,0.37442795232604686,0.26747801363088924
c3_w2_tcop_cm1_states_L0.4_km0_2090_up0_1000_s1024,cm1,stageB,-0.1,-0.209,0.1,,1024,8,0.1,2,True,,0.41604800000000003,-0.0002289556028635325,-0.0039725149795385275,-0.10175502210576509,0.4329044986485976,0.24517688688840278,0.23978293217343422,0.0,0.374147384683449,0.4759024067892141,0.3730215146216629,0.2689742506983901
c3_w2_tcop_cm1_states_L0.4_km0_2090_up0_1000_s1024,cm1,stageB,-0.1,-0.209,0.1,,1024,9,0.0,0,True,,0.406864,-0.0030428361329930603,-0.010055697933117797,-0.09999977978965197,0.4094940232223088,0.24150399535199255,0.2344253855753638,0.0,0.35104132046787206,0.45104110025752403,0.3670509044832169,0.2727778021662219
c3_w2_tcop_cm1_states_L0.4_km0_2090_up0_1000_s1024,cm1,stageB,-0.1,-0.209,0.1,,1024,10,0.05,1,True,,0.41171199999999997,0.0020123149537498936,-0.0164342173371803,-0.10093408998233788,0.42112928341101113,0.24346522440145843,0.2372296668409022,0.0,0.3625149506575679,0.4634490406399058,0.3776918199292241,0.2744722003872585
c3_w2_tcop_cm1_states_L0.4_km0_2090_up0_1000_s1024,cm1,stageB,-0.1,-0.209,0.1,,1024,11,0.1,2,True,,0.41824000000000006,0.0011752186466749198,-0.0072414666317892635,-0.10175502210576509,0.43268013318300264,0.2451453997574853,0.23978293217343422,0.0,0.374147384683449,0.4759024067892141,0.37726254204946735,0.2724586381757369
c3_w2_tcop_cm1_states_L0.4_km0_2090_up0_1000_s1024,cm1,stageB,-0.1,-0.209,0.1,,1024,12,0.0,0,True,,0.40508799999999995,-0.0005764965550347754,-0.027093846354708212,-0.09999977978965197,0.40967378801828613,0.24153513845968294,0.2344253855753638,0.0,0.35104132046787206,0.45104110025752403,0.37087858183136263,0.2728891303798974
c3_w2_tcop_cm1_states_L0.4_km0_2090_up0_1000_s1024,cm1,stageB,-0.1,-0.209,0.1,,1024,13,0.05,1,True,,0.41448000000000007,-0.0011930206431978866,-0.042288407255460105,-0.10093408998233788,0.4208477152220565,0.24342059976294148,0.2372296668409022,0.0,0.3625149506575679,0.4634490406399058,0.36686539768747406,0.27038310686697714
c3_w2_tcop_cm1_states_L0.4_km0_2090_up0_1000_s1024,cm1,stageB,-0.1,-0.209,0.1,,1024,14,0.1,2,True,,0.42047999999999996,-0.000585836053651864,-0.012880184719194318,-0.10175502210576509,0.43244989563752867,0.24511672504048138,0.23978293217343422,0.0,0.374147384683449,0.4759024067892141,0.37191380236017196,0.2716894141876957
c3_w2_tcop_cm1_states_L0.4_km0_2090_up0_1000_s1024,cm1,stageB,-0.1,-0.209,0.1,,1024,15,0.0,0,False,BLOCK_15_PARTIAL_CYCLE,0.40623999999999993,0.0006515517081691291,-0.017651898210102594,-0.09999977978965197,0.4095574377354519,0.24151415026582765,0.2344253855753638,0.0,0.35104132046787206,0.45104110025752403,0.3738136617277908,0.2733733239271487
c3_w2_tcop_cm1_states_L0.4_km0_2090_up0_1000_s31415,cm1,stageB,-0.1,-0.209,0.1,,31415,0,0.0,0,False,PRE_PRIMARY_INCOMPLETE_CYCLE,0.390368,-0.004339760968288305,0.0035966568434180964,-0.09999977978965197,0.41117011953215055,0.24177581464452966,0.23735005000258277,0.0,0.35104132046787206,0.45104110025752403,0.3633689340845445,0.2742887263458547
c3_w2_tcop_cm1_states_L0.4_km0_2090_up0_1000_s31415,cm1,stageB,-0.1,-0.209,0.1,,31415,1,0.05,1,False,PRE_PRIMARY_INCOMPLETE_CYCLE,0.40984000000000004,-9.890838887132114e-05,-0.004971908785843519,-0.10093408998233788,0.4213188580883711,0.2434983539272157,0.2372296668409022,0.0,0.3625149506575679,0.4634490406399058,0.3736603734792594,0.27090491398461336
c3_w2_tcop_cm1_states_L0.4_km0_2090_up0_1000_s31415,cm1,stageB,-0.1,-0.209,0.1,,31415,2,0.1,2,False,PRE_PRIMARY_INCOMPLETE_CYCLE,0.41948799999999997,0.0010445664977547264,-0.021544957744303858,-0.10175502210576509,0.4325510941148122,0.24513241335276856,0.23978293217343422,0.0,0.374147384683449,0.4759024067892141,0.37759675628204215,0.27062879152536967
c3_w2_tcop_cm1_states_L0.4_km0_2090_up0_1000_s31415,cm1,stageB,-0.1,-0.209,0.1,,31415,3,0.0,0,True,,0.404544,-0.0027164244889366146,-0.016660995628594508,-0.09999977978965197,0.4097280380662064,0.2415469489201728,0.2344253855753638,0.0,0.35104132046787206,0.45104110025752403,0.3647946305780072,0.2694953052599295
c3_w2_tcop_cm1_states_L0.4_km0_2090_up0_1000_s31415,cm1,stageB,-0.1,-0.209,0.1,,31415,4,0.05,1,True,,0.412368,0.0010947584791503146,-0.029265663060791678,-0.10093408998233788,0.42106369602713456,0.243451535447517,0.2372296668409022,0.0,0.3625149506575679,0.4634490406399058,0.3725742385846894,0.26959334024115306
c3_w2_tcop_cm1_states_L0.4_km0_2090_up0_1000_s31415,cm1,stageB,-0.1,-0.209,0.1,,31415,5,0.1,2,True,,0.41654399999999997,0.0029339462940660794,-0.00967548899316001,-0.10175502210576509,0.43285464504334437,0.2451661002954996,0.23978293217343422,0.0,0.374147384683449,0.4759024067892141,0.3788249759419021,0.27195886889768545
c3_w2_tcop_cm1_states_L0.4_km0_2090_up0_1000_s31415,cm1,stageB,-0.1,-0.209,0.1,,31415,6,0.0,0,True,,0.4057440000000001,0.00192524155477874,-0.015588101597681299,-0.09999977978965197,0.4096103182593045,0.2415166162193779,0.2344253855753638,0.0,0.35104132046787206,0.45104110025752403,0.3783078338755584,0.2773554948382523
c3_w2_tcop_cm1_states_L0.4_km0_2090_up0_1000_s31415,cm1,stageB,-0.1,-0.209,0.1,,31415,7,0.05,1,True,,0.41214400000000007,-0.0021774860623921892,-0.02394176541804471,-0.10093408998233788,0.4210849117791299,0.24345985198372663,0.2372296668409022,0.0,0.3625149506575679,0.4634490406399058,0.3689200626893424,0.27115911676206084
c3_w2_tcop_cm1_states_L0.4_km0_2090_up0_1000_s31415,cm1,stageB,-0.1,-0.209,0.1,,31415,8,0.1,2,True,,0.41830399999999995,0.003817272043559794,-0.007712319604529287,-0.10175502210576509,0.43267354486559007,0.24514455298758484,0.23978293217343422,0.0,0.374147384683449,0.4759024067892141,0.3777246465575944,0.2694145315413956
c3_w2_tcop_cm1_states_L0.4_km0_2090_up0_1000_s31415,cm1,stageB,-0.1,-0.209,0.1,,31415,9,0.0,0,True,,0.403824,-9.792255563777379e-05,-0.020175893959929494,-0.09999977978965197,0.4098022659397774,0.24155610164717142,0.2344253855753638,0.0,0.35104132046787206,0.45104110025752403,0.3737503809842967,0.2785472409364705
c3_w2_tcop_cm1_states_L0.4_km0_2090_up0_1000_s31415,cm1,stageB,-0.1,-0.209,0.1,,31415,10,0.05,1,True,,0.413568,9.083107336422466e-06,-0.01059252024271633,-0.10093408998233788,0.4209409676830305,0.24343466374080105,0.2372296668409022,0.0,0.3625149506575679,0.4634490406399058,0.3758916557602368,0.27354207419077703
c3_w2_tcop_cm1_states_L0.4_km0_2090_up0_1000_s31415,cm1,stageB,-0.1,-0.209,0.1,,31415,11,0.1,2,True,,0.41675199999999996,0.003179072389841608,-0.016855754881043624,-0.10175502210576509,0.43283133652789846,0.24517011253303214,0.23978293217343422,0.0,0.374147384683449,0.4759024067892141,0.3797860525640855,0.27529273773097773
c3_w2_tcop_cm1_states_L0.4_km0_2090_up0_1000_s31415,cm1,stageB,-0.1,-0.209,0.1,,31415,12,0.0,0,True,,0.40544,-0.002940502705100152,-0.004976497943916938,-0.09999977978965197,0.40963855298693486,0.24152790501367738,0.2344253855753638,0.0,0.35104132046787206,0.45104110025752403,0.37034976101008404,0.2764834976738742
c3_w2_tcop_cm1_states_L0.4_km0_2090_up0_1000_s31415,cm1,stageB,-0.1,-0.209,0.1,,31415,13,0.05,1,True,,0.41252799999999995,-0.004232766693420074,-0.020843927664421526,-0.10093408998233788,0.42104453605479225,0.24345700567806802,0.2372296668409022,0.0,0.3625149506575679,0.4634490406399058,0.3625285273666452,0.2697913818850409
c3_w2_tcop_cm1_states_L0.4_km0_2090_up0_1000_s31415,cm1,stageB,-0.1,-0.209,0.1,,31415,14,0.1,2,True,,0.41668800000000006,6.149866578359129e-05,-0.015927182962800393,-0.10175502210576509,0.4328387288717147,0.24516802768715062,0.23978293217343422,0.0,0.374147384683449,0.4759024067892141,0.3676270621884063,0.27160175612018295
c3_w2_tcop_cm1_states_L0.4_km0_2090_up0_1000_s31415,cm1,stageB,-0.1,-0.209,0.1,,31415,15,0.0,0,False,BLOCK_15_PARTIAL_CYCLE,0.409552,-0.002136695987344749,-0.02877714527470753,-0.09999977978965197,0.4092227857181788,0.24145471257181705,0.2344253855753638,0.0,0.35104132046787206,0.45104110025752403,0.37016782580253893,0.2734334739216779
c3_w2_tcop_cm1_states_L0.4_km0_2090_up0_2500_s42,cm1,stageB,-0.1,-0.209,0.25,,42,0,0.0,0,False,PRE_PRIMARY_INCOMPLETE_CYCLE,0.393328,0.0009329754867695758,-0.005187621339479984,-0.09999977978965197,0.4108724202022001,0.24171928611903004,0.2344253855753638,0.0,0.35104132046787206,0.45104110025752403,0.3778089075778807,0.276717254342812
c3_w2_tcop_cm1_states_L0.4_km0_2090_up0_2500_s42,cm1,stageB,-0.1,-0.209,0.25,,42,1,0.125,1,False,PRE_PRIMARY_INCOMPLETE_CYCLE,0.420848,-0.0026514278753058747,-0.027185580513263377,-0.10212174046063388,0.43854884116137466,0.24590659577252563,0.24096168249655392,0.0,0.38001958261011054,0.4821413230707444,0.3640077873704075,0.26353424208722787
c3_w2_tcop_cm1_states_L0.4_km0_2090_up0_2500_s42,cm1,stageB,-0.1,-0.209,0.25,,42,2,0.25,2,False,PRE_PRIMARY_INCOMPLETE_CYCLE,0.43504000000000004,0.0012747470368360695,-0.01383989317913711,-0.10350140689392384,0.4680101109877682,0.24864053669208974,0.24582325850767164,0.0,0.4098791205328207,0.5133805274267446,0.37889257153029887,0.27030641345448153
c3_w2_tcop_cm1_states_L0.4_km0_2090_up0_2500_s42,cm1,stageB,-0.1,-0.209,0.25,,42,3,0.0,0,True,,0.40820799999999996,0.00011890442364183525,-0.028759259238605384,-0.09999977978965197,0.4093595634088131,0.24147674131117255,0.2344253855753638,0.0,0.35104132046787206,0.45104110025752403,0.3728738606489233,0.26776795992227015
c3_w2_tcop_cm1_states_L0.4_km0_2090_up0_2500_s42,cm1,stageB,-0.1,-0.209,0.25,,42,4,0.125,1,True,,0.4218880000000001,0.003574605826826342,-0.016866762045223457,-0.10212174046063388,0.4384436819745506,0.24588641111710963,0.24096168249655392,0.0,0.38001958261011054,0.4821413230707444,0.3813228552986177,0.2713610655920616
c3_w2_tcop_cm1_states_L0.4_km0_2090_up0_2500_s42,cm1,stageB,-0.1,-0.209,0.25,,42,5,0.25,2,True,,0.439648,0.0017321539597810844,-0.016160120657017635,-0.10350140689392384,0.4675304424843829,0.24861418493809193,0.24582325850767164,0.0,0.4098791205328207,0.5133805274267446,0.3740334843622614,0.26242328833793843
c3_w2_tcop_cm1_states_L0.4_km0_2090_up0_2500_s42,cm1,stageB,-0.1,-0.209,0.25,,42,6,0.0,0,True,,0.405952,-0.00016414825917126545,-0.01809033099638945,-0.09999977978965197,0.4095855565728101,0.2415218271413364,0.2344253855753638,0.0,0.35104132046787206,0.45104110025752403,0.3711331339862742,0.27437521834234524
c3_w2_tcop_cm1_states_L0.4_km0_2090_up0_2500_s42,cm1,stageB,-0.1,-0.209,0.25,,42,7,0.125,1,True,,0.422192,0.0012069335666205908,-0.02091724022377464,-0.10212174046063388,0.4384121245604872,0.24588384042033581,0.24096168249655392,0.0,0.38001958261011054,0.4821413230707444,0.37218938144774044,0.27029002471856584
c3_w2_tcop_cm1_states_L0.4_km0_2090_up0_2500_s42,cm1,stageB,-0.1,-0.209,0.25,,42,8,0.25,2,True,,0.436992,-0.00039186591153845,-0.005118600109323289,-0.10350140689392384,0.46780628697171184,0.24863355117665645,0.24582325850767164,0.0,0.4098791205328207,0.5133805274267446,0.37200462069376217,0.26530501225902947
c3_w2_tcop_cm1_states_L0.4_km0_2090_up0_2500_s42,cm1,stageB,-0.1,-0.209,0.25,,42,9,0.0,0,True,,0.40766399999999997,0.0006572088849110646,0.0039495529852858376,-0.09999977978965197,0.40941382481662747,0.24148794155461412,0.2344253855753638,0.0,0.35104132046787206,0.45104110025752403,0.3734658320748933,0.2742914981768566
c3_w2_tcop_cm1_states_L0.4_km0_2090_up0_2500_s42,cm1,stageB,-0.1,-0.209,0.25,,42,10,0.125,1,True,,0.42054400000000003,0.0020589736518064725,-0.018912847255674162,-0.10212174046063388,0.4385816457620153,0.24590372593270513,0.24096168249655392,0.0,0.38001958261011054,0.4821413230707444,0.3766037491734687,0.2689593543402853
c3_w2_tcop_cm1_states_L0.4_km0_2090_up0_2500_s42,cm1,stageB,-0.1,-0.209,0.25,,42,11,0.25,2,True,,0.4349120000000001,0.0018085479643295277,-0.017872230442872193,-0.10350140689392384,0.4680229466419599,0.24864323429360258,0.24582325850767164,0.0,0.4098791205328207,0.5133805274267446,0.37816768314251065,0.26828233385382755
c3_w2_tcop_cm1_states_L0.4_km0_2090_up0_2500_s42,cm1,stageB,-0.1,-0.209,0.25,,42,12,0.0,0,True,,0.40976,0.0005114514268171942,-0.008374089137659427,-0.09999977978965197,0.409204532995951,0.24144404218570562,0.2344253855753638,0.0,0.35104132046787206,0.45104110025752403,0.36999184542778957,0.27664778505162796
c3_w2_tcop_cm1_states_L0.4_km0_2090_up0_2500_s42,cm1,stageB,-0.1,-0.209,0.25,,42,13,0.125,1,True,,0.421696,-0.004986529155521733,-0.029960560693523236,-0.10212174046063388,0.4384623531649471,0.24589329819462005,0.24096168249655392,0.0,0.38001958261011054,0.4821413230707444,0.3601962386763192,0.2655474269354107
c3_w2_tcop_cm1_states_L0.4_km0_2090_up0_2500_s42,cm1,stageB,-0.1,-0.209,0.25,,42,14,0.25,2,True,,0.43632,0.0007806608582459462,-0.007258848211285381,-0.10350140689392384,0.46787629896992217,0.24863728555225084,0.24582325850767164,0.0,0.4098791205328207,0.5133805274267446,0.3708380484735059,0.2649650804617318
c3_w2_tcop_cm1_states_L0.4_km0_2090_up0_2500_s42,cm1,stageB,-0.1,-0.209,0.25,,42,15,0.0,0,False,BLOCK_15_PARTIAL_CYCLE,0.407104,-0.003723910713225009,-0.004072015528760266,-0.09999977978965197,0.4094696680631916,0.24149961108832155,0.2344253855753638,0.0,0.35104132046787206,0.45104110025752403,0.36402203412221906,0.2758086511485456
c3_w2_tcop_cm1_states_L0.4_km0_2090_up0_2500_s137,cm1,stageB,-0.1,-0.209,0.25,,137,0,0.0,0,False,PRE_PRIMARY_INCOMPLETE_CYCLE,0.398304,0.0013168035390587788,-0.006862232902589844,-0.09999977978965197,0.4103710985763781,0.24162592332827643,0.2344253855753638,0.0,0.35104132046787206,0.45104110025752403,0.3762745826662412,0.27729005874284957
c3_w2_tcop_cm1_states_L0.4_km0_2090_up0_2500_s137,cm1,stageB,-0.1,-0.209,0.25,,137,1,0.125,1,False,PRE_PRIMARY_INCOMPLETE_CYCLE,0.42065600000000003,-0.0010997419431782792,-0.023334196833770582,-0.10212174046063388,0.43857000662621065,0.2459035957037948,0.24096168249655392,0.0,0.38001958261011054,0.4821413230707444,0.37224646791781063,0.2667983090584223
c3_w2_tcop_cm1_states_L0.4_km0_2090_up0_2500_s137,cm1,stageB,-0.1,-0.209,0.25,,137,2,0.25,2,False,PRE_PRIMARY_INCOMPLETE_CYCLE,0.436768,0.0022448459219583505,-0.01362603386114265,-0.10350140689392384,0.4678299866586315,0.24863251977676812,0.24582325850767164,0.0,0.4098791205328207,0.5133805274267446,0.3727879165657199,0.26246334791406206
c3_w2_tcop_cm1_states_L0.4_km0_2090_up0_2500_s137,cm1,stageB,-0.1,-0.209,0.25,,137,3,0.0,0,True,,0.40766399999999997,0.001227541924788108,-0.01423885693619288,-0.09999977978965197,0.4094134626632958,0.24148884316160402,0.2344253855753638,0.0,0.35104132046787206,0.45104110025752403,0.3766391652608067,0.27245135275475546
c3_w2_tcop_cm1_states_L0.4_km0_2090_up0_2500_s137,cm1,stageB,-0.1,-0.209,0.25,,137,4,0.125,1,True,,0.421344,0.00202911961403516,-0.031104693293311992,-0.10212174046063388,0.43849973423441907,0.24589287345709768,0.24096168249655392,0.0,0.38001958261011054,0.4821413230707444,0.38222362027926027,0.2712330450347123
c3_w2_tcop_cm1_states_L0.4_km0_2090_up0_2500_s137,cm1,stageB,-0.1,-0.209,0.25,,137,5,0.25,2,True,,0.437072,0.004101990766559174,-0.01209181991202981,-0.10350140689392384,0.4677987197628419,0.24862719633881955,0.24582325850767164,0.0,0.4098791205328207,0.5133805274267446,0.37887427215734737,0.2642658682816328
c3_w2_tcop_cm1_states_L0.4_km0_2090_up0_2500_s137,cm1,stageB,-0.1,-0.209,0.25,,137,6,0.0,0,True,,0.407392,0.0024022308236210303,-0.02341393119675836,-0.09999977978965197,0.40944239187805104,0.24149059976127257,0.2344253855753638,0.0,0.35104132046787206,0.45104110025752403,0.3756854441222228,0.2681079058727913
c3_w2_tcop_cm1_states_L0.4_km0_2090_up0_2500_s137,cm1,stageB,-0.1,-0.209,0.25,,137,7,0.125,1,True,,0.422128,0.0010757691133690564,-0.013922835987228231,-0.10212174046063388,0.4384180016588909,0.24588692798457648,0.24096168249655392,0.0,0.38001958261011054,0.4821413230707444,0.37415754655543787,0.2703113192148529
c3_w2_tcop_cm1_states_L0.4_km0_2090_up0_2500_s137,cm1,stageB,-0.1,-0.209,0.25,,137,8,0.25,2,True,,0.436272,0.001160257502981891,-0.012693204765599804,-0.10350140689392384,0.46788186821982103,0.2486325955984787,0.24582325850767164,0.0,0.4098791205328207,0.5133805274267446,0.37818173148173545,0.2679000014513343
c3_w2_tcop_cm1_states_L0.4_km0_2090_up0_2500_s137,cm1,stageB,-0.1,-0.209,0.25,,137,9,0.0,0,True,,0.40627199999999997,0.003905266316937088,0.00567006312233692,-0.09999977978965197,0.40955651288032274,0.24150820996602945,0.2344253855753638,0.0,0.35104132046787206,0.45104110025752403,0.3848495455098396,0.27972478995041217
c3_w2_tcop_cm1_states_L0.4_km0_2090_up0_2500_s137,cm1,stageB,-0.1,-0.209,0.25,,137,10,0.125,1,True,,0.42182400000000003,-0.0007854221290093578,-0.004171685440323956,-0.10212174046063388,0.4384483200355079,0.2458948088744302,0.24096168249655392,0.0,0.38001958261011054,0.4821413230707444,0.3673917790933423,0.2640239902586445
c3_w2_tcop_cm1_states_L0.4_km0_2090_up0_2500_s137,cm1,stageB,-0.1,-0.209,0.25,,137,11,0.25,2,True,,0.436224,0.0010062895670454426,-0.010594635500874982,-0.10350140689392384,0.46788681021815653,0.24863343176363573,0.24582325850767164,0.0,0.4098791205328207,0.5133805274267446,0.377856177514495,0.265681100425857
c3_w2_tcop_cm1_states_L0.4_km0_2090_up0_2500_s137,cm1,stageB,-0.1,-0.209,0.25,,137,12,0.0,0,True,,0.408512,-0.0004905104091703481,-0.011905396626666644,-0.09999977978965197,0.40932776182982483,0.24147344479522326,0.2344253855753638,0.0,0.35104132046787206,0.45104110025752403,0.3689460301416685,0.2692495435708159
c3_w2_tcop_cm1_states_L0.4_km0_2090_up0_2500_s137,cm1,stageB,-0.1,-0.209,0.25,,137,13,0.125,1,True,,0.42006400000000005,0.000741510865033691,-0.020920064929789747,-0.10212174046063388,0.4386310077260563,0.24591064065593035,0.24096168249655392,0.0,0.38001958261011054,0.4821413230707444,0.37431495919932367,0.26733546956512416
c3_w2_tcop_cm1_states_L0.4_km0_2090_up0_2500_s137,cm1,stageB,-0.1,-0.209,0.25,,137,14,0.25,2,True,,0.438272,0.0045781715403374465,-0.006854248660025471,-0.10350140689392384,0.4676748487010407,0.24861366509841723,0.24582325850767164,0.0,0.4098791205328207,0.5133805274267446,0.38415423524034326,0.2661200568219313
c3_w2_tcop_cm1_states_L0.4_km0_2090_up0_2500_s137,cm1,stageB,-0.1,-0.209,0.25,,137,15,0.0,0,False,BLOCK_15_PARTIAL_CYCLE,0.406528,-0.00042742023203188895,0.01178065879136305,-0.09999977978965197,0.40952891630168775,0.24150769953389117,0.2344253855753638,0.0,0.35104132046787206,0.45104110025752403,0.37341911593435084,0.2766659028571252
c3_w2_tcop_cm1_states_L0.4_km0_2090_up0_2500_s256,cm1,stageB,-0.1,-0.209,0.25,,256,0,0.0,0,False,PRE_PRIMARY_INCOMPLETE_CYCLE,0.3956,0.0027956621571423035,-0.00599800066644452,-0.09999977978965197,0.410645078653002,0.24167268059682717,0.2344253855753638,0.0,0.35104132046787206,0.45104110025752403,0.3815847661063831,0.2814386227453994
c3_w2_tcop_cm1_states_L0.4_km0_2090_up0_2500_s256,cm1,stageB,-0.1,-0.209,0.25,,256,1,0.125,1,False,PRE_PRIMARY_INCOMPLETE_CYCLE,0.42339200000000005,-0.002372912049575278,-0.011224327063842863,-0.10212174046063388,0.4382884508510301,0.24586974408597714,0.24096168249655392,0.0,0.38001958261011054,0.4821413230707444,0.36423318768787033,0.26678546489290156
c3_w2_tcop_cm1_states_L0.4_km0_2090_up0_2500_s256,cm1,stageB,-0.1,-0.209,0.25,,256,2,0.25,2,False,PRE_PRIMARY_INCOMPLETE_CYCLE,0.43937600000000004,0.00043915639747174064,-0.013567639996461258,-0.10350140689392384,0.46755851881929833,0.24861739193950005,0.24582325850767164,0.0,0.4098791205328207,0.5133805274267446,0.3757054692924905,0.26567752823012447
c3_w2_tcop_cm1_states_L0.4_km0_2090_up0_2500_s256,cm1,stageB,-0.1,-0.209,0.25,,256,3,0.0,0,True,,0.409696,0.0005888573940277973,-0.012287261499696023,-0.09999977978965197,0.4092097708876274,0.24144812816465985,0.2344253855753638,0.0,0.35104132046787206,0.45104110025752403,0.3738045622645999,0.27440586106404036
c3_w2_tcop_cm1_states_L0.4_km0_2090_up0_2500_s256,cm1,stageB,-0.1,-0.209,0.25,,256,4,0.125,1,True,,0.4208,0.003957648555499918,-0.0010386373078521013,-0.10212174046063388,0.4385563937915461,0.24589672583344663,0.24096168249655392,0.0,0.38001958261011054,0.4821413230707444,0.3817834749579918,0.2721181969033102
c3_w2_tcop_cm1_states_L0.4_km0_2090_up0_2500_s256,cm1,stageB,-0.1,-0.209,0.25,,256,5,0.25,2,True,,0.43473599999999996,0.002865923582825211,-0.031450498606036166,-0.10350140689392384,0.4680416433891006,0.2486421815561885,0.24582325850767164,0.0,0.4098791205328207,0.5133805274267446,0.38206053036978643,0.27032261325678403
c3_w2_tcop_cm1_states_L0.4_km0_2090_up0_2500_s256,cm1,stageB,-0.1,-0.209,0.25,,256,6,0.0,0,True,,0.40561600000000003,-0.004765495987817553,-0.018756304384569652,-0.09999977978965197,0.4096193227714518,0.2415285328317136,0.2344253855753638,0.0,0.35104132046787206,0.45104110025752403,0.35843468494192776,0.2710705740321719
c3_w2_tcop_cm1_states_L0.4_km0_2090_up0_2500_s256,cm1,stageB,-0.1,-0.209,0.25,,256,7,0.125,1,True,,0.423072,-0.00017122647514692893,-0.010404656599513347,-0.10212174046063388,0.43832161118760044,0.2458724001866359,0.24096168249655392,0.0,0.38001958261011054,0.4821413230707444,0.3728826381045894,0.272255817853485
c3_w2_tcop_cm1_states_L0.4_km0_2090_up0_2500_s256,cm1,stageB,-0.1,-0.209,0.25,,256,8,0.25,2,True,,0.43891199999999997,0.004257852736137843,-0.018778426965866575,-0.10350140689392384,0.46760765114030883,0.24861499906939077,0.24582325850767164,0.0,0.4098791205328207,0.5133805274267446,0.3819268932660945,0.2644181652991998
c3_w2_tcop_cm1_states_L0.4_km0_2090_up0_2500_s256,cm1,stageB,-0.1,-0.209,0.25,,256,9,0.0,0,True,,0.40830400000000006,-0.00206691926463478,0.0006019557332495398,-0.09999977978965197,0.40934841822152657,0.24147809013199723,0.2344253855753638,0.0,0.35104132046787206,0.45104110025752403,0.36934017939897784,0.2705283267745427
c3_w2_tcop_cm1_states_L0.4_km0_2090_up0_2500_s256,cm1,stageB,-0.1,-0.209,0.25,,256,10,0.125,1,True,,0.421424,-0.0018437416408584994,-0.013614740315168175,-0.10212174046063388,0.4384908508566729,0.24589457332383433,0.24096168249655392,0.0,0.38001958261011054,0.4821413230707444,0.36798059324779436,0.2657549977568837
c3_w2_tcop_cm1_states_L0.4_km0_2090_up0_2500_s256,cm1,stageB,-0.1,-0.209,0.25,,256,11,0.25,2,True,,0.43792000000000003,0.0011281019549391994,-0.010736846075947904,-0.10350140689392384,0.4677102785466417,0.24862382220577126,0.24582325850767164,0.0,0.4098791205328207,0.5133805274267446,0.37290688298408775,0.2638119358426357
c3_w2_tcop_cm1_states_L0.4_km0_2090_up0_2500_s256,cm1,stageB,-0.1,-0.209,0.25,,256,12,0.0,0,True,,0.4058880000000001,-0.003224239494972481,-0.01182003206386862,-0.09999977978965197,0.4095927624431138,0.24152094764050708,0.2344253855753638,0.0,0.35104132046787206,0.45104110025752403,0.3646004328978239,0.2768001441404417
c3_w2_tcop_cm1_states_L0.4_km0_2090_up0_2500_s256,cm1,stageB,-0.1,-0.209,0.25,,256,13,0.125,1,True,,0.41944000000000004,0.007513653236169489,-0.00012210089323118147,-0.10212174046063388,0.4386968949481003,0.24591160991687286,0.24096168249655392,0.0,0.38001958261011054,0.4821413230707444,0.3913322433628503,0.2748163014472006
c3_w2_tcop_cm1_states_L0.4_km0_2090_up0_2500_s256,cm1,stageB,-0.1,-0.209,0.25,,256,14,0.25,2,True,,0.436896,-0.0028314481391938664,-0.002716792087520877,-0.10350140689392384,0.4678155839532847,0.24863970748011813,0.24582325850767164,0.0,0.4098791205328207,0.5133805274267446,0.36168919092309443,0.2572962044398601
c3_w2_tcop_cm1_states_L0.4_km0_2090_up0_2500_s256,cm1,stageB,-0.1,-0.209,0.25,,256,15,0.0,0,False,BLOCK_15_PARTIAL_CYCLE,0.40656000000000003,0.0006026937632531996,-0.013478881377323474,-0.09999977978965197,0.4095258387157277,0.24150647259137703,0.2344253855753638,0.0,0.35104132046787206,0.45104110025752403,0.3704836345915982,0.27455423871934603
c3_w2_tcop_cm1_states_L0.4_km0_2090_up0_2500_s1024,cm1,stageB,-0.1,-0.209,0.25,,1024,0,0.0,0,False,PRE_PRIMARY_INCOMPLETE_CYCLE,0.39595199999999997,-0.0020120316942643067,-0.013274729058029537,-0.09999977978965197,0.41060836941634177,0.24166895050275847,0.2344253855753638,0.0,0.35104132046787206,0.45104110025752403,0.37025324429970274,0.27817424216810704
c3_w2_tcop_cm1_states_L0.4_km0_2090_up0_2500_s1024,cm1,stageB,-0.1,-0.209,0.25,,1024,1,0.125,1,False,PRE_PRIMARY_INCOMPLETE_CYCLE,0.42135999999999996,0.000722972776408772,-0.019859970886121948,-0.10212174046063388,0.4384976661072365,0.2458941892418765,0.24096168249655392,0.0,0.38001958261011054,0.4821413230707444,0.37358771917332007,0.27078362764436015
c3_w2_tcop_cm1_states_L0.4_km0_2090_up0_2500_s1024,cm1,stageB,-0.1,-0.209,0.25,,1024,2,0.25,2,False,PRE_PRIMARY_INCOMPLETE_CYCLE,0.43616,0.0016319855949513168,-0.009292428456138922,-0.10350140689392384,0.4678932782730425,0.2486361718420179,0.24582325850767164,0.0,0.4098791205328207,0.5133805274267446,0.3774021166504463,0.2619447247603391
c3_w2_tcop_cm1_states_L0.4_km0_2090_up0_2500_s1024,cm1,stageB,-0.1,-0.209,0.25,,1024,3,0.0,0,True,,0.40641599999999994,0.0009261891458771643,-0.015591262025391113,-0.09999977978965197,0.409540133863738,0.24150999578640522,0.2344253855753638,0.0,0.35104132046787206,0.45104110025752403,0.37529012978042886,0.27201146353877165
c3_w2_tcop_cm1_states_L0.4_km0_2090_up0_2500_s1024,cm1,stageB,-0.1,-0.209,0.25,,1024,4,0.125,1,True,,0.42347199999999996,0.0013180157057300558,-0.009539971213078568,-0.10212174046063388,0.4382807046234641,0.24586735684292246,0.24096168249655392,0.0,0.38001958261011054,0.4821413230707444,0.3731601786783845,0.2633671155269809
c3_w2_tcop_cm1_states_L0.4_km0_2090_up0_2500_s1024,cm1,stageB,-0.1,-0.209,0.25,,1024,5,0.25,2,True,,0.43782400000000005,4.5576870272626396e-05,-0.017364821270313135,-0.10350140689392384,0.46771978320479324,0.24862750487728363,0.24582325850767164,0.0,0.4098791205328207,0.5133805274267446,0.3748387251587308,0.26816710163878676
c3_w2_tcop_cm1_states_L0.4_km0_2090_up0_2500_s1024,cm1,stageB,-0.1,-0.209,0.25,,1024,6,0.0,0,True,,0.41104000000000007,-0.0015065275867385197,-0.010652436790537657,-0.09999977978965197,0.40907400862345916,0.24142415840543952,0.2344253855753638,0.0,0.35104132046787206,0.45104110025752403,0.36764479861594496,0.26852849772226056
c3_w2_tcop_cm1_states_L0.4_km0_2090_up0_2500_s1024,cm1,stageB,-0.1,-0.209,0.25,,1024,7,0.125,1,True,,0.4185600000000001,0.0006786925588398197,0.0033552737891869443,-0.10212174046063388,0.4387849071364399,0.24593208582014894,0.24096168249655392,0.0,0.38001958261011054,0.4821413230707444,0.3726045773617546,0.26341694066349214
c3_w2_tcop_cm1_states_L0.4_km0_2090_up0_2500_s1024,cm1,stageB,-0.1,-0.209,0.25,,1024,8,0.25,2,True,,0.43433600000000006,0.00028550525356748556,-0.0056614928355636475,-0.10350140689392384,0.4680832125244552,0.2486453947321377,0.24582325850767164,0.0,0.4098791205328207,0.5133805274267446,0.37505113698714354,0.2635725226899313
c3_w2_tcop_cm1_states_L0.4_km0_2090_up0_2500_s1024,cm1,stageB,-0.1,-0.209,0.25,,1024,9,0.0,0,True,,0.40742399999999995,-0.002900110205312223,-0.009564783893545838,-0.09999977978965197,0.40943762544178774,0.2414934468084735,0.2344253855753638,0.0,0.35104132046787206,0.45104110025752403,0.3672088409666135,0.2723391667784761
c3_w2_tcop_cm1_states_L0.4_km0_2090_up0_2500_s1024,cm1,stageB,-0.1,-0.209,0.25,,1024,10,0.125,1,True,,0.4214879999999999,0.0010375371588807057,-0.017784795549007866,-0.10212174046063388,0.43848406305012094,0.2458940279147994,0.24096168249655392,0.0,0.38001958261011054,0.4821413230707444,0.37444129138645077,0.2699556341810883
c3_w2_tcop_cm1_states_L0.4_km0_2090_up0_2500_s1024,cm1,stageB,-0.1,-0.209,0.25,,1024,11,0.25,2,True,,0.436864,0.0020402699568056425,-0.007405411742372981,-0.10350140689392384,0.46782050890706306,0.24862755297068895,0.24582325850767164,0.0,0.4098791205328207,0.5133805274267446,0.37892367537231114,0.2674620846419475
c3_w2_tcop_cm1_states_L0.4_km0_2090_up0_2500_s1024,cm1,stageB,-0.1,-0.209,0.25,,1024,12,0.0,0,True,,0.40592,-0.000461366497386843,-0.026704906888427193,-0.09999977978965197,0.4095900605666914,0.24151931940496904,0.2344253855753638,0.0,0.35104132046787206,0.45104110025752403,0.37067208484432773,0.27256196478763245
c3_w2_tcop_cm1_states_L0.4_km0_2090_up0_2500_s1024,cm1,stageB,-0.1,-0.209,0.25,,1024,13,0.125,1,True,,0.42396800000000007,-0.001598175227239334,-0.040189320137928336,-0.10212174046063388,0.43822930260342324,0.24586195245492742,0.24096168249655392,0.0,0.38001958261011054,0.4821413230707444,0.36558157659845736,0.2694331329249562
c3_w2_tcop_cm1_states_L0.4_km0_2090_up0_2500_s1024,cm1,stageB,-0.1,-0.209,0.25,,1024,14,0.25,2,True,,0.43985599999999997,0.0005623766693849145,-0.010016919269224598,-0.10350140689392384,0.4675090520695939,0.24861071456447578,0.24582325850767164,0.0,0.4098791205328207,0.5133805274267446,0.3727956791556552,0.26513509492061293
c3_w2_tcop_cm1_states_L0.4_km0_2090_up0_2500_s1024,cm1,stageB,-0.1,-0.209,0.25,,1024,15,0.0,0,False,BLOCK_15_PARTIAL_CYCLE,0.40699199999999996,0.0004967230186662126,-0.01809681734808811,-0.09999977978965197,0.4094816889322656,0.24150003031841744,0.2344253855753638,0.0,0.35104132046787206,0.45104110025752403,0.3735634598294808,0.273480533780253
c3_w2_tcop_cm1_states_L0.4_km0_2090_up0_2500_s31415,cm1,stageB,-0.1,-0.209,0.25,,31415,0,0.0,0,False,PRE_PRIMARY_INCOMPLETE_CYCLE,0.390368,-0.004339760968288305,0.0035966568434180964,-0.09999977978965197,0.41117011953215055,0.24177581464452966,0.23735005000258277,0.0,0.35104132046787206,0.45104110025752403,0.3633689340845445,0.2742887263458547
c3_w2_tcop_cm1_states_L0.4_km0_2090_up0_2500_s31415,cm1,stageB,-0.1,-0.209,0.25,,31415,1,0.125,1,False,PRE_PRIMARY_INCOMPLETE_CYCLE,0.41870399999999997,0.0003807222441285551,-0.0063098798083583915,-0.10212174046063388,0.43876979761105245,0.24593119036075886,0.24096168249655392,0.0,0.38001958261011054,0.4821413230707444,0.37436624292520726,0.26880507578780966
c3_w2_tcop_cm1_states_L0.4_km0_2090_up0_2500_s31415,cm1,stageB,-0.1,-0.209,0.25,,31415,2,0.25,2,False,PRE_PRIMARY_INCOMPLETE_CYCLE,0.437408,0.001324872754353095,-0.022897275262204277,-0.10350140689392384,0.4677630899916213,0.2486310449831374,0.24582325850767164,0.0,0.4098791205328207,0.5133805274267446,0.3770927962196937,0.2637306257941026
c3_w2_tcop_cm1_states_L0.4_km0_2090_up0_2500_s31415,cm1,stageB,-0.1,-0.209,0.25,,31415,3,0.0,0,True,,0.405216,-0.002849442584219356,-0.01591778050082852,-0.09999977978965197,0.4096602099993366,0.24153461892752753,0.2344253855753638,0.0,0.35104132046787206,0.45104110025752403,0.36451695172276904,0.2692805328113595
c3_w2_tcop_cm1_states_L0.4_km0_2090_up0_2500_s31415,cm1,stageB,-0.1,-0.209,0.25,,31415,4,0.125,1,True,,0.421328,0.001303674349310677,-0.028823379664506408,-0.10212174046063388,0.4385015959665434,0.2458920248156767,0.24096168249655392,0.0,0.38001958261011054,0.4821413230707444,0.3725857688387453,0.2677204812629447
c3_w2_tcop_cm1_states_L0.4_km0_2090_up0_2500_s31415,cm1,stageB,-0.1,-0.209,0.25,,31415,5,0.25,2,True,,0.434784,0.0028303297292388615,-0.007995583984720712,-0.10350140689392384,0.46803680440604667,0.2486402013074339,0.24582325850767164,0.0,0.4098791205328207,0.5133805274267446,0.37958489300088905,0.26708961076310517
c3_w2_tcop_cm1_states_L0.4_km0_2090_up0_2500_s31415,cm1,stageB,-0.1,-0.209,0.25,,31415,6,0.0,0,True,,0.4064960000000001,0.0019244703124926277,-0.01572409903893135,-0.09999977978965197,0.4095345848960525,0.24150247040732858,0.2344253855753638,0.0,0.35104132046787206,0.45104110025752403,0.3784484127045386,0.27748450678144887
c3_w2_tcop_cm1_states_L0.4_km0_2090_up0_2500_s31415,cm1,stageB,-0.1,-0.209,0.25,,31415,7,0.125,1,True,,0.421248,-0.0018236323335549733,-0.0209830242083739,-0.10212174046063388,0.438508996574835,0.24589642589244748,0.24096168249655392,0.0,0.38001958261011054,0.4821413230707444,0.37022256633733297,0.26978319598545275
c3_w2_tcop_cm1_states_L0.4_km0_2090_up0_2500_s31415,cm1,stageB,-0.1,-0.209,0.25,,31415,8,0.25,2,True,,0.43695999999999996,0.003205482752836216,-0.009597062238359289,-0.10350140689392384,0.4678100664868051,0.24863007131789042,0.24582325850767164,0.0,0.4098791205328207,0.5133805274267446,0.3745302814059167,0.26429761486933906
c3_w2_tcop_cm1_states_L0.4_km0_2090_up0_2500_s31415,cm1,stageB,-0.1,-0.209,0.25,,31415,9,0.0,0,True,,0.40444800000000003,-0.0002105091971133126,-0.021135302281830526,-0.09999977978965197,0.4097394093398585,0.24154442709893137,0.2344253855753638,0.0,0.35104132046787206,0.45104110025752403,0.37346113717594404,0.2778988684670349
c3_w2_tcop_cm1_states_L0.4_km0_2090_up0_2500_s31415,cm1,stageB,-0.1,-0.209,0.25,,31415,10,0.125,1,True,,0.42227200000000004,-0.00039382786984379456,-0.011319026339408551,-0.10212174046063388,0.4384037158071117,0.24588415085389465,0.24096168249655392,0.0,0.38001958261011054,0.4821413230707444,0.37362365498094496,0.2707725738352831
c3_w2_tcop_cm1_states_L0.4_km0_2090_up0_2500_s31415,cm1,stageB,-0.1,-0.209,0.25,,31415,11,0.25,2,True,,0.435312,0.004147465437877872,-0.015755130979803057,-0.10350140689392384,0.4679812040487795,0.24864213702776447,0.24582325850767164,0.0,0.4098791205328207,0.5133805274267446,0.3820638816759815,0.267480117836927
c3_w2_tcop_cm1_states_L0.4_km0_2090_up0_2500_s31415,cm1,stageB,-0.1,-0.209,0.25,,31415,12,0.0,0,True,,0.40616,-0.002876891223318214,-0.005146265753468308,-0.09999977978965197,0.4095661209074826,0.24151416660501407,0.2344253855753638,0.0,0.35104132046787206,0.45104110025752403,0.3703770952044571,0.2764823275329081
c3_w2_tcop_cm1_states_L0.4_km0_2090_up0_2500_s31415,cm1,stageB,-0.1,-0.209,0.25,,31415,13,0.125,1,True,,0.42230399999999996,-0.004113285704296553,-0.023457820811635183,-0.10212174046063388,0.43839921345759475,0.24588732259767468,0.24096168249655392,0.0,0.38001958261011054,0.4821413230707444,0.36214486297382437,0.2664786306091842
c3_w2_tcop_cm1_states_L0.4_km0_2090_up0_2500_s31415,cm1,stageB,-0.1,-0.209,0.25,,31415,14,0.25,2,True,,0.435648,0.0005859295712270246,-0.017115307581520058,-0.10350140689392384,0.4679465007092944,0.2486380083000028,0.24582325850767164,0.0,0.4098791205328207,0.5133805274267446,0.36904692312061516,0.2658441233028562
c3_w2_tcop_cm1_states_L0.4_km0_2090_up0_2500_s31415,cm1,stageB,-0.1,-0.209,0.25,,31415,15,0.0,0,False,BLOCK_15_PARTIAL_CYCLE,0.41022400000000003,-0.0019203530620717148,-0.02895558531921806,-0.09999977978965197,0.4091551430501456,0.2414419855202884,0.2344253855753638,0.0,0.35104132046787206,0.45104110025752403,0.37082861628824565,0.27361242345505343
c3_w2_tcop_cm1_states_L0.4_km0_2090_up0_5000_s42,cm1,stageB,-0.1,-0.209,0.5,,42,0,0.0,0,False,PRE_PRIMARY_INCOMPLETE_CYCLE,0.393328,0.0009329754867695758,-0.005187621339479984,-0.09999977978965197,0.4108724202022001,0.24171928611903004,0.2344253855753638,0.0,0.35104132046787206,0.45104110025752403,0.3778089075778807,0.276717254342812
c3_w2_tcop_cm1_states_L0.4_km0_2090_up0_5000_s42,cm1,stageB,-0.1,-0.209,0.5,,42,1,0.25,1,False,PRE_PRIMARY_INCOMPLETE_CYCLE,0.4364320000000001,-0.0018924159672215907,-0.025376401282753917,-0.10350140689392384,0.4678644800356068,0.24863830730593064,0.24582325850767164,0.0,0.4098791205328207,0.5133805274267446,0.3658419705935557,0.25755419437055527
c3_w2_tcop_cm1_states_L0.4_km0_2090_up0_5000_s42,cm1,stageB,-0.1,-0.209,0.5,,42,2,0.5,2,False,PRE_PRIMARY_INCOMPLETE_CYCLE,0.463904,0.0013132463645034276,-0.016171242132274714,-0.10389149536563619,0.5273412893094689,0.24891105690879878,0.2460946585389362,0.0,0.47141492691685155,0.5753064222824877,0.38121386425185244,0.26422156075343095
c3_w2_tcop_cm1_states_L0.4_km0_2090_up0_5000_s42,cm1,stageB,-0.1,-0.209,0.5,,42,3,0.0,0,True,,0.409168,0.00019168913703029332,-0.030161060207340964,-0.09999977978965197,0.40926303491861404,0.2414582667257752,0.2344253855753638,0.0,0.35104132046787206,0.45104110025752403,0.37306180019119195,0.268054756985882
c3_w2_tcop_cm1_states_L0.4_km0_2090_up0_5000_s42,cm1,stageB,-0.1,-0.209,0.5,,42,4,0.25,1,True,,0.43697600000000003,0.004018535645302856,-0.017319639510929713,-0.10350140689392384,0.46780873690373853,0.24862758580091962,0.24582325850767164,0.0,0.4098791205328207,0.5133805274267446,0.3824392266229553,0.26850626031949426
c3_w2_tcop_cm1_states_L0.4_km0_2090_up0_5000_s42,cm1,stageB,-0.1,-0.209,0.5,,42,5,0.5,2,True,,0.469104,0.002497026694647194,-0.0019099345738337005,-0.10389149536563619,0.5268003006125155,0.2489424805277691,0.2460946585389362,0.0,0.47141492691685155,0.5753064222824877,0.3792325601204281,0.2584285792047807
c3_w2_tcop_cm1_states_L0.4_km0_2090_up0_5000_s42,cm1,stageB,-0.1,-0.209,0.5,,42,6,0.0,0,True,,0.40712,0.00020357165802391584,-0.015610007896607265,-0.09999977978965197,0.40946830000041323,0.2414989604352474,0.2344253855753638,0.0,0.35104132046787206,0.45104110025752403,0.3718562652986246,0.2747294174092875
c3_w2_tcop_cm1_states_L0.4_km0_2090_up0_5000_s42,cm1,stageB,-0.1,-0.209,0.5,,42,7,0.25,1,True,,0.43755199999999994,0.0018276889326100396,-0.018615731963191565,-0.10350140689392384,0.4677485972822345,0.24862650115436868,0.24582325850767164,0.0,0.4098791205328207,0.5133805274267446,0.3720591858125688,0.2631371956952108
c3_w2_tcop_cm1_states_L0.4_km0_2090_up0_5000_s42,cm1,stageB,-0.1,-0.209,0.5,,42,8,0.5,2,True,,0.465872,0.0006463239600036072,0.0037729989942986777,-0.10389149536563619,0.5271370414902731,0.24892695588909375,0.2460946585389362,0.0,0.47141492691685155,0.5753064222824877,0.3726531364914367,0.25467358750834646
c3_w2_tcop_cm1_states_L0.4_km0_2090_up0_5000_s42,cm1,stageB,-0.1,-0.209,0.5,,42,9,0.0,0,True,,0.408752,0.0008896084659785694,0.003207203336377465,-0.09999977978965197,0.40930449269608826,0.2414668986552917,0.2344253855753638,0.0,0.35104132046787206,0.45104110025752403,0.37398653472175825,0.2739142935517699
c3_w2_tcop_cm1_states_L0.4_km0_2090_up0_5000_s42,cm1,stageB,-0.1,-0.209,0.5,,42,10,0.25,1,True,,0.43607999999999997,0.0016668811210276179,-0.021149928747807033,-0.10350140689392384,0.46790161898848864,0.2486348563521739,0.24582325850767164,0.0,0.4098791205328207,0.5133805274267446,0.37517604263900156,0.2625825525612644
c3_w2_tcop_cm1_states_L0.4_km0_2090_up0_5000_s42,cm1,stageB,-0.1,-0.209,0.5,,42,11,0.5,2,True,,0.46518400000000004,0.0019006755631522229,-0.010053859827641965,-0.10389149536563619,0.5272083296353528,0.24892112953642268,0.2460946585389362,0.0,0.47141492691685155,0.5753064222824877,0.3775248198163175,0.2588615492537219
c3_w2_tcop_cm1_states_L0.4_km0_2090_up0_5000_s42,cm1,stageB,-0.1,-0.209,0.5,,42,12,0.0,0,True,,0.410848,0.0005799295760120667,-0.006937814702839925,-0.09999977978965197,0.40909542098567203,0.24142249919015296,0.2344253855753638,0.0,0.35104132046787206,0.45104110025752403,0.37015392722387364,0.2762963169725534
c3_w2_tcop_cm1_states_L0.4_km0_2090_up0_5000_s42,cm1,stageB,-0.1,-0.209,0.5,,42,13,0.25,1,True,,0.436928,-0.004652067458247431,-0.031269972882633786,-0.10350140689392384,0.46781325149984904,0.24863248301349924,0.24582325850767164,0.0,0.4098791205328207,0.5133805274267446,0.36288299194608326,0.26300138053746835
c3_w2_tcop_cm1_states_L0.4_km0_2090_up0_5000_s42,cm1,stageB,-0.1,-0.209,0.5,,42,14,0.5,2,True,,0.46614399999999995,0.001403688425764771,-0.004361915955335518,-0.10389149536563619,0.5271087805773456,0.24892832903114362,0.2460946585389362,0.0,0.47141492691685155,0.5753064222824877,0.3721297570489343,0.25433461598258583
c3_w2_tcop_cm1_states_L0.4_km0_2090_up0_5000_s42,cm1,stageB,-0.1,-0.209,0.5,,42,15,0.0,0,False,BLOCK_15_PARTIAL_CYCLE,0.408256,-0.003743182342135275,-0.0018576528303066897,-0.09999977978965197,0.4093538401596072,0.24147749402853527,0.2344253855753638,0.0,0.35104132046787206,0.45104110025752403,0.3633537837135082,0.2750757431537544
c3_w2_tcop_cm1_states_L0.4_km0_2090_up0_5000_s137,cm1,stageB,-0.1,-0.209,0.5,,137,0,0.0,0,False,PRE_PRIMARY_INCOMPLETE_CYCLE,0.398304,0.0013168035390587788,-0.006862232902589844,-0.09999977978965197,0.4103710985763781,0.24162592332827643,0.2344253855753638,0.0,0.35104132046787206,0.45104110025752403,0.3762745826662412,0.27729005874284957
c3_w2_tcop_cm1_states_L0.4_km0_2090_up0_5000_s137,cm1,stageB,-0.1,-0.209,0.5,,137,1,0.25,1,False,PRE_PRIMARY_INCOMPLETE_CYCLE,0.43513599999999997,-0.0011182829885877437,-0.01656392413333458,-0.10350140689392384,0.4679996363625808,0.24864315744126173,0.24582325850767164,0.0,0.4098791205328207,0.5133805274267446,0.37212007464084507,0.26497066218116705
c3_w2_tcop_cm1_states_L0.4_km0_2090_up0_5000_s137,cm1,stageB,-0.1,-0.209,0.5,,137,2,0.5,2,False,PRE_PRIMARY_INCOMPLETE_CYCLE,0.46520000000000006,0.001295812833856163,-0.02101444870002229,-0.10389149536563619,0.5272069865084267,0.24892279130932468,0.2460946585389362,0.0,0.47141492691685155,0.5753064222824877,0.3725471269647992,0.25320704506604585
c3_w2_tcop_cm1_states_L0.4_km0_2090_up0_5000_s137,cm1,stageB,-0.1,-0.209,0.5,,137,3,0.0,0,True,,0.4086559999999999,0.0010065030460870107,-0.014249008888989275,-0.09999977978965197,0.4093136840053631,0.2414698516194866,0.2344253855753638,0.0,0.35104132046787206,0.45104110025752403,0.37681174960090735,0.27285815970674066
c3_w2_tcop_cm1_states_L0.4_km0_2090_up0_5000_s137,cm1,stageB,-0.1,-0.209,0.5,,137,4,0.25,1,True,,0.436512,0.0026083422244868237,-0.03253103667915474,-0.10350140689392384,0.46785688821052446,0.24863107064738457,0.24582325850767164,0.0,0.4098791205328207,0.5133805274267446,0.3836527842852363,0.26773749221818666
c3_w2_tcop_cm1_states_L0.4_km0_2090_up0_5000_s137,cm1,stageB,-0.1,-0.209,0.5,,137,5,0.5,2,True,,0.46539200000000003,0.004589987053936134,-0.01033939865018542,-0.10389149536563619,0.5271864936419245,0.24892022968850672,0.2460946585389362,0.0,0.47141492691685155,0.5753064222824877,0.3796972579650965,0.2577439411567998
c3_w2_tcop_cm1_states_L0.4_km0_2090_up0_5000_s137,cm1,stageB,-0.1,-0.209,0.5,,137,6,0.0,0,True,,0.408048,0.0021853098520416146,-0.02388985909863754,-0.09999977978965197,0.4093763225931908,0.24147824347628385,0.2344253855753638,0.0,0.35104132046787206,0.45104110025752403,0.37499295825142676,0.2680830837909403
c3_w2_tcop_cm1_states_L0.4_km0_2090_up0_5000_s137,cm1,stageB,-0.1,-0.209,0.5,,137,7,0.25,1,True,,0.43745599999999996,0.00078947406463987,-0.013656929122521946,-0.10350140689392384,0.4677582021600153,0.24862877970432612,0.24582325850767164,0.0,0.4098791205328207,0.5133805274267446,0.37285320031110314,0.2662582779857496
c3_w2_tcop_cm1_states_L0.4_km0_2090_up0_5000_s137,cm1,stageB,-0.1,-0.209,0.5,,137,8,0.5,2,True,,0.465216,0.0027975956632274286,-0.011856239957619993,-0.10389149536563619,0.5272044783022699,0.24891645002598942,0.2460946585389362,0.0,0.47141492691685155,0.5753064222824877,0.38241622538596715,0.26030601677025045
c3_w2_tcop_cm1_states_L0.4_km0_2090_up0_5000_s137,cm1,stageB,-0.1,-0.209,0.5,,137,9,0.0,0,True,,0.407584,0.0038627105964211504,0.008097853108006868,-0.09999977978965197,0.4094246906583788,0.24148277173317728,0.2344253855753638,0.0,0.35104132046787206,0.45104110025752403,0.3848219254539809,0.2792952402236047
c3_w2_tcop_cm1_states_L0.4_km0_2090_up0_5000_s137,cm1,stageB,-0.1,-0.209,0.5,,137,10,0.25,1,True,,0.43747199999999997,-0.0007195892495793171,-0.006499119673948467,-0.10350140689392384,0.46775618631361543,0.248632091387102,0.24582325850767164,0.0,0.4098791205328207,0.5133805274267446,0.3686811441279586,0.2624693839127443
c3_w2_tcop_cm1_states_L0.4_km0_2090_up0_5000_s137,cm1,stageB,-0.1,-0.209,0.5,,137,11,0.5,2,True,,0.4656,0.0033994511315587404,-0.011867753318769964,-0.10389149536563619,0.5271649173137137,0.24892125850727045,0.2460946585389362,0.0,0.47141492691685155,0.5753064222824877,0.3812997042548325,0.2555303594540325
c3_w2_tcop_cm1_states_L0.4_km0_2090_up0_5000_s137,cm1,stageB,-0.1,-0.209,0.5,,137,12,0.0,0,True,,0.40950400000000003,-0.0006567774597747945,-0.01114174975195343,-0.09999977978965197,0.40922821587304237,0.2414539130962243,0.2344253855753638,0.0,0.35104132046787206,0.45104110025752403,0.3689690859169743,0.2699573230548487
c3_w2_tcop_cm1_states_L0.4_km0_2090_up0_5000_s137,cm1,stageB,-0.1,-0.209,0.5,,137,13,0.25,1,True,,0.434704,0.0004652316872274449,-0.018657858442991736,-0.10350140689392384,0.4680446774951411,0.24864550029808055,0.24582325850767164,0.0,0.4098791205328207,0.5133805274267446,0.37317062212490887,0.2627894241851795
c3_w2_tcop_cm1_states_L0.4_km0_2090_up0_5000_s137,cm1,stageB,-0.1,-0.209,0.5,,137,14,0.5,2,True,,0.467152,0.0053197879918318825,-0.011898636474461087,-0.10389149536563619,0.5270027319580973,0.24892449840838587,0.2460946585389362,0.0,0.47141492691685155,0.5753064222824877,0.38660819970493193,0.26271195953193066
c3_w2_tcop_cm1_states_L0.4_km0_2090_up0_5000_s137,cm1,stageB,-0.1,-0.209,0.5,,137,15,0.0,0,False,BLOCK_15_PARTIAL_CYCLE,0.40748799999999996,-0.0005770907957807306,0.012855677511062242,-0.09999977978965197,0.4094322669538526,0.24148953052002825,0.2344253855753638,0.0,0.35104132046787206,0.45104110025752403,0.3724582916218098,0.27595172936077744
c3_w2_tcop_cm1_states_L0.4_km0_2090_up0_5000_s256,cm1,stageB,-0.1,-0.209,0.5,,256,0,0.0,0,False,PRE_PRIMARY_INCOMPLETE_CYCLE,0.3956,0.0027956621571423035,-0.00599800066644452,-0.09999977978965197,0.410645078653002,0.24167268059682717,0.2344253855753638,0.0,0.35104132046787206,0.45104110025752403,0.3815847661063831,0.2814386227453994
c3_w2_tcop_cm1_states_L0.4_km0_2090_up0_5000_s256,cm1,stageB,-0.1,-0.209,0.5,,256,1,0.25,1,False,PRE_PRIMARY_INCOMPLETE_CYCLE,0.43836800000000004,-0.0021504582083455666,-0.011816246179281373,-0.10350140689392384,0.46766370554565984,0.24862155140445896,0.24582325850767164,0.0,0.4098791205328207,0.5133805274267446,0.36510907077707444,0.25900495515335814
c3_w2_tcop_cm1_states_L0.4_km0_2090_up0_5000_s256,cm1,stageB,-0.1,-0.209,0.5,,256,2,0.5,2,False,PRE_PRIMARY_INCOMPLETE_CYCLE,0.46836799999999995,0.0009648495273809915,-0.009170453595129588,-0.10389149536563619,0.5268774905359954,0.24894286675642807,0.2460946585389362,0.0,0.47141492691685155,0.5753064222824877,0.37848906504545066,0.25528754218008326
c3_w2_tcop_cm1_states_L0.4_km0_2090_up0_5000_s256,cm1,stageB,-0.1,-0.209,0.5,,256,3,0.0,0,True,,0.411248,0.0009689186539893332,-0.010231895315266916,-0.09999977978965197,0.4090538123383381,0.24141809231121378,0.2344253855753638,0.0,0.35104132046787206,0.45104110025752403,0.3747410928482916,0.2749476610573112
c3_w2_tcop_cm1_states_L0.4_km0_2090_up0_5000_s256,cm1,stageB,-0.1,-0.209,0.5,,256,4,0.25,1,True,,0.43616,0.003950547604926266,0.001017273241341516,-0.10350140689392384,0.4678938253499944,0.2486310099596441,0.24582325850767164,0.0,0.4098791205328207,0.5133805274267446,0.3813670088003625,0.26689860732895726
c3_w2_tcop_cm1_states_L0.4_km0_2090_up0_5000_s256,cm1,stageB,-0.1,-0.209,0.5,,256,5,0.5,2,True,,0.463936,0.0038656205979215683,-0.0340321807660196,-0.10389149536563619,0.5273376650249813,0.24890893780477527,0.2460946585389362,0.0,0.47141492691685155,0.5753064222824877,0.3845005504240487,0.2636250214860468
c3_w2_tcop_cm1_states_L0.4_km0_2090_up0_5000_s256,cm1,stageB,-0.1,-0.209,0.5,,256,6,0.0,0,True,,0.406736,-0.004584622651152529,-0.01975031110548452,-0.09999977978965197,0.40950677082183223,0.24150689799585418,0.2344253855753638,0.0,0.35104132046787206,0.45104110025752403,0.35908414232620894,0.27121887972811054
c3_w2_tcop_cm1_states_L0.4_km0_2090_up0_5000_s256,cm1,stageB,-0.1,-0.209,0.5,,256,7,0.25,1,True,,0.43856,0.001839082420460876,-0.010072571657564738,-0.10350140689392384,0.4676439496425926,0.24861737638246298,0.24582325850767164,0.0,0.4098791205328207,0.5133805274267446,0.3758311968458519,0.26787149216474043
c3_w2_tcop_cm1_states_L0.4_km0_2090_up0_5000_s256,cm1,stageB,-0.1,-0.209,0.5,,256,8,0.5,2,True,,0.466896,0.004243349633018265,-0.015448209473196351,-0.10389149536563619,0.5270301266598043,0.24892912208981136,0.2460946585389362,0.0,0.47141492691685155,0.5753064222824877,0.38090588867458586,0.256259844634497
c3_w2_tcop_cm1_states_L0.4_km0_2090_up0_5000_s256,cm1,stageB,-0.1,-0.209,0.5,,256,9,0.0,0,True,,0.409424,-0.0020279649386153236,0.0028512530506827967,-0.09999977978965197,0.40923576900418474,0.24145667163356688,0.2344253855753638,0.0,0.35104132046787206,0.45104110025752403,0.36931535667698384,0.26994775818930705
c3_w2_tcop_cm1_states_L0.4_km0_2090_up0_5000_s256,cm1,stageB,-0.1,-0.209,0.5,,256,10,0.25,1,True,,0.436336,-0.0020258019215296983,-0.015829863647196133,-0.10350140689392384,0.4678748791567327,0.24863551875061587,0.24582325850767164,0.0,0.4098791205328207,0.5133805274267446,0.3695193182528206,0.26224979671785564
c3_w2_tcop_cm1_states_L0.4_km0_2090_up0_5000_s256,cm1,stageB,-0.1,-0.209,0.5,,256,11,0.5,2,True,,0.466768,0.001112036454505837,-0.011846853450137189,-0.10389149536563619,0.5270433497774699,0.2489281858733623,0.2460946585389362,0.0,0.47141492691685155,0.5753064222824877,0.37328545677352876,0.25483094015804214
c3_w2_tcop_cm1_states_L0.4_km0_2090_up0_5000_s256,cm1,stageB,-0.1,-0.209,0.5,,256,12,0.0,0,True,,0.40702400000000005,-0.003208321074499225,-0.012761340019937891,-0.09999977978965197,0.4094784806077209,0.24149926152324142,0.2344253855753638,0.0,0.35104132046787206,0.45104110025752403,0.3642788921585566,0.27644652285487537
c3_w2_tcop_cm1_states_L0.4_km0_2090_up0_5000_s256,cm1,stageB,-0.1,-0.209,0.5,,256,13,0.25,1,True,,0.43542400000000003,0.007747197215192281,-0.005331893126660299,-0.10350140689392384,0.46797081659667555,0.24863292464897935,0.24582325850767164,0.0,0.4098791205328207,0.5133805274267446,0.3902938387643699,0.26957771775362543
c3_w2_tcop_cm1_states_L0.4_km0_2090_up0_5000_s256,cm1,stageB,-0.1,-0.209,0.5,,256,14,0.5,2,True,,0.46641599999999994,-0.001782289861480178,0.004485300999105175,-0.10389149536563619,0.5270808698610604,0.24893357430319296,0.2460946585389362,0.0,0.47141492691685155,0.5753064222824877,0.3652584034065856,0.24943394131212493
c3_w2_tcop_cm1_states_L0.4_km0_2090_up0_5000_s256,cm1,stageB,-0.1,-0.209,0.5,,256,15,0.0,0,False,BLOCK_15_PARTIAL_CYCLE,0.4079360000000001,0.0006494897787841475,-0.013200224125438623,-0.09999977978965197,0.409387467129046,0.24148004901378653,0.2344253855753638,0.0,0.35104132046787206,0.45104110025752403,0.37059864943430837,0.27459641827788434
c3_w2_tcop_cm1_states_L0.4_km0_2090_up0_5000_s1024,cm1,stageB,-0.1,-0.209,0.5,,1024,0,0.0,0,False,PRE_PRIMARY_INCOMPLETE_CYCLE,0.39595199999999997,-0.0020120316942643067,-0.013274729058029537,-0.09999977978965197,0.41060836941634177,0.24166895050275847,0.2344253855753638,0.0,0.35104132046787206,0.45104110025752403,0.37025324429970274,0.27817424216810704
c3_w2_tcop_cm1_states_L0.4_km0_2090_up0_5000_s1024,cm1,stageB,-0.1,-0.209,0.5,,1024,1,0.25,1,False,PRE_PRIMARY_INCOMPLETE_CYCLE,0.43654399999999993,0.001198619587121016,-0.016733585820815047,-0.10350140689392384,0.46785336822542806,0.2486325918980882,0.24582325850767164,0.0,0.4098791205328207,0.5133805274267446,0.37267378850505567,0.2662823640367467
c3_w2_tcop_cm1_states_L0.4_km0_2090_up0_5000_s1024,cm1,stageB,-0.1,-0.209,0.5,,1024,2,0.5,2,False,PRE_PRIMARY_INCOMPLETE_CYCLE,0.46572800000000003,0.004733528125330537,-0.0009770580181012866,-0.10389149536563619,0.527151800177724,0.2489232325453905,0.2460946585389362,0.0,0.47141492691685155,0.5753064222824877,0.38432694312244436,0.2558334107349644
c3_w2_tcop_cm1_states_L0.4_km0_2090_up0_5000_s1024,cm1,stageB,-0.1,-0.209,0.5,,1024,3,0.0,0,True,,0.40761600000000003,0.0011846367561388251,-0.014599461732678804,-0.09999977978965197,0.4094196457006702,0.24148659476806558,0.2344253855753638,0.0,0.35104132046787206,0.45104110025752403,0.3759300852829466,0.27173653883729476
c3_w2_tcop_cm1_states_L0.4_km0_2090_up0_5000_s1024,cm1,stageB,-0.1,-0.209,0.5,,1024,4,0.25,1,True,,0.438352,0.0013657240909239615,-0.014829502478520698,-0.10350140689392384,0.4676655681471748,0.2486208097016192,0.24582325850767164,0.0,0.4098791205328207,0.5133805274267446,0.37415991274647936,0.2580345755865921
c3_w2_tcop_cm1_states_L0.4_km0_2090_up0_5000_s1024,cm1,stageB,-0.1,-0.209,0.5,,1024,5,0.5,2,True,,0.466256,0.00025065709957513156,-0.010966116877630565,-0.10389149536563619,0.5270970035210653,0.2489294569445697,0.2460946585389362,0.0,0.47141492691685155,0.5753064222824877,0.37356458206319365,0.2598075097698964
c3_w2_tcop_cm1_states_L0.4_km0_2090_up0_5000_s1024,cm1,stageB,-0.1,-0.209,0.5,,1024,6,0.0,0,True,,0.41200000000000003,-0.0015594316891381823,-0.010671677815323079,-0.09999977978965197,0.40897753717794466,0.24140560518694082,0.2344253855753638,0.0,0.35104132046787206,0.45104110025752403,0.3673654297810742,0.2675354182278166
c3_w2_tcop_cm1_states_L0.4_km0_2090_up0_5000_s1024,cm1,stageB,-0.1,-0.209,0.5,,1024,7,0.25,1,True,,0.434416,0.0021794062717465455,-0.00015073117010135266,-0.10350140689392384,0.4680745426701939,0.2486474835815848,0.24582325850767164,0.0,0.4098791205328207,0.5133805274267446,0.3771047214595384,0.2619529963791603
c3_w2_tcop_cm1_states_L0.4_km0_2090_up0_5000_s1024,cm1,stageB,-0.1,-0.209,0.5,,1024,8,0.5,2,True,,0.4632320000000001,0.0018177824646835963,-0.007076345509702283,-0.10389149536563619,0.527411246094608,0.24890676833018946,0.2460946585389362,0.0,0.47141492691685155,0.5753064222824877,0.3775364109474588,0.25174834735812596
c3_w2_tcop_cm1_states_L0.4_km0_2090_up0_5000_s1024,cm1,stageB,-0.1,-0.209,0.5,,1024,9,0.0,0,True,,0.408512,-0.0025200035959337163,-0.008127523532879403,-0.09999977978965197,0.409328398112298,0.24147216150767875,0.2344253855753638,0.0,0.35104132046787206,0.45104110025752403,0.3679255907755008,0.2717215727356589
c3_w2_tcop_cm1_states_L0.4_km0_2090_up0_5000_s1024,cm1,stageB,-0.1,-0.209,0.5,,1024,10,0.25,1,True,,0.436832,0.0019074395719894791,-0.019395792467448214,-0.10350140689392384,0.4678233553504498,0.24863116577049005,0.24582325850767164,0.0,0.4098791205328207,0.5133805274267446,0.37878362190730186,0.2660837834260237
c3_w2_tcop_cm1_states_L0.4_km0_2090_up0_5000_s1024,cm1,stageB,-0.1,-0.209,0.5,,1024,11,0.5,2,True,,0.46728000000000003,0.003854390770268993,-0.01047222774599163,-0.10389149536563619,0.5269898562440187,0.2489292064846338,0.2460946585389362,0.0,0.47141492691685155,0.5753064222824877,0.38058356287502904,0.2580863126523277
c3_w2_tcop_cm1_states_L0.4_km0_2090_up0_5000_s1024,cm1,stageB,-0.1,-0.209,0.5,,1024,12,0.0,0,True,,0.40707199999999993,-0.0003644921074806555,-0.02646095764578915,-0.09999977978965197,0.4094742489555533,0.24149718416495888,0.2344253855753638,0.0,0.35104132046787206,0.45104110025752403,0.37088251100463876,0.27195394844670095
c3_w2_tcop_cm1_states_L0.4_km0_2090_up0_5000_s1024,cm1,stageB,-0.1,-0.209,0.5,,1024,13,0.25,1,True,,0.43971199999999994,0.000516554454463086,-0.03645825565603622,-0.10350140689392384,0.46752432230946256,0.24860920461336738,0.24582325850767164,0.0,0.4098791205328207,0.5133805274267446,0.3723778248653426,0.2663657430280552
c3_w2_tcop_cm1_states_L0.4_km0_2090_up0_5000_s1024,cm1,stageB,-0.1,-0.209,0.5,,1024,14,0.5,2,True,,0.46806400000000004,0.0023432644053105085,-0.013454371386322739,-0.10389149536563619,0.526908385685919,0.2489349195986283,0.2460946585389362,0.0,0.47141492691685155,0.5753064222824877,0.3772529394700447,0.2583589370764617
c3_w2_tcop_cm1_states_L0.4_km0_2090_up0_5000_s1024,cm1,stageB,-0.1,-0.209,0.5,,1024,15,0.0,0,False,BLOCK_15_PARTIAL_CYCLE,0.40809599999999996,0.0011367553691853762,-0.0172649355016884,-0.09999977978965197,0.4093708690569441,0.24147835908764761,0.2344253855753638,0.0,0.35104132046787206,0.45104110025752403,0.3750763726862749,0.2741402141534307
c3_w2_tcop_cm1_states_L0.4_km0_2090_up0_5000_s31415,cm1,stageB,-0.1,-0.209,0.5,,31415,0,0.0,0,False,PRE_PRIMARY_INCOMPLETE_CYCLE,0.390368,-0.004339760968288305,0.0035966568434180964,-0.09999977978965197,0.41117011953215055,0.24177581464452966,0.23735005000258277,0.0,0.35104132046787206,0.45104110025752403,0.3633689340845445,0.2742887263458547
c3_w2_tcop_cm1_states_L0.4_km0_2090_up0_5000_s31415,cm1,stageB,-0.1,-0.209,0.5,,31415,1,0.25,1,False,PRE_PRIMARY_INCOMPLETE_CYCLE,0.43351999999999996,0.0010260988698253609,-0.006716241996939374,-0.10350140689392384,0.4681673173329524,0.24865565134724824,0.24582325850767164,0.0,0.4098791205328207,0.5133805274267446,0.37445414118969417,0.26415104712656345
c3_w2_tcop_cm1_states_L0.4_km0_2090_up0_5000_s31415,cm1,stageB,-0.1,-0.209,0.5,,31415,2,0.5,2,False,PRE_PRIMARY_INCOMPLETE_CYCLE,0.466128,0.003758877251683844,-0.016499089867550956,-0.10389149536563619,0.527110528624366,0.24892954283776605,0.2460946585389362,0.0,0.47141492691685155,0.5753064222824877,0.3815290231322937,0.257304822961409
c3_w2_tcop_cm1_states_L0.4_km0_2090_up0_5000_s31415,cm1,stageB,-0.1,-0.209,0.5,,31415,3,0.0,0,True,,0.40641599999999994,-0.002307619458192167,-0.015705353136327226,-0.09999977978965197,0.4095396997751064,0.2415112373129353,0.2344253855753638,0.0,0.35104132046787206,0.45104110025752403,0.3651119301432505,0.2689111472791154
c3_w2_tcop_cm1_states_L0.4_km0_2090_up0_5000_s31415,cm1,stageB,-0.1,-0.209,0.5,,31415,4,0.25,1,True,,0.43705599999999994,0.0015292332241086995,-0.028832089357907265,-0.10350140689392384,0.46780040812290913,0.24862700598583992,0.24582325850767164,0.0,0.4098791205328207,0.5133805274267446,0.3745788832900192,0.2654052044648113
c3_w2_tcop_cm1_states_L0.4_km0_2090_up0_5000_s31415,cm1,stageB,-0.1,-0.209,0.5,,31415,5,0.5,2,True,,0.4646880000000001,0.0021825981709531848,-0.0034417018015901794,-0.10389149536563619,0.5272593968664645,0.24891402095540477,0.2460946585389362,0.0,0.47141492691685155,0.5753064222824877,0.3796527094388536,0.2610045602118816
c3_w2_tcop_cm1_states_L0.4_km0_2090_up0_5000_s31415,cm1,stageB,-0.1,-0.209,0.5,,31415,6,0.0,0,True,,0.4076960000000001,0.0020616936575881734,-0.015674763703491943,-0.09999977978965197,0.4094141136965064,0.24147901316524473,0.2344253855753638,0.0,0.35104132046787206,0.45104110025752403,0.3787686345594614,0.27682430496301635
c3_w2_tcop_cm1_states_L0.4_km0_2090_up0_5000_s31415,cm1,stageB,-0.1,-0.209,0.5,,31415,7,0.25,1,True,,0.436944,-0.0016706218782328289,-0.020812008573282463,-0.10350140689392384,0.46781158248614046,0.2486314113384475,0.24582325850767164,0.0,0.4098791205328207,0.5133805274267446,0.3708920142685626,0.26743822388999067
c3_w2_tcop_cm1_states_L0.4_km0_2090_up0_5000_s31415,cm1,stageB,-0.1,-0.209,0.5,,31415,8,0.5,2,True,,0.465568,0.0037916211115327212,-0.01330780786988816,-0.10389149536563619,0.527168291069491,0.24892243570493242,0.2460946585389362,0.0,0.47141492691685155,0.5753064222824877,0.3753645555792452,0.25603338276718446
c3_w2_tcop_cm1_states_L0.4_km0_2090_up0_5000_s31415,cm1,stageB,-0.1,-0.209,0.5,,31415,9,0.0,0,True,,0.40552000000000005,0.0003129192988029702,-0.01829180663891848,-0.09999977978965197,0.40963192986037267,0.24152313281721918,0.2344253855753638,0.0,0.35104132046787206,0.45104110025752403,0.3751915622855468,0.27767698566645554
c3_w2_tcop_cm1_states_L0.4_km0_2090_up0_5000_s31415,cm1,stageB,-0.1,-0.209,0.5,,31415,10,0.25,1,True,,0.43723200000000007,-0.0003364277170196338,-0.01311940215541813,-0.10350140689392384,0.4677817139596946,0.24863052200996974,0.24582325850767164,0.0,0.4098791205328207,0.5133805274267446,0.3757198674347126,0.26695244202717267
c3_w2_tcop_cm1_states_L0.4_km0_2090_up0_5000_s31415,cm1,stageB,-0.1,-0.209,0.5,,31415,11,0.5,2,True,,0.463872,0.004530531470545856,-0.016267354273402635,-0.10389149536563619,0.5273447088488475,0.24891280020247442,0.2460946585389362,0.0,0.47141492691685155,0.5753064222824877,0.38362195547866124,0.25991245307834654
c3_w2_tcop_cm1_states_L0.4_km0_2090_up0_5000_s31415,cm1,stageB,-0.1,-0.209,0.5,,31415,12,0.0,0,True,,0.40736000000000006,-0.002777532892275456,-0.003435262106534161,-0.09999977978965197,0.4094454896446844,0.24149103371524228,0.2344253855753638,0.0,0.35104132046787206,0.45104110025752403,0.37073613479900663,0.2765050579351795
c3_w2_tcop_cm1_states_L0.4_km0_2090_up0_5000_s31415,cm1,stageB,-0.1,-0.209,0.5,,31415,13,0.25,1,True,,0.43772800000000006,-0.0035869324031841377,-0.027325577852989447,-0.10350140689392384,0.4677297031447373,0.2486292196720928,0.24582325850767164,0.0,0.4098791205328207,0.5133805274267446,0.3635029669797137,0.26186792117319163
c3_w2_tcop_cm1_states_L0.4_km0_2090_up0_5000_s31415,cm1,stageB,-0.1,-0.209,0.5,,31415,14,0.5,2,True,,0.46628800000000004,0.0033145137683437027,-0.010762796762011388,-0.10389149536563619,0.5270928768302788,0.24892259345583523,0.2460946585389362,0.0,0.47141492691685155,0.5753064222824877,0.3762348903530481,0.2597556012647304
c3_w2_tcop_cm1_states_L0.4_km0_2090_up0_5000_s31415,cm1,stageB,-0.1,-0.209,0.5,,31415,15,0.0,0,False,BLOCK_15_PARTIAL_CYCLE,0.41129600000000005,-0.0020176641625211174,-0.02862567203252464,-0.09999977978965197,0.40904724094677763,0.2414216560901904,0.2344253855753638,0.0,0.35104132046787206,0.45104110025752403,0.37060687626680333,0.27396201922854224
c3_w2_tcop_cm1_states_L0.4_kp0_4221_up0_1000_s42,cm1,stageB,0.2,0.4221,0.1,,42,0,0.0,0,False,PRE_PRIMARY_INCOMPLETE_CYCLE,0.37188799999999994,0.00230405833605469,0.03194309519520619,0.1999984658005633,0.3750068117732647,0.23312434265473603,0.22005158470016714,0.0,0.3041601612750264,0.5041586270755897,0.3800500529518472,0.2759775131754753
c3_w2_tcop_cm1_states_L0.4_kp0_4221_up0_1000_s42,cm1,stageB,0.2,0.4221,0.1,,42,1,0.05,1,False,PRE_PRIMARY_INCOMPLETE_CYCLE,0.393664,-0.0016424495416350914,0.01460948223496339,0.20180766357496804,0.3910303470105735,0.23693661428701457,0.22376901576077002,0.0,0.3148448981163281,0.5166525616912961,0.36840077943523397,0.2679828787458016
c3_w2_tcop_cm1_states_L0.4_kp0_4221_up0_1000_s42,cm1,stageB,0.2,0.4221,0.1,,42,2,0.1,2,False,PRE_PRIMARY_INCOMPLETE_CYCLE,0.400448,0.0009155852429402784,0.029641948126266675,0.20339643740082897,0.404324517516874,0.23959627351410537,0.22729481523453207,0.0,0.3257292749396052,0.5291257123404342,0.3789545449494141,0.2761263178544837
c3_w2_tcop_cm1_states_L0.4_kp0_4221_up0_1000_s42,cm1,stageB,0.2,0.4221,0.1,,42,3,0.0,0,True,,0.38769600000000004,0.0005313446894540974,0.01631189956071757,0.1999984658005633,0.3780761689903685,0.2339605302487546,0.22005158470016714,0.0,0.3041601612750264,0.5041586270755897,0.37476860422005875,0.2687780117297528
c3_w2_tcop_cm1_states_L0.4_kp0_4221_up0_1000_s42,cm1,stageB,0.2,0.4221,0.1,,42,4,0.05,1,True,,0.39254399999999995,0.004390314249520319,0.0317735739470026,0.20180766357496804,0.3908155841896884,0.23687245513907254,0.22376901576077002,0.0,0.3148448981163281,0.5166525616912961,0.3804819922761251,0.27725735200498924
c3_w2_tcop_cm1_states_L0.4_kp0_4221_up0_1000_s42,cm1,stageB,0.2,0.4221,0.1,,42,5,0.1,2,True,,0.405232,2.4773678803204426e-05,0.027063801549436554,0.20339643740082897,0.40528540504922356,0.23979814280485437,0.22729481523453207,0.0,0.3257292749396052,0.5291257123404342,0.3684515887806458,0.2655392523829877
c3_w2_tcop_cm1_states_L0.4_kp0_4221_up0_1000_s42,cm1,stageB,0.2,0.4221,0.1,,42,6,0.0,0,True,,0.38547200000000004,0.0008875493656850031,0.02831374916734164,0.1999984658005633,0.37763068248414894,0.23386702898692502,0.22005158470016714,0.0,0.3041601612750264,0.5041586270755897,0.37543181615975924,0.27669441678891943
c3_w2_tcop_cm1_states_L0.4_kp0_4221_up0_1000_s42,cm1,stageB,0.2,0.4221,0.1,,42,7,0.05,1,True,,0.393984,0.0016441206564134841,0.03244502631946107,0.20180766357496804,0.39110274991300154,0.23693394544797355,0.22376901576077002,0.0,0.3148448981163281,0.5166525616912961,0.3748131105642561,0.2745538880011649
c3_w2_tcop_cm1_states_L0.4_kp0_4221_up0_1000_s42,cm1,stageB,0.2,0.4221,0.1,,42,8,0.1,2,True,,0.400144,4.2444810677511046e-06,0.03809848343594702,0.20339643740082897,0.40425691774782,0.23960030577910985,0.22729481523453207,0.0,0.3257292749396052,0.5291257123404342,0.3719221449825528,0.26933418640191703
c3_w2_tcop_cm1_states_L0.4_kp0_4221_up0_1000_s42,cm1,stageB,0.2,0.4221,0.1,,42,9,0.0,0,True,,0.38872,0.0007796784805410014,0.04625352301132283,0.1999984658005633,0.37827342872503805,0.23401767295087364,0.22005158470016714,0.0,0.3041601612750264,0.5041586270755897,0.37535656255812183,0.2729828606234615
c3_w2_tcop_cm1_states_L0.4_kp0_4221_up0_1000_s42,cm1,stageB,0.2,0.4221,0.1,,42,10,0.05,1,True,,0.39385600000000004,0.0010900389085450244,0.02603918198591479,0.20180766357496804,0.3910763567449608,0.23693201215205628,0.22376901576077002,0.0,0.3148448981163281,0.5166525616912961,0.37222051549668417,0.27000545576761936
c3_w2_tcop_cm1_states_L0.4_kp0_4221_up0_1000_s42,cm1,stageB,0.2,0.4221,0.1,,42,11,0.1,2,True,,0.39868799999999993,0.0015367996532357248,0.018584687738464882,0.20339643740082897,0.4039636704990242,0.239541796666996,0.22729481523453207,0.0,0.3257292749396052,0.5291257123404342,0.3779543625724501,0.2743560286019369
c3_w2_tcop_cm1_states_L0.4_kp0_4221_up0_1000_s42,cm1,stageB,0.2,0.4221,0.1,,42,12,0.0,0,True,,0.3910720000000001,0.001090052958408758,0.03834296615048369,0.1999984658005633,0.37875147612893406,0.23410939251358126,0.22005158470016714,0.0,0.3041601612750264,0.5041586270755897,0.3723991550100201,0.277852853062291
c3_w2_tcop_cm1_states_L0.4_kp0_4221_up0_1000_s42,cm1,stageB,0.2,0.4221,0.1,,42,13,0.05,1,True,,0.394192,-0.004973899726074623,0.015954291658793054,0.20180766357496804,0.39114049019763064,0.236949751058409,0.22376901576077002,0.0,0.3148448981163281,0.5166525616912961,0.3589664380450944,0.2676462576345238
c3_w2_tcop_cm1_states_L0.4_kp0_4221_up0_1000_s42,cm1,stageB,0.2,0.4221,0.1,,42,14,0.1,2,True,,0.39956800000000003,0.001965836307517805,0.036332783476863924,0.20339643740082897,0.4041417397246862,0.23957279195480344,0.22729481523453207,0.0,0.3257292749396052,0.5291257123404342,0.3731830011202763,0.27040620571525975
c3_w2_tcop_cm1_states_L0.4_kp0_4221_up0_1000_s42,cm1,stageB,0.2,0.4221,0.1,,42,15,0.0,0,False,BLOCK_15_PARTIAL_CYCLE,0.38808,-0.0023039747118643976,0.048169533335173896,0.1999984658005633,0.37814832981838997,0.23398752251244248,0.22005158470016714,0.0,0.3041601612750264,0.5041586270755897,0.3666201210487581,0.2737065145421925
c3_w2_tcop_cm1_states_L0.4_kp0_4221_up0_1000_s137,cm1,stageB,0.2,0.4221,0.1,,137,0,0.0,0,False,PRE_PRIMARY_INCOMPLETE_CYCLE,0.37528,0.003187585767319296,0.036532880880737036,0.1999984658005633,0.37568326885015024,0.23327536726221793,0.22005158470016714,0.0,0.3041601612750264,0.5041586270755897,0.3816180325462645,0.27671671051805874
c3_w2_tcop_cm1_states_L0.4_kp0_4221_up0_1000_s137,cm1,stageB,0.2,0.4221,0.1,,137,1,0.05,1,False,PRE_PRIMARY_INCOMPLETE_CYCLE,0.39372799999999997,-0.0018330461779074096,0.01732641332526382,0.20180766357496804,0.391049417865174,0.23692487249702954,0.22376901576077002,0.0,0.3148448981163281,0.5166525616912961,0.3713002071532269,0.26976278902795114
c3_w2_tcop_cm1_states_L0.4_kp0_4221_up0_1000_s137,cm1,stageB,0.2,0.4221,0.1,,137,2,0.1,2,False,PRE_PRIMARY_INCOMPLETE_CYCLE,0.40062400000000004,0.0017232699642792777,0.03126630069960562,0.20339643740082897,0.40435526265423083,0.23961479030506883,0.22729481523453207,0.0,0.3257292749396052,0.5291257123404342,0.3721079727381623,0.26855308453657256
c3_w2_tcop_cm1_states_L0.4_kp0_4221_up0_1000_s137,cm1,stageB,0.2,0.4221,0.1,,137,3,0.0,0,True,,0.38817599999999997,0.0021545885205537323,0.030372370494880008,0.1999984658005633,0.37816762412568333,0.2339895779995972,0.22005158470016714,0.0,0.3041601612750264,0.5041586270755897,0.3780321600368429,0.27044215533718285
c3_w2_tcop_cm1_states_L0.4_kp0_4221_up0_1000_s137,cm1,stageB,0.2,0.4221,0.1,,137,4,0.05,1,True,,0.3932,0.002027669733725945,0.009305406076661974,0.20180766357496804,0.3909477112651785,0.23689578405415126,0.22376901576077002,0.0,0.3148448981163281,0.5166525616912961,0.3807331664355138,0.2725393320895106
c3_w2_tcop_cm1_states_L0.4_kp0_4221_up0_1000_s137,cm1,stageB,0.2,0.4221,0.1,,137,5,0.1,2,True,,0.400944,0.002734282925712097,0.027592734931150616,0.20339643740082897,0.4044274694527518,0.23961276008471172,0.22729481523453207,0.0,0.3257292749396052,0.5291257123404342,0.37788266242893004,0.27168785430012077
c3_w2_tcop_cm1_states_L0.4_kp0_4221_up0_1000_s137,cm1,stageB,0.2,0.4221,0.1,,137,6,0.0,0,True,,0.386656,0.004269633904390262,0.014904734579065711,0.1999984658005633,0.3778722709180948,0.23390646811409496,0.22005158470016714,0.0,0.3041601612750264,0.5041586270755897,0.3831269348849701,0.2707440831704445
c3_w2_tcop_cm1_states_L0.4_kp0_4221_up0_1000_s137,cm1,stageB,0.2,0.4221,0.1,,137,7,0.05,1,True,,0.3952960000000001,0.0009329020775877188,0.035388100930862254,0.20180766357496804,0.3913625412093838,0.2369972318136625,0.22376901576077002,0.0,0.3148448981163281,0.5166525616912961,0.37602222206469577,0.27179497902488914
c3_w2_tcop_cm1_states_L0.4_kp0_4221_up0_1000_s137,cm1,stageB,0.2,0.4221,0.1,,137,8,0.1,2,True,,0.4001599999999999,0.001332039097524472,0.03868483795872753,0.20339643740082897,0.40426717074564283,0.2395853148284226,0.22729481523453207,0.0,0.3257292749396052,0.5291257123404342,0.37772016449196094,0.2746248035553465
c3_w2_tcop_cm1_states_L0.4_kp0_4221_up0_1000_s137,cm1,stageB,0.2,0.4221,0.1,,137,9,0.0,0,True,,0.38580800000000004,0.004579480836183951,0.05343573011366646,0.1999984658005633,0.3777129375341702,0.23385339061572924,0.22005158470016714,0.0,0.3041601612750264,0.5041586270755897,0.38601698121878997,0.2789169511777978
c3_w2_tcop_cm1_states_L0.4_kp0_4221_up0_1000_s137,cm1,stageB,0.2,0.4221,0.1,,137,10,0.05,1,True,,0.393232,-7.250607716991803e-06,0.04573345130527161,0.20180766357496804,0.3909425213849969,0.23692167352743912,0.22376901576077002,0.0,0.3148448981163281,0.5166525616912961,0.37178711505931744,0.2706836519686913
c3_w2_tcop_cm1_states_L0.4_kp0_4221_up0_1000_s137,cm1,stageB,0.2,0.4221,0.1,,137,11,0.1,2,True,,0.400752,0.0007158870371711465,0.03714671384443058,0.20339643740082897,0.40438640093437533,0.23960645345497492,0.22729481523453207,0.0,0.3257292749396052,0.5291257123404342,0.37729638879134286,0.27070914465333823
c3_w2_tcop_cm1_states_L0.4_kp0_4221_up0_1000_s137,cm1,stageB,0.2,0.4221,0.1,,137,12,0.0,0,True,,0.38817599999999997,0.0035036426369289436,0.04146141179411519,0.1999984658005633,0.3781719832255539,0.23398324330159734,0.22005158470016714,0.0,0.3041601612750264,0.5041586270755897,0.38040104942968694,0.27471041062160756
c3_w2_tcop_cm1_states_L0.4_kp0_4221_up0_1000_s137,cm1,stageB,0.2,0.4221,0.1,,137,13,0.05,1,True,,0.39180800000000005,0.0011938413696825794,0.027770333367002242,0.20180766357496804,0.3906667123696221,0.23684000656336884,0.22376901576077002,0.0,0.3148448981163281,0.5166525616912961,0.37451766237432466,0.26723275423183085
c3_w2_tcop_cm1_states_L0.4_kp0_4221_up0_1000_s137,cm1,stageB,0.2,0.4221,0.1,,137,14,0.1,2,True,,0.402256,0.003200792068856091,0.029607209074049595,0.20339643740082897,0.40469539674096444,0.23965602597833624,0.22729481523453207,0.0,0.3257292749396052,0.5291257123404342,0.38138784289915306,0.2733871539262761
c3_w2_tcop_cm1_states_L0.4_kp0_4221_up0_1000_s137,cm1,stageB,0.2,0.4221,0.1,,137,15,0.0,0,False,BLOCK_15_PARTIAL_CYCLE,0.386432,0.001390873199124519,0.05647830097233407,0.1999984658005633,0.37782638443053035,0.23390039092576073,0.22005158470016714,0.0,0.3041601612750264,0.5041586270755897,0.37781716924545317,0.2752859390404689
c3_w2_tcop_cm1_states_L0.4_kp0_4221_up0_1000_s256,cm1,stageB,0.2,0.4221,0.1,,256,0,0.0,0,False,PRE_PRIMARY_INCOMPLETE_CYCLE,0.3714719999999999,0.0034566669088927525,0.03920000776586018,0.1999984658005633,0.37493184324373735,0.23309269500843227,0.22005158470016714,0.0,0.3041601612750264,0.5041586270755897,0.38305844445553233,0.27984043754510946
c3_w2_tcop_cm1_states_L0.4_kp0_4221_up0_1000_s256,cm1,stageB,0.2,0.4221,0.1,,256,1,0.05,1,False,PRE_PRIMARY_INCOMPLETE_CYCLE,0.3956,-0.0024256009932193453,0.029738163977103948,0.20180766357496804,0.3914278343966622,0.2370005440589592,0.22376901576077002,0.0,0.3148448981163281,0.5166525616912961,0.3665216592290214,0.26761491561532547
c3_w2_tcop_cm1_states_L0.4_kp0_4221_up0_1000_s256,cm1,stageB,0.2,0.4221,0.1,,256,2,0.1,2,False,PRE_PRIMARY_INCOMPLETE_CYCLE,0.4053759999999999,-0.0007313714830789963,0.03199168638241476,0.20339643740082897,0.4053145320152373,0.23980357106754174,0.22729481523453207,0.0,0.3257292749396052,0.5291257123404342,0.3741275817931814,0.2709635770559775
c3_w2_tcop_cm1_states_L0.4_kp0_4221_up0_1000_s256,cm1,stageB,0.2,0.4221,0.1,,256,3,0.0,0,True,,0.38937600000000006,0.0038146748940019143,0.04056606995821367,0.1999984658005633,0.378415658533238,0.23402862271983507,0.22005158470016714,0.0,0.3041601612750264,0.5041586270755897,0.38016414297727374,0.27418046671639107
c3_w2_tcop_cm1_states_L0.4_kp0_4221_up0_1000_s256,cm1,stageB,0.2,0.4221,0.1,,256,4,0.05,1,True,,0.392944,0.0038736207019791132,0.046619288886907174,0.20180766357496804,0.39090033048387723,0.23687584798022274,0.22376901576077002,0.0,0.3148448981163281,0.5166525616912961,0.3828487182559004,0.27121752830284335
c3_w2_tcop_cm1_states_L0.4_kp0_4221_up0_1000_s256,cm1,stageB,0.2,0.4221,0.1,,256,5,0.1,2,True,,0.3986080000000001,0.00020837444455183506,0.008845602992450342,0.20339643740082897,0.4039475143161955,0.23953829916385605,0.22729481523453207,0.0,0.3257292749396052,0.5291257123404342,0.3743851674843699,0.2719838022235574
c3_w2_tcop_cm1_states_L0.4_kp0_4221_up0_1000_s256,cm1,stageB,0.2,0.4221,0.1,,256,6,0.0,0,True,,0.3859520000000001,-0.003030282037514879,0.017809885343857815,0.1999984658005633,0.37772521065910253,0.2338891745506163,0.22005158470016714,0.0,0.3041601612750264,0.5041586270755897,0.3637198209040886,0.27137211437663333
c3_w2_tcop_cm1_states_L0.4_kp0_4221_up0_1000_s256,cm1,stageB,0.2,0.4221,0.1,,256,7,0.05,1,True,,0.39625600000000005,0.0010535217876766418,0.04384220395675305,0.20180766357496804,0.3915620207795855,0.23702589015922795,0.22376901576077002,0.0,0.3148448981163281,0.5166525616912961,0.3758091056832594,0.27548636747839383
c3_w2_tcop_cm1_states_L0.4_kp0_4221_up0_1000_s256,cm1,stageB,0.2,0.4221,0.1,,256,8,0.1,2,True,,0.403136,0.004244974823080797,0.023672567494793455,0.20339643740082897,0.4048675193428609,0.23970041160923633,0.22729481523453207,0.0,0.3257292749396052,0.5291257123404342,0.380974840949957,0.2679495695255867
c3_w2_tcop_cm1_states_L0.4_kp0_4221_up0_1000_s256,cm1,stageB,0.2,0.4221,0.1,,256,9,0.0,0,True,,0.38848,-0.0007924773268937201,0.055765711362389773,0.1999984658005633,0.37822351079319755,0.2340129792578916,0.22005158470016714,0.0,0.3041601612750264,0.5041586270755897,0.3717693742826488,0.2714270256556193
c3_w2_tcop_cm1_states_L0.4_kp0_4221_up0_1000_s256,cm1,stageB,0.2,0.4221,0.1,,256,10,0.05,1,True,,0.39371200000000006,0.0008822980659226312,0.019891526037210932,0.20180766357496804,0.3910488137075354,0.23691975933902407,0.22376901576077002,0.0,0.3148448981163281,0.5166525616912961,0.37451194416483213,0.2673534087057162
c3_w2_tcop_cm1_states_L0.4_kp0_4221_up0_1000_s256,cm1,stageB,0.2,0.4221,0.1,,256,11,0.1,2,True,,0.40220800000000007,-0.00024289907684112621,0.02041337978541109,0.20339643740082897,0.4046782268830687,0.23967315069942452,0.22729481523453207,0.0,0.3257292749396052,0.5291257123404342,0.3717080172912356,0.2712617388605578
c3_w2_tcop_cm1_states_L0.4_kp0_4221_up0_1000_s256,cm1,stageB,0.2,0.4221,0.1,,256,12,0.0,0,True,,0.38592000000000004,-0.0025654412804014828,0.038204193346395465,0.1999984658005633,0.37772000203933204,0.23388683614691347,0.22005158470016714,0.0,0.3041601612750264,0.5041586270755897,0.3662291602994949,0.27589667563005416
c3_w2_tcop_cm1_states_L0.4_kp0_4221_up0_1000_s256,cm1,stageB,0.2,0.4221,0.1,,256,13,0.05,1,True,,0.390256,0.006698980069926874,0.044294409185877515,0.20180766357496804,0.39036743054309114,0.23675055294162695,0.22376901576077002,0.0,0.3148448981163281,0.5166525616912961,0.3889166488059049,0.274914884422343
c3_w2_tcop_cm1_states_L0.4_kp0_4221_up0_1000_s256,cm1,stageB,0.2,0.4221,0.1,,256,14,0.1,2,True,,0.40192,-0.002297387553938948,0.03926729841752425,0.20339643740082897,0.4046097462683305,0.23968344045534526,0.22729481523453207,0.0,0.3257292749396052,0.5291257123404342,0.3639294678662368,0.26475192051797825
c3_w2_tcop_cm1_states_L0.4_kp0_4221_up0_1000_s256,cm1,stageB,0.2,0.4221,0.1,,256,15,0.0,0,False,BLOCK_15_PARTIAL_CYCLE,0.38675200000000004,0.00227906381162602,0.03272363314392617,0.1999984658005633,0.3778932432727993,0.23391056200152255,0.22005158470016714,0.0,0.3041601612750264,0.5041586270755897,0.3738892809219286,0.27436471397317136
c3_w2_tcop_cm1_states_L0.4_kp0_4221_up0_1000_s1024,cm1,stageB,0.2,0.4221,0.1,,1024,0,0.0,0,False,PRE_PRIMARY_INCOMPLETE_CYCLE,0.372752,-0.0008356852558399074,0.03638267871688937,0.1999984658005633,0.37518150130993944,0.2331605215777649,0.22005158470016714,0.0,0.3041601612750264,0.5041586270755897,0.37232932676804625,0.2783528367588352
c3_w2_tcop_cm1_states_L0.4_kp0_4221_up0_1000_s1024,cm1,stageB,0.2,0.4221,0.1,,1024,1,0.05,1,False,PRE_PRIMARY_INCOMPLETE_CYCLE,0.393184,-0.00014525636848512817,0.023001515038854833,0.20180766357496804,0.39093840684931225,0.23691017103821296,0.22376901576077002,0.0,0.3148448981163281,0.5166525616912961,0.3717158737729987,0.27484603648495215
c3_w2_tcop_cm1_states_L0.4_kp0_4221_up0_1000_s1024,cm1,stageB,0.2,0.4221,0.1,,1024,2,0.1,2,False,PRE_PRIMARY_INCOMPLETE_CYCLE,0.39879999999999993,0.0016699945290866952,0.04186240400185984,0.20339643740082897,0.4039834803739231,0.2395497549784925,0.22729481523453207,0.0,0.3257292749396052,0.5291257123404342,0.37812970353825487,0.270162611366764
c3_w2_tcop_cm1_states_L0.4_kp0_4221_up0_1000_s1024,cm1,stageB,0.2,0.4221,0.1,,1024,3,0.0,0,True,,0.385552,0.003382362814995175,0.030869518369470127,0.1999984658005633,0.3776542004795519,0.23385623138157227,0.22005158470016714,0.0,0.3041601612750264,0.5041586270755897,0.3812885883457028,0.27347203142915744
c3_w2_tcop_cm1_states_L0.4_kp0_4221_up0_1000_s1024,cm1,stageB,0.2,0.4221,0.1,,1024,4,0.05,1,True,,0.395344,0.002429243329435193,0.028377743312387675,0.20180766357496804,0.3913763758869151,0.23698785171631287,0.22376901576077002,0.0,0.3148448981163281,0.5166525616912961,0.3775081712422185,0.268063333174742
c3_w2_tcop_cm1_states_L0.4_kp0_4221_up0_1000_s1024,cm1,stageB,0.2,0.4221,0.1,,1024,5,0.1,2,True,,0.4028000000000001,-0.0002903593959077971,0.023151462243561773,0.20339643740082897,0.40479227730142925,0.2397088814924528,0.22729481523453207,0.0,0.3257292749396052,0.5291257123404342,0.37282325596410515,0.2716901559333148
c3_w2_tcop_cm1_states_L0.4_kp0_4221_up0_1000_s1024,cm1,stageB,0.2,0.4221,0.1,,1024,6,0.0,0,True,,0.39268800000000004,-0.0012698185668700715,0.04079971705777778,0.1999984658005633,0.37906478538385807,0.23419621953945996,0.22005158470016714,0.0,0.3041601612750264,0.5041586270755897,0.3699509507181138,0.27127080083370936
c3_w2_tcop_cm1_states_L0.4_kp0_4221_up0_1000_s1024,cm1,stageB,0.2,0.4221,0.1,,1024,7,0.05,1,True,,0.390704,0.00347916712664838,0.05475543710011398,0.20180766357496804,0.3904453359624434,0.23679446673446017,0.22376901576077002,0.0,0.3148448981163281,0.5166525616912961,0.3796270055616588,0.2704183411522532
c3_w2_tcop_cm1_states_L0.4_kp0_4221_up0_1000_s1024,cm1,stageB,0.2,0.4221,0.1,,1024,8,0.1,2,True,,0.3986880000000001,0.0003621807018774638,0.04446063818729638,0.20339643740082897,0.40396919355994604,0.2395269659671467,0.22729481523453207,0.0,0.3257292749396052,0.5291257123404342,0.377161353469585,0.2730083830390958
c3_w2_tcop_cm1_states_L0.4_kp0_4221_up0_1000_s1024,cm1,stageB,0.2,0.4221,0.1,,1024,9,0.0,0,True,,0.38804800000000006,-0.0007876791867348517,0.031344549026150345,0.1999984658005633,0.3781438195902209,0.23398034567194081,0.22005158470016714,0.0,0.3041601612750264,0.5041586270755897,0.3723908200614802,0.27290732614137553
c3_w2_tcop_cm1_states_L0.4_kp0_4221_up0_1000_s1024,cm1,stageB,0.2,0.4221,0.1,,1024,10,0.05,1,True,,0.393424,0.0029829905156187556,0.03181388214405074,0.20180766357496804,0.3909915974228928,0.23690921786759028,0.22376901576077002,0.0,0.3148448981163281,0.5166525616912961,0.3774076476587481,0.27137912367862294
c3_w2_tcop_cm1_states_L0.4_kp0_4221_up0_1000_s1024,cm1,stageB,0.2,0.4221,0.1,,1024,11,0.1,2,True,,0.40084800000000004,0.0005896092137236342,0.04150433858158426,0.20339643740082897,0.40440262496310453,0.23961841501252037,0.22729481523453207,0.0,0.3257292749396052,0.5291257123404342,0.3751396953064048,0.2718603316372077
c3_w2_tcop_cm1_states_L0.4_kp0_4221_up0_1000_s1024,cm1,stageB,0.2,0.4221,0.1,,1024,12,0.0,0,True,,0.385888,-0.00015662763599316322,0.012038482736386623,0.1999984658005633,0.3777137529708428,0.23388330629508436,0.22005158470016714,0.0,0.3041601612750264,0.5041586270755897,0.37321527889518796,0.2701023888767255
c3_w2_tcop_cm1_states_L0.4_kp0_4221_up0_1000_s1024,cm1,stageB,0.2,0.4221,0.1,,1024,13,0.05,1,True,,0.395504,0.0004454115930406758,0.012937596720715677,0.20180766357496804,0.3914075311458742,0.2370010881678406,0.22376901576077002,0.0,0.3148448981163281,0.5166525616912961,0.3721767843538254,0.27321815080941425
c3_w2_tcop_cm1_states_L0.4_kp0_4221_up0_1000_s1024,cm1,stageB,0.2,0.4221,0.1,,1024,14,0.1,2,True,,0.405872,0.0002937997226342325,0.03256664320507482,0.20339643740082897,0.4054197248298489,0.2398122445059821,0.22729481523453207,0.0,0.3257292749396052,0.5291257123404342,0.37224627323290554,0.2690925360899896
c3_w2_tcop_cm1_states_L0.4_kp0_4221_up0_1000_s1024,cm1,stageB,0.2,0.4221,0.1,,1024,15,0.0,0,False,BLOCK_15_PARTIAL_CYCLE,0.386224,0.0017863929398696196,0.026550130423995736,0.1999984658005633,0.37778430985752237,0.23389371263097086,0.22005158470016714,0.0,0.3041601612750264,0.5041586270755897,0.377512852692969,0.27506350337004265
c3_w2_tcop_cm1_states_L0.4_kp0_4221_up0_1000_s31415,cm1,stageB,0.2,0.4221,0.1,,31415,0,0.0,0,False,PRE_PRIMARY_INCOMPLETE_CYCLE,0.36652799999999996,-0.0015721448181335712,0.04927875000899386,0.1999984658005633,0.37394544518107325,0.23287508549446526,0.22005158470016714,0.0,0.3041601612750264,0.5041586270755897,0.369408876422326,0.2799666572383514
c3_w2_tcop_cm1_states_L0.4_kp0_4221_up0_1000_s31415,cm1,stageB,0.2,0.4221,0.1,,31415,1,0.05,1,False,PRE_PRIMARY_INCOMPLETE_CYCLE,0.39164800000000005,0.0022616620505031913,0.038244370036555654,0.20180766357496804,0.3906349831825022,0.2368342872015516,0.22376901576077002,0.0,0.3148448981163281,0.5166525616912961,0.3782983906671851,0.2748621671962357
c3_w2_tcop_cm1_states_L0.4_kp0_4221_up0_1000_s31415,cm1,stageB,0.2,0.4221,0.1,,31415,2,0.1,2,False,PRE_PRIMARY_INCOMPLETE_CYCLE,0.403408,0.0010642111063073252,0.01771725179083799,0.20339643740082897,0.404919545218908,0.2397177382797717,0.22729481523453207,0.0,0.3257292749396052,0.5291257123404342,0.37961510119759995,0.26885459625446634
c3_w2_tcop_cm1_states_L0.4_kp0_4221_up0_1000_s31415,cm1,stageB,0.2,0.4221,0.1,,31415,3,0.0,0,True,,0.38567999999999997,0.0002593814946396395,0.035051291281962854,0.1999984658005633,0.3776776667794875,0.2338651141258329,0.22005158470016714,0.0,0.3041601612750264,0.5041586270755897,0.37448347197412724,0.2746251255861053
c3_w2_tcop_cm1_states_L0.4_kp0_4221_up0_1000_s31415,cm1,stageB,0.2,0.4221,0.1,,31415,4,0.05,1,True,,0.393536,0.0005066588934621732,0.01639991159065605,0.20180766357496804,0.3910155785490109,0.23691071032688107,0.22376901576077002,0.0,0.3148448981163281,0.5166525616912961,0.36909065149490156,0.269485529999635
c3_w2_tcop_cm1_states_L0.4_kp0_4221_up0_1000_s31415,cm1,stageB,0.2,0.4221,0.1,,31415,5,0.1,2,True,,0.3999680000000001,0.0028783969547038573,0.04365736674641902,0.20339643740082897,0.4042334741704094,0.2395660690564105,0.22729481523453207,0.0,0.3257292749396052,0.5291257123404342,0.38076690627472226,0.2742625663080435
c3_w2_tcop_cm1_states_L0.4_kp0_4221_up0_1000_s31415,cm1,stageB,0.2,0.4221,0.1,,31415,6,0.0,0,True,,0.385568,0.0013750549051625525,0.0236826836304165,0.1999984658005633,0.37766043671133914,0.233850187490232,0.22005158470016714,0.0,0.3041601612750264,0.5041586270755897,0.3753675827049663,0.27245386778842223
c3_w2_tcop_cm1_states_L0.4_kp0_4221_up0_1000_s31415,cm1,stageB,0.2,0.4221,0.1,,31415,7,0.05,1,True,,0.3941120000000001,-0.002019094603121243,0.02581111391732777,0.20180766357496804,0.39112655786779127,0.23694429041235682,0.22376901576077002,0.0,0.3148448981163281,0.5166525616912961,0.3705358169632546,0.27341692669141676
c3_w2_tcop_cm1_states_L0.4_kp0_4221_up0_1000_s31415,cm1,stageB,0.2,0.4221,0.1,,31415,8,0.1,2,True,,0.40007999999999994,0.003855527674153574,0.034571563839755626,0.20339643740082897,0.4042511653651371,0.23958028803829598,0.22729481523453207,0.0,0.3257292749396052,0.5291257123404342,0.3781303466214063,0.27012442128572417
c3_w2_tcop_cm1_states_L0.4_kp0_4221_up0_1000_s31415,cm1,stageB,0.2,0.4221,0.1,,31415,9,0.0,0,True,,0.38342400000000004,0.000323604180001831,0.028618646788878533,0.1999984658005633,0.37723011704290593,0.23376049263688015,0.22005158470016714,0.0,0.3041601612750264,0.5041586270755897,0.37268374345777466,0.27343655078239015
c3_w2_tcop_cm1_states_L0.4_kp0_4221_up0_1000_s31415,cm1,stageB,0.2,0.4221,0.1,,31415,10,0.05,1,True,,0.39529600000000004,0.0028426410668155127,0.042852586033108354,0.20180766357496804,0.3913676414142723,0.23698289645562676,0.22376901576077002,0.0,0.3148448981163281,0.5166525616912961,0.38174418264536913,0.27121174423891253
c3_w2_tcop_cm1_states_L0.4_kp0_4221_up0_1000_s31415,cm1,stageB,0.2,0.4221,0.1,,31415,11,0.1,2,True,,0.399936,0.00455989899409438,0.027290223943544953,0.20339643740082897,0.40421746220434307,0.23958717978036403,0.22729481523453207,0.0,0.3257292749396052,0.5291257123404342,0.3836664439008948,0.2734196666014343
c3_w2_tcop_cm1_states_L0.4_kp0_4221_up0_1000_s31415,cm1,stageB,0.2,0.4221,0.1,,31415,12,0.0,0,True,,0.3872,-0.0009441649482791338,0.042032930989241664,0.1999984658005633,0.37797848665692896,0.23393705620213429,0.22005158470016714,0.0,0.3041601612750264,0.5041586270755897,0.3731077038997889,0.2734928877907366
c3_w2_tcop_cm1_states_L0.4_kp0_4221_up0_1000_s31415,cm1,stageB,0.2,0.4221,0.1,,31415,13,0.05,1,True,,0.394304,-0.003315728966052724,0.02279541449875425,0.20180766357496804,0.39116015196503306,0.23696343184788668,0.22376901576077002,0.0,0.3148448981163281,0.5166525616912961,0.36328164979315175,0.26968965892851093
c3_w2_tcop_cm1_states_L0.4_kp0_4221_up0_1000_s31415,cm1,stageB,0.2,0.4221,0.1,,31415,14,0.1,2,True,,0.3992960000000001,0.002594731897205109,0.03563714616258213,0.20339643740082897,0.40409370031711134,0.23955002764114305,0.22729481523453207,0.0,0.3257292749396052,0.5291257123404342,0.3738524525902421,0.27105362307518344
c3_w2_tcop_cm1_states_L0.4_kp0_4221_up0_1000_s31415,cm1,stageB,0.2,0.4221,0.1,,31415,15,0.0,0,False,BLOCK_15_PARTIAL_CYCLE,0.39166399999999996,0.0007224175251447109,0.02754188725626819,0.1999984658005633,0.37885907340995817,0.2341517204029728,0.22005158470016714,0.0,0.3041601612750264,0.5041586270755897,0.3768453306589302,0.27327996937699967
c3_w2_tcop_cm1_states_L0.4_kp0_4221_up0_2500_s42,cm1,stageB,0.2,0.4221,0.25,,42,0,0.0,0,False,PRE_PRIMARY_INCOMPLETE_CYCLE,0.37188799999999994,0.00230405833605469,0.03194309519520619,0.1999984658005633,0.3750068117732647,0.23312434265473603,0.22005158470016714,0.0,0.3041601612750264,0.5041586270755897,0.3800500529518472,0.2759775131754753
c3_w2_tcop_cm1_states_L0.4_kp0_4221_up0_2500_s42,cm1,stageB,0.2,0.4221,0.25,,42,1,0.125,1,False,PRE_PRIMARY_INCOMPLETE_CYCLE,0.40507200000000004,-0.002291287542500088,0.015546916627473163,0.20410589268343943,0.4112600350394684,0.2408876154326456,0.2289811365242492,0.0,0.33124375590462235,0.5353496485880618,0.36596933140323223,0.26620550166877516
c3_w2_tcop_cm1_states_L0.4_kp0_4221_up0_2500_s42,cm1,stageB,0.2,0.4221,0.25,,42,2,0.25,2,False,PRE_PRIMARY_INCOMPLETE_CYCLE,0.42344000000000004,0.001359783196565123,0.03529054806989619,0.20677353555960803,0.44548533103656535,0.24568963534710928,0.2365749521350463,0.0,0.3594930544898847,0.5662665900494928,0.38247821478074023,0.27199416823493017
c3_w2_tcop_cm1_states_L0.4_kp0_4221_up0_2500_s42,cm1,stageB,0.2,0.4221,0.25,,42,3,0.0,0,True,,0.3888960000000001,0.0005329372386587157,0.01603782156676411,0.1999984658005633,0.3783147205542404,0.2340150860576949,0.22005158470016714,0.0,0.3041601612750264,0.5041586270755897,0.37472345311120236,0.2679838241909358
c3_w2_tcop_cm1_states_L0.4_kp0_4221_up0_2500_s42,cm1,stageB,0.2,0.4221,0.25,,42,4,0.125,1,True,,0.405056,0.0040396575058874555,0.021587505501125263,0.20410589268343943,0.41126618184161395,0.2408647688106125,0.2289811365242492,0.0,0.33124375590462235,0.5353496485880618,0.3809005122044319,0.27427171073533624
c3_w2_tcop_cm1_states_L0.4_kp0_4221_up0_2500_s42,cm1,stageB,0.2,0.4221,0.25,,42,5,0.25,2,True,,0.42892800000000003,-0.0010300167973172202,0.025582465476298232,0.20677353555960803,0.44661939662450073,0.24583935800936044,0.2365749521350463,0.0,0.3594930544898847,0.5662665900494928,0.3659507969197299,0.2626144455539554
c3_w2_tcop_cm1_states_L0.4_kp0_4221_up0_2500_s42,cm1,stageB,0.2,0.4221,0.25,,42,6,0.0,0,True,,0.386464,0.0009510623201318075,0.028380211616205884,0.1999984658005633,0.3778283085442105,0.23391156487813644,0.22005158470016714,0.0,0.3041601612750264,0.5041586270755897,0.3754432132078607,0.2768887775735982
c3_w2_tcop_cm1_states_L0.4_kp0_4221_up0_2500_s42,cm1,stageB,0.2,0.4221,0.25,,42,7,0.125,1,True,,0.405216,0.0006691109824045928,0.030879054750590447,0.20410589268343943,0.4112954447465512,0.24087658067154857,0.2289811365242492,0.0,0.33124375590462235,0.5353496485880618,0.37226985415238995,0.2716081524695986
c3_w2_tcop_cm1_states_L0.4_kp0_4221_up0_2500_s42,cm1,stageB,0.2,0.4221,0.25,,42,8,0.25,2,True,,0.42383999999999994,-0.0009094436240851722,0.03479795008490195,0.20677353555960803,0.44556494015243114,0.24571819218095153,0.2365749521350463,0.0,0.3594930544898847,0.5662665900494928,0.3701682465987227,0.26527607881066534
c3_w2_tcop_cm1_states_L0.4_kp0_4221_up0_2500_s42,cm1,stageB,0.2,0.4221,0.25,,42,9,0.0,0,True,,0.38990400000000003,0.0005924476334081149,0.04799095908676356,0.1999984658005633,0.3785082756163485,0.23407289582352525,0.22005158470016714,0.0,0.3041601612750264,0.5041586270755897,0.374120272063103,0.27255997583893693
c3_w2_tcop_cm1_states_L0.4_kp0_4221_up0_2500_s42,cm1,stageB,0.2,0.4221,0.25,,42,10,0.125,1,True,,0.40529599999999993,0.0005152585526671975,0.026221746886685396,0.20410589268343943,0.41131235907953967,0.2408809811531762,0.2289811365242492,0.0,0.33124375590462235,0.5353496485880618,0.37204842414618355,0.2685554248933662
c3_w2_tcop_cm1_states_L0.4_kp0_4221_up0_2500_s42,cm1,stageB,0.2,0.4221,0.25,,42,11,0.25,2,True,,0.42312,0.0006161148329949663,0.018222209764557327,0.20677353555960803,0.4454164071034837,0.2456987401342158,0.2365749521350463,0.0,0.3594930544898847,0.5662665900494928,0.3762066818847552,0.2670682492500931
c3_w2_tcop_cm1_states_L0.4_kp0_4221_up0_2500_s42,cm1,stageB,0.2,0.4221,0.25,,42,12,0.0,0,True,,0.39192,0.0009253607419787012,0.038647422607227366,0.1999984658005633,0.37892075879943454,0.23414663249074028,0.22005158470016714,0.0,0.3041601612750264,0.5041586270755897,0.3721633932579288,0.2770736174815312
c3_w2_tcop_cm1_states_L0.4_kp0_4221_up0_2500_s42,cm1,stageB,0.2,0.4221,0.25,,42,13,0.125,1,True,,0.406304,-0.005897786930162258,0.014560612479671319,0.20410589268343943,0.41151245659227004,0.24092547730992006,0.2289811365242492,0.0,0.33124375590462235,0.5353496485880618,0.3575369488985738,0.26418906045838897
c3_w2_tcop_cm1_states_L0.4_kp0_4221_up0_2500_s42,cm1,stageB,0.2,0.4221,0.25,,42,14,0.25,2,True,,0.42344000000000004,-0.00016280157659783032,0.03747335178024578,0.20677353555960803,0.4454793126037966,0.24571688149532195,0.2365749521350463,0.0,0.3594930544898847,0.5662665900494928,0.3686844875605171,0.26301692416630834
c3_w2_tcop_cm1_states_L0.4_kp0_4221_up0_2500_s42,cm1,stageB,0.2,0.4221,0.25,,42,15,0.0,0,False,BLOCK_15_PARTIAL_CYCLE,0.38928000000000007,-0.00208522734638132,0.04744055722572291,0.1999984658005633,0.37838774889497445,0.2340405474014526,0.22005158470016714,0.0,0.3041601612750264,0.5041586270755897,0.36685780280945335,0.2735626501130544
c3_w2_tcop_cm1_states_L0.4_kp0_4221_up0_2500_s137,cm1,stageB,0.2,0.4221,0.25,,137,0,0.0,0,False,PRE_PRIMARY_INCOMPLETE_CYCLE,0.37528,0.003187585767319296,0.036532880880737036,0.1999984658005633,0.37568326885015024,0.23327536726221793,0.22005158470016714,0.0,0.3041601612750264,0.5041586270755897,0.3816180325462645,0.27671671051805874
c3_w2_tcop_cm1_states_L0.4_kp0_4221_up0_2500_s137,cm1,stageB,0.2,0.4221,0.25,,137,1,0.125,1,False,PRE_PRIMARY_INCOMPLETE_CYCLE,0.404976,-0.0020913237469238565,0.013034424386373337,0.20410589268343943,0.41124509766563366,0.24087026728885294,0.2289811365242492,0.0,0.33124375590462235,0.5353496485880618,0.3714707010542629,0.267952216797656
c3_w2_tcop_cm1_states_L0.4_kp0_4221_up0_2500_s137,cm1,stageB,0.2,0.4221,0.25,,137,2,0.25,2,False,PRE_PRIMARY_INCOMPLETE_CYCLE,0.424528,-0.0006593129057188141,0.022561646515752782,0.20677353555960803,0.4457055081077321,0.24574208003020373,0.2365749521350463,0.0,0.3594930544898847,0.5662665900494928,0.36618050553000286,0.2628244091055222
c3_w2_tcop_cm1_states_L0.4_kp0_4221_up0_2500_s137,cm1,stageB,0.2,0.4221,0.25,,137,3,0.0,0,True,,0.38942399999999994,0.0022151214080497533,0.030465426954050943,0.1999984658005633,0.378415503209079,0.23404671998474613,0.22005158470016714,0.0,0.3041601612750264,0.5041586270755897,0.378128673088706,0.2701671662860888
c3_w2_tcop_cm1_states_L0.4_kp0_4221_up0_2500_s137,cm1,stageB,0.2,0.4221,0.25,,137,4,0.125,1,True,,0.40512,0.0005215164383756574,0.006995578745469026,0.20410589268343943,0.4112785777441914,0.24086704293924868,0.2289811365242492,0.0,0.33124375590462235,0.5353496485880618,0.3771489935165954,0.2702050464893545
c3_w2_tcop_cm1_states_L0.4_kp0_4221_up0_2500_s137,cm1,stageB,0.2,0.4221,0.25,,137,5,0.25,2,True,,0.42448,0.0027006356417523425,0.023831271813726188,0.20677353555960803,0.4457012294278308,0.24571873142794878,0.2365749521350463,0.0,0.3594930544898847,0.5662665900494928,0.37787981858335123,0.2647854005477671
c3_w2_tcop_cm1_states_L0.4_kp0_4221_up0_2500_s137,cm1,stageB,0.2,0.4221,0.25,,137,6,0.0,0,True,,0.387728,0.004216294279045845,0.015058228708381164,0.1999984658005633,0.3780857922040543,0.23395482902370876,0.22005158470016714,0.0,0.3041601612750264,0.5041586270755897,0.38268166617620575,0.27101952207421065
c3_w2_tcop_cm1_states_L0.4_kp0_4221_up0_2500_s137,cm1,stageB,0.2,0.4221,0.25,,137,7,0.125,1,True,,0.406768,-0.00011928619383946019,0.03094817669524119,0.20410589268343943,0.4116105020155052,0.24093579530992196,0.2289811365242492,0.0,0.33124375590462235,0.5353496485880618,0.37244267861824004,0.2695142615295519
c3_w2_tcop_cm1_states_L0.4_kp0_4221_up0_2500_s137,cm1,stageB,0.2,0.4221,0.25,,137,8,0.25,2,True,,0.422992,-0.000263209980506107,0.03279918752650738,0.20677353555960803,0.44539143663052544,0.24569083889950952,0.2365749521350463,0.0,0.3594930544898847,0.5662665900494928,0.37496046233017877,0.27033642971519517
c3_w2_tcop_cm1_states_L0.4_kp0_4221_up0_2500_s137,cm1,stageB,0.2,0.4221,0.25,,137,9,0.0,0,True,,0.38683200000000006,0.004406741902998077,0.05332358901003923,0.1999984658005633,0.37791646484308533,0.2338998308992,0.22005158470016714,0.0,0.3041601612750264,0.5041586270755897,0.3861647568148179,0.2785681437378953
c3_w2_tcop_cm1_states_L0.4_kp0_4221_up0_2500_s137,cm1,stageB,0.2,0.4221,0.25,,137,10,0.125,1,True,,0.4052,-0.0016984654419076066,0.04419711267037665,0.20410589268343943,0.41128313048284604,0.24090073772046358,0.2289811365242492,0.0,0.33124375590462235,0.5353496485880618,0.36737955136379274,0.26768635685798625
c3_w2_tcop_cm1_states_L0.4_kp0_4221_up0_2500_s137,cm1,stageB,0.2,0.4221,0.25,,137,11,0.25,2,True,,0.424304,-0.001791409454502811,0.03304528387935905,0.20677353555960803,0.44566222580945347,0.24572261199331447,0.2365749521350463,0.0,0.3594930544898847,0.5662665900494928,0.3704756028402931,0.26408471300364267
c3_w2_tcop_cm1_states_L0.4_kp0_4221_up0_2500_s137,cm1,stageB,0.2,0.4221,0.25,,137,12,0.0,0,True,,0.389392,0.0033554301816842145,0.039725547504224946,0.1999984658005633,0.37841351425815617,0.23403916290762375,0.22005158470016714,0.0,0.3041601612750264,0.5041586270755897,0.3796691530629664,0.2735515725352148
c3_w2_tcop_cm1_states_L0.4_kp0_4221_up0_2500_s137,cm1,stageB,0.2,0.4221,0.25,,137,13,0.125,1,True,,0.4035679999999999,0.0010906314419197925,0.023476281571746672,0.20410589268343943,0.41096194635161104,0.24081160215652578,0.2289811365242492,0.0,0.33124375590462235,0.5353496485880618,0.37469232471040337,0.2669805287498801
c3_w2_tcop_cm1_states_L0.4_kp0_4221_up0_2500_s137,cm1,stageB,0.2,0.4221,0.25,,137,14,0.25,2,True,,0.4264,0.002013752075066807,0.027430580214473407,0.20677353555960803,0.4461015619060375,0.24575064195541457,0.2365749521350463,0.0,0.3594930544898847,0.5662665900494928,0.3787383115351026,0.2666363777837561
c3_w2_tcop_cm1_states_L0.4_kp0_4221_up0_2500_s137,cm1,stageB,0.2,0.4221,0.25,,137,15,0.0,0,False,BLOCK_15_PARTIAL_CYCLE,0.38724800000000004,0.0015476825052074578,0.05731273676226726,0.1999984658005633,0.3779887364446813,0.23393766321671194,0.22005158470016714,0.0,0.3041601612750264,0.5041586270755897,0.3778240705837292,0.27512648354770325
c3_w2_tcop_cm1_states_L0.4_kp0_4221_up0_2500_s256,cm1,stageB,0.2,0.4221,0.25,,256,0,0.0,0,False,PRE_PRIMARY_INCOMPLETE_CYCLE,0.3714719999999999,0.0034566669088927525,0.03920000776586018,0.1999984658005633,0.37493184324373735,0.23309269500843227,0.22005158470016714,0.0,0.3041601612750264,0.5041586270755897,0.38305844445553233,0.27984043754510946
c3_w2_tcop_cm1_states_L0.4_kp0_4221_up0_2500_s256,cm1,stageB,0.2,0.4221,0.25,,256,1,0.125,1,False,PRE_PRIMARY_INCOMPLETE_CYCLE,0.407296,-0.002091668351244764,0.028317852171420008,0.20410589268343943,0.4117209744823433,0.2409444334233281,0.2289811365242492,0.0,0.33124375590462235,0.5353496485880618,0.3663304251563392,0.26479257415736246
c3_w2_tcop_cm1_states_L0.4_kp0_4221_up0_2500_s256,cm1,stageB,0.2,0.4221,0.25,,256,2,0.25,2,False,PRE_PRIMARY_INCOMPLETE_CYCLE,0.42742399999999997,-0.002520815945669457,0.03314121594346872,0.20677353555960803,0.44630584162408493,0.24581422663564978,0.2365749521350463,0.0,0.3594930544898847,0.5662665900494928,0.3693452033431994,0.2668405027282576
c3_w2_tcop_cm1_states_L0.4_kp0_4221_up0_2500_s256,cm1,stageB,0.2,0.4221,0.25,,256,3,0.0,0,True,,0.39035200000000003,0.003827938654299885,0.03985080950530138,0.1999984658005633,0.3786101191840465,0.23407231904316467,0.22005158470016714,0.0,0.3041601612750264,0.5041586270755897,0.38035836300234466,0.2739906531650024
c3_w2_tcop_cm1_states_L0.4_kp0_4221_up0_2500_s256,cm1,stageB,0.2,0.4221,0.25,,256,4,0.125,1,True,,0.405504,0.0028344051076458474,0.04628979905320188,0.20410589268343943,0.4113600446610941,0.24087123498898882,0.2289811365242492,0.0,0.33124375590462235,0.5353496485880618,0.3798850810571679,0.26964343015537334
c3_w2_tcop_cm1_states_L0.4_kp0_4221_up0_2500_s256,cm1,stageB,0.2,0.4221,0.25,,256,5,0.25,2,True,,0.42136,0.00019502154171538026,-0.001796726869642959,0.20677353555960803,0.4450521357728986,0.24565419803536254,0.2365749521350463,0.0,0.3594930544898847,0.5662665900494928,0.37602515481731014,0.27029094102611184
c3_w2_tcop_cm1_states_L0.4_kp0_4221_up0_2500_s256,cm1,stageB,0.2,0.4221,0.25,,256,6,0.0,0,True,,0.3872,-0.002940374572962355,0.018779628053968645,0.1999984658005633,0.37797296240188577,0.23394660248537194,0.22005158470016714,0.0,0.3041601612750264,0.5041586270755897,0.3639949115770007,0.2709677952596304
c3_w2_tcop_cm1_states_L0.4_kp0_4221_up0_2500_s256,cm1,stageB,0.2,0.4221,0.25,,256,7,0.125,1,True,,0.407392,0.00039522027765782533,0.04181596343477756,0.20410589268343943,0.41174189036503933,0.2409485542398769,0.2289811365242492,0.0,0.33124375590462235,0.5353496485880618,0.37427572232002837,0.27282676352342095
c3_w2_tcop_cm1_states_L0.4_kp0_4221_up0_2500_s256,cm1,stageB,0.2,0.4221,0.25,,256,8,0.25,2,True,,0.425808,0.0036213983802852985,0.01939580566027265,0.20677353555960803,0.44597566013012885,0.2457497752543422,0.2365749521350463,0.0,0.3594930544898847,0.5662665900494928,0.38137679519425355,0.26655087187399923
c3_w2_tcop_cm1_states_L0.4_kp0_4221_up0_2500_s256,cm1,stageB,0.2,0.4221,0.25,,256,9,0.0,0,True,,0.389504,-0.0008532357860915294,0.05552700441176346,0.1999984658005633,0.37842644276813636,0.23406096676261717,0.22005158470016714,0.0,0.3041601612750264,0.5041586270755897,0.37146905023317395,0.2708668658585715
c3_w2_tcop_cm1_states_L0.4_kp0_4221_up0_2500_s256,cm1,stageB,0.2,0.4221,0.25,,256,10,0.125,1,True,,0.40556800000000004,-0.0010220839367747821,0.020463231948594573,0.20410589268343943,0.4113677012412809,0.240885954367125,0.2289811365242492,0.0,0.33124375590462235,0.5353496485880618,0.3698175825087288,0.26388924832435295
c3_w2_tcop_cm1_states_L0.4_kp0_4221_up0_2500_s256,cm1,stageB,0.2,0.4221,0.25,,256,11,0.25,2,True,,0.425392,-0.0017912442719406917,0.024402401957803924,0.20677353555960803,0.44588738185343424,0.24575613135236613,0.2365749521350463,0.0,0.3594930544898847,0.5662665900494928,0.3669616182660128,0.265411915605122
c3_w2_tcop_cm1_states_L0.4_kp0_4221_up0_2500_s256,cm1,stageB,0.2,0.4221,0.25,,256,12,0.0,0,True,,0.38715200000000005,-0.0030409833475396426,0.03817910576989811,0.1999984658005633,0.37796411631590104,0.23394428599622005,0.22005158470016714,0.0,0.3041601612750264,0.5041586270755897,0.36515793102335636,0.27502106874595805
c3_w2_tcop_cm1_states_L0.4_kp0_4221_up0_2500_s256,cm1,stageB,0.2,0.4221,0.25,,256,13,0.125,1,True,,0.402928,0.006388634606685959,0.046710991011277146,0.20410589268343943,0.41084010528596904,0.24076759838670742,0.2289811365242492,0.0,0.33124375590462235,0.5353496485880618,0.38863510722977146,0.2733211710793633
c3_w2_tcop_cm1_states_L0.4_kp0_4221_up0_2500_s256,cm1,stageB,0.2,0.4221,0.25,,256,14,0.25,2,True,,0.42608,-0.0056349850580685755,0.03490452149401813,0.20677353555960803,0.446023260931423,0.24579544912065818,0.2365749521350463,0.0,0.3594930544898847,0.5662665900494928,0.35763098121655573,0.2578810557983939
c3_w2_tcop_cm1_states_L0.4_kp0_4221_up0_2500_s256,cm1,stageB,0.2,0.4221,0.25,,256,15,0.0,0,False,BLOCK_15_PARTIAL_CYCLE,0.38809600000000005,0.0019676081360677725,0.03355525355637837,0.1999984658005633,0.3781600655044321,0.2339726349149618,0.22005158470016714,0.0,0.3041601612750264,0.5041586270755897,0.37322913723169265,0.2739002173739601
c3_w2_tcop_cm1_states_L0.4_kp0_4221_up0_2500_s1024,cm1,stageB,0.2,0.4221,0.25,,1024,0,0.0,0,False,PRE_PRIMARY_INCOMPLETE_CYCLE,0.372752,-0.0008356852558399074,0.03638267871688937,0.1999984658005633,0.37518150130993944,0.2331605215777649,0.22005158470016714,0.0,0.3041601612750264,0.5041586270755897,0.37232932676804625,0.2783528367588352
c3_w2_tcop_cm1_states_L0.4_kp0_4221_up0_2500_s1024,cm1,stageB,0.2,0.4221,0.25,,1024,1,0.125,1,False,PRE_PRIMARY_INCOMPLETE_CYCLE,0.404912,-0.0005541292938531621,0.026540429986736797,0.20410589268343943,0.4112314526046496,0.2408749485151246,0.2289811365242492,0.0,0.33124375590462235,0.5353496485880618,0.37081827776923787,0.27358649477096525
c3_w2_tcop_cm1_states_L0.4_kp0_4221_up0_2500_s1024,cm1,stageB,0.2,0.4221,0.25,,1024,2,0.25,2,False,PRE_PRIMARY_INCOMPLETE_CYCLE,0.42371200000000003,0.0009184839398363012,0.03476172395809226,0.20677353555960803,0.44553716026761864,0.24571795622951706,0.2365749521350463,0.0,0.3594930544898847,0.5662665900494928,0.37701227628388667,0.2644765147962509
c3_w2_tcop_cm1_states_L0.4_kp0_4221_up0_2500_s1024,cm1,stageB,0.2,0.4221,0.25,,1024,3,0.0,0,True,,0.386576,0.003342436423300578,0.030354068324443297,0.1999984658005633,0.37785795364892066,0.23390266508941457,0.22005158470016714,0.0,0.3041601612750264,0.5041586270755897,0.38113729514550704,0.27330919893104516
c3_w2_tcop_cm1_states_L0.4_kp0_4221_up0_2500_s1024,cm1,stageB,0.2,0.4221,0.25,,1024,4,0.125,1,True,,0.407296,0.0015948850629930184,0.028241763999975945,0.20410589268343943,0.41171948714575174,0.24094678051482507,0.2289811365242492,0.0,0.33124375590462235,0.5353496485880618,0.3748443669086101,0.2643363304893301
c3_w2_tcop_cm1_states_L0.4_kp0_4221_up0_2500_s1024,cm1,stageB,0.2,0.4221,0.25,,1024,5,0.25,2,True,,0.42566400000000004,-0.0025767628198544766,0.023820716641013723,0.20677353555960803,0.44593867376737073,0.24578126140106096,0.2365749521350463,0.0,0.3594930544898847,0.5662665900494928,0.3683745330562106,0.26551279734497074
c3_w2_tcop_cm1_states_L0.4_kp0_4221_up0_2500_s1024,cm1,stageB,0.2,0.4221,0.25,,1024,6,0.0,0,True,,0.393776,-0.0013845084980025726,0.04171227605527046,0.1999984658005633,0.37928105490308345,0.23424589964576484,0.22005158470016714,0.0,0.3041601612750264,0.5041586270755897,0.36991270820507954,0.27058407228684994
c3_w2_tcop_cm1_states_L0.4_kp0_4221_up0_2500_s1024,cm1,stageB,0.2,0.4221,0.25,,1024,7,0.125,1,True,,0.4025599999999999,0.0017299195671717762,0.0542742471925186,0.20410589268343943,0.41075401891305463,0.24078442185104343,0.2289811365242492,0.0,0.33124375590462235,0.5353496485880618,0.37574611002347247,0.26594722920400715
c3_w2_tcop_cm1_states_L0.4_kp0_4221_up0_2500_s1024,cm1,stageB,0.2,0.4221,0.25,,1024,8,0.25,2,True,,0.42168,-0.0012692851541868894,0.033813840929661304,0.20677353555960803,0.44511889169439345,0.24565744015878196,0.2365749521350463,0.0,0.3594930544898847,0.5662665900494928,0.37179146893908416,0.264660345817263
c3_w2_tcop_cm1_states_L0.4_kp0_4221_up0_2500_s1024,cm1,stageB,0.2,0.4221,0.25,,1024,9,0.0,0,True,,0.388928,-0.0007909549809722419,0.031012445032647207,0.1999984658005633,0.37831902443057985,0.23402032589999702,0.22005158470016714,0.0,0.3041601612750264,0.5041586270755897,0.37287466806065817,0.2733369502090778
c3_w2_tcop_cm1_states_L0.4_kp0_4221_up0_2500_s1024,cm1,stageB,0.2,0.4221,0.25,,1024,10,0.125,1,True,,0.404928,0.0014770792398301567,0.028155438812517773,0.20410589268343943,0.41123669587113565,0.24086786163474333,0.2289811365242492,0.0,0.33124375590462235,0.5353496485880618,0.3743872858902144,0.26799865112217747
c3_w2_tcop_cm1_states_L0.4_kp0_4221_up0_2500_s1024,cm1,stageB,0.2,0.4221,0.25,,1024,11,0.25,2,True,,0.42363200000000006,-0.00040046959628379613,0.037923387183756894,0.20677353555960803,0.4455229030939903,0.24571015956572842,0.2365749521350463,0.0,0.3594930544898847,0.5662665900494928,0.37319817015698126,0.2679423410100318
c3_w2_tcop_cm1_states_L0.4_kp0_4221_up0_2500_s1024,cm1,stageB,0.2,0.4221,0.25,,1024,12,0.0,0,True,,0.386752,-0.00021881613374326252,0.012845379389984844,0.1999984658005633,0.37788531268930287,0.23392324483651006,0.22005158470016714,0.0,0.3041601612750264,0.5041586270755897,0.37287461171128333,0.26992459619376313
c3_w2_tcop_cm1_states_L0.4_kp0_4221_up0_2500_s1024,cm1,stageB,0.2,0.4221,0.25,,1024,13,0.125,1,True,,0.4075040000000001,-0.0013004457452779092,0.006864582194555837,0.20410589268343943,0.4117615741095062,0.2409602012336781,0.2289811365242492,0.0,0.33124375590462235,0.5353496485880618,0.3661235262967938,0.2697120880816126
c3_w2_tcop_cm1_states_L0.4_kp0_4221_up0_2500_s1024,cm1,stageB,0.2,0.4221,0.25,,1024,14,0.25,2,True,,0.42849600000000004,-0.0005918460660962777,0.02308542638939705,0.20677353555960803,0.4465321724240695,0.24581995091967407,0.2365749521350463,0.0,0.3594930544898847,0.5662665900494928,0.3710399831960779,0.26529406322503607
c3_w2_tcop_cm1_states_L0.4_kp0_4221_up0_2500_s1024,cm1,stageB,0.2,0.4221,0.25,,1024,15,0.0,0,False,BLOCK_15_PARTIAL_CYCLE,0.38747200000000004,0.001774025893705614,0.0270190012348871,0.1999984658005633,0.37803282708266783,0.23394980944870553,0.22005158470016714,0.0,0.3041601612750264,0.5041586270755897,0.37753768494283707,0.2750879103386186
c3_w2_tcop_cm1_states_L0.4_kp0_4221_up0_2500_s31415,cm1,stageB,0.2,0.4221,0.25,,31415,0,0.0,0,False,PRE_PRIMARY_INCOMPLETE_CYCLE,0.36652799999999996,-0.0015721448181335712,0.04927875000899386,0.1999984658005633,0.37394544518107325,0.23287508549446526,0.22005158470016714,0.0,0.3041601612750264,0.5041586270755897,0.369408876422326,0.2799666572383514
c3_w2_tcop_cm1_states_L0.4_kp0_4221_up0_2500_s31415,cm1,stageB,0.2,0.4221,0.25,,31415,1,0.125,1,False,PRE_PRIMARY_INCOMPLETE_CYCLE,0.402416,0.002205448248761069,0.03608139308471736,0.20410589268343943,0.41072777695777535,0.2407729350509171,0.2289811365242492,0.0,0.33124375590462235,0.5353496485880618,0.3787238632957047,0.2721900646446525
c3_w2_tcop_cm1_states_L0.4_kp0_4221_up0_2500_s31415,cm1,stageB,0.2,0.4221,0.25,,31415,2,0.25,2,False,PRE_PRIMARY_INCOMPLETE_CYCLE,0.4263679999999999,0.0003475794967533014,0.022927068342425392,0.20677353555960803,0.4460890513865187,0.24577647357601873,0.2365749521350463,0.0,0.3594930544898847,0.5662665900494928,0.3792680677144213,0.26809291113092665
c3_w2_tcop_cm1_states_L0.4_kp0_4221_up0_2500_s31415,cm1,stageB,0.2,0.4221,0.25,,31415,3,0.0,0,True,,0.386608,0.0002246817009343218,0.035456245971897886,0.1999984658005633,0.37786237471817674,0.23390713363445428,0.22005158470016714,0.0,0.3041601612750264,0.5041586270755897,0.37449489139714637,0.2744142234779208
c3_w2_tcop_cm1_states_L0.4_kp0_4221_up0_2500_s31415,cm1,stageB,0.2,0.4221,0.25,,31415,4,0.125,1,True,,0.4047839999999999,-0.00021156224563567027,0.014421106716563138,0.20410589268343943,0.4112103953556077,0.24085616898717774,0.2289811365242492,0.0,0.33124375590462235,0.5353496485880618,0.36779087089804074,0.2678924101427544
c3_w2_tcop_cm1_states_L0.4_kp0_4221_up0_2500_s31415,cm1,stageB,0.2,0.4221,0.25,,31415,5,0.25,2,True,,0.422624,0.0018948864152308702,0.044392657287021346,0.20677353555960803,0.4453172987669513,0.2456726152210474,0.2365749521350463,0.0,0.3594930544898847,0.5662665900494928,0.37727572232990814,0.2663376414678001
c3_w2_tcop_cm1_states_L0.4_kp0_4221_up0_2500_s31415,cm1,stageB,0.2,0.4221,0.25,,31415,6,0.0,0,True,,0.38671999999999995,0.0014308298083779746,0.022737579988517827,0.1999984658005633,0.377890247010318,0.23390138067301763,0.22005158470016714,0.0,0.3041601612750264,0.5041586270755897,0.3756513309281111,0.27302576625936065
c3_w2_tcop_cm1_states_L0.4_kp0_4221_up0_2500_s31415,cm1,stageB,0.2,0.4221,0.25,,31415,7,0.125,1,True,,0.40528,-0.0020294776080965263,0.026040401190298906,0.20410589268343943,0.41130779377851706,0.2408814694461951,0.2289811365242492,0.0,0.33124375590462235,0.5353496485880618,0.37039246446994484,0.2697195128441837
c3_w2_tcop_cm1_states_L0.4_kp0_4221_up0_2500_s31415,cm1,stageB,0.2,0.4221,0.25,,31415,8,0.25,2,True,,0.42351999999999995,0.0028371896853283105,0.03506248232490808,0.20677353555960803,0.4455006583712224,0.2457020515037786,0.2365749521350463,0.0,0.3594930544898847,0.5662665900494928,0.37542253073927623,0.26659927308852127
c3_w2_tcop_cm1_states_L0.4_kp0_4221_up0_2500_s31415,cm1,stageB,0.2,0.4221,0.25,,31415,9,0.0,0,True,,0.38446400000000003,0.00031269574419870666,0.027450773718497405,0.1999984658005633,0.3774363654444387,0.23380900570691068,0.22005158470016714,0.0,0.3041601612750264,0.5041586270755897,0.37271738740771243,0.27317121502137076
c3_w2_tcop_cm1_states_L0.4_kp0_4221_up0_2500_s31415,cm1,stageB,0.2,0.4221,0.25,,31415,10,0.125,1,True,,0.40663999999999995,0.0013948631005636669,0.038694289138559095,0.20410589268343943,0.4115865753305046,0.24092018806700866,0.2289811365242492,0.0,0.33124375590462235,0.5353496485880618,0.3777563748923221,0.2693081922717234
c3_w2_tcop_cm1_states_L0.4_kp0_4221_up0_2500_s31415,cm1,stageB,0.2,0.4221,0.25,,31415,11,0.25,2,True,,0.422288,0.002508757799000396,0.020382363777929888,0.20677353555960803,0.44524132541668276,0.24569218191628697,0.2365749521350463,0.0,0.3594930544898847,0.5662665900494928,0.37935385879370886,0.26897459794860645
c3_w2_tcop_cm1_states_L0.4_kp0_4221_up0_2500_s31415,cm1,stageB,0.2,0.4221,0.25,,31415,12,0.0,0,True,,0.3883520000000001,-0.0008662884495658976,0.04326084354638389,0.1999984658005633,0.37820789700178614,0.2339887655866557,0.22005158470016714,0.0,0.3041601612750264,0.5041586270755897,0.372556118169129,0.2727735998871027
c3_w2_tcop_cm1_states_L0.4_kp0_4221_up0_2500_s31415,cm1,stageB,0.2,0.4221,0.25,,31415,13,0.125,1,True,,0.407136,-0.002547505063726155,0.01788541190157988,0.20410589268343943,0.41168453674419914,0.24095252132157363,0.2289811365242492,0.0,0.33124375590462235,0.5353496485880618,0.36475489321165583,0.2682293730793125
c3_w2_tcop_cm1_states_L0.4_kp0_4221_up0_2500_s31415,cm1,stageB,0.2,0.4221,0.25,,31415,14,0.25,2,True,,0.42344000000000004,-0.0007543688836493183,0.03211746547132541,0.20677353555960803,0.4454843284839956,0.24570263548163976,0.2365749521350463,0.0,0.3594930544898847,0.5662665900494928,0.36850538320133147,0.26746199215956673
c3_w2_tcop_cm1_states_L0.4_kp0_4221_up0_2500_s31415,cm1,stageB,0.2,0.4221,0.25,,31415,15,0.0,0,False,BLOCK_15_PARTIAL_CYCLE,0.39249599999999996,0.0008738100091734649,0.027780529741988854,0.1999984658005633,0.3790248231854121,0.23418915306712382,0.22005158470016714,0.0,0.3041601612750264,0.5041586270755897,0.3774728677968715,0.27317688832464987
c3_w2_tcop_cm1_states_L0.4_kp0_4221_up0_5000_s42,cm1,stageB,0.2,0.4221,0.5,,42,0,0.0,0,False,PRE_PRIMARY_INCOMPLETE_CYCLE,0.37188799999999994,0.00230405833605469,0.03194309519520619,0.1999984658005633,0.3750068117732647,0.23312434265473603,0.22005158470016714,0.0,0.3041601612750264,0.5041586270755897,0.3800500529518472,0.2759775131754753
c3_w2_tcop_cm1_states_L0.4_kp0_4221_up0_5000_s42,cm1,stageB,0.2,0.4221,0.5,,42,1,0.25,1,False,PRE_PRIMARY_INCOMPLETE_CYCLE,0.4236,-0.0037617063890687725,0.01277917114534814,0.20677353555960803,0.445510382634609,0.2457330403384851,0.2365749521350463,0.0,0.3594930544898847,0.5662665900494928,0.3619172754293102,0.26121631830413544
c3_w2_tcop_cm1_states_L0.4_kp0_4221_up0_5000_s42,cm1,stageB,0.2,0.4221,0.5,,42,2,0.5,2,False,PRE_PRIMARY_INCOMPLETE_CYCLE,0.457792,-0.0007383786813611595,0.02967887041926891,0.20752736787642379,0.5146362087407934,0.2484048279688855,0.24425326552812937,0.0,0.41883318753538534,0.6263605554118091,0.3791131092809671,0.269160342587064
c3_w2_tcop_cm1_states_L0.4_kp0_4221_up0_5000_s42,cm1,stageB,0.2,0.4221,0.5,,42,3,0.0,0,True,,0.390336,0.0003935940628953582,0.014299501149592088,0.1999984658005633,0.3786021579979902,0.23407844895062985,0.22005158470016714,0.0,0.3041601612750264,0.5041586270755897,0.3740682447953996,0.2680737079091339
c3_w2_tcop_cm1_states_L0.4_kp0_4221_up0_5000_s42,cm1,stageB,0.2,0.4221,0.5,,42,4,0.25,1,True,,0.42446400000000006,0.0028285068519642888,0.02474870078010846,0.20677353555960803,0.4456975909562233,0.24572300050835927,0.2365749521350463,0.0,0.3594930544898847,0.5662665900494928,0.3787275180754594,0.27061914881877946
c3_w2_tcop_cm1_states_L0.4_kp0_4221_up0_5000_s42,cm1,stageB,0.2,0.4221,0.5,,42,5,0.5,2,True,,0.4644,-0.0029849278383712735,0.0216348628007987,0.20752736787642379,0.5160251288666322,0.2483944081701653,0.24425326552812937,0.0,0.41883318753538534,0.6263605554118091,0.36401688754347566,0.25852679500594067
c3_w2_tcop_cm1_states_L0.4_kp0_4221_up0_5000_s42,cm1,stageB,0.2,0.4221,0.5,,42,6,0.0,0,True,,0.38824,0.0011116543720932665,0.03031638307193102,0.1999984658005633,0.37818348285230546,0.23398864075863093,0.22005158470016714,0.0,0.3041601612750264,0.5041586270755897,0.3758162253361146,0.2771249645371762
c3_w2_tcop_cm1_states_L0.4_kp0_4221_up0_5000_s42,cm1,stageB,0.2,0.4221,0.5,,42,7,0.25,1,True,,0.424,-0.0005211686289700412,0.029678867403314907,0.20677353555960803,0.44559843835036084,0.24571908313224144,0.2365749521350463,0.0,0.3594930544898847,0.5662665900494928,0.3694664908498255,0.266817014830039
c3_w2_tcop_cm1_states_L0.4_kp0_4221_up0_5000_s42,cm1,stageB,0.2,0.4221,0.5,,42,8,0.5,2,True,,0.46083199999999996,-0.0027223782350799274,0.033023120176472034,0.20752736787642379,0.5152758694494276,0.24841212889416292,0.24425326552812937,0.0,0.41883318753538534,0.6263605554118091,0.3651059347533645,0.25669666542534475
c3_w2_tcop_cm1_states_L0.4_kp0_4221_up0_5000_s42,cm1,stageB,0.2,0.4221,0.5,,42,9,0.0,0,True,,0.391552,0.0005977414937582727,0.04704485022210315,0.1999984658005633,0.3788370904093973,0.23414564765003898,0.22005158470016714,0.0,0.3041601612750264,0.5041586270755897,0.3740985273693127,0.27160323640612216
c3_w2_tcop_cm1_states_L0.4_kp0_4221_up0_5000_s42,cm1,stageB,0.2,0.4221,0.5,,42,10,0.25,1,True,,0.42417599999999994,-0.0003876348683299876,0.023382631919091373,0.20677353555960803,0.44563542568245074,0.24572433781025832,0.2365749521350463,0.0,0.3594930544898847,0.5662665900494928,0.37155082618608776,0.2606719418017079
c3_w2_tcop_cm1_states_L0.4_kp0_4221_up0_5000_s42,cm1,stageB,0.2,0.4221,0.5,,42,11,0.5,2,True,,0.45940800000000004,-0.0030288916832824793,0.03180357520659312,0.20752736787642379,0.5149771264568805,0.2484221992937554,0.24425326552812937,0.0,0.41883318753538534,0.6263605554118091,0.36821010948475424,0.25734934065281106
c3_w2_tcop_cm1_states_L0.4_kp0_4221_up0_5000_s42,cm1,stageB,0.2,0.4221,0.5,,42,12,0.0,0,True,,0.39348800000000006,0.00044577754418429415,0.03919770427302296,0.1999984658005633,0.3792344370480294,0.2342139793229879,0.22005158470016714,0.0,0.3041601612750264,0.5041586270755897,0.37150466586921593,0.276318954615703
c3_w2_tcop_cm1_states_L0.4_kp0_4221_up0_5000_s42,cm1,stageB,0.2,0.4221,0.5,,42,13,0.25,1,True,,0.425472,-0.00635904058228719,0.01484580740684427,0.20677353555960803,0.4459015074656722,0.24576208082655643,0.2365749521350463,0.0,0.3594930544898847,0.5662665900494928,0.3559815076008778,0.2604084903440429
c3_w2_tcop_cm1_states_L0.4_kp0_4221_up0_5000_s42,cm1,stageB,0.2,0.4221,0.5,,42,14,0.5,2,True,,0.46075199999999994,-0.0035145710906510736,0.029914324155210902,0.20752736787642379,0.5152584757976681,0.24841720000641865,0.24425326552812937,0.0,0.41883318753538534,0.6263605554118091,0.3612679019638453,0.25358977244952585
c3_w2_tcop_cm1_states_L0.4_kp0_4221_up0_5000_s42,cm1,stageB,0.2,0.4221,0.5,,42,15,0.0,0,False,BLOCK_15_PARTIAL_CYCLE,0.39083199999999996,-0.0019548784656085428,0.04791408278178792,0.1999984658005633,0.3786975089289281,0.2341087521741521,0.22005158470016714,0.0,0.3041601612750264,0.5041586270755897,0.3665502925497247,0.2727649052144836
c3_w2_tcop_cm1_states_L0.4_kp0_4221_up0_5000_s137,cm1,stageB,0.2,0.4221,0.5,,137,0,0.0,0,False,PRE_PRIMARY_INCOMPLETE_CYCLE,0.37528,0.003187585767319296,0.036532880880737036,0.1999984658005633,0.37568326885015024,0.23327536726221793,0.22005158470016714,0.0,0.3041601612750264,0.5041586270755897,0.3816180325462645,0.27671671051805874
c3_w2_tcop_cm1_states_L0.4_kp0_4221_up0_5000_s137,cm1,stageB,0.2,0.4221,0.5,,137,1,0.25,1,False,PRE_PRIMARY_INCOMPLETE_CYCLE,0.42352000000000006,-0.0024627337449770782,0.01910329161177646,0.20677353555960803,0.44549782082282924,0.2457125302354905,0.2365749521350463,0.0,0.3594930544898847,0.5662665900494928,0.369026840579655,0.2651951821877508
c3_w2_tcop_cm1_states_L0.4_kp0_4221_up0_5000_s137,cm1,stageB,0.2,0.4221,0.5,,137,2,0.5,2,False,PRE_PRIMARY_INCOMPLETE_CYCLE,0.46073600000000003,-0.0024890692139648628,0.01232621994983333,0.20752736787642379,0.5152547683824811,0.24841150094218617,0.24425326552812937,0.0,0.41883318753538534,0.6263605554118091,0.36298794603314705,0.2551710702216598
c3_w2_tcop_cm1_states_L0.4_kp0_4221_up0_5000_s137,cm1,stageB,0.2,0.4221,0.5,,137,3,0.0,0,True,,0.39108799999999994,0.001973299981929135,0.029483103638097505,0.1999984658005633,0.3787475591415982,0.23412020808554163,0.22005158470016714,0.0,0.3041601612750264,0.5041586270755897,0.3776185376411362,0.2699766171487237
c3_w2_tcop_cm1_states_L0.4_kp0_4221_up0_5000_s137,cm1,stageB,0.2,0.4221,0.5,,137,4,0.25,1,True,,0.4236,0.00019772695462897988,0.004476053995718552,0.20677353555960803,0.44551635774282056,0.24570994586954248,0.2365749521350463,0.0,0.3594930544898847,0.5662665900494928,0.3761193121361363,0.26750328227295955
c3_w2_tcop_cm1_states_L0.4_kp0_4221_up0_5000_s137,cm1,stageB,0.2,0.4221,0.5,,137,5,0.5,2,True,,0.45836799999999994,0.00033616284620149195,0.021705115494573674,0.20752736787642379,0.5147580729361437,0.2484102264809239,0.24425326552812937,0.0,0.41883318753538534,0.6263605554118091,0.37196864099392835,0.26186984699739574
c3_w2_tcop_cm1_states_L0.4_kp0_4221_up0_5000_s137,cm1,stageB,0.2,0.4221,0.5,,137,6,0.0,0,True,,0.388912,0.004128460640519386,0.014958536241417885,0.1999984658005633,0.3783208389919323,0.2340091620506876,0.22005158470016714,0.0,0.3041601612750264,0.5041586270755897,0.3820511462015805,0.27059845782862313
c3_w2_tcop_cm1_states_L0.4_kp0_4221_up0_5000_s137,cm1,stageB,0.2,0.4221,0.5,,137,7,0.25,1,True,,0.42526400000000003,-0.0004379863376447465,0.034961445192924365,0.20677353555960803,0.4458597924814982,0.24575517199247318,0.2365749521350463,0.0,0.3594930544898847,0.5662665900494928,0.36955254173214663,0.26502107193652213
c3_w2_tcop_cm1_states_L0.4_kp0_4221_up0_5000_s137,cm1,stageB,0.2,0.4221,0.5,,137,8,0.5,2,True,,0.4597760000000001,-0.0006514123915276005,0.030766389275703975,0.20752736787642379,0.5150530121966478,0.24839556162304413,0.24425326552812937,0.0,0.41883318753538534,0.6263605554118091,0.3757001796699354,0.26320482289073405
c3_w2_tcop_cm1_states_L0.4_kp0_4221_up0_5000_s137,cm1,stageB,0.2,0.4221,0.5,,137,9,0.0,0,True,,0.38830400000000004,0.004180222559897058,0.05474468979356735,0.1999984658005633,0.37821078643635425,0.23396399134319837,0.22005158470016714,0.0,0.3041601612750264,0.5041586270755897,0.3859047350834747,0.27893872699516875
c3_w2_tcop_cm1_states_L0.4_kp0_4221_up0_5000_s137,cm1,stageB,0.2,0.4221,0.5,,137,10,0.25,1,True,,0.423984,-0.0020361558822396776,0.039959227591862406,0.20677353555960803,0.4455902740718689,0.24574171325049898,0.2365749521350463,0.0,0.3594930544898847,0.5662665900494928,0.3672594599890435,0.26350974912575387
c3_w2_tcop_cm1_states_L0.4_kp0_4221_up0_5000_s137,cm1,stageB,0.2,0.4221,0.5,,137,11,0.5,2,True,,0.459824,-0.0023587315439143417,0.028759196111027216,0.20752736787642379,0.5150633242325542,0.24841316478261077,0.24425326552812937,0.0,0.41883318753538534,0.6263605554118091,0.37002319565934655,0.2571337563598004
c3_w2_tcop_cm1_states_L0.4_kp0_4221_up0_5000_s137,cm1,stageB,0.2,0.4221,0.5,,137,12,0.0,0,True,,0.39102400000000004,0.0033916725878700904,0.04090416030180312,0.1999984658005633,0.37873962404053274,0.23411052052506104,0.22005158470016714,0.0,0.3041601612750264,0.5041586270755897,0.3797697686656079,0.2731526517376748
c3_w2_tcop_cm1_states_L0.4_kp0_4221_up0_5000_s137,cm1,stageB,0.2,0.4221,0.5,,137,13,0.25,1,True,,0.42308799999999996,-0.0010270567530108812,0.022400420517532903,0.20677353555960803,0.44540936232902023,0.2456953924203072,0.2365749521350463,0.0,0.3594930544898847,0.5662665900494928,0.37156645763964774,0.2614729963837024
c3_w2_tcop_cm1_states_L0.4_kp0_4221_up0_5000_s137,cm1,stageB,0.2,0.4221,0.5,,137,14,0.5,2,True,,0.46147200000000005,0.0013598889152215531,0.030592249834050844,0.20752736787642379,0.5154080730394653,0.2483767599688183,0.24425326552812937,0.0,0.41883318753538534,0.6263605554118091,0.37864207260018057,0.2621062007543085
c3_w2_tcop_cm1_states_L0.4_kp0_4221_up0_5000_s137,cm1,stageB,0.2,0.4221,0.5,,137,15,0.0,0,False,BLOCK_15_PARTIAL_CYCLE,0.388816,0.0014266940491878927,0.05890800102151224,0.1999984658005633,0.3783019381009683,0.23400650597192982,0.22005158470016714,0.0,0.3041601612750264,0.5041586270755897,0.377282388275962,0.27433759102199295
c3_w2_tcop_cm1_states_L0.4_kp0_4221_up0_5000_s256,cm1,stageB,0.2,0.4221,0.5,,256,0,0.0,0,False,PRE_PRIMARY_INCOMPLETE_CYCLE,0.3714719999999999,0.0034566669088927525,0.03920000776586018,0.1999984658005633,0.37493184324373735,0.23309269500843227,0.22005158470016714,0.0,0.3041601612750264,0.5041586270755897,0.38305844445553233,0.27984043754510946
c3_w2_tcop_cm1_states_L0.4_kp0_4221_up0_5000_s256,cm1,stageB,0.2,0.4221,0.5,,256,1,0.25,1,False,PRE_PRIMARY_INCOMPLETE_CYCLE,0.425776,-0.003129859354251585,0.02706977808524143,0.20677353555960803,0.4459681324355743,0.2457541246040555,0.2365749521350463,0.0,0.3594930544898847,0.5662665900494928,0.3634682416809119,0.26177981963030633
c3_w2_tcop_cm1_states_L0.4_kp0_4221_up0_5000_s256,cm1,stageB,0.2,0.4221,0.5,,256,2,0.5,2,False,PRE_PRIMARY_INCOMPLETE_CYCLE,0.46281599999999995,-0.003979034598925238,0.032201992216680755,0.20752736787642379,0.5156929888334869,0.2484125769296858,0.24425326552812937,0.0,0.41883318753538534,0.6263605554118091,0.3646567270080304,0.2576862677700891
c3_w2_tcop_cm1_states_L0.4_kp0_4221_up0_5000_s256,cm1,stageB,0.2,0.4221,0.5,,256,3,0.0,0,True,,0.392,0.003970932231991174,0.04101954746284643,0.1999984658005633,0.37893894763259917,0.23414536124078525,0.22005158470016714,0.0,0.3041601612750264,0.5041586270755897,0.3809418365531671,0.27399113030032984
c3_w2_tcop_cm1_states_L0.4_kp0_4221_up0_5000_s256,cm1,stageB,0.2,0.4221,0.5,,256,4,0.25,1,True,,0.42424000000000006,0.002881639130149684,0.045228419856060006,0.20677353555960803,0.4456523930310117,0.2457077556545377,0.2365749521350463,0.0,0.3594930544898847,0.5662665900494928,0.37789538007435686,0.2651986632546784
c3_w2_tcop_cm1_states_L0.4_kp0_4221_up0_5000_s256,cm1,stageB,0.2,0.4221,0.5,,256,5,0.5,2,True,,0.45708800000000005,-0.0014877611737625822,-0.003251833414399561,0.20752736787642379,0.5144899281366924,0.24842289569517795,0.24425326552812937,0.0,0.41883318753538534,0.6263605554118091,0.3714204442220636,0.2660992521327065
c3_w2_tcop_cm1_states_L0.4_kp0_4221_up0_5000_s256,cm1,stageB,0.2,0.4221,0.5,,256,6,0.0,0,True,,0.388784,-0.0030309571118777895,0.01937186717811288,0.1999984658005633,0.3782890109042512,0.23401642457513064,0.22005158470016714,0.0,0.3041601612750264,0.5041586270755897,0.36365948123696723,0.2703107377728776
c3_w2_tcop_cm1_states_L0.4_kp0_4221_up0_5000_s256,cm1,stageB,0.2,0.4221,0.5,,256,7,0.25,1,True,,0.42664,-0.0007372135530731663,0.039083078387238734,0.20677353555960803,0.4461489079172223,0.24577588124715508,0.2365749521350463,0.0,0.3594930544898847,0.5662665900494928,0.37048929442055484,0.2695530870781716
c3_w2_tcop_cm1_states_L0.4_kp0_4221_up0_5000_s256,cm1,stageB,0.2,0.4221,0.5,,256,8,0.5,2,True,,0.46172799999999997,0.001105578410323281,0.019071251375942677,0.20752736787642379,0.5154611340911635,0.2483810896856456,0.24425326552812937,0.0,0.41883318753538534,0.6263605554118091,0.3769838668705453,0.2594031735830335
c3_w2_tcop_cm1_states_L0.4_kp0_4221_up0_5000_s256,cm1,stageB,0.2,0.4221,0.5,,256,9,0.0,0,True,,0.39088,-0.0009948315622860626,0.055455596797690195,0.1999984658005633,0.378701046281643,0.23412144659608858,0.22005158470016714,0.0,0.3041601612750264,0.5041586270755897,0.37060165250371513,0.2696158422585745
c3_w2_tcop_cm1_states_L0.4_kp0_4221_up0_5000_s256,cm1,stageB,0.2,0.4221,0.5,,256,10,0.25,1,True,,0.42441599999999996,-0.002258545212140574,0.024428163560465576,0.20677353555960803,0.4456842929733168,0.24572966825591516,0.2365749521350463,0.0,0.3594930544898847,0.5662665900494928,0.3675372332442056,0.25962907167233434
c3_w2_tcop_cm1_states_L0.4_kp0_4221_up0_5000_s256,cm1,stageB,0.2,0.4221,0.5,,256,11,0.5,2,True,,0.4616799999999999,-0.0027484138488731618,0.026007944227898587,0.20752736787642379,0.5154530453008457,0.24839711325481523,0.24425326552812937,0.0,0.41883318753538534,0.6263605554118091,0.3656281200459577,0.25543317504562996
c3_w2_tcop_cm1_states_L0.4_kp0_4221_up0_5000_s256,cm1,stageB,0.2,0.4221,0.5,,256,12,0.0,0,True,,0.388896,-0.003216998991754975,0.04013154695338849,0.1999984658005633,0.37831159475814247,0.23402248959120636,0.22005158470016714,0.0,0.3041601612750264,0.5041586270755897,0.3646197597559304,0.27425363787618173
c3_w2_tcop_cm1_states_L0.4_kp0_4221_up0_5000_s256,cm1,stageB,0.2,0.4221,0.5,,256,13,0.25,1,True,,0.421968,0.004573520043482047,0.04811239833627829,0.20677353555960803,0.4451812070775301,0.24565432038554794,0.2365749521350463,0.0,0.3594930544898847,0.5662665900494928,0.3836507747414661,0.26952711901105814
c3_w2_tcop_cm1_states_L0.4_kp0_4221_up0_5000_s256,cm1,stageB,0.2,0.4221,0.5,,256,14,0.5,2,True,,0.46118400000000004,-0.0053490209648153495,0.04330491611047069,0.20752736787642379,0.5153503182509191,0.24843140285426688,0.24425326552812937,0.0,0.41883318753538534,0.6263605554118091,0.35783611698153095,0.2503633147354075
c3_w2_tcop_cm1_states_L0.4_kp0_4221_up0_5000_s256,cm1,stageB,0.2,0.4221,0.5,,256,15,0.0,0,False,BLOCK_15_PARTIAL_CYCLE,0.38944,0.002117826603678368,0.031450162295474586,0.1999984658005633,0.3784284151830975,0.23403168840182723,0.22005158470016714,0.0,0.3041601612750264,0.5041586270755897,0.3734378957567081,0.27380179101580343
c3_w2_tcop_cm1_states_L0.4_kp0_4221_up0_5000_s1024,cm1,stageB,0.2,0.4221,0.5,,1024,0,0.0,0,False,PRE_PRIMARY_INCOMPLETE_CYCLE,0.372752,-0.0008356852558399074,0.03638267871688937,0.1999984658005633,0.37518150130993944,0.2331605215777649,0.22005158470016714,0.0,0.3041601612750264,0.5041586270755897,0.37232932676804625,0.2783528367588352
c3_w2_tcop_cm1_states_L0.4_kp0_4221_up0_5000_s1024,cm1,stageB,0.2,0.4221,0.5,,1024,1,0.25,1,False,PRE_PRIMARY_INCOMPLETE_CYCLE,0.423488,-0.0008177607218057075,0.02486727643026927,0.20677353555960803,0.4454919165936584,0.2457117747707541,0.2365749521350463,0.0,0.3594930544898847,0.5662665900494928,0.36996101046284535,0.2685670592484893
c3_w2_tcop_cm1_states_L0.4_kp0_4221_up0_5000_s1024,cm1,stageB,0.2,0.4221,0.5,,1024,2,0.5,2,False,PRE_PRIMARY_INCOMPLETE_CYCLE,0.45908800000000005,-0.0014227368226564186,0.02206462984625151,0.20752736787642379,0.5149082752826384,0.24841638358159032,0.24425326552812937,0.0,0.41883318753538534,0.6263605554118091,0.3722947389080497,0.25685469924667964
c3_w2_tcop_cm1_states_L0.4_kp0_4221_up0_5000_s1024,cm1,stageB,0.2,0.4221,0.5,,1024,3,0.0,0,True,,0.38809599999999994,0.003450119442889405,0.029075706458821474,0.1999984658005633,0.3781618339153563,0.233968555268923,0.22005158470016714,0.0,0.3041601612750264,0.5041586270755897,0.3815368483156498,0.2732817736112753
c3_w2_tcop_cm1_states_L0.4_kp0_4221_up0_5000_s1024,cm1,stageB,0.2,0.4221,0.5,,1024,4,0.25,1,True,,0.426112,-0.0005391174093534951,0.02526539530543008,0.20677353555960803,0.4460359665970968,0.24576812699828343,0.2365749521350463,0.0,0.3594930544898847,0.5662665900494928,0.3695337793418984,0.25953429529425254
c3_w2_tcop_cm1_states_L0.4_kp0_4221_up0_5000_s1024,cm1,stageB,0.2,0.4221,0.5,,1024,5,0.5,2,True,,0.46089600000000003,-0.004978273167682551,0.019872836035646133,0.20752736787642379,0.5152906531147081,0.24842657748664798,0.24425326552812937,0.0,0.41883318753538534,0.6263605554118091,0.36177080186495536,0.2610894660867693
c3_w2_tcop_cm1_states_L0.4_kp0_4221_up0_5000_s1024,cm1,stageB,0.2,0.4221,0.5,,1024,6,0.0,0,True,,0.39524800000000004,-0.0014946115496476148,0.039438784363302844,0.1999984658005633,0.37957604674955053,0.23430850823296728,0.22005158470016714,0.0,0.3041601612750264,0.5041586270755897,0.3701497854812562,0.2707112082205057
c3_w2_tcop_cm1_states_L0.4_kp0_4221_up0_5000_s1024,cm1,stageB,0.2,0.4221,0.5,,1024,7,0.25,1,True,,0.42198399999999997,-0.0003290024973895413,0.05085595482308579,0.20677353555960803,0.4451791125740596,0.2456781117850333,0.2365749521350463,0.0,0.3594930544898847,0.5662665900494928,0.37147234278052305,0.26123291630032947
c3_w2_tcop_cm1_states_L0.4_kp0_4221_up0_5000_s1024,cm1,stageB,0.2,0.4221,0.5,,1024,8,0.5,2,True,,0.457744,-0.0028754049050062464,0.035527837249225584,0.20752736787642379,0.5146256895467848,0.2484114198815062,0.24425326552812937,0.0,0.41883318753538534,0.6263605554118091,0.36785548271695817,0.25458073419336014
c3_w2_tcop_cm1_states_L0.4_kp0_4221_up0_5000_s1024,cm1,stageB,0.2,0.4221,0.5,,1024,9,0.0,0,True,,0.39072,-0.0009087026915570774,0.03100886094621883,0.1999984658005633,0.37867643635307,0.2341000302448413,0.22005158470016714,0.0,0.3041601612750264,0.5041586270755897,0.37254806550504427,0.27261583453980376
c3_w2_tcop_cm1_states_L0.4_kp0_4221_up0_5000_s1024,cm1,stageB,0.2,0.4221,0.5,,1024,10,0.25,1,True,,0.42412799999999995,-0.0004630146390986524,0.022407766339361354,0.20677353555960803,0.44562462443088063,0.24572903201362845,0.2365749521350463,0.0,0.3594930544898847,0.5662665900494928,0.3703684188115689,0.2649997341692578
c3_w2_tcop_cm1_states_L0.4_kp0_4221_up0_5000_s1024,cm1,stageB,0.2,0.4221,0.5,,1024,11,0.5,2,True,,0.460864,1.6896609460453905e-05,0.027530158995614097,0.20752736787642379,0.5152808671578846,0.24839081654101994,0.24425326552812937,0.0,0.41883318753538534,0.6263605554118091,0.3732488477705816,0.25799770495461977
c3_w2_tcop_cm1_states_L0.4_kp0_4221_up0_5000_s1024,cm1,stageB,0.2,0.4221,0.5,,1024,12,0.0,0,True,,0.3881119999999999,-0.00013774987391321832,0.014419662112748508,0.1999984658005633,0.3781570890726023,0.23398273971197434,0.22005158470016714,0.0,0.3041601612750264,0.5041586270755897,0.37243604196498986,0.26957097363377286
c3_w2_tcop_cm1_states_L0.4_kp0_4221_up0_5000_s1024,cm1,stageB,0.2,0.4221,0.5,,1024,13,0.25,1,True,,0.426544,-0.002418980925432779,0.007341550711202858,0.20677353555960803,0.4461268933161963,0.24577861573967483,0.2365749521350463,0.0,0.3594930544898847,0.5662665900494928,0.3634916064340967,0.2635375427939976
c3_w2_tcop_cm1_states_L0.4_kp0_4221_up0_5000_s1024,cm1,stageB,0.2,0.4221,0.5,,1024,14,0.5,2,True,,0.463728,-0.002016879821648819,0.0252182402610792,0.20752736787642379,0.5158830183753682,0.2483819414947232,0.24425326552812937,0.0,0.41883318753538534,0.6263605554118091,0.36688632087962014,0.25856294759223036
c3_w2_tcop_cm1_states_L0.4_kp0_4221_up0_5000_s1024,cm1,stageB,0.2,0.4221,0.5,,1024,15,0.0,0,False,BLOCK_15_PARTIAL_CYCLE,0.38907200000000003,0.0018952130158940647,0.026571946956431235,0.1999984658005633,0.3783528575124655,0.23401900726860278,0.22005158470016714,0.0,0.3041601612750264,0.5041586270755897,0.37780951592327855,0.2751964979540527
c3_w2_tcop_cm1_states_L0.4_kp0_4221_up0_5000_s31415,cm1,stageB,0.2,0.4221,0.5,,31415,0,0.0,0,False,PRE_PRIMARY_INCOMPLETE_CYCLE,0.36652799999999996,-0.0015721448181335712,0.04927875000899386,0.1999984658005633,0.37394544518107325,0.23287508549446526,0.22005158470016714,0.0,0.3041601612750264,0.5041586270755897,0.369408876422326,0.2799666572383514
c3_w2_tcop_cm1_states_L0.4_kp0_4221_up0_5000_s31415,cm1,stageB,0.2,0.4221,0.5,,31415,1,0.25,1,False,PRE_PRIMARY_INCOMPLETE_CYCLE,0.42172800000000005,0.0014251612427225902,0.031407296230315164,0.20677353555960803,0.4451278197225358,0.2456684097773599,0.2365749521350463,0.0,0.3594930544898847,0.5662665900494928,0.37646070800549475,0.2668088513590997
c3_w2_tcop_cm1_states_L0.4_kp0_4221_up0_5000_s31415,cm1,stageB,0.2,0.4221,0.5,,31415,2,0.5,2,False,PRE_PRIMARY_INCOMPLETE_CYCLE,0.460784,-0.002174967452729791,0.01939546943749247,0.20752736787642379,0.5152656511961687,0.24841663533274297,0.24425326552812937,0.0,0.41883318753538534,0.6263605554118091,0.36972169504356445,0.259749943013388
c3_w2_tcop_cm1_states_L0.4_kp0_4221_up0_5000_s31415,cm1,stageB,0.2,0.4221,0.5,,31415,3,0.0,0,True,,0.38846400000000003,-5.400941043984288e-05,0.035385863615802954,0.1999984658005633,0.3782319553044341,0.23399070939223532,0.22005158470016714,0.0,0.3041601612750264,0.5041586270755897,0.373390567907576,0.27342207427137005
c3_w2_tcop_cm1_states_L0.4_kp0_4221_up0_5000_s31415,cm1,stageB,0.2,0.4221,0.5,,31415,4,0.25,1,True,,0.42376,1.943320747006271e-05,0.018782509389052845,0.20677353555960803,0.44555088946406873,0.24570640352989245,0.2365749521350463,0.0,0.3594930544898847,0.5662665900494928,0.3704956988639688,0.26342405628322235
c3_w2_tcop_cm1_states_L0.4_kp0_4221_up0_5000_s31415,cm1,stageB,0.2,0.4221,0.5,,31415,5,0.5,2,True,,0.45891200000000004,-0.0028228140639684185,0.034861179827149404,0.20752736787642379,0.5148723920235572,0.2484073151966948,0.24425326552812937,0.0,0.41883318753538534,0.6263605554118091,0.36806014799460335,0.26029295061129376
c3_w2_tcop_cm1_states_L0.4_kp0_4221_up0_5000_s31415,cm1,stageB,0.2,0.4221,0.5,,31415,6,0.0,0,True,,0.38816,0.0012797079721446208,0.023244522628301977,0.1999984658005633,0.37817800502824384,0.2339639800061325,0.22005158470016714,0.0,0.3041601612750264,0.5041586270755897,0.37527031594037624,0.2724616186936754
c3_w2_tcop_cm1_states_L0.4_kp0_4221_up0_5000_s31415,cm1,stageB,0.2,0.4221,0.5,,31415,7,0.25,1,True,,0.42448,-0.0029490566942090277,0.021144679339430136,0.20677353555960803,0.4456994525169988,0.24572584788303656,0.2365749521350463,0.0,0.3594930544898847,0.5662665900494928,0.3680688506624134,0.2673695150567491
c3_w2_tcop_cm1_states_L0.4_kp0_4221_up0_5000_s31415,cm1,stageB,0.2,0.4221,0.5,,31415,8,0.5,2,True,,0.458496,-0.00036233575277755023,0.02590592068799102,0.20752736787642379,0.5147852915100567,0.2484171335506832,0.24425326552812937,0.0,0.41883318753538534,0.6263605554118091,0.36830081972983786,0.25874436269322443
c3_w2_tcop_cm1_states_L0.4_kp0_4221_up0_5000_s31415,cm1,stageB,0.2,0.4221,0.5,,31415,9,0.0,0,True,,0.38600000000000007,0.00036088923796429603,0.02756872375821912,0.1999984658005633,0.37774397749791566,0.23387473128252695,0.22005158470016714,0.0,0.3041601612750264,0.5041586270755897,0.3728424686945364,0.27319430682962886
c3_w2_tcop_cm1_states_L0.4_kp0_4221_up0_5000_s31415,cm1,stageB,0.2,0.4221,0.5,,31415,10,0.25,1,True,,0.425472,-0.00029961258787442583,0.03280867336343912,0.20677353555960803,0.4459037877898321,0.2457485224770814,0.2365749521350463,0.0,0.3594930544898847,0.5662665900494928,0.3748280223315071,0.2673001057953567
c3_w2_tcop_cm1_states_L0.4_kp0_4221_up0_5000_s31415,cm1,stageB,0.2,0.4221,0.5,,31415,11,0.5,2,True,,0.45771200000000006,-0.00011098320770552932,0.01690028577247795,0.20752736787642379,0.5146211781844323,0.248430190914426,0.24425326552812937,0.0,0.41883318753538534,0.6263605554118091,0.37379928752874136,0.26057956767755935
c3_w2_tcop_cm1_states_L0.4_kp0_4221_up0_5000_s31415,cm1,stageB,0.2,0.4221,0.5,,31415,12,0.0,0,True,,0.39016000000000006,-0.0012952076325382705,0.04376782771116868,0.1999984658005633,0.3785692313663355,0.2340675234765246,0.22005158470016714,0.0,0.3041601612750264,0.5041586270755897,0.3720702570216809,0.27230286352544536
c3_w2_tcop_cm1_states_L0.4_kp0_4221_up0_5000_s31415,cm1,stageB,0.2,0.4221,0.5,,31415,13,0.25,1,True,,0.425712,-0.004596271931375142,0.022022639150777387,0.20677353555960803,0.4459517255589171,0.24576994785427378,0.2365749521350463,0.0,0.3594930544898847,0.5662665900494928,0.3597205076538285,0.2624778155427888
c3_w2_tcop_cm1_states_L0.4_kp0_4221_up0_5000_s31415,cm1,stageB,0.2,0.4221,0.5,,31415,14,0.5,2,True,,0.459936,-0.0017673803468933407,0.02598910566415644,0.20752736787642379,0.5150873294915723,0.24840442978203944,0.24425326552812937,0.0,0.41883318753538534,0.6263605554118091,0.36567099696510014,0.26013017677687716
c3_w2_tcop_cm1_states_L0.4_kp0_4221_up0_5000_s31415,cm1,stageB,0.2,0.4221,0.5,,31415,15,0.0,0,False,BLOCK_15_PARTIAL_CYCLE,0.39443199999999995,0.0007539029652802437,0.02570016345166583,0.1999984658005633,0.37941058314913884,0.23427582245399267,0.22005158470016714,0.0,0.3041601612750264,0.5041586270755897,0.37753726120956765,0.2733438251283964
c3_w2_tcop_cm1_states_L0.4_km0_4221_up0_1000_s42,cm1,stageB,-0.2,-0.4221,0.1,,42,0,0.0,0,False,PRE_PRIMARY_INCOMPLETE_CYCLE,0.399776,0.0018832595108723327,-0.01678181865323975,-0.1999984658005633,0.4209306191256104,0.24234202435428237,0.22767200500965856,0.0,0.3041601612750264,0.5041586270755897,0.38031662639694147,0.2779994438015731
c3_w2_tcop_cm1_states_L0.4_km0_4221_up0_1000_s42,cm1,stageB,-0.2,-0.4221,0.1,,42,1,0.05,1,False,PRE_PRIMARY_INCOMPLETE_CYCLE,0.416016,-0.000949104978405993,-0.04100095040849702,-0.20180766357496804,0.42971249679726237,0.24378131114539459,0.23096740639113136,0.0,0.3148448981163281,0.5166525616912961,0.3688266662161188,0.26699143689889737
c3_w2_tcop_cm1_states_L0.4_km0_4221_up0_1000_s42,cm1,stageB,-0.2,-0.4221,0.1,,42,2,0.1,2,False,PRE_PRIMARY_INCOMPLETE_CYCLE,0.42166400000000004,0.0013719362902842797,-0.029286166068959778,-0.20339643740082897,0.4407782887448156,0.24517134151284356,0.234040093979091,0.0,0.3257292749396052,0.5291257123404342,0.3784634304437449,0.2749730768283323
c3_w2_tcop_cm1_states_L0.4_km0_4221_up0_1000_s42,cm1,stageB,-0.2,-0.4221,0.1,,42,3,0.0,0,True,,0.41278400000000004,0.0007285835131953938,-0.043944881988964686,-0.1999984658005633,0.4182313113720426,0.2420463775791699,0.22767200500965856,0.0,0.3041601612750264,0.5041586270755897,0.37402460512394947,0.2678207117985337
c3_w2_tcop_cm1_states_L0.4_km0_4221_up0_1000_s42,cm1,stageB,-0.2,-0.4221,0.1,,42,4,0.05,1,True,,0.417168,0.004208441249488578,-0.026620740251571132,-0.20180766357496804,0.4294799898372742,0.24372917817262474,0.23096740639113136,0.0,0.3148448981163281,0.5166525616912961,0.3823910642588724,0.2757580709755461
c3_w2_tcop_cm1_states_L0.4_km0_4221_up0_1000_s42,cm1,stageB,-0.2,-0.4221,0.1,,42,5,0.1,2,True,,0.4253119999999999,0.0030737555832985055,-0.032987896508983774,-0.20339643740082897,0.4400194365410624,0.24509220973528356,0.234040093979091,0.0,0.3257292749396052,0.5291257123404342,0.37681837322022216,0.26846444254230667
c3_w2_tcop_cm1_states_L0.4_km0_4221_up0_1000_s42,cm1,stageB,-0.2,-0.4221,0.1,,42,6,0.0,0,True,,0.41044800000000004,0.0013350444833225548,-0.0311149886903888,-0.1999984658005633,0.41870374523583637,0.24213381557259803,0.22767200500965856,0.0,0.3041601612750264,0.5041586270755897,0.3765872435654596,0.27678367406740473
c3_w2_tcop_cm1_states_L0.4_km0_4221_up0_1000_s42,cm1,stageB,-0.2,-0.4221,0.1,,42,7,0.05,1,True,,0.41788800000000004,0.0025359947613116485,-0.03378986731337068,-0.20180766357496804,0.42933132016308956,0.24371132357092173,0.23096740639113136,0.0,0.3148448981163281,0.5166525616912961,0.374707656754357,0.27301845678953873
c3_w2_tcop_cm1_states_L0.4_km0_4221_up0_1000_s42,cm1,stageB,-0.2,-0.4221,0.1,,42,8,0.1,2,True,,0.421408,0.0012142366933598702,-0.016913129521287925,-0.20339643740082897,0.44082688658341457,0.2451916516563945,0.234040093979091,0.0,0.3257292749396052,0.5291257123404342,0.37523522315371777,0.2704424162959287
c3_w2_tcop_cm1_states_L0.4_km0_4221_up0_1000_s42,cm1,stageB,-0.2,-0.4221,0.1,,42,9,0.0,0,True,,0.41278400000000004,0.0022232472149399623,-0.014032057135742128,-0.1999984658005633,0.4182292576392661,0.24204801211883878,0.22767200500965856,0.0,0.3041601612750264,0.5041586270755897,0.3769765274208296,0.2757078723118718
c3_w2_tcop_cm1_states_L0.4_km0_4221_up0_1000_s42,cm1,stageB,-0.2,-0.4221,0.1,,42,10,0.05,1,True,,0.41656,0.0039743590059675375,-0.026544875136190756,-0.20180766357496804,0.42960678700232097,0.2437385026343512,0.23096740639113136,0.0,0.3148448981163281,0.5166525616912961,0.3807154306398797,0.27412357571024354
c3_w2_tcop_cm1_states_L0.4_km0_4221_up0_1000_s42,cm1,stageB,-0.2,-0.4221,0.1,,42,11,0.1,2,True,,0.420944,0.001044982790777899,-0.03454979215556165,-0.20339643740082897,0.4409227870316746,0.24520057125711925,0.234040093979091,0.0,0.3257292749396052,0.5291257123404342,0.3768970896372902,0.27442568643645127
c3_w2_tcop_cm1_states_L0.4_km0_4221_up0_1000_s42,cm1,stageB,-0.2,-0.4221,0.1,,42,12,0.0,0,True,,0.414128,0.0015434052586567018,-0.020599653447211597,-0.1999984658005633,0.4179631645239235,0.24198097788336598,0.22767200500965856,0.0,0.3041601612750264,0.5041586270755897,0.37358889070460094,0.27795853456615904
c3_w2_tcop_cm1_states_L0.4_km0_4221_up0_1000_s42,cm1,stageB,-0.2,-0.4221,0.1,,42,13,0.05,1,True,,0.41713599999999995,-0.0029393974684824575,-0.03946771440622454,-0.20180766357496804,0.42948510576596577,0.24373973529650428,0.23096740639113136,0.0,0.3148448981163281,0.5166525616912961,0.36675659209203937,0.26844337685912295
c3_w2_tcop_cm1_states_L0.4_km0_4221_up0_1000_s42,cm1,stageB,-0.2,-0.4221,0.1,,42,14,0.1,2,True,,0.42150400000000005,0.001082892096569847,-0.020412231298285635,-0.20339643740082897,0.44080703057936915,0.24519134320487884,0.234040093979091,0.0,0.3257292749396052,0.5291257123404342,0.37190230080991765,0.2689840513967022
c3_w2_tcop_cm1_states_L0.4_km0_4221_up0_1000_s42,cm1,stageB,-0.2,-0.4221,0.1,,42,15,0.0,0,False,BLOCK_15_PARTIAL_CYCLE,0.41171199999999997,-0.0021835612103605012,-0.016381345475673364,-0.1999984658005633,0.4184438824308303,0.24209363558345062,0.22767200500965856,0.0,0.3041601612750264,0.5041586270755897,0.3676668692173319,0.27821209637557875
c3_w2_tcop_cm1_states_L0.4_km0_4221_up0_1000_s137,cm1,stageB,-0.2,-0.4221,0.1,,137,0,0.0,0,False,PRE_PRIMARY_INCOMPLETE_CYCLE,0.403856,0.0020527321869826696,-0.022972769126276552,-0.1999984658005633,0.4201005004946041,0.2421961208685718,0.22767200500965856,0.0,0.3041601612750264,0.5041586270755897,0.3778825512440461,0.2784860522866534
c3_w2_tcop_cm1_states_L0.4_km0_4221_up0_1000_s137,cm1,stageB,-0.2,-0.4221,0.1,,137,1,0.05,1,False,PRE_PRIMARY_INCOMPLETE_CYCLE,0.415872,-0.0007076550646536513,-0.03679052555989515,-0.20180766357496804,0.4297455283835775,0.24377354079948044,0.23096740639113136,0.0,0.3148448981163281,0.5166525616912961,0.3730443530727374,0.26996786774827475
c3_w2_tcop_cm1_states_L0.4_km0_4221_up0_1000_s137,cm1,stageB,-0.2,-0.4221,0.1,,137,2,0.1,2,False,PRE_PRIMARY_INCOMPLETE_CYCLE,0.4224,0.002406668975540101,-0.030143338954468798,-0.20339643740082897,0.44062414931695465,0.24516041817669998,0.234040093979091,0.0,0.3257292749396052,0.5291257123404342,0.3738614055591455,0.26812376602957677
c3_w2_tcop_cm1_states_L0.4_km0_4221_up0_1000_s137,cm1,stageB,-0.2,-0.4221,0.1,,137,3,0.0,0,True,,0.412288,0.0021143843298283118,-0.030147785770994574,-0.1999984658005633,0.4183293128118264,0.24206837221491598,0.22767200500965856,0.0,0.3041601612750264,0.5041586270755897,0.37799035870953884,0.27259072912472765
c3_w2_tcop_cm1_states_L0.4_km0_4221_up0_1000_s137,cm1,stageB,-0.2,-0.4221,0.1,,137,4,0.05,1,True,,0.41675199999999996,0.0036557730378805487,-0.04179079225904849,-0.20180766357496804,0.42956706103880643,0.24373738271256537,0.23096740639113136,0.0,0.3148448981163281,0.5166525616912961,0.3856051836925941,0.2751677109066927
c3_w2_tcop_cm1_states_L0.4_km0_4221_up0_1000_s137,cm1,stageB,-0.2,-0.4221,0.1,,137,5,0.1,2,True,,0.42204800000000003,0.005921063945447378,-0.021914225177093908,-0.20339643740082897,0.4406998611973915,0.24515254882040713,0.234040093979091,0.0,0.3257292749396052,0.5291257123404342,0.381779224790898,0.2702072389799236
c3_w2_tcop_cm1_states_L0.4_km0_4221_up0_1000_s137,cm1,stageB,-0.2,-0.4221,0.1,,137,6,0.0,0,True,,0.41137599999999996,0.0029953039237954047,-0.03487195823588551,-0.1999984658005633,0.41852041846454907,0.24208928206861044,0.22767200500965856,0.0,0.3041601612750264,0.5041586270755897,0.377533919199466,0.2691844291349903
c3_w2_tcop_cm1_states_L0.4_km0_4221_up0_1000_s137,cm1,stageB,-0.2,-0.4221,0.1,,137,7,0.05,1,True,,0.41745600000000005,0.002002596514802746,-0.02304515314611648,-0.20180766357496804,0.42941776344635785,0.24372864143999048,0.23096740639113136,0.0,0.3148448981163281,0.5166525616912961,0.3782125096009722,0.2745255058353743
c3_w2_tcop_cm1_states_L0.4_km0_4221_up0_1000_s137,cm1,stageB,-0.2,-0.4221,0.1,,137,8,0.1,2,True,,0.422464,0.00093062585637877,-0.025797399692523027,-0.20339643740082897,0.4406109567418739,0.24515352587547812,0.234040093979091,0.0,0.3257292749396052,0.5291257123404342,0.3759271586374455,0.27204072047715305
c3_w2_tcop_cm1_states_L0.4_km0_4221_up0_1000_s137,cm1,stageB,-0.2,-0.4221,0.1,,137,9,0.0,0,True,,0.411136,0.004510787207583958,-0.014379755723339948,-0.1999984658005633,0.41857281509052857,0.24208629125153175,0.22767200500965856,0.0,0.3041601612750264,0.5041586270755897,0.3859156272848256,0.2794275352907485
c3_w2_tcop_cm1_states_L0.4_km0_4221_up0_1000_s137,cm1,stageB,-0.2,-0.4221,0.1,,137,10,0.05,1,True,,0.41788800000000004,-0.0004423713193391629,-0.01910781066330614,-0.20180766357496804,0.4293241387676328,0.24373429647632672,0.23096740639113136,0.0,0.3148448981163281,0.5166525616912961,0.3692213552359104,0.26727111766809375
c3_w2_tcop_cm1_states_L0.4_km0_4221_up0_1000_s137,cm1,stageB,-0.2,-0.4221,0.1,,137,11,0.1,2,True,,0.42199999999999993,0.0014964732659764534,-0.024491285701250115,-0.20339643740082897,0.44070870563857234,0.24516140354868246,0.234040093979091,0.0,0.3257292749396052,0.5291257123404342,0.3798949402962649,0.26853673684002694
c3_w2_tcop_cm1_states_L0.4_km0_4221_up0_1000_s137,cm1,stageB,-0.2,-0.4221,0.1,,137,12,0.0,0,True,,0.412896,-0.0006127249246232503,-0.022423161661034842,-0.1999984658005633,0.41820349707593474,0.24205210158990348,0.22767200500965856,0.0,0.3041601612750264,0.5041586270755897,0.36829405487413847,0.2695889929112792
c3_w2_tcop_cm1_states_L0.4_km0_4221_up0_1000_s137,cm1,stageB,-0.2,-0.4221,0.1,,137,13,0.05,1,True,,0.41512,0.001732044954995771,-0.028325241116832305,-0.20180766357496804,0.4299019139734799,0.2437905565166305,0.23096740639113136,0.0,0.3148448981163281,0.5166525616912961,0.3759368685203146,0.27028891538569616
c3_w2_tcop_cm1_states_L0.4_km0_4221_up0_1000_s137,cm1,stageB,-0.2,-0.4221,0.1,,137,14,0.1,2,True,,0.42412799999999995,0.004949615261833438,-0.01703292741484048,-0.20339643740082897,0.4402727399410913,0.24509078900444664,0.234040093979091,0.0,0.3257292749396052,0.5291257123404342,0.3859414392830113,0.2713358972386599
c3_w2_tcop_cm1_states_L0.4_km0_4221_up0_1000_s137,cm1,stageB,-0.2,-0.4221,0.1,,137,15,0.0,0,False,BLOCK_15_PARTIAL_CYCLE,0.4107679999999999,-0.0012589175282649145,-0.0032866978290410622,-0.1999984658005633,0.4186392584119991,0.2421202302223023,0.22767200500965856,0.0,0.3041601612750264,0.5041586270755897,0.3720329578491548,0.2782103101863317
c3_w2_tcop_cm1_states_L0.4_km0_4221_up0_1000_s256,cm1,stageB,-0.2,-0.4221,0.1,,256,0,0.0,0,False,PRE_PRIMARY_INCOMPLETE_CYCLE,0.40096000000000004,0.00426800018838588,-0.01982350966244053,-0.1999984658005633,0.4206959165077555,0.24228116885490839,0.22767200500965856,0.0,0.3041601612750264,0.5041586270755897,0.3848042265304368,0.2818934506930545
c3_w2_tcop_cm1_states_L0.4_km0_4221_up0_1000_s256,cm1,stageB,-0.2,-0.4221,0.1,,256,1,0.05,1,False,PRE_PRIMARY_INCOMPLETE_CYCLE,0.41808,-0.0010459318368648942,-0.02575687331690663,-0.20180766357496804,0.4292909581098516,0.2437062859519887,0.23096740639113136,0.0,0.3148448981163281,0.5166525616912961,0.36724270275331483,0.27036116942988564
c3_w2_tcop_cm1_states_L0.4_km0_4221_up0_1000_s256,cm1,stageB,-0.2,-0.4221,0.1,,256,2,0.1,2,False,PRE_PRIMARY_INCOMPLETE_CYCLE,0.425152,0.0002775884265839107,-0.0314309979935185,-0.20339643740082897,0.4400495283080479,0.2451064224801927,0.234040093979091,0.0,0.3257292749396052,0.5291257123404342,0.37437264191068714,0.2721141481081882
c3_w2_tcop_cm1_states_L0.4_km0_4221_up0_1000_s256,cm1,stageB,-0.2,-0.4221,0.1,,256,3,0.0,0,True,,0.41440000000000005,0.0021133384090477004,-0.02371987951807229,-0.1999984658005633,0.4179041916069662,0.24198082119833614,0.22767200500965856,0.0,0.3041601612750264,0.5041586270755897,0.37890467028904873,0.2764555670745066
c3_w2_tcop_cm1_states_L0.4_km0_4221_up0_1000_s256,cm1,stageB,-0.2,-0.4221,0.1,,256,4,0.05,1,True,,0.416736,0.005782170331806867,-0.016547171211644906,-0.20180766357496804,0.42957448286446986,0.24372389088069654,0.23096740639113136,0.0,0.3148448981163281,0.5166525616912961,0.38640272394039266,0.2740235243474933
c3_w2_tcop_cm1_states_L0.4_km0_4221_up0_1000_s256,cm1,stageB,-0.2,-0.4221,0.1,,256,5,0.1,2,True,,0.42022400000000004,0.0032409110285593163,-0.045007474909893944,-0.20339643740082897,0.4410765919887093,0.24520163849401283,0.234040093979091,0.0,0.3257292749396052,0.5291257123404342,0.38226692440834253,0.27462458739116385
c3_w2_tcop_cm1_states_L0.4_km0_4221_up0_1000_s256,cm1,stageB,-0.2,-0.4221,0.1,,256,6,0.0,0,True,,0.41025599999999995,-0.004701549671831714,-0.032714663056626965,-0.1999984658005633,0.4187404667407784,0.24214872271882112,0.22767200500965856,0.0,0.3041601612750264,0.5041586270755897,0.36001498597415127,0.2713919675823299
c3_w2_tcop_cm1_states_L0.4_km0_4221_up0_1000_s256,cm1,stageB,-0.2,-0.4221,0.1,,256,7,0.05,1,True,,0.41889599999999994,0.0009073582109243869,-0.02638155902419339,-0.20180766357496804,0.4291234952306522,0.24367879866227107,0.23096740639113136,0.0,0.3148448981163281,0.5166525616912961,0.3754957857212989,0.2758902577984746
c3_w2_tcop_cm1_states_L0.4_km0_4221_up0_1000_s256,cm1,stageB,-0.2,-0.4221,0.1,,256,8,0.1,2,True,,0.42462399999999995,0.004996354432918541,-0.03429590393147907,-0.20339643740082897,0.44016655945113664,0.24509660394543673,0.234040093979091,0.0,0.3257292749396052,0.5291257123404342,0.3844155415439782,0.27049745633721417
c3_w2_tcop_cm1_states_L0.4_km0_4221_up0_1000_s256,cm1,stageB,-0.2,-0.4221,0.1,,256,9,0.0,0,True,,0.41270399999999996,-0.0009016966366255468,-0.013219568017006963,-0.1999984658005633,0.41824078312964597,0.24206327713262318,0.22767200500965856,0.0,0.3041601612750264,0.5041586270755897,0.3704320428307664,0.2703129488151386
c3_w2_tcop_cm1_states_L0.4_km0_4221_up0_1000_s256,cm1,stageB,-0.2,-0.4221,0.1,,256,10,0.05,1,True,,0.41689600000000004,-0.00045570867544602093,-0.02897940629770503,-0.20180766357496804,0.42953434191478473,0.24374471941611348,0.23096740639113136,0.0,0.3148448981163281,0.5166525616912961,0.37194964733061964,0.2696799446330771
c3_w2_tcop_cm1_states_L0.4_km0_4221_up0_1000_s256,cm1,stageB,-0.2,-0.4221,0.1,,256,11,0.1,2,True,,0.42332800000000004,0.001492990759642466,-0.022711185283756232,-0.20339643740082897,0.4404303739269606,0.24513861861775438,0.234040093979091,0.0,0.3257292749396052,0.5291257123404342,0.37392601252583874,0.2690104511475321
c3_w2_tcop_cm1_states_L0.4_km0_4221_up0_1000_s256,cm1,stageB,-0.2,-0.4221,0.1,,256,12,0.0,0,True,,0.41062400000000004,-0.00038032549764329424,-0.02612029584043751,-0.1999984658005633,0.4186705723384952,0.24211856684759772,0.22767200500965856,0.0,0.3041601612750264,0.5041586270755897,0.37086755755190737,0.27719043583003045
c3_w2_tcop_cm1_states_L0.4_km0_4221_up0_1000_s256,cm1,stageB,-0.2,-0.4221,0.1,,256,13,0.05,1,True,,0.41568,0.008653954905959998,-0.015821759840958714,-0.20180766357496804,0.429795041859654,0.24374696464008816,0.23096740639113136,0.0,0.3148448981163281,0.5166525616912961,0.3939533665642854,0.2768335005948602
c3_w2_tcop_cm1_states_L0.4_km0_4221_up0_1000_s256,cm1,stageB,-0.2,-0.4221,0.1,,256,14,0.1,2,True,,0.423152,-0.002007914503357269,-0.013275751829144228,-0.20339643740082897,0.44045843996718864,0.24517780772032233,0.234040093979091,0.0,0.3257292749396052,0.5291257123404342,0.36230757419695614,0.261584140589934
c3_w2_tcop_cm1_states_L0.4_km0_4221_up0_1000_s256,cm1,stageB,-0.2,-0.4221,0.1,,256,15,0.0,0,False,BLOCK_15_PARTIAL_CYCLE,0.410848,0.0015231180384525731,-0.022959065649373275,-0.1999984658005633,0.4186254709975368,0.24210906981608418,0.22767200500965856,0.0,0.3041601612750264,0.5041586270755897,0.37377088262039654,0.2755348685506217
c3_w2_tcop_cm1_states_L0.4_km0_4221_up0_1000_s1024,cm1,stageB,-0.2,-0.4221,0.1,,1024,0,0.0,0,False,PRE_PRIMARY_INCOMPLETE_CYCLE,0.402176,-0.001185521908569998,-0.031232014865131726,-0.1999984658005633,0.4204418485210475,0.2422538185995198,0.22767200500965856,0.0,0.3041601612750264,0.5041586270755897,0.37292274643122314,0.2788026385286635
c3_w2_tcop_cm1_states_L0.4_km0_4221_up0_1000_s1024,cm1,stageB,-0.2,-0.4221,0.1,,1024,1,0.05,1,False,PRE_PRIMARY_INCOMPLETE_CYCLE,0.416832,0.0023501019803667503,-0.03609250910553137,-0.20180766357496804,0.4295501332384181,0.24373550731415106,0.23096740639113136,0.0,0.3148448981163281,0.5166525616912961,0.37876842153573503,0.27530028173051285
c3_w2_tcop_cm1_states_L0.4_km0_4221_up0_1000_s1024,cm1,stageB,-0.2,-0.4221,0.1,,1024,2,0.1,2,False,PRE_PRIMARY_INCOMPLETE_CYCLE,0.42153599999999997,0.0029469775652137386,-0.019907348712641795,-0.20339643740082897,0.4408035043933882,0.24517910702926246,0.234040093979091,0.0,0.3257292749396052,0.5291257123404342,0.3806770925327461,0.26909712771374694
c3_w2_tcop_cm1_states_L0.4_km0_4221_up0_1000_s1024,cm1,stageB,-0.2,-0.4221,0.1,,1024,3,0.0,0,True,,0.41132799999999997,0.0021868277415300745,-0.02773008555058746,-0.1999984658005633,0.4185270578694582,0.24209798164846819,0.22767200500965856,0.0,0.3041601612750264,0.5041586270755897,0.37920510069949837,0.2729429330997799
c3_w2_tcop_cm1_states_L0.4_km0_4221_up0_1000_s1024,cm1,stageB,-0.2,-0.4221,0.1,,1024,4,0.05,1,True,,0.41923199999999994,0.0020620332964024057,-0.023536534231006996,-0.20180766357496804,0.4290558253987093,0.2436691164344385,0.23096740639113136,0.0,0.3148448981163281,0.5166525616912961,0.37492882826364626,0.2667011925900465
c3_w2_tcop_cm1_states_L0.4_km0_4221_up0_1000_s1024,cm1,stageB,-0.2,-0.4221,0.1,,1024,5,0.1,2,True,,0.424496,0.0015201904616524414,-0.032607500061083254,-0.20339643740082897,0.44018696233924703,0.2451146178560494,0.234040093979091,0.0,0.3257292749396052,0.5291257123404342,0.3767926714058048,0.2733921609908343
c3_w2_tcop_cm1_states_L0.4_km0_4221_up0_1000_s1024,cm1,stageB,-0.2,-0.4221,0.1,,1024,6,0.0,0,True,,0.41576,0.0005293056888490763,-0.02026960687031671,-0.1999984658005633,0.41762575725964984,0.24193923587998503,0.22767200500965856,0.0,0.3041601612750264,0.5041586270755897,0.3711068992160084,0.2682235154141406
c3_w2_tcop_cm1_states_L0.4_km0_4221_up0_1000_s1024,cm1,stageB,-0.2,-0.4221,0.1,,1024,7,0.05,1,True,,0.414432,0.0018381389492451476,-0.010403155589682855,-0.20180766357496804,0.43004094685035316,0.24381704432539814,0.23096740639113136,0.0,0.3148448981163281,0.5166525616912961,0.3764174224846246,0.2693697703410633
c3_w2_tcop_cm1_states_L0.4_km0_4221_up0_1000_s1024,cm1,stageB,-0.2,-0.4221,0.1,,1024,8,0.1,2,True,,0.420208,0.001873873465197724,-0.015730999013258758,-0.20339643740082897,0.4410809937089072,0.24520001943107728,0.234040093979091,0.0,0.3257292749396052,0.5291257123404342,0.37841663267315534,0.27042912180686157
c3_w2_tcop_cm1_states_L0.4_km0_4221_up0_1000_s1024,cm1,stageB,-0.2,-0.4221,0.1,,1024,9,0.0,0,True,,0.411744,-0.002496707446082451,-0.021253682994396065,-0.1999984658005633,0.41844060112226755,0.24208756726341246,0.22767200500965856,0.0,0.3041601612750264,0.5041586270755897,0.3698235151630256,0.27443938113255606
c3_w2_tcop_cm1_states_L0.4_km0_4221_up0_1000_s1024,cm1,stageB,-0.2,-0.4221,0.1,,1024,10,0.05,1,True,,0.417072,0.0024794500093445098,-0.029795193710154835,-0.20180766357496804,0.4294976582051532,0.24373666696827298,0.23096740639113136,0.0,0.3148448981163281,0.5166525616912961,0.37977530257406583,0.27516728641026134
c3_w2_tcop_cm1_states_L0.4_km0_4221_up0_1000_s1024,cm1,stageB,-0.2,-0.4221,0.1,,1024,11,0.1,2,True,,0.4231680000000001,0.0027359149285847693,-0.016441030407086357,-0.20339643740082897,0.4404669932045427,0.24513038997186917,0.234040093979091,0.0,0.3257292749396052,0.5291257123404342,0.38112080984454816,0.27370423330215493
c3_w2_tcop_cm1_states_L0.4_km0_4221_up0_1000_s1024,cm1,stageB,-0.2,-0.4221,0.1,,1024,12,0.0,0,True,,0.41009600000000007,0.0010657823737705557,-0.040480440463204655,-0.1999984658005633,0.4187806384556837,0.2421321987212065,0.22767200500965856,0.0,0.3041601612750264,0.5041586270755897,0.3740401785743138,0.27479054685058574
c3_w2_tcop_cm1_states_L0.4_km0_4221_up0_1000_s1024,cm1,stageB,-0.2,-0.4221,0.1,,1024,13,0.05,1,True,,0.419552,9.230962280412709e-05,-0.055651808877211766,-0.20180766357496804,0.4289894094585532,0.24365907496492514,0.23096740639113136,0.0,0.3148448981163281,0.5166525616912961,0.37030064235064847,0.27146579724517644
c3_w2_tcop_cm1_states_L0.4_km0_4221_up0_1000_s1024,cm1,stageB,-0.2,-0.4221,0.1,,1024,14,0.1,2,True,,0.42473600000000006,0.0014968642169546624,-0.024933535025542585,-0.20339643740082897,0.4401402607224651,0.2450983843211793,0.234040093979091,0.0,0.3257292749396052,0.5291257123404342,0.3755140484967423,0.27176376889919845
c3_w2_tcop_cm1_states_L0.4_km0_4221_up0_1000_s1024,cm1,stageB,-0.2,-0.4221,0.1,,1024,15,0.0,0,False,BLOCK_15_PARTIAL_CYCLE,0.41159999999999997,0.0019190371211970072,-0.027129274727462793,-0.1999984658005633,0.41847086996007676,0.24208806764653568,0.22767200500965856,0.0,0.3041601612750264,0.5041586270755897,0.377327679099515,0.2743064521334951
c3_w2_tcop_cm1_states_L0.4_km0_4221_up0_1000_s31415,cm1,stageB,-0.2,-0.4221,0.1,,31415,0,0.0,0,False,PRE_PRIMARY_INCOMPLETE_CYCLE,0.39664,-0.0033371314115214364,-0.006331218270565983,-0.1999984658005633,0.4215664225051304,0.24245767898908063,0.22767200500965856,0.0,0.3041601612750264,0.5041586270755897,0.36525250557671723,0.274902098341263
c3_w2_tcop_cm1_states_L0.4_km0_4221_up0_1000_s31415,cm1,stageB,-0.2,-0.4221,0.1,,31415,1,0.05,1,False,PRE_PRIMARY_INCOMPLETE_CYCLE,0.414608,0.0013174500800492942,-0.019614066443165233,-0.20180766357496804,0.43000207007761587,0.24381956220989628,0.23096740639113136,0.0,0.3148448981163281,0.5166525616912961,0.3766053715115911,0.27224002025702937
c3_w2_tcop_cm1_states_L0.4_km0_4221_up0_1000_s31415,cm1,stageB,-0.2,-0.4221,0.1,,31415,2,0.1,2,False,PRE_PRIMARY_INCOMPLETE_CYCLE,0.423456,0.002750703951456235,-0.0331825572965989,-0.20339643740082897,0.44040300978125085,0.24514228284740477,0.234040093979091,0.0,0.3257292749396052,0.5291257123404342,0.380775975962691,0.2709506835788017
c3_w2_tcop_cm1_states_L0.4_km0_4221_up0_1000_s31415,cm1,stageB,-0.2,-0.4221,0.1,,31415,3,0.0,0,True,,0.410288,-0.001584624852906327,-0.028993965343822987,-0.1999984658005633,0.4187386298604801,0.24213601209010566,0.22767200500965856,0.0,0.3041601612750264,0.5041586270755897,0.36861317479990247,0.27141702237779813
c3_w2_tcop_cm1_states_L0.4_km0_4221_up0_1000_s31415,cm1,stageB,-0.2,-0.4221,0.1,,31415,4,0.05,1,True,,0.41759999999999997,0.0033617053772418753,-0.03933338169157115,-0.20180766357496804,0.4293964975565048,0.24369994155399868,0.23096740639113136,0.0,0.3148448981163281,0.5166525616912961,0.37909632763521633,0.2722353496491995
c3_w2_tcop_cm1_states_L0.4_km0_4221_up0_1000_s31415,cm1,stageB,-0.2,-0.4221,0.1,,31415,5,0.1,2,True,,0.42052799999999996,0.003637248877712111,-0.024687616232519416,-0.20339643740082897,0.4410154546292279,0.2451848447037891,0.234040093979091,0.0,0.3257292749396052,0.5291257123404342,0.38175840634080055,0.2742868610628842
c3_w2_tcop_cm1_states_L0.4_km0_4221_up0_1000_s31415,cm1,stageB,-0.2,-0.4221,0.1,,31415,6,0.0,0,True,,0.411472,0.0033843320615111433,-0.02558498949520227,-0.1999984658005633,0.4185079399832312,0.24206389842801146,0.22767200500965856,0.0,0.3041601612750264,0.5041586270755897,0.38106536101684524,0.27908432247249454
c3_w2_tcop_cm1_states_L0.4_km0_4221_up0_1000_s31415,cm1,stageB,-0.2,-0.4221,0.1,,31415,7,0.05,1,True,,0.41684800000000005,-0.001270679124756994,-0.03549601875102624,-0.20180766357496804,0.4295443685399777,0.2437457658592676,0.23096740639113136,0.0,0.3148448981163281,0.5166525616912961,0.371390669631802,0.2713190665118117
c3_w2_tcop_cm1_states_L0.4_km0_4221_up0_1000_s31415,cm1,stageB,-0.2,-0.4221,0.1,,31415,8,0.1,2,True,,0.42209599999999997,0.005398247126887035,-0.02243742794822052,-0.20339643740082897,0.44068795393266447,0.24515919477566664,0.234040093979091,0.0,0.3257292749396052,0.5291257123404342,0.3806498799393376,0.27046617883702195
c3_w2_tcop_cm1_states_L0.4_km0_4221_up0_1000_s31415,cm1,stageB,-0.2,-0.4221,0.1,,31415,9,0.0,0,True,,0.4096,0.0007809548471748363,-0.030784340287185043,-0.1999984658005633,0.41888391102716005,0.2421457835146528,0.22767200500965856,0.0,0.3041601612750264,0.5041586270755897,0.37614095399608405,0.27707012054777114
c3_w2_tcop_cm1_states_L0.4_km0_4221_up0_1000_s31415,cm1,stageB,-0.2,-0.4221,0.1,,31415,10,0.05,1,True,,0.41849600000000003,9.654860553600438e-05,-0.02691910318191719,-0.20180766357496804,0.4292062666871807,0.24369650445026184,0.23096740639113136,0.0,0.3148448981163281,0.5166525616912961,0.3761119300928514,0.2740134119003792
c3_w2_tcop_cm1_states_L0.4_km0_4221_up0_1000_s31415,cm1,stageB,-0.2,-0.4221,0.1,,31415,11,0.1,2,True,,0.42145599999999994,0.005192578191609268,-0.024425786932812974,-0.20339643740082897,0.4408174447601037,0.2451850213650969,0.234040093979091,0.0,0.3257292749396052,0.5291257123404342,0.3836390964827349,0.2745651645538467
c3_w2_tcop_cm1_states_L0.4_km0_4221_up0_1000_s31415,cm1,stageB,-0.2,-0.4221,0.1,,31415,12,0.0,0,True,,0.41088,-0.0016553448657151432,-0.016305691157387385,-0.1999984658005633,0.41861841794665783,0.24210964922100306,0.22767200500965856,0.0,0.3041601612750264,0.5041586270755897,0.3726886063180054,0.27845763302754806
c3_w2_tcop_cm1_states_L0.4_km0_4221_up0_1000_s31415,cm1,stageB,-0.2,-0.4221,0.1,,31415,13,0.05,1,True,,0.41742399999999996,-0.0034676577659691478,-0.03799228078794879,-0.20180766357496804,0.42941967695960265,0.2437434862727617,0.23096740639113136,0.0,0.3148448981163281,0.5166525616912961,0.3654740897044491,0.2703510111055779
c3_w2_tcop_cm1_states_L0.4_km0_4221_up0_1000_s31415,cm1,stageB,-0.2,-0.4221,0.1,,31415,14,0.1,2,True,,0.42176,0.0018859438147180543,-0.02947851523098649,-0.20339643740082897,0.44075704879314337,0.2451684815703926,0.234040093979091,0.0,0.3257292749396052,0.5291257123404342,0.372044827240721,0.27019114629376034
c3_w2_tcop_cm1_states_L0.4_km0_4221_up0_1000_s31415,cm1,stageB,-0.2,-0.4221,0.1,,31415,15,0.0,0,False,BLOCK_15_PARTIAL_CYCLE,0.414672,-0.0009610528087106911,-0.04138498997247851,-0.1999984658005633,0.41784264871073723,0.24198910223798795,0.22767200500965856,0.0,0.3041601612750264,0.5041586270755897,0.37382810146722284,0.27576437354336847
c3_w2_tcop_cm1_states_L0.4_km0_4221_up0_2500_s42,cm1,stageB,-0.2,-0.4221,0.25,,42,0,0.0,0,False,PRE_PRIMARY_INCOMPLETE_CYCLE,0.399776,0.0018832595108723327,-0.01678181865323975,-0.1999984658005633,0.4209306191256104,0.24234202435428237,0.22767200500965856,0.0,0.3041601612750264,0.5041586270755897,0.38031662639694147,0.2779994438015731
c3_w2_tcop_cm1_states_L0.4_km0_4221_up0_2500_s42,cm1,stageB,-0.2,-0.4221,0.25,,42,1,0.125,1,False,PRE_PRIMARY_INCOMPLETE_CYCLE,0.42507199999999995,-0.0007397900857360779,-0.036000321378028215,-0.20410589268343943,0.4462040498735181,0.24579842848660646,0.23548859622306725,0.0,0.33124375590462235,0.5353496485880618,0.3698562501057145,0.2639535460538221
c3_w2_tcop_cm1_states_L0.4_km0_4221_up0_2500_s42,cm1,stageB,-0.2,-0.4221,0.25,,42,2,0.25,2,False,PRE_PRIMARY_INCOMPLETE_CYCLE,0.43839999999999996,0.0018383099560839169,-0.024562221903258213,-0.20677353555960803,0.4743064798246831,0.24797075355472653,0.2417886249051135,0.0,0.3594930544898847,0.5662665900494928,0.38081853724993836,0.2707255411348835
c3_w2_tcop_cm1_states_L0.4_km0_4221_up0_2500_s42,cm1,stageB,-0.2,-0.4221,0.25,,42,3,0.0,0,True,,0.413472,0.0006602920698445561,-0.04296500231283029,-0.1999984658005633,0.41809105198080687,0.2420226123964827,0.22767200500965856,0.0,0.3041601612750264,0.5041586270755897,0.3739393930823918,0.26759706699202446
c3_w2_tcop_cm1_states_L0.4_km0_4221_up0_2500_s42,cm1,stageB,-0.2,-0.4221,0.25,,42,4,0.125,1,True,,0.426032,0.005183965611118847,-0.03004849189371261,-0.20410589268343943,0.44601004968936603,0.2457505036575657,0.23548859622306725,0.0,0.33124375590462235,0.5353496485880618,0.3851858919872001,0.2723220706359644
c3_w2_tcop_cm1_states_L0.4_km0_4221_up0_2500_s42,cm1,stageB,-0.2,-0.4221,0.25,,42,5,0.25,2,True,,0.442128,0.0029987813554948556,-0.024215862618628212,-0.20677353555960803,0.4735229895717822,0.24794268948377557,0.2417886249051135,0.0,0.3594930544898847,0.5662665900494928,0.378250488849144,0.26282127995722004
c3_w2_tcop_cm1_states_L0.4_km0_4221_up0_2500_s42,cm1,stageB,-0.2,-0.4221,0.25,,42,6,0.0,0,True,,0.411216,0.001476092034022295,-0.03086754497231961,-0.1999984658005633,0.4185475522657361,0.24210642098018784,0.22767200500965856,0.0,0.3041601612750264,0.5041586270755897,0.3769776841449389,0.276795833060841
c3_w2_tcop_cm1_states_L0.4_km0_4221_up0_2500_s42,cm1,stageB,-0.2,-0.4221,0.25,,42,7,0.125,1,True,,0.426672,0.003253237772444011,-0.032714745413205244,-0.20410589268343943,0.4458755935315732,0.2457446253030966,0.23548859622306725,0.0,0.33124375590462235,0.5353496485880618,0.37517366901749627,0.2687671253907698
c3_w2_tcop_cm1_states_L0.4_km0_4221_up0_2500_s42,cm1,stageB,-0.2,-0.4221,0.25,,42,8,0.25,2,True,,0.439456,0.0015873269626984425,-0.016127411723075514,-0.20677353555960803,0.4740820260473311,0.24797882942586807,0.2417886249051135,0.0,0.3594930544898847,0.5662665900494928,0.3760287033428036,0.26634140498023745
c3_w2_tcop_cm1_states_L0.4_km0_4221_up0_2500_s42,cm1,stageB,-0.2,-0.4221,0.25,,42,9,0.0,0,True,,0.41320000000000007,0.0022865154246027686,-0.012144290639633615,-0.1999984658005633,0.41814484298904653,0.24203275500684296,0.22767200500965856,0.0,0.3041601612750264,0.5041586270755897,0.3771490465459717,0.27570436471065163
c3_w2_tcop_cm1_states_L0.4_km0_4221_up0_2500_s42,cm1,stageB,-0.2,-0.4221,0.25,,42,10,0.125,1,True,,0.425472,0.0036664364585114123,-0.034029381167840954,-0.20410589268343943,0.44612474871262603,0.24576543137511056,0.23548859622306725,0.0,0.33124375590462235,0.5353496485880618,0.3797090513603898,0.2692995856587898
c3_w2_tcop_cm1_states_L0.4_km0_4221_up0_2500_s42,cm1,stageB,-0.2,-0.4221,0.25,,42,11,0.25,2,True,,0.438544,0.002747818087974726,-0.028164161908143536,-0.20677353555960803,0.47427314694429834,0.24797702883498843,0.2417886249051135,0.0,0.3594930544898847,0.5662665900494928,0.38187537230360846,0.2704166588782407
c3_w2_tcop_cm1_states_L0.4_km0_4221_up0_2500_s42,cm1,stageB,-0.2,-0.4221,0.25,,42,12,0.0,0,True,,0.41486399999999996,0.001430201018058256,-0.020159868560002445,-0.1999984658005633,0.4178137402361608,0.24195393202383997,0.22767200500965856,0.0,0.3041601612750264,0.5041586270755897,0.3731925560229499,0.2778528312290994
c3_w2_tcop_cm1_states_L0.4_km0_4221_up0_2500_s42,cm1,stageB,-0.2,-0.4221,0.25,,42,13,0.125,1,True,,0.42583999999999994,-0.00260158830926168,-0.039199588301610015,-0.20410589268343943,0.4460468694542045,0.24577189549076492,0.23548859622306725,0.0,0.33124375590462235,0.5353496485880618,0.36645763622219646,0.2667744743416805
c3_w2_tcop_cm1_states_L0.4_km0_4221_up0_2500_s42,cm1,stageB,-0.2,-0.4221,0.25,,42,14,0.25,2,True,,0.439584,0.0026577009513870813,-0.014991907208381314,-0.20677353555960803,0.4740565633834172,0.24797067736554532,0.2417886249051135,0.0,0.3594930544898847,0.5662665900494928,0.37730877958289744,0.26639425015688506
c3_w2_tcop_cm1_states_L0.4_km0_4221_up0_2500_s42,cm1,stageB,-0.2,-0.4221,0.25,,42,15,0.0,0,False,BLOCK_15_PARTIAL_CYCLE,0.41236799999999996,-0.0019866319949639988,-0.015304492546106059,-0.1999984658005633,0.41831057666673116,0.2420698520992528,0.22767200500965856,0.0,0.3041601612750264,0.5041586270755897,0.36798035343512203,0.27774230124381644
c3_w2_tcop_cm1_states_L0.4_km0_4221_up0_2500_s137,cm1,stageB,-0.2,-0.4221,0.25,,137,0,0.0,0,False,PRE_PRIMARY_INCOMPLETE_CYCLE,0.403856,0.0020527321869826696,-0.022972769126276552,-0.1999984658005633,0.4201005004946041,0.2421961208685718,0.22767200500965856,0.0,0.3041601612750264,0.5041586270755897,0.3778825512440461,0.2784860522866534
c3_w2_tcop_cm1_states_L0.4_km0_4221_up0_2500_s137,cm1,stageB,-0.2,-0.4221,0.25,,137,1,0.125,1,False,PRE_PRIMARY_INCOMPLETE_CYCLE,0.42459199999999997,-0.0006374657561707392,-0.033018697324734614,-0.20410589268343943,0.44630665147499055,0.2457956890469143,0.23548859622306725,0.0,0.33124375590462235,0.5353496485880618,0.37317773640052926,0.26674242839693224
c3_w2_tcop_cm1_states_L0.4_km0_4221_up0_2500_s137,cm1,stageB,-0.2,-0.4221,0.25,,137,2,0.25,2,False,PRE_PRIMARY_INCOMPLETE_CYCLE,0.43979199999999996,0.003244596544787864,-0.028441294681993138,-0.20677353555960803,0.47401306510656976,0.24796845293802394,0.2417886249051135,0.0,0.3594930544898847,0.5662665900494928,0.37520196998703403,0.26188526973322934
c3_w2_tcop_cm1_states_L0.4_km0_4221_up0_2500_s137,cm1,stageB,-0.2,-0.4221,0.25,,137,3,0.0,0,True,,0.41283200000000003,0.0021392640314765506,-0.03019581984817193,-0.1999984658005633,0.4182187440759767,0.24204899340322147,0.22767200500965856,0.0,0.3041601612750264,0.5041586270755897,0.37829329189867394,0.2723196183527372
c3_w2_tcop_cm1_states_L0.4_km0_4221_up0_2500_s137,cm1,stageB,-0.2,-0.4221,0.25,,137,4,0.125,1,True,,0.42576,0.0035118299649380567,-0.04011434479222714,-0.20410589268343943,0.4460663012268336,0.2457571695902538,0.23548859622306725,0.0,0.33124375590462235,0.5353496485880618,0.38579117482573066,0.27220489474857196
c3_w2_tcop_cm1_states_L0.4_km0_4221_up0_2500_s137,cm1,stageB,-0.2,-0.4221,0.25,,137,5,0.25,2,True,,0.440432,0.0061347537969088225,-0.02317187020713882,-0.20677353555960803,0.47388027316444054,0.24794350408705237,0.2417886249051135,0.0,0.3594930544898847,0.5662665900494928,0.3826628468951204,0.26313506218231386
c3_w2_tcop_cm1_states_L0.4_km0_4221_up0_2500_s137,cm1,stageB,-0.2,-0.4221,0.25,,137,6,0.0,0,True,,0.41180799999999995,0.002880474953627415,-0.03589635429964654,-0.1999984658005633,0.4184319443838167,0.24207567198585545,0.22767200500965856,0.0,0.3041601612750264,0.5041586270755897,0.3771747526654701,0.26838560006750706
c3_w2_tcop_cm1_states_L0.4_km0_4221_up0_2500_s137,cm1,stageB,-0.2,-0.4221,0.25,,137,7,0.125,1,True,,0.426432,0.0016950656846438212,-0.022712836445331803,-0.20410589268343943,0.44592255574563294,0.24575798572311003,0.23548859622306725,0.0,0.33124375590462235,0.5353496485880618,0.37545405838959234,0.26998392527197834
c3_w2_tcop_cm1_states_L0.4_km0_4221_up0_2500_s137,cm1,stageB,-0.2,-0.4221,0.25,,137,8,0.25,2,True,,0.439632,0.0016921244299611187,-0.02820529894763134,-0.20677353555960803,0.47404746825101274,0.2479531739706031,0.2417886249051135,0.0,0.3594930544898847,0.5662665900494928,0.38031614947675124,0.26823581480689035
c3_w2_tcop_cm1_states_L0.4_km0_4221_up0_2500_s137,cm1,stageB,-0.2,-0.4221,0.25,,137,9,0.0,0,True,,0.41169599999999995,0.004691707912910975,-0.01421461716406473,-0.1999984658005633,0.4184588026539832,0.24206635669945722,0.22767200500965856,0.0,0.3041601612750264,0.5041586270755897,0.38620403993038616,0.27944667866137296
c3_w2_tcop_cm1_states_L0.4_km0_4221_up0_2500_s137,cm1,stageB,-0.2,-0.4221,0.25,,137,10,0.125,1,True,,0.426656,-4.567569288175509e-05,-0.017122601798494147,-0.20410589268343943,0.44587316438240276,0.24576983274976777,0.23548859622306725,0.0,0.33124375590462235,0.5353496485880618,0.3691465407007085,0.26440026481793344
c3_w2_tcop_cm1_states_L0.4_km0_4221_up0_2500_s137,cm1,stageB,-0.2,-0.4221,0.25,,137,11,0.25,2,True,,0.43998400000000004,0.004478068405831917,-0.020201857730085423,-0.20677353555960803,0.47397380213679824,0.24794985897742916,0.2417886249051135,0.0,0.3594930544898847,0.5662665900494928,0.3837162793951681,0.2655294663574722
c3_w2_tcop_cm1_states_L0.4_km0_4221_up0_2500_s137,cm1,stageB,-0.2,-0.4221,0.25,,137,12,0.0,0,True,,0.41348799999999997,-0.0005927013741823218,-0.02268945851241571,-0.1999984658005633,0.4180831346301333,0.24203063584180642,0.22767200500965856,0.0,0.3041601612750264,0.5041586270755897,0.3686933295249695,0.2696426138335904
c3_w2_tcop_cm1_states_L0.4_km0_4221_up0_2500_s137,cm1,stageB,-0.2,-0.4221,0.25,,137,13,0.125,1,True,,0.42408,0.0031119612075368058,-0.034316968782750215,-0.20410589268343943,0.44641558642991563,0.24579750109168486,0.23548859622306725,0.0,0.33124375590462235,0.5353496485880618,0.3790121187164518,0.2679906745597849
c3_w2_tcop_cm1_states_L0.4_km0_4221_up0_2500_s137,cm1,stageB,-0.2,-0.4221,0.25,,137,14,0.25,2,True,,0.441472,0.004967760887743563,-0.021375381412901007,-0.20677353555960803,0.47366452632090206,0.24791430035183934,0.2417886249051135,0.0,0.3594930544898847,0.5662665900494928,0.3855885384353301,0.2673351429043855
c3_w2_tcop_cm1_states_L0.4_km0_4221_up0_2500_s137,cm1,stageB,-0.2,-0.4221,0.25,,137,15,0.0,0,False,BLOCK_15_PARTIAL_CYCLE,0.411344,-0.0012311561537822677,-0.0029939586119840235,-0.1999984658005633,0.41852221507571974,0.24209919252664425,0.22767200500965856,0.0,0.3041601612750264,0.5041586270755897,0.3720917735520082,0.27765621607907964
c3_w2_tcop_cm1_states_L0.4_km0_4221_up0_2500_s256,cm1,stageB,-0.2,-0.4221,0.25,,256,0,0.0,0,False,PRE_PRIMARY_INCOMPLETE_CYCLE,0.40096000000000004,0.00426800018838588,-0.01982350966244053,-0.1999984658005633,0.4206959165077555,0.24228116885490839,0.22767200500965856,0.0,0.3041601612750264,0.5041586270755897,0.3848042265304368,0.2818934506930545
c3_w2_tcop_cm1_states_L0.4_km0_4221_up0_2500_s256,cm1,stageB,-0.2,-0.4221,0.25,,256,1,0.125,1,False,PRE_PRIMARY_INCOMPLETE_CYCLE,0.427184,-0.0005713152654573718,-0.026229014797588903,-0.20410589268343943,0.44576734712152966,0.24573867921589598,0.23548859622306725,0.0,0.33124375590462235,0.5353496485880618,0.3689315628689661,0.2663063622954362
c3_w2_tcop_cm1_states_L0.4_km0_4221_up0_2500_s256,cm1,stageB,-0.2,-0.4221,0.25,,256,2,0.25,2,False,PRE_PRIMARY_INCOMPLETE_CYCLE,0.4428,0.0028055690312565485,-0.02663298850361236,-0.20677353555960803,0.4733821055843965,0.24793808689972838,0.2417886249051135,0.0,0.3594930544898847,0.5662665900494928,0.38130737686547256,0.266060187242088
c3_w2_tcop_cm1_states_L0.4_km0_4221_up0_2500_s256,cm1,stageB,-0.2,-0.4221,0.25,,256,3,0.0,0,True,,0.4150560000000001,0.002406742153915905,-0.023114774896527024,-0.1999984658005633,0.4177710808204804,0.24195667932315695,0.22767200500965856,0.0,0.3041601612750264,0.5041586270755897,0.3793800770331414,0.2764157974959587
c3_w2_tcop_cm1_states_L0.4_km0_4221_up0_2500_s256,cm1,stageB,-0.2,-0.4221,0.25,,256,4,0.125,1,True,,0.425728,0.005202912161298661,-0.012443176717026373,-0.20410589268343943,0.44607586661701953,0.2457444383490967,0.23548859622306725,0.0,0.33124375590462235,0.5353496485880618,0.3853742150289795,0.2716698004394562
c3_w2_tcop_cm1_states_L0.4_km0_4221_up0_2500_s256,cm1,stageB,-0.2,-0.4221,0.25,,256,5,0.25,2,True,,0.4381439999999999,0.005901693471844062,-0.03708889746616375,-0.20677353555960803,0.47436057240534507,0.24795640163108265,0.2417886249051135,0.0,0.3594930544898847,0.5662665900494928,0.38822647118722303,0.270991498770261
c3_w2_tcop_cm1_states_L0.4_km0_4221_up0_2500_s256,cm1,stageB,-0.2,-0.4221,0.25,,256,6,0.0,0,True,,0.410912,-0.004511461727462243,-0.032259825276263775,-0.1999984658005633,0.41860689596689205,0.2421255756891055,0.22767200500965856,0.0,0.3041601612750264,0.5041586270755897,0.3606553174491915,0.27151411560865496
c3_w2_tcop_cm1_states_L0.4_km0_4221_up0_2500_s256,cm1,stageB,-0.2,-0.4221,0.25,,256,7,0.125,1,True,,0.427376,0.0019185377684386173,-0.02682239273429698,-0.20410589268343943,0.44572979664125445,0.2457210191838223,0.23548859622306725,0.0,0.33124375590462235,0.5353496485880618,0.3776517676053097,0.2738656289892839
c3_w2_tcop_cm1_states_L0.4_km0_4221_up0_2500_s256,cm1,stageB,-0.2,-0.4221,0.25,,256,8,0.25,2,True,,0.441952,0.005993579242684653,-0.0262698063320847,-0.20677353555960803,0.4735629693005727,0.24793056362092666,0.2417886249051135,0.0,0.3594930544898847,0.5662665900494928,0.38432781167806157,0.2638036214719773
c3_w2_tcop_cm1_states_L0.4_km0_4221_up0_2500_s256,cm1,stageB,-0.2,-0.4221,0.25,,256,9,0.0,0,True,,0.4132639999999999,-0.0007535233872576576,-0.011845423630023043,-0.1999984658005633,0.4181273653324661,0.24204207861019852,0.22767200500965856,0.0,0.3041601612750264,0.5041586270755897,0.3706025918121789,0.2701450497682723
c3_w2_tcop_cm1_states_L0.4_km0_4221_up0_2500_s256,cm1,stageB,-0.2,-0.4221,0.25,,256,10,0.125,1,True,,0.42566399999999993,-0.0011058184765283196,-0.025248891838579455,-0.20410589268343943,0.4460836031348207,0.2457726925104577,0.23548859622306725,0.0,0.33124375590462235,0.5353496485880618,0.3701341673524835,0.26711032094884746
c3_w2_tcop_cm1_states_L0.4_km0_4221_up0_2500_s256,cm1,stageB,-0.2,-0.4221,0.25,,256,11,0.25,2,True,,0.44099200000000005,0.002247124079692507,-0.021437897101692978,-0.20677353555960803,0.47376147913593686,0.24794916259352565,0.2417886249051135,0.0,0.3594930544898847,0.5662665900494928,0.37481084564061035,0.2639243944575487
c3_w2_tcop_cm1_states_L0.4_km0_4221_up0_2500_s256,cm1,stageB,-0.2,-0.4221,0.25,,256,12,0.0,0,True,,0.411312,-0.0008870122572068174,-0.025561920047035492,-0.1999984658005633,0.4185298677310203,0.2420962434383622,0.22767200500965856,0.0,0.3041601612750264,0.5041586270755897,0.3696996879088635,0.2766650029100944
c3_w2_tcop_cm1_states_L0.4_km0_4221_up0_2500_s256,cm1,stageB,-0.2,-0.4221,0.25,,256,13,0.125,1,True,,0.424192,0.00908092987553056,-0.01592093102240671,-0.20410589268343943,0.44639741742619726,0.2457711001716029,0.23548859622306725,0.0,0.33124375590462235,0.5353496485880618,0.3945730353045069,0.27477119115002635
c3_w2_tcop_cm1_states_L0.4_km0_4221_up0_2500_s256,cm1,stageB,-0.2,-0.4221,0.25,,256,14,0.25,2,True,,0.440848,-0.0001282655842250067,-0.011754983496728003,-0.20677353555960803,0.47378906760732103,0.24798028635127872,0.2417886249051135,0.0,0.3594930544898847,0.5662665900494928,0.36678811418471385,0.25732484798173005
c3_w2_tcop_cm1_states_L0.4_km0_4221_up0_2500_s256,cm1,stageB,-0.2,-0.4221,0.25,,256,15,0.0,0,False,BLOCK_15_PARTIAL_CYCLE,0.41169599999999995,0.001697996640692215,-0.02190984964891996,-0.1999984658005633,0.4184526284788721,0.24207925745443684,0.22767200500965856,0.0,0.3041601612750264,0.5041586270755897,0.3743421611187271,0.2761583213048798
c3_w2_tcop_cm1_states_L0.4_km0_4221_up0_2500_s1024,cm1,stageB,-0.2,-0.4221,0.25,,1024,0,0.0,0,False,PRE_PRIMARY_INCOMPLETE_CYCLE,0.402176,-0.001185521908569998,-0.031232014865131726,-0.1999984658005633,0.4204418485210475,0.2422538185995198,0.22767200500965856,0.0,0.3041601612750264,0.5041586270755897,0.37292274643122314,0.2788026385286635
c3_w2_tcop_cm1_states_L0.4_km0_4221_up0_2500_s1024,cm1,stageB,-0.2,-0.4221,0.25,,1024,1,0.125,1,False,PRE_PRIMARY_INCOMPLETE_CYCLE,0.425552,0.0021476237964046874,-0.032334724142428474,-0.20410589268343943,0.4461084253961047,0.24576460997398858,0.23548859622306725,0.0,0.33124375590462235,0.5353496485880618,0.3772085130470859,0.2723552751916614
c3_w2_tcop_cm1_states_L0.4_km0_4221_up0_2500_s1024,cm1,stageB,-0.2,-0.4221,0.25,,1024,2,0.25,2,False,PRE_PRIMARY_INCOMPLETE_CYCLE,0.439664,0.002872799633347052,-0.020707089451149966,-0.20677353555960803,0.47403968489376214,0.24796996653683537,0.2417886249051135,0.0,0.3594930544898847,0.5662665900494928,0.38073474230286897,0.26391827751509056
c3_w2_tcop_cm1_states_L0.4_km0_4221_up0_2500_s1024,cm1,stageB,-0.2,-0.4221,0.25,,1024,3,0.0,0,True,,0.41187199999999996,0.002218330768059506,-0.028519185981520912,-0.1999984658005633,0.41841657555928174,0.24207797092185737,0.22767200500965856,0.0,0.3041601612750264,0.5041586270755897,0.37928676870542505,0.2728642129987919
c3_w2_tcop_cm1_states_L0.4_km0_4221_up0_2500_s1024,cm1,stageB,-0.2,-0.4221,0.25,,1024,4,0.125,1,True,,0.42755199999999993,0.003226414385237425,-0.022432772308554217,-0.20410589268343943,0.4456947863396705,0.24571910540717382,0.23548859622306725,0.0,0.33124375590462235,0.5353496485880618,0.37806230651777123,0.26419594539192365
c3_w2_tcop_cm1_states_L0.4_km0_4221_up0_2500_s1024,cm1,stageB,-0.2,-0.4221,0.25,,1024,5,0.25,2,True,,0.441296,0.001874636160238827,-0.02861153234429545,-0.20677353555960803,0.47369627314418244,0.2479561894088763,0.2417886249051135,0.0,0.3594930544898847,0.5662665900494928,0.37759014962863646,0.2682928692259498
c3_w2_tcop_cm1_states_L0.4_km0_4221_up0_2500_s1024,cm1,stageB,-0.2,-0.4221,0.25,,1024,6,0.0,0,True,,0.416432,0.0006120569962280637,-0.020743090125062938,-0.1999984658005633,0.41748943237385955,0.24191411249260567,0.22767200500965856,0.0,0.3041601612750264,0.5041586270755897,0.37166653636998626,0.26863114408929756
c3_w2_tcop_cm1_states_L0.4_km0_4221_up0_2500_s1024,cm1,stageB,-0.2,-0.4221,0.25,,1024,7,0.125,1,True,,0.42334399999999994,0.002241475042959561,-0.01264154226839163,-0.20410589268343943,0.44656533342168003,0.24582448882277763,0.23548859622306725,0.0,0.33124375590462235,0.5353496485880618,0.3773971367464605,0.266502408734892
c3_w2_tcop_cm1_states_L0.4_km0_4221_up0_2500_s1024,cm1,stageB,-0.2,-0.4221,0.25,,1024,8,0.25,2,True,,0.43769600000000003,0.0023283635357364617,-0.010379305690020803,-0.20677353555960803,0.47445340621953325,0.24797339243325284,0.2417886249051135,0.0,0.3594930544898847,0.5662665900494928,0.37996449582058767,0.2658788247737603
c3_w2_tcop_cm1_states_L0.4_km0_4221_up0_2500_s1024,cm1,stageB,-0.2,-0.4221,0.25,,1024,9,0.0,0,True,,0.41224000000000005,-0.0022797135939843192,-0.020716307180007228,-0.1999984658005633,0.4183396498216762,0.24207003066430882,0.22767200500965856,0.0,0.3041601612750264,0.5041586270755897,0.37034292755392506,0.27418607382940297
c3_w2_tcop_cm1_states_L0.4_km0_4221_up0_2500_s1024,cm1,stageB,-0.2,-0.4221,0.25,,1024,10,0.125,1,True,,0.425696,0.002476195408361414,-0.03195711404103017,-0.20410589268343943,0.44607619925913955,0.24577119792115745,0.23548859622306725,0.0,0.33124375590462235,0.5353496485880618,0.37990866243178806,0.2709844952280023
c3_w2_tcop_cm1_states_L0.4_km0_4221_up0_2500_s1024,cm1,stageB,-0.2,-0.4221,0.25,,1024,11,0.25,2,True,,0.44089600000000007,0.003489000619166508,-0.01896581982412927,-0.20677353555960803,0.47378372431377713,0.24793460115373483,0.2417886249051135,0.0,0.3594930544898847,0.5662665900494928,0.38195287501432484,0.26777099059226755
c3_w2_tcop_cm1_states_L0.4_km0_4221_up0_2500_s1024,cm1,stageB,-0.2,-0.4221,0.25,,1024,12,0.0,0,True,,0.41096000000000005,0.0009931469783313715,-0.039110266514620726,-0.1999984658005633,0.41860435222900216,0.24210248350863806,0.22767200500965856,0.0,0.3041601612750264,0.5041586270755897,0.3738987673827973,0.27480796447369693
c3_w2_tcop_cm1_states_L0.4_km0_4221_up0_2500_s1024,cm1,stageB,-0.2,-0.4221,0.25,,1024,13,0.125,1,True,,0.42872,0.0008465156909477034,-0.05261608019071113,-0.20410589268343943,0.44545113439481987,0.2456919987377398,0.23548859622306725,0.0,0.33124375590462235,0.5353496485880618,0.37267419818765746,0.27102244862276315
c3_w2_tcop_cm1_states_L0.4_km0_4221_up0_2500_s1024,cm1,stageB,-0.2,-0.4221,0.25,,1024,14,0.25,2,True,,0.44252800000000003,0.001923509108418497,-0.019218215379745118,-0.20677353555960803,0.47343952103655534,0.24793119070114236,0.2417886249051135,0.0,0.3594930544898847,0.5662665900494928,0.37643611722100284,0.26759120880361614
c3_w2_tcop_cm1_states_L0.4_km0_4221_up0_2500_s1024,cm1,stageB,-0.2,-0.4221,0.25,,1024,15,0.0,0,False,BLOCK_15_PARTIAL_CYCLE,0.4121599999999999,0.00207002660167194,-0.02726579601725714,-0.1999984658005633,0.4183575414615813,0.2420667989309294,0.22767200500965856,0.0,0.3041601612750264,0.5041586270755897,0.37784561803432837,0.27425794689273164
c3_w2_tcop_cm1_states_L0.4_km0_4221_up0_2500_s31415,cm1,stageB,-0.2,-0.4221,0.25,,31415,0,0.0,0,False,PRE_PRIMARY_INCOMPLETE_CYCLE,0.39664,-0.0033371314115214364,-0.006331218270565983,-0.1999984658005633,0.4215664225051304,0.24245767898908063,0.22767200500965856,0.0,0.3041601612750264,0.5041586270755897,0.36525250557671723,0.274902098341263
c3_w2_tcop_cm1_states_L0.4_km0_4221_up0_2500_s31415,cm1,stageB,-0.2,-0.4221,0.25,,31415,1,0.125,1,False,PRE_PRIMARY_INCOMPLETE_CYCLE,0.423168,0.0018140041655063269,-0.01845854055160361,-0.20410589268343943,0.44659953392503243,0.2458353076110124,0.23548859622306725,0.0,0.33124375590462235,0.5353496485880618,0.3764858567398797,0.26937277373084834
c3_w2_tcop_cm1_states_L0.4_km0_4221_up0_2500_s31415,cm1,stageB,-0.2,-0.4221,0.25,,31415,2,0.25,2,False,PRE_PRIMARY_INCOMPLETE_CYCLE,0.441184,0.0033448223620586052,-0.033547871550613326,-0.20677353555960803,0.47372099694696945,0.24795813103317765,0.2417886249051135,0.0,0.3594930544898847,0.5662665900494928,0.382329754571716,0.26393327149509865
c3_w2_tcop_cm1_states_L0.4_km0_4221_up0_2500_s31415,cm1,stageB,-0.2,-0.4221,0.25,,31415,3,0.0,0,True,,0.41092799999999996,-0.0015982517257974956,-0.02869799824220227,-0.1999984658005633,0.4186079727056696,0.2421142293991926,0.22767200500965856,0.0,0.3041601612750264,0.5041586270755897,0.3683084748194008,0.27098088756295374
c3_w2_tcop_cm1_states_L0.4_km0_4221_up0_2500_s31415,cm1,stageB,-0.2,-0.4221,0.25,,31415,4,0.125,1,True,,0.42577600000000004,0.003344143182269614,-0.04006342752055388,-0.20410589268343943,0.44606478502430735,0.24574749031943258,0.23548859622306725,0.0,0.33124375590462235,0.5353496485880618,0.37897661078167,0.2701076660077774
c3_w2_tcop_cm1_states_L0.4_km0_4221_up0_2500_s31415,cm1,stageB,-0.2,-0.4221,0.25,,31415,5,0.25,2,True,,0.43852800000000003,0.0038114494237284835,-0.017366883208815347,-0.20677353555960803,0.4742792480571668,0.24795693563084298,0.2417886249051135,0.0,0.3594930544898847,0.5662665900494928,0.38208011805579195,0.26681557796840955
c3_w2_tcop_cm1_states_L0.4_km0_4221_up0_2500_s31415,cm1,stageB,-0.2,-0.4221,0.25,,31415,6,0.0,0,True,,0.412112,0.0036464139157235034,-0.025905357109729018,-0.1999984658005633,0.4183779791153703,0.24204043140921833,0.22767200500965856,0.0,0.3041601612750264,0.5041586270755897,0.3814646039093085,0.279052121280005
c3_w2_tcop_cm1_states_L0.4_km0_4221_up0_2500_s31415,cm1,stageB,-0.2,-0.4221,0.25,,31415,7,0.125,1,True,,0.42576,-9.609480944832981e-05,-0.032804072190882536,-0.20410589268343943,0.446063743597226,0.245768533191026,0.23548859622306725,0.0,0.33124375590462235,0.5353496485880618,0.3741733786388656,0.26976911741441656
c3_w2_tcop_cm1_states_L0.4_km0_4221_up0_2500_s31415,cm1,stageB,-0.2,-0.4221,0.25,,31415,8,0.25,2,True,,0.44020799999999993,0.005101397134061173,-0.022308202116685133,-0.20677353555960803,0.4739265972120811,0.24795325053110684,0.2417886249051135,0.0,0.3594930544898847,0.5662665900494928,0.3796432931754026,0.2645284797883164
c3_w2_tcop_cm1_states_L0.4_km0_4221_up0_2500_s31415,cm1,stageB,-0.2,-0.4221,0.25,,31415,9,0.0,0,True,,0.41015999999999997,0.0006648708015557298,-0.030199752442102247,-0.1999984658005633,0.4187699840196428,0.24212598673377683,0.22767200500965856,0.0,0.3041601612750264,0.5041586270755897,0.3762509281739751,0.27704032738648476
c3_w2_tcop_cm1_states_L0.4_km0_4221_up0_2500_s31415,cm1,stageB,-0.2,-0.4221,0.25,,31415,10,0.125,1,True,,0.42647999999999997,0.0007353197357596408,-0.026092550631160092,-0.20410589268343943,0.4459150061919835,0.2457546394481294,0.23548859622306725,0.0,0.33124375590462235,0.5353496485880618,0.3773297775681884,0.27174638452306055
c3_w2_tcop_cm1_states_L0.4_km0_4221_up0_2500_s31415,cm1,stageB,-0.2,-0.4221,0.25,,31415,11,0.25,2,True,,0.438992,0.005658529258698339,-0.025030785743013664,-0.20677353555960803,0.47418011786041175,0.2479725408080736,0.2417886249051135,0.0,0.3594930544898847,0.5662665900494928,0.38518440920211816,0.2681614773293587
c3_w2_tcop_cm1_states_L0.4_km0_4221_up0_2500_s31415,cm1,stageB,-0.2,-0.4221,0.25,,31415,12,0.0,0,True,,0.411568,-0.001399084525423161,-0.015949421984499355,-0.1999984658005633,0.4184787013429211,0.24208441799465102,0.22767200500965856,0.0,0.3041601612750264,0.5041586270755897,0.37307025063189797,0.2787392632169609
c3_w2_tcop_cm1_states_L0.4_km0_4221_up0_2500_s31415,cm1,stageB,-0.2,-0.4221,0.25,,31415,13,0.125,1,True,,0.426192,-0.002960200492659365,-0.031531480921588376,-0.20410589268343943,0.44596952344647794,0.2457738504446053,0.23548859622306725,0.0,0.33124375590462235,0.5353496485880618,0.365875906753181,0.2675414550717502
c3_w2_tcop_cm1_states_L0.4_km0_4221_up0_2500_s31415,cm1,stageB,-0.2,-0.4221,0.25,,31415,14,0.25,2,True,,0.43995199999999995,0.0037912113098202338,-0.026244601925494156,-0.20677353555960803,0.473980627821445,0.2479448538891608,0.2417886249051135,0.0,0.3594930544898847,0.5662665900494928,0.3763302837827133,0.26822916752478176
c3_w2_tcop_cm1_states_L0.4_km0_4221_up0_2500_s31415,cm1,stageB,-0.2,-0.4221,0.25,,31415,15,0.0,0,False,BLOCK_15_PARTIAL_CYCLE,0.41528,-0.000633097303198574,-0.04080505912355173,-0.1999984658005633,0.4177189437456909,0.2419675845927915,0.22767200500965856,0.0,0.3041601612750264,0.5041586270755897,0.3746401945779613,0.27574285993569775
c3_w2_tcop_cm1_states_L0.4_km0_4221_up0_5000_s42,cm1,stageB,-0.2,-0.4221,0.5,,42,0,0.0,0,False,PRE_PRIMARY_INCOMPLETE_CYCLE,0.399776,0.0018832595108723327,-0.01678181865323975,-0.1999984658005633,0.4209306191256104,0.24234202435428237,0.22767200500965856,0.0,0.3041601612750264,0.5041586270755897,0.38031662639694147,0.2779994438015731
c3_w2_tcop_cm1_states_L0.4_km0_4221_up0_5000_s42,cm1,stageB,-0.2,-0.4221,0.5,,42,1,0.25,1,False,PRE_PRIMARY_INCOMPLETE_CYCLE,0.439376,1.582230787112551e-05,-0.035815450422930245,-0.20677353555960803,0.4740993983304909,0.24797981916284642,0.2417886249051135,0.0,0.3594930544898847,0.5662665900494928,0.3698536694374068,0.25961178470536017
c3_w2_tcop_cm1_states_L0.4_km0_4221_up0_5000_s42,cm1,stageB,-0.2,-0.4221,0.5,,42,2,0.5,2,False,PRE_PRIMARY_INCOMPLETE_CYCLE,0.46588799999999997,0.003447006570739519,-0.02674793454478358,-0.20752736787642379,0.5306254855524627,0.24767104206848672,0.2397273706935026,0.0,0.41883318753538534,0.6263605554118091,0.3851877984257086,0.2642956954367231
c3_w2_tcop_cm1_states_L0.4_km0_4221_up0_5000_s42,cm1,stageB,-0.2,-0.4221,0.5,,42,3,0.0,0,True,,0.414432,0.0005172429224737594,-0.04363636107930546,-0.1999984658005633,0.4178960113507906,0.24198748688104155,0.22767200500965856,0.0,0.3041601612750264,0.5041586270755897,0.3736947512568649,0.26776071008376917
c3_w2_tcop_cm1_states_L0.4_km0_4221_up0_5000_s42,cm1,stageB,-0.2,-0.4221,0.5,,42,4,0.25,1,True,,0.44062399999999996,0.006877109009306206,-0.027335380300448957,-0.20677353555960803,0.4738409178066527,0.24793313073915774,0.2417886249051135,0.0,0.3594930544898847,0.5662665900494928,0.3894978536430308,0.2701102222385386
c3_w2_tcop_cm1_states_L0.4_km0_4221_up0_5000_s42,cm1,stageB,-0.2,-0.4221,0.5,,42,5,0.5,2,True,,0.47056000000000003,0.004591174465216868,-0.015612993306498292,-0.20752736787642379,0.5296484965210034,0.24773813891255045,0.2397273706935026,0.0,0.41883318753538534,0.6263605554118091,0.3837128650344475,0.25873220418778947
c3_w2_tcop_cm1_states_L0.4_km0_4221_up0_5000_s42,cm1,stageB,-0.2,-0.4221,0.5,,42,6,0.0,0,True,,0.41216,0.0015667152209817576,-0.028413753707686777,-0.1999984658005633,0.4183559378727106,0.242071336907735,0.22767200500965856,0.0,0.3041601612750264,0.5041586270755897,0.3768296523252744,0.27694613321816064
c3_w2_tcop_cm1_states_L0.4_km0_4221_up0_5000_s42,cm1,stageB,-0.2,-0.4221,0.5,,42,7,0.25,1,True,,0.44113600000000003,0.003936522259796253,-0.03450039992731096,-0.20677353555960803,0.47373253760260947,0.2479412567897346,0.2417886249051135,0.0,0.3594930544898847,0.5662665900494928,0.3784516367158586,0.2662396818614343
c3_w2_tcop_cm1_states_L0.4_km0_4221_up0_5000_s42,cm1,stageB,-0.2,-0.4221,0.5,,42,8,0.5,2,True,,0.46771200000000007,0.0032959567518118893,-0.005965132965745179,-0.20752736787642379,0.5302460801053889,0.24770872223230608,0.2397273706935026,0.0,0.41883318753538534,0.6263605554118091,0.3795833322529939,0.25511190307952863
c3_w2_tcop_cm1_states_L0.4_km0_4221_up0_5000_s42,cm1,stageB,-0.2,-0.4221,0.5,,42,9,0.0,0,True,,0.41411200000000004,0.0023104919971770393,-0.01417052264163109,-0.1999984658005633,0.4179594928204607,0.24199975003256133,0.22767200500965856,0.0,0.3041601612750264,0.5041586270755897,0.3772731080216585,0.27556932057915373
c3_w2_tcop_cm1_states_L0.4_km0_4221_up0_5000_s42,cm1,stageB,-0.2,-0.4221,0.5,,42,10,0.25,1,True,,0.43964800000000004,0.0031963571863502615,-0.035991149318412845,-0.20677353555960803,0.47404282541580745,0.24795872446102413,0.2417886249051135,0.0,0.3594930544898847,0.5662665900494928,0.37857813789583905,0.2644755616169557
c3_w2_tcop_cm1_states_L0.4_km0_4221_up0_5000_s42,cm1,stageB,-0.2,-0.4221,0.5,,42,11,0.5,2,True,,0.46712000000000004,0.0051925461962701565,-0.024393286919123718,-0.20752736787642379,0.5303681124982843,0.2476946278267983,0.2397273706935026,0.0,0.41883318753538534,0.6263605554118091,0.38435710827902736,0.25922985952428357
c3_w2_tcop_cm1_states_L0.4_km0_4221_up0_5000_s42,cm1,stageB,-0.2,-0.4221,0.5,,42,12,0.0,0,True,,0.41582399999999997,0.001684468294329545,-0.01869821871730141,-0.1999984658005633,0.4176203553331897,0.24191539821300465,0.22767200500965856,0.0,0.3041601612750264,0.5041586270755897,0.3738710504432225,0.2773008187180573
c3_w2_tcop_cm1_states_L0.4_km0_4221_up0_5000_s42,cm1,stageB,-0.2,-0.4221,0.5,,42,13,0.25,1,True,,0.4401280000000001,-0.0027437362135659593,-0.042560312791202815,-0.20677353555960803,0.47394336630385986,0.24796070336033518,0.2417886249051135,0.0,0.3594930544898847,0.5662665900494928,0.3683622656385428,0.263814099872397
c3_w2_tcop_cm1_states_L0.4_km0_4221_up0_5000_s42,cm1,stageB,-0.2,-0.4221,0.5,,42,14,0.5,2,True,,0.46795200000000003,0.004463254362412125,-0.01512268015333596,-0.20752736787642379,0.5301958790229526,0.2477100526237072,0.2397273706935026,0.0,0.41883318753538534,0.6263605554118091,0.378935818372605,0.2559840339493265
c3_w2_tcop_cm1_states_L0.4_km0_4221_up0_5000_s42,cm1,stageB,-0.2,-0.4221,0.5,,42,15,0.0,0,False,BLOCK_15_PARTIAL_CYCLE,0.413392,-0.001956477602159968,-0.01422468132010799,-0.1999984658005633,0.4181034767046548,0.24203086934368925,0.22767200500965856,0.0,0.3041601612750264,0.5041586270755897,0.36783922176751555,0.27735952307930106
c3_w2_tcop_cm1_states_L0.4_km0_4221_up0_5000_s137,cm1,stageB,-0.2,-0.4221,0.5,,137,0,0.0,0,False,PRE_PRIMARY_INCOMPLETE_CYCLE,0.403856,0.0020527321869826696,-0.022972769126276552,-0.1999984658005633,0.4201005004946041,0.2421961208685718,0.22767200500965856,0.0,0.3041601612750264,0.5041586270755897,0.3778825512440461,0.2784860522866534
c3_w2_tcop_cm1_states_L0.4_km0_4221_up0_5000_s137,cm1,stageB,-0.2,-0.4221,0.5,,137,1,0.25,1,False,PRE_PRIMARY_INCOMPLETE_CYCLE,0.43921600000000005,0.0019382502592985818,-0.03362275188423149,-0.20677353555960803,0.47413537286458296,0.24796046039923672,0.2417886249051135,0.0,0.3594930544898847,0.5662665900494928,0.3790668899110388,0.26441629601714345
c3_w2_tcop_cm1_states_L0.4_km0_4221_up0_5000_s137,cm1,stageB,-0.2,-0.4221,0.5,,137,2,0.5,2,False,PRE_PRIMARY_INCOMPLETE_CYCLE,0.466608,0.003895032289782048,-0.029244309893905526,-0.20752736787642379,0.530477219608147,0.24769623968745932,0.2397273706935026,0.0,0.41883318753538534,0.6263605554118091,0.3783043927798498,0.2540108449941138
c3_w2_tcop_cm1_states_L0.4_km0_4221_up0_5000_s137,cm1,stageB,-0.2,-0.4221,0.5,,137,3,0.0,0,True,,0.41384,0.0021176939036773946,-0.029654353106962492,-0.1999984658005633,0.4180138844329576,0.24201247719222643,0.22767200500965856,0.0,0.3041601612750264,0.5041586270755897,0.37850514564423543,0.2724307720139577
c3_w2_tcop_cm1_states_L0.4_km0_4221_up0_5000_s137,cm1,stageB,-0.2,-0.4221,0.5,,137,4,0.25,1,True,,0.439824,0.0034761409550812905,-0.04286035712790481,-0.20677353555960803,0.47400611448745783,0.24795883237130462,0.2417886249051135,0.0,0.3594930544898847,0.5662665900494928,0.38478329351198687,0.2666720836841684
c3_w2_tcop_cm1_states_L0.4_km0_4221_up0_5000_s137,cm1,stageB,-0.2,-0.4221,0.5,,137,5,0.5,2,True,,0.46736,0.006494997296131884,-0.025242866470672077,-0.20752736787642379,0.5303183409826657,0.2476971402586182,0.2397273706935026,0.0,0.41883318753538534,0.6263605554118091,0.3825177365277185,0.2571390788124624
c3_w2_tcop_cm1_states_L0.4_km0_4221_up0_5000_s137,cm1,stageB,-0.2,-0.4221,0.5,,137,6,0.0,0,True,,0.412384,0.0027145151206993227,-0.03672451907484956,-0.1999984658005633,0.41831467685348295,0.24205536777129633,0.22767200500965856,0.0,0.3041601612750264,0.5041586270755897,0.3764749497250368,0.26811099966776
c3_w2_tcop_cm1_states_L0.4_km0_4221_up0_5000_s137,cm1,stageB,-0.2,-0.4221,0.5,,137,7,0.25,1,True,,0.44020799999999993,0.0032481731875151658,-0.02156254445043401,-0.20677353555960803,0.4739251679543846,0.24796085921820393,0.2417886249051135,0.0,0.3594930544898847,0.5662665900494928,0.3774583517796154,0.2656003435613159
c3_w2_tcop_cm1_states_L0.4_km0_4221_up0_5000_s137,cm1,stageB,-0.2,-0.4221,0.5,,137,8,0.5,2,True,,0.46739200000000003,0.004142080841702888,-0.021099857431554854,-0.20752736787642379,0.5303092825737277,0.24768248165418755,0.2397273706935026,0.0,0.41883318753538534,0.6263605554118091,0.3857446289315455,0.26069354529783123
c3_w2_tcop_cm1_states_L0.4_km0_4221_up0_5000_s137,cm1,stageB,-0.2,-0.4221,0.5,,137,9,0.0,0,True,,0.412944,0.004479891613124822,-0.012080442136655411,-0.1999984658005633,0.41820567520301255,0.2420198492447274,0.22767200500965856,0.0,0.3041601612750264,0.5041586270755897,0.38597685309197244,0.2782910265710645
c3_w2_tcop_cm1_states_L0.4_km0_4221_up0_5000_s137,cm1,stageB,-0.2,-0.4221,0.5,,137,10,0.25,1,True,,0.44088,0.00013144651209992596,-0.019420960932740677,-0.20677353555960803,0.4737829698628089,0.24797082657412722,0.2417886249051135,0.0,0.3594930544898847,0.5662665900494928,0.3703592914250624,0.26256580900129056
c3_w2_tcop_cm1_states_L0.4_km0_4221_up0_5000_s137,cm1,stageB,-0.2,-0.4221,0.5,,137,11,0.5,2,True,,0.46715199999999996,0.005888299191650642,-0.02593575760339849,-0.20752736787642379,0.5303615356360343,0.24768901874009827,0.2397273706935026,0.0,0.41883318753538534,0.6263605554118091,0.3873968344908982,0.25524767089885886
c3_w2_tcop_cm1_states_L0.4_km0_4221_up0_5000_s137,cm1,stageB,-0.2,-0.4221,0.5,,137,12,0.0,0,True,,0.4142719999999999,-0.0005922446171830321,-0.02236154053225409,-0.1999984658005633,0.4179246672557194,0.24200001514155337,0.22767200500965856,0.0,0.3041601612750264,0.5041586270755897,0.36903199591111663,0.27001953733400075
c3_w2_tcop_cm1_states_L0.4_km0_4221_up0_5000_s137,cm1,stageB,-0.2,-0.4221,0.5,,137,13,0.25,1,True,,0.437936,0.0017835659058486203,-0.028914160604947368,-0.20677353555960803,0.4744024605723545,0.24798442072649357,0.2417886249051135,0.0,0.3594930544898847,0.5662665900494928,0.3748408951786801,0.2635192352694016
c3_w2_tcop_cm1_states_L0.4_km0_4221_up0_5000_s137,cm1,stageB,-0.2,-0.4221,0.5,,137,14,0.5,2,True,,0.468992,0.007500365788004951,-0.02029281179792283,-0.20752736787642379,0.529973238026198,0.24768616351833248,0.2397273706935026,0.0,0.41883318753538534,0.6263605554118091,0.39216476052550603,0.26194370514508314
c3_w2_tcop_cm1_states_L0.4_km0_4221_up0_5000_s137,cm1,stageB,-0.2,-0.4221,0.5,,137,15,0.0,0,False,BLOCK_15_PARTIAL_CYCLE,0.412384,-0.001428904689541432,-0.0026889778500714502,-0.1999984658005633,0.41831043920829114,0.24206224173219754,0.22767200500965856,0.0,0.3041601612750264,0.5041586270755897,0.3708841225924068,0.27703774159236755
c3_w2_tcop_cm1_states_L0.4_km0_4221_up0_5000_s256,cm1,stageB,-0.2,-0.4221,0.5,,256,0,0.0,0,False,PRE_PRIMARY_INCOMPLETE_CYCLE,0.40096000000000004,0.00426800018838588,-0.01982350966244053,-0.1999984658005633,0.4206959165077555,0.24228116885490839,0.22767200500965856,0.0,0.3041601612750264,0.5041586270755897,0.3848042265304368,0.2818934506930545
c3_w2_tcop_cm1_states_L0.4_km0_4221_up0_5000_s256,cm1,stageB,-0.2,-0.4221,0.5,,256,1,0.25,1,False,PRE_PRIMARY_INCOMPLETE_CYCLE,0.44118399999999997,-0.0006328328083084306,-0.02370926570068434,-0.20677353555960803,0.4737211733579489,0.24795010457372113,0.2417886249051135,0.0,0.3594930544898847,0.5662665900494928,0.36842508866489054,0.26055708370294856
c3_w2_tcop_cm1_states_L0.4_km0_4221_up0_5000_s256,cm1,stageB,-0.2,-0.4221,0.5,,256,2,0.5,2,False,PRE_PRIMARY_INCOMPLETE_CYCLE,0.47004799999999997,0.002614991527241259,-0.024692151198740818,-0.20752736787642379,0.5297583859234718,0.24774931871983805,0.24341194855433407,0.0,0.41883318753538534,0.6263605554118091,0.38201874088024385,0.25689788394655244
c3_w2_tcop_cm1_states_L0.4_km0_4221_up0_5000_s256,cm1,stageB,-0.2,-0.4221,0.5,,256,3,0.0,0,True,,0.4161600000000001,0.002290044153903868,-0.02264513360729621,-0.1999984658005633,0.4175465915781194,0.24191697654992836,0.22767200500965856,0.0,0.3041601612750264,0.5041586270755897,0.3792471954696061,0.27642832822265256
c3_w2_tcop_cm1_states_L0.4_km0_4221_up0_5000_s256,cm1,stageB,-0.2,-0.4221,0.5,,256,4,0.25,1,True,,0.44016,0.005329159503068209,-0.013081382658273162,-0.20677353555960803,0.473938110242538,0.24793757123204432,0.2417886249051135,0.0,0.3594930544898847,0.5662665900494928,0.3844080994851836,0.26691688154210136
c3_w2_tcop_cm1_states_L0.4_km0_4221_up0_5000_s256,cm1,stageB,-0.2,-0.4221,0.5,,256,5,0.5,2,True,,0.46595200000000003,0.0064080319878499666,-0.04311684139225243,-0.20752736787642379,0.5306104291160424,0.2476626347059571,0.2397273706935026,0.0,0.41883318753538534,0.6263605554118091,0.3896903395642483,0.26466138025484837
c3_w2_tcop_cm1_states_L0.4_km0_4221_up0_5000_s256,cm1,stageB,-0.2,-0.4221,0.5,,256,6,0.0,0,True,,0.41188800000000003,-0.00424329670880747,-0.03236790885935809,-0.1999984658005633,0.41840907633454005,0.24208938596664936,0.22767200500965856,0.0,0.3041601612750264,0.5041586270755897,0.3613828703219527,0.2708988143740472
c3_w2_tcop_cm1_states_L0.4_km0_4221_up0_5000_s256,cm1,stageB,-0.2,-0.4221,0.5,,256,7,0.25,1,True,,0.44236799999999993,0.002820146870524609,-0.019373977459624797,-0.20677353555960803,0.47347358140813683,0.2479241452238419,0.2417886249051135,0.0,0.3594930544898847,0.5662665900494928,0.37894746831039,0.26885181508759287
c3_w2_tcop_cm1_states_L0.4_km0_4221_up0_5000_s256,cm1,stageB,-0.2,-0.4221,0.5,,256,8,0.5,2,True,,0.4688800000000001,0.006317136387107146,-0.02837879440423601,-0.20752736787642379,0.5300004076157927,0.24771304125526766,0.2397273706935026,0.0,0.41883318753538534,0.6263605554118091,0.38523744706266483,0.2568637985953638
c3_w2_tcop_cm1_states_L0.4_km0_4221_up0_5000_s256,cm1,stageB,-0.2,-0.4221,0.5,,256,9,0.0,0,True,,0.414208,-0.0009432842486989198,-0.012441852760730763,-0.1999984658005633,0.41793535658202763,0.2420084185081942,0.22767200500965856,0.0,0.3041601612750264,0.5041586270755897,0.370151537655532,0.2698208775450561
c3_w2_tcop_cm1_states_L0.4_km0_4221_up0_5000_s256,cm1,stageB,-0.2,-0.4221,0.5,,256,10,0.25,1,True,,0.43940799999999997,-0.00010339438156723654,-0.0269754852646021,-0.20677353555960803,0.4740935241994966,0.24797367018514088,0.2417886249051135,0.0,0.3594930544898847,0.5662665900494928,0.3737166620221209,0.26201787560511647
c3_w2_tcop_cm1_states_L0.4_km0_4221_up0_5000_s256,cm1,stageB,-0.2,-0.4221,0.5,,256,11,0.5,2,True,,0.468496,0.004131212398386448,-0.018280460055540487,-0.20752736787642379,0.5300799893967802,0.2477089257675147,0.2397273706935026,0.0,0.41883318753538534,0.6263605554118091,0.37899721453991303,0.2557335618278797
c3_w2_tcop_cm1_states_L0.4_km0_4221_up0_5000_s256,cm1,stageB,-0.2,-0.4221,0.5,,256,12,0.0,0,True,,0.412272,-0.0008974786249893397,-0.02651452456714107,-0.1999984658005633,0.4183354130886197,0.24205983177705878,0.22767200500965856,0.0,0.3041601612750264,0.5041586270755897,0.36913103842301503,0.276281798675289
c3_w2_tcop_cm1_states_L0.4_km0_4221_up0_5000_s256,cm1,stageB,-0.2,-0.4221,0.5,,256,13,0.25,1,True,,0.438896,0.009329813093294191,-0.017333696857406336,-0.20677353555960803,0.47420474997644174,0.24793800761121929,0.2417886249051135,0.0,0.3594930544898847,0.5662665900494928,0.39464650060113016,0.271094152269116
c3_w2_tcop_cm1_states_L0.4_km0_4221_up0_5000_s256,cm1,stageB,-0.2,-0.4221,0.5,,256,14,0.5,2,True,,0.4681759999999999,0.0014388505019017422,-0.0056935923978936225,-0.20752736787642379,0.5301517446541211,0.24773096505035558,0.2397273706935026,0.0,0.41883318753538534,0.6263605554118091,0.37305463471760225,0.2485166286981776
c3_w2_tcop_cm1_states_L0.4_km0_4221_up0_5000_s256,cm1,stageB,-0.2,-0.4221,0.5,,256,15,0.0,0,False,BLOCK_15_PARTIAL_CYCLE,0.412928,0.0017045842132547631,-0.02312100522779129,-0.1999984658005633,0.4182027971363347,0.2420336898143265,0.22767200500965856,0.0,0.3041601612750264,0.5041586270755897,0.3741672141924554,0.2754506359535674
c3_w2_tcop_cm1_states_L0.4_km0_4221_up0_5000_s1024,cm1,stageB,-0.2,-0.4221,0.5,,1024,0,0.0,0,False,PRE_PRIMARY_INCOMPLETE_CYCLE,0.402176,-0.001185521908569998,-0.031232014865131726,-0.1999984658005633,0.4204418485210475,0.2422538185995198,0.22767200500965856,0.0,0.3041601612750264,0.5041586270755897,0.37292274643122314,0.2788026385286635
c3_w2_tcop_cm1_states_L0.4_km0_4221_up0_5000_s1024,cm1,stageB,-0.2,-0.4221,0.5,,1024,1,0.25,1,False,PRE_PRIMARY_INCOMPLETE_CYCLE,0.4404,0.003082863242321557,-0.03002925644469796,-0.20677353555960803,0.4738863286037347,0.24794887358634918,0.2417886249051135,0.0,0.3594930544898847,0.5662665900494928,0.3786899256350317,0.2671407342302081
c3_w2_tcop_cm1_states_L0.4_km0_4221_up0_5000_s1024,cm1,stageB,-0.2,-0.4221,0.5,,1024,2,0.5,2,False,PRE_PRIMARY_INCOMPLETE_CYCLE,0.46763200000000005,0.006853312717886853,-0.012550341144170281,-0.20752736787642379,0.5302629864755287,0.24770357945861773,0.2397273706935026,0.0,0.41883318753538534,0.6263605554118091,0.38987588000643525,0.2561468109637553
c3_w2_tcop_cm1_states_L0.4_km0_4221_up0_5000_s1024,cm1,stageB,-0.2,-0.4221,0.5,,1024,3,0.0,0,True,,0.41288,0.002450231970031845,-0.027352571974997606,-0.1999984658005633,0.4182125523456192,0.24203985811714718,0.22767200500965856,0.0,0.3041601612750264,0.5041586270755897,0.37967326443221805,0.27239792923087447
c3_w2_tcop_cm1_states_L0.4_km0_4221_up0_5000_s1024,cm1,stageB,-0.2,-0.4221,0.5,,1024,4,0.25,1,True,,0.44136000000000003,0.003370848314719559,-0.026087297062609063,-0.20677353555960803,0.47368623217473993,0.24794058746434766,0.2417886249051135,0.0,0.3594930544898847,0.5662665900494928,0.3784890977517687,0.25836898813153547
c3_w2_tcop_cm1_states_L0.4_km0_4221_up0_5000_s1024,cm1,stageB,-0.2,-0.4221,0.5,,1024,5,0.5,2,True,,0.468112,0.0032033907514317384,-0.027601682350654865,-0.20752736787642379,0.5301613207477582,0.2477126150150716,0.2397273706935026,0.0,0.41883318753538534,0.6263605554118091,0.3813962307765997,0.2599444224299468
c3_w2_tcop_cm1_states_L0.4_km0_4221_up0_5000_s1024,cm1,stageB,-0.2,-0.4221,0.5,,1024,6,0.0,0,True,,0.41726399999999997,0.0006240160122911849,-0.020462247661789758,-0.1999984658005633,0.41732028295114115,0.24188410730475782,0.22767200500965856,0.0,0.3041601612750264,0.5041586270755897,0.3713404681980713,0.2680593091045193
c3_w2_tcop_cm1_states_L0.4_km0_4221_up0_5000_s1024,cm1,stageB,-0.2,-0.4221,0.5,,1024,7,0.25,1,True,,0.438384,0.0043226991354107505,-0.012784561012985347,-0.20677353555960803,0.47430865471844336,0.24797544428593368,0.2417886249051135,0.0,0.3594930544898847,0.5662665900494928,0.3810343401999324,0.26371635070088545
c3_w2_tcop_cm1_states_L0.4_km0_4221_up0_5000_s1024,cm1,stageB,-0.2,-0.4221,0.5,,1024,8,0.5,2,True,,0.46529600000000004,0.004391205503897178,-0.014457639910801722,-0.20752736787642379,0.5307497380392502,0.2476606735553344,0.2397273706935026,0.0,0.41883318753538534,0.6263605554118091,0.384861086148047,0.254341748692459
c3_w2_tcop_cm1_states_L0.4_km0_4221_up0_5000_s1024,cm1,stageB,-0.2,-0.4221,0.5,,1024,9,0.0,0,True,,0.41329600000000005,-0.0020544499990928595,-0.01991563245652391,-0.1999984658005633,0.4181258658488076,0.24202990062762672,0.22767200500965856,0.0,0.3041601612750264,0.5041586270755897,0.37063211009539115,0.27359659213854504
c3_w2_tcop_cm1_states_L0.4_km0_4221_up0_5000_s1024,cm1,stageB,-0.2,-0.4221,0.5,,1024,10,0.25,1,True,,0.44038399999999994,0.0034196138015774933,-0.031205673846357307,-0.20677353555960803,0.47388900623644564,0.24795423498916033,0.2417886249051135,0.0,0.3594930544898847,0.5662665900494928,0.38308826052557976,0.2673334603093581
c3_w2_tcop_cm1_states_L0.4_km0_4221_up0_5000_s1024,cm1,stageB,-0.2,-0.4221,0.5,,1024,11,0.5,2,True,,0.4690560000000001,0.006200674923066859,-0.023302171588474536,-0.20752736787642379,0.529961764371005,0.24770374327989836,0.2397273706935026,0.0,0.41883318753538534,0.6263605554118091,0.3871414907505299,0.25810699933050224
c3_w2_tcop_cm1_states_L0.4_km0_4221_up0_5000_s1024,cm1,stageB,-0.2,-0.4221,0.5,,1024,12,0.0,0,True,,0.41196800000000006,0.0009868663612730315,-0.03915840689605141,-0.1999984658005633,0.4183996824676273,0.2420655625850237,0.22767200500965856,0.0,0.3041601612750264,0.5041586270755897,0.3738926141331882,0.2746085419327775
c3_w2_tcop_cm1_states_L0.4_km0_4221_up0_5000_s1024,cm1,stageB,-0.2,-0.4221,0.5,,1024,13,0.25,1,True,,0.44383999999999996,0.0016136717267042256,-0.05164612655844603,-0.20677353555960803,0.4731665632753896,0.2479039719466155,0.2417886249051135,0.0,0.3594930544898847,0.5662665900494928,0.37541404066714584,0.26607082566263573
c3_w2_tcop_cm1_states_L0.4_km0_4221_up0_5000_s1024,cm1,stageB,-0.2,-0.4221,0.5,,1024,14,0.5,2,True,,0.47007999999999994,0.005261969821334342,-0.021840754634566212,-0.20752736787642379,0.529747581545739,0.24772105963329466,0.2397273706935026,0.0,0.41883318753538534,0.6263605554118091,0.38359252489062484,0.2595545271901514
c3_w2_tcop_cm1_states_L0.4_km0_4221_up0_5000_s1024,cm1,stageB,-0.2,-0.4221,0.5,,1024,15,0.0,0,False,BLOCK_15_PARTIAL_CYCLE,0.413184,0.0028235513733482643,-0.026158426525886944,-0.1999984658005633,0.4181507211334718,0.24202631059110993,0.22767200500965856,0.0,0.3041601612750264,0.5041586270755897,0.37937547133989213,0.2749646192344227
c3_w2_tcop_cm1_states_L0.4_km0_4221_up0_5000_s31415,cm1,stageB,-0.2,-0.4221,0.5,,31415,0,0.0,0,False,PRE_PRIMARY_INCOMPLETE_CYCLE,0.39664,-0.0033371314115214364,-0.006331218270565983,-0.1999984658005633,0.4215664225051304,0.24245767898908063,0.22767200500965856,0.0,0.3041601612750264,0.5041586270755897,0.36525250557671723,0.274902098341263
c3_w2_tcop_cm1_states_L0.4_km0_4221_up0_5000_s31415,cm1,stageB,-0.2,-0.4221,0.5,,31415,1,0.25,1,False,PRE_PRIMARY_INCOMPLETE_CYCLE,0.437408,0.002318667090182721,-0.01592338089049055,-0.20677353555960803,0.47451105848041897,0.24800090735067573,0.2417886249051135,0.0,0.3594930544898847,0.5662665900494928,0.3761392796823143,0.2629140616952178
c3_w2_tcop_cm1_states_L0.4_km0_4221_up0_5000_s31415,cm1,stageB,-0.2,-0.4221,0.5,,31415,2,0.5,2,False,PRE_PRIMARY_INCOMPLETE_CYCLE,0.46796800000000005,0.006287980744792795,-0.027378340596413517,-0.20752736787642379,0.5301931344231252,0.2477200463737496,0.2397273706935026,0.0,0.41883318753538534,0.6263605554118091,0.38670482037029397,0.2577490136447087
c3_w2_tcop_cm1_states_L0.4_km0_4221_up0_5000_s31415,cm1,stageB,-0.2,-0.4221,0.5,,31415,3,0.0,0,True,,0.41175999999999996,-0.0007599136770785697,-0.027830224851138972,-0.1999984658005633,0.4184402415743721,0.24208071356658678,0.22767200500965856,0.0,0.3041601612750264,0.5041586270755897,0.3697875592473332,0.2711074994865274
c3_w2_tcop_cm1_states_L0.4_km0_4221_up0_5000_s31415,cm1,stageB,-0.2,-0.4221,0.5,,31415,4,0.25,1,True,,0.440544,0.0032619961190948773,-0.04237016855237766,-0.20677353555960803,0.4738569676706298,0.24793825942506256,0.2417886249051135,0.0,0.3594930544898847,0.5662665900494928,0.3799220728433159,0.2661540550696891
c3_w2_tcop_cm1_states_L0.4_km0_4221_up0_5000_s31415,cm1,stageB,-0.2,-0.4221,0.5,,31415,5,0.5,2,True,,0.4666720000000001,0.004364226712435799,-0.01830024904484469,-0.20752736787642379,0.530459474584065,0.2476739866691926,0.2397273706935026,0.0,0.41883318753538534,0.6263605554118091,0.38421841460491996,0.26045566872117354
c3_w2_tcop_cm1_states_L0.4_km0_4221_up0_5000_s31415,cm1,stageB,-0.2,-0.4221,0.5,,31415,6,0.0,0,True,,0.41324800000000006,0.00372368189973831,-0.026311353437652587,-0.1999984658005633,0.4181480907477401,0.24199710438627325,0.22767200500965856,0.0,0.3041601612750264,0.5041586270755897,0.3818659099260477,0.27886429572731414
c3_w2_tcop_cm1_states_L0.4_km0_4221_up0_5000_s31415,cm1,stageB,-0.2,-0.4221,0.5,,31415,7,0.25,1,True,,0.44023999999999996,-3.314281987114445e-05,-0.034326930990007214,-0.20677353555960803,0.47391863724230154,0.24795960679806037,0.2417886249051135,0.0,0.3594930544898847,0.5662665900494928,0.3742566138279696,0.26716881024254113
c3_w2_tcop_cm1_states_L0.4_km0_4221_up0_5000_s31415,cm1,stageB,-0.2,-0.4221,0.5,,31415,8,0.5,2,True,,0.46705599999999997,0.007403447891793714,-0.025013279348604766,-0.20752736787642379,0.5303811823369079,0.2476860150870157,0.2397273706935026,0.0,0.41883318753538534,0.6263605554118091,0.38444916797341155,0.25660039659569983
c3_w2_tcop_cm1_states_L0.4_km0_4221_up0_5000_s31415,cm1,stageB,-0.2,-0.4221,0.5,,31415,9,0.0,0,True,,0.41110399999999997,0.00123454304391117,-0.028052153266841098,-0.1999984658005633,0.4185799101382244,0.2420875186026533,0.22767200500965856,0.0,0.3041601612750264,0.5041586270755897,0.37821970147497824,0.27711360190763107
c3_w2_tcop_cm1_states_L0.4_km0_4221_up0_5000_s31415,cm1,stageB,-0.2,-0.4221,0.5,,31415,10,0.25,1,True,,0.441056,0.0012655043651511894,-0.027035909499757843,-0.20677353555960803,0.47374946013564706,0.24795299643988572,0.2417886249051135,0.0,0.3594930544898847,0.5662665900494928,0.37933548124738203,0.2663896102100109
c3_w2_tcop_cm1_states_L0.4_km0_4221_up0_5000_s31415,cm1,stageB,-0.2,-0.4221,0.5,,31415,11,0.5,2,True,,0.465648,0.0068855409889022265,-0.0308169199413487,-0.20752736787642379,0.5306754901130625,0.24767618010068573,0.2397273706935026,0.0,0.41883318753538534,0.6263605554118091,0.38830947535830185,0.26007606245717774
c3_w2_tcop_cm1_states_L0.4_km0_4221_up0_5000_s31415,cm1,stageB,-0.2,-0.4221,0.5,,31415,12,0.0,0,True,,0.412688,-0.0014659660540416045,-0.014347302897246759,-0.1999984658005633,0.4182516690094996,0.242042235817053,0.22767200500965856,0.0,0.3041601612750264,0.5041586270755897,0.37327105611067696,0.2790778100228934
c3_w2_tcop_cm1_states_L0.4_km0_4221_up0_5000_s31415,cm1,stageB,-0.2,-0.4221,0.5,,31415,13,0.25,1,True,,0.44110400000000005,-0.0024702100166719364,-0.038370023502939686,-0.20677353555960803,0.4737361925679316,0.2479639565494483,0.2417886249051135,0.0,0.3594930544898847,0.5662665900494928,0.36640610889462316,0.26201953701147096
c3_w2_tcop_cm1_states_L0.4_km0_4221_up0_5000_s31415,cm1,stageB,-0.2,-0.4221,0.5,,31415,14,0.5,2,True,,0.46739200000000003,0.0058419090406142335,-0.02337317163878877,-0.20752736787642379,0.5303085455675335,0.24767820733332455,0.2397273706935026,0.0,0.41883318753538534,0.6263605554118091,0.381358665769974,0.2591350521537333
c3_w2_tcop_cm1_states_L0.4_km0_4221_up0_5000_s31415,cm1,stageB,-0.2,-0.4221,0.5,,31415,15,0.0,0,False,BLOCK_15_PARTIAL_CYCLE,0.416128,-0.0006690863538831685,-0.04170209527860558,-0.1999984658005633,0.4175467457936449,0.24193643508161514,0.22767200500965856,0.0,0.3041601612750264,0.5041586270755897,0.3746895909799489,0.27600907370194083
c3_w2_tcop_cm1_states_L0.4_kp0_7599_up0_1000_s42,cm1,stageB,0.35,0.7599,0.1,,42,0,0.0,0,False,PRE_PRIMARY_INCOMPLETE_CYCLE,0.35446399999999995,0.006555053579299224,0.06371892636393386,0.34999882961319734,0.35069767248476336,0.22392802102099502,0.19883692760900232,0.0,0.23769378430958837,0.5876926139227857,0.38785241929961356,0.27737244668335104
c3_w2_tcop_cm1_states_L0.4_kp0_7599_up0_1000_s42,cm1,stageB,0.35,0.7599,0.1,,42,1,0.05,1,False,PRE_PRIMARY_INCOMPLETE_CYCLE,0.3812479999999999,0.0011665581497493983,0.04128675573396696,0.3528807025224652,0.3711021122399663,0.22973617304788221,0.20328388807011427,0.0,0.2468720201325735,0.5997527226550387,0.37287380426907873,0.2673248247954788
c3_w2_tcop_cm1_states_L0.4_kp0_7599_up0_1000_s42,cm1,stageB,0.35,0.7599,0.1,,42,2,0.1,2,False,PRE_PRIMARY_INCOMPLETE_CYCLE,0.38942399999999994,0.003970947985162831,0.0552306492400022,0.3554076391166287,0.38562353454291226,0.2330228995397675,0.20761917840596786,0.0,0.25628551126034343,0.6116931503769721,0.38739725819126336,0.27684232156278527
c3_w2_tcop_cm1_states_L0.4_kp0_7599_up0_1000_s42,cm1,stageB,0.35,0.7599,0.1,,42,3,0.0,0,True,,0.37392000000000003,0.004918537596899215,0.050119406661177264,0.34999882961319734,0.3571957501360009,0.2260129142757476,0.19883692760900232,0.0,0.23769378430958837,0.5876926139227857,0.3867670214966779,0.27036413879252186
c3_w2_tcop_cm1_states_L0.4_kp0_7599_up0_1000_s42,cm1,stageB,0.35,0.7599,0.1,,42,4,0.05,1,True,,0.37979199999999996,0.006976036278386701,0.06086470530603154,0.3528807025224652,0.3706393653176813,0.22954355668394402,0.20328388807011427,0.0,0.2468720201325735,0.5997527226550387,0.3873210253609875,0.2765199020882735
c3_w2_tcop_cm1_states_L0.4_kp0_7599_up0_1000_s42,cm1,stageB,0.35,0.7599,0.1,,42,5,0.1,2,True,,0.39419200000000004,0.0037476311373786713,0.05917111374878735,0.3554076391166287,0.3872809372783437,0.23346529980591657,0.20761917840596786,0.0,0.25628551126034343,0.6116931503769721,0.375629420669572,0.26640565678538075
c3_w2_tcop_cm1_states_L0.4_kp0_7599_up0_1000_s42,cm1,stageB,0.35,0.7599,0.1,,42,6,0.0,0,True,,0.372192,0.004880195660069799,0.058900831748616655,0.34999882961319734,0.3565958762754572,0.2258648589020199,0.19883692760900232,0.0,0.23769378430958837,0.5876926139227857,0.3842048742239208,0.2782959627587856
c3_w2_tcop_cm1_states_L0.4_kp0_7599_up0_1000_s42,cm1,stageB,0.35,0.7599,0.1,,42,7,0.05,1,True,,0.37913600000000003,0.0037557479308980685,0.06573048501124898,0.3528807025224652,0.3703895485141992,0.22951652238203432,0.20328388807011427,0.0,0.2468720201325735,0.5997527226550387,0.37891920587052597,0.27546843784050923
c3_w2_tcop_cm1_states_L0.4_kp0_7599_up0_1000_s42,cm1,stageB,0.35,0.7599,0.1,,42,8,0.1,2,True,,0.389248,0.002385141379565428,0.062022010142599844,0.3554076391166287,0.38552975202321393,0.23307296520078288,0.20761917840596786,0.0,0.25628551126034343,0.6116931503769721,0.3773139229190477,0.2707120379965446
c3_w2_tcop_cm1_states_L0.4_kp0_7599_up0_1000_s42,cm1,stageB,0.35,0.7599,0.1,,42,9,0.0,0,True,,0.37487999999999994,0.005049398566654728,0.08516175009717962,0.34999882961319734,0.35751842057080263,0.22611062374191754,0.19883692760900232,0.0,0.23769378430958837,0.5876926139227857,0.38524630606578925,0.2749046783892414
c3_w2_tcop_cm1_states_L0.4_kp0_7599_up0_1000_s42,cm1,stageB,0.35,0.7599,0.1,,42,10,0.05,1,True,,0.38168,0.0044857670072164435,0.06090249456815114,0.3528807025224652,0.37128145703129634,0.2297389876085182,0.20328388807011427,0.0,0.2468720201325735,0.5997527226550387,0.378102426523845,0.26921418536754227
c3_w2_tcop_cm1_states_L0.4_kp0_7599_up0_1000_s42,cm1,stageB,0.35,0.7599,0.1,,42,11,0.1,2,True,,0.38790399999999997,0.004750263327060705,0.04558171221451253,0.3554076391166287,0.3850665621968025,0.2329455810078386,0.20761917840596786,0.0,0.25628551126034343,0.6116931503769721,0.386184574424604,0.27577962449327087
c3_w2_tcop_cm1_states_L0.4_kp0_7599_up0_1000_s42,cm1,stageB,0.35,0.7599,0.1,,42,12,0.0,0,True,,0.377472,0.004434916006924921,0.07100974330727138,0.34999882961319734,0.358448499896493,0.22631689851823233,0.19883692760900232,0.0,0.23769378430958837,0.5876926139227857,0.3793639775260557,0.27709254831248475
c3_w2_tcop_cm1_states_L0.4_kp0_7599_up0_1000_s42,cm1,stageB,0.35,0.7599,0.1,,42,13,0.05,1,True,,0.381712,-0.001327543073823556,0.048362506009681734,0.3528807025224652,0.37128906206930623,0.2297369766233624,0.20328388807011427,0.0,0.2468720201325735,0.5997527226550387,0.36632184225563935,0.2677030301888132
c3_w2_tcop_cm1_states_L0.4_kp0_7599_up0_1000_s42,cm1,stageB,0.35,0.7599,0.1,,42,14,0.1,2,True,,0.388976,0.003886149899060325,0.06135685594731125,0.3554076391166287,0.38543732793530205,0.2330322072035722,0.20761917840596786,0.0,0.25628551126034343,0.6116931503769721,0.3783908671349662,0.2715055453791227
c3_w2_tcop_cm1_states_L0.4_kp0_7599_up0_1000_s42,cm1,stageB,0.35,0.7599,0.1,,42,15,0.0,0,False,BLOCK_15_PARTIAL_CYCLE,0.37332800000000005,0.0010944186399294558,0.08319837664463309,0.34999882961319734,0.35697675434099474,0.22598521319159498,0.19883692760900232,0.0,0.23769378430958837,0.5876926139227857,0.37554702836361864,0.2756679974777583
c3_w2_tcop_cm1_states_L0.4_kp0_7599_up0_1000_s137,cm1,stageB,0.35,0.7599,0.1,,137,0,0.0,0,False,PRE_PRIMARY_INCOMPLETE_CYCLE,0.35788799999999993,0.006812034311339795,0.06245677846880924,0.34999882961319734,0.3518889301933063,0.22423818676985866,0.19883692760900232,0.0,0.23769378430958837,0.5876926139227857,0.3902587724673154,0.27844141440920805
c3_w2_tcop_cm1_states_L0.4_kp0_7599_up0_1000_s137,cm1,stageB,0.35,0.7599,0.1,,137,1,0.05,1,False,PRE_PRIMARY_INCOMPLETE_CYCLE,0.38144,0.0017574532833850426,0.0393148681105903,0.3528807025224652,0.37120147163464334,0.22969705611188884,0.20328388807011427,0.0,0.2468720201325735,0.5997527226550387,0.37978330190944926,0.2729312864033314
c3_w2_tcop_cm1_states_L0.4_kp0_7599_up0_1000_s137,cm1,stageB,0.35,0.7599,0.1,,137,2,0.1,2,False,PRE_PRIMARY_INCOMPLETE_CYCLE,0.389264,0.005002216385570227,0.05604089141357642,0.3554076391166287,0.38553745558480434,0.23306142787067674,0.20761917840596786,0.0,0.25628551126034343,0.6116931503769721,0.3791205238668576,0.26574871209501016
c3_w2_tcop_cm1_states_L0.4_kp0_7599_up0_1000_s137,cm1,stageB,0.35,0.7599,0.1,,137,3,0.0,0,True,,0.374528,0.006283906443487291,0.07215922814071409,0.34999882961319734,0.35741170966577845,0.22607058777485112,0.19883692760900232,0.0,0.23769378430958837,0.5876926139227857,0.38804499755781463,0.2755082900093714
c3_w2_tcop_cm1_states_L0.4_kp0_7599_up0_1000_s137,cm1,stageB,0.35,0.7599,0.1,,137,4,0.05,1,True,,0.37883199999999995,0.00568960343148922,0.04446303939507731,0.3528807025224652,0.37029207002248604,0.22947729935278277,0.20328388807011427,0.0,0.2468720201325735,0.5997527226550387,0.3881320580162347,0.2754355307414413
c3_w2_tcop_cm1_states_L0.4_kp0_7599_up0_1000_s137,cm1,stageB,0.35,0.7599,0.1,,137,5,0.1,2,True,,0.38976000000000005,0.0061206077864503165,0.0634132624098564,0.3554076391166287,0.38574604175015437,0.23305538176751417,0.20761917840596786,0.0,0.25628551126034343,0.6116931503769721,0.38465374974160044,0.2713656198202116
c3_w2_tcop_cm1_states_L0.4_kp0_7599_up0_1000_s137,cm1,stageB,0.35,0.7599,0.1,,137,6,0.0,0,True,,0.37145599999999995,0.007363586304176895,0.04237962809290739,0.34999882961319734,0.3563419220274637,0.2257750146999834,0.19883692760900232,0.0,0.23769378430958837,0.5876926139227857,0.38922173196290805,0.2722255798346083
c3_w2_tcop_cm1_states_L0.4_kp0_7599_up0_1000_s137,cm1,stageB,0.35,0.7599,0.1,,137,7,0.05,1,True,,0.382928,0.0044642889713518135,0.0695063526629123,0.3528807025224652,0.37173631734482826,0.22981770932569837,0.20328388807011427,0.0,0.2468720201325735,0.5997527226550387,0.3847002194133723,0.27441665698848733
c3_w2_tcop_cm1_states_L0.4_kp0_7599_up0_1000_s137,cm1,stageB,0.35,0.7599,0.1,,137,8,0.1,2,True,,0.38791999999999993,0.004646138107338271,0.06971920533207372,0.3554076391166287,0.3850868441057372,0.23292704940694564,0.20761917840596786,0.0,0.25628551126034343,0.6116931503769721,0.38553861013115176,0.2789433655145248
c3_w2_tcop_cm1_states_L0.4_kp0_7599_up0_1000_s137,cm1,stageB,0.35,0.7599,0.1,,137,9,0.0,0,True,,0.371088,0.008787879089255733,0.08367318465907585,0.34999882961319734,0.3562639697230364,0.2256817277723356,0.19883692760900232,0.0,0.23769378430958837,0.5876926139227857,0.39626789670346907,0.27989924618817846
c3_w2_tcop_cm1_states_L0.4_kp0_7599_up0_1000_s137,cm1,stageB,0.35,0.7599,0.1,,137,10,0.05,1,True,,0.38081599999999993,0.0028961677243767654,0.0735925158021642,0.3528807025224652,0.37095934220537985,0.22968822544156786,0.20328388807011427,0.0,0.2468720201325735,0.5997527226550387,0.37853130494021675,0.26881718264707954
c3_w2_tcop_cm1_states_L0.4_kp0_7599_up0_1000_s137,cm1,stageB,0.35,0.7599,0.1,,137,11,0.1,2,True,,0.39041600000000004,0.002799310076744803,0.0710629952163409,0.3554076391166287,0.38596773569055504,0.23311312145046256,0.20761917840596786,0.0,0.25628551126034343,0.6116931503769721,0.3816206958533925,0.2706688330328864
c3_w2_tcop_cm1_states_L0.4_kp0_7599_up0_1000_s137,cm1,stageB,0.35,0.7599,0.1,,137,12,0.0,0,True,,0.374096,0.005234600621967751,0.0680053656032601,0.34999882961319734,0.35725468738277794,0.22603752222861564,0.19883692760900232,0.0,0.23769378430958837,0.5876926139227857,0.3852008923388563,0.275446163518829
c3_w2_tcop_cm1_states_L0.4_kp0_7599_up0_1000_s137,cm1,stageB,0.35,0.7599,0.1,,137,13,0.05,1,True,,0.37806399999999996,0.005374979088256538,0.06356085468003203,0.3528807025224652,0.37003038691525625,0.22938950064579886,0.20328388807011427,0.0,0.2468720201325735,0.5997527226550387,0.38480771815765813,0.2697011224896463
c3_w2_tcop_cm1_states_L0.4_kp0_7599_up0_1000_s137,cm1,stageB,0.35,0.7599,0.1,,137,14,0.1,2,True,,0.3902879999999999,0.0073714304540683255,0.059954578100102913,0.3554076391166287,0.3859390943395524,0.23307891936100694,0.20761917840596786,0.0,0.25628551126034343,0.6116931503769721,0.39039893177844476,0.2727373785402928
c3_w2_tcop_cm1_states_L0.4_kp0_7599_up0_1000_s137,cm1,stageB,0.35,0.7599,0.1,,137,15,0.0,0,False,BLOCK_15_PARTIAL_CYCLE,0.372624,0.00568974625519952,0.09380593164623584,0.34999882961319734,0.3567619684260612,0.22587548289378145,0.19883692760900232,0.0,0.23769378430958837,0.5876926139227857,0.3899322109020577,0.27781388188786216
c3_w2_tcop_cm1_states_L0.4_kp0_7599_up0_1000_s256,cm1,stageB,0.35,0.7599,0.1,,256,0,0.0,0,False,PRE_PRIMARY_INCOMPLETE_CYCLE,0.356192,0.008523649389004377,0.07614653766704704,0.34999882961319734,0.35131293357963533,0.22407123975772014,0.19883692760900232,0.0,0.23769378430958837,0.5876926139227857,0.39497069892101555,0.2803375523632592
c3_w2_tcop_cm1_states_L0.4_kp0_7599_up0_1000_s256,cm1,stageB,0.35,0.7599,0.1,,256,1,0.05,1,False,PRE_PRIMARY_INCOMPLETE_CYCLE,0.382416,0.0014241213965113212,0.06340788093228354,0.3528807025224652,0.37156277354544526,0.22975926691270243,0.20328388807011427,0.0,0.2468720201325735,0.5997527226550387,0.37665173433050714,0.2711249305355126
c3_w2_tcop_cm1_states_L0.4_kp0_7599_up0_1000_s256,cm1,stageB,0.35,0.7599,0.1,,256,2,0.1,2,False,PRE_PRIMARY_INCOMPLETE_CYCLE,0.394896,0.0019171762200258355,0.07098844471887021,0.3554076391166287,0.3875304528156968,0.23352073898119963,0.20761917840596786,0.0,0.25628551126034343,0.6116931503769721,0.37881707704630985,0.27124343008528584
c3_w2_tcop_cm1_states_L0.4_kp0_7599_up0_1000_s256,cm1,stageB,0.35,0.7599,0.1,,256,3,0.0,0,True,,0.37550399999999995,0.006586199034243722,0.0712042654285808,0.34999882961319734,0.3577597130634493,0.22613707748701722,0.19883692760900232,0.0,0.23769378430958837,0.5876926139227857,0.38441882585293446,0.2722898278032362
c3_w2_tcop_cm1_states_L0.4_kp0_7599_up0_1000_s256,cm1,stageB,0.35,0.7599,0.1,,256,4,0.05,1,True,,0.3812,0.00647834517588257,0.07850678387741708,0.3528807025224652,0.3711407538393141,0.2296348859011326,0.20328388807011427,0.0,0.2468720201325735,0.5997527226550387,0.39172657598889515,0.2724383461278638
c3_w2_tcop_cm1_states_L0.4_kp0_7599_up0_1000_s256,cm1,stageB,0.35,0.7599,0.1,,256,5,0.1,2,True,,0.386352,0.00232789979783825,0.03175745284912679,0.3554076391166287,0.3845031781894467,0.232844591865733,0.20761917840596786,0.0,0.25628551126034343,0.6116931503769721,0.3804674845004106,0.27401615803460855
c3_w2_tcop_cm1_states_L0.4_kp0_7599_up0_1000_s256,cm1,stageB,0.35,0.7599,0.1,,256,6,0.0,0,True,,0.372528,-0.00025611479910129994,0.04185166449887819,0.34999882961319734,0.3566985656012954,0.22591293317053243,0.19883692760900232,0.0,0.23769378430958837,0.5876926139227857,0.37037077697806986,0.27408019016601043
c3_w2_tcop_cm1_states_L0.4_kp0_7599_up0_1000_s256,cm1,stageB,0.35,0.7599,0.1,,256,7,0.05,1,True,,0.382944,0.00540649996608978,0.06916205769941507,0.3528807025224652,0.37176489580620126,0.229789213400089,0.20328388807011427,0.0,0.2468720201325735,0.5997527226550387,0.3856151282388593,0.27837016757461114
c3_w2_tcop_cm1_states_L0.4_kp0_7599_up0_1000_s256,cm1,stageB,0.35,0.7599,0.1,,256,8,0.1,2,True,,0.39031999999999994,0.007111408515928128,0.04686284656221038,0.3554076391166287,0.3859341562946587,0.2331051817505998,0.20761917840596786,0.0,0.25628551126034343,0.6116931503769721,0.38740178965911276,0.26975145836639997
c3_w2_tcop_cm1_states_L0.4_kp0_7599_up0_1000_s256,cm1,stageB,0.35,0.7599,0.1,,256,9,0.0,0,True,,0.374032,0.0028836444073966324,0.09690968048096599,0.34999882961319734,0.3572195163491724,0.2260517666035699,0.19883692760900232,0.0,0.23769378430958837,0.5876926139227857,0.3811769092341897,0.27386630996115513
c3_w2_tcop_cm1_states_L0.4_kp0_7599_up0_1000_s256,cm1,stageB,0.35,0.7599,0.1,,256,10,0.05,1,True,,0.380576,0.00459913919907446,0.05506139982375906,0.3528807025224652,0.37091269796683446,0.22960100841086603,0.20328388807011427,0.0,0.2468720201325735,0.5997527226550387,0.38199821034934733,0.26853993752296945
c3_w2_tcop_cm1_states_L0.4_kp0_7599_up0_1000_s256,cm1,stageB,0.35,0.7599,0.1,,256,11,0.1,2,True,,0.3896319999999999,0.0026620440737488856,0.04532445309560714,0.3554076391166287,0.3856847138745866,0.2330745132017396,0.20761917840596786,0.0,0.25628551126034343,0.6116931503769721,0.3804067197145551,0.27279656183053946
c3_w2_tcop_cm1_states_L0.4_kp0_7599_up0_1000_s256,cm1,stageB,0.35,0.7599,0.1,,256,12,0.0,0,True,,0.37312000000000006,0.0023102713641978867,0.0754345033298386,0.34999882961319734,0.3569070261081348,0.2259636962120878,0.19883692760900232,0.0,0.23769378430958837,0.5876926139227857,0.37743795816700315,0.27511431291740684
c3_w2_tcop_cm1_states_L0.4_kp0_7599_up0_1000_s256,cm1,stageB,0.35,0.7599,0.1,,256,13,0.05,1,True,,0.37659200000000004,0.01002240171935918,0.07439532910469933,0.3528807025224652,0.3695410949576569,0.22921643517500692,0.20328388807011427,0.0,0.2468720201325735,0.5997527226550387,0.39635565360032365,0.2740971811084115
c3_w2_tcop_cm1_states_L0.4_kp0_7599_up0_1000_s256,cm1,stageB,0.35,0.7599,0.1,,256,14,0.1,2,True,,0.388816,0.0007901774753409141,0.06607301919192415,0.3554076391166287,0.38535208587872527,0.23308539556201996,0.20761917840596786,0.0,0.25628551126034343,0.6116931503769721,0.3725595098958015,0.2670508685682592
c3_w2_tcop_cm1_states_L0.4_kp0_7599_up0_1000_s256,cm1,stageB,0.35,0.7599,0.1,,256,15,0.0,0,False,BLOCK_15_PARTIAL_CYCLE,0.374208,0.004793114982583482,0.049121911580284956,0.34999882961319734,0.3573101836742421,0.22602715869045928,0.19883692760900232,0.0,0.23769378430958837,0.5876926139227857,0.38079342015204765,0.27714917497978336
c3_w2_tcop_cm1_states_L0.4_kp0_7599_up0_1000_s1024,cm1,stageB,0.35,0.7599,0.1,,1024,0,0.0,0,False,PRE_PRIMARY_INCOMPLETE_CYCLE,0.35673600000000005,0.0033258059764003523,0.06891236454005396,0.34999882961319734,0.35149103800238307,0.22414119877379818,0.19883692760900232,0.0,0.23769378430958837,0.5876926139227857,0.38365483800685146,0.2818771287500569
c3_w2_tcop_cm1_states_L0.4_kp0_7599_up0_1000_s1024,cm1,stageB,0.35,0.7599,0.1,,1024,1,0.05,1,False,PRE_PRIMARY_INCOMPLETE_CYCLE,0.380432,0.00275726148856034,0.05362721720767625,0.3528807025224652,0.37084671456764334,0.22963839244047926,0.20328388807011427,0.0,0.2468720201325735,0.5997527226550387,0.37827345819150915,0.2767061984117756
c3_w2_tcop_cm1_states_L0.4_kp0_7599_up0_1000_s1024,cm1,stageB,0.35,0.7599,0.1,,1024,2,0.1,2,False,PRE_PRIMARY_INCOMPLETE_CYCLE,0.387536,0.00459193139805705,0.06031880550111755,0.3554076391166287,0.3849180470739177,0.23293533006686856,0.20761917840596786,0.0,0.25628551126034343,0.6116931503769721,0.3845225285940884,0.27189365885327865
c3_w2_tcop_cm1_states_L0.4_kp0_7599_up0_1000_s1024,cm1,stageB,0.35,0.7599,0.1,,1024,3,0.0,0,True,,0.37132800000000005,0.0066179206190431685,0.07174757256300411,0.34999882961319734,0.35631238974058665,0.22576078971263863,0.19883692760900232,0.0,0.23769378430958837,0.5876926139227857,0.3894467735019233,0.2766054060183144
c3_w2_tcop_cm1_states_L0.4_kp0_7599_up0_1000_s1024,cm1,stageB,0.35,0.7599,0.1,,1024,4,0.05,1,True,,0.37958400000000003,0.004958532597410901,0.05392818910174808,0.3528807025224652,0.37055311423273224,0.22953870161033518,0.20328388807011427,0.0,0.2468720201325735,0.5997527226550387,0.38281116368443835,0.2696835986724522
c3_w2_tcop_cm1_states_L0.4_kp0_7599_up0_1000_s1024,cm1,stageB,0.35,0.7599,0.1,,1024,5,0.1,2,True,,0.39086400000000004,0.0028524870892016065,0.05679712607215438,0.3554076391166287,0.3860982058080722,0.23321958581685862,0.20761917840596786,0.0,0.25628551126034343,0.6116931503769721,0.38081804733746616,0.2745128170751721
c3_w2_tcop_cm1_states_L0.4_kp0_7599_up0_1000_s1024,cm1,stageB,0.35,0.7599,0.1,,1024,6,0.0,0,True,,0.378528,0.002811251225045216,0.06468784099192187,0.34999882961319734,0.3587959065514528,0.22644108991732378,0.19883692760900232,0.0,0.23769378430958837,0.5876926139227857,0.38125121692712943,0.2748844559753265
c3_w2_tcop_cm1_states_L0.4_kp0_7599_up0_1000_s1024,cm1,stageB,0.35,0.7599,0.1,,1024,7,0.05,1,True,,0.379248,0.006163137657251309,0.08445399375199308,0.3528807025224652,0.3704358185515939,0.22951352682264195,0.20328388807011427,0.0,0.2468720201325735,0.5997527226550387,0.3848931923261699,0.27149790595574214
c3_w2_tcop_cm1_states_L0.4_kp0_7599_up0_1000_s1024,cm1,stageB,0.35,0.7599,0.1,,1024,8,0.1,2,True,,0.386512,0.004473833821286249,0.08129842309871363,0.3554076391166287,0.38458905495094287,0.23279972891541356,0.20761917840596786,0.0,0.25628551126034343,0.6116931503769721,0.3870232799677648,0.27557712850238525
c3_w2_tcop_cm1_states_L0.4_kp0_7599_up0_1000_s1024,cm1,stageB,0.35,0.7599,0.1,,1024,9,0.0,0,True,,0.3741439999999999,0.0027930269873353386,0.062390000976026976,0.34999882961319734,0.3572599767138419,0.22605163422878774,0.19883692760900232,0.0,0.23769378430958837,0.5876926139227857,0.37864416983573435,0.2736073613571661
c3_w2_tcop_cm1_states_L0.4_kp0_7599_up0_1000_s1024,cm1,stageB,0.35,0.7599,0.1,,1024,10,0.05,1,True,,0.380576,0.005962975643106481,0.066053780437847,0.3528807025224652,0.370915450493681,0.22960824291409906,0.20328388807011427,0.0,0.2468720201325735,0.5997527226550387,0.38309594860043267,0.27171840234887634
c3_w2_tcop_cm1_states_L0.4_kp0_7599_up0_1000_s1024,cm1,stageB,0.35,0.7599,0.1,,1024,11,0.1,2,True,,0.38870399999999994,0.0037704479540900332,0.08183504034126989,0.3554076391166287,0.38534770612012526,0.23300428148939092,0.20761917840596786,0.0,0.25628551126034343,0.6116931503769721,0.38207349914168937,0.2732416873252521
c3_w2_tcop_cm1_states_L0.4_kp0_7599_up0_1000_s1024,cm1,stageB,0.35,0.7599,0.1,,1024,12,0.0,0,True,,0.372544,0.0034775789360318504,0.045065488554192866,0.34999882961319734,0.3567007068405929,0.22591058686498214,0.19883692760900232,0.0,0.23769378430958837,0.5876926139227857,0.3823803307481393,0.2699293019671638
c3_w2_tcop_cm1_states_L0.4_kp0_7599_up0_1000_s1024,cm1,stageB,0.35,0.7599,0.1,,1024,13,0.05,1,True,,0.382224,0.0031585566715703495,0.04756230425579726,0.3528807025224652,0.3714856858462282,0.22976464848915207,0.20328388807011427,0.0,0.2468720201325735,0.5997527226550387,0.37957602973514765,0.27309537392975
c3_w2_tcop_cm1_states_L0.4_kp0_7599_up0_1000_s1024,cm1,stageB,0.35,0.7599,0.1,,1024,14,0.1,2,True,,0.39460800000000007,0.0035937747530729,0.06287282039976573,0.3554076391166287,0.38745524139921506,0.23345894020282837,0.20761917840596786,0.0,0.25628551126034343,0.6116931503769721,0.3812973563986056,0.2728365702023049
c3_w2_tcop_cm1_states_L0.4_kp0_7599_up0_1000_s1024,cm1,stageB,0.35,0.7599,0.1,,1024,15,0.0,0,False,BLOCK_15_PARTIAL_CYCLE,0.371984,0.0058760682259934105,0.05976095751652478,0.34999882961319734,0.3565324242899782,0.22583428802290234,0.19883692760900232,0.0,0.23769378430958837,0.5876926139227857,0.38713310922411465,0.2778217748180525
c3_w2_tcop_cm1_states_L0.4_kp0_7599_up0_1000_s31415,cm1,stageB,0.35,0.7599,0.1,,31415,0,0.0,0,False,PRE_PRIMARY_INCOMPLETE_CYCLE,0.35024,0.0027244230460466826,0.0715582638653593,0.34999882961319734,0.34923059222815966,0.22356605051323608,0.19883692760900232,0.0,0.23769378430958837,0.5876926139227857,0.3783972943154502,0.28375947835605175
c3_w2_tcop_cm1_states_L0.4_kp0_7599_up0_1000_s31415,cm1,stageB,0.35,0.7599,0.1,,31415,1,0.05,1,False,PRE_PRIMARY_INCOMPLETE_CYCLE,0.377936,0.005908843261364221,0.06730853479152575,0.3528807025224652,0.3699775249284017,0.22940290224809273,0.20328388807011427,0.0,0.2468720201325735,0.5997527226550387,0.38709335124071736,0.27641172912437484
c3_w2_tcop_cm1_states_L0.4_kp0_7599_up0_1000_s31415,cm1,stageB,0.35,0.7599,0.1,,31415,2,0.1,2,False,PRE_PRIMARY_INCOMPLETE_CYCLE,0.39193600000000006,0.0040035010758828924,0.05766123346008304,0.3554076391166287,0.38649197670752006,0.23326229811229882,0.20761917840596786,0.0,0.25628551126034343,0.6116931503769721,0.3861689578734813,0.27023859599663375
c3_w2_tcop_cm1_states_L0.4_kp0_7599_up0_1000_s31415,cm1,stageB,0.35,0.7599,0.1,,31415,3,0.0,0,True,,0.37169599999999997,0.004823042139676012,0.07137090961192816,0.34999882961319734,0.35644314906119023,0.22578179721124694,0.19883692760900232,0.0,0.23769378430958837,0.5876926139227857,0.38430207706867575,0.2749971341610784
c3_w2_tcop_cm1_states_L0.4_kp0_7599_up0_1000_s31415,cm1,stageB,0.35,0.7599,0.1,,31415,4,0.05,1,True,,0.3808959999999999,0.004223983292165235,0.04671732967094915,0.3528807025224652,0.37103657704254006,0.22961790843200003,0.20328388807011427,0.0,0.2468720201325735,0.5997527226550387,0.37812523642340873,0.27022264041303123
c3_w2_tcop_cm1_states_L0.4_kp0_7599_up0_1000_s31415,cm1,stageB,0.35,0.7599,0.1,,31415,5,0.1,2,True,,0.389488,0.005366007054642607,0.07551658413249196,0.3554076391166287,0.3856589505006089,0.23301371051950048,0.20761917840596786,0.0,0.25628551126034343,0.6116931503769721,0.386627616488844,0.2754288965056123
c3_w2_tcop_cm1_states_L0.4_kp0_7599_up0_1000_s31415,cm1,stageB,0.35,0.7599,0.1,,31415,6,0.0,0,True,,0.37160000000000004,0.003974959320985588,0.04877436757994448,0.34999882961319734,0.35639945265495604,0.22578633521930255,0.19883692760900232,0.0,0.23769378430958837,0.5876926139227857,0.38151506194686974,0.2726564473622919
c3_w2_tcop_cm1_states_L0.4_kp0_7599_up0_1000_s31415,cm1,stageB,0.35,0.7599,0.1,,31415,7,0.05,1,True,,0.38025600000000004,0.001210041477598569,0.05766719509914744,0.3528807025224652,0.37078337099901604,0.22960696337520967,0.20328388807011427,0.0,0.2468720201325735,0.5997527226550387,0.3792397931777882,0.27452618143952956
c3_w2_tcop_cm1_states_L0.4_kp0_7599_up0_1000_s31415,cm1,stageB,0.35,0.7599,0.1,,31415,8,0.1,2,True,,0.38903999999999994,0.006952803807838186,0.06704427965849305,0.3554076391166287,0.38548317716256586,0.2330032157060478,0.20761917840596786,0.0,0.25628551126034343,0.6116931503769721,0.38514641717280546,0.2717726446734729
c3_w2_tcop_cm1_states_L0.4_kp0_7599_up0_1000_s31415,cm1,stageB,0.35,0.7599,0.1,,31415,9,0.0,0,True,,0.36943999999999994,0.0040891308407353995,0.05634680576220252,0.34999882961319734,0.3556502496192909,0.22559212994287572,0.19883692760900232,0.0,0.23769378430958837,0.5876926139227857,0.3815455984582459,0.273109308276966
c3_w2_tcop_cm1_states_L0.4_kp0_7599_up0_1000_s31415,cm1,stageB,0.35,0.7599,0.1,,31415,10,0.05,1,True,,0.38169600000000004,0.004774561433777049,0.06950039509541582,0.3528807025224652,0.37129646077303974,0.2297069012156239,0.20328388807011427,0.0,0.2468720201325735,0.5997527226550387,0.3838336770843568,0.27112601313371043
c3_w2_tcop_cm1_states_L0.4_kp0_7599_up0_1000_s31415,cm1,stageB,0.35,0.7599,0.1,,31415,11,0.1,2,True,,0.38815999999999995,0.007192153385762983,0.05088913240423791,0.3554076391166287,0.38515184108363476,0.2329762083502441,0.20761917840596786,0.0,0.25628551126034343,0.6116931503769721,0.38979708369492605,0.2741857956952143
c3_w2_tcop_cm1_states_L0.4_kp0_7599_up0_1000_s31415,cm1,stageB,0.35,0.7599,0.1,,31415,12,0.0,0,True,,0.37430399999999997,0.0032168396102691633,0.07249302875455647,0.34999882961319734,0.3573408967626785,0.22603642752175626,0.19883692760900232,0.0,0.23769378430958837,0.5876926139227857,0.38461955281835936,0.27567821268168813
c3_w2_tcop_cm1_states_L0.4_kp0_7599_up0_1000_s31415,cm1,stageB,0.35,0.7599,0.1,,31415,13,0.05,1,True,,0.382208,5.558177092982442e-05,0.0479506979943651,0.3528807025224652,0.371461398313242,0.22980288959305037,0.20328388807011427,0.0,0.2468720201325735,0.5997527226550387,0.37010537536056937,0.2731769819693416
c3_w2_tcop_cm1_states_L0.4_kp0_7599_up0_1000_s31415,cm1,stageB,0.35,0.7599,0.1,,31415,14,0.1,2,True,,0.38839999999999997,0.00438484244828124,0.06261275426604215,0.3554076391166287,0.3852541180129717,0.2329698900548582,0.20761917840596786,0.0,0.25628551126034343,0.6116931503769721,0.37824125040025314,0.27186477129883097
c3_w2_tcop_cm1_states_L0.4_kp0_7599_up0_1000_s31415,cm1,stageB,0.35,0.7599,0.1,,31415,15,0.0,0,False,BLOCK_15_PARTIAL_CYCLE,0.37886400000000003,0.004249704964229881,0.06032719379661727,0.34999882961319734,0.3588955773763233,0.2264831310239007,0.19883692760900232,0.0,0.23769378430958837,0.5876926139227857,0.38479271780653457,0.27448751158149265
c3_w2_tcop_cm1_states_L0.4_kp0_7599_up0_2500_s42,cm1,stageB,0.35,0.7599,0.25,,42,0,0.0,0,False,PRE_PRIMARY_INCOMPLETE_CYCLE,0.35446399999999995,0.006555053579299224,0.06371892636393386,0.34999882961319734,0.35069767248476336,0.22392802102099502,0.19883692760900232,0.0,0.23769378430958837,0.5876926139227857,0.38785241929961356,0.27737244668335104
c3_w2_tcop_cm1_states_L0.4_kp0_7599_up0_2500_s42,cm1,stageB,0.35,0.7599,0.25,,42,1,0.125,1,False,PRE_PRIMARY_INCOMPLETE_CYCLE,0.39507200000000003,0.00011864778670894073,0.04218428675996979,0.3565348716385981,0.3934384224365146,0.23479479668442135,0.20973999077815045,0.0,0.2610795522037088,0.6176144238423069,0.371322825027077,0.26707136089103095
c3_w2_tcop_cm1_states_L0.4_kp0_7599_up0_2500_s42,cm1,stageB,0.35,0.7599,0.25,,42,2,0.25,2,False,PRE_PRIMARY_INCOMPLETE_CYCLE,0.41424000000000005,0.002602096637622277,0.05633070306086705,0.3607670569522415,0.430193285451801,0.2409351827653132,0.21979604546733014,0.0,0.28590322598609713,0.6466702829383386,0.3852570591268835,0.2739099655695744
c3_w2_tcop_cm1_states_L0.4_kp0_7599_up0_2500_s42,cm1,stageB,0.35,0.7599,0.25,,42,3,0.0,0,True,,0.37544000000000005,0.004855245999879129,0.048044677212096536,0.34999882961319734,0.35772661879267126,0.22614681955021498,0.19883692760900232,0.0,0.23769378430958837,0.5876926139227857,0.3865674690916826,0.26999382318020276
c3_w2_tcop_cm1_states_L0.4_kp0_7599_up0_2500_s42,cm1,stageB,0.35,0.7599,0.25,,42,4,0.125,1,True,,0.39307200000000003,0.006215356303783077,0.047726956212954835,0.3565348716385981,0.3927603682810016,0.2345887349630585,0.20973999077815045,0.0,0.2610795522037088,0.6176144238423069,0.3863835323823194,0.2768087260360912
c3_w2_tcop_cm1_states_L0.4_kp0_7599_up0_2500_s42,cm1,stageB,0.35,0.7599,0.25,,42,5,0.25,2,True,,0.4204959999999999,0.00022337487507418868,0.05206168012964305,0.3607670569522415,0.43247411418802073,0.24130850173686003,0.21979604546733014,0.0,0.28590322598609713,0.6466702829383386,0.3711781963550614,0.2640431655630116
c3_w2_tcop_cm1_states_L0.4_kp0_7599_up0_2500_s42,cm1,stageB,0.35,0.7599,0.25,,42,6,0.0,0,True,,0.373936,0.004836233585022598,0.05900750972133564,0.34999882961319734,0.35720510194671934,0.22601781963995024,0.19883692760900232,0.0,0.23769378430958837,0.5876926139227857,0.3839241475540009,0.27791030249546067
c3_w2_tcop_cm1_states_L0.4_kp0_7599_up0_2500_s42,cm1,stageB,0.35,0.7599,0.25,,42,7,0.125,1,True,,0.393952,0.00266240079146217,0.060122628468173775,0.3565348716385981,0.3930626724814676,0.23466439800003397,0.20973999077815045,0.0,0.2610795522037088,0.6176144238423069,0.37852260566240853,0.2732205454186222
c3_w2_tcop_cm1_states_L0.4_kp0_7599_up0_2500_s42,cm1,stageB,0.35,0.7599,0.25,,42,8,0.25,2,True,,0.415376,0.0009400018902141868,0.06211608002447541,0.3607670569522415,0.43059666583066275,0.24105058616355776,0.21979604546733014,0.0,0.28590322598609713,0.6466702829383386,0.3745536043362678,0.26767780559920085
c3_w2_tcop_cm1_states_L0.4_kp0_7599_up0_2500_s42,cm1,stageB,0.35,0.7599,0.25,,42,9,0.0,0,True,,0.376416,0.004939433831679014,0.08623936681542507,0.34999882961319734,0.3580548223315034,0.22624667139604185,0.19883692760900232,0.0,0.23769378430958837,0.5876926139227857,0.38500290544371446,0.2745306715052023
c3_w2_tcop_cm1_states_L0.4_kp0_7599_up0_2500_s42,cm1,stageB,0.35,0.7599,0.25,,42,10,0.125,1,True,,0.394528,0.00253304821269762,0.060548325784928136,0.3565348716385981,0.393269043275409,0.23471996263950948,0.20973999077815045,0.0,0.2610795522037088,0.6176144238423069,0.37603464843683015,0.26850143002653104
c3_w2_tcop_cm1_states_L0.4_kp0_7599_up0_2500_s42,cm1,stageB,0.35,0.7599,0.25,,42,11,0.25,2,True,,0.41511999999999993,0.0020564768107215275,0.051323890063718784,0.3607670569522415,0.4305100177668912,0.2410236894915675,0.21979604546733014,0.0,0.28590322598609713,0.6466702829383386,0.38133100033490186,0.2711364858556056
c3_w2_tcop_cm1_states_L0.4_kp0_7599_up0_2500_s42,cm1,stageB,0.35,0.7599,0.25,,42,12,0.0,0,True,,0.3788,0.0042320485577972775,0.07005998128461197,0.34999882961319734,0.3589128041583592,0.2264307053641111,0.19883692760900232,0.0,0.23769378430958837,0.5876926139227857,0.3794012086450347,0.2764367770503815
c3_w2_tcop_cm1_states_L0.4_kp0_7599_up0_2500_s42,cm1,stageB,0.35,0.7599,0.25,,42,13,0.125,1,True,,0.39527999999999996,-0.0034813047603086482,0.047660642616439174,0.3565348716385981,0.393526636427579,0.2347830489536819,0.20973999077815045,0.0,0.2610795522037088,0.6176144238423069,0.36150140841000694,0.2663813833426469
c3_w2_tcop_cm1_states_L0.4_kp0_7599_up0_2500_s42,cm1,stageB,0.35,0.7599,0.25,,42,14,0.25,2,True,,0.414992,0.001575376859907511,0.06125625469134395,0.3607670569522415,0.4304533391767583,0.241018997402133,0.21979604546733014,0.0,0.28590322598609713,0.6466702829383386,0.3733810573739559,0.26679845067575836
c3_w2_tcop_cm1_states_L0.4_kp0_7599_up0_2500_s42,cm1,stageB,0.35,0.7599,0.25,,42,15,0.0,0,False,BLOCK_15_PARTIAL_CYCLE,0.374768,0.001379797806189485,0.08058881701596943,0.34999882961319734,0.35748010686367543,0.22610883812131086,0.19883692760900232,0.0,0.23769378430958837,0.5876926139227857,0.3760031525293798,0.2749171981019883
c3_w2_tcop_cm1_states_L0.4_kp0_7599_up0_2500_s137,cm1,stageB,0.35,0.7599,0.25,,137,0,0.0,0,False,PRE_PRIMARY_INCOMPLETE_CYCLE,0.35788799999999993,0.006812034311339795,0.06245677846880924,0.34999882961319734,0.3518889301933063,0.22423818676985866,0.19883692760900232,0.0,0.23769378430958837,0.5876926139227857,0.3902587724673154,0.27844141440920805
c3_w2_tcop_cm1_states_L0.4_kp0_7599_up0_2500_s137,cm1,stageB,0.35,0.7599,0.25,,137,1,0.125,1,False,PRE_PRIMARY_INCOMPLETE_CYCLE,0.394656,0.0006687977563274978,0.049531399201565955,0.3565348716385981,0.39331393780123025,0.23471017172047665,0.20973999077815045,0.0,0.2610795522037088,0.6176144238423069,0.3773278118992539,0.2704148368551998
c3_w2_tcop_cm1_states_L0.4_kp0_7599_up0_2500_s137,cm1,stageB,0.35,0.7599,0.25,,137,2,0.25,2,False,PRE_PRIMARY_INCOMPLETE_CYCLE,0.416576,0.000759426444965945,0.05182845283458891,0.3607670569522415,0.43103138656422846,0.24113131189788686,0.21979604546733014,0.0,0.28590322598609713,0.6466702829383386,0.3683210162743373,0.2629942182541914
c3_w2_tcop_cm1_states_L0.4_kp0_7599_up0_2500_s137,cm1,stageB,0.35,0.7599,0.25,,137,3,0.0,0,True,,0.37628799999999996,0.006120386766700394,0.07022302032602563,0.34999882961319734,0.358022815790723,0.2262294326669423,0.19883692760900232,0.0,0.23769378430958837,0.5876926139227857,0.38734464709205313,0.2744968510975177
c3_w2_tcop_cm1_states_L0.4_kp0_7599_up0_2500_s137,cm1,stageB,0.35,0.7599,0.25,,137,4,0.125,1,True,,0.39376,0.0030943612153803528,0.032267205090424085,0.3565348716385981,0.39299600936991663,0.2346498033077276,0.20973999077815045,0.0,0.2610795522037088,0.6176144238423069,0.38336189309796614,0.27092225282423477
c3_w2_tcop_cm1_states_L0.4_kp0_7599_up0_2500_s137,cm1,stageB,0.35,0.7599,0.25,,137,5,0.25,2,True,,0.41487999999999997,0.0036616579314104913,0.04943453114997602,0.3607670569522415,0.43043440151814255,0.24096551605143268,0.21979604546733014,0.0,0.28590322598609713,0.6466702829383386,0.38274810717751,0.2687531800500978
c3_w2_tcop_cm1_states_L0.4_kp0_7599_up0_2500_s137,cm1,stageB,0.35,0.7599,0.25,,137,6,0.0,0,True,,0.37302399999999997,0.006817929483869145,0.040989643136146975,0.34999882961319734,0.35688493170421137,0.22591994300250653,0.19883692760900232,0.0,0.23769378430958837,0.5876926139227857,0.38771822385400695,0.2714620620420347
c3_w2_tcop_cm1_states_L0.4_kp0_7599_up0_2500_s137,cm1,stageB,0.35,0.7599,0.25,,137,7,0.125,1,True,,0.396544,0.0035183409621531163,0.0729226782330991,0.3565348716385981,0.394000968441442,0.23484629828848852,0.20973999077815045,0.0,0.2610795522037088,0.6176144238423069,0.38219779856122815,0.2741106022842633
c3_w2_tcop_cm1_states_L0.4_kp0_7599_up0_2500_s137,cm1,stageB,0.35,0.7599,0.25,,137,8,0.25,2,True,,0.414784,0.0019799802896480036,0.061592828010478294,0.3607670569522415,0.4303970660399452,0.2409715923257421,0.21979604546733014,0.0,0.28590322598609713,0.6466702829383386,0.3796908533136431,0.2714119931590639
c3_w2_tcop_cm1_states_L0.4_kp0_7599_up0_2500_s137,cm1,stageB,0.35,0.7599,0.25,,137,9,0.0,0,True,,0.37241599999999997,0.00893144940986286,0.08425146324925765,0.34999882961319734,0.3567311827985893,0.22579210676390526,0.19883692760900232,0.0,0.23769378430958837,0.5876926139227857,0.3970162128457475,0.2801812854677825
c3_w2_tcop_cm1_states_L0.4_kp0_7599_up0_2500_s137,cm1,stageB,0.35,0.7599,0.25,,137,10,0.125,1,True,,0.3940159999999999,0.0015995177305904858,0.06929992275713767,0.3565348716385981,0.39305812596902623,0.23472838680769603,0.20973999077815045,0.0,0.2610795522037088,0.6176144238423069,0.37521150165223704,0.2678417166398507
c3_w2_tcop_cm1_states_L0.4_kp0_7599_up0_2500_s137,cm1,stageB,0.35,0.7599,0.25,,137,11,0.25,2,True,,0.416016,-0.0001521438853589726,0.060699389065045746,0.3607670569522415,0.43083744409007496,0.24104996037593054,0.21979604546733014,0.0,0.28590322598609713,0.6466702829383386,0.37461321449522855,0.26626608657441975
c3_w2_tcop_cm1_states_L0.4_kp0_7599_up0_2500_s137,cm1,stageB,0.35,0.7599,0.25,,137,12,0.0,0,True,,0.37563199999999997,0.005392930234552745,0.06915275259973688,0.34999882961319734,0.35779230572023357,0.22617044883412699,0.19883692760900232,0.0,0.23769378430958837,0.5876926139227857,0.38545135107756145,0.2748701104634827
c3_w2_tcop_cm1_states_L0.4_kp0_7599_up0_2500_s137,cm1,stageB,0.35,0.7599,0.25,,137,13,0.125,1,True,,0.39196800000000004,0.003950864466694909,0.05894691341889157,0.3565348716385981,0.39235819721667237,0.2345016096334515,0.20973999077815045,0.0,0.2610795522037088,0.6176144238423069,0.3814492532705961,0.2668293569850206
c3_w2_tcop_cm1_states_L0.4_kp0_7599_up0_2500_s137,cm1,stageB,0.35,0.7599,0.25,,137,14,0.25,2,True,,0.41735999999999995,0.0026504444438761585,0.05375856478174173,0.3607670569522415,0.43134635826261053,0.2410709982975081,0.21979604546733014,0.0,0.28590322598609713,0.6466702829383386,0.38080952818185393,0.26766296208289175
c3_w2_tcop_cm1_states_L0.4_kp0_7599_up0_2500_s137,cm1,stageB,0.35,0.7599,0.25,,137,15,0.0,0,False,BLOCK_15_PARTIAL_CYCLE,0.37371199999999993,0.005472815355877541,0.09662811056557147,0.34999882961319734,0.3571389805840564,0.2259753994300627,0.19883692760900232,0.0,0.23769378430958837,0.5876926139227857,0.38910038586400775,0.2771421348641385
c3_w2_tcop_cm1_states_L0.4_kp0_7599_up0_2500_s256,cm1,stageB,0.35,0.7599,0.25,,256,0,0.0,0,False,PRE_PRIMARY_INCOMPLETE_CYCLE,0.356192,0.008523649389004377,0.07614653766704704,0.34999882961319734,0.35131293357963533,0.22407123975772014,0.19883692760900232,0.0,0.23769378430958837,0.5876926139227857,0.39497069892101555,0.2803375523632592
c3_w2_tcop_cm1_states_L0.4_kp0_7599_up0_2500_s256,cm1,stageB,0.35,0.7599,0.25,,256,1,0.125,1,False,PRE_PRIMARY_INCOMPLETE_CYCLE,0.39524800000000004,0.0006331773469251069,0.06057723810094007,0.3565348716385981,0.39354291734042873,0.23472924823126878,0.20973999077815045,0.0,0.2610795522037088,0.6176144238423069,0.3759248801610572,0.2698099329912992
c3_w2_tcop_cm1_states_L0.4_kp0_7599_up0_2500_s256,cm1,stageB,0.35,0.7599,0.25,,256,2,0.25,2,False,PRE_PRIMARY_INCOMPLETE_CYCLE,0.42016,-2.4709725077324465e-05,0.06300977649716628,0.3607670569522415,0.4323472470291265,0.24131057511065457,0.21979604546733014,0.0,0.28590322598609713,0.6466702829383386,0.37553991938889053,0.2680380323438456
c3_w2_tcop_cm1_states_L0.4_kp0_7599_up0_2500_s256,cm1,stageB,0.35,0.7599,0.25,,256,3,0.0,0,True,,0.3768,0.00652846152065505,0.0722599884563586,0.34999882961319734,0.35821333782746784,0.2262506648930604,0.19883692760900232,0.0,0.23769378430958837,0.5876926139227857,0.3842329309735886,0.2721812279529053
c3_w2_tcop_cm1_states_L0.4_kp0_7599_up0_2500_s256,cm1,stageB,0.35,0.7599,0.25,,256,4,0.125,1,True,,0.394752,0.005817577886019513,0.08227853193529909,0.3565348716385981,0.39337587104555455,0.23466255432677796,0.20973999077815045,0.0,0.2610795522037088,0.6176144238423069,0.3890818887720328,0.2720642411677261
c3_w2_tcop_cm1_states_L0.4_kp0_7599_up0_2500_s256,cm1,stageB,0.35,0.7599,0.25,,256,5,0.25,2,True,,0.412416,0.0012014164721835332,0.02838818308318632,0.3607670569522415,0.4295211097502692,0.2408761462221255,0.21979604546733014,0.0,0.28590322598609713,0.6466702829383386,0.37814345211907585,0.27200797205831917
c3_w2_tcop_cm1_states_L0.4_kp0_7599_up0_2500_s256,cm1,stageB,0.35,0.7599,0.25,,256,6,0.0,0,True,,0.3742399999999999,-0.00037382071398234793,0.04276307224737798,0.34999882961319734,0.35729405252859353,0.22606647696954704,0.19883692760900232,0.0,0.23769378430958837,0.5876926139227857,0.3702507280333679,0.2737462187188874
c3_w2_tcop_cm1_states_L0.4_kp0_7599_up0_2500_s256,cm1,stageB,0.35,0.7599,0.25,,256,7,0.125,1,True,,0.396848,0.0035956815455374315,0.07227050921834438,0.3565348716385981,0.3941183080064033,0.23484893891296585,0.20973999077815045,0.0,0.2610795522037088,0.6176144238423069,0.38215929618048705,0.2733546787221599
c3_w2_tcop_cm1_states_L0.4_kp0_7599_up0_2500_s256,cm1,stageB,0.35,0.7599,0.25,,256,8,0.25,2,True,,0.41790400000000005,0.004903859368646475,0.051132785836984426,0.3607670569522415,0.4315331953989054,0.2411332726498252,0.21979604546733014,0.0,0.28590322598609713,0.6466702829383386,0.3849450470335988,0.2663416683755756
c3_w2_tcop_cm1_states_L0.4_kp0_7599_up0_2500_s256,cm1,stageB,0.35,0.7599,0.25,,256,9,0.0,0,True,,0.375872,0.002427069774666576,0.09440970227966469,0.34999882961319734,0.35785433249856985,0.22622683360335114,0.19883692760900232,0.0,0.23769378430958837,0.5876926139227857,0.3795521230167423,0.27254020650662375
c3_w2_tcop_cm1_states_L0.4_kp0_7599_up0_2500_s256,cm1,stageB,0.35,0.7599,0.25,,256,10,0.125,1,True,,0.394112,0.002846551958329847,0.05255840139379715,0.3565348716385981,0.3931271655532083,0.23465341915460106,0.20973999077815045,0.0,0.2610795522037088,0.6176144238423069,0.3783075159055473,0.265524365944085
c3_w2_tcop_cm1_states_L0.4_kp0_7599_up0_2500_s256,cm1,stageB,0.35,0.7599,0.25,,256,11,0.25,2,True,,0.417984,0.00023920609549343385,0.04684255237781863,0.3607670569522415,0.4315643457803241,0.2411557078665122,0.21979604546733014,0.0,0.28590322598609713,0.6466702829383386,0.37316013424431105,0.2672481315202754
c3_w2_tcop_cm1_states_L0.4_kp0_7599_up0_2500_s256,cm1,stageB,0.35,0.7599,0.25,,256,12,0.0,0,True,,0.37456,0.002032647056035871,0.074994050817062,0.34999882961319734,0.3574061573574733,0.22609498959025856,0.19883692760900232,0.0,0.23769378430958837,0.5876926139227857,0.3766566259435312,0.2740263016900848
c3_w2_tcop_cm1_states_L0.4_kp0_7599_up0_2500_s256,cm1,stageB,0.35,0.7599,0.25,,256,13,0.125,1,True,,0.39063999999999993,0.008574858457423297,0.07927205131971488,0.3565348716385981,0.39191306498347894,0.23434042108891526,0.20973999077815045,0.0,0.2610795522037088,0.6176144238423069,0.3930266533172015,0.27314073567800046
c3_w2_tcop_cm1_states_L0.4_kp0_7599_up0_2500_s256,cm1,stageB,0.35,0.7599,0.25,,256,14,0.25,2,True,,0.417408,-0.002256791470106294,0.0649146053416791,0.3607670569522415,0.43132720635912764,0.24118796287243174,0.21979604546733014,0.0,0.28590322598609713,0.6466702829383386,0.3664968756025954,0.2607396791982811
c3_w2_tcop_cm1_states_L0.4_kp0_7599_up0_2500_s256,cm1,stageB,0.35,0.7599,0.25,,256,15,0.0,0,False,BLOCK_15_PARTIAL_CYCLE,0.37568000000000007,0.004559982514367911,0.048283662371729055,0.34999882961319734,0.35782327659575414,0.22615866148505642,0.19883692760900232,0.0,0.23769378430958837,0.5876926139227857,0.38077991979153664,0.2771484653324506
c3_w2_tcop_cm1_states_L0.4_kp0_7599_up0_2500_s1024,cm1,stageB,0.35,0.7599,0.25,,1024,0,0.0,0,False,PRE_PRIMARY_INCOMPLETE_CYCLE,0.35673600000000005,0.0033258059764003523,0.06891236454005396,0.34999882961319734,0.35149103800238307,0.22414119877379818,0.19883692760900232,0.0,0.23769378430958837,0.5876926139227857,0.38365483800685146,0.2818771287500569
c3_w2_tcop_cm1_states_L0.4_kp0_7599_up0_2500_s1024,cm1,stageB,0.35,0.7599,0.25,,1024,1,0.125,1,False,PRE_PRIMARY_INCOMPLETE_CYCLE,0.39425599999999994,0.0013263773851402633,0.05307038667199983,0.3565348716385981,0.3931641929481043,0.2347166419567269,0.20973999077815045,0.0,0.2610795522037088,0.6176144238423069,0.3754724108864192,0.2739889215468941
c3_w2_tcop_cm1_states_L0.4_kp0_7599_up0_2500_s1024,cm1,stageB,0.35,0.7599,0.25,,1024,2,0.25,2,False,PRE_PRIMARY_INCOMPLETE_CYCLE,0.413968,0.0023882894434185324,0.06398882600362588,0.3607670569522415,0.43007799996771306,0.24097638835127627,0.21979604546733014,0.0,0.28590322598609713,0.6466702829383386,0.38111276560838403,0.2676631908047435
c3_w2_tcop_cm1_states_L0.4_kp0_7599_up0_2500_s1024,cm1,stageB,0.35,0.7599,0.25,,1024,3,0.0,0,True,,0.37284800000000007,0.0070764072028917145,0.07058863151786152,0.34999882961319734,0.35684616209485054,0.22588851174513555,0.19883692760900232,0.0,0.23769378430958837,0.5876926139227857,0.3907164227398279,0.27655957977453827
c3_w2_tcop_cm1_states_L0.4_kp0_7599_up0_2500_s1024,cm1,stageB,0.35,0.7599,0.25,,1024,4,0.125,1,True,,0.3944,0.004113241623709865,0.05412601237165998,0.3565348716385981,0.393223104019942,0.23469285326624453,0.20973999077815045,0.0,0.2610795522037088,0.6176144238423069,0.38087487006883514,0.26612851557132094
c3_w2_tcop_cm1_states_L0.4_kp0_7599_up0_2500_s1024,cm1,stageB,0.35,0.7599,0.25,,1024,5,0.25,2,True,,0.41668800000000006,-0.0013979413018630836,0.05002986862527981,0.3607670569522415,0.4310677856378566,0.24115668257714173,0.21979604546733014,0.0,0.28590322598609713,0.6466702829383386,0.37192905177133023,0.2677868957365856
c3_w2_tcop_cm1_states_L0.4_kp0_7599_up0_2500_s1024,cm1,stageB,0.35,0.7599,0.25,,1024,6,0.0,0,True,,0.38022399999999995,0.002677811683744008,0.06461343622117775,0.34999882961319734,0.3593903084451342,0.2265881027201582,0.19883692760900232,0.0,0.23769378430958837,0.5876926139227857,0.38134221753469766,0.27501264496161126
c3_w2_tcop_cm1_states_L0.4_kp0_7599_up0_2500_s1024,cm1,stageB,0.35,0.7599,0.25,,1024,7,0.125,1,True,,0.392304,0.004669736269899913,0.08378934244633757,0.3565348716385981,0.39247467786792317,0.23454622614066642,0.20973999077815045,0.0,0.2610795522037088,0.6176144238423069,0.38152745867521,0.26891541717856415
c3_w2_tcop_cm1_states_L0.4_kp0_7599_up0_2500_s1024,cm1,stageB,0.35,0.7599,0.25,,1024,8,0.25,2,True,,0.41336,0.00018426412383611528,0.06987695346896272,0.3607670569522415,0.42987091798225824,0.24090089565188486,0.21979604546733014,0.0,0.28590322598609713,0.6466702829383386,0.37534814610126155,0.2681610312722438
c3_w2_tcop_cm1_states_L0.4_kp0_7599_up0_2500_s1024,cm1,stageB,0.35,0.7599,0.25,,1024,9,0.0,0,True,,0.375392,0.002848698771324987,0.0630345976024883,0.34999882961319734,0.3576965200950468,0.2261607780955983,0.19883692760900232,0.0,0.23769378430958837,0.5876926139227857,0.37901211468354346,0.2733693634214912
c3_w2_tcop_cm1_states_L0.4_kp0_7599_up0_2500_s1024,cm1,stageB,0.35,0.7599,0.25,,1024,10,0.125,1,True,,0.39328,0.003861642037370629,0.05885619286456826,0.3565348716385981,0.39283115554414283,0.2346054821253954,0.20973999077815045,0.0,0.2610795522037088,0.6176144238423069,0.37969953233742915,0.2697035146424879
c3_w2_tcop_cm1_states_L0.4_kp0_7599_up0_2500_s1024,cm1,stageB,0.35,0.7599,0.25,,1024,11,0.25,2,True,,0.415408,0.0020839504944174213,0.07000957561417985,0.3607670569522415,0.4306170636807046,0.24101275931791477,0.21979604546733014,0.0,0.28590322598609713,0.6466702829383386,0.3787396148873239,0.2678446403920153
c3_w2_tcop_cm1_states_L0.4_kp0_7599_up0_2500_s1024,cm1,stageB,0.35,0.7599,0.25,,1024,12,0.0,0,True,,0.37388799999999994,0.0036302089473990843,0.04539948302930179,0.34999882961319734,0.3571712163043577,0.2260285327166119,0.19883692760900232,0.0,0.23769378430958837,0.5876926139227857,0.3823348269200878,0.2698884819427025
c3_w2_tcop_cm1_states_L0.4_kp0_7599_up0_2500_s1024,cm1,stageB,0.35,0.7599,0.25,,1024,13,0.125,1,True,,0.395776,0.0011454665779125545,0.0411860339867943,0.3565348716385981,0.39371803812777195,0.23480772112407053,0.20973999077815045,0.0,0.2610795522037088,0.6176144238423069,0.3750960459082818,0.2720127733089825
c3_w2_tcop_cm1_states_L0.4_kp0_7599_up0_2500_s1024,cm1,stageB,0.35,0.7599,0.25,,1024,14,0.25,2,True,,0.421712,0.0004982881621260866,0.05284966760601229,0.3607670569522415,0.4329300418799549,0.2413433187573876,0.21979604546733014,0.0,0.28590322598609713,0.6466702829383386,0.3741227245004201,0.265861143623876
c3_w2_tcop_cm1_states_L0.4_kp0_7599_up0_2500_s1024,cm1,stageB,0.35,0.7599,0.25,,1024,15,0.0,0,False,BLOCK_15_PARTIAL_CYCLE,0.37352,0.005808591380945131,0.05893960662729284,0.34999882961319734,0.3570691933547305,0.2259680808994311,0.19883692760900232,0.0,0.23769378430958837,0.5876926139227857,0.38740266955820785,0.27799809942526305
c3_w2_tcop_cm1_states_L0.4_kp0_7599_up0_2500_s31415,cm1,stageB,0.35,0.7599,0.25,,31415,0,0.0,0,False,PRE_PRIMARY_INCOMPLETE_CYCLE,0.35024,0.0027244230460466826,0.0715582638653593,0.34999882961319734,0.34923059222815966,0.22356605051323608,0.19883692760900232,0.0,0.23769378430958837,0.5876926139227857,0.3783972943154502,0.28375947835605175
c3_w2_tcop_cm1_states_L0.4_kp0_7599_up0_2500_s31415,cm1,stageB,0.35,0.7599,0.25,,31415,1,0.125,1,False,PRE_PRIMARY_INCOMPLETE_CYCLE,0.39136000000000004,0.005567056560582213,0.0661758418529583,0.3565348716385981,0.39213976107139903,0.23447320213060888,0.20973999077815045,0.0,0.2610795522037088,0.6176144238423069,0.3857530221685309,0.27488634576122
c3_w2_tcop_cm1_states_L0.4_kp0_7599_up0_2500_s31415,cm1,stageB,0.35,0.7599,0.25,,31415,2,0.25,2,False,PRE_PRIMARY_INCOMPLETE_CYCLE,0.41716800000000004,0.0012788033284316046,0.05221076856669051,0.3607670569522415,0.4312513843072476,0.24114139607940693,0.21979604546733014,0.0,0.28590322598609713,0.6466702829383386,0.3803282193646034,0.26722546265537267
c3_w2_tcop_cm1_states_L0.4_kp0_7599_up0_2500_s31415,cm1,stageB,0.35,0.7599,0.25,,31415,3,0.0,0,True,,0.3730399999999999,0.004452875183219493,0.07007334744826413,0.34999882961319734,0.3569084191970709,0.22590687915315905,0.19883692760900232,0.0,0.23769378430958837,0.5876926139227857,0.38359842917254794,0.2749654314624241
c3_w2_tcop_cm1_states_L0.4_kp0_7599_up0_2500_s31415,cm1,stageB,0.35,0.7599,0.25,,31415,4,0.125,1,True,,0.394528,0.001771688448126567,0.04490091424604639,0.3565348716385981,0.3932778257326375,0.23469501410363383,0.20973999077815045,0.0,0.2610795522037088,0.6176144238423069,0.37304223927184965,0.2669535413421964
c3_w2_tcop_cm1_states_L0.4_kp0_7599_up0_2500_s31415,cm1,stageB,0.35,0.7599,0.25,,31415,5,0.25,2,True,,0.413904,0.0036120507399256853,0.07359105435476308,0.3607670569522415,0.4300818258439173,0.24089338894587553,0.21979604546733014,0.0,0.28590322598609713,0.6466702829383386,0.38313189637823614,0.26962323253203474
c3_w2_tcop_cm1_states_L0.4_kp0_7599_up0_2500_s31415,cm1,stageB,0.35,0.7599,0.25,,31415,6,0.0,0,True,,0.373232,0.004013699208032755,0.0484848518249814,0.34999882961319734,0.35697292780190315,0.22592503209741055,0.19883692760900232,0.0,0.23769378430958837,0.5876926139227857,0.3818916372335681,0.273199133020158
c3_w2_tcop_cm1_states_L0.4_kp0_7599_up0_2500_s31415,cm1,stageB,0.35,0.7599,0.25,,31415,7,0.125,1,True,,0.39448,-0.0005482776961418225,0.057233505028362275,0.3565348716385981,0.39324569846301993,0.23471697513849277,0.20973999077815045,0.0,0.2610795522037088,0.6176144238423069,0.3742197371253663,0.27143016634235545
c3_w2_tcop_cm1_states_L0.4_kp0_7599_up0_2500_s31415,cm1,stageB,0.35,0.7599,0.25,,31415,8,0.25,2,True,,0.41513600000000006,0.004881065532031829,0.06420847447773405,0.3607670569522415,0.43052534253128766,0.2409746414625989,0.21979604546733014,0.0,0.28590322598609713,0.6466702829383386,0.3815833079474757,0.26870268761476557
c3_w2_tcop_cm1_states_L0.4_kp0_7599_up0_2500_s31415,cm1,stageB,0.35,0.7599,0.25,,31415,9,0.0,0,True,,0.37095999999999996,0.0037363059477266846,0.05724807417285272,0.34999882961319734,0.3561773792728762,0.22573100099868149,0.19883692760900232,0.0,0.23769378430958837,0.5876926139227857,0.3813825230783257,0.2728119234226902
c3_w2_tcop_cm1_states_L0.4_kp0_7599_up0_2500_s31415,cm1,stageB,0.35,0.7599,0.25,,31415,10,0.125,1,True,,0.39516799999999996,0.0043243962289119505,0.06961150785483598,0.3565348716385981,0.39349704714014755,0.234743885523214,0.20973999077815045,0.0,0.2610795522037088,0.6176144238423069,0.38319486264813407,0.27021692051526175
c3_w2_tcop_cm1_states_L0.4_kp0_7599_up0_2500_s31415,cm1,stageB,0.35,0.7599,0.25,,31415,11,0.25,2,True,,0.41395200000000004,0.004496704219422141,0.04934388157963458,0.3607670569522415,0.43007801387422634,0.240976005475641,0.21979604546733014,0.0,0.28590322598609713,0.6466702829383386,0.38498005944276026,0.27069781208217775
c3_w2_tcop_cm1_states_L0.4_kp0_7599_up0_2500_s31415,cm1,stageB,0.35,0.7599,0.25,,31415,12,0.0,0,True,,0.375552,0.0030418539501744757,0.07391898723002767,0.34999882961319734,0.35777540597968965,0.22614698114913892,0.19883692760900232,0.0,0.23769378430958837,0.5876926139227857,0.38369499690554565,0.27516972599776124
c3_w2_tcop_cm1_states_L0.4_kp0_7599_up0_2500_s31415,cm1,stageB,0.35,0.7599,0.25,,31415,13,0.125,1,True,,0.39488,0.0004195137418647986,0.05513453876483749,0.3565348716385981,0.3933920900512566,0.2347544075948049,0.20973999077815045,0.0,0.2610795522037088,0.6176144238423069,0.37201676430018304,0.2706743640028744
c3_w2_tcop_cm1_states_L0.4_kp0_7599_up0_2500_s31415,cm1,stageB,0.35,0.7599,0.25,,31415,14,0.25,2,True,,0.414672,0.003313093301952417,0.06418739655076844,0.3607670569522415,0.4303636893638739,0.2409464391160611,0.21979604546733014,0.0,0.28590322598609713,0.6466702829383386,0.3786941596188003,0.27078163807171224
c3_w2_tcop_cm1_states_L0.4_kp0_7599_up0_2500_s31415,cm1,stageB,0.35,0.7599,0.25,,31415,15,0.0,0,False,BLOCK_15_PARTIAL_CYCLE,0.380064,0.004126469508822671,0.05992675988860083,0.34999882961319734,0.3593131183299038,0.22659241682303366,0.19883692760900232,0.0,0.23769378430958837,0.5876926139227857,0.3849423209494666,0.27506110372333653
c3_w2_tcop_cm1_states_L0.4_kp0_7599_up0_5000_s42,cm1,stageB,0.35,0.7599,0.5,,42,0,0.0,0,False,PRE_PRIMARY_INCOMPLETE_CYCLE,0.35446399999999995,0.006555053579299224,0.06371892636393386,0.34999882961319734,0.35069767248476336,0.22392802102099502,0.19883692760900232,0.0,0.23769378430958837,0.5876926139227857,0.38785241929961356,0.27737244668335104
c3_w2_tcop_cm1_states_L0.4_kp0_7599_up0_5000_s42,cm1,stageB,0.35,0.7599,0.5,,42,1,0.25,1,False,PRE_PRIMARY_INCOMPLETE_CYCLE,0.41547199999999995,-0.002267350729318611,0.035435746215706804,0.3607670569522415,0.43061578187947963,0.2411000359117638,0.21979604546733014,0.0,0.28590322598609713,0.6466702829383386,0.3661707994189979,0.26170113852147503
c3_w2_tcop_cm1_states_L0.4_kp0_7599_up0_5000_s42,cm1,stageB,0.35,0.7599,0.5,,42,2,0.5,2,False,PRE_PRIMARY_INCOMPLETE_CYCLE,0.453136,-0.0011939154339850756,0.05714802116148289,0.36196118773854075,0.505701351647355,0.24555980709390543,0.2363907414935806,0.0,0.33953544621983084,0.7014966339583716,0.3804934149138945,0.2719649817105043
c3_w2_tcop_cm1_states_L0.4_kp0_7599_up0_5000_s42,cm1,stageB,0.35,0.7599,0.5,,42,3,0.0,0,True,,0.377664,0.004660945815472377,0.045581628493904736,0.34999882961319734,0.3585089011224862,0.2263304997426922,0.19883692760900232,0.0,0.23769378430958837,0.5876926139227857,0.38606270236402146,0.26979312760822116
c3_w2_tcop_cm1_states_L0.4_kp0_7599_up0_5000_s42,cm1,stageB,0.35,0.7599,0.5,,42,4,0.25,1,True,,0.416528,0.005028054773326038,0.04592807139894845,0.3607670569522415,0.43104215734913104,0.24104276301698502,0.21979604546733014,0.0,0.28590322598609713,0.6466702829383386,0.3843668987721318,0.27321173129136744
c3_w2_tcop_cm1_states_L0.4_kp0_7599_up0_5000_s42,cm1,stageB,0.35,0.7599,0.5,,42,5,0.5,2,True,,0.46059200000000006,-0.004643656188906839,0.04187101798891376,0.36196118773854075,0.5084924088107965,0.245654291484115,0.2363907414935806,0.0,0.33953544621983084,0.7014966339583716,0.35905866334072134,0.25670050707297887
c3_w2_tcop_cm1_states_L0.4_kp0_7599_up0_5000_s42,cm1,stageB,0.35,0.7599,0.5,,42,6,0.0,0,True,,0.37595200000000006,0.005068729507729657,0.05978585140418064,0.34999882961319734,0.35791737860926903,0.2261801965700496,0.19883692760900232,0.0,0.23769378430958837,0.5876926139227857,0.38506818805012294,0.27791876144608646
c3_w2_tcop_cm1_states_L0.4_kp0_7599_up0_5000_s42,cm1,stageB,0.35,0.7599,0.5,,42,7,0.25,1,True,,0.414448,0.0015757997009205058,0.05803585725393285,0.3607670569522415,0.4302630351074466,0.24097266368751916,0.21979604546733014,0.0,0.28590322598609713,0.6466702829383386,0.3739770819531445,0.26865462966668163
c3_w2_tcop_cm1_states_L0.4_kp0_7599_up0_5000_s42,cm1,stageB,0.35,0.7599,0.5,,42,8,0.5,2,True,,0.45553600000000005,-0.003177100075672143,0.04805789533650869,0.36196118773854075,0.5066007604648287,0.2456494840012684,0.2363907414935806,0.0,0.33953544621983084,0.7014966339583716,0.3651843277713902,0.25801097351705327
c3_w2_tcop_cm1_states_L0.4_kp0_7599_up0_5000_s42,cm1,stageB,0.35,0.7599,0.5,,42,9,0.0,0,True,,0.37843199999999994,0.004636423613146057,0.08483146187014128,0.34999882961319734,0.35876466895880316,0.2264138171177003,0.19883692760900232,0.0,0.23769378430958837,0.5876926139227857,0.38405506002027473,0.27357936941983585
c3_w2_tcop_cm1_states_L0.4_kp0_7599_up0_5000_s42,cm1,stageB,0.35,0.7599,0.5,,42,10,0.25,1,True,,0.416144,0.0004500155784829337,0.05617123089108909,0.3607670569522415,0.43088384154644827,0.24108133462372158,0.21979604546733014,0.0,0.28590322598609713,0.6466702829383386,0.37400504290854797,0.26467740081232005
c3_w2_tcop_cm1_states_L0.4_kp0_7599_up0_5000_s42,cm1,stageB,0.35,0.7599,0.5,,42,11,0.5,2,True,,0.4555519999999999,-0.0026105391280913377,0.051256818078623236,0.36196118773854075,0.5066070808666743,0.24563286859419384,0.2363907414935806,0.0,0.33953544621983084,0.7014966339583716,0.36867631429434256,0.2606010737818829
c3_w2_tcop_cm1_states_L0.4_kp0_7599_up0_5000_s42,cm1,stageB,0.35,0.7599,0.5,,42,12,0.0,0,True,,0.38075200000000003,0.00399609407715499,0.07107035279000092,0.34999882961319734,0.359602960027479,0.22658565198979755,0.19883692760900232,0.0,0.23769378430958837,0.5876926139227857,0.3798582205541116,0.2755782162822171
c3_w2_tcop_cm1_states_L0.4_kp0_7599_up0_5000_s42,cm1,stageB,0.35,0.7599,0.5,,42,13,0.25,1,True,,0.41785599999999995,-0.006646958704933553,0.038727764372759314,0.3607670569522415,0.4314973188067025,0.24119137949262204,0.21979604546733014,0.0,0.28590322598609713,0.6466702829383386,0.3555111944083035,0.26044292054595675
c3_w2_tcop_cm1_states_L0.4_kp0_7599_up0_5000_s42,cm1,stageB,0.35,0.7599,0.5,,42,14,0.5,2,True,,0.45624,-0.003996001623348745,0.058526350615965554,0.36196118773854075,0.5068613995851335,0.24566980274041944,0.2363907414935806,0.0,0.33953544621983084,0.7014966339583716,0.3594940539790713,0.25566371605409083
c3_w2_tcop_cm1_states_L0.4_kp0_7599_up0_5000_s42,cm1,stageB,0.35,0.7599,0.5,,42,15,0.0,0,False,BLOCK_15_PARTIAL_CYCLE,0.376944,0.0011466492522922947,0.07862807149365111,0.34999882961319734,0.35824571938583744,0.22629082067471748,0.19883692760900232,0.0,0.23769378430958837,0.5876926139227857,0.3745975075508678,0.27376693761334103
c3_w2_tcop_cm1_states_L0.4_kp0_7599_up0_5000_s137,cm1,stageB,0.35,0.7599,0.5,,137,0,0.0,0,False,PRE_PRIMARY_INCOMPLETE_CYCLE,0.35788799999999993,0.006812034311339795,0.06245677846880924,0.34999882961319734,0.3518889301933063,0.22423818676985866,0.19883692760900232,0.0,0.23769378430958837,0.5876926139227857,0.3902587724673154,0.27844141440920805
c3_w2_tcop_cm1_states_L0.4_kp0_7599_up0_5000_s137,cm1,stageB,0.35,0.7599,0.5,,137,1,0.25,1,False,PRE_PRIMARY_INCOMPLETE_CYCLE,0.414416,-0.0014305723325157697,0.046409934448678185,0.3607670569522415,0.4302447164866329,0.2409887595700688,0.21979604546733014,0.0,0.28590322598609713,0.6466702829383386,0.3726223575471699,0.2679960191088322
c3_w2_tcop_cm1_states_L0.4_kp0_7599_up0_5000_s137,cm1,stageB,0.35,0.7599,0.5,,137,2,0.5,2,False,PRE_PRIMARY_INCOMPLETE_CYCLE,0.4562239999999999,-0.002996862320998836,0.04046915318519282,0.36196118773854075,0.5068553596038032,0.2456578354112579,0.2363907414935806,0.0,0.33953544621983084,0.7014966339583716,0.36089709940387904,0.2566550541132953
c3_w2_tcop_cm1_states_L0.4_kp0_7599_up0_5000_s137,cm1,stageB,0.35,0.7599,0.5,,137,3,0.0,0,True,,0.37823999999999997,0.0056775449650580834,0.06818256745491624,0.34999882961319734,0.3587071778595989,0.22639496190014688,0.19883692760900232,0.0,0.23769378430958837,0.5876926139227857,0.38658237535636525,0.27430694551489515
c3_w2_tcop_cm1_states_L0.4_kp0_7599_up0_5000_s137,cm1,stageB,0.35,0.7599,0.5,,137,4,0.25,1,True,,0.4144,0.0014825980561040339,0.03169642857142857,0.3607670569522415,0.43025266825305253,0.24095675909945974,0.21979604546733014,0.0,0.28590322598609713,0.6466702829383386,0.38138677411082383,0.2687964299339488
c3_w2_tcop_cm1_states_L0.4_kp0_7599_up0_5000_s137,cm1,stageB,0.35,0.7599,0.5,,137,5,0.5,2,True,,0.45406399999999997,0.00017603143230177288,0.04475199460245282,0.36196118773854075,0.5060511996159844,0.24559374163994066,0.2363907414935806,0.0,0.33953544621983084,0.7014966339583716,0.37314849760917573,0.26358124421062723
c3_w2_tcop_cm1_states_L0.4_kp0_7599_up0_5000_s137,cm1,stageB,0.35,0.7599,0.5,,137,6,0.0,0,True,,0.37508800000000003,0.006876860903780285,0.040850970731242664,0.34999882961319734,0.35760789621004807,0.22609607729604078,0.19883692760900232,0.0,0.23769378430958837,0.5876926139227857,0.3878491799074919,0.2709647101434471
c3_w2_tcop_cm1_states_L0.4_kp0_7599_up0_5000_s137,cm1,stageB,0.35,0.7599,0.5,,137,7,0.25,1,True,,0.41696,0.0009917493374886975,0.06659878457016662,0.3607670569522415,0.4311849019976065,0.24112244106812072,0.21979604546733014,0.0,0.28590322598609713,0.6466702829383386,0.3731586592220988,0.26814292079034363
c3_w2_tcop_cm1_states_L0.4_kp0_7599_up0_5000_s137,cm1,stageB,0.35,0.7599,0.5,,137,8,0.5,2,True,,0.4556159999999999,-0.0005048153168915645,0.060901644073588966,0.36196118773854075,0.5066329029615235,0.2455532167296274,0.2363907414935806,0.0,0.33953544621983084,0.7014966339583716,0.3768798293666806,0.2683236276639213
c3_w2_tcop_cm1_states_L0.4_kp0_7599_up0_5000_s137,cm1,stageB,0.35,0.7599,0.5,,137,9,0.0,0,True,,0.374432,0.008162908398323235,0.08445846858234865,0.34999882961319734,0.3574386683287149,0.22596131109941867,0.19883692760900232,0.0,0.23769378430958837,0.5876926139227857,0.39529540919922057,0.27924915660716904
c3_w2_tcop_cm1_states_L0.4_kp0_7599_up0_5000_s137,cm1,stageB,0.35,0.7599,0.5,,137,10,0.25,1,True,,0.4148800000000001,-0.0006085078940794407,0.06812050066405567,0.3607670569522415,0.430401195270858,0.24106736307497428,0.21979604546733014,0.0,0.28590322598609713,0.6466702829383386,0.3711129116391645,0.2661575158233785
c3_w2_tcop_cm1_states_L0.4_kp0_7599_up0_5000_s137,cm1,stageB,0.35,0.7599,0.5,,137,11,0.5,2,True,,0.45536,-0.004189098139986399,0.04504948278178317,0.36196118773854075,0.5065323516209076,0.24563338640546584,0.2363907414935806,0.0,0.33953544621983084,0.7014966339583716,0.3677596042080839,0.25828099194608595
c3_w2_tcop_cm1_states_L0.4_kp0_7599_up0_5000_s137,cm1,stageB,0.35,0.7599,0.5,,137,12,0.0,0,True,,0.377744,0.005548586670332481,0.0688809874926242,0.34999882961319734,0.35853691919075836,0.22634536835215688,0.19883692760900232,0.0,0.23769378430958837,0.5876926139227857,0.38515513291636544,0.27410132576639135
c3_w2_tcop_cm1_states_L0.4_kp0_7599_up0_5000_s137,cm1,stageB,0.35,0.7599,0.5,,137,13,0.25,1,True,,0.41312000000000004,0.0013073066455476109,0.05451063758464255,0.3607670569522415,0.42977604404755787,0.24090494288300635,0.21979604546733014,0.0,0.28590322598609713,0.6466702829383386,0.3767084343101355,0.2649461847997715
c3_w2_tcop_cm1_states_L0.4_kp0_7599_up0_5000_s137,cm1,stageB,0.35,0.7599,0.5,,137,14,0.5,2,True,,0.4582079999999999,0.0006499657284787932,0.052201786877505665,0.36196118773854075,0.5075960934109155,0.2455280534503482,0.2363907414935806,0.0,0.33953544621983084,0.7014966339583716,0.37828433743434253,0.26229765696488305
c3_w2_tcop_cm1_states_L0.4_kp0_7599_up0_5000_s137,cm1,stageB,0.35,0.7599,0.5,,137,15,0.0,0,False,BLOCK_15_PARTIAL_CYCLE,0.37566399999999994,0.005475653790032112,0.09773350424391328,0.34999882961319734,0.35782669816188184,0.22613792029128604,0.19883692760900232,0.0,0.23769378430958837,0.5876926139227857,0.3886453875956141,0.2764447049364767
c3_w2_tcop_cm1_states_L0.4_kp0_7599_up0_5000_s256,cm1,stageB,0.35,0.7599,0.5,,256,0,0.0,0,False,PRE_PRIMARY_INCOMPLETE_CYCLE,0.356192,0.008523649389004377,0.07614653766704704,0.34999882961319734,0.35131293357963533,0.22407123975772014,0.19883692760900232,0.0,0.23769378430958837,0.5876926139227857,0.39497069892101555,0.2803375523632592
c3_w2_tcop_cm1_states_L0.4_kp0_7599_up0_5000_s256,cm1,stageB,0.35,0.7599,0.5,,256,1,0.25,1,False,PRE_PRIMARY_INCOMPLETE_CYCLE,0.417504,-0.0011131342867672423,0.056180217731302814,0.3607670569522415,0.43139030318144417,0.24110735375121323,0.21979604546733014,0.0,0.28590322598609713,0.6466702829383386,0.3704057331603007,0.2644231502026771
c3_w2_tcop_cm1_states_L0.4_kp0_7599_up0_5000_s256,cm1,stageB,0.35,0.7599,0.5,,256,2,0.5,2,False,PRE_PRIMARY_INCOMPLETE_CYCLE,0.45903999999999995,-0.0047625907524928715,0.056848031785186375,0.36196118773854075,0.5079137045836818,0.24567461256535905,0.2363907414935806,0.0,0.33953544621983084,0.7014966339583716,0.36407836340551136,0.2610202026645416
c3_w2_tcop_cm1_states_L0.4_kp0_7599_up0_5000_s256,cm1,stageB,0.35,0.7599,0.5,,256,3,0.0,0,True,,0.3788639999999999,0.006538008706853774,0.07235264390920754,0.34999882961319734,0.3589375207464738,0.22642657290354612,0.19883692760900232,0.0,0.23769378430958837,0.5876926139227857,0.3841850199067505,0.27183865292571313
c3_w2_tcop_cm1_states_L0.4_kp0_7599_up0_5000_s256,cm1,stageB,0.35,0.7599,0.5,,256,4,0.25,1,True,,0.41472000000000003,0.0046145259373678044,0.07874159290144396,0.3607670569522415,0.4303770555068254,0.24094460484813485,0.21979604546733014,0.0,0.28590322598609713,0.6466702829383386,0.3843971319633173,0.2683034668556257
c3_w2_tcop_cm1_states_L0.4_kp0_7599_up0_5000_s256,cm1,stageB,0.35,0.7599,0.5,,256,5,0.5,2,True,,0.45334399999999997,-0.003450814000499759,0.025818737427325152,0.36196118773854075,0.5057824988611074,0.2456320002848515,0.2363907414935806,0.0,0.33953544621983084,0.7014966339583716,0.3678839161242434,0.2665536148722835
c3_w2_tcop_cm1_states_L0.4_kp0_7599_up0_5000_s256,cm1,stageB,0.35,0.7599,0.5,,256,6,0.0,0,True,,0.37632,-0.00046585057400145007,0.04248407159113044,0.34999882961319734,0.35802196760231836,0.2262446240374042,0.19883692760900232,0.0,0.23769378430958837,0.5876926139227857,0.3696615496347778,0.2722830511181371
c3_w2_tcop_cm1_states_L0.4_kp0_7599_up0_5000_s256,cm1,stageB,0.35,0.7599,0.5,,256,7,0.25,1,True,,0.417648,0.0011294426582928439,0.06440894747037564,0.3607670569522415,0.43144922033343824,0.24112159423044344,0.21979604546733014,0.0,0.28590322598609713,0.6466702829383386,0.3760988497717468,0.2705134424474545
c3_w2_tcop_cm1_states_L0.4_kp0_7599_up0_5000_s256,cm1,stageB,0.35,0.7599,0.5,,256,8,0.5,2,True,,0.45748799999999995,0.0011556634510057244,0.051317431375058425,0.36196118773854075,0.5073240834558408,0.24555847832897532,0.2363907414935806,0.0,0.33953544621983084,0.7014966339583716,0.3762920302265321,0.2612923670635737
c3_w2_tcop_cm1_states_L0.4_kp0_7599_up0_5000_s256,cm1,stageB,0.35,0.7599,0.5,,256,9,0.0,0,True,,0.37788799999999995,0.002453460182976091,0.09275810838509868,0.34999882961319734,0.3585627043191052,0.2263956062220998,0.19883692760900232,0.0,0.23769378430958837,0.5876926139227857,0.3791789691699893,0.27118619681063855
c3_w2_tcop_cm1_states_L0.4_kp0_7599_up0_5000_s256,cm1,stageB,0.35,0.7599,0.5,,256,10,0.25,1,True,,0.415488,-0.0011938761699964034,0.04499348256319831,0.3607670569522415,0.43063945501304735,0.24104047085724092,0.21979604546733014,0.0,0.28590322598609713,0.6466702829383386,0.3712417247128685,0.2616135018580885
c3_w2_tcop_cm1_states_L0.4_kp0_7599_up0_5000_s256,cm1,stageB,0.35,0.7599,0.5,,256,11,0.5,2,True,,0.45776000000000006,-0.002477347472553947,0.04377089876614607,0.36196118773854075,0.5074331335707994,0.24558106899347668,0.2363907414935806,0.0,0.33953544621983084,0.7014966339583716,0.36747908823692543,0.2605279793078465
c3_w2_tcop_cm1_states_L0.4_kp0_7599_up0_5000_s256,cm1,stageB,0.35,0.7599,0.5,,256,12,0.0,0,True,,0.37676800000000005,0.0016250365451949728,0.0763096678654704,0.34999882961319734,0.3581794570007503,0.22628485387989977,0.19883692760900232,0.0,0.23769378430958837,0.5876926139227857,0.37580338454065765,0.2732252789665117
c3_w2_tcop_cm1_states_L0.4_kp0_7599_up0_5000_s256,cm1,stageB,0.35,0.7599,0.5,,256,13,0.25,1,True,,0.41230399999999995,0.006401251577965984,0.07405808735817833,0.3607670569522415,0.4294942175378106,0.2408044026499538,0.21979604546733014,0.0,0.28590322598609713,0.6466702829383386,0.3882363301802605,0.2687645428073338
c3_w2_tcop_cm1_states_L0.4_kp0_7599_up0_5000_s256,cm1,stageB,0.35,0.7599,0.5,,256,14,0.5,2,True,,0.45696,-0.006115959312351442,0.06440985945362356,0.36196118773854075,0.5071318047731422,0.24570606646351645,0.2363907414935806,0.0,0.33953544621983084,0.7014966339583716,0.35728813472712184,0.25309410745763783
c3_w2_tcop_cm1_states_L0.4_kp0_7599_up0_5000_s256,cm1,stageB,0.35,0.7599,0.5,,256,15,0.0,0,False,BLOCK_15_PARTIAL_CYCLE,0.377712,0.004489921892505634,0.0479600839679125,0.34999882961319734,0.3585370850324727,0.22632951477696162,0.19883692760900232,0.0,0.23769378430958837,0.5876926139227857,0.38033079528065594,0.27668356227534086
c3_w2_tcop_cm1_states_L0.4_kp0_7599_up0_5000_s1024,cm1,stageB,0.35,0.7599,0.5,,1024,0,0.0,0,False,PRE_PRIMARY_INCOMPLETE_CYCLE,0.35673600000000005,0.0033258059764003523,0.06891236454005396,0.34999882961319734,0.35149103800238307,0.22414119877379818,0.19883692760900232,0.0,0.23769378430958837,0.5876926139227857,0.38365483800685146,0.2818771287500569
c3_w2_tcop_cm1_states_L0.4_kp0_7599_up0_5000_s1024,cm1,stageB,0.35,0.7599,0.5,,1024,1,0.25,1,False,PRE_PRIMARY_INCOMPLETE_CYCLE,0.41424,0.00022726705231712767,0.051731556789216156,0.3607670569522415,0.43018363764676626,0.24099381795466668,0.21979604546733014,0.0,0.28590322598609713,0.6466702829383386,0.3738989134028072,0.27039212904561355
c3_w2_tcop_cm1_states_L0.4_kp0_7599_up0_5000_s1024,cm1,stageB,0.35,0.7599,0.5,,1024,2,0.5,2,False,PRE_PRIMARY_INCOMPLETE_CYCLE,0.455488,-0.001175737441878485,0.04675021234141138,0.36196118773854075,0.506576677280504,0.2456262671025193,0.2363907414935806,0.0,0.33953544621983084,0.7014966339583716,0.37361397857462636,0.258975917845727
c3_w2_tcop_cm1_states_L0.4_kp0_7599_up0_5000_s1024,cm1,stageB,0.35,0.7599,0.5,,1024,3,0.0,0,True,,0.37484800000000007,0.0066881233636859085,0.06869989626330404,0.34999882961319734,0.35754556216223976,0.22606295725510345,0.19883692760900232,0.0,0.23769378430958837,0.5876926139227857,0.3899257871710109,0.2762661822439497
c3_w2_tcop_cm1_states_L0.4_kp0_7599_up0_5000_s1024,cm1,stageB,0.35,0.7599,0.5,,1024,4,0.25,1,True,,0.416976,0.0005426180317578967,0.04817550213388862,0.3607670569522415,0.43118438414232557,0.24111360812791446,0.21979604546733014,0.0,0.28590322598609713,0.6466702829383386,0.3733314835913058,0.26147347348821576
c3_w2_tcop_cm1_states_L0.4_kp0_7599_up0_5000_s1024,cm1,stageB,0.35,0.7599,0.5,,1024,5,0.5,2,True,,0.45747200000000005,-0.005667655126068682,0.04073391890096501,0.36196118773854075,0.5073316629353118,0.24568909869845804,0.2363907414935806,0.0,0.33953544621983084,0.7014966339583716,0.36132022401209535,0.2634344992233648
c3_w2_tcop_cm1_states_L0.4_kp0_7599_up0_5000_s1024,cm1,stageB,0.35,0.7599,0.5,,1024,6,0.0,0,True,,0.38174399999999997,0.002586358563104133,0.06414482634389597,0.34999882961319734,0.3599270446759866,0.22671138616709718,0.19883692760900232,0.0,0.23769378430958837,0.5876926139227857,0.3813546021318918,0.27476987775226946
c3_w2_tcop_cm1_states_L0.4_kp0_7599_up0_5000_s1024,cm1,stageB,0.35,0.7599,0.5,,1024,7,0.25,1,True,,0.41300800000000004,0.0030280404591893906,0.08347495918194163,0.3607670569522415,0.429735138428665,0.24090731631009527,0.21979604546733014,0.0,0.28590322598609713,0.6466702829383386,0.37935206258421905,0.2652259245337136
c3_w2_tcop_cm1_states_L0.4_kp0_7599_up0_5000_s1024,cm1,stageB,0.35,0.7599,0.5,,1024,8,0.5,2,True,,0.45297600000000005,-0.0040267297954938676,0.058559471472164275,0.36196118773854075,0.5056360041408298,0.24559332426321206,0.2363907414935806,0.0,0.33953544621983084,0.7014966339583716,0.3660067347666802,0.256432156682971
c3_w2_tcop_cm1_states_L0.4_kp0_7599_up0_5000_s1024,cm1,stageB,0.35,0.7599,0.5,,1024,9,0.0,0,True,,0.37743999999999994,0.0030453888054279388,0.06293420965572,0.34999882961319734,0.3584175275897713,0.22633236383024755,0.19883692760900232,0.0,0.23769378430958837,0.5876926139227857,0.3796825048182578,0.272911134658174
c3_w2_tcop_cm1_states_L0.4_kp0_7599_up0_5000_s1024,cm1,stageB,0.35,0.7599,0.5,,1024,10,0.25,1,True,,0.41563199999999995,0.002543629089437241,0.05482584655259841,0.3607670569522415,0.43070589872600745,0.2410223188386554,0.21979604546733014,0.0,0.28590322598609713,0.6466702829383386,0.3781062430605803,0.26702624637508576
c3_w2_tcop_cm1_states_L0.4_kp0_7599_up0_5000_s1024,cm1,stageB,0.35,0.7599,0.5,,1024,11,0.5,2,True,,0.455856,-8.643681748771482e-05,0.05367982024807566,0.36196118773854075,0.5067187327539779,0.24558263709216907,0.2363907414935806,0.0,0.33953544621983084,0.7014966339583716,0.3738441846742259,0.26044714155026266
c3_w2_tcop_cm1_states_L0.4_kp0_7599_up0_5000_s1024,cm1,stageB,0.35,0.7599,0.5,,1024,12,0.0,0,True,,0.37576,0.003414630626486591,0.04684306572786787,0.34999882961319734,0.3578293558194736,0.22618728133011703,0.19883692760900232,0.0,0.23769378430958837,0.5876926139227857,0.3811128887851008,0.26935110982771954
c3_w2_tcop_cm1_states_L0.4_kp0_7599_up0_5000_s1024,cm1,stageB,0.35,0.7599,0.5,,1024,13,0.25,1,True,,0.41728000000000004,-0.0010094854935311978,0.03789749716073457,0.3607670569522415,0.43130472431406913,0.24113324920254273,0.21979604546733014,0.0,0.28590322598609713,0.6466702829383386,0.36898160053522405,0.2665487814364921
c3_w2_tcop_cm1_states_L0.4_kp0_7599_up0_5000_s1024,cm1,stageB,0.35,0.7599,0.5,,1024,14,0.5,2,True,,0.45953599999999994,-0.0019783609912039208,0.04565273657966993,0.36196118773854075,0.5080949567526979,0.24559757973695048,0.2363907414935806,0.0,0.33953544621983084,0.7014966339583716,0.366552908247082,0.2577993726307036
c3_w2_tcop_cm1_states_L0.4_kp0_7599_up0_5000_s1024,cm1,stageB,0.35,0.7599,0.5,,1024,15,0.0,0,False,BLOCK_15_PARTIAL_CYCLE,0.375744,0.005684694476468356,0.057901036640773465,0.34999882961319734,0.35785329106638125,0.22615092217842728,0.19883692760900232,0.0,0.23769378430958837,0.5876926139227857,0.38739754265683785,0.27781057193713316
c3_w2_tcop_cm1_states_L0.4_kp0_7599_up0_5000_s31415,cm1,stageB,0.35,0.7599,0.5,,31415,0,0.0,0,False,PRE_PRIMARY_INCOMPLETE_CYCLE,0.35024,0.0027244230460466826,0.0715582638653593,0.34999882961319734,0.34923059222815966,0.22356605051323608,0.19883692760900232,0.0,0.23769378430958837,0.5876926139227857,0.3783972943154502,0.28375947835605175
c3_w2_tcop_cm1_states_L0.4_kp0_7599_up0_5000_s31415,cm1,stageB,0.35,0.7599,0.5,,31415,1,0.25,1,False,PRE_PRIMARY_INCOMPLETE_CYCLE,0.41268799999999994,0.0037005143900983883,0.05580071007607507,0.3607670569522415,0.4296197069184806,0.24089689315771326,0.21979604546733014,0.0,0.28590322598609713,0.6466702829383386,0.38281212767954925,0.27104627543425763
c3_w2_tcop_cm1_states_L0.4_kp0_7599_up0_5000_s31415,cm1,stageB,0.35,0.7599,0.5,,31415,2,0.5,2,False,PRE_PRIMARY_INCOMPLETE_CYCLE,0.4568000000000001,-0.0016674904129580258,0.052793226529426425,0.36196118773854075,0.5070752234644211,0.24564888326045764,0.2363907414935806,0.0,0.33953544621983084,0.7014966339583716,0.37089150706370444,0.26202783820785513
c3_w2_tcop_cm1_states_L0.4_kp0_7599_up0_5000_s31415,cm1,stageB,0.35,0.7599,0.5,,31415,3,0.0,0,True,,0.375232,0.004430344506708951,0.07079671989582913,0.34999882961319734,0.35767815455902535,0.2260939511149705,0.19883692760900232,0.0,0.23769378430958837,0.5876926139227857,0.38309597660034284,0.27420951739061766
c3_w2_tcop_cm1_states_L0.4_kp0_7599_up0_5000_s31415,cm1,stageB,0.35,0.7599,0.5,,31415,4,0.25,1,True,,0.41582399999999997,-0.00032304644691096994,0.03910273267397983,0.3607670569522415,0.4307685207878789,0.2410608992358871,0.21979604546733014,0.0,0.28590322598609713,0.6466702829383386,0.3681003798066612,0.2641647813997941
c3_w2_tcop_cm1_states_L0.4_kp0_7599_up0_5000_s31415,cm1,stageB,0.35,0.7599,0.5,,31415,5,0.5,2,True,,0.45500799999999997,-0.002160231107875968,0.06367976191996019,0.36196118773854075,0.5064049635426432,0.2455801456394549,0.2363907414935806,0.0,0.33953544621983084,0.7014966339583716,0.3704984648273362,0.2620084745624029
c3_w2_tcop_cm1_states_L0.4_kp0_7599_up0_5000_s31415,cm1,stageB,0.35,0.7599,0.5,,31415,6,0.0,0,True,,0.374976,0.00380099252643903,0.04817492289621398,0.34999882961319734,0.35758927218441294,0.22606582210602416,0.19883692760900232,0.0,0.23769378430958837,0.5876926139227857,0.38172122502528977,0.2733169314712298
c3_w2_tcop_cm1_states_L0.4_kp0_7599_up0_5000_s31415,cm1,stageB,0.35,0.7599,0.5,,31415,7,0.25,1,True,,0.41544,-0.0011006029570229698,0.04473722046831114,0.3607670569522415,0.430630921761504,0.24102073203632324,0.21979604546733014,0.0,0.28590322598609713,0.6466702829383386,0.3727833665499216,0.2690293173675131
c3_w2_tcop_cm1_states_L0.4_kp0_7599_up0_5000_s31415,cm1,stageB,0.35,0.7599,0.5,,31415,8,0.5,2,True,,0.45371199999999995,-0.0010704976869622116,0.0491407179133665,0.36196118773854075,0.5059191233887467,0.2456144643225129,0.2363907414935806,0.0,0.33953544621983084,0.7014966339583716,0.36712766000482433,0.2601672679046956
c3_w2_tcop_cm1_states_L0.4_kp0_7599_up0_5000_s31415,cm1,stageB,0.35,0.7599,0.5,,31415,9,0.0,0,True,,0.3728639999999999,0.003968020564279207,0.05639700238937155,0.34999882961319734,0.35684972688507693,0.22588662590088937,0.19883692760900232,0.0,0.23769378430958837,0.5876926139227857,0.38227967355839665,0.27256653289347743
c3_w2_tcop_cm1_states_L0.4_kp0_7599_up0_5000_s31415,cm1,stageB,0.35,0.7599,0.5,,31415,10,0.25,1,True,,0.41523199999999993,0.002247086522091746,0.07109164304704786,0.3607670569522415,0.4305477132918858,0.24100762697995182,0.21979604546733014,0.0,0.28590322598609713,0.6466702829383386,0.3812146182528318,0.269001406252549
c3_w2_tcop_cm1_states_L0.4_kp0_7599_up0_5000_s31415,cm1,stageB,0.35,0.7599,0.5,,31415,11,0.5,2,True,,0.45352000000000003,-0.001583920780188858,0.03619512046154626,0.36196118773854075,0.5058460727465801,0.2456662640841611,0.2363907414935806,0.0,0.33953544621983084,0.7014966339583716,0.3732602431177128,0.26160635169973345
c3_w2_tcop_cm1_states_L0.4_kp0_7599_up0_5000_s31415,cm1,stageB,0.35,0.7599,0.5,,31415,12,0.0,0,True,,0.37806399999999996,0.0022986780341874733,0.07171100712619514,0.34999882961319734,0.35865468527152294,0.22636212433748285,0.19883692760900232,0.0,0.23769378430958837,0.5876926139227857,0.3817449770446673,0.2735334367214434
c3_w2_tcop_cm1_states_L0.4_kp0_7599_up0_5000_s31415,cm1,stageB,0.35,0.7599,0.5,,31415,13,0.25,1,True,,0.416576,-0.0035543069337771824,0.04393376132351265,0.3607670569522415,0.43103476939128166,0.24113345105522518,0.21979604546733014,0.0,0.28590322598609713,0.6466702829383386,0.3634942102528672,0.2663229399998272
c3_w2_tcop_cm1_states_L0.4_kp0_7599_up0_5000_s31415,cm1,stageB,0.35,0.7599,0.5,,31415,14,0.5,2,True,,0.45476800000000006,-0.0029755569766927777,0.05555287259185446,0.36196118773854075,0.5063168024030015,0.24561720688504005,0.2363907414935806,0.0,0.33953544621983084,0.7014966339583716,0.3655380982369922,0.26270794187343105
c3_w2_tcop_cm1_states_L0.4_kp0_7599_up0_5000_s31415,cm1,stageB,0.35,0.7599,0.5,,31415,15,0.0,0,False,BLOCK_15_PARTIAL_CYCLE,0.38233599999999995,0.003982507111812703,0.058340359950438396,0.34999882961319734,0.3601095803136856,0.22678892723826483,0.19883692760900232,0.0,0.23769378430958837,0.5876926139227857,0.38408569531600273,0.27444509794959776
c3_w2_tcop_cm1_states_L0.4_km0_7599_up0_1000_s42,cm1,stageB,-0.35,-0.7599,0.1,,42,0,0.0,0,False,PRE_PRIMARY_INCOMPLETE_CYCLE,0.4094879999999999,0.00426420791431271,-0.03258314008282069,-0.34999882961319734,0.4347094018760262,0.24107233275065787,0.21508856534242235,0.0,0.23769378430958837,0.5876926139227857,0.3860685773187394,0.27816584031968383
c3_w2_tcop_cm1_states_L0.4_km0_7599_up0_1000_s42,cm1,stageB,-0.35,-0.7599,0.1,,42,1,0.05,1,False,PRE_PRIMARY_INCOMPLETE_CYCLE,0.423536,0.0022937514231690086,-0.054272496382157094,-0.3528807025224652,0.4415310397874673,0.24238988388517993,0.21902665609697547,0.0,0.2468720201325735,0.5997527226550387,0.3778724712028203,0.26751452064438497
c3_w2_tcop_cm1_states_L0.4_km0_7599_up0_1000_s42,cm1,stageB,-0.35,-0.7599,0.1,,42,2,0.1,2,False,PRE_PRIMARY_INCOMPLETE_CYCLE,0.4277439999999999,0.003916916824631924,-0.04781796031117331,-0.3554076391166287,0.45213035359650655,0.24341844098024915,0.2227927445696807,0.0,0.25628551126034343,0.6116931503769721,0.38536138366317557,0.2775534255741931
c3_w2_tcop_cm1_states_L0.4_km0_7599_up0_1000_s42,cm1,stageB,-0.35,-0.7599,0.1,,42,3,0.0,0,True,,0.420208,0.0034610905693966297,-0.05938453861562258,-0.34999882961319734,0.43066955882377933,0.2410416527759306,0.21508856534242235,0.0,0.23769378430958837,0.5876926139227857,0.3815201338687951,0.27061806639686536
c3_w2_tcop_cm1_states_L0.4_km0_7599_up0_1000_s42,cm1,stageB,-0.35,-0.7599,0.1,,42,4,0.05,1,True,,0.424112,0.009032785390020857,-0.04321491545515521,-0.3528807025224652,0.4413359999902878,0.2422739155248379,0.21902665609697547,0.0,0.2468720201325735,0.5997527226550387,0.39456393446968996,0.2781462899006601
c3_w2_tcop_cm1_states_L0.4_km0_7599_up0_1000_s42,cm1,stageB,-0.35,-0.7599,0.1,,42,5,0.1,2,True,,0.43079999999999996,0.005557680741245625,-0.04223184048968652,-0.3554076391166287,0.4509923632689679,0.24332487840359465,0.2227927445696807,0.0,0.25628551126034343,0.6116931503769721,0.3844181471625896,0.27034361631287085
c3_w2_tcop_cm1_states_L0.4_km0_7599_up0_1000_s42,cm1,stageB,-0.35,-0.7599,0.1,,42,6,0.0,0,True,,0.418432,0.004041281767151933,-0.04106930323309556,-0.34999882961319734,0.43131097546521335,0.24114411271153197,0.21508856534242235,0.0,0.23769378430958837,0.5876926139227857,0.38298395311522787,0.27819967000465234
c3_w2_tcop_cm1_states_L0.4_km0_7599_up0_1000_s42,cm1,stageB,-0.35,-0.7599,0.1,,42,7,0.05,1,True,,0.424928,0.005234767921431134,-0.051955423744809055,-0.3528807025224652,0.4410215052267924,0.24230416380125147,0.21902665609697547,0.0,0.2468720201325735,0.5997527226550387,0.3819952545525805,0.27295932249163807
c3_w2_tcop_cm1_states_L0.4_km0_7599_up0_1000_s42,cm1,stageB,-0.35,-0.7599,0.1,,42,8,0.1,2,True,,0.428192,0.004409863705910053,-0.03381035152531777,-0.3554076391166287,0.45195799402124387,0.24342880067499187,0.2227927445696807,0.0,0.25628551126034343,0.6116931503769721,0.3832903663907669,0.27196442623464057
c3_w2_tcop_cm1_states_L0.4_km0_7599_up0_1000_s42,cm1,stageB,-0.35,-0.7599,0.1,,42,9,0.0,0,True,,0.42014399999999996,0.005383404138481754,-0.03334837209455891,-0.34999882961319734,0.430688298649845,0.24103553691554908,0.21508856534242235,0.0,0.23769378430958837,0.5876926139227857,0.385751794234586,0.2775652529033295
c3_w2_tcop_cm1_states_L0.4_km0_7599_up0_1000_s42,cm1,stageB,-0.35,-0.7599,0.1,,42,10,0.05,1,True,,0.42382400000000003,0.006685994082383159,-0.04665619319611297,-0.3528807025224652,0.4414299992529364,0.24231174519932894,0.21902665609697547,0.0,0.2468720201325735,0.5997527226550387,0.3882501183555502,0.27524106022438544
c3_w2_tcop_cm1_states_L0.4_km0_7599_up0_1000_s42,cm1,stageB,-0.35,-0.7599,0.1,,42,11,0.1,2,True,,0.427712,0.0038492763782517546,-0.053406571157425906,-0.3554076391166287,0.4521330624520687,0.24343816735783144,0.2227927445696807,0.0,0.25628551126034343,0.6116931503769721,0.3843117653445536,0.2766028611054614
c3_w2_tcop_cm1_states_L0.4_km0_7599_up0_1000_s42,cm1,stageB,-0.35,-0.7599,0.1,,42,12,0.0,0,True,,0.4207999999999999,0.0038281005580526545,-0.04003570938057959,-0.34999882961319734,0.43046583034347946,0.24095714756729972,0.21508856534242235,0.0,0.23769378430958837,0.5876926139227857,0.3800134109804704,0.27879279686588687
c3_w2_tcop_cm1_states_L0.4_km0_7599_up0_1000_s42,cm1,stageB,-0.35,-0.7599,0.1,,42,13,0.05,1,True,,0.423552,-0.00039101953021706355,-0.05805779872340861,-0.3528807025224652,0.44153074838055945,0.24236589558857669,0.21902665609697547,0.0,0.2468720201325735,0.5997527226550387,0.37449445079075416,0.27201721137955626
c3_w2_tcop_cm1_states_L0.4_km0_7599_up0_1000_s42,cm1,stageB,-0.35,-0.7599,0.1,,42,14,0.1,2,True,,0.428112,0.004935618403326501,-0.03505552675681653,-0.3554076391166287,0.4519888825786855,0.2434331084827019,0.2227927445696807,0.0,0.25628551126034343,0.6116931503769721,0.3815207690169526,0.27101003319590317
c3_w2_tcop_cm1_states_L0.4_km0_7599_up0_1000_s42,cm1,stageB,-0.35,-0.7599,0.1,,42,15,0.0,0,False,BLOCK_15_PARTIAL_CYCLE,0.41971200000000003,0.0014558905678237596,-0.031502284208441755,-0.34999882961319734,0.4308288174625485,0.24109702343514292,0.21508856534242235,0.0,0.23769378430958837,0.5876926139227857,0.3753914097307211,0.27846149414770466
c3_w2_tcop_cm1_states_L0.4_km0_7599_up0_1000_s137,cm1,stageB,-0.35,-0.7599,0.1,,137,0,0.0,0,False,PRE_PRIMARY_INCOMPLETE_CYCLE,0.411776,0.0051685255207489225,-0.04166965814358994,-0.34999882961319734,0.43388226986550105,0.2409142666725239,0.21508856534242235,0.0,0.23769378430958837,0.5876926139227857,0.38427543953732873,0.27935693948497786
c3_w2_tcop_cm1_states_L0.4_km0_7599_up0_1000_s137,cm1,stageB,-0.35,-0.7599,0.1,,137,1,0.05,1,False,PRE_PRIMARY_INCOMPLETE_CYCLE,0.42342399999999997,0.003638566104440599,-0.04937110487482357,-0.3528807025224652,0.44157713850683533,0.24236422656384682,0.21902665609697547,0.0,0.2468720201325735,0.5997527226550387,0.3841494355130715,0.2719182817364587
c3_w2_tcop_cm1_states_L0.4_km0_7599_up0_1000_s137,cm1,stageB,-0.35,-0.7599,0.1,,137,2,0.1,2,False,PRE_PRIMARY_INCOMPLETE_CYCLE,0.4280799999999999,0.0051724960710534985,-0.04893593149141106,-0.3554076391166287,0.45200102714201457,0.24343995084591752,0.2227927445696807,0.0,0.25628551126034343,0.6116931503769721,0.3795476547361561,0.26765733669250463
c3_w2_tcop_cm1_states_L0.4_km0_7599_up0_1000_s137,cm1,stageB,-0.35,-0.7599,0.1,,137,3,0.0,0,True,,0.419392,0.005181493952461389,-0.04961390481437412,-0.34999882961319734,0.4309480057172729,0.24112255142786115,0.21508856534242235,0.0,0.23769378430958837,0.5876926139227857,0.38385702603631083,0.2746892646589034
c3_w2_tcop_cm1_states_L0.4_km0_7599_up0_1000_s137,cm1,stageB,-0.35,-0.7599,0.1,,137,4,0.05,1,True,,0.423824,0.0063204833999717025,-0.05688369537039151,-0.3528807025224652,0.44143114658412097,0.24232693055798485,0.21902665609697547,0.0,0.2468720201325735,0.5997527226550387,0.39144938613291613,0.2751937959647173
c3_w2_tcop_cm1_states_L0.4_km0_7599_up0_1000_s137,cm1,stageB,-0.35,-0.7599,0.1,,137,5,0.1,2,True,,0.428848,0.009315854066695318,-0.03903409358566121,-0.3554076391166287,0.45172603377772275,0.2433393210292076,0.2227927445696807,0.0,0.25628551126034343,0.6116931503769721,0.38972426590820347,0.2714507101334621
c3_w2_tcop_cm1_states_L0.4_km0_7599_up0_1000_s137,cm1,stageB,-0.35,-0.7599,0.1,,137,6,0.0,0,True,,0.41854399999999997,0.003924303294036159,-0.05010327363489964,-0.34999882961319734,0.43127609471450296,0.2411384899064615,0.21508856534242235,0.0,0.23769378430958837,0.5876926139227857,0.3791456262373826,0.26912597452527387
c3_w2_tcop_cm1_states_L0.4_km0_7599_up0_1000_s137,cm1,stageB,-0.35,-0.7599,0.1,,137,7,0.05,1,True,,0.42379200000000006,0.004724829258938524,-0.040845986764477565,-0.3528807025224652,0.4414315528621606,0.24236472906946066,0.21902665609697547,0.0,0.2468720201325735,0.5997527226550387,0.38351168845692807,0.27572149796692125
c3_w2_tcop_cm1_states_L0.4_km0_7599_up0_1000_s137,cm1,stageB,-0.35,-0.7599,0.1,,137,8,0.1,2,True,,0.42859200000000003,0.004363675517251252,-0.04608973630993116,-0.3554076391166287,0.4518179986891781,0.2433696552257092,0.2227927445696807,0.0,0.25628551126034343,0.6116931503769721,0.3852671259709199,0.2721171663033143
c3_w2_tcop_cm1_states_L0.4_km0_7599_up0_1000_s137,cm1,stageB,-0.35,-0.7599,0.1,,137,9,0.0,0,True,,0.4188319999999999,0.007427929639459109,-0.02936783249366446,-0.34999882961319734,0.43118538456165334,0.24105666712896517,0.21508856534242235,0.0,0.23769378430958837,0.5876926139227857,0.3925041072839141,0.28035640263203665
c3_w2_tcop_cm1_states_L0.4_km0_7599_up0_1000_s137,cm1,stageB,-0.35,-0.7599,0.1,,137,10,0.05,1,True,,0.424336,0.0031308958575256367,-0.03460798839109234,-0.3528807025224652,0.4412228405790877,0.24239122559831436,0.21902665609697547,0.0,0.2468720201325735,0.5997527226550387,0.37460498266908326,0.26613149300578215
c3_w2_tcop_cm1_states_L0.4_km0_7599_up0_1000_s137,cm1,stageB,-0.35,-0.7599,0.1,,137,11,0.1,2,True,,0.42894400000000005,0.006836190598900964,-0.042874968641401945,-0.3554076391166287,0.45168884182806257,0.24335662676922296,0.2227927445696807,0.0,0.25628551126034343,0.6116931503769721,0.39068594272983015,0.2705200619003558
c3_w2_tcop_cm1_states_L0.4_km0_7599_up0_1000_s137,cm1,stageB,-0.35,-0.7599,0.1,,137,12,0.0,0,True,,0.419744,0.001886006564008655,-0.04375661043663592,-0.34999882961319734,0.4308230211892604,0.24109440588166783,0.21508856534242235,0.0,0.23769378430958837,0.5876926139227857,0.3753082150558018,0.2717818366488629
c3_w2_tcop_cm1_states_L0.4_km0_7599_up0_1000_s137,cm1,stageB,-0.35,-0.7599,0.1,,137,13,0.05,1,True,,0.422128,0.004694399221518564,-0.044146580696010115,-0.3528807025224652,0.4420583157430872,0.24241359909073623,0.21902665609697547,0.0,0.2468720201325735,0.5997527226550387,0.38356887171628934,0.2739103689977354
c3_w2_tcop_cm1_states_L0.4_km0_7599_up0_1000_s137,cm1,stageB,-0.35,-0.7599,0.1,,137,14,0.1,2,True,,0.42995199999999995,0.006214896032185907,-0.040149979014697044,-0.3554076391166287,0.4513218749308727,0.24329064814408902,0.2227927445696807,0.0,0.25628551126034343,0.6116931503769721,0.3882446850013861,0.27175035499444744
c3_w2_tcop_cm1_states_L0.4_km0_7599_up0_1000_s137,cm1,stageB,-0.35,-0.7599,0.1,,137,15,0.0,0,False,BLOCK_15_PARTIAL_CYCLE,0.418016,0.0011842771939366877,-0.01952961996185941,-0.34999882961319734,0.43146252033796706,0.24116135275317363,0.21508856534242235,0.0,0.23769378430958837,0.5876926139227857,0.3776740290064015,0.2804921787805886
c3_w2_tcop_cm1_states_L0.4_km0_7599_up0_1000_s256,cm1,stageB,-0.35,-0.7599,0.1,,256,0,0.0,0,False,PRE_PRIMARY_INCOMPLETE_CYCLE,0.4104320000000001,0.007587096906162865,-0.04047950144629207,-0.34999882961319734,0.43439082963007314,0.24092352963019767,0.21508856534242235,0.0,0.23769378430958837,0.5876926139227857,0.3915467587676764,0.28301873069951067
c3_w2_tcop_cm1_states_L0.4_km0_7599_up0_1000_s256,cm1,stageB,-0.35,-0.7599,0.1,,256,1,0.05,1,False,PRE_PRIMARY_INCOMPLETE_CYCLE,0.42497599999999996,0.0016141385744751825,-0.04032659311346978,-0.3528807025224652,0.44099898101200913,0.2423022792652051,0.21902665609697547,0.0,0.2468720201325735,0.5997527226550387,0.3754546149234714,0.27110670085681676
c3_w2_tcop_cm1_states_L0.4_km0_7599_up0_1000_s256,cm1,stageB,-0.35,-0.7599,0.1,,256,2,0.1,2,False,PRE_PRIMARY_INCOMPLETE_CYCLE,0.43232,0.004884891134621591,-0.04568953662268011,-0.3554076391166287,0.4504263135556718,0.24328677158244322,0.2227927445696807,0.0,0.25628551126034343,0.6116931503769721,0.387096860443925,0.27421301346902
c3_w2_tcop_cm1_states_L0.4_km0_7599_up0_1000_s256,cm1,stageB,-0.35,-0.7599,0.1,,256,3,0.0,0,True,,0.421168,0.005474527233780125,-0.0412311459756208,-0.34999882961319734,0.430319596254369,0.24096159597455832,0.21508856534242235,0.0,0.23769378430958837,0.5876926139227857,0.3859411836096319,0.27784105363869666
c3_w2_tcop_cm1_states_L0.4_km0_7599_up0_1000_s256,cm1,stageB,-0.35,-0.7599,0.1,,256,4,0.05,1,True,,0.423936,0.007730090784411074,-0.03430584189875646,-0.3528807025224652,0.4414047879469986,0.24226684181580502,0.21902665609697547,0.0,0.2468720201325735,0.5997527226550387,0.39060071842000754,0.27476954204646975
c3_w2_tcop_cm1_states_L0.4_km0_7599_up0_1000_s256,cm1,stageB,-0.35,-0.7599,0.1,,256,5,0.1,2,True,,0.426768,0.007971886570706846,-0.05452063779277889,-0.3554076391166287,0.45249797288584925,0.243405528690018,0.2227927445696807,0.0,0.25628551126034343,0.6116931503769721,0.39153661268793677,0.27606892285429496
c3_w2_tcop_cm1_states_L0.4_km0_7599_up0_1000_s256,cm1,stageB,-0.35,-0.7599,0.1,,256,6,0.0,0,True,,0.417472,-0.001554252353838203,-0.05132415668456708,-0.34999882961319734,0.43165138379356544,0.2412319215560103,0.21508856534242235,0.0,0.23769378430958837,0.5876926139227857,0.3675041146028595,0.2754253955361005
c3_w2_tcop_cm1_states_L0.4_km0_7599_up0_1000_s256,cm1,stageB,-0.35,-0.7599,0.1,,256,7,0.05,1,True,,0.42568000000000006,0.00539794212962456,-0.038407274841701894,-0.3528807025224652,0.44074852814561816,0.2422233689692652,0.21902665609697547,0.0,0.2468720201325735,0.5997527226550387,0.3869762889360452,0.279139892522352
c3_w2_tcop_cm1_states_L0.4_km0_7599_up0_1000_s256,cm1,stageB,-0.35,-0.7599,0.1,,256,8,0.1,2,True,,0.43144,0.008976785612112664,-0.042002460770353495,-0.3554076391166287,0.450771510303504,0.24326347815545554,0.2227927445696807,0.0,0.25628551126034343,0.6116931503769721,0.3919346761152947,0.2724732781573269
c3_w2_tcop_cm1_states_L0.4_km0_7599_up0_1000_s256,cm1,stageB,-0.35,-0.7599,0.1,,256,9,0.0,0,True,,0.420288,0.0016450996823553392,-0.03392501932720387,-0.34999882961319734,0.43062617394900704,0.24106733359332974,0.21508856534242235,0.0,0.23769378430958837,0.5876926139227857,0.37765181150900234,0.2705353586830093
c3_w2_tcop_cm1_states_L0.4_km0_7599_up0_1000_s256,cm1,stageB,-0.35,-0.7599,0.1,,256,10,0.05,1,True,,0.423408,0.0015531583504876214,-0.04031382378750025,-0.3528807025224652,0.4415751545445697,0.2423870429721625,0.21902665609697547,0.0,0.2468720201325735,0.5997527226550387,0.3768559604983411,0.27185050375441183
c3_w2_tcop_cm1_states_L0.4_km0_7599_up0_1000_s256,cm1,stageB,-0.35,-0.7599,0.1,,256,11,0.1,2,True,,0.43008,0.004040353434032313,-0.04180092237171692,-0.3554076391166287,0.4512603089745472,0.24334389839117448,0.2227927445696807,0.0,0.25628551126034343,0.6116931503769721,0.3793046381822417,0.2704767808202643
c3_w2_tcop_cm1_states_L0.4_km0_7599_up0_1000_s256,cm1,stageB,-0.35,-0.7599,0.1,,256,12,0.0,0,True,,0.4180479999999999,0.0032482542954495267,-0.04477814451332394,-0.34999882961319734,0.4314556731249512,0.24113857827086946,0.21508856534242235,0.0,0.23769378430958837,0.5876926139227857,0.3802212583540955,0.27782956746588183
c3_w2_tcop_cm1_states_L0.4_km0_7599_up0_1000_s256,cm1,stageB,-0.35,-0.7599,0.1,,256,13,0.05,1,True,,0.42272000000000004,0.011520085730635095,-0.04053969854369757,-0.3528807025224652,0.44186176660621934,0.24229596564752917,0.21902665609697547,0.0,0.2468720201325735,0.5997527226550387,0.40159398448064165,0.28020517576686105
c3_w2_tcop_cm1_states_L0.4_km0_7599_up0_1000_s256,cm1,stageB,-0.35,-0.7599,0.1,,256,14,0.1,2,True,,0.42931199999999997,0.0019127905697091253,-0.025492965863056653,-0.3554076391166287,0.4515265349941989,0.24346564427256662,0.2227927445696807,0.0,0.25628551126034343,0.6116931503769721,0.37107047632536927,0.26330814522109275
c3_w2_tcop_cm1_states_L0.4_km0_7599_up0_1000_s256,cm1,stageB,-0.35,-0.7599,0.1,,256,15,0.0,0,False,BLOCK_15_PARTIAL_CYCLE,0.41870399999999997,0.004824604726833317,-0.04252526231304798,-0.34999882961319734,0.43121960089957767,0.24109144528803841,0.21508856534242235,0.0,0.23769378430958837,0.5876926139227857,0.3831272260784359,0.2766149276011144
c3_w2_tcop_cm1_states_L0.4_km0_7599_up0_1000_s1024,cm1,stageB,-0.35,-0.7599,0.1,,1024,0,0.0,0,False,PRE_PRIMARY_INCOMPLETE_CYCLE,0.41124799999999995,0.0015644256029031473,-0.052577126816864495,-0.34999882961319734,0.43406597740466196,0.24095497652281708,0.21508856534242235,0.0,0.23769378430958837,0.5876926139227857,0.37958482472571375,0.27940745811382134
c3_w2_tcop_cm1_states_L0.4_km0_7599_up0_1000_s1024,cm1,stageB,-0.35,-0.7599,0.1,,1024,1,0.05,1,False,PRE_PRIMARY_INCOMPLETE_CYCLE,0.42407999999999996,0.005145032709087841,-0.054363535986998404,-0.3528807025224652,0.4413382138797074,0.24231393098926304,0.21902665609697547,0.0,0.2468720201325735,0.5997527226550387,0.3854909569169845,0.27611155513501334
c3_w2_tcop_cm1_states_L0.4_km0_7599_up0_1000_s1024,cm1,stageB,-0.35,-0.7599,0.1,,1024,2,0.1,2,False,PRE_PRIMARY_INCOMPLETE_CYCLE,0.42816000000000004,0.006027279131098641,-0.03743656619204585,-0.3554076391166287,0.4519748365892905,0.2434143098754327,0.2227927445696807,0.0,0.25628551126034343,0.6116931503769721,0.38722122753673155,0.27052776329335076
c3_w2_tcop_cm1_states_L0.4_km0_7599_up0_1000_s1024,cm1,stageB,-0.35,-0.7599,0.1,,1024,3,0.0,0,True,,0.41881599999999997,0.005598066826600728,-0.038081333792754364,-0.34999882961319734,0.43118148880177737,0.2410960366630716,0.21508856534242235,0.0,0.23769378430958837,0.5876926139227857,0.38758465919469726,0.27589279325603755
c3_w2_tcop_cm1_states_L0.4_km0_7599_up0_1000_s1024,cm1,stageB,-0.35,-0.7599,0.1,,1024,4,0.05,1,True,,0.425488,0.00595851144892468,-0.03989837299950747,-0.3528807025224652,0.44082528069045207,0.24224685055406064,0.21902665609697547,0.0,0.2468720201325735,0.5997527226550387,0.3834038392278238,0.267480160397091
c3_w2_tcop_cm1_states_L0.4_km0_7599_up0_1000_s1024,cm1,stageB,-0.35,-0.7599,0.1,,1024,5,0.1,2,True,,0.430064,0.003935081355257808,-0.05028145218718578,-0.3554076391166287,0.45125612471355053,0.24338298708184547,0.2227927445696807,0.0,0.25628551126034343,0.6116931503769721,0.3816161062215737,0.27282885477761865
c3_w2_tcop_cm1_states_L0.4_km0_7599_up0_1000_s1024,cm1,stageB,-0.35,-0.7599,0.1,,1024,6,0.0,0,True,,0.422816,0.0022178378042685726,-0.04055897316945299,-0.34999882961319734,0.4297160744234024,0.24089915258211694,0.21508856534242235,0.0,0.23769378430958837,0.5876926139227857,0.376186799084035,0.2699755964195042
c3_w2_tcop_cm1_states_L0.4_km0_7599_up0_1000_s1024,cm1,stageB,-0.35,-0.7599,0.1,,1024,7,0.05,1,True,,0.4222560000000001,0.005142996132944595,-0.03144377609612091,-0.3528807025224652,0.4420030019535342,0.2424234615095834,0.21902665609697547,0.0,0.2468720201325735,0.5997527226550387,0.3825914234437293,0.2707404787412502
c3_w2_tcop_cm1_states_L0.4_km0_7599_up0_1000_s1024,cm1,stageB,-0.35,-0.7599,0.1,,1024,8,0.1,2,True,,0.42633599999999994,0.004037540363971973,-0.036211283129172385,-0.3554076391166287,0.4526553944375195,0.24345204623103828,0.2227927445696807,0.0,0.25628551126034343,0.6116931503769721,0.3841080545630467,0.27145348769470823
c3_w2_tcop_cm1_states_L0.4_km0_7599_up0_1000_s1024,cm1,stageB,-0.35,-0.7599,0.1,,1024,9,0.0,0,True,,0.41847999999999996,0.0009283573830559042,-0.043743110789775996,-0.34999882961319734,0.4312932943330933,0.24114642179386994,0.21508856534242235,0.0,0.23769378430958837,0.5876926139227857,0.37818276637945625,0.277713617994539
c3_w2_tcop_cm1_states_L0.4_km0_7599_up0_1000_s1024,cm1,stageB,-0.35,-0.7599,0.1,,1024,10,0.05,1,True,,0.424016,0.006111895850688404,-0.04695678714999608,-0.3528807025224652,0.44135654682048014,0.24232346431516125,0.21902665609697547,0.0,0.2468720201325735,0.5997527226550387,0.3891891724280888,0.27590149466069347
c3_w2_tcop_cm1_states_L0.4_km0_7599_up0_1000_s1024,cm1,stageB,-0.35,-0.7599,0.1,,1024,11,0.1,2,True,,0.429584,0.0061309780992335906,-0.039276740303551466,-0.3554076391166287,0.45145443207967134,0.2433248660377063,0.2227927445696807,0.0,0.25628551126034343,0.6116931503769721,0.38822290022243733,0.27305375638581486
c3_w2_tcop_cm1_states_L0.4_km0_7599_up0_1000_s1024,cm1,stageB,-0.35,-0.7599,0.1,,1024,12,0.0,0,True,,0.4183200000000001,0.004317624988908573,-0.05938118215313329,-0.34999882961319734,0.4313575411307553,0.2411351788967799,0.21508856534242235,0.0,0.23769378430958837,0.5876926139227857,0.38175576716328097,0.2742970522813785
c3_w2_tcop_cm1_states_L0.4_km0_7599_up0_1000_s1024,cm1,stageB,-0.35,-0.7599,0.1,,1024,13,0.05,1,True,,0.42664,0.003205312326739623,-0.06836659251223348,-0.3528807025224652,0.44039176299345306,0.24221282581738737,0.21902665609697547,0.0,0.2468720201325735,0.5997527226550387,0.376253424825343,0.2711635048054511
c3_w2_tcop_cm1_states_L0.4_km0_7599_up0_1000_s1024,cm1,stageB,-0.35,-0.7599,0.1,,1024,14,0.1,2,True,,0.43129599999999996,0.004679754104477644,-0.03845096737125186,-0.3554076391166287,0.4508156086593316,0.2432695878712769,0.2227927445696807,0.0,0.25628551126034343,0.6116931503769721,0.38488161630592316,0.27492431869978096
c3_w2_tcop_cm1_states_L0.4_km0_7599_up0_1000_s1024,cm1,stageB,-0.35,-0.7599,0.1,,1024,15,0.0,0,False,BLOCK_15_PARTIAL_CYCLE,0.41907199999999994,0.0056484928414493665,-0.04033924988137058,-0.34999882961319734,0.4310732020975541,0.24111106957851555,0.21508856534242235,0.0,0.23769378430958837,0.5876926139227857,0.3842837037529164,0.2765802481727557
c3_w2_tcop_cm1_states_L0.4_km0_7599_up0_1000_s31415,cm1,stageB,-0.35,-0.7599,0.1,,31415,0,0.0,0,False,PRE_PRIMARY_INCOMPLETE_CYCLE,0.406064,-8.14718660053572e-05,-0.027759710928637448,-0.34999882961319734,0.4359595419298931,0.24124111094551162,0.21508856534242235,0.0,0.23769378430958837,0.5876926139227857,0.3737706159517624,0.27772679001158873
c3_w2_tcop_cm1_states_L0.4_km0_7599_up0_1000_s31415,cm1,stageB,-0.35,-0.7599,0.1,,31415,1,0.05,1,False,PRE_PRIMARY_INCOMPLETE_CYCLE,0.422192,0.004316135452524511,-0.03117052107911254,-0.3528807025224652,0.44202054329615587,0.24245449985166984,0.21902665609697547,0.0,0.2468720201325735,0.5997527226550387,0.38243437306677414,0.27135811636457274
c3_w2_tcop_cm1_states_L0.4_km0_7599_up0_1000_s31415,cm1,stageB,-0.35,-0.7599,0.1,,31415,2,0.1,2,False,PRE_PRIMARY_INCOMPLETE_CYCLE,0.430272,0.006141040117259097,-0.0492348661024473,-0.3554076391166287,0.4511876339519812,0.24336542175245224,0.2227927445696807,0.0,0.25628551126034343,0.6116931503769721,0.38890365134199906,0.2723153105284122
c3_w2_tcop_cm1_states_L0.4_km0_7599_up0_1000_s31415,cm1,stageB,-0.35,-0.7599,0.1,,31415,3,0.0,0,True,,0.418192,5.4540588759377924e-05,-0.04342736457130001,-0.34999882961319734,0.4314001048377479,0.24116411939492893,0.21508856534242235,0.0,0.23769378430958837,0.5876926139227857,0.37331576475203937,0.2725684697365948
c3_w2_tcop_cm1_states_L0.4_km0_7599_up0_1000_s31415,cm1,stageB,-0.35,-0.7599,0.1,,31415,4,0.05,1,True,,0.42436799999999997,0.005762433601844055,-0.05565311760903329,-0.3528807025224652,0.44124043524274,0.24226418688776724,0.21902665609697547,0.0,0.2468720201325735,0.5997527226550387,0.38651041540920494,0.2739810524210113
c3_w2_tcop_cm1_states_L0.4_km0_7599_up0_1000_s31415,cm1,stageB,-0.35,-0.7599,0.1,,31415,5,0.1,2,True,,0.427488,0.006328250931285849,-0.03670402323798648,-0.3554076391166287,0.45222584519405734,0.2433752184811398,0.2227927445696807,0.0,0.25628551126034343,0.6116931503769721,0.3873686539184109,0.2763383576095676
c3_w2_tcop_cm1_states_L0.4_km0_7599_up0_1000_s31415,cm1,stageB,-0.35,-0.7599,0.1,,31415,6,0.0,0,True,,0.418704,0.006576549480663947,-0.04044265981166724,-0.34999882961319734,0.43124416576531543,0.24102402675511625,0.21508856534242235,0.0,0.23769378430958837,0.5876926139227857,0.3890989554597982,0.28015035798091126
c3_w2_tcop_cm1_states_L0.4_km0_7599_up0_1000_s31415,cm1,stageB,-0.35,-0.7599,0.1,,31415,7,0.05,1,True,,0.42385599999999996,0.002562018856851261,-0.0564678660596901,-0.3528807025224652,0.4414155254757388,0.2423515568675794,0.21902665609697547,0.0,0.2468720201325735,0.5997527226550387,0.3801220506288036,0.2742258026937164
c3_w2_tcop_cm1_states_L0.4_km0_7599_up0_1000_s31415,cm1,stageB,-0.35,-0.7599,0.1,,31415,8,0.1,2,True,,0.428336,0.009160631810429537,-0.041753708845640926,-0.3554076391166287,0.45191474474160354,0.2433623571577305,0.2227927445696807,0.0,0.25628551126034343,0.6116931503769721,0.3913268548541076,0.27363514285783636
c3_w2_tcop_cm1_states_L0.4_km0_7599_up0_1000_s31415,cm1,stageB,-0.35,-0.7599,0.1,,31415,9,0.0,0,True,,0.416864,0.0039053299944200744,-0.044986190482008734,-0.34999882961319734,0.43190136500877163,0.24118743550556415,0.21508856534242235,0.0,0.23769378430958837,0.5876926139227857,0.3848742228197326,0.2771569938946805
c3_w2_tcop_cm1_states_L0.4_km0_7599_up0_1000_s31415,cm1,stageB,-0.35,-0.7599,0.1,,31415,10,0.05,1,True,,0.424944,0.004235470874207026,-0.04227405916271681,-0.3528807025224652,0.4410231371054555,0.2422851795865684,0.21902665609697547,0.0,0.2468720201325735,0.5997527226550387,0.3876262611248103,0.2772925107414664
c3_w2_tcop_cm1_states_L0.4_km0_7599_up0_1000_s31415,cm1,stageB,-0.35,-0.7599,0.1,,31415,11,0.1,2,True,,0.4278079999999999,0.007590649203180513,-0.043211714489863655,-0.3554076391166287,0.4520953640265278,0.2434345491729919,0.2227927445696807,0.0,0.25628551126034343,0.6116931503769721,0.3897761575048776,0.27600993912171295
c3_w2_tcop_cm1_states_L0.4_km0_7599_up0_1000_s31415,cm1,stageB,-0.35,-0.7599,0.1,,31415,12,0.0,0,True,,0.41913599999999995,0.0012698051518462577,-0.033730543286031,-0.34999882961319734,0.43105183618808085,0.24108998654479022,0.21508856534242235,0.0,0.23769378430958837,0.5876926139227857,0.37944893832768334,0.27952319013272925
c3_w2_tcop_cm1_states_L0.4_km0_7599_up0_1000_s31415,cm1,stageB,-0.35,-0.7599,0.1,,31415,13,0.05,1,True,,0.424192,-0.0008608212701506545,-0.05343941231691836,-0.3528807025224652,0.4412689377310448,0.24239185381283448,0.21902665609697547,0.0,0.2468720201325735,0.5997527226550387,0.37182220505151276,0.27039668414938284
c3_w2_tcop_cm1_states_L0.4_km0_7599_up0_1000_s31415,cm1,stageB,-0.35,-0.7599,0.1,,31415,14,0.1,2,True,,0.4292799999999999,0.0068636099176470735,-0.044049654015041344,-0.3554076391166287,0.4515650761836356,0.24333214571792472,0.2227927445696807,0.0,0.25628551126034343,0.6116931503769721,0.38286090244358156,0.27240580988544116
c3_w2_tcop_cm1_states_L0.4_km0_7599_up0_1000_s31415,cm1,stageB,-0.35,-0.7599,0.1,,31415,15,0.0,0,False,BLOCK_15_PARTIAL_CYCLE,0.422192,0.0019504787203458536,-0.0546707173666486,-0.34999882961319734,0.4299341811743324,0.24095303881393917,0.21508856534242235,0.0,0.23769378430958837,0.5876926139227857,0.38044775219405996,0.2775733247776472
c3_w2_tcop_cm1_states_L0.4_km0_7599_up0_2500_s42,cm1,stageB,-0.35,-0.7599,0.25,,42,0,0.0,0,False,PRE_PRIMARY_INCOMPLETE_CYCLE,0.4094879999999999,0.00426420791431271,-0.03258314008282069,-0.34999882961319734,0.4347094018760262,0.24107233275065787,0.21508856534242235,0.0,0.23769378430958837,0.5876926139227857,0.3860685773187394,0.27816584031968383
c3_w2_tcop_cm1_states_L0.4_km0_7599_up0_2500_s42,cm1,stageB,-0.35,-0.7599,0.25,,42,1,0.125,1,False,PRE_PRIMARY_INCOMPLETE_CYCLE,0.43116800000000005,0.002964470503264334,-0.05518089129948906,-0.3565348716385981,0.4569500973193473,0.24385879356117313,0.22460642042601414,0.0,0.2610795522037088,0.6176144238423069,0.3802685393196974,0.2676412650076658
c3_w2_tcop_cm1_states_L0.4_km0_7599_up0_2500_s42,cm1,stageB,-0.35,-0.7599,0.25,,42,2,0.25,2,False,PRE_PRIMARY_INCOMPLETE_CYCLE,0.443568,0.004857669762549699,-0.04677028619895228,-0.3607670569522415,0.4829267296839836,0.24528866323715942,0.23290568955545704,0.0,0.28590322598609713,0.6466702829383386,0.38820904252327226,0.2707655986847905
c3_w2_tcop_cm1_states_L0.4_km0_7599_up0_2500_s42,cm1,stageB,-0.35,-0.7599,0.25,,42,3,0.0,0,True,,0.42078400000000005,0.003427280907021244,-0.05907097860098301,-0.34999882961319734,0.43045819524314943,0.24101202986869694,0.21508856534242235,0.0,0.23769378430958837,0.5876926139227857,0.3813333141099212,0.27043383833113027
c3_w2_tcop_cm1_states_L0.4_km0_7599_up0_2500_s42,cm1,stageB,-0.35,-0.7599,0.25,,42,4,0.125,1,True,,0.43281600000000003,0.010491740783550373,-0.04403698589195417,-0.3565348716385981,0.45635573583399264,0.24370582025329587,0.22460642042601414,0.0,0.2610795522037088,0.6176144238423069,0.3996710482795878,0.27652222701773893
c3_w2_tcop_cm1_states_L0.4_km0_7599_up0_2500_s42,cm1,stageB,-0.35,-0.7599,0.25,,42,5,0.25,2,True,,0.44649600000000006,0.008376738960795452,-0.03895980549747027,-0.3607670569522415,0.4818304839263563,0.2452431028811727,0.23290568955545704,0.0,0.28590322598609713,0.6466702829383386,0.3922242546684581,0.2652611886088428
c3_w2_tcop_cm1_states_L0.4_km0_7599_up0_2500_s42,cm1,stageB,-0.35,-0.7599,0.25,,42,6,0.0,0,True,,0.418944,0.003923893344146199,-0.04078472493705836,-0.34999882961319734,0.43112196031727223,0.24112215571634762,0.21508856534242235,0.0,0.23769378430958837,0.5876926139227857,0.3827228225760205,0.27816759528265134
c3_w2_tcop_cm1_states_L0.4_km0_7599_up0_2500_s42,cm1,stageB,-0.35,-0.7599,0.25,,42,7,0.125,1,True,,0.43328000000000005,0.006807623722029905,-0.05127973032900535,-0.3565348716385981,0.45617238681992456,0.24375411973345776,0.22460642042601414,0.0,0.2610795522037088,0.6176144238423069,0.38543623056887094,0.27121737502391347
c3_w2_tcop_cm1_states_L0.4_km0_7599_up0_2500_s42,cm1,stageB,-0.35,-0.7599,0.25,,42,8,0.25,2,True,,0.44454399999999994,0.006437338867826457,-0.026642939807613338,-0.3607670569522415,0.4825581134597853,0.2452984972262682,0.23290568955545704,0.0,0.28590322598609713,0.6466702829383386,0.38897504509169,0.2667453724079365
c3_w2_tcop_cm1_states_L0.4_km0_7599_up0_2500_s42,cm1,stageB,-0.35,-0.7599,0.25,,42,9,0.0,0,True,,0.42052799999999996,0.005452635580692571,-0.031482718210143035,-0.34999882961319734,0.4305489088215911,0.2410125684268558,0.21508856534242235,0.0,0.23769378430958837,0.5876926139227857,0.3858456396366817,0.2774025455944554
c3_w2_tcop_cm1_states_L0.4_km0_7599_up0_2500_s42,cm1,stageB,-0.35,-0.7599,0.25,,42,10,0.125,1,True,,0.43168,0.007635126585310381,-0.04875302366064514,-0.3565348716385981,0.45676399822256036,0.24376916834668805,0.22460642042601414,0.0,0.2610795522037088,0.6176144238423069,0.3898700381883007,0.27219089102079663
c3_w2_tcop_cm1_states_L0.4_km0_7599_up0_2500_s42,cm1,stageB,-0.35,-0.7599,0.25,,42,11,0.25,2,True,,0.44393599999999994,0.006224986662624067,-0.045751766683805824,-0.3607670569522415,0.48278006674211926,0.2453006691187134,0.23290568955545704,0.0,0.28590322598609713,0.6466702829383386,0.390362365839749,0.27132906710149995
c3_w2_tcop_cm1_states_L0.4_km0_7599_up0_2500_s42,cm1,stageB,-0.35,-0.7599,0.25,,42,12,0.0,0,True,,0.421328,0.0035354823648856364,-0.039402831106318086,-0.34999882961319734,0.4302726117415902,0.24092695446460588,0.21508856534242235,0.0,0.23769378430958837,0.5876926139227857,0.3789501698013619,0.27851531712449573
c3_w2_tcop_cm1_states_L0.4_km0_7599_up0_2500_s42,cm1,stageB,-0.35,-0.7599,0.25,,42,13,0.125,1,True,,0.431344,-0.0009407677355703942,-0.05730386397362497,-0.3565348716385981,0.45688211577494936,0.24386364650280146,0.22460642042601414,0.0,0.2610795522037088,0.6176144238423069,0.373036696032191,0.27001531483977326
c3_w2_tcop_cm1_states_L0.4_km0_7599_up0_2500_s42,cm1,stageB,-0.35,-0.7599,0.25,,42,14,0.25,2,True,,0.44472,0.006172658001154789,-0.029624796034198746,-0.3607670569522415,0.4824946319418651,0.24529816420257156,0.23290568955545704,0.0,0.28590322598609713,0.6466702829383386,0.3851710213834677,0.2655070784516776
c3_w2_tcop_cm1_states_L0.4_km0_7599_up0_2500_s42,cm1,stageB,-0.35,-0.7599,0.25,,42,15,0.0,0,False,BLOCK_15_PARTIAL_CYCLE,0.42035199999999995,0.0015363857362093271,-0.030890256049264087,-0.34999882961319734,0.43059768760282446,0.2410587428071608,0.21508856534242235,0.0,0.23769378430958837,0.5876926139227857,0.3752981789789073,0.2778189854732881
c3_w2_tcop_cm1_states_L0.4_km0_7599_up0_2500_s137,cm1,stageB,-0.35,-0.7599,0.25,,137,0,0.0,0,False,PRE_PRIMARY_INCOMPLETE_CYCLE,0.411776,0.0051685255207489225,-0.04166965814358994,-0.34999882961319734,0.43388226986550105,0.2409142666725239,0.21508856534242235,0.0,0.23769378430958837,0.5876926139227857,0.38427543953732873,0.27935693948497786
c3_w2_tcop_cm1_states_L0.4_km0_7599_up0_2500_s137,cm1,stageB,-0.35,-0.7599,0.25,,137,1,0.125,1,False,PRE_PRIMARY_INCOMPLETE_CYCLE,0.431168,0.00450810574127872,-0.04961771635892892,-0.3565348716385981,0.4569544183393323,0.24383592869193002,0.22460642042601414,0.0,0.2610795522037088,0.6176144238423069,0.38390611319488777,0.2682471987415821
c3_w2_tcop_cm1_states_L0.4_km0_7599_up0_2500_s137,cm1,stageB,-0.35,-0.7599,0.25,,137,2,0.25,2,False,PRE_PRIMARY_INCOMPLETE_CYCLE,0.444208,0.007198731178784173,-0.04679191571791505,-0.3607670569522415,0.48268721184291247,0.24529484614014246,0.23290568955545704,0.0,0.28590322598609713,0.6466702829383386,0.3849548716019018,0.26160865815709544
c3_w2_tcop_cm1_states_L0.4_km0_7599_up0_2500_s137,cm1,stageB,-0.35,-0.7599,0.25,,137,3,0.0,0,True,,0.419968,0.00516849250764731,-0.048730457073135405,-0.34999882961319734,0.430738589274259,0.241091664219482,0.21508856534242235,0.0,0.23769378430958837,0.5876926139227857,0.3841696911914477,0.27397902785210027
c3_w2_tcop_cm1_states_L0.4_km0_7599_up0_2500_s137,cm1,stageB,-0.35,-0.7599,0.25,,137,4,0.125,1,True,,0.43188799999999994,0.006417523549892329,-0.05708292009292248,-0.3565348716385981,0.4566824821982147,0.2438020963867817,0.22460642042601414,0.0,0.2610795522037088,0.6176144238423069,0.39174301950189994,0.2729567143368415
c3_w2_tcop_cm1_states_L0.4_km0_7599_up0_2500_s137,cm1,stageB,-0.35,-0.7599,0.25,,137,5,0.25,2,True,,0.44532799999999995,0.009303455465018803,-0.04379933044305257,-0.3607670569522415,0.4822661860850282,0.24524368844705077,0.23290568955545704,0.0,0.28590322598609713,0.6466702829383386,0.3899263573763562,0.2654850790615289
c3_w2_tcop_cm1_states_L0.4_km0_7599_up0_2500_s137,cm1,stageB,-0.35,-0.7599,0.25,,137,6,0.0,0,True,,0.419088,0.0037339318832646158,-0.050542382124733484,-0.34999882961319734,0.4310767511124314,0.2411109989781675,0.21508856534242235,0.0,0.23769378430958837,0.5876926139227857,0.37853660638179565,0.26902721214904907
c3_w2_tcop_cm1_states_L0.4_km0_7599_up0_2500_s137,cm1,stageB,-0.35,-0.7599,0.25,,137,7,0.125,1,True,,0.43207999999999996,0.005679900657683595,-0.04011558657541705,-0.3565348716385981,0.4566094084134016,0.24381313329275076,0.22460642042601414,0.0,0.2610795522037088,0.6176144238423069,0.38530859766048303,0.2730777962032717
c3_w2_tcop_cm1_states_L0.4_km0_7599_up0_2500_s137,cm1,stageB,-0.35,-0.7599,0.25,,137,8,0.25,2,True,,0.4450880000000001,0.004972498818802174,-0.04574095974710152,-0.3607670569522415,0.48235494001024765,0.24524583804968844,0.23290568955545704,0.0,0.28590322598609713,0.6466702829383386,0.3873423712691778,0.26873301582672865
c3_w2_tcop_cm1_states_L0.4_km0_7599_up0_2500_s137,cm1,stageB,-0.35,-0.7599,0.25,,137,9,0.0,0,True,,0.41940799999999995,0.007603699852016227,-0.029215020461031922,-0.34999882961319734,0.4309757026257715,0.2410209375636418,0.21508856534242235,0.0,0.23769378430958837,0.5876926139227857,0.3934078232672477,0.2809428980365722
c3_w2_tcop_cm1_states_L0.4_km0_7599_up0_2500_s137,cm1,stageB,-0.35,-0.7599,0.25,,137,10,0.125,1,True,,0.432384,0.0029980782250007432,-0.036108680111046676,-0.3565348716385981,0.4564845703499675,0.24387746147608072,0.22460642042601414,0.0,0.2610795522037088,0.6176144238423069,0.37521945023975095,0.26581113968871867
c3_w2_tcop_cm1_states_L0.4_km0_7599_up0_2500_s137,cm1,stageB,-0.35,-0.7599,0.25,,137,11,0.25,2,True,,0.4447520000000001,0.009363607534073152,-0.04062896208342178,-0.3607670569522415,0.48248685811804876,0.2452288152134563,0.23290568955545704,0.0,0.28590322598609713,0.6466702829383386,0.3962892189791917,0.2660089134464044
c3_w2_tcop_cm1_states_L0.4_km0_7599_up0_2500_s137,cm1,stageB,-0.35,-0.7599,0.25,,137,12,0.0,0,True,,0.420256,0.001633368054574205,-0.044722078455323326,-0.34999882961319734,0.4306369443644914,0.2410624650398066,0.21508856534242235,0.0,0.23769378430958837,0.5876926139227857,0.37505037110384676,0.27151506415024534
c3_w2_tcop_cm1_states_L0.4_km0_7599_up0_2500_s137,cm1,stageB,-0.35,-0.7599,0.25,,137,13,0.125,1,True,,0.43027199999999993,0.004764696065427505,-0.04623657693115855,-0.3565348716385981,0.4572870380322721,0.24386666456583747,0.22460642042601414,0.0,0.2610795522037088,0.6176144238423069,0.38194386248199047,0.2706822883181978
c3_w2_tcop_cm1_states_L0.4_km0_7599_up0_2500_s137,cm1,stageB,-0.35,-0.7599,0.25,,137,14,0.25,2,True,,0.44608000000000003,0.008287815302160632,-0.041164372283935005,-0.3607670569522415,0.4819916478943759,0.24517890745901252,0.23290568955545704,0.0,0.28590322598609713,0.6466702829383386,0.39465774027918504,0.26835597437456926
c3_w2_tcop_cm1_states_L0.4_km0_7599_up0_2500_s137,cm1,stageB,-0.35,-0.7599,0.25,,137,15,0.0,0,False,BLOCK_15_PARTIAL_CYCLE,0.418704,0.0011980281226303374,-0.02027778629282885,-0.34999882961319734,0.43121048229646153,0.24112482032371685,0.21508856534242235,0.0,0.23769378430958837,0.5876926139227857,0.37780048123186744,0.28006639635839753
c3_w2_tcop_cm1_states_L0.4_km0_7599_up0_2500_s256,cm1,stageB,-0.35,-0.7599,0.25,,256,0,0.0,0,False,PRE_PRIMARY_INCOMPLETE_CYCLE,0.4104320000000001,0.007587096906162865,-0.04047950144629207,-0.34999882961319734,0.43439082963007314,0.24092352963019767,0.21508856534242235,0.0,0.23769378430958837,0.5876926139227857,0.3915467587676764,0.28301873069951067
c3_w2_tcop_cm1_states_L0.4_km0_7599_up0_2500_s256,cm1,stageB,-0.35,-0.7599,0.25,,256,1,0.125,1,False,PRE_PRIMARY_INCOMPLETE_CYCLE,0.432736,0.002490307504771379,-0.04184353772131583,-0.3565348716385981,0.45636670510765803,0.24379042611504037,0.22460642042601414,0.0,0.2610795522037088,0.6176144238423069,0.37713611479287396,0.26714664147633355
c3_w2_tcop_cm1_states_L0.4_km0_7599_up0_2500_s256,cm1,stageB,-0.35,-0.7599,0.25,,256,2,0.25,2,False,PRE_PRIMARY_INCOMPLETE_CYCLE,0.44731199999999993,0.0070343359156272555,-0.047330430262973996,-0.3607670569522415,0.4815208898359542,0.24527912231723448,0.23290568955545704,0.0,0.28590322598609713,0.6466702829383386,0.3907732344212734,0.2665484668086883
c3_w2_tcop_cm1_states_L0.4_km0_7599_up0_2500_s256,cm1,stageB,-0.35,-0.7599,0.25,,256,3,0.0,0,True,,0.421744,0.0056926488924076936,-0.04017606571348192,-0.34999882961319734,0.43011074918467307,0.2409274158776473,0.21508856534242235,0.0,0.23769378430958837,0.5876926139227857,0.38632985469056935,0.2776221392884059
c3_w2_tcop_cm1_states_L0.4_km0_7599_up0_2500_s256,cm1,stageB,-0.35,-0.7599,0.25,,256,4,0.125,1,True,,0.431776,0.00809175754289137,-0.032959041823439686,-0.3565348716385981,0.45673523831472496,0.24375537927749508,0.22460642042601414,0.0,0.2610795522037088,0.6176144238423069,0.390737427004498,0.2717858783878641
c3_w2_tcop_cm1_states_L0.4_km0_7599_up0_2500_s256,cm1,stageB,-0.35,-0.7599,0.25,,256,5,0.25,2,True,,0.442896,0.009606090827818803,-0.05581924242079411,-0.3607670569522415,0.4831791896569098,0.24523288370624666,0.23290568955545704,0.0,0.28590322598609713,0.6466702829383386,0.39773779559626804,0.27120548134985656
c3_w2_tcop_cm1_states_L0.4_km0_7599_up0_2500_s256,cm1,stageB,-0.35,-0.7599,0.25,,256,6,0.0,0,True,,0.41822399999999993,-0.0010941963659313065,-0.051844513742383844,-0.34999882961319734,0.43137916392398595,0.2411823355159785,0.21508856534242235,0.0,0.23769378430958837,0.5876926139227857,0.3688225852605463,0.2761179418483825
c3_w2_tcop_cm1_states_L0.4_km0_7599_up0_2500_s256,cm1,stageB,-0.35,-0.7599,0.25,,256,7,0.125,1,True,,0.433664,0.006131912566840577,-0.03905513238823545,-0.3565348716385981,0.4560262915314436,0.24371800878202537,0.22460642042601414,0.0,0.2610795522037088,0.6176144238423069,0.3880560290411538,0.27562732536525947
c3_w2_tcop_cm1_states_L0.4_km0_7599_up0_2500_s256,cm1,stageB,-0.35,-0.7599,0.25,,256,8,0.25,2,True,,0.44641600000000004,0.009812389144247645,-0.04037193101848607,-0.3607670569522415,0.4818645999159342,0.2452526218358166,0.23290568955545704,0.0,0.28590322598609713,0.6466702829383386,0.39280604343823683,0.26650407382741514
c3_w2_tcop_cm1_states_L0.4_km0_7599_up0_2500_s256,cm1,stageB,-0.35,-0.7599,0.25,,256,9,0.0,0,True,,0.42062399999999994,0.0016955157213245143,-0.03113703015327219,-0.34999882961319734,0.4305044140050909,0.24104768915539168,0.21508856534242235,0.0,0.23769378430958837,0.5876926139227857,0.37769547752908567,0.2706258162554843
c3_w2_tcop_cm1_states_L0.4_km0_7599_up0_2500_s256,cm1,stageB,-0.35,-0.7599,0.25,,256,10,0.125,1,True,,0.431408,0.0018886411537186812,-0.04195211992290356,-0.3565348716385981,0.45685873520934533,0.24385010146034655,0.22460642042601414,0.0,0.2610795522037088,0.6176144238423069,0.3786956845423659,0.26978670938251
c3_w2_tcop_cm1_states_L0.4_km0_7599_up0_2500_s256,cm1,stageB,-0.35,-0.7599,0.25,,256,11,0.25,2,True,,0.44632000000000005,0.00662194992689914,-0.03555963515130115,-0.3607670569522415,0.48189611474801863,0.24524448119738224,0.23290568955545704,0.0,0.28590322598609713,0.6466702829383386,0.38448724520328015,0.2638629576604909
c3_w2_tcop_cm1_states_L0.4_km0_7599_up0_2500_s256,cm1,stageB,-0.35,-0.7599,0.25,,256,12,0.0,0,True,,0.418512,0.0032676117028216122,-0.04470816803814513,-0.34999882961319734,0.4312855128594291,0.24111649062850726,0.21508856534242235,0.0,0.23769378430958837,0.5876926139227857,0.38019267463896533,0.27740538076652227
c3_w2_tcop_cm1_states_L0.4_km0_7599_up0_2500_s256,cm1,stageB,-0.35,-0.7599,0.25,,256,13,0.125,1,True,,0.43064,0.011451580397521508,-0.03863531723565164,-0.3565348716385981,0.45716896905295923,0.2437630794899594,0.22460642042601414,0.0,0.2610795522037088,0.6176144238423069,0.4008186414541101,0.27554035328384163
c3_w2_tcop_cm1_states_L0.4_km0_7599_up0_2500_s256,cm1,stageB,-0.35,-0.7599,0.25,,256,14,0.25,2,True,,0.44513600000000003,0.003725733126056059,-0.02611032526841688,-0.3607670569522415,0.48233145293137825,0.24536702244705152,0.23290568955545704,0.0,0.28590322598609713,0.6466702829383386,0.375921565594572,0.2579868928700147
c3_w2_tcop_cm1_states_L0.4_km0_7599_up0_2500_s256,cm1,stageB,-0.35,-0.7599,0.25,,256,15,0.0,0,False,BLOCK_15_PARTIAL_CYCLE,0.41928000000000004,0.00473423402531426,-0.042296369055637655,-0.34999882961319734,0.43100822966064,0.2410627115415351,0.21508856534242235,0.0,0.23769378430958837,0.5876926139227857,0.3828851126764554,0.27679975704033044
c3_w2_tcop_cm1_states_L0.4_km0_7599_up0_2500_s1024,cm1,stageB,-0.35,-0.7599,0.25,,1024,0,0.0,0,False,PRE_PRIMARY_INCOMPLETE_CYCLE,0.41124799999999995,0.0015644256029031473,-0.052577126816864495,-0.34999882961319734,0.43406597740466196,0.24095497652281708,0.21508856534242235,0.0,0.23769378430958837,0.5876926139227857,0.37958482472571375,0.27940745811382134
c3_w2_tcop_cm1_states_L0.4_km0_7599_up0_2500_s1024,cm1,stageB,-0.35,-0.7599,0.25,,1024,1,0.125,1,False,PRE_PRIMARY_INCOMPLETE_CYCLE,0.43260799999999994,0.006805346879546441,-0.05282745032138709,-0.3565348716385981,0.4564245124815494,0.24374890919251635,0.22460642042601414,0.0,0.2610795522037088,0.6176144238423069,0.38884980193757024,0.27281324518909505
c3_w2_tcop_cm1_states_L0.4_km0_7599_up0_2500_s1024,cm1,stageB,-0.35,-0.7599,0.25,,1024,2,0.25,2,False,PRE_PRIMARY_INCOMPLETE_CYCLE,0.444784,0.007585562801827233,-0.032022890534247866,-0.3607670569522415,0.48247183953419304,0.24529847664760537,0.23290568955545704,0.0,0.28590322598609713,0.6466702829383386,0.39023212074672947,0.2641193679068873
c3_w2_tcop_cm1_states_L0.4_km0_7599_up0_2500_s1024,cm1,stageB,-0.35,-0.7599,0.25,,1024,3,0.0,0,True,,0.419184,0.005594975797502645,-0.03848949588027684,-0.34999882961319734,0.43104773770164034,0.2410733077581253,0.21508856534242235,0.0,0.23769378430958837,0.5876926139227857,0.38746604489230557,0.27568740640364375
c3_w2_tcop_cm1_states_L0.4_km0_7599_up0_2500_s1024,cm1,stageB,-0.35,-0.7599,0.25,,1024,4,0.125,1,True,,0.4336,0.006145464009879269,-0.035843591600289645,-0.3565348716385981,0.4560563465726371,0.24374043694836312,0.22460642042601414,0.0,0.2610795522037088,0.6176144238423069,0.38554200181686515,0.26508052610887517
c3_w2_tcop_cm1_states_L0.4_km0_7599_up0_2500_s1024,cm1,stageB,-0.35,-0.7599,0.25,,1024,5,0.25,2,True,,0.446192,0.00560953227043672,-0.042885508733375564,-0.3607670569522415,0.48193648429181657,0.24529812123053085,0.23290568955545704,0.0,0.28590322598609713,0.6466702829383386,0.3853015834004517,0.2674850315915991
c3_w2_tcop_cm1_states_L0.4_km0_7599_up0_2500_s1024,cm1,stageB,-0.35,-0.7599,0.25,,1024,6,0.0,0,True,,0.42336000000000007,0.0018867480754917359,-0.04164342062686201,-0.34999882961319734,0.4295166838294294,0.24087158828301677,0.21508856534242235,0.0,0.23769378430958837,0.5876926139227857,0.37575069682062406,0.26990646926702483
c3_w2_tcop_cm1_states_L0.4_km0_7599_up0_2500_s1024,cm1,stageB,-0.35,-0.7599,0.25,,1024,7,0.125,1,True,,0.43068799999999996,0.005488967903128131,-0.031220394298520956,-0.3565348716385981,0.457128748360375,0.2438637246934356,0.22460642042601414,0.0,0.2610795522037088,0.6176144238423069,0.38566228527636137,0.2690738287088137
c3_w2_tcop_cm1_states_L0.4_km0_7599_up0_2500_s1024,cm1,stageB,-0.35,-0.7599,0.25,,1024,8,0.25,2,True,,0.4423360000000001,0.005991584657999838,-0.032164824344760146,-0.3607670569522415,0.4833848889920106,0.24528345991665196,0.23290568955545704,0.0,0.28590322598609713,0.6466702829383386,0.38905172286657097,0.2672788745817116
c3_w2_tcop_cm1_states_L0.4_km0_7599_up0_2500_s1024,cm1,stageB,-0.35,-0.7599,0.25,,1024,9,0.0,0,True,,0.41915199999999997,0.001086149112480236,-0.04167547196610143,-0.34999882961319734,0.4310489099905634,0.2411084863778607,0.21508856534242235,0.0,0.23769378430958837,0.5876926139227857,0.3786798804291729,0.2772106911375105
c3_w2_tcop_cm1_states_L0.4_km0_7599_up0_2500_s1024,cm1,stageB,-0.35,-0.7599,0.25,,1024,10,0.125,1,True,,0.43190399999999995,0.0059763134311487465,-0.04697688996245825,-0.3565348716385981,0.45667433839586913,0.24380754362901233,0.22460642042601414,0.0,0.2610795522037088,0.6176144238423069,0.3896944340545374,0.27439673250403634
c3_w2_tcop_cm1_states_L0.4_km0_7599_up0_2500_s1024,cm1,stageB,-0.35,-0.7599,0.25,,1024,11,0.25,2,True,,0.44599999999999995,0.008664252263796085,-0.034612505039258216,-0.3607670569522415,0.4820211681559706,0.24520244912745723,0.23290568955545704,0.0,0.28590322598609713,0.6466702829383386,0.39255772485293816,0.2672264834970681
c3_w2_tcop_cm1_states_L0.4_km0_7599_up0_2500_s1024,cm1,stageB,-0.35,-0.7599,0.25,,1024,12,0.0,0,True,,0.4188,0.004079865832040827,-0.058771728984307575,-0.34999882961319734,0.43118043339650486,0.2411120558967631,0.21508856534242235,0.0,0.23769378430958837,0.5876926139227857,0.3813552864040557,0.2742010100027687
c3_w2_tcop_cm1_states_L0.4_km0_7599_up0_2500_s1024,cm1,stageB,-0.35,-0.7599,0.25,,1024,13,0.125,1,True,,0.43470400000000003,0.004492719899789459,-0.0675942585236457,-0.3565348716385981,0.45564342514467565,0.2436965434754527,0.22460642042601414,0.0,0.2610795522037088,0.6176144238423069,0.38011165092626514,0.2699342999827597
c3_w2_tcop_cm1_states_L0.4_km0_7599_up0_2500_s1024,cm1,stageB,-0.35,-0.7599,0.25,,1024,14,0.25,2,True,,0.44708800000000004,0.006472703710769371,-0.03956442437067757,-0.3607670569522415,0.48160808474937195,0.2452252657149636,0.23290568955545704,0.0,0.28590322598609713,0.6466702829383386,0.38757945320053233,0.2687125908830669
c3_w2_tcop_cm1_states_L0.4_km0_7599_up0_2500_s1024,cm1,stageB,-0.35,-0.7599,0.25,,1024,15,0.0,0,False,BLOCK_15_PARTIAL_CYCLE,0.419616,0.005450052345687142,-0.03890617540900778,-0.34999882961319734,0.43087507984592915,0.24108266563142777,0.21508856534242235,0.0,0.23769378430958837,0.5876926139227857,0.3838905040605375,0.27611561027699877
c3_w2_tcop_cm1_states_L0.4_km0_7599_up0_2500_s31415,cm1,stageB,-0.35,-0.7599,0.25,,31415,0,0.0,0,False,PRE_PRIMARY_INCOMPLETE_CYCLE,0.406064,-8.14718660053572e-05,-0.027759710928637448,-0.34999882961319734,0.4359595419298931,0.24124111094551162,0.21508856534242235,0.0,0.23769378430958837,0.5876926139227857,0.3737706159517624,0.27772679001158873
c3_w2_tcop_cm1_states_L0.4_km0_7599_up0_2500_s31415,cm1,stageB,-0.35,-0.7599,0.25,,31415,1,0.125,1,False,PRE_PRIMARY_INCOMPLETE_CYCLE,0.430096,0.005382865695491576,-0.033678371707282106,-0.3565348716385981,0.45734214061054007,0.24390542226489115,0.22460642042601414,0.0,0.2610795522037088,0.6176144238423069,0.38409681253478867,0.2689415814300508
c3_w2_tcop_cm1_states_L0.4_km0_7599_up0_2500_s31415,cm1,stageB,-0.35,-0.7599,0.25,,31415,2,0.25,2,False,PRE_PRIMARY_INCOMPLETE_CYCLE,0.446512,0.007756601249717395,-0.05050842133266656,-0.3607670569522415,0.4818226634371553,0.24529349022424832,0.23290568955545704,0.0,0.28590322598609713,0.6466702829383386,0.39260353400572784,0.26621760729718996
c3_w2_tcop_cm1_states_L0.4_km0_7599_up0_2500_s31415,cm1,stageB,-0.35,-0.7599,0.25,,31415,3,0.0,0,True,,0.418624,0.00027869540791016943,-0.04319044546995772,-0.34999882961319734,0.4312433703845475,0.24113666752186474,0.21508856534242235,0.0,0.23769378430958837,0.5876926139227857,0.37351740413875784,0.27283432701453497
c3_w2_tcop_cm1_states_L0.4_km0_7599_up0_2500_s31415,cm1,stageB,-0.35,-0.7599,0.25,,31415,4,0.125,1,True,,0.43217599999999995,0.0063865608556747545,-0.05616294202417876,-0.3565348716385981,0.45658867561580074,0.2437341067554602,0.22460642042601414,0.0,0.2610795522037088,0.6176144238423069,0.38791377480298694,0.27174554047814814
c3_w2_tcop_cm1_states_L0.4_km0_7599_up0_2500_s31415,cm1,stageB,-0.35,-0.7599,0.25,,31415,5,0.25,2,True,,0.44351999999999997,0.00861502433000726,-0.03692164661848685,-0.3607670569522415,0.48294259798430644,0.24522585307439737,0.23290568955545704,0.0,0.28590322598609713,0.6466702829383386,0.39352686140746007,0.26812984579565274
c3_w2_tcop_cm1_states_L0.4_km0_7599_up0_2500_s31415,cm1,stageB,-0.35,-0.7599,0.25,,31415,6,0.0,0,True,,0.419392,0.007065254623863049,-0.04055292122906883,-0.34999882961319734,0.43099718213374755,0.24097618203639518,0.21508856534242235,0.0,0.23769378430958837,0.5876926139227857,0.3903645838370969,0.2804291208464394
c3_w2_tcop_cm1_states_L0.4_km0_7599_up0_2500_s31415,cm1,stageB,-0.35,-0.7599,0.25,,31415,7,0.125,1,True,,0.43217600000000006,0.0035181795828797004,-0.04975804296030679,-0.3565348716385981,0.4565758797356795,0.24380900714553327,0.22460642042601414,0.0,0.2610795522037088,0.6176144238423069,0.38187690504997535,0.2716683669664877
c3_w2_tcop_cm1_states_L0.4_km0_7599_up0_2500_s31415,cm1,stageB,-0.35,-0.7599,0.25,,31415,8,0.25,2,True,,0.44492799999999993,0.010117322239384935,-0.03683403581286605,-0.3607670569522415,0.48241668002872307,0.24525300327667712,0.23290568955545704,0.0,0.28590322598609713,0.6466702829383386,0.39146952760150655,0.2657204798483499
c3_w2_tcop_cm1_states_L0.4_km0_7599_up0_2500_s31415,cm1,stageB,-0.35,-0.7599,0.25,,31415,9,0.0,0,True,,0.41724799999999995,0.003756252858461927,-0.04474880337363467,-0.34999882961319734,0.4317622548540004,0.24116666093831365,0.21508856534242235,0.0,0.23769378430958837,0.5876926139227857,0.3842645559180341,0.2762750012121222
c3_w2_tcop_cm1_states_L0.4_km0_7599_up0_2500_s31415,cm1,stageB,-0.35,-0.7599,0.25,,31415,10,0.125,1,True,,0.43291199999999996,0.004982729137757898,-0.04743772929311954,-0.3565348716385981,0.45631028869625523,0.24378218394573872,0.22460642042601414,0.0,0.2610795522037088,0.6176144238423069,0.3872459948041683,0.27368490633198544
c3_w2_tcop_cm1_states_L0.4_km0_7599_up0_2500_s31415,cm1,stageB,-0.35,-0.7599,0.25,,31415,11,0.25,2,True,,0.44368,0.009950434670142087,-0.04039475861982818,-0.3607670569522415,0.4828780849381814,0.24530949358669477,0.23290568955545704,0.0,0.28590322598609713,0.6466702829383386,0.3947031408874991,0.2695226613214625
c3_w2_tcop_cm1_states_L0.4_km0_7599_up0_2500_s31415,cm1,stageB,-0.35,-0.7599,0.25,,31415,12,0.0,0,True,,0.4197759999999999,0.0012410144587941532,-0.032563030274920975,-0.34999882961319734,0.4308186654368823,0.2410537219095144,0.21508856534242235,0.0,0.23769378430958837,0.5876926139227857,0.3794191150716133,0.2797044396183345
c3_w2_tcop_cm1_states_L0.4_km0_7599_up0_2500_s31415,cm1,stageB,-0.35,-0.7599,0.25,,31415,13,0.125,1,True,,0.432224,0.00024174045311533963,-0.05441811216927432,-0.3565348716385981,0.4565465941885256,0.243851561461758,0.22460642042601414,0.0,0.2610795522037088,0.6176144238423069,0.37392495969425177,0.2667593239475878
c3_w2_tcop_cm1_states_L0.4_km0_7599_up0_2500_s31415,cm1,stageB,-0.35,-0.7599,0.25,,31415,14,0.25,2,True,,0.445216,0.007994341986018332,-0.04184594892149253,-0.3607670569522415,0.48230824304230596,0.24521850540324358,0.23290568955545704,0.0,0.28590322598609713,0.6466702829383386,0.3845989366113009,0.26810238394327146
c3_w2_tcop_cm1_states_L0.4_km0_7599_up0_2500_s31415,cm1,stageB,-0.35,-0.7599,0.25,,31415,15,0.0,0,False,BLOCK_15_PARTIAL_CYCLE,0.42267199999999994,0.002094753763745567,-0.0564298433145012,-0.34999882961319734,0.42975821906778683,0.24092696310554113,0.21508856534242235,0.0,0.23769378430958837,0.5876926139227857,0.3807075306743728,0.2781034531464746
c3_w2_tcop_cm1_states_L0.4_km0_7599_up0_5000_s42,cm1,stageB,-0.35,-0.7599,0.5,,42,0,0.0,0,False,PRE_PRIMARY_INCOMPLETE_CYCLE,0.4094879999999999,0.00426420791431271,-0.03258314008282069,-0.34999882961319734,0.4347094018760262,0.24107233275065787,0.21508856534242235,0.0,0.23769378430958837,0.5876926139227857,0.3860685773187394,0.27816584031968383
c3_w2_tcop_cm1_states_L0.4_km0_7599_up0_5000_s42,cm1,stageB,-0.35,-0.7599,0.5,,42,1,0.25,1,False,PRE_PRIMARY_INCOMPLETE_CYCLE,0.444176,0.004183731938770891,-0.051670128259854016,-0.3607670569522415,0.48269390372538473,0.24531806934005848,0.23290568955545704,0.0,0.28590322598609713,0.6466702829383386,0.3829895197369379,0.26355540806910077
c3_w2_tcop_cm1_states_L0.4_km0_7599_up0_5000_s42,cm1,stageB,-0.35,-0.7599,0.5,,42,2,0.5,2,False,PRE_PRIMARY_INCOMPLETE_CYCLE,0.46884800000000004,0.008788170091954957,-0.04482543744701401,-0.36196118773854075,0.5347907267020323,0.24430042901192506,0.2243162424678091,0.0,0.33953544621983084,0.7014966339583716,0.3974835776966313,0.2648711563777291
c3_w2_tcop_cm1_states_L0.4_km0_7599_up0_5000_s42,cm1,stageB,-0.35,-0.7599,0.5,,42,3,0.0,0,True,,0.42168,0.0033388851132392008,-0.06023744615581768,-0.34999882961319734,0.4301350564754086,0.24095269151800267,0.21508856534242235,0.0,0.23769378430958837,0.5876926139227857,0.3814947072875095,0.27067368822305615
c3_w2_tcop_cm1_states_L0.4_km0_7599_up0_5000_s42,cm1,stageB,-0.35,-0.7599,0.5,,42,4,0.25,1,True,,0.445648,0.010990408659224786,-0.040570722172951094,-0.3607670569522415,0.4821532065585078,0.2451836177376354,0.23290568955545704,0.0,0.28590322598609713,0.6466702829383386,0.40121898847871934,0.27211360210357693
c3_w2_tcop_cm1_states_L0.4_km0_7599_up0_5000_s42,cm1,stageB,-0.35,-0.7599,0.5,,42,5,0.5,2,True,,0.472688,0.008325502112435561,-0.031757989092720776,-0.36196118773854075,0.5333647474242138,0.24443858336402058,0.2243162424678091,0.0,0.33953544621983084,0.7014966339583716,0.39236544041079374,0.25825421441228663
c3_w2_tcop_cm1_states_L0.4_km0_7599_up0_5000_s42,cm1,stageB,-0.35,-0.7599,0.5,,42,6,0.0,0,True,,0.41995200000000005,0.00427115870256547,-0.038431480937107215,-0.34999882961319734,0.43075692372203866,0.24105653684119197,0.21508856534242235,0.0,0.23769378430958837,0.5876926139227857,0.38375913596870276,0.2788650857149486
c3_w2_tcop_cm1_states_L0.4_km0_7599_up0_5000_s42,cm1,stageB,-0.35,-0.7599,0.5,,42,7,0.25,1,True,,0.4457919999999999,0.00862439233182953,-0.04896128707739464,-0.3607670569522415,0.4820966183719625,0.24524985981941405,0.23290568955545704,0.0,0.28590322598609713,0.6466702829383386,0.389910123160018,0.264871324972756
c3_w2_tcop_cm1_states_L0.4_km0_7599_up0_5000_s42,cm1,stageB,-0.35,-0.7599,0.5,,42,8,0.5,2,True,,0.47051200000000004,0.009002065347893192,-0.02564024033993208,-0.36196118773854075,0.5341797354027453,0.24438370693009095,0.2243162424678091,0.0,0.33953544621983084,0.7014966339583716,0.39231189556174223,0.2552264082000502
c3_w2_tcop_cm1_states_L0.4_km0_7599_up0_5000_s42,cm1,stageB,-0.35,-0.7599,0.5,,42,9,0.0,0,True,,0.42105599999999993,0.00517657989259771,-0.03214052646634765,-0.34999882961319734,0.43035650789205904,0.240982436068642,0.21508856534242235,0.0,0.23769378430958837,0.5876926139227857,0.38559489371922917,0.27757595765063814
c3_w2_tcop_cm1_states_L0.4_km0_7599_up0_5000_s42,cm1,stageB,-0.35,-0.7599,0.5,,42,10,0.25,1,True,,0.444944,0.007471424235403316,-0.049921352687361725,-0.3607670569522415,0.4824045829316239,0.2452548393352317,0.23290568955545704,0.0,0.28590322598609713,0.6466702829383386,0.3905526530792305,0.2658999800983148
c3_w2_tcop_cm1_states_L0.4_km0_7599_up0_5000_s42,cm1,stageB,-0.35,-0.7599,0.5,,42,11,0.5,2,True,,0.46956799999999993,0.010519221486357562,-0.04056710147729588,-0.36196118773854075,0.5345204755869126,0.24433295700757135,0.2243162424678091,0.0,0.33953544621983084,0.7014966339583716,0.3971095516700758,0.2606781359290255
c3_w2_tcop_cm1_states_L0.4_km0_7599_up0_5000_s42,cm1,stageB,-0.35,-0.7599,0.5,,42,12,0.0,0,True,,0.42223999999999995,0.003816612531970199,-0.038384220673616194,-0.34999882961319734,0.42994486263037635,0.24086484219626256,0.21508856534242235,0.0,0.23769378430958837,0.5876926139227857,0.37935018901289974,0.27837567469409913
c3_w2_tcop_cm1_states_L0.4_km0_7599_up0_5000_s42,cm1,stageB,-0.35,-0.7599,0.5,,42,13,0.25,1,True,,0.444816,0.0006670120075297984,-0.05774271012333609,-0.3607670569522415,0.4824584704318523,0.24530955071022087,0.23290568955545704,0.0,0.28590322598609713,0.6466702829383386,0.3764224990966788,0.265603577057025
c3_w2_tcop_cm1_states_L0.4_km0_7599_up0_5000_s42,cm1,stageB,-0.35,-0.7599,0.5,,42,14,0.5,2,True,,0.470608,0.011040095694727572,-0.02972240726130046,-0.36196118773854075,0.5341440813991524,0.24436699911549403,0.2243162424678091,0.0,0.33953544621983084,0.7014966339583716,0.39526255229714435,0.2568939678143648
c3_w2_tcop_cm1_states_L0.4_km0_7599_up0_5000_s42,cm1,stageB,-0.35,-0.7599,0.5,,42,15,0.0,0,False,BLOCK_15_PARTIAL_CYCLE,0.42115199999999997,0.001542146082798468,-0.030914296761045738,-0.34999882961319734,0.430309242346977,0.24100791456547546,0.21508856534242235,0.0,0.23769378430958837,0.5876926139227857,0.3754891856280919,0.2777953301012978
c3_w2_tcop_cm1_states_L0.4_km0_7599_up0_5000_s137,cm1,stageB,-0.35,-0.7599,0.5,,137,0,0.0,0,False,PRE_PRIMARY_INCOMPLETE_CYCLE,0.411776,0.0051685255207489225,-0.04166965814358994,-0.34999882961319734,0.43388226986550105,0.2409142666725239,0.21508856534242235,0.0,0.23769378430958837,0.5876926139227857,0.38427543953732873,0.27935693948497786
c3_w2_tcop_cm1_states_L0.4_km0_7599_up0_5000_s137,cm1,stageB,-0.35,-0.7599,0.5,,137,1,0.25,1,False,PRE_PRIMARY_INCOMPLETE_CYCLE,0.444128,0.005921591609677359,-0.04850416949192267,-0.3607670569522415,0.482718742238214,0.24527211485956057,0.23290568955545704,0.0,0.28590322598609713,0.6466702829383386,0.3866673611902034,0.2641061110705934
c3_w2_tcop_cm1_states_L0.4_km0_7599_up0_5000_s137,cm1,stageB,-0.35,-0.7599,0.5,,137,2,0.5,2,False,PRE_PRIMARY_INCOMPLETE_CYCLE,0.46948799999999996,0.008479332527877484,-0.0460171320196067,-0.36196118773854075,0.5345612568935991,0.24437518967632343,0.2243162424678091,0.0,0.33953544621983084,0.7014966339583716,0.39002776456565497,0.255032887656684
c3_w2_tcop_cm1_states_L0.4_km0_7599_up0_5000_s137,cm1,stageB,-0.35,-0.7599,0.5,,137,3,0.0,0,True,,0.42091200000000006,0.005485146477800122,-0.046932627007041004,-0.34999882961319734,0.43039690315927115,0.24103364120825957,0.21508856534242235,0.0,0.23769378430958837,0.5876926139227857,0.3849204423630341,0.27421421460464673
c3_w2_tcop_cm1_states_L0.4_km0_7599_up0_5000_s137,cm1,stageB,-0.35,-0.7599,0.5,,137,4,0.25,1,True,,0.444288,0.006919640399911472,-0.05451695189217466,-0.3607670569522415,0.48265063744651004,0.24528693241927496,0.23290568955545704,0.0,0.28590322598609713,0.6466702829383386,0.39200734011488003,0.26696012379667805
c3_w2_tcop_cm1_states_L0.4_km0_7599_up0_5000_s137,cm1,stageB,-0.35,-0.7599,0.5,,137,5,0.5,2,True,,0.47024,0.011989415798795944,-0.040434313406774613,-0.36196118773854075,0.5342752137307324,0.2443531439471362,0.2243162424678091,0.0,0.33953544621983084,0.7014966339583716,0.39456170887863323,0.25719659608698586
c3_w2_tcop_cm1_states_L0.4_km0_7599_up0_5000_s137,cm1,stageB,-0.35,-0.7599,0.5,,137,6,0.0,0,True,,0.419712,0.003897629553328081,-0.050408664166576286,-0.34999882961319734,0.4308511640651036,0.24107418073335396,0.21508856534242235,0.0,0.23769378430958837,0.5876926139227857,0.37923159113447125,0.26879789542724275
c3_w2_tcop_cm1_states_L0.4_km0_7599_up0_5000_s137,cm1,stageB,-0.35,-0.7599,0.5,,137,7,0.25,1,True,,0.44500800000000007,0.007252870200328834,-0.035002535357348846,-0.3607670569522415,0.48238162386820327,0.24529298075210357,0.23290568955545704,0.0,0.28590322598609713,0.6466702829383386,0.38489381503098274,0.2652547781861667
c3_w2_tcop_cm1_states_L0.4_km0_7599_up0_5000_s137,cm1,stageB,-0.35,-0.7599,0.5,,137,8,0.5,2,True,,0.46991999999999995,0.00744580739366418,-0.037033102155837556,-0.36196118773854075,0.5343881156773035,0.24432599023072357,0.2243162424678091,0.0,0.33953544621983084,0.7014966339583716,0.39334440320187875,0.2603738615140342
c3_w2_tcop_cm1_states_L0.4_km0_7599_up0_5000_s137,cm1,stageB,-0.35,-0.7599,0.5,,137,9,0.0,0,True,,0.42044799999999993,0.007384789950816227,-0.027995980435260866,-0.34999882961319734,0.43060022897722117,0.24095305195624545,0.21508856534242235,0.0,0.23769378430958837,0.5876926139227857,0.3933722686803875,0.2801171200454425
c3_w2_tcop_cm1_states_L0.4_km0_7599_up0_5000_s137,cm1,stageB,-0.35,-0.7599,0.5,,137,10,0.25,1,True,,0.44536000000000003,0.003978071366142218,-0.03522025818212802,-0.3607670569522415,0.4822496716347213,0.245337144294368,0.23290568955545704,0.0,0.28590322598609713,0.6466702829383386,0.3773585725333997,0.26066331479289884
c3_w2_tcop_cm1_states_L0.4_km0_7599_up0_5000_s137,cm1,stageB,-0.35,-0.7599,0.5,,137,11,0.5,2,True,,0.47008000000000005,0.011579120836403755,-0.03504844790409418,-0.36196118773854075,0.5343332576860168,0.24432935728054891,0.2243162424678091,0.0,0.33953544621983084,0.7014966339583716,0.4015964222529895,0.2573187014589793
c3_w2_tcop_cm1_states_L0.4_km0_7599_up0_5000_s137,cm1,stageB,-0.35,-0.7599,0.5,,137,12,0.0,0,True,,0.420944,0.0015553748913672597,-0.04427652517093559,-0.34999882961319734,0.4303883252846539,0.2410182950944432,0.21508856534242235,0.0,0.23769378430958837,0.5876926139227857,0.3747613493763812,0.27166239291999167
c3_w2_tcop_cm1_states_L0.4_km0_7599_up0_5000_s137,cm1,stageB,-0.35,-0.7599,0.5,,137,13,0.25,1,True,,0.44312000000000007,0.00574830081016499,-0.04491035923883372,-0.3607670569522415,0.48309193369456666,0.2453079078813299,0.23290568955545704,0.0,0.28590322598609713,0.6466702829383386,0.3850997330605201,0.2677924645546303
c3_w2_tcop_cm1_states_L0.4_km0_7599_up0_5000_s137,cm1,stageB,-0.35,-0.7599,0.5,,137,14,0.5,2,True,,0.47158399999999995,0.011807447392338183,-0.04246627244197155,-0.36196118773854075,0.5337623396698679,0.24430471153500916,0.2243162424678091,0.0,0.33953544621983084,0.7014966339583716,0.4015339881958981,0.26292963609857173
c3_w2_tcop_cm1_states_L0.4_km0_7599_up0_5000_s137,cm1,stageB,-0.35,-0.7599,0.5,,137,15,0.0,0,False,BLOCK_15_PARTIAL_CYCLE,0.41958400000000007,0.0014204392415894868,-0.020915549251801675,-0.34999882961319734,0.43089016339450037,0.2410728433164266,0.21508856534242235,0.0,0.23769378430958837,0.5876926139227857,0.37768793417010743,0.2799401022791674
c3_w2_tcop_cm1_states_L0.4_km0_7599_up0_5000_s256,cm1,stageB,-0.35,-0.7599,0.5,,256,0,0.0,0,False,PRE_PRIMARY_INCOMPLETE_CYCLE,0.4104320000000001,0.007587096906162865,-0.04047950144629207,-0.34999882961319734,0.43439082963007314,0.24092352963019767,0.21508856534242235,0.0,0.23769378430958837,0.5876926139227857,0.3915467587676764,0.28301873069951067
c3_w2_tcop_cm1_states_L0.4_km0_7599_up0_5000_s256,cm1,stageB,-0.35,-0.7599,0.5,,256,1,0.25,1,False,PRE_PRIMARY_INCOMPLETE_CYCLE,0.446096,0.004674007127489574,-0.040325285955020294,-0.3607670569522415,0.4819780600865921,0.24525317414248612,0.23290568955545704,0.0,0.28590322598609713,0.6466702829383386,0.38062505113298484,0.26381380265274507
c3_w2_tcop_cm1_states_L0.4_km0_7599_up0_5000_s256,cm1,stageB,-0.35,-0.7599,0.5,,256,2,0.5,2,False,PRE_PRIMARY_INCOMPLETE_CYCLE,0.4727360000000001,0.008716802132716781,-0.04212246709851997,-0.36196118773854075,0.5333524097591624,0.24446278727724416,0.2243162424678091,0.0,0.33953544621983084,0.7014966339583716,0.3959501518798902,0.25846963860439176
c3_w2_tcop_cm1_states_L0.4_km0_7599_up0_5000_s256,cm1,stageB,-0.35,-0.7599,0.5,,256,3,0.0,0,True,,0.422448,0.005751435399783278,-0.038545519562896396,-0.34999882961319734,0.4298547742757892,0.24088630005439424,0.21508856534242235,0.0,0.23769378430958837,0.5876926139227857,0.3867965228362305,0.27737068857823366
c3_w2_tcop_cm1_states_L0.4_km0_7599_up0_5000_s256,cm1,stageB,-0.35,-0.7599,0.5,,256,4,0.25,1,True,,0.44473599999999996,0.009248145650317067,-0.03152702586597862,-0.3607670569522415,0.4824892802493657,0.24521779153925075,0.23290568955545704,0.0,0.28590322598609713,0.6466702829383386,0.3944806689177016,0.26824885984617053
c3_w2_tcop_cm1_states_L0.4_km0_7599_up0_5000_s256,cm1,stageB,-0.35,-0.7599,0.5,,256,5,0.5,2,True,,0.468816,0.013146077887810534,-0.05634069987056764,-0.36196118773854075,0.5347958119565192,0.24426145384488113,0.2243162424678091,0.0,0.33953544621983084,0.7014966339583716,0.4030829423338136,0.2623346435255432
c3_w2_tcop_cm1_states_L0.4_km0_7599_up0_5000_s256,cm1,stageB,-0.35,-0.7599,0.5,,256,6,0.0,0,True,,0.41902399999999995,-0.001069806962620958,-0.05154678028241289,-0.34999882961319734,0.4310882029161064,0.2411381495564322,0.21508856534242235,0.0,0.23769378430958837,0.5876926139227857,0.36870538912665346,0.2755508319463462
c3_w2_tcop_cm1_states_L0.4_km0_7599_up0_5000_s256,cm1,stageB,-0.35,-0.7599,0.5,,256,7,0.25,1,True,,0.447088,0.007353472479313268,-0.040430277554940254,-0.3607670569522415,0.48160612414170395,0.2452028397561133,0.23290568955545704,0.0,0.28590322598609713,0.6466702829383386,0.3897059352618814,0.27068341518294065
c3_w2_tcop_cm1_states_L0.4_km0_7599_up0_5000_s256,cm1,stageB,-0.35,-0.7599,0.5,,256,8,0.5,2,True,,0.47168,0.012056546479451077,-0.03999970962683822,-0.36196118773854075,0.5337405139253462,0.2443888655745756,0.2243162424678091,0.0,0.33953544621983084,0.7014966339583716,0.39742744568036414,0.25786405526916856
c3_w2_tcop_cm1_states_L0.4_km0_7599_up0_5000_s256,cm1,stageB,-0.35,-0.7599,0.5,,256,9,0.0,0,True,,0.421328,0.0014999816507699326,-0.034095543623363436,-0.34999882961319734,0.4302475633238769,0.24100786225434712,0.21508856534242235,0.0,0.23769378430958837,0.5876926139227857,0.3770047995973942,0.2703420656987614
c3_w2_tcop_cm1_states_L0.4_km0_7599_up0_5000_s256,cm1,stageB,-0.35,-0.7599,0.5,,256,10,0.25,1,True,,0.444016,0.0026357286318809737,-0.04777019570345079,-0.3607670569522415,0.4827567238688091,0.2453161831815569,0.23290568955545704,0.0,0.28590322598609713,0.6466702829383386,0.3808757610487896,0.2640301968659855
c3_w2_tcop_cm1_states_L0.4_km0_7599_up0_5000_s256,cm1,stageB,-0.35,-0.7599,0.5,,256,11,0.5,2,True,,0.47184000000000004,0.008542965465033671,-0.03298178300076936,-0.36196118773854075,0.5336792630394643,0.2443974028422379,0.2243162424678091,0.0,0.33953544621983084,0.7014966339583716,0.3895122256869833,0.2550782979038818
c3_w2_tcop_cm1_states_L0.4_km0_7599_up0_5000_s256,cm1,stageB,-0.35,-0.7599,0.5,,256,12,0.0,0,True,,0.419536,0.0030218391966311438,-0.04415447440866257,-0.34999882961319734,0.4309155759464928,0.2410511812255677,0.21508856534242235,0.0,0.23769378430958837,0.5876926139227857,0.37907340356337277,0.2768704324672496
c3_w2_tcop_cm1_states_L0.4_km0_7599_up0_5000_s256,cm1,stageB,-0.35,-0.7599,0.5,,256,13,0.25,1,True,,0.443392,0.013332396934975939,-0.03414690563245869,-0.3607670569522415,0.48300060772052666,0.24517681825207238,0.23290568955545704,0.0,0.28590322598609713,0.6466702829383386,0.40490417586201954,0.2723270246665896
c3_w2_tcop_cm1_states_L0.4_km0_7599_up0_5000_s256,cm1,stageB,-0.35,-0.7599,0.5,,256,14,0.5,2,True,,0.4703360000000001,0.005975287247190489,-0.02464835656737044,-0.36196118773854075,0.5342572697369801,0.244456169143467,0.2243162424678091,0.0,0.33953544621983084,0.7014966339583716,0.3840431823359337,0.25195834923819627
c3_w2_tcop_cm1_states_L0.4_km0_7599_up0_5000_s256,cm1,stageB,-0.35,-0.7599,0.5,,256,15,0.0,0,False,BLOCK_15_PARTIAL_CYCLE,0.42008,0.004577940164506544,-0.04334577438614474,-0.34999882961319734,0.43071743575356014,0.2410163101691236,0.21508856534242235,0.0,0.23769378430958837,0.5876926139227857,0.38252543069682937,0.27677105419539016
c3_w2_tcop_cm1_states_L0.4_km0_7599_up0_5000_s1024,cm1,stageB,-0.35,-0.7599,0.5,,1024,0,0.0,0,False,PRE_PRIMARY_INCOMPLETE_CYCLE,0.41124799999999995,0.0015644256029031473,-0.052577126816864495,-0.34999882961319734,0.43406597740466196,0.24095497652281708,0.21508856534242235,0.0,0.23769378430958837,0.5876926139227857,0.37958482472571375,0.27940745811382134
c3_w2_tcop_cm1_states_L0.4_km0_7599_up0_5000_s1024,cm1,stageB,-0.35,-0.7599,0.5,,1024,1,0.25,1,False,PRE_PRIMARY_INCOMPLETE_CYCLE,0.44543999999999995,0.007795385054673166,-0.04570261349979371,-0.3607670569522415,0.4822272875008441,0.24523023206945121,0.23290568955545704,0.0,0.28590322598609713,0.6466702829383386,0.3909696996569648,0.2684995199039679
c3_w2_tcop_cm1_states_L0.4_km0_7599_up0_5000_s1024,cm1,stageB,-0.35,-0.7599,0.5,,1024,2,0.5,2,False,PRE_PRIMARY_INCOMPLETE_CYCLE,0.47049599999999997,0.011823965401301116,-0.024891890943994528,-0.36196118773854075,0.534189752305792,0.24439637948543141,0.2243162424678091,0.0,0.33953544621983084,0.7014966339583716,0.3993876270000616,0.25718524365729306
c3_w2_tcop_cm1_states_L0.4_km0_7599_up0_5000_s1024,cm1,stageB,-0.35,-0.7599,0.5,,1024,3,0.0,0,True,,0.420128,0.0059143706635919014,-0.03838799303669269,-0.34999882961319734,0.4307060381975316,0.24101482373983477,0.21508856534242235,0.0,0.23769378430958837,0.5876926139227857,0.3880525460044887,0.2751085764229216
c3_w2_tcop_cm1_states_L0.4_km0_7599_up0_5000_s1024,cm1,stageB,-0.35,-0.7599,0.5,,1024,4,0.25,1,True,,0.44608000000000003,0.006667128528687157,-0.038717709874401075,-0.3607670569522415,0.4819921252291997,0.24525726556238112,0.23290568955545704,0.0,0.28590322598609713,0.6466702829383386,0.3878832628324307,0.2586089520104081
c3_w2_tcop_cm1_states_L0.4_km0_7599_up0_5000_s1024,cm1,stageB,-0.35,-0.7599,0.5,,1024,5,0.5,2,True,,0.47084799999999993,0.0074858224549570205,-0.040560250442423035,-0.36196118773854075,0.5340522487099235,0.24441378853918855,0.2243162424678091,0.0,0.33953544621983084,0.7014966339583716,0.39163268435970294,0.26091185247496745
c3_w2_tcop_cm1_states_L0.4_km0_7599_up0_5000_s1024,cm1,stageB,-0.35,-0.7599,0.5,,1024,6,0.0,0,True,,0.424112,0.0019151231282219282,-0.0428085216558038,-0.34999882961319734,0.4292449520001167,0.24082328883925663,0.21508856534242235,0.0,0.23769378430958837,0.5876926139227857,0.37570436747248515,0.26957052458565084
c3_w2_tcop_cm1_states_L0.4_km0_7599_up0_5000_s1024,cm1,stageB,-0.35,-0.7599,0.5,,1024,7,0.25,1,True,,0.444144,0.007233460849061902,-0.0350098315735997,-0.3607670569522415,0.48270704326010905,0.2453023736628099,0.23290568955545704,0.0,0.28590322598609713,0.6466702829383386,0.3886505233494893,0.26545260663887293
c3_w2_tcop_cm1_states_L0.4_km0_7599_up0_5000_s1024,cm1,stageB,-0.35,-0.7599,0.5,,1024,8,0.5,2,True,,0.46808,0.00964138981242807,-0.030627707722093164,-0.36196118773854075,0.5350730206489984,0.24425188570393122,0.2243162424678091,0.0,0.33953544621983084,0.7014966339583716,0.3966730375984181,0.25747218102243496
c3_w2_tcop_cm1_states_L0.4_km0_7599_up0_5000_s1024,cm1,stageB,-0.35,-0.7599,0.5,,1024,9,0.0,0,True,,0.41984,0.0009464738557591873,-0.0413245982748807,-0.34999882961319734,0.43079947718321243,0.2410675117746378,0.21508856534242235,0.0,0.23769378430958837,0.5876926139227857,0.37792389772451934,0.27664384743915515
c3_w2_tcop_cm1_states_L0.4_km0_7599_up0_5000_s1024,cm1,stageB,-0.35,-0.7599,0.5,,1024,10,0.25,1,True,,0.44536000000000003,0.007514997492069721,-0.043601196982842275,-0.3607670569522415,0.4822532045817959,0.2452609749210959,0.23290568955545704,0.0,0.28590322598609713,0.6466702829383386,0.3954514380097461,0.27046713875734546
c3_w2_tcop_cm1_states_L0.4_km0_7599_up0_5000_s1024,cm1,stageB,-0.35,-0.7599,0.5,,1024,11,0.5,2,True,,0.4713759999999999,0.011765264847418194,-0.03234571727653702,-0.36196118773854075,0.5338447022616637,0.24430905685224077,0.2243162424678091,0.0,0.33953544621983084,0.7014966339583716,0.4013234098799438,0.25957891697231816
c3_w2_tcop_cm1_states_L0.4_km0_7599_up0_5000_s1024,cm1,stageB,-0.35,-0.7599,0.5,,1024,12,0.0,0,True,,0.41975999999999997,0.0043859740673949,-0.05593625319186389,-0.34999882961319734,0.4308345582039139,0.24104793611158487,0.21508856534242235,0.0,0.23769378430958837,0.5876926139227857,0.38183223042367787,0.27415633282193896
c3_w2_tcop_cm1_states_L0.4_km0_7599_up0_5000_s1024,cm1,stageB,-0.35,-0.7599,0.5,,1024,13,0.25,1,True,,0.44790399999999997,0.0050978851023244735,-0.06148017093388705,-0.3607670569522415,0.48130491483102267,0.24520897792829086,0.23290568955545704,0.0,0.28590322598609713,0.6466702829383386,0.3828394397069414,0.2670801122451131
c3_w2_tcop_cm1_states_L0.4_km0_7599_up0_5000_s1024,cm1,stageB,-0.35,-0.7599,0.5,,1024,14,0.5,2,True,,0.4723199999999999,0.009160618046959277,-0.037252881447198044,-0.36196118773854075,0.5334973026354537,0.24438784010754555,0.2243162424678091,0.0,0.33953544621983084,0.7014966339583716,0.39233315381729683,0.25898449799971707
c3_w2_tcop_cm1_states_L0.4_km0_7599_up0_5000_s1024,cm1,stageB,-0.35,-0.7599,0.5,,1024,15,0.0,0,False,BLOCK_15_PARTIAL_CYCLE,0.42038400000000004,0.005792062020200698,-0.04046114459590404,-0.34999882961319734,0.4305974627429295,0.2410326788481141,0.21508856534242235,0.0,0.23769378430958837,0.5876926139227857,0.3843812338327852,0.27559516321514693
c3_w2_tcop_cm1_states_L0.4_km0_7599_up0_5000_s31415,cm1,stageB,-0.35,-0.7599,0.5,,31415,0,0.0,0,False,PRE_PRIMARY_INCOMPLETE_CYCLE,0.406064,-8.14718660053572e-05,-0.027759710928637448,-0.34999882961319734,0.4359595419298931,0.24124111094551162,0.21508856534242235,0.0,0.23769378430958837,0.5876926139227857,0.3737706159517624,0.27772679001158873
c3_w2_tcop_cm1_states_L0.4_km0_7599_up0_5000_s31415,cm1,stageB,-0.35,-0.7599,0.5,,31415,1,0.25,1,False,PRE_PRIMARY_INCOMPLETE_CYCLE,0.44289600000000007,0.006141823091393633,-0.028782805601499286,-0.3607670569522415,0.4831702820162503,0.2453499680245597,0.23290568955545704,0.0,0.28590322598609713,0.6466702829383386,0.3853180766574915,0.26397822540851534
c3_w2_tcop_cm1_states_L0.4_km0_7599_up0_5000_s31415,cm1,stageB,-0.35,-0.7599,0.5,,31415,2,0.5,2,False,PRE_PRIMARY_INCOMPLETE_CYCLE,0.47096000000000005,0.010973679976841672,-0.04475613116090933,-0.36196118773854075,0.5340121054932165,0.24441176944763435,0.2243162424678091,0.0,0.33953544621983084,0.7014966339583716,0.39705629912134227,0.2593760823289752
c3_w2_tcop_cm1_states_L0.4_km0_7599_up0_5000_s31415,cm1,stageB,-0.35,-0.7599,0.5,,31415,3,0.0,0,True,,0.41939200000000004,0.0005652781376172198,-0.042814924449835264,-0.34999882961319734,0.4309650089849633,0.24108739463552398,0.21508856534242235,0.0,0.23769378430958837,0.5876926139227857,0.3738669038671913,0.2724258527465261
c3_w2_tcop_cm1_states_L0.4_km0_7599_up0_5000_s31415,cm1,stageB,-0.35,-0.7599,0.5,,31415,4,0.25,1,True,,0.44577600000000006,0.007313307565854117,-0.05239746291384,-0.3607670569522415,0.4821027069976313,0.24520286810849534,0.23290568955545704,0.0,0.28590322598609713,0.6466702829383386,0.3901151874102945,0.26647000719467195
c3_w2_tcop_cm1_states_L0.4_km0_7599_up0_5000_s31415,cm1,stageB,-0.35,-0.7599,0.5,,31415,5,0.5,2,True,,0.469472,0.01041877078114788,-0.03623769440424249,-0.36196118773854075,0.5345482599894237,0.2442817560295399,0.2243162424678091,0.0,0.33953544621983084,0.7014966339583716,0.3982020286568941,0.26194075493467756
c3_w2_tcop_cm1_states_L0.4_km0_7599_up0_5000_s31415,cm1,stageB,-0.35,-0.7599,0.5,,31415,6,0.0,0,True,,0.42035199999999995,0.006691137544480315,-0.040378882510520846,-0.34999882961319734,0.4306480369168141,0.24092221317742013,0.21508856534242235,0.0,0.23769378430958837,0.5876926139227857,0.3893885941288907,0.2795996573351195
c3_w2_tcop_cm1_states_L0.4_km0_7599_up0_5000_s31415,cm1,stageB,-0.35,-0.7599,0.5,,31415,7,0.25,1,True,,0.44489599999999996,0.005035998999298348,-0.05091289574093426,-0.3607670569522415,0.4824251604277927,0.24526598727416188,0.23290568955545704,0.0,0.28590322598609713,0.6466702829383386,0.3850422383358637,0.26944307647264887
c3_w2_tcop_cm1_states_L0.4_km0_7599_up0_5000_s31415,cm1,stageB,-0.35,-0.7599,0.5,,31415,8,0.5,2,True,,0.470064,0.013345677255937499,-0.03836757557168387,-0.36196118773854075,0.5343378319151376,0.24432723542933796,0.2243162424678091,0.0,0.33953544621983084,0.7014966339583716,0.39790142675486356,0.2560284459034427
c3_w2_tcop_cm1_states_L0.4_km0_7599_up0_5000_s31415,cm1,stageB,-0.35,-0.7599,0.5,,31415,9,0.0,0,True,,0.41796799999999995,0.004008205421296376,-0.043742271187120624,-0.34999882961319734,0.43150429305374105,0.24111477796173444,0.21508856534242235,0.0,0.23769378430958837,0.5876926139227857,0.3855515936079355,0.276562931454862
c3_w2_tcop_cm1_states_L0.4_km0_7599_up0_5000_s31415,cm1,stageB,-0.35,-0.7599,0.5,,31415,10,0.25,1,True,,0.445328,0.00525779889719671,-0.0436323997092764,-0.3607670569522415,0.4822655917904434,0.24531009249737346,0.23290568955545704,0.0,0.28590322598609713,0.6466702829383386,0.3871276779333055,0.2694441055911952
c3_w2_tcop_cm1_states_L0.4_km0_7599_up0_5000_s31415,cm1,stageB,-0.35,-0.7599,0.5,,31415,11,0.5,2,True,,0.468784,0.0127864818209546,-0.04671340820655865,-0.36196118773854075,0.5348140588617536,0.24433057734739944,0.2243162424678091,0.0,0.33953544621983084,0.7014966339583716,0.4016192451793588,0.2621011099870954
c3_w2_tcop_cm1_states_L0.4_km0_7599_up0_5000_s31415,cm1,stageB,-0.35,-0.7599,0.5,,31415,12,0.0,0,True,,0.42044799999999993,0.001304762253124962,-0.032740189731491426,-0.34999882961319734,0.4305780603084937,0.24100422464255633,0.21508856534242235,0.0,0.23769378430958837,0.5876926139227857,0.37979722166440844,0.2793170719085337
c3_w2_tcop_cm1_states_L0.4_km0_7599_up0_5000_s31415,cm1,stageB,-0.35,-0.7599,0.5,,31415,13,0.25,1,True,,0.44553599999999993,0.0007205545752862479,-0.056676416146805575,-0.3607670569522415,0.4821819060596346,0.2453280437910359,0.23290568955545704,0.0,0.28590322598609713,0.6466702829383386,0.3761267108544186,0.26381061305647147
c3_w2_tcop_cm1_states_L0.4_km0_7599_up0_5000_s31415,cm1,stageB,-0.35,-0.7599,0.5,,31415,14,0.5,2,True,,0.46992000000000006,0.009402284792116552,-0.041780197568539644,-0.36196118773854075,0.5343844511864968,0.24430809369476,0.2243162424678091,0.0,0.33953544621983084,0.7014966339583716,0.38966052226105036,0.258331788256599
c3_w2_tcop_cm1_states_L0.4_km0_7599_up0_5000_s31415,cm1,stageB,-0.35,-0.7599,0.5,,31415,15,0.0,0,False,BLOCK_15_PARTIAL_CYCLE,0.423408,0.0024851280220500845,-0.05537947288469407,-0.34999882961319734,0.4294934391129494,0.2408751533955051,0.21508856534242235,0.0,0.23769378430958837,0.5876926139227857,0.38236783231388566,0.2787989985343695
