run_id,base_sign,kappa,target_d,Delta_j,seed,window_start,Psi_meanI_state,Psi_meanI_state_z,Psi_persistence_I,Psi_persistence_I_z,relative_drift,rho_cv,rho_range_over_mean,mean_rho,Steady_State_Candidate,Lifted_Activation_Candidate,mean_active_state_variance,persistence_std,extinction_degenerate,saturation_degenerate,LowLow_Nondegenerate_Candidate,bound_active_count_in_window,bound_active_fraction_in_window,saturated_channel_flag
R_E_bounded_kp0_7599_d0_0000_s42,+,0.7599,0.0,0.0,42,0,0.0054,6.0887,0.0644,5.8102,0.0199,0.0379,0.3243,0.37,False,True,0.2329,0.0526,False,False,False,0,0.0,False
R_E_bounded_kp0_7599_d0_0000_s42,+,0.7599,0.0,0.0,42,25,0.0052,5.4806,0.0562,5.8005,0.0001,0.0244,0.1324,0.3716,True,True,0.2334,0.0519,False,False,False,0,0.0,False
R_E_bounded_kp0_7599_d0_0000_s42,+,0.7599,0.0,0.0,42,50,0.0059,6.6995,0.0546,5.3778,0.0158,0.0257,0.144,0.3723,True,True,0.2336,0.0513,False,False,False,0,0.0,False
R_E_bounded_kp0_7599_d0_0000_s42,+,0.7599,0.0,0.0,42,75,0.0051,6.1175,0.0456,4.6658,0.0032,0.0256,0.131,0.3725,True,True,0.2336,0.0506,False,False,False,0,0.0,False
R_E_bounded_kp0_7599_d0_0000_s42,+,0.7599,0.0,0.0,42,100,0.005,5.1982,0.0478,4.8314,0.0085,0.0286,0.1322,0.3722,True,True,0.2336,0.051,False,False,False,0,0.0,False
R_E_bounded_kp0_7599_d0_0000_s42,+,0.7599,0.0,0.0,42,125,0.0038,4.0369,0.0587,5.607,0.0156,0.028,0.1323,0.3719,True,True,0.2335,0.0515,False,False,False,0,0.0,False
R_E_bounded_kp0_7599_d0_0000_s42,+,0.7599,0.0,0.0,42,150,0.004,4.168,0.065,6.7159,0.0041,0.0289,0.1626,0.3714,True,True,0.2333,0.0508,False,False,False,0,0.0,False
R_E_bounded_kp0_7599_d0_0000_s42,+,0.7599,0.0,0.0,42,175,0.0042,4.4388,0.0756,7.3438,0.0129,0.0285,0.1623,0.3722,True,True,0.2336,0.0515,False,False,False,0,0.0,False
R_E_bounded_kp0_7599_d0_0000_s42,+,0.7599,0.0,0.0,42,200,0.0045,4.7448,0.0655,6.9326,0.001,0.0267,0.1463,0.3718,True,True,0.2335,0.0515,False,False,False,0,0.0,False
R_E_bounded_kp0_7599_d0_0000_s42,+,0.7599,0.0,0.0,42,225,0.005,5.6794,0.0803,8.7307,0.0014,0.0264,0.1459,0.3729,True,True,0.2338,0.0513,False,False,False,0,0.0,False
R_E_bounded_kp0_7599_d0_0000_s42,+,0.7599,0.0,0.0,42,250,0.0034,3.9525,0.0529,5.312,0.0009,0.026,0.1288,0.3728,True,True,0.2337,0.0516,False,False,False,0,0.0,False
R_E_bounded_kp0_7599_d0_0000_s42,+,0.7599,0.0,0.0,42,275,0.0034,3.8077,0.0373,3.8187,0.0039,0.0261,0.1259,0.3718,True,True,0.2335,0.0501,False,False,False,0,0.0,False
R_E_bounded_kp0_7599_d0_0000_s42,+,0.7599,0.0,0.0,42,300,0.0023,2.8382,0.0575,5.665,0.011,0.0265,0.1341,0.3728,True,True,0.2337,0.0498,False,False,False,0,0.0,False
R_E_bounded_kp0_7599_d0_0000_s137,+,0.7599,0.0,0.0,137,0,0.0054,6.0346,0.0497,5.2078,0.0165,0.0361,0.3123,0.3714,False,True,0.2333,0.051,False,False,False,0,0.0,False
R_E_bounded_kp0_7599_d0_0000_s137,+,0.7599,0.0,0.0,137,25,0.0052,4.9598,0.0619,6.1687,0.0014,0.0248,0.1172,0.372,True,True,0.2335,0.0508,False,False,False,0,0.0,False
R_E_bounded_kp0_7599_d0_0000_s137,+,0.7599,0.0,0.0,137,50,0.0071,7.5181,0.0653,6.3041,0.0057,0.026,0.1184,0.3715,True,True,0.2334,0.0515,False,False,False,0,0.0,False
R_E_bounded_kp0_7599_d0_0000_s137,+,0.7599,0.0,0.0,137,75,0.0073,7.1737,0.0672,6.5449,0.008,0.0267,0.1185,0.3714,True,True,0.2334,0.0504,False,False,False,0,0.0,False
R_E_bounded_kp0_7599_d0_0000_s137,+,0.7599,0.0,0.0,137,100,0.0066,6.5829,0.0678,6.5831,0.0134,0.0257,0.1184,0.3716,True,True,0.2334,0.051,False,False,False,0,0.0,False
R_E_bounded_kp0_7599_d0_0000_s137,+,0.7599,0.0,0.0,137,125,0.0062,7.1902,0.073,6.5624,0.0018,0.0242,0.1067,0.3711,True,True,0.2333,0.0505,False,False,False,0,0.0,False
R_E_bounded_kp0_7599_d0_0000_s137,+,0.7599,0.0,0.0,137,150,0.0062,6.8146,0.0652,7.1052,0.0058,0.0219,0.1014,0.371,True,True,0.2333,0.0509,False,False,False,0,0.0,False
R_E_bounded_kp0_7599_d0_0000_s137,+,0.7599,0.0,0.0,137,175,0.0052,4.9709,0.068,7.3571,0.0036,0.0205,0.0884,0.3712,True,True,0.2333,0.0514,False,False,False,0,0.0,False
R_E_bounded_kp0_7599_d0_0000_s137,+,0.7599,0.0,0.0,137,200,0.0056,6.7167,0.0835,8.0046,0.012,0.0237,0.1209,0.3705,True,True,0.2331,0.0509,False,False,False,0,0.0,False
R_E_bounded_kp0_7599_d0_0000_s137,+,0.7599,0.0,0.0,137,225,0.0057,6.6213,0.0875,9.4554,0.0099,0.0225,0.1207,0.3713,True,True,0.2334,0.0508,False,False,False,0,0.0,False
R_E_bounded_kp0_7599_d0_0000_s137,+,0.7599,0.0,0.0,137,250,0.0052,5.4536,0.0469,4.8938,0.0011,0.0235,0.1206,0.3714,True,True,0.2334,0.0507,False,False,False,0,0.0,False
R_E_bounded_kp0_7599_d0_0000_s137,+,0.7599,0.0,0.0,137,275,0.0062,6.538,0.0414,4.3348,0.0083,0.0236,0.1205,0.3718,True,True,0.2335,0.0515,False,False,False,0,0.0,False
R_E_bounded_kp0_7599_d0_0000_s137,+,0.7599,0.0,0.0,137,300,0.0065,6.9812,0.0534,5.8586,0.0015,0.0209,0.1,0.3718,True,True,0.2335,0.0506,False,False,False,0,0.0,False
R_E_bounded_kp0_7599_d0_0000_s256,+,0.7599,0.0,0.0,256,0,0.0056,5.6531,0.0726,7.1566,0.0277,0.0395,0.3242,0.3726,False,True,0.2336,0.0502,False,False,False,0,0.0,False
R_E_bounded_kp0_7599_d0_0000_s256,+,0.7599,0.0,0.0,256,25,0.0053,5.5463,0.075,7.1692,0.0132,0.0286,0.1371,0.3735,True,True,0.2339,0.0492,False,False,False,0,0.0,False
R_E_bounded_kp0_7599_d0_0000_s256,+,0.7599,0.0,0.0,256,50,0.0053,5.5106,0.081,8.443,0.0342,0.0271,0.128,0.3719,True,True,0.2335,0.0488,False,False,False,0,0.0,False
R_E_bounded_kp0_7599_d0_0000_s256,+,0.7599,0.0,0.0,256,75,0.0044,4.9873,0.0543,5.5204,0.0182,0.0288,0.1315,0.3712,True,True,0.2333,0.0498,False,False,False,0,0.0,False
R_E_bounded_kp0_7599_d0_0000_s256,+,0.7599,0.0,0.0,256,100,0.0041,4.2253,0.0518,5.2063,0.0077,0.0288,0.1337,0.371,True,True,0.2333,0.0511,False,False,False,0,0.0,False
R_E_bounded_kp0_7599_d0_0000_s256,+,0.7599,0.0,0.0,256,125,0.0043,5.0602,0.0401,4.3888,0.0145,0.0281,0.1487,0.3713,True,True,0.2333,0.051,False,False,False,0,0.0,False
R_E_bounded_kp0_7599_d0_0000_s256,+,0.7599,0.0,0.0,256,150,0.0044,4.7682,0.0734,7.6581,0.0042,0.0286,0.148,0.373,True,True,0.2338,0.0516,False,False,False,0,0.0,False
R_E_bounded_kp0_7599_d0_0000_s256,+,0.7599,0.0,0.0,256,175,0.0057,6.0568,0.0715,7.3341,0.0137,0.0272,0.1353,0.3726,True,True,0.2337,0.0509,False,False,False,0,0.0,False
R_E_bounded_kp0_7599_d0_0000_s256,+,0.7599,0.0,0.0,256,200,0.0053,5.7075,0.0616,6.3197,0.0101,0.0258,0.1356,0.3718,True,True,0.2335,0.0509,False,False,False,0,0.0,False
R_E_bounded_kp0_7599_d0_0000_s256,+,0.7599,0.0,0.0,256,225,0.0042,4.5825,0.0621,6.3442,0.0084,0.0254,0.1205,0.3717,True,True,0.2335,0.0504,False,False,False,0,0.0,False
R_E_bounded_kp0_7599_d0_0000_s256,+,0.7599,0.0,0.0,256,250,0.0058,6.1755,0.0532,5.1523,0.0104,0.0245,0.1254,0.37,True,True,0.233,0.0512,False,False,False,0,0.0,False
R_E_bounded_kp0_7599_d0_0000_s256,+,0.7599,0.0,0.0,256,275,0.0048,5.283,0.0728,7.093,0.0012,0.0248,0.122,0.3704,True,True,0.2331,0.0514,False,False,False,0,0.0,False
R_E_bounded_kp0_7599_d0_0000_s256,+,0.7599,0.0,0.0,256,300,0.005,5.487,0.0671,6.4765,0.0109,0.0243,0.1284,0.3708,True,True,0.2332,0.0509,False,False,False,0,0.0,False
R_E_bounded_kp0_7599_d0_0000_s1024,+,0.7599,0.0,0.0,1024,0,0.0049,6.189,0.0745,7.2741,0.0102,0.0338,0.3084,0.3697,False,True,0.2329,0.0506,False,False,False,0,0.0,False
R_E_bounded_kp0_7599_d0_0000_s1024,+,0.7599,0.0,0.0,1024,25,0.0055,5.8845,0.0585,5.9181,0.0017,0.0229,0.1252,0.3705,True,True,0.2331,0.0504,False,False,False,0,0.0,False
R_E_bounded_kp0_7599_d0_0000_s1024,+,0.7599,0.0,0.0,1024,50,0.0054,5.8257,0.0568,5.9114,0.0185,0.0223,0.1251,0.3708,True,True,0.2332,0.051,False,False,False,0,0.0,False
R_E_bounded_kp0_7599_d0_0000_s1024,+,0.7599,0.0,0.0,1024,75,0.005,5.5811,0.0581,5.6323,0.0207,0.0253,0.1373,0.3728,True,True,0.2337,0.0504,False,False,False,0,0.0,False
R_E_bounded_kp0_7599_d0_0000_s1024,+,0.7599,0.0,0.0,1024,100,0.0051,6.1856,0.0489,4.3164,0.0046,0.0264,0.1449,0.3727,True,True,0.2337,0.0513,False,False,False,0,0.0,False
R_E_bounded_kp0_7599_d0_0000_s1024,+,0.7599,0.0,0.0,1024,125,0.005,5.0936,0.0809,7.9426,0.0291,0.028,0.1494,0.3721,True,True,0.2335,0.0513,False,False,False,0,0.0,False
R_E_bounded_kp0_7599_d0_0000_s1024,+,0.7599,0.0,0.0,1024,150,0.005,5.7503,0.0893,8.9233,0.0193,0.0285,0.1495,0.372,True,True,0.2335,0.0514,False,False,False,0,0.0,False
R_E_bounded_kp0_7599_d0_0000_s1024,+,0.7599,0.0,0.0,1024,175,0.0054,5.8218,0.0768,7.8115,0.0005,0.0263,0.1252,0.3705,True,True,0.2331,0.0506,False,False,False,0,0.0,False
R_E_bounded_kp0_7599_d0_0000_s1024,+,0.7599,0.0,0.0,1024,200,0.0052,5.388,0.0816,8.3021,0.001,0.025,0.1251,0.3708,True,True,0.2332,0.052,False,False,False,0,0.0,False
R_E_bounded_kp0_7599_d0_0000_s1024,+,0.7599,0.0,0.0,1024,225,0.0047,4.825,0.0649,7.2072,0.0074,0.0234,0.1249,0.3716,True,True,0.2334,0.0514,False,False,False,0,0.0,False
R_E_bounded_kp0_7599_d0_0000_s1024,+,0.7599,0.0,0.0,1024,250,0.0049,5.2353,0.0581,5.5425,0.0057,0.0239,0.1248,0.3717,True,True,0.2335,0.0517,False,False,False,0,0.0,False
R_E_bounded_kp0_7599_d0_0000_s1024,+,0.7599,0.0,0.0,1024,275,0.0051,6.2109,0.0631,6.4901,0.0122,0.0247,0.119,0.3731,True,True,0.2338,0.0511,False,False,False,0,0.0,False
R_E_bounded_kp0_7599_d0_0000_s1024,+,0.7599,0.0,0.0,1024,300,0.005,5.6856,0.0674,6.5213,0.0014,0.0257,0.119,0.3731,True,True,0.2338,0.0519,False,False,False,0,0.0,False
R_E_bounded_kp0_7599_d0_0000_s31415,+,0.7599,0.0,0.0,31415,0,0.0049,5.3335,0.0711,6.9897,0.0375,0.0378,0.3221,0.3689,False,True,0.2326,0.0496,False,False,False,0,0.0,False
R_E_bounded_kp0_7599_d0_0000_s31415,+,0.7599,0.0,0.0,31415,25,0.0052,5.6648,0.0645,7.0652,0.0008,0.0259,0.1369,0.3711,True,True,0.2333,0.0506,False,False,False,0,0.0,False
R_E_bounded_kp0_7599_d0_0000_s31415,+,0.7599,0.0,0.0,31415,50,0.0053,5.9248,0.0516,5.2364,0.0014,0.0258,0.1367,0.3717,True,True,0.2334,0.0509,False,False,False,0,0.0,False
R_E_bounded_kp0_7599_d0_0000_s31415,+,0.7599,0.0,0.0,31415,75,0.0051,5.5275,0.0566,6.3673,0.0,0.0249,0.1164,0.3711,True,True,0.2333,0.0509,False,False,False,0,0.0,False
R_E_bounded_kp0_7599_d0_0000_s31415,+,0.7599,0.0,0.0,31415,100,0.0044,4.8915,0.0571,5.5795,0.0036,0.0254,0.1164,0.371,True,True,0.2333,0.0501,False,False,False,0,0.0,False
R_E_bounded_kp0_7599_d0_0000_s31415,+,0.7599,0.0,0.0,31415,125,0.0051,5.6821,0.0625,6.6828,0.0034,0.0256,0.1175,0.3711,True,True,0.2333,0.0508,False,False,False,0,0.0,False
R_E_bounded_kp0_7599_d0_0000_s31415,+,0.7599,0.0,0.0,31415,150,0.0044,5.6086,0.0575,5.4713,0.005,0.0255,0.1178,0.3702,True,True,0.2331,0.05,False,False,False,0,0.0,False
R_E_bounded_kp0_7599_d0_0000_s31415,+,0.7599,0.0,0.0,31415,175,0.005,5.3158,0.0581,5.6442,0.0017,0.0275,0.1575,0.3708,True,True,0.2332,0.0509,False,False,False,0,0.0,False
R_E_bounded_kp0_7599_d0_0000_s31415,+,0.7599,0.0,0.0,31415,200,0.0067,7.1658,0.0486,4.9656,0.0025,0.0271,0.1577,0.3703,True,True,0.2331,0.0504,False,False,False,0,0.0,False
R_E_bounded_kp0_7599_d0_0000_s31415,+,0.7599,0.0,0.0,31415,225,0.0058,6.2939,0.0467,4.7401,0.009,0.0265,0.1575,0.3708,True,True,0.2332,0.0493,False,False,False,0,0.0,False
R_E_bounded_kp0_7599_d0_0000_s31415,+,0.7599,0.0,0.0,31415,250,0.005,5.2069,0.063,6.6438,0.0058,0.0285,0.1656,0.372,True,True,0.2335,0.0502,False,False,False,0,0.0,False
R_E_bounded_kp0_7599_d0_0000_s31415,+,0.7599,0.0,0.0,31415,275,0.0046,4.8689,0.0533,5.5118,0.003,0.0268,0.1658,0.3714,True,True,0.2334,0.0506,False,False,False,0,0.0,False
R_E_bounded_kp0_7599_d0_0000_s31415,+,0.7599,0.0,0.0,31415,300,0.0039,4.5329,0.0642,6.1316,0.0123,0.0269,0.1424,0.3737,True,True,0.2339,0.051,False,False,False,0,0.0,False
R_E_bounded_kp0_7599_dp0_0518_s42,+,0.7599,0.0125,0.0518,42,0,0.0061,6.8902,0.0665,6.0716,0.0126,0.0378,0.331,0.3625,False,True,0.2309,0.0527,False,False,False,3,0.75,True
R_E_bounded_kp0_7599_dp0_0518_s42,+,0.7599,0.0125,0.0518,42,25,0.0059,6.1878,0.0585,5.7878,0.0001,0.0242,0.1238,0.3618,True,True,0.2308,0.052,False,False,False,4,1.0,True
R_E_bounded_kp0_7599_dp0_0518_s42,+,0.7599,0.0125,0.0518,42,50,0.0067,7.4409,0.0554,5.4866,0.0177,0.0253,0.1313,0.3624,True,True,0.231,0.0518,False,False,False,4,1.0,True
R_E_bounded_kp0_7599_dp0_0518_s42,+,0.7599,0.0125,0.0518,42,75,0.0057,6.5352,0.0437,4.4938,0.0018,0.0257,0.1367,0.3627,True,True,0.2311,0.0508,False,False,False,4,1.0,True
R_E_bounded_kp0_7599_dp0_0518_s42,+,0.7599,0.0125,0.0518,42,100,0.0055,5.7617,0.048,5.0571,0.0091,0.0288,0.1368,0.3625,True,True,0.231,0.0514,False,False,False,4,1.0,True
R_E_bounded_kp0_7599_dp0_0518_s42,+,0.7599,0.0125,0.0518,42,125,0.0043,4.7642,0.0589,5.6203,0.0161,0.0284,0.137,0.3621,True,True,0.2309,0.0521,False,False,False,4,1.0,True
R_E_bounded_kp0_7599_dp0_0518_s42,+,0.7599,0.0125,0.0518,42,150,0.0048,4.8841,0.0648,6.633,0.0011,0.0298,0.1737,0.3615,True,True,0.2307,0.0514,False,False,False,4,1.0,True
R_E_bounded_kp0_7599_dp0_0518_s42,+,0.7599,0.0125,0.0518,42,175,0.0052,5.2771,0.0806,7.861,0.0105,0.0293,0.1712,0.3622,True,True,0.2309,0.0522,False,False,False,4,1.0,True
R_E_bounded_kp0_7599_dp0_0518_s42,+,0.7599,0.0125,0.0518,42,200,0.0054,5.4789,0.0737,7.9061,0.0031,0.0276,0.1626,0.3616,True,True,0.2307,0.0519,False,False,False,4,1.0,True
R_E_bounded_kp0_7599_dp0_0518_s42,+,0.7599,0.0125,0.0518,42,225,0.0059,6.6252,0.0896,9.411,0.0042,0.0276,0.162,0.3629,True,True,0.2311,0.0517,False,False,False,4,1.0,True
R_E_bounded_kp0_7599_dp0_0518_s42,+,0.7599,0.0125,0.0518,42,250,0.0039,4.6227,0.0603,6.1439,0.0002,0.0267,0.1268,0.3628,True,True,0.2311,0.0519,False,False,False,4,1.0,True
R_E_bounded_kp0_7599_dp0_0518_s42,+,0.7599,0.0125,0.0518,42,275,0.0039,4.4372,0.0397,4.1975,0.0015,0.0263,0.1227,0.362,True,True,0.2309,0.0505,False,False,False,4,1.0,True
R_E_bounded_kp0_7599_dp0_0518_s42,+,0.7599,0.0125,0.0518,42,300,0.0031,3.6549,0.0609,5.9671,0.0118,0.0269,0.1322,0.3631,True,True,0.2312,0.0501,False,False,False,4,1.0,True
R_E_bounded_kp0_7599_dp0_0518_s137,+,0.7599,0.0125,0.0518,137,0,0.0054,6.1677,0.0524,5.3337,0.0169,0.0372,0.3095,0.3645,False,True,0.2314,0.0513,False,False,False,2,0.5,MIXED
R_E_bounded_kp0_7599_dp0_0518_s137,+,0.7599,0.0125,0.0518,137,25,0.0055,5.2564,0.0626,6.5099,0.0064,0.0258,0.1191,0.3626,True,True,0.231,0.0513,False,False,False,3,0.75,True
R_E_bounded_kp0_7599_dp0_0518_s137,+,0.7599,0.0125,0.0518,137,50,0.0077,8.0644,0.0618,5.7632,0.0096,0.0273,0.1218,0.3612,True,True,0.2306,0.0523,False,False,False,4,1.0,True
R_E_bounded_kp0_7599_dp0_0518_s137,+,0.7599,0.0125,0.0518,137,75,0.008,7.8927,0.0668,6.478,0.0107,0.0285,0.1218,0.3612,True,True,0.2306,0.0511,False,False,False,4,1.0,True
R_E_bounded_kp0_7599_dp0_0518_s137,+,0.7599,0.0125,0.0518,137,100,0.0076,7.3445,0.0695,6.9543,0.014,0.0278,0.1218,0.3613,True,True,0.2307,0.0517,False,False,False,4,1.0,True
R_E_bounded_kp0_7599_dp0_0518_s137,+,0.7599,0.0125,0.0518,137,125,0.0071,8.2179,0.074,6.8266,0.0076,0.0264,0.1209,0.3607,True,True,0.2305,0.0509,False,False,False,4,1.0,True
R_E_bounded_kp0_7599_dp0_0518_s137,+,0.7599,0.0125,0.0518,137,150,0.0067,7.1452,0.0698,7.6463,0.0029,0.0236,0.1097,0.3611,True,True,0.2306,0.0514,False,False,False,4,1.0,True
R_E_bounded_kp0_7599_dp0_0518_s137,+,0.7599,0.0125,0.0518,137,175,0.0059,5.64,0.0728,7.7582,0.0015,0.0219,0.1007,0.3615,True,True,0.2307,0.0518,False,False,False,4,1.0,True
R_E_bounded_kp0_7599_dp0_0518_s137,+,0.7599,0.0125,0.0518,137,200,0.0063,7.3578,0.0833,8.3068,0.0123,0.0246,0.1408,0.3608,True,True,0.2305,0.0516,False,False,False,4,1.0,True
R_E_bounded_kp0_7599_dp0_0518_s137,+,0.7599,0.0125,0.0518,137,225,0.0063,7.4298,0.0881,9.5067,0.0083,0.0231,0.1405,0.3616,True,True,0.2308,0.0517,False,False,False,4,1.0,True
R_E_bounded_kp0_7599_dp0_0518_s137,+,0.7599,0.0125,0.0518,137,250,0.0062,6.5628,0.051,5.252,0.0017,0.0242,0.1404,0.3617,True,True,0.2308,0.0512,False,False,False,4,1.0,True
R_E_bounded_kp0_7599_dp0_0518_s137,+,0.7599,0.0125,0.0518,137,275,0.0068,7.2082,0.0426,4.1397,0.0087,0.0243,0.1403,0.3621,True,True,0.2309,0.0519,False,False,False,4,1.0,True
R_E_bounded_kp0_7599_dp0_0518_s137,+,0.7599,0.0125,0.0518,137,300,0.0074,7.6841,0.0568,6.0656,0.0002,0.0213,0.1049,0.3622,True,True,0.2309,0.0512,False,False,False,4,1.0,True
R_E_bounded_kp0_7599_dp0_0518_s256,+,0.7599,0.0125,0.0518,256,0,0.006,6.23,0.0738,7.4194,0.0035,0.0395,0.3165,0.3653,False,True,0.2316,0.0503,False,False,False,3,0.75,True
R_E_bounded_kp0_7599_dp0_0518_s256,+,0.7599,0.0125,0.0518,256,25,0.0059,6.2805,0.0772,7.1584,0.0108,0.0288,0.1417,0.3641,True,True,0.2314,0.0495,False,False,False,4,1.0,True
R_E_bounded_kp0_7599_dp0_0518_s256,+,0.7599,0.0125,0.0518,256,50,0.006,6.2278,0.0786,8.1099,0.0326,0.0272,0.1369,0.3623,True,True,0.231,0.049,False,False,False,4,1.0,True
R_E_bounded_kp0_7599_dp0_0518_s256,+,0.7599,0.0125,0.0518,256,75,0.0053,5.8179,0.0563,5.6996,0.0201,0.0281,0.1316,0.3617,True,True,0.2308,0.05,False,False,False,4,1.0,True
R_E_bounded_kp0_7599_dp0_0518_s256,+,0.7599,0.0125,0.0518,256,100,0.0046,4.8371,0.0491,4.9927,0.0021,0.0282,0.1317,0.3614,True,True,0.2307,0.0515,False,False,False,4,1.0,True
R_E_bounded_kp0_7599_dp0_0518_s256,+,0.7599,0.0125,0.0518,256,125,0.0049,5.4747,0.0407,4.5587,0.0157,0.0273,0.1406,0.3614,True,True,0.2307,0.0515,False,False,False,4,1.0,True
R_E_bounded_kp0_7599_dp0_0518_s256,+,0.7599,0.0125,0.0518,256,150,0.0049,5.4296,0.0734,7.4703,0.0064,0.0283,0.1399,0.3632,True,True,0.2312,0.0519,False,False,False,4,1.0,True
R_E_bounded_kp0_7599_dp0_0518_s256,+,0.7599,0.0125,0.0518,256,175,0.0062,6.558,0.0686,7.128,0.0106,0.0271,0.1367,0.3628,True,True,0.2311,0.0512,False,False,False,4,1.0,True
R_E_bounded_kp0_7599_dp0_0518_s256,+,0.7599,0.0125,0.0518,256,200,0.0062,6.5703,0.064,6.5647,0.0105,0.0256,0.137,0.3622,True,True,0.2309,0.0509,False,False,False,4,1.0,True
R_E_bounded_kp0_7599_dp0_0518_s256,+,0.7599,0.0125,0.0518,256,225,0.0051,5.4834,0.0642,6.7085,0.0066,0.0258,0.137,0.3621,True,True,0.2309,0.0505,False,False,False,4,1.0,True
R_E_bounded_kp0_7599_dp0_0518_s256,+,0.7599,0.0125,0.0518,256,250,0.0069,7.1914,0.0602,5.9523,0.009,0.0248,0.1199,0.3604,True,True,0.2304,0.0515,False,False,False,4,1.0,True
R_E_bounded_kp0_7599_dp0_0518_s256,+,0.7599,0.0125,0.0518,256,275,0.0059,6.5054,0.076,7.4423,0.0033,0.0257,0.1198,0.3606,True,True,0.2305,0.0515,False,False,False,4,1.0,True
R_E_bounded_kp0_7599_dp0_0518_s256,+,0.7599,0.0125,0.0518,256,300,0.0061,6.7446,0.0743,7.1046,0.0081,0.0253,0.1241,0.361,True,True,0.2306,0.0514,False,False,False,4,1.0,True
R_E_bounded_kp0_7599_dp0_0518_s1024,+,0.7599,0.0125,0.0518,1024,0,0.0057,7.1359,0.0747,7.2995,0.0206,0.0349,0.3123,0.3625,False,True,0.2309,0.0509,False,False,False,3,0.75,True
R_E_bounded_kp0_7599_dp0_0518_s1024,+,0.7599,0.0125,0.0518,1024,25,0.0065,7.0117,0.056,5.713,0.0026,0.0229,0.1252,0.3609,True,True,0.2306,0.0507,False,False,False,4,1.0,True
R_E_bounded_kp0_7599_dp0_0518_s1024,+,0.7599,0.0125,0.0518,1024,50,0.0065,6.7078,0.0545,5.6493,0.0161,0.0226,0.1253,0.3608,True,True,0.2306,0.0512,False,False,False,4,1.0,True
R_E_bounded_kp0_7599_dp0_0518_s1024,+,0.7599,0.0125,0.0518,1024,75,0.0062,6.5403,0.0543,5.1838,0.0221,0.0254,0.14,0.3629,True,True,0.2311,0.0505,False,False,False,4,1.0,True
R_E_bounded_kp0_7599_dp0_0518_s1024,+,0.7599,0.0125,0.0518,1024,100,0.0058,7.2054,0.0462,4.2745,0.0003,0.027,0.1455,0.363,True,True,0.2311,0.0512,False,False,False,4,1.0,True
R_E_bounded_kp0_7599_dp0_0518_s1024,+,0.7599,0.0125,0.0518,1024,125,0.0056,5.8963,0.0716,7.496,0.0275,0.0289,0.1524,0.3622,True,True,0.2309,0.0512,False,False,False,4,1.0,True
R_E_bounded_kp0_7599_dp0_0518_s1024,+,0.7599,0.0125,0.0518,1024,150,0.006,6.6986,0.0841,8.5661,0.0243,0.0296,0.1524,0.3622,True,True,0.2309,0.0514,False,False,False,4,1.0,True
R_E_bounded_kp0_7599_dp0_0518_s1024,+,0.7599,0.0125,0.0518,1024,175,0.0065,7.0694,0.076,7.7386,0.0022,0.0274,0.1276,0.3605,True,True,0.2304,0.0509,False,False,False,4,1.0,True
R_E_bounded_kp0_7599_dp0_0518_s1024,+,0.7599,0.0125,0.0518,1024,200,0.0065,6.6777,0.0859,8.8193,0.0023,0.0259,0.1276,0.3604,True,True,0.2304,0.0526,False,False,False,4,1.0,True
R_E_bounded_kp0_7599_dp0_0518_s1024,+,0.7599,0.0125,0.0518,1024,225,0.006,6.0438,0.0675,7.3146,0.0066,0.0243,0.1307,0.3613,True,True,0.2307,0.0518,False,False,False,4,1.0,True
R_E_bounded_kp0_7599_dp0_0518_s1024,+,0.7599,0.0125,0.0518,1024,250,0.0057,6.1181,0.0571,5.5008,0.0095,0.0248,0.1305,0.3617,True,True,0.2308,0.0521,False,False,False,4,1.0,True
R_E_bounded_kp0_7599_dp0_0518_s1024,+,0.7599,0.0125,0.0518,1024,275,0.0057,6.6158,0.0658,6.7309,0.0143,0.0258,0.13,0.363,True,True,0.2312,0.0517,False,False,False,4,1.0,True
R_E_bounded_kp0_7599_dp0_0518_s1024,+,0.7599,0.0125,0.0518,1024,300,0.0052,5.885,0.0706,6.7868,0.0041,0.0264,0.1265,0.3635,True,True,0.2313,0.0521,False,False,False,4,1.0,True
R_E_bounded_kp0_7599_dp0_0518_s31415,+,0.7599,0.0125,0.0518,31415,0,0.0056,5.9714,0.0719,7.0123,0.0048,0.0364,0.2966,0.3614,False,True,0.2306,0.0499,False,False,False,3,0.75,True
R_E_bounded_kp0_7599_dp0_0518_s31415,+,0.7599,0.0125,0.0518,31415,25,0.006,6.3369,0.0619,6.64,0.0023,0.0264,0.1351,0.3613,True,True,0.2307,0.051,False,False,False,4,1.0,True
R_E_bounded_kp0_7599_dp0_0518_s31415,+,0.7599,0.0125,0.0518,31415,50,0.0062,6.9055,0.0523,5.3006,0.0004,0.0261,0.135,0.3615,True,True,0.2307,0.0514,False,False,False,4,1.0,True
R_E_bounded_kp0_7599_dp0_0518_s31415,+,0.7599,0.0125,0.0518,31415,75,0.0059,6.4026,0.0533,6.0268,0.0015,0.0256,0.1208,0.3609,True,True,0.2306,0.0511,False,False,False,4,1.0,True
R_E_bounded_kp0_7599_dp0_0518_s31415,+,0.7599,0.0125,0.0518,31415,100,0.0048,5.2533,0.0535,5.2547,0.0047,0.0264,0.1207,0.3611,True,True,0.2306,0.0505,False,False,False,4,1.0,True
R_E_bounded_kp0_7599_dp0_0518_s31415,+,0.7599,0.0125,0.0518,31415,125,0.0058,6.4322,0.0637,6.957,0.0022,0.0267,0.1197,0.361,True,True,0.2306,0.0514,False,False,False,4,1.0,True
R_E_bounded_kp0_7599_dp0_0518_s31415,+,0.7599,0.0125,0.0518,31415,150,0.0052,6.34,0.0633,6.0735,0.0033,0.0273,0.1188,0.3603,True,True,0.2304,0.0508,False,False,False,4,1.0,True
R_E_bounded_kp0_7599_dp0_0518_s31415,+,0.7599,0.0125,0.0518,31415,175,0.0059,6.3259,0.0671,6.3422,0.0017,0.0292,0.164,0.3611,True,True,0.2306,0.0517,False,False,False,4,1.0,True
R_E_bounded_kp0_7599_dp0_0518_s31415,+,0.7599,0.0125,0.0518,31415,200,0.0077,8.3066,0.055,5.6591,0.0047,0.0287,0.1642,0.3605,True,True,0.2304,0.0509,False,False,False,4,1.0,True
R_E_bounded_kp0_7599_dp0_0518_s31415,+,0.7599,0.0125,0.0518,31415,225,0.0066,7.0676,0.0474,4.5133,0.0071,0.0275,0.164,0.361,True,True,0.2306,0.0497,False,False,False,4,1.0,True
R_E_bounded_kp0_7599_dp0_0518_s31415,+,0.7599,0.0125,0.0518,31415,250,0.0059,6.2014,0.0627,6.7966,0.0013,0.029,0.1658,0.3619,True,True,0.2308,0.0507,False,False,False,4,1.0,True
R_E_bounded_kp0_7599_dp0_0518_s31415,+,0.7599,0.0125,0.0518,31415,275,0.0055,5.7779,0.0542,5.5754,0.0004,0.0269,0.1628,0.3613,True,True,0.2307,0.0506,False,False,False,4,1.0,True
R_E_bounded_kp0_7599_dp0_0518_s31415,+,0.7599,0.0125,0.0518,31415,300,0.005,5.7581,0.0646,6.2229,0.0117,0.0269,0.1453,0.3633,True,True,0.2312,0.0514,False,False,False,4,1.0,True
R_E_bounded_kp0_7599_dp0_1032_s42,+,0.7599,0.025,0.1032,42,0,0.0066,7.4591,0.0653,5.8464,0.0482,0.0422,0.3384,0.3546,False,True,0.2286,0.0528,False,False,False,3,0.75,True
R_E_bounded_kp0_7599_dp0_1032_s42,+,0.7599,0.025,0.1032,42,25,0.0064,6.888,0.0561,5.4791,0.0004,0.0252,0.1389,0.3514,True,True,0.2278,0.0522,False,False,False,4,1.0,True
R_E_bounded_kp0_7599_dp0_1032_s42,+,0.7599,0.025,0.1032,42,50,0.0075,7.8552,0.0512,5.0442,0.0208,0.026,0.1387,0.3518,True,True,0.2279,0.0523,False,False,False,4,1.0,True
R_E_bounded_kp0_7599_dp0_1032_s42,+,0.7599,0.025,0.1032,42,75,0.0067,7.4235,0.0438,4.4683,0.0013,0.0263,0.134,0.3523,True,True,0.2281,0.0511,False,False,False,4,1.0,True
R_E_bounded_kp0_7599_dp0_1032_s42,+,0.7599,0.025,0.1032,42,100,0.0067,6.8391,0.0513,5.4358,0.0126,0.029,0.1341,0.352,True,True,0.228,0.0515,False,False,False,4,1.0,True
R_E_bounded_kp0_7599_dp0_1032_s42,+,0.7599,0.025,0.1032,42,125,0.0055,6.2042,0.0638,5.9118,0.0154,0.0287,0.1343,0.3515,True,True,0.2278,0.0525,False,False,False,4,1.0,True
R_E_bounded_kp0_7599_dp0_1032_s42,+,0.7599,0.025,0.1032,42,150,0.0056,5.7054,0.0689,7.193,0.0051,0.0304,0.1822,0.3513,True,True,0.2278,0.052,False,False,False,4,1.0,True
R_E_bounded_kp0_7599_dp0_1032_s42,+,0.7599,0.025,0.1032,42,175,0.006,6.0619,0.0837,8.1303,0.0148,0.0306,0.1728,0.3519,True,True,0.228,0.053,False,False,False,4,1.0,True
R_E_bounded_kp0_7599_dp0_1032_s42,+,0.7599,0.025,0.1032,42,200,0.0059,6.0492,0.0751,7.904,0.0017,0.0289,0.1638,0.3517,True,True,0.2279,0.0523,False,False,False,4,1.0,True
R_E_bounded_kp0_7599_dp0_1032_s42,+,0.7599,0.025,0.1032,42,225,0.0067,7.311,0.0873,8.9361,0.0033,0.0285,0.1631,0.3531,True,True,0.2283,0.0517,False,False,False,4,1.0,True
R_E_bounded_kp0_7599_dp0_1032_s42,+,0.7599,0.025,0.1032,42,250,0.0049,5.7525,0.0632,6.2637,0.0022,0.0274,0.1384,0.3526,True,True,0.2282,0.0519,False,False,False,4,1.0,True
R_E_bounded_kp0_7599_dp0_1032_s42,+,0.7599,0.025,0.1032,42,275,0.0048,5.3077,0.0466,4.8594,0.0035,0.0266,0.1251,0.3518,True,True,0.228,0.0507,False,False,False,4,1.0,True
R_E_bounded_kp0_7599_dp0_1032_s42,+,0.7599,0.025,0.1032,42,300,0.004,4.4847,0.0663,6.7133,0.0137,0.0283,0.1429,0.3526,True,True,0.2282,0.0506,False,False,False,4,1.0,True
R_E_bounded_kp0_7599_dp0_1032_s137,+,0.7599,0.025,0.1032,137,0,0.0063,7.0854,0.0532,5.5106,0.0542,0.0427,0.3159,0.3571,False,True,0.2293,0.0519,False,False,False,2,0.5,MIXED
R_E_bounded_kp0_7599_dp0_1032_s137,+,0.7599,0.025,0.1032,137,25,0.0064,6.345,0.0625,6.5365,0.017,0.0279,0.1373,0.3524,True,True,0.2281,0.0515,False,False,False,3,0.75,True
R_E_bounded_kp0_7599_dp0_1032_s137,+,0.7599,0.025,0.1032,137,50,0.0084,8.6228,0.0574,5.3619,0.0081,0.028,0.1266,0.3507,True,True,0.2276,0.0526,False,False,False,4,1.0,True
R_E_bounded_kp0_7599_dp0_1032_s137,+,0.7599,0.025,0.1032,137,75,0.0089,8.5534,0.0689,6.4575,0.0067,0.0286,0.1267,0.3506,True,True,0.2276,0.0517,False,False,False,4,1.0,True
R_E_bounded_kp0_7599_dp0_1032_s137,+,0.7599,0.025,0.1032,137,100,0.0083,7.7734,0.0704,6.9193,0.0192,0.0283,0.1265,0.3511,True,True,0.2277,0.0521,False,False,False,4,1.0,True
R_E_bounded_kp0_7599_dp0_1032_s137,+,0.7599,0.025,0.1032,137,125,0.0079,8.959,0.0751,7.2624,0.006,0.0275,0.1232,0.3507,True,True,0.2276,0.0516,False,False,False,4,1.0,True
R_E_bounded_kp0_7599_dp0_1032_s137,+,0.7599,0.025,0.1032,137,150,0.0075,7.7983,0.0678,7.183,0.0067,0.0254,0.1061,0.3507,True,True,0.2276,0.0518,False,False,False,4,1.0,True
R_E_bounded_kp0_7599_dp0_1032_s137,+,0.7599,0.025,0.1032,137,175,0.0067,6.5345,0.0737,7.6745,0.0032,0.0239,0.1014,0.3512,True,True,0.2278,0.0522,False,False,False,4,1.0,True
R_E_bounded_kp0_7599_dp0_1032_s137,+,0.7599,0.025,0.1032,137,200,0.0073,8.3901,0.0822,8.1712,0.0104,0.0266,0.1543,0.35,True,True,0.2274,0.0522,False,False,False,4,1.0,True
R_E_bounded_kp0_7599_dp0_1032_s137,+,0.7599,0.025,0.1032,137,225,0.0075,8.8403,0.0877,9.3029,0.0095,0.025,0.1539,0.3509,True,True,0.2277,0.0522,False,False,False,4,1.0,True
R_E_bounded_kp0_7599_dp0_1032_s137,+,0.7599,0.025,0.1032,137,250,0.0077,7.8159,0.0597,6.2141,0.0037,0.0259,0.1537,0.3513,True,True,0.2278,0.0518,False,False,False,4,1.0,True
R_E_bounded_kp0_7599_dp0_1032_s137,+,0.7599,0.025,0.1032,137,275,0.0082,8.6463,0.0522,5.1435,0.0141,0.0262,0.1536,0.3515,True,True,0.2279,0.0526,False,False,False,4,1.0,True
R_E_bounded_kp0_7599_dp0_1032_s137,+,0.7599,0.025,0.1032,137,300,0.0085,8.8511,0.0608,6.8832,0.004,0.0222,0.1147,0.3522,True,True,0.2281,0.0516,False,False,False,4,1.0,True
R_E_bounded_kp0_7599_dp0_1032_s256,+,0.7599,0.025,0.1032,256,0,0.0066,6.6884,0.077,7.6926,0.0369,0.043,0.3233,0.3576,False,True,0.2295,0.0508,False,False,False,3,0.75,True
R_E_bounded_kp0_7599_dp0_1032_s256,+,0.7599,0.025,0.1032,256,25,0.0068,6.9802,0.0797,7.2392,0.0149,0.0293,0.1403,0.3536,True,True,0.2285,0.05,False,False,False,4,1.0,True
R_E_bounded_kp0_7599_dp0_1032_s256,+,0.7599,0.025,0.1032,256,50,0.007,7.3943,0.0828,8.6998,0.0318,0.0276,0.141,0.3518,True,True,0.2279,0.0494,False,False,False,4,1.0,True
R_E_bounded_kp0_7599_dp0_1032_s256,+,0.7599,0.025,0.1032,256,75,0.0063,7.2307,0.0617,6.1716,0.0215,0.029,0.1367,0.3513,True,True,0.2278,0.0507,False,False,False,4,1.0,True
R_E_bounded_kp0_7599_dp0_1032_s256,+,0.7599,0.025,0.1032,256,100,0.0057,5.8446,0.0557,5.6092,0.0076,0.0294,0.1481,0.3512,True,True,0.2278,0.0518,False,False,False,4,1.0,True
R_E_bounded_kp0_7599_dp0_1032_s256,+,0.7599,0.025,0.1032,256,125,0.0057,6.0884,0.047,5.177,0.021,0.0282,0.141,0.3517,True,True,0.2279,0.052,False,False,False,4,1.0,True
R_E_bounded_kp0_7599_dp0_1032_s256,+,0.7599,0.025,0.1032,256,150,0.0055,5.9302,0.0774,7.6546,0.0081,0.0292,0.1403,0.3536,True,True,0.2284,0.0524,False,False,False,4,1.0,True
R_E_bounded_kp0_7599_dp0_1032_s256,+,0.7599,0.025,0.1032,256,175,0.0067,7.1461,0.0749,7.7117,0.0176,0.0278,0.1405,0.3531,True,True,0.2283,0.0518,False,False,False,4,1.0,True
R_E_bounded_kp0_7599_dp0_1032_s256,+,0.7599,0.025,0.1032,256,200,0.0068,7.2084,0.0692,7.1909,0.0149,0.0262,0.1408,0.3523,True,True,0.2281,0.0512,False,False,False,4,1.0,True
R_E_bounded_kp0_7599_dp0_1032_s256,+,0.7599,0.025,0.1032,256,225,0.006,6.5141,0.0592,6.1206,0.0075,0.0264,0.1398,0.3518,True,True,0.228,0.0507,False,False,False,4,1.0,True
R_E_bounded_kp0_7599_dp0_1032_s256,+,0.7599,0.025,0.1032,256,250,0.0076,8.1712,0.0541,5.4319,0.0125,0.0257,0.1304,0.3498,True,True,0.2273,0.0516,False,False,False,4,1.0,True
R_E_bounded_kp0_7599_dp0_1032_s256,+,0.7599,0.025,0.1032,256,275,0.0068,7.712,0.0671,6.645,0.0043,0.0269,0.1291,0.3501,True,True,0.2274,0.0516,False,False,False,4,1.0,True
R_E_bounded_kp0_7599_dp0_1032_s256,+,0.7599,0.025,0.1032,256,300,0.0067,7.1222,0.0674,6.3348,0.0101,0.0266,0.1313,0.3503,True,True,0.2275,0.0518,False,False,False,4,1.0,True
R_E_bounded_kp0_7599_dp0_1032_s1024,+,0.7599,0.025,0.1032,1024,0,0.0063,7.8744,0.0793,7.7172,0.057,0.0403,0.3188,0.3551,False,True,0.2288,0.0514,False,False,False,3,0.75,True
R_E_bounded_kp0_7599_dp0_1032_s1024,+,0.7599,0.025,0.1032,1024,25,0.0072,8.0095,0.0591,5.9528,0.0076,0.0239,0.1322,0.351,True,True,0.2277,0.0513,False,False,False,4,1.0,True
R_E_bounded_kp0_7599_dp0_1032_s1024,+,0.7599,0.025,0.1032,1024,50,0.0073,7.6253,0.0542,5.6838,0.0189,0.0233,0.1324,0.3505,True,True,0.2276,0.0517,False,False,False,4,1.0,True
R_E_bounded_kp0_7599_dp0_1032_s1024,+,0.7599,0.025,0.1032,1024,75,0.007,7.5732,0.0547,5.3124,0.0262,0.0262,0.1429,0.3528,True,True,0.2282,0.0508,False,False,False,4,1.0,True
R_E_bounded_kp0_7599_dp0_1032_s1024,+,0.7599,0.025,0.1032,1024,100,0.0067,7.7646,0.0466,4.3154,0.0034,0.0284,0.1554,0.3527,True,True,0.2282,0.0514,False,False,False,4,1.0,True
R_E_bounded_kp0_7599_dp0_1032_s1024,+,0.7599,0.025,0.1032,1024,125,0.0065,6.7889,0.0695,7.5786,0.031,0.03,0.1558,0.3518,True,True,0.2279,0.0513,False,False,False,4,1.0,True
R_E_bounded_kp0_7599_dp0_1032_s1024,+,0.7599,0.025,0.1032,1024,150,0.0069,7.8148,0.0852,8.2861,0.0259,0.0305,0.1558,0.3518,True,True,0.2279,0.0519,False,False,False,4,1.0,True
R_E_bounded_kp0_7599_dp0_1032_s1024,+,0.7599,0.025,0.1032,1024,175,0.0072,7.8353,0.0747,7.6688,0.0012,0.0282,0.1315,0.3498,True,True,0.2273,0.0518,False,False,False,4,1.0,True
R_E_bounded_kp0_7599_dp0_1032_s1024,+,0.7599,0.025,0.1032,1024,200,0.0071,7.1625,0.0835,8.5231,0.0021,0.026,0.1314,0.35,True,True,0.2274,0.0534,False,False,False,4,1.0,True
R_E_bounded_kp0_7599_dp0_1032_s1024,+,0.7599,0.025,0.1032,1024,225,0.0063,6.5293,0.0625,6.7228,0.0045,0.0251,0.1367,0.3511,True,True,0.2277,0.0523,False,False,False,4,1.0,True
R_E_bounded_kp0_7599_dp0_1032_s1024,+,0.7599,0.025,0.1032,1024,250,0.0059,6.6306,0.0504,4.7669,0.0112,0.026,0.1366,0.3514,True,True,0.2278,0.0526,False,False,False,4,1.0,True
R_E_bounded_kp0_7599_dp0_1032_s1024,+,0.7599,0.025,0.1032,1024,275,0.006,6.8127,0.059,6.16,0.0138,0.0267,0.136,0.3528,True,True,0.2283,0.0523,False,False,False,4,1.0,True
R_E_bounded_kp0_7599_dp0_1032_s1024,+,0.7599,0.025,0.1032,1024,300,0.0056,6.1253,0.0676,6.5226,0.0007,0.0277,0.1359,0.3533,True,True,0.2284,0.0531,False,False,False,4,1.0,True
R_E_bounded_kp0_7599_dp0_1032_s31415,+,0.7599,0.025,0.1032,31415,0,0.0058,6.1409,0.0709,7.2192,0.0318,0.0395,0.2872,0.3537,False,True,0.2284,0.0501,False,False,False,3,0.75,True
R_E_bounded_kp0_7599_dp0_1032_s31415,+,0.7599,0.025,0.1032,31415,25,0.0064,6.8839,0.0588,6.1304,0.0067,0.0274,0.147,0.351,True,True,0.2277,0.051,False,False,False,4,1.0,True
R_E_bounded_kp0_7599_dp0_1032_s31415,+,0.7599,0.025,0.1032,31415,50,0.0068,7.7345,0.0522,5.3299,0.0024,0.0268,0.1469,0.3513,True,True,0.2278,0.0515,False,False,False,4,1.0,True
R_E_bounded_kp0_7599_dp0_1032_s31415,+,0.7599,0.025,0.1032,31415,75,0.0071,7.7584,0.0568,6.4443,0.0054,0.0264,0.1277,0.3507,True,True,0.2276,0.0513,False,False,False,4,1.0,True
R_E_bounded_kp0_7599_dp0_1032_s31415,+,0.7599,0.025,0.1032,31415,100,0.0062,6.9855,0.0544,5.1104,0.0035,0.0271,0.1276,0.3511,True,True,0.2277,0.051,False,False,False,4,1.0,True
R_E_bounded_kp0_7599_dp0_1032_s31415,+,0.7599,0.025,0.1032,31415,125,0.0071,7.9262,0.0636,6.9646,0.006,0.0271,0.1219,0.351,True,True,0.2277,0.052,False,False,False,4,1.0,True
R_E_bounded_kp0_7599_dp0_1032_s31415,+,0.7599,0.025,0.1032,31415,150,0.0064,7.6305,0.0629,6.0982,0.0042,0.0271,0.1234,0.3501,True,True,0.2274,0.0514,False,False,False,4,1.0,True
R_E_bounded_kp0_7599_dp0_1032_s31415,+,0.7599,0.025,0.1032,31415,175,0.0068,7.2365,0.066,6.1322,0.0006,0.028,0.1381,0.3505,True,True,0.2276,0.0523,False,False,False,4,1.0,True
R_E_bounded_kp0_7599_dp0_1032_s31415,+,0.7599,0.025,0.1032,31415,200,0.0084,8.9739,0.0565,5.9425,0.0047,0.027,0.144,0.3501,True,True,0.2274,0.0515,False,False,False,4,1.0,True
R_E_bounded_kp0_7599_dp0_1032_s31415,+,0.7599,0.025,0.1032,31415,225,0.0074,7.8865,0.0512,4.8727,0.0097,0.026,0.1437,0.3507,True,True,0.2276,0.0502,False,False,False,4,1.0,True
R_E_bounded_kp0_7599_dp0_1032_s31415,+,0.7599,0.025,0.1032,31415,250,0.0068,7.0444,0.0673,7.1729,0.0022,0.0279,0.1616,0.3515,True,True,0.2278,0.0513,False,False,False,4,1.0,True
R_E_bounded_kp0_7599_dp0_1032_s31415,+,0.7599,0.025,0.1032,31415,275,0.0068,7.0745,0.0594,5.9948,0.0013,0.0267,0.1618,0.351,True,True,0.2277,0.0512,False,False,False,4,1.0,True
R_E_bounded_kp0_7599_dp0_1032_s31415,+,0.7599,0.025,0.1032,31415,300,0.0064,7.3411,0.0719,6.8507,0.0143,0.0274,0.1416,0.3532,True,True,0.2284,0.0515,False,False,False,4,1.0,True
R_E_bounded_kp0_7599_dp0_2048_s42,+,0.7599,0.05,0.2048,42,0,0.0073,8.0017,0.0668,5.8903,0.1207,0.0594,0.3535,0.3395,False,True,0.2238,0.0531,False,False,False,3,0.75,True
R_E_bounded_kp0_7599_dp0_2048_s42,+,0.7599,0.05,0.2048,42,25,0.0076,7.9464,0.0569,5.206,0.0065,0.0266,0.1438,0.331,True,True,0.2214,0.053,False,False,False,4,1.0,True
R_E_bounded_kp0_7599_dp0_2048_s42,+,0.7599,0.05,0.2048,42,50,0.0084,8.7744,0.0589,5.9119,0.0252,0.0268,0.1499,0.3309,True,True,0.2213,0.0527,False,False,False,4,1.0,True
R_E_bounded_kp0_7599_dp0_2048_s42,+,0.7599,0.05,0.2048,42,75,0.0079,8.5313,0.0558,5.6013,0.005,0.027,0.1409,0.3321,True,True,0.2217,0.0521,False,False,False,4,1.0,True
R_E_bounded_kp0_7599_dp0_2048_s42,+,0.7599,0.05,0.2048,42,100,0.008,7.8317,0.065,6.6987,0.0131,0.0308,0.146,0.3315,True,True,0.2215,0.0522,False,False,False,4,1.0,True
R_E_bounded_kp0_7599_dp0_2048_s42,+,0.7599,0.05,0.2048,42,125,0.0071,8.1978,0.0681,6.1945,0.0208,0.0306,0.1462,0.331,True,True,0.2213,0.053,False,False,False,4,1.0,True
R_E_bounded_kp0_7599_dp0_2048_s42,+,0.7599,0.05,0.2048,42,150,0.0075,7.2531,0.0799,8.5715,0.0018,0.0322,0.1851,0.3306,True,True,0.2212,0.053,False,False,False,4,1.0,True
R_E_bounded_kp0_7599_dp0_2048_s42,+,0.7599,0.05,0.2048,42,175,0.008,8.0316,0.0912,8.5702,0.0166,0.0319,0.185,0.3308,True,True,0.2213,0.054,False,False,False,4,1.0,True
R_E_bounded_kp0_7599_dp0_2048_s42,+,0.7599,0.05,0.2048,42,200,0.0077,7.7785,0.0764,7.6753,0.0019,0.0297,0.1801,0.3309,True,True,0.2213,0.0532,False,False,False,4,1.0,True
R_E_bounded_kp0_7599_dp0_2048_s42,+,0.7599,0.05,0.2048,42,225,0.0083,9.2828,0.0918,9.66,0.003,0.029,0.1794,0.3322,True,True,0.2218,0.0533,False,False,False,4,1.0,True
R_E_bounded_kp0_7599_dp0_2048_s42,+,0.7599,0.05,0.2048,42,250,0.0071,7.8113,0.0653,6.3855,0.0042,0.028,0.1495,0.3318,True,True,0.2216,0.0525,False,False,False,4,1.0,True
R_E_bounded_kp0_7599_dp0_2048_s42,+,0.7599,0.05,0.2048,42,275,0.0064,6.8134,0.049,5.2923,0.0056,0.0271,0.1377,0.3311,True,True,0.2214,0.0519,False,False,False,4,1.0,True
R_E_bounded_kp0_7599_dp0_2048_s42,+,0.7599,0.05,0.2048,42,300,0.006,6.6726,0.0662,6.4446,0.0134,0.029,0.146,0.3316,True,True,0.2216,0.0518,False,False,False,4,1.0,True
R_E_bounded_kp0_7599_dp0_2048_s137,+,0.7599,0.05,0.2048,137,0,0.0076,8.1471,0.0521,5.1955,0.1276,0.0591,0.3285,0.3434,False,True,0.2251,0.0525,False,False,False,2,0.5,MIXED
R_E_bounded_kp0_7599_dp0_2048_s137,+,0.7599,0.05,0.2048,137,25,0.0078,7.7679,0.0559,5.5685,0.0405,0.0319,0.1644,0.3334,True,True,0.2221,0.052,False,False,False,3,0.75,True
R_E_bounded_kp0_7599_dp0_2048_s137,+,0.7599,0.05,0.2048,137,50,0.0097,9.9663,0.0503,4.9094,0.0125,0.0296,0.1404,0.3305,True,True,0.2212,0.0531,False,False,False,4,1.0,True
R_E_bounded_kp0_7599_dp0_2048_s137,+,0.7599,0.05,0.2048,137,75,0.0101,9.4652,0.0668,6.3505,0.0012,0.0289,0.1368,0.3305,True,True,0.2212,0.0524,False,False,False,4,1.0,True
R_E_bounded_kp0_7599_dp0_2048_s137,+,0.7599,0.05,0.2048,137,100,0.0094,8.5822,0.0685,6.5413,0.0182,0.0289,0.1367,0.3306,True,True,0.2212,0.0528,False,False,False,4,1.0,True
R_E_bounded_kp0_7599_dp0_2048_s137,+,0.7599,0.05,0.2048,137,125,0.0093,10.3031,0.0769,7.3757,0.0025,0.0274,0.1138,0.3305,True,True,0.2212,0.0521,False,False,False,4,1.0,True
R_E_bounded_kp0_7599_dp0_2048_s137,+,0.7599,0.05,0.2048,137,150,0.0089,9.1418,0.073,7.7308,0.0106,0.0262,0.1078,0.3303,True,True,0.2211,0.0525,False,False,False,4,1.0,True
R_E_bounded_kp0_7599_dp0_2048_s137,+,0.7599,0.05,0.2048,137,175,0.008,7.6295,0.0788,8.2198,0.002,0.0256,0.1053,0.3305,True,True,0.2212,0.0525,False,False,False,4,1.0,True
R_E_bounded_kp0_7599_dp0_2048_s137,+,0.7599,0.05,0.2048,137,200,0.0084,9.6423,0.08,7.9429,0.0074,0.028,0.1577,0.3296,True,True,0.2209,0.0522,False,False,False,4,1.0,True
R_E_bounded_kp0_7599_dp0_2048_s137,+,0.7599,0.05,0.2048,137,225,0.0086,9.8215,0.086,8.8092,0.0113,0.0263,0.1573,0.3306,True,True,0.2212,0.0526,False,False,False,4,1.0,True
R_E_bounded_kp0_7599_dp0_2048_s137,+,0.7599,0.05,0.2048,137,250,0.0088,8.4825,0.0649,6.677,0.0013,0.0269,0.1572,0.3309,True,True,0.2213,0.0528,False,False,False,4,1.0,True
R_E_bounded_kp0_7599_dp0_2048_s137,+,0.7599,0.05,0.2048,137,275,0.0093,9.6388,0.0504,5.0366,0.0163,0.0276,0.157,0.3312,True,True,0.2214,0.0531,False,False,False,4,1.0,True
R_E_bounded_kp0_7599_dp0_2048_s137,+,0.7599,0.05,0.2048,137,300,0.0098,10.6303,0.0624,6.8611,0.0024,0.0237,0.1265,0.3319,True,True,0.2217,0.0521,False,False,False,4,1.0,True
R_E_bounded_kp0_7599_dp0_2048_s256,+,0.7599,0.05,0.2048,256,0,0.0081,8.0152,0.0801,8.1436,0.1122,0.0591,0.3375,0.3425,False,True,0.2248,0.0515,False,False,False,3,0.75,True
R_E_bounded_kp0_7599_dp0_2048_s256,+,0.7599,0.05,0.2048,256,25,0.0088,9.2767,0.0857,7.5248,0.0234,0.0306,0.1607,0.3336,True,True,0.2222,0.0509,False,False,False,4,1.0,True
R_E_bounded_kp0_7599_dp0_2048_s256,+,0.7599,0.05,0.2048,256,50,0.0093,10.1688,0.089,9.1599,0.0366,0.0292,0.1463,0.3309,True,True,0.2213,0.0507,False,False,False,4,1.0,True
R_E_bounded_kp0_7599_dp0_2048_s256,+,0.7599,0.05,0.2048,256,75,0.0083,9.1505,0.0681,6.7068,0.0212,0.0299,0.144,0.3305,True,True,0.2212,0.0521,False,False,False,4,1.0,True
R_E_bounded_kp0_7599_dp0_2048_s256,+,0.7599,0.05,0.2048,256,100,0.0076,7.8335,0.064,6.804,0.011,0.0311,0.156,0.3308,True,True,0.2213,0.0525,False,False,False,4,1.0,True
R_E_bounded_kp0_7599_dp0_2048_s256,+,0.7599,0.05,0.2048,256,125,0.0069,7.5721,0.0494,5.3341,0.0298,0.0292,0.1497,0.3314,True,True,0.2215,0.0527,False,False,False,4,1.0,True
R_E_bounded_kp0_7599_dp0_2048_s256,+,0.7599,0.05,0.2048,256,150,0.0065,6.7486,0.0753,7.3417,0.0056,0.0292,0.1488,0.3333,True,True,0.2221,0.0533,False,False,False,4,1.0,True
R_E_bounded_kp0_7599_dp0_2048_s256,+,0.7599,0.05,0.2048,256,175,0.0081,8.6132,0.0706,7.4299,0.0236,0.0284,0.1514,0.3328,True,True,0.222,0.0524,False,False,False,4,1.0,True
R_E_bounded_kp0_7599_dp0_2048_s256,+,0.7599,0.05,0.2048,256,200,0.0082,8.8815,0.0668,6.6423,0.0235,0.0266,0.1485,0.3314,True,True,0.2215,0.0519,False,False,False,4,1.0,True
R_E_bounded_kp0_7599_dp0_2048_s256,+,0.7599,0.05,0.2048,256,225,0.0081,9.0053,0.0586,6.0657,0.0033,0.028,0.1486,0.3311,True,True,0.2214,0.051,False,False,False,4,1.0,True
R_E_bounded_kp0_7599_dp0_2048_s256,+,0.7599,0.05,0.2048,256,250,0.0099,10.7659,0.052,5.1631,0.0117,0.0281,0.1482,0.3292,True,True,0.2207,0.0518,False,False,False,4,1.0,True
R_E_bounded_kp0_7599_dp0_2048_s256,+,0.7599,0.05,0.2048,256,275,0.0088,9.3205,0.0661,6.868,0.0036,0.0283,0.1311,0.3295,True,True,0.2208,0.0523,False,False,False,4,1.0,True
R_E_bounded_kp0_7599_dp0_2048_s256,+,0.7599,0.05,0.2048,256,300,0.0085,8.7909,0.0702,6.7458,0.0028,0.0279,0.1346,0.3299,True,True,0.221,0.0523,False,False,False,4,1.0,True
R_E_bounded_kp0_7599_dp0_2048_s1024,+,0.7599,0.05,0.2048,1024,0,0.0075,9.2734,0.0782,7.8077,0.1291,0.0593,0.3324,0.3405,False,True,0.2242,0.0522,False,False,False,3,0.75,True
R_E_bounded_kp0_7599_dp0_2048_s1024,+,0.7599,0.05,0.2048,1024,25,0.0086,9.4923,0.0578,5.6366,0.0168,0.0273,0.1497,0.3313,True,True,0.2214,0.0527,False,False,False,4,1.0,True
R_E_bounded_kp0_7599_dp0_2048_s1024,+,0.7599,0.05,0.2048,1024,50,0.0083,8.814,0.0486,5.1302,0.0253,0.0251,0.149,0.3303,True,True,0.2211,0.053,False,False,False,4,1.0,True
R_E_bounded_kp0_7599_dp0_2048_s1024,+,0.7599,0.05,0.2048,1024,75,0.0079,8.9318,0.0491,4.8216,0.0278,0.0265,0.1479,0.3327,True,True,0.2219,0.0518,False,False,False,4,1.0,True
R_E_bounded_kp0_7599_dp0_2048_s1024,+,0.7599,0.05,0.2048,1024,100,0.0072,8.5383,0.0423,4.1024,0.0002,0.0284,0.1467,0.3326,True,True,0.2219,0.052,False,False,False,4,1.0,True
R_E_bounded_kp0_7599_dp0_2048_s1024,+,0.7599,0.05,0.2048,1024,125,0.0071,7.4772,0.0705,7.7364,0.0346,0.0307,0.1605,0.3315,True,True,0.2215,0.052,False,False,False,4,1.0,True
R_E_bounded_kp0_7599_dp0_2048_s1024,+,0.7599,0.05,0.2048,1024,150,0.0079,8.6578,0.0783,7.7078,0.0248,0.0317,0.1606,0.3313,True,True,0.2214,0.0523,False,False,False,4,1.0,True
R_E_bounded_kp0_7599_dp0_2048_s1024,+,0.7599,0.05,0.2048,1024,175,0.0078,8.0838,0.0676,7.0039,0.0021,0.0295,0.1506,0.3294,True,True,0.2208,0.0519,False,False,False,4,1.0,True
R_E_bounded_kp0_7599_dp0_2048_s1024,+,0.7599,0.05,0.2048,1024,200,0.0079,8.176,0.0782,8.2736,0.0001,0.0285,0.1422,0.329,True,True,0.2207,0.0537,False,False,False,4,1.0,True
R_E_bounded_kp0_7599_dp0_2048_s1024,+,0.7599,0.05,0.2048,1024,225,0.0072,7.6519,0.0561,6.0687,0.0005,0.0269,0.1306,0.3307,True,True,0.2213,0.0526,False,False,False,4,1.0,True
R_E_bounded_kp0_7599_dp0_2048_s1024,+,0.7599,0.05,0.2048,1024,250,0.0067,7.5044,0.0467,4.3847,0.0116,0.0276,0.139,0.3309,True,True,0.2213,0.0531,False,False,False,4,1.0,True
R_E_bounded_kp0_7599_dp0_2048_s1024,+,0.7599,0.05,0.2048,1024,275,0.0068,7.5343,0.0598,6.291,0.0116,0.0291,0.1386,0.3319,True,True,0.2216,0.0527,False,False,False,4,1.0,True
R_E_bounded_kp0_7599_dp0_2048_s1024,+,0.7599,0.05,0.2048,1024,300,0.0066,6.9782,0.0744,7.0476,0.0039,0.0291,0.1382,0.3329,True,True,0.222,0.0538,False,False,False,4,1.0,True
R_E_bounded_kp0_7599_dp0_2048_s31415,+,0.7599,0.05,0.2048,31415,0,0.0068,7.0695,0.0815,8.3518,0.0985,0.0542,0.2996,0.3391,False,True,0.2238,0.0514,False,False,False,3,0.75,True
R_E_bounded_kp0_7599_dp0_2048_s31415,+,0.7599,0.05,0.2048,31415,25,0.0079,8.3675,0.0659,6.9074,0.0098,0.0279,0.1545,0.3313,True,True,0.2215,0.0522,False,False,False,4,1.0,True
R_E_bounded_kp0_7599_dp0_2048_s31415,+,0.7599,0.05,0.2048,31415,50,0.0078,8.3778,0.0615,6.3878,0.002,0.0273,0.1533,0.3313,True,True,0.2215,0.0525,False,False,False,4,1.0,True
R_E_bounded_kp0_7599_dp0_2048_s31415,+,0.7599,0.05,0.2048,31415,75,0.0079,8.4995,0.0639,6.7803,0.001,0.0264,0.1259,0.3305,True,True,0.2212,0.0526,False,False,False,4,1.0,True
R_E_bounded_kp0_7599_dp0_2048_s31415,+,0.7599,0.05,0.2048,31415,100,0.0072,8.0394,0.0657,6.4136,0.0007,0.0271,0.1259,0.3306,True,True,0.2212,0.0517,False,False,False,4,1.0,True
R_E_bounded_kp0_7599_dp0_2048_s31415,+,0.7599,0.05,0.2048,31415,125,0.0079,8.6621,0.0649,6.8608,0.0023,0.027,0.127,0.3307,True,True,0.2213,0.0525,False,False,False,4,1.0,True
R_E_bounded_kp0_7599_dp0_2048_s31415,+,0.7599,0.05,0.2048,31415,150,0.0071,8.3111,0.0683,6.645,0.0058,0.0266,0.1236,0.3302,True,True,0.2211,0.0521,False,False,False,4,1.0,True
R_E_bounded_kp0_7599_dp0_2048_s31415,+,0.7599,0.05,0.2048,31415,175,0.0078,8.1392,0.0632,6.1105,0.0015,0.0285,0.1622,0.3305,True,True,0.2212,0.0529,False,False,False,4,1.0,True
R_E_bounded_kp0_7599_dp0_2048_s31415,+,0.7599,0.05,0.2048,31415,200,0.0093,10.286,0.0621,6.3339,0.0026,0.0281,0.1624,0.3301,True,True,0.2211,0.0521,False,False,False,4,1.0,True
R_E_bounded_kp0_7599_dp0_2048_s31415,+,0.7599,0.05,0.2048,31415,225,0.0082,8.9308,0.0577,5.2709,0.0107,0.0285,0.162,0.3308,True,True,0.2213,0.0512,False,False,False,4,1.0,True
R_E_bounded_kp0_7599_dp0_2048_s31415,+,0.7599,0.05,0.2048,31415,250,0.0081,8.4091,0.0781,8.3942,0.0131,0.0318,0.1943,0.3314,True,True,0.2215,0.0525,False,False,False,4,1.0,True
R_E_bounded_kp0_7599_dp0_2048_s31415,+,0.7599,0.05,0.2048,31415,275,0.008,8.2121,0.0695,7.1632,0.0052,0.0292,0.1893,0.3317,True,True,0.2216,0.0519,False,False,False,4,1.0,True
R_E_bounded_kp0_7599_dp0_2048_s31415,+,0.7599,0.05,0.2048,31415,300,0.0075,8.4755,0.0803,7.7572,0.0088,0.0295,0.1727,0.3336,True,True,0.2222,0.0523,False,False,False,4,1.0,True
R_E_bounded_kp0_7599_dp0_4055_s42,+,0.7599,0.1,0.4055,42,0,0.0092,9.7161,0.0683,6.0187,0.2735,0.1117,0.427,0.3101,False,True,0.2127,0.0535,False,False,False,3,0.75,True
R_E_bounded_kp0_7599_dp0_4055_s42,+,0.7599,0.1,0.4055,42,25,0.0099,10.285,0.065,6.0046,0.0097,0.0296,0.1783,0.2916,True,True,0.2065,0.0537,False,False,False,4,1.0,True
R_E_bounded_kp0_7599_dp0_4055_s42,+,0.7599,0.1,0.4055,42,50,0.0105,10.914,0.0643,6.8828,0.0231,0.0293,0.1759,0.2911,True,True,0.2063,0.0532,False,False,False,4,1.0,True
R_E_bounded_kp0_7599_dp0_4055_s42,+,0.7599,0.1,0.4055,42,75,0.0102,11.1314,0.0557,5.3778,0.0044,0.0294,0.1409,0.2924,True,True,0.2068,0.0526,False,False,False,4,1.0,True
R_E_bounded_kp0_7599_dp0_4055_s42,+,0.7599,0.1,0.4055,42,100,0.0104,10.6657,0.0608,5.9367,0.0106,0.0324,0.1413,0.2917,True,True,0.2065,0.0534,False,False,False,4,1.0,True
R_E_bounded_kp0_7599_dp0_4055_s42,+,0.7599,0.1,0.4055,42,125,0.01,11.5587,0.0643,6.1043,0.0194,0.0325,0.1415,0.2911,True,True,0.2063,0.0544,False,False,False,4,1.0,True
R_E_bounded_kp0_7599_dp0_4055_s42,+,0.7599,0.1,0.4055,42,150,0.0098,9.7386,0.0774,7.9822,0.0035,0.0341,0.1855,0.291,True,True,0.2062,0.0541,False,False,False,4,1.0,True
R_E_bounded_kp0_7599_dp0_4055_s42,+,0.7599,0.1,0.4055,42,175,0.0105,10.6337,0.0835,8.0959,0.015,0.0347,0.1858,0.2907,True,True,0.2061,0.0543,False,False,False,4,1.0,True
R_E_bounded_kp0_7599_dp0_4055_s42,+,0.7599,0.1,0.4055,42,200,0.0102,10.2321,0.0696,7.1971,0.0021,0.0338,0.2077,0.2908,True,True,0.2061,0.0537,False,False,False,4,1.0,True
R_E_bounded_kp0_7599_dp0_4055_s42,+,0.7599,0.1,0.4055,42,225,0.0099,10.1812,0.086,9.0401,0.0004,0.0329,0.2071,0.2916,True,True,0.2065,0.0538,False,False,False,4,1.0,True
R_E_bounded_kp0_7599_dp0_4055_s42,+,0.7599,0.1,0.4055,42,250,0.0093,10.5343,0.0664,6.2894,0.0031,0.0324,0.1815,0.2909,True,True,0.2062,0.0532,False,False,False,4,1.0,True
R_E_bounded_kp0_7599_dp0_4055_s42,+,0.7599,0.1,0.4055,42,275,0.0083,8.6182,0.0453,4.6165,0.0007,0.0299,0.1775,0.2907,True,True,0.2061,0.0527,False,False,False,4,1.0,True
R_E_bounded_kp0_7599_dp0_4055_s42,+,0.7599,0.1,0.4055,42,300,0.0076,8.7316,0.0598,6.1177,0.0072,0.0316,0.1567,0.291,True,True,0.2062,0.0527,False,False,False,4,1.0,True
R_E_bounded_kp0_7599_dp0_4055_s137,+,0.7599,0.1,0.4055,137,0,0.0098,10.7837,0.0486,4.9857,0.2983,0.1098,0.3802,0.3156,False,True,0.2148,0.0531,False,False,False,2,0.5,MIXED
R_E_bounded_kp0_7599_dp0_4055_s137,+,0.7599,0.1,0.4055,137,25,0.0111,10.951,0.0553,5.8028,0.0872,0.0451,0.2098,0.2956,True,True,0.208,0.0521,False,False,False,3,0.75,True
R_E_bounded_kp0_7599_dp0_4055_s137,+,0.7599,0.1,0.4055,137,50,0.0126,13.1266,0.0585,5.7059,0.0104,0.0335,0.1779,0.2901,True,True,0.2059,0.0533,False,False,False,4,1.0,True
R_E_bounded_kp0_7599_dp0_4055_s137,+,0.7599,0.1,0.4055,137,75,0.0128,12.1818,0.0747,7.2651,0.0109,0.0315,0.1534,0.2895,True,True,0.2056,0.0525,False,False,False,4,1.0,True
R_E_bounded_kp0_7599_dp0_4055_s137,+,0.7599,0.1,0.4055,137,100,0.0122,12.2224,0.075,7.5292,0.0183,0.0311,0.1464,0.2897,True,True,0.2057,0.0534,False,False,False,4,1.0,True
R_E_bounded_kp0_7599_dp0_4055_s137,+,0.7599,0.1,0.4055,137,125,0.0113,12.3431,0.0782,7.5422,0.0062,0.0298,0.1313,0.2895,True,True,0.2056,0.0531,False,False,False,4,1.0,True
R_E_bounded_kp0_7599_dp0_4055_s137,+,0.7599,0.1,0.4055,137,150,0.0114,11.481,0.0786,8.1695,0.0085,0.0293,0.1317,0.2885,True,True,0.2052,0.0537,False,False,False,4,1.0,True
R_E_bounded_kp0_7599_dp0_4055_s137,+,0.7599,0.1,0.4055,137,175,0.0101,10.2636,0.0731,7.5481,0.0035,0.0295,0.1436,0.2896,True,True,0.2057,0.0543,False,False,False,4,1.0,True
R_E_bounded_kp0_7599_dp0_4055_s137,+,0.7599,0.1,0.4055,137,200,0.01,11.7195,0.0806,7.9389,0.0233,0.0315,0.1521,0.2893,True,True,0.2055,0.0541,False,False,False,4,1.0,True
R_E_bounded_kp0_7599_dp0_4055_s137,+,0.7599,0.1,0.4055,137,225,0.0099,10.9313,0.0795,8.1832,0.0279,0.0304,0.1515,0.2905,True,True,0.206,0.054,False,False,False,4,1.0,True
R_E_bounded_kp0_7599_dp0_4055_s137,+,0.7599,0.1,0.4055,137,250,0.0091,9.2237,0.0627,6.0969,0.0042,0.0321,0.1648,0.2913,True,True,0.2064,0.0537,False,False,False,4,1.0,True
R_E_bounded_kp0_7599_dp0_4055_s137,+,0.7599,0.1,0.4055,137,275,0.0094,9.8132,0.0557,5.6617,0.0074,0.0326,0.1647,0.2915,True,True,0.2064,0.0538,False,False,False,4,1.0,True
R_E_bounded_kp0_7599_dp0_4055_s137,+,0.7599,0.1,0.4055,137,300,0.0101,10.6699,0.0679,7.6584,0.0002,0.0297,0.1605,0.2916,True,True,0.2065,0.0531,False,False,False,4,1.0,True
R_E_bounded_kp0_7599_dp0_4055_s256,+,0.7599,0.1,0.4055,256,0,0.0104,10.5389,0.0834,8.2925,0.2725,0.1104,0.3962,0.313,False,True,0.2138,0.0523,False,False,False,3,0.75,True
R_E_bounded_kp0_7599_dp0_4055_s256,+,0.7599,0.1,0.4055,256,25,0.0116,12.1005,0.0836,7.469,0.0387,0.0362,0.2476,0.2941,True,True,0.2075,0.0522,False,False,False,4,1.0,True
R_E_bounded_kp0_7599_dp0_4055_s256,+,0.7599,0.1,0.4055,256,50,0.0119,13.1721,0.0868,8.4006,0.0424,0.0331,0.1829,0.2909,True,True,0.2062,0.0522,False,False,False,4,1.0,True
R_E_bounded_kp0_7599_dp0_4055_s256,+,0.7599,0.1,0.4055,256,75,0.0109,11.5705,0.0691,7.1132,0.0243,0.0347,0.1831,0.2905,True,True,0.206,0.053,False,False,False,4,1.0,True
R_E_bounded_kp0_7599_dp0_4055_s256,+,0.7599,0.1,0.4055,256,100,0.0101,10.1229,0.0591,6.0586,0.0023,0.0368,0.1873,0.2904,True,True,0.206,0.0536,False,False,False,4,1.0,True
R_E_bounded_kp0_7599_dp0_4055_s256,+,0.7599,0.1,0.4055,256,125,0.0093,10.5598,0.0494,5.4576,0.0336,0.0341,0.1594,0.2912,True,True,0.2063,0.0537,False,False,False,4,1.0,True
R_E_bounded_kp0_7599_dp0_4055_s256,+,0.7599,0.1,0.4055,256,150,0.0088,8.8638,0.0674,7.1707,0.0098,0.034,0.1583,0.2931,True,True,0.2071,0.0536,False,False,False,4,1.0,True
R_E_bounded_kp0_7599_dp0_4055_s256,+,0.7599,0.1,0.4055,256,175,0.0102,10.8102,0.0695,7.5451,0.0241,0.0339,0.1725,0.2921,True,True,0.2067,0.0535,False,False,False,4,1.0,True
R_E_bounded_kp0_7599_dp0_4055_s256,+,0.7599,0.1,0.4055,256,200,0.0101,10.7124,0.0678,6.6719,0.0317,0.0318,0.1538,0.2913,True,True,0.2063,0.0524,False,False,False,4,1.0,True
R_E_bounded_kp0_7599_dp0_4055_s256,+,0.7599,0.1,0.4055,256,225,0.0096,10.3635,0.0485,4.6523,0.0129,0.0317,0.1544,0.2901,True,True,0.2058,0.0516,False,False,False,4,1.0,True
R_E_bounded_kp0_7599_dp0_4055_s256,+,0.7599,0.1,0.4055,256,250,0.0109,12.1681,0.0454,4.5582,0.0133,0.0326,0.1625,0.288,True,True,0.205,0.0523,False,False,False,4,1.0,True
R_E_bounded_kp0_7599_dp0_4055_s256,+,0.7599,0.1,0.4055,256,275,0.0095,9.942,0.0683,7.0957,0.0054,0.031,0.147,0.2884,True,True,0.2051,0.0538,False,False,False,4,1.0,True
R_E_bounded_kp0_7599_dp0_4055_s256,+,0.7599,0.1,0.4055,256,300,0.009,9.646,0.0738,6.6653,0.0051,0.0296,0.1387,0.2883,True,True,0.2051,0.0534,False,False,False,4,1.0,True
R_E_bounded_kp0_7599_dp0_4055_s1024,+,0.7599,0.1,0.4055,1024,0,0.009,11.0345,0.0777,7.7328,0.3021,0.1138,0.395,0.3109,False,True,0.213,0.0529,False,False,False,3,0.75,True
R_E_bounded_kp0_7599_dp0_4055_s1024,+,0.7599,0.1,0.4055,1024,25,0.0107,11.9256,0.0601,6.0469,0.0435,0.034,0.1483,0.2914,True,True,0.2064,0.0537,False,False,False,4,1.0,True
R_E_bounded_kp0_7599_dp0_4055_s1024,+,0.7599,0.1,0.4055,1024,50,0.0109,11.3178,0.0458,5.0814,0.0329,0.0289,0.1256,0.2899,True,True,0.2058,0.054,False,False,False,4,1.0,True
R_E_bounded_kp0_7599_dp0_4055_s1024,+,0.7599,0.1,0.4055,1024,75,0.0105,11.5763,0.0549,5.4368,0.0388,0.03,0.1413,0.2916,True,True,0.2065,0.053,False,False,False,4,1.0,True
R_E_bounded_kp0_7599_dp0_4055_s1024,+,0.7599,0.1,0.4055,1024,100,0.0099,11.5463,0.0481,4.7611,0.0005,0.0323,0.1876,0.2922,True,True,0.2067,0.0535,False,False,False,4,1.0,True
R_E_bounded_kp0_7599_dp0_4055_s1024,+,0.7599,0.1,0.4055,1024,125,0.0097,10.2292,0.0625,7.3882,0.0465,0.0356,0.1882,0.2911,True,True,0.2063,0.0535,False,False,False,4,1.0,True
R_E_bounded_kp0_7599_dp0_4055_s1024,+,0.7599,0.1,0.4055,1024,150,0.0098,10.7311,0.0706,7.5431,0.0336,0.0357,0.1892,0.2896,True,True,0.2056,0.053,False,False,False,4,1.0,True
R_E_bounded_kp0_7599_dp0_4055_s1024,+,0.7599,0.1,0.4055,1024,175,0.0093,9.8505,0.0671,6.5708,0.003,0.0339,0.1678,0.2885,True,True,0.2052,0.0527,False,False,False,4,1.0,True
R_E_bounded_kp0_7599_dp0_4055_s1024,+,0.7599,0.1,0.4055,1024,200,0.01,10.2904,0.0729,7.0962,0.0056,0.0319,0.1543,0.2878,True,True,0.2049,0.054,False,False,False,4,1.0,True
R_E_bounded_kp0_7599_dp0_4055_s1024,+,0.7599,0.1,0.4055,1024,225,0.0099,9.8333,0.0532,5.7,0.0081,0.0301,0.1298,0.2897,True,True,0.2057,0.0534,False,False,False,4,1.0,True
R_E_bounded_kp0_7599_dp0_4055_s1024,+,0.7599,0.1,0.4055,1024,250,0.0094,10.3708,0.0459,4.3676,0.0106,0.0313,0.1403,0.2908,True,True,0.2062,0.0541,False,False,False,4,1.0,True
R_E_bounded_kp0_7599_dp0_4055_s1024,+,0.7599,0.1,0.4055,1024,275,0.0096,10.0919,0.0542,5.4709,0.0124,0.0326,0.1401,0.2913,True,True,0.2063,0.0538,False,False,False,4,1.0,True
R_E_bounded_kp0_7599_dp0_4055_s1024,+,0.7599,0.1,0.4055,1024,300,0.009,9.7098,0.0621,5.948,0.0104,0.0306,0.13,0.2923,True,True,0.2068,0.0551,False,False,False,4,1.0,True
R_E_bounded_kp0_7599_dp0_4055_s31415,+,0.7599,0.1,0.4055,31415,0,0.0091,8.9758,0.0839,8.572,0.2616,0.1075,0.3652,0.3088,False,True,0.2124,0.0521,False,False,False,3,0.75,True
R_E_bounded_kp0_7599_dp0_4055_s31415,+,0.7599,0.1,0.4055,31415,25,0.0107,11.3149,0.0617,5.8922,0.0217,0.0349,0.1981,0.2907,True,True,0.2061,0.0528,False,False,False,4,1.0,True
R_E_bounded_kp0_7599_dp0_4055_s31415,+,0.7599,0.1,0.4055,31415,50,0.01,10.2145,0.0601,6.5259,0.0033,0.0323,0.1913,0.2906,True,True,0.2061,0.0525,False,False,False,4,1.0,True
R_E_bounded_kp0_7599_dp0_4055_s31415,+,0.7599,0.1,0.4055,31415,75,0.01,10.2798,0.0628,6.2367,0.007,0.0308,0.1517,0.29,True,True,0.2058,0.0526,False,False,False,4,1.0,True
R_E_bounded_kp0_7599_dp0_4055_s31415,+,0.7599,0.1,0.4055,31415,100,0.0095,10.6351,0.0758,7.3121,0.005,0.0322,0.152,0.2895,True,True,0.2056,0.0528,False,False,False,4,1.0,True
R_E_bounded_kp0_7599_dp0_4055_s31415,+,0.7599,0.1,0.4055,31415,125,0.0097,10.4005,0.0695,7.2944,0.0198,0.0326,0.1563,0.2892,True,True,0.2055,0.0532,False,False,False,4,1.0,True
R_E_bounded_kp0_7599_dp0_4055_s31415,+,0.7599,0.1,0.4055,31415,150,0.009,10.8657,0.07,6.7445,0.004,0.0311,0.1442,0.2885,True,True,0.2052,0.0529,False,False,False,4,1.0,True
R_E_bounded_kp0_7599_dp0_4055_s31415,+,0.7599,0.1,0.4055,31415,175,0.0095,10.1083,0.0556,5.3752,0.0041,0.0334,0.179,0.2883,True,True,0.2051,0.0535,False,False,False,4,1.0,True
R_E_bounded_kp0_7599_dp0_4055_s31415,+,0.7599,0.1,0.4055,31415,200,0.0103,11.3207,0.0498,5.1458,0.005,0.033,0.1787,0.2888,True,True,0.2053,0.0524,False,False,False,4,1.0,True
R_E_bounded_kp0_7599_dp0_4055_s31415,+,0.7599,0.1,0.4055,31415,225,0.0097,10.2772,0.0409,4.0421,0.0085,0.0314,0.1643,0.2898,True,True,0.2057,0.052,False,False,False,4,1.0,True
R_E_bounded_kp0_7599_dp0_4055_s31415,+,0.7599,0.1,0.4055,31415,250,0.0106,11.9511,0.064,6.7652,0.0155,0.0344,0.1902,0.2902,True,True,0.2059,0.0535,False,False,False,4,1.0,True
R_E_bounded_kp0_7599_dp0_4055_s31415,+,0.7599,0.1,0.4055,31415,275,0.0098,10.1632,0.0644,6.328,0.0106,0.0309,0.1896,0.2912,True,True,0.2063,0.0526,False,False,False,4,1.0,True
R_E_bounded_kp0_7599_dp0_4055_s31415,+,0.7599,0.1,0.4055,31415,300,0.0099,10.406,0.0841,7.8759,0.0167,0.0308,0.1735,0.2928,True,True,0.207,0.0529,False,False,False,4,1.0,True
R_E_bounded_km0_7599_d0_0000_s42,-,-0.7599,0.0,0.0,42,0,0.0035,4.0645,-0.0522,-4.7174,0.0141,0.0342,0.3368,0.4193,False,True,0.2433,0.0493,False,False,False,0,0.0,False
R_E_bounded_km0_7599_d0_0000_s42,-,-0.7599,0.0,0.0,42,25,0.0041,4.7589,-0.0487,-4.9483,0.0024,0.024,0.1405,0.4185,True,True,0.2432,0.0487,False,False,False,0,0.0,False
R_E_bounded_km0_7599_d0_0000_s42,-,-0.7599,0.0,0.0,42,50,0.0052,5.8577,-0.0483,-4.5478,0.0084,0.0257,0.1423,0.4189,True,True,0.2433,0.0494,False,False,False,0,0.0,False
R_E_bounded_km0_7599_d0_0000_s42,-,-0.7599,0.0,0.0,42,75,0.0048,5.5121,-0.0518,-5.0697,0.0014,0.0234,0.1269,0.4192,True,True,0.2434,0.0489,False,False,False,0,0.0,False
R_E_bounded_km0_7599_d0_0000_s42,-,-0.7599,0.0,0.0,42,100,0.0052,5.2625,-0.0492,-5.1473,0.0006,0.0255,0.1269,0.4191,True,True,0.2433,0.0483,False,False,False,0,0.0,False
R_E_bounded_km0_7599_d0_0000_s42,-,-0.7599,0.0,0.0,42,125,0.0042,4.4119,-0.0508,-4.8339,0.0071,0.0246,0.1271,0.4187,True,True,0.2433,0.0485,False,False,False,0,0.0,False
R_E_bounded_km0_7599_d0_0000_s42,-,-0.7599,0.0,0.0,42,150,0.0044,4.7316,-0.0482,-4.5521,0.0001,0.025,0.1425,0.4184,True,True,0.2432,0.0478,False,False,False,0,0.0,False
R_E_bounded_km0_7599_d0_0000_s42,-,-0.7599,0.0,0.0,42,175,0.0054,5.8627,-0.0389,-3.5466,0.006,0.0255,0.1423,0.4188,True,True,0.2433,0.0486,False,False,False,0,0.0,False
R_E_bounded_km0_7599_d0_0000_s42,-,-0.7599,0.0,0.0,42,200,0.0049,4.9429,-0.0371,-3.8703,0.0021,0.0255,0.155,0.4182,True,True,0.2432,0.0486,False,False,False,0,0.0,False
R_E_bounded_km0_7599_d0_0000_s42,-,-0.7599,0.0,0.0,42,225,0.0047,5.4892,-0.0355,-3.5753,0.0007,0.0249,0.1547,0.4188,True,True,0.2433,0.0488,False,False,False,0,0.0,False
R_E_bounded_km0_7599_d0_0000_s42,-,-0.7599,0.0,0.0,42,250,0.0032,3.5701,-0.0502,-5.2198,0.0028,0.0236,0.1147,0.4185,True,True,0.2433,0.0491,False,False,False,0,0.0,False
R_E_bounded_km0_7599_d0_0000_s42,-,-0.7599,0.0,0.0,42,275,0.0023,2.7925,-0.0567,-5.983,0.0019,0.024,0.1225,0.4179,True,True,0.2432,0.0481,False,False,False,0,0.0,False
R_E_bounded_km0_7599_d0_0000_s42,-,-0.7599,0.0,0.0,42,300,0.0017,2.1885,-0.051,-5.2543,0.0015,0.0229,0.1375,0.4188,True,True,0.2433,0.0476,False,False,False,0,0.0,False
R_E_bounded_km0_7599_d0_0000_s137,-,-0.7599,0.0,0.0,137,0,0.0044,4.9255,-0.052,-5.3873,0.0205,0.0357,0.3233,0.4195,False,True,0.2433,0.0478,False,False,False,0,0.0,False
R_E_bounded_km0_7599_d0_0000_s137,-,-0.7599,0.0,0.0,137,25,0.0046,5.0214,-0.052,-5.595,0.0073,0.0261,0.1215,0.4182,True,True,0.2432,0.0478,False,False,False,0,0.0,False
R_E_bounded_km0_7599_d0_0000_s137,-,-0.7599,0.0,0.0,137,50,0.0059,6.2748,-0.0606,-5.5778,0.0005,0.0269,0.1253,0.4182,True,True,0.2432,0.0484,False,False,False,0,0.0,False
R_E_bounded_km0_7599_d0_0000_s137,-,-0.7599,0.0,0.0,137,75,0.0055,5.9575,-0.0533,-4.7226,0.0071,0.0264,0.1253,0.4183,True,True,0.2432,0.0478,False,False,False,0,0.0,False
R_E_bounded_km0_7599_d0_0000_s137,-,-0.7599,0.0,0.0,137,100,0.005,5.1803,-0.0458,-4.7042,0.0003,0.0252,0.1253,0.4183,True,True,0.2432,0.0479,False,False,False,0,0.0,False
R_E_bounded_km0_7599_d0_0000_s137,-,-0.7599,0.0,0.0,137,125,0.0042,4.8304,-0.0364,-3.3554,0.0047,0.0215,0.1149,0.4179,True,True,0.2432,0.0474,False,False,False,0,0.0,False
R_E_bounded_km0_7599_d0_0000_s137,-,-0.7599,0.0,0.0,137,150,0.0044,5.2943,-0.0452,-4.5894,0.0032,0.0198,0.0976,0.4182,True,True,0.2432,0.0478,False,False,False,0,0.0,False
R_E_bounded_km0_7599_d0_0000_s137,-,-0.7599,0.0,0.0,137,175,0.004,3.9273,-0.0519,-5.3915,0.0027,0.0188,0.108,0.4186,True,True,0.2433,0.0488,False,False,False,0,0.0,False
R_E_bounded_km0_7599_d0_0000_s137,-,-0.7599,0.0,0.0,137,200,0.0046,5.262,-0.042,-4.2411,0.0043,0.0203,0.1099,0.4186,True,True,0.2433,0.0478,False,False,False,0,0.0,False
R_E_bounded_km0_7599_d0_0000_s137,-,-0.7599,0.0,0.0,137,225,0.0042,4.5669,-0.0362,-3.6037,0.0004,0.0201,0.1099,0.4186,True,True,0.2433,0.0475,False,False,False,0,0.0,False
R_E_bounded_km0_7599_d0_0000_s137,-,-0.7599,0.0,0.0,137,250,0.0033,3.6344,-0.0596,-6.0483,0.0031,0.0213,0.1023,0.4183,True,True,0.2433,0.0478,False,False,False,0,0.0,False
R_E_bounded_km0_7599_d0_0000_s137,-,-0.7599,0.0,0.0,137,275,0.0041,4.2534,-0.0598,-5.8039,0.0012,0.0226,0.109,0.4184,True,True,0.2433,0.0485,False,False,False,0,0.0,False
R_E_bounded_km0_7599_d0_0000_s137,-,-0.7599,0.0,0.0,137,300,0.0033,3.7986,-0.0504,-5.2148,0.0004,0.0233,0.1023,0.4182,True,True,0.2432,0.0479,False,False,False,0,0.0,False
R_E_bounded_km0_7599_d0_0000_s256,-,-0.7599,0.0,0.0,256,0,0.0044,4.5375,-0.0376,-3.9708,0.0111,0.0385,0.3526,0.4209,False,True,0.2435,0.0462,False,False,False,0,0.0,False
R_E_bounded_km0_7599_d0_0000_s256,-,-0.7599,0.0,0.0,256,25,0.0043,4.2443,-0.034,-3.0943,0.0046,0.0244,0.0973,0.4194,True,True,0.2434,0.0457,False,False,False,0,0.0,False
R_E_bounded_km0_7599_d0_0000_s256,-,-0.7599,0.0,0.0,256,50,0.0051,5.5681,-0.03,-2.9121,0.0179,0.0241,0.1014,0.4183,True,True,0.2432,0.0464,False,False,False,0,0.0,False
R_E_bounded_km0_7599_d0_0000_s256,-,-0.7599,0.0,0.0,256,75,0.004,4.805,-0.0428,-4.41,0.0135,0.0253,0.1331,0.4179,True,True,0.2431,0.0474,False,False,False,0,0.0,False
R_E_bounded_km0_7599_d0_0000_s256,-,-0.7599,0.0,0.0,256,100,0.0038,4.3474,-0.0484,-5.0166,0.0065,0.0258,0.1331,0.4179,True,True,0.2431,0.0485,False,False,False,0,0.0,False
R_E_bounded_km0_7599_d0_0000_s256,-,-0.7599,0.0,0.0,256,125,0.004,4.4793,-0.0608,-6.0405,0.0146,0.0247,0.1463,0.4183,True,True,0.2432,0.0485,False,False,False,0,0.0,False
R_E_bounded_km0_7599_d0_0000_s256,-,-0.7599,0.0,0.0,256,150,0.0031,3.754,-0.0555,-5.6952,0.0057,0.0241,0.1458,0.4197,True,True,0.2434,0.0485,False,False,False,0,0.0,False
R_E_bounded_km0_7599_d0_0000_s256,-,-0.7599,0.0,0.0,256,175,0.0039,4.1945,-0.0523,-5.1452,0.0113,0.0239,0.1411,0.4195,True,True,0.2434,0.0479,False,False,False,0,0.0,False
R_E_bounded_km0_7599_d0_0000_s256,-,-0.7599,0.0,0.0,256,200,0.0036,3.9368,-0.0478,-4.9684,0.0091,0.0225,0.1413,0.4189,True,True,0.2433,0.0478,False,False,False,0,0.0,False
R_E_bounded_km0_7599_d0_0000_s256,-,-0.7599,0.0,0.0,256,225,0.0027,3.1202,-0.0524,-5.1161,0.0082,0.0221,0.1233,0.4185,True,True,0.2433,0.048,False,False,False,0,0.0,False
R_E_bounded_km0_7599_d0_0000_s256,-,-0.7599,0.0,0.0,256,250,0.0049,5.1732,-0.0599,-5.7677,0.0044,0.0225,0.1235,0.4177,True,True,0.2431,0.0482,False,False,False,0,0.0,False
R_E_bounded_km0_7599_d0_0000_s256,-,-0.7599,0.0,0.0,256,275,0.0047,5.2072,-0.0412,-4.1561,0.0006,0.0213,0.1062,0.4181,True,True,0.2432,0.0484,False,False,False,0,0.0,False
R_E_bounded_km0_7599_d0_0000_s256,-,-0.7599,0.0,0.0,256,300,0.0051,5.5797,-0.0456,-4.2415,0.0017,0.0214,0.1043,0.418,True,True,0.2432,0.0478,False,False,False,0,0.0,False
R_E_bounded_km0_7599_d0_0000_s1024,-,-0.7599,0.0,0.0,1024,0,0.0045,5.8107,-0.0422,-4.5897,0.0184,0.0359,0.3326,0.4197,False,True,0.2433,0.0484,False,False,False,0,0.0,False
R_E_bounded_km0_7599_d0_0000_s1024,-,-0.7599,0.0,0.0,1024,25,0.0053,5.8837,-0.0419,-4.0516,0.0043,0.0211,0.0975,0.4187,True,True,0.2433,0.0483,False,False,False,0,0.0,False
R_E_bounded_km0_7599_d0_0000_s1024,-,-0.7599,0.0,0.0,1024,50,0.0053,5.6949,-0.046,-5.171,0.0118,0.0218,0.0984,0.4186,True,True,0.2433,0.0487,False,False,False,0,0.0,False
R_E_bounded_km0_7599_d0_0000_s1024,-,-0.7599,0.0,0.0,1024,75,0.0043,4.6803,-0.0493,-4.4181,0.0091,0.0237,0.119,0.42,True,True,0.2435,0.0482,False,False,False,0,0.0,False
R_E_bounded_km0_7599_d0_0000_s1024,-,-0.7599,0.0,0.0,1024,100,0.0041,4.6159,-0.0537,-5.6187,0.0083,0.0238,0.1192,0.4193,True,True,0.2434,0.0485,False,False,False,0,0.0,False
R_E_bounded_km0_7599_d0_0000_s1024,-,-0.7599,0.0,0.0,1024,125,0.0036,4.1549,-0.0462,-4.8155,0.0185,0.0253,0.1282,0.4182,True,True,0.2432,0.0482,False,False,False,0,0.0,False
R_E_bounded_km0_7599_d0_0000_s1024,-,-0.7599,0.0,0.0,1024,150,0.0027,3.3078,-0.0442,-4.3329,0.0122,0.025,0.1196,0.418,True,True,0.2432,0.048,False,False,False,0,0.0,False
R_E_bounded_km0_7599_d0_0000_s1024,-,-0.7599,0.0,0.0,1024,175,0.0037,4.4253,-0.0499,-4.7962,0.0084,0.0238,0.1112,0.4171,True,True,0.243,0.048,False,False,False,0,0.0,False
R_E_bounded_km0_7599_d0_0000_s1024,-,-0.7599,0.0,0.0,1024,200,0.004,4.2006,-0.0389,-4.1792,0.0081,0.0236,0.1187,0.4178,True,True,0.2431,0.0485,False,False,False,0,0.0,False
R_E_bounded_km0_7599_d0_0000_s1024,-,-0.7599,0.0,0.0,1024,225,0.004,4.1512,-0.0477,-4.9651,0.0003,0.0227,0.1004,0.4185,True,True,0.2433,0.0485,False,False,False,0,0.0,False
R_E_bounded_km0_7599_d0_0000_s1024,-,-0.7599,0.0,0.0,1024,250,0.0046,5.1081,-0.0546,-5.2918,0.0027,0.023,0.1203,0.419,True,True,0.2434,0.0491,False,False,False,0,0.0,False
R_E_bounded_km0_7599_d0_0000_s1024,-,-0.7599,0.0,0.0,1024,275,0.0041,4.779,-0.0478,-4.7339,0.0046,0.0232,0.1259,0.4195,True,True,0.2434,0.049,False,False,False,0,0.0,False
R_E_bounded_km0_7599_d0_0000_s1024,-,-0.7599,0.0,0.0,1024,300,0.0041,4.774,-0.0498,-5.2348,0.0026,0.0236,0.1259,0.4195,True,True,0.2434,0.0488,False,False,False,0,0.0,False
R_E_bounded_km0_7599_d0_0000_s31415,-,-0.7599,0.0,0.0,31415,0,0.0026,3.06,-0.0424,-4.1233,0.0026,0.0398,0.3826,0.4182,False,True,0.243,0.0475,False,False,False,0,0.0,False
R_E_bounded_km0_7599_d0_0000_s31415,-,-0.7599,0.0,0.0,31415,25,0.0037,4.265,-0.0469,-4.7683,0.0011,0.0228,0.1321,0.418,True,True,0.2432,0.0481,False,False,False,0,0.0,False
R_E_bounded_km0_7599_d0_0000_s31415,-,-0.7599,0.0,0.0,31415,50,0.0036,4.1222,-0.0559,-5.706,0.0045,0.0233,0.1168,0.418,True,True,0.2432,0.0485,False,False,False,0,0.0,False
R_E_bounded_km0_7599_d0_0000_s31415,-,-0.7599,0.0,0.0,31415,75,0.0039,4.3093,-0.0584,-6.2987,0.0004,0.0236,0.1082,0.4178,True,True,0.2431,0.0485,False,False,False,0,0.0,False
R_E_bounded_km0_7599_d0_0000_s31415,-,-0.7599,0.0,0.0,31415,100,0.0043,4.7013,-0.0533,-5.1761,0.0038,0.0249,0.1082,0.4176,True,True,0.2431,0.048,False,False,False,0,0.0,False
R_E_bounded_km0_7599_d0_0000_s31415,-,-0.7599,0.0,0.0,31415,125,0.0049,5.5695,-0.0461,-4.8286,0.0022,0.0245,0.1082,0.4177,True,True,0.2431,0.048,False,False,False,0,0.0,False
R_E_bounded_km0_7599_d0_0000_s31415,-,-0.7599,0.0,0.0,31415,150,0.0048,5.7918,-0.0448,-4.4316,0.0039,0.0235,0.1083,0.4175,True,True,0.2431,0.0473,False,False,False,0,0.0,False
R_E_bounded_km0_7599_d0_0000_s31415,-,-0.7599,0.0,0.0,31415,175,0.004,4.1511,-0.0479,-4.357,0.0039,0.0244,0.1283,0.4178,True,True,0.2431,0.0489,False,False,False,0,0.0,False
R_E_bounded_km0_7599_d0_0000_s31415,-,-0.7599,0.0,0.0,31415,200,0.0051,5.5455,-0.0574,-5.4875,0.0018,0.024,0.1284,0.4176,True,True,0.2431,0.0484,False,False,False,0,0.0,False
R_E_bounded_km0_7599_d0_0000_s31415,-,-0.7599,0.0,0.0,31415,225,0.0037,4.2227,-0.055,-4.9589,0.003,0.0243,0.1341,0.4176,True,True,0.2431,0.0476,False,False,False,0,0.0,False
R_E_bounded_km0_7599_d0_0000_s31415,-,-0.7599,0.0,0.0,31415,250,0.0023,2.7254,-0.0408,-4.36,0.0016,0.0249,0.1349,0.4182,True,True,0.2432,0.0482,False,False,False,0,0.0,False
R_E_bounded_km0_7599_d0_0000_s31415,-,-0.7599,0.0,0.0,31415,275,0.0026,3.3097,-0.0469,-4.5857,0.0008,0.0232,0.1283,0.4178,True,True,0.2432,0.0479,False,False,False,0,0.0,False
R_E_bounded_km0_7599_d0_0000_s31415,-,-0.7599,0.0,0.0,31415,300,0.0018,2.3242,-0.0481,-4.3041,0.0075,0.0236,0.1279,0.4192,True,True,0.2434,0.0479,False,False,False,0,0.0,False
R_E_bounded_km0_7599_dm0_0524_s42,-,-0.7599,0.0125,-0.0524,42,0,0.0031,3.6767,-0.055,-4.9867,0.0194,0.0358,0.317,0.4177,False,True,0.243,0.0496,False,False,False,3,0.75,True
R_E_bounded_km0_7599_dm0_0524_s42,-,-0.7599,0.0125,-0.0524,42,25,0.004,4.6061,-0.0492,-4.9673,0.0248,0.027,0.1319,0.4184,True,True,0.2432,0.0488,False,False,False,4,1.0,True
R_E_bounded_km0_7599_dm0_0524_s42,-,-0.7599,0.0125,-0.0524,42,50,0.0055,6.1112,-0.0472,-4.4274,0.0118,0.0276,0.147,0.4189,True,True,0.2433,0.0495,False,False,False,4,1.0,True
R_E_bounded_km0_7599_dm0_0524_s42,-,-0.7599,0.0125,-0.0524,42,75,0.0053,6.079,-0.0531,-5.2231,0.0193,0.0262,0.1384,0.4192,True,True,0.2434,0.0489,False,False,False,4,1.0,True
R_E_bounded_km0_7599_dm0_0524_s42,-,-0.7599,0.0125,-0.0524,42,100,0.0059,6.0014,-0.0529,-5.4638,0.0217,0.028,0.1383,0.4192,True,True,0.2433,0.0484,False,False,False,4,1.0,True
R_E_bounded_km0_7599_dm0_0524_s42,-,-0.7599,0.0125,-0.0524,42,125,0.0049,5.074,-0.0512,-4.92,0.0154,0.027,0.1289,0.4188,True,True,0.2433,0.0485,False,False,False,4,1.0,True
R_E_bounded_km0_7599_dm0_0524_s42,-,-0.7599,0.0125,-0.0524,42,150,0.0047,4.795,-0.047,-4.4056,0.0213,0.0281,0.1386,0.4184,True,True,0.2432,0.0479,False,False,False,4,1.0,True
R_E_bounded_km0_7599_dm0_0524_s42,-,-0.7599,0.0125,-0.0524,42,175,0.0053,5.9263,-0.0382,-3.5177,0.0242,0.0284,0.1385,0.4188,True,True,0.2433,0.0485,False,False,False,4,1.0,True
R_E_bounded_km0_7599_dm0_0524_s42,-,-0.7599,0.0125,-0.0524,42,200,0.0046,4.8257,-0.0398,-4.2059,0.0223,0.0293,0.1531,0.418,True,True,0.2431,0.0484,False,False,False,4,1.0,True
R_E_bounded_km0_7599_dm0_0524_s42,-,-0.7599,0.0125,-0.0524,42,225,0.0045,5.2392,-0.0366,-3.7763,0.0219,0.0293,0.1529,0.4186,True,True,0.2432,0.0485,False,False,False,4,1.0,True
R_E_bounded_km0_7599_dm0_0524_s42,-,-0.7599,0.0125,-0.0524,42,250,0.003,3.3806,-0.0497,-5.1251,0.0225,0.028,0.1386,0.4184,True,True,0.2432,0.0489,False,False,False,4,1.0,True
R_E_bounded_km0_7599_dm0_0524_s42,-,-0.7599,0.0125,-0.0524,42,275,0.0026,3.1565,-0.0574,-5.9183,0.0249,0.0284,0.1349,0.418,True,True,0.2431,0.0479,False,False,False,4,1.0,True
R_E_bounded_km0_7599_dm0_0524_s42,-,-0.7599,0.0125,-0.0524,42,300,0.0018,2.3335,-0.0526,-5.4693,0.0206,0.0266,0.1222,0.419,True,True,0.2433,0.0474,False,False,False,4,1.0,True
R_E_bounded_km0_7599_dm0_0524_s137,-,-0.7599,0.0125,-0.0524,137,0,0.0041,4.582,-0.0486,-5.0773,0.0253,0.0375,0.3255,0.4179,False,True,0.243,0.0479,False,False,False,3,0.75,True
R_E_bounded_km0_7599_dm0_0524_s137,-,-0.7599,0.0125,-0.0524,137,25,0.0043,4.6867,-0.0513,-5.4642,0.0302,0.0297,0.1301,0.4182,True,True,0.2432,0.0477,False,False,False,4,1.0,True
R_E_bounded_km0_7599_dm0_0524_s137,-,-0.7599,0.0125,-0.0524,137,50,0.0057,6.2154,-0.0579,-5.3504,0.0219,0.0308,0.1358,0.4182,True,True,0.2431,0.0484,False,False,False,4,1.0,True
R_E_bounded_km0_7599_dm0_0524_s137,-,-0.7599,0.0125,-0.0524,137,75,0.0051,5.4844,-0.0531,-4.8049,0.0125,0.0309,0.1358,0.4182,True,True,0.2431,0.0476,False,False,False,4,1.0,True
R_E_bounded_km0_7599_dm0_0524_s137,-,-0.7599,0.0125,-0.0524,137,100,0.0045,4.7835,-0.0442,-4.4962,0.021,0.0299,0.1358,0.4182,True,True,0.2432,0.0476,False,False,False,4,1.0,True
R_E_bounded_km0_7599_dm0_0524_s137,-,-0.7599,0.0125,-0.0524,137,125,0.004,4.5498,-0.0346,-3.2538,0.0274,0.0264,0.1321,0.4178,True,True,0.2431,0.0473,False,False,False,4,1.0,True
R_E_bounded_km0_7599_dm0_0524_s137,-,-0.7599,0.0125,-0.0524,137,150,0.0042,5.1039,-0.0459,-4.4647,0.0174,0.0239,0.1282,0.4182,True,True,0.2432,0.0477,False,False,False,4,1.0,True
R_E_bounded_km0_7599_dm0_0524_s137,-,-0.7599,0.0125,-0.0524,137,175,0.0041,4.0284,-0.0538,-5.6554,0.023,0.0235,0.1319,0.4186,True,True,0.2433,0.0486,False,False,False,4,1.0,True
R_E_bounded_km0_7599_dm0_0524_s137,-,-0.7599,0.0125,-0.0524,137,200,0.0047,5.2549,-0.0442,-4.4727,0.0183,0.0251,0.1319,0.4184,True,True,0.2432,0.0476,False,False,False,4,1.0,True
R_E_bounded_km0_7599_dm0_0524_s137,-,-0.7599,0.0125,-0.0524,137,225,0.0043,4.906,-0.036,-3.55,0.0202,0.0247,0.1319,0.4184,True,True,0.2432,0.0474,False,False,False,4,1.0,True
R_E_bounded_km0_7599_dm0_0524_s137,-,-0.7599,0.0125,-0.0524,137,250,0.0034,3.6496,-0.0569,-5.8226,0.0224,0.0255,0.1253,0.4183,True,True,0.2432,0.0481,False,False,False,4,1.0,True
R_E_bounded_km0_7599_dm0_0524_s137,-,-0.7599,0.0125,-0.0524,137,275,0.0039,3.9545,-0.0614,-5.9378,0.0227,0.0272,0.1272,0.4182,True,True,0.2432,0.0489,False,False,False,4,1.0,True
R_E_bounded_km0_7599_dm0_0524_s137,-,-0.7599,0.0125,-0.0524,137,300,0.0032,3.7402,-0.0545,-5.7616,0.0222,0.0279,0.1396,0.4182,True,True,0.2432,0.0481,False,False,False,4,1.0,True
R_E_bounded_km0_7599_dm0_0524_s256,-,-0.7599,0.0125,-0.0524,256,0,0.0044,4.5867,-0.0439,-4.5955,0.0157,0.04,0.3538,0.4194,False,True,0.2432,0.0466,False,False,False,3,0.75,True
R_E_bounded_km0_7599_dm0_0524_s256,-,-0.7599,0.0125,-0.0524,256,25,0.0045,4.4938,-0.038,-3.4576,0.0174,0.0271,0.1278,0.4195,True,True,0.2434,0.046,False,False,False,4,1.0,True
R_E_bounded_km0_7599_dm0_0524_s256,-,-0.7599,0.0125,-0.0524,256,50,0.0053,5.8489,-0.031,-2.9918,0.0391,0.028,0.1281,0.4186,True,True,0.2432,0.0465,False,False,False,4,1.0,True
R_E_bounded_km0_7599_dm0_0524_s256,-,-0.7599,0.0125,-0.0524,256,75,0.004,4.886,-0.0429,-4.4347,0.0085,0.0286,0.1283,0.4179,True,True,0.2431,0.0475,False,False,False,4,1.0,True
R_E_bounded_km0_7599_dm0_0524_s256,-,-0.7599,0.0125,-0.0524,256,100,0.0036,4.1306,-0.0496,-5.0364,0.0164,0.0291,0.1302,0.4179,True,True,0.2431,0.0488,False,False,False,4,1.0,True
R_E_bounded_km0_7599_dm0_0524_s256,-,-0.7599,0.0125,-0.0524,256,125,0.0037,3.9995,-0.0641,-6.4732,0.0345,0.0287,0.1386,0.4183,True,True,0.2432,0.0487,False,False,False,4,1.0,True
R_E_bounded_km0_7599_dm0_0524_s256,-,-0.7599,0.0125,-0.0524,256,150,0.0027,3.3324,-0.0584,-6.0493,0.0143,0.027,0.1382,0.4196,True,True,0.2434,0.0486,False,False,False,4,1.0,True
R_E_bounded_km0_7599_dm0_0524_s256,-,-0.7599,0.0125,-0.0524,256,175,0.0034,3.7156,-0.055,-5.2381,0.0115,0.0267,0.1411,0.4195,True,True,0.2434,0.0477,False,False,False,4,1.0,True
R_E_bounded_km0_7599_dm0_0524_s256,-,-0.7599,0.0125,-0.0524,256,200,0.0031,3.3902,-0.0506,-5.0733,0.0302,0.0266,0.147,0.4189,True,True,0.2433,0.0479,False,False,False,4,1.0,True
R_E_bounded_km0_7599_dm0_0524_s256,-,-0.7599,0.0125,-0.0524,256,225,0.0025,2.9047,-0.0494,-4.9306,0.0138,0.0257,0.1242,0.4186,True,True,0.2433,0.0478,False,False,False,4,1.0,True
R_E_bounded_km0_7599_dm0_0524_s256,-,-0.7599,0.0125,-0.0524,256,250,0.0047,4.9891,-0.0545,-5.1758,0.0258,0.0269,0.1245,0.4178,True,True,0.2431,0.0481,False,False,False,4,1.0,True
R_E_bounded_km0_7599_dm0_0524_s256,-,-0.7599,0.0125,-0.0524,256,275,0.0047,5.1706,-0.0386,-3.7353,0.0196,0.0264,0.1359,0.4181,True,True,0.2432,0.0482,False,False,False,4,1.0,True
R_E_bounded_km0_7599_dm0_0524_s256,-,-0.7599,0.0125,-0.0524,256,300,0.0052,5.83,-0.0436,-4.0748,0.0212,0.0262,0.1311,0.4181,True,True,0.2432,0.0477,False,False,False,4,1.0,True
R_E_bounded_km0_7599_dm0_0524_s1024,-,-0.7599,0.0125,-0.0524,1024,0,0.0047,6.0314,-0.043,-4.625,0.0219,0.0372,0.3394,0.4184,False,True,0.2431,0.0482,False,False,False,3,0.75,True
R_E_bounded_km0_7599_dm0_0524_s1024,-,-0.7599,0.0125,-0.0524,1024,25,0.0057,6.1035,-0.044,-4.3189,0.0267,0.0244,0.1137,0.4188,True,True,0.2433,0.0479,False,False,False,4,1.0,True
R_E_bounded_km0_7599_dm0_0524_s1024,-,-0.7599,0.0125,-0.0524,1024,50,0.0053,5.7514,-0.0448,-4.9015,0.01,0.0254,0.1108,0.4188,True,True,0.2433,0.0486,False,False,False,4,1.0,True
R_E_bounded_km0_7599_dm0_0524_s1024,-,-0.7599,0.0125,-0.0524,1024,75,0.0045,4.9739,-0.0509,-4.6597,0.0291,0.0285,0.1104,0.4202,True,True,0.2435,0.048,False,False,False,4,1.0,True
R_E_bounded_km0_7599_dm0_0524_s1024,-,-0.7599,0.0125,-0.0524,1024,100,0.0039,4.5151,-0.0557,-5.8645,0.0304,0.0297,0.1336,0.4193,True,True,0.2433,0.0486,False,False,False,4,1.0,True
R_E_bounded_km0_7599_dm0_0524_s1024,-,-0.7599,0.0125,-0.0524,1024,125,0.0033,3.8258,-0.0481,-5.221,0.0022,0.0295,0.1339,0.4182,True,True,0.2432,0.0484,False,False,False,4,1.0,True
R_E_bounded_km0_7599_dm0_0524_s1024,-,-0.7599,0.0125,-0.0524,1024,150,0.0026,3.1675,-0.0455,-4.3276,0.0325,0.0295,0.134,0.418,True,True,0.2431,0.0481,False,False,False,4,1.0,True
R_E_bounded_km0_7599_dm0_0524_s1024,-,-0.7599,0.0125,-0.0524,1024,175,0.0033,3.9169,-0.0487,-4.622,0.0291,0.0277,0.1324,0.4171,True,True,0.243,0.0481,False,False,False,4,1.0,True
R_E_bounded_km0_7599_dm0_0524_s1024,-,-0.7599,0.0125,-0.0524,1024,200,0.0038,3.927,-0.0387,-4.1394,0.0157,0.0267,0.112,0.4177,True,True,0.2431,0.0486,False,False,False,4,1.0,True
R_E_bounded_km0_7599_dm0_0524_s1024,-,-0.7599,0.0125,-0.0524,1024,225,0.0037,3.7152,-0.0477,-4.8557,0.0192,0.0268,0.1119,0.4184,True,True,0.2432,0.0486,False,False,False,4,1.0,True
R_E_bounded_km0_7599_dm0_0524_s1024,-,-0.7599,0.0125,-0.0524,1024,250,0.0042,4.5527,-0.0565,-5.5,0.0173,0.0266,0.1404,0.4188,True,True,0.2433,0.0495,False,False,False,4,1.0,True
R_E_bounded_km0_7599_dm0_0524_s1024,-,-0.7599,0.0125,-0.0524,1024,275,0.0038,4.3526,-0.049,-4.8562,0.0272,0.027,0.1564,0.4194,True,True,0.2434,0.0492,False,False,False,4,1.0,True
R_E_bounded_km0_7599_dm0_0524_s1024,-,-0.7599,0.0125,-0.0524,1024,300,0.0035,4.172,-0.0505,-5.1947,0.0194,0.0272,0.1564,0.4195,True,True,0.2434,0.0489,False,False,False,4,1.0,True
R_E_bounded_km0_7599_dm0_0524_s31415,-,-0.7599,0.0125,-0.0524,31415,0,0.0026,3.1366,-0.0436,-4.2941,0.0127,0.04,0.3829,0.4179,False,True,0.243,0.0475,False,False,False,0,0.0,False
R_E_bounded_km0_7599_dm0_0524_s31415,-,-0.7599,0.0125,-0.0524,31415,25,0.0039,4.3697,-0.0478,-4.8117,0.0105,0.0236,0.1298,0.4192,True,True,0.2434,0.0479,False,False,False,1,0.25,False
R_E_bounded_km0_7599_dm0_0524_s31415,-,-0.7599,0.0125,-0.0524,31415,50,0.0037,4.1678,-0.0534,-5.4805,0.0149,0.0255,0.1313,0.4175,True,True,0.2431,0.0486,False,False,False,2,0.5,MIXED
R_E_bounded_km0_7599_dm0_0524_s31415,-,-0.7599,0.0125,-0.0524,31415,75,0.0041,4.6629,-0.059,-6.3219,0.0156,0.0268,0.1348,0.4185,True,True,0.2432,0.0484,False,False,False,3,0.75,True
R_E_bounded_km0_7599_dm0_0524_s31415,-,-0.7599,0.0125,-0.0524,31415,100,0.0042,4.8023,-0.0504,-5.0342,0.0195,0.0287,0.135,0.4177,True,True,0.2431,0.0479,False,False,False,4,1.0,True
R_E_bounded_km0_7599_dm0_0524_s31415,-,-0.7599,0.0125,-0.0524,31415,125,0.0048,5.5,-0.0447,-4.7357,0.0218,0.0284,0.1351,0.4175,True,True,0.2431,0.048,False,False,False,4,1.0,True
R_E_bounded_km0_7599_dm0_0524_s31415,-,-0.7599,0.0125,-0.0524,31415,150,0.0045,5.4922,-0.0421,-4.2054,0.0255,0.0277,0.1342,0.4173,True,True,0.243,0.0473,False,False,False,4,1.0,True
R_E_bounded_km0_7599_dm0_0524_s31415,-,-0.7599,0.0125,-0.0524,31415,175,0.0036,3.8579,-0.0476,-4.3962,0.0255,0.0288,0.1437,0.4176,True,True,0.2431,0.0489,False,False,False,4,1.0,True
R_E_bounded_km0_7599_dm0_0524_s31415,-,-0.7599,0.0125,-0.0524,31415,200,0.0052,5.6656,-0.0569,-5.5373,0.019,0.0284,0.1457,0.4174,True,True,0.243,0.0485,False,False,False,4,1.0,True
R_E_bounded_km0_7599_dm0_0524_s31415,-,-0.7599,0.0125,-0.0524,31415,225,0.0036,4.1175,-0.0561,-5.0784,0.0231,0.0287,0.1476,0.4174,True,True,0.243,0.0476,False,False,False,4,1.0,True
R_E_bounded_km0_7599_dm0_0524_s31415,-,-0.7599,0.0125,-0.0524,31415,250,0.0025,2.8077,-0.0435,-4.675,0.0221,0.0287,0.1474,0.418,True,True,0.2431,0.0481,False,False,False,4,1.0,True
R_E_bounded_km0_7599_dm0_0524_s31415,-,-0.7599,0.0125,-0.0524,31415,275,0.0029,3.5491,-0.0491,-4.9175,0.0247,0.0268,0.1474,0.4178,True,True,0.2431,0.0481,False,False,False,4,1.0,True
R_E_bounded_km0_7599_dm0_0524_s31415,-,-0.7599,0.0125,-0.0524,31415,300,0.0021,2.6497,-0.0457,-4.2694,0.0138,0.0261,0.1375,0.419,True,True,0.2433,0.048,False,False,False,4,1.0,True
R_E_bounded_km0_7599_dm0_1054_s42,-,-0.7599,0.025,-0.1054,42,0,0.0029,3.492,-0.0557,-5.0691,0.027,0.0418,0.3326,0.4161,False,True,0.2427,0.0497,False,False,False,3,0.75,True
R_E_bounded_km0_7599_dm0_1054_s42,-,-0.7599,0.025,-0.1054,42,25,0.0041,4.7842,-0.053,-5.4944,0.0467,0.0377,0.1644,0.4184,True,True,0.2431,0.049,False,False,False,4,1.0,True
R_E_bounded_km0_7599_dm0_1054_s42,-,-0.7599,0.025,-0.1054,42,50,0.0058,6.3479,-0.0478,-4.602,0.0312,0.038,0.1814,0.4189,True,True,0.2432,0.0497,False,False,False,4,1.0,True
R_E_bounded_km0_7599_dm0_1054_s42,-,-0.7599,0.025,-0.1054,42,75,0.0057,6.5735,-0.0506,-5.1521,0.0427,0.0369,0.1784,0.4193,True,True,0.2432,0.0491,False,False,False,4,1.0,True
R_E_bounded_km0_7599_dm0_1054_s42,-,-0.7599,0.025,-0.1054,42,100,0.0063,6.6833,-0.0479,-5.1062,0.046,0.0377,0.1784,0.4194,True,True,0.2432,0.0485,False,False,False,4,1.0,True
R_E_bounded_km0_7599_dm0_1054_s42,-,-0.7599,0.025,-0.1054,42,125,0.0049,5.212,-0.049,-4.7836,0.0356,0.0358,0.1566,0.4188,True,True,0.2432,0.0486,False,False,False,4,1.0,True
R_E_bounded_km0_7599_dm0_1054_s42,-,-0.7599,0.025,-0.1054,42,150,0.0047,4.9872,-0.0464,-4.2316,0.0445,0.0372,0.1444,0.4183,True,True,0.2431,0.048,False,False,False,4,1.0,True
R_E_bounded_km0_7599_dm0_1054_s42,-,-0.7599,0.025,-0.1054,42,175,0.0053,5.9369,-0.0382,-3.4968,0.0456,0.0377,0.1538,0.4186,True,True,0.2431,0.0487,False,False,False,4,1.0,True
R_E_bounded_km0_7599_dm0_1054_s42,-,-0.7599,0.025,-0.1054,42,200,0.0048,5.052,-0.0407,-4.4722,0.0459,0.0393,0.1685,0.4177,True,True,0.243,0.0486,False,False,False,4,1.0,True
R_E_bounded_km0_7599_dm0_1054_s42,-,-0.7599,0.025,-0.1054,42,225,0.0047,5.2988,-0.0377,-3.9193,0.043,0.0399,0.1683,0.4182,True,True,0.243,0.0484,False,False,False,4,1.0,True
R_E_bounded_km0_7599_dm0_1054_s42,-,-0.7599,0.025,-0.1054,42,250,0.0032,3.5951,-0.0536,-5.5615,0.044,0.039,0.1684,0.4181,True,True,0.243,0.0486,False,False,False,4,1.0,True
R_E_bounded_km0_7599_dm0_1054_s42,-,-0.7599,0.025,-0.1054,42,275,0.003,3.4554,-0.0601,-6.1493,0.0478,0.0386,0.1599,0.4177,True,True,0.243,0.0478,False,False,False,4,1.0,True
R_E_bounded_km0_7599_dm0_1054_s42,-,-0.7599,0.025,-0.1054,42,300,0.0019,2.3955,-0.0525,-5.5412,0.0432,0.0365,0.1547,0.4188,True,True,0.2432,0.0474,False,False,False,4,1.0,True
R_E_bounded_km0_7599_dm0_1054_s137,-,-0.7599,0.025,-0.1054,137,0,0.0038,4.3235,-0.0509,-5.4819,0.0314,0.0434,0.344,0.4163,False,True,0.2427,0.0477,False,False,False,3,0.75,True
R_E_bounded_km0_7599_dm0_1054_s137,-,-0.7599,0.025,-0.1054,137,25,0.004,4.2889,-0.0538,-5.7187,0.0516,0.0393,0.1742,0.418,True,True,0.243,0.0474,False,False,False,4,1.0,True
R_E_bounded_km0_7599_dm0_1054_s137,-,-0.7599,0.025,-0.1054,137,50,0.0054,5.6835,-0.061,-5.6493,0.0449,0.04,0.1742,0.4179,True,True,0.243,0.0484,False,False,False,4,1.0,True
R_E_bounded_km0_7599_dm0_1054_s137,-,-0.7599,0.025,-0.1054,137,75,0.0047,5.1022,-0.052,-4.7527,0.0355,0.0402,0.1742,0.418,True,True,0.243,0.0478,False,False,False,4,1.0,True
R_E_bounded_km0_7599_dm0_1054_s137,-,-0.7599,0.025,-0.1054,137,100,0.0042,4.4685,-0.0428,-4.3649,0.0414,0.0394,0.1741,0.4181,True,True,0.243,0.0477,False,False,False,4,1.0,True
R_E_bounded_km0_7599_dm0_1054_s137,-,-0.7599,0.025,-0.1054,137,125,0.0038,4.4317,-0.0377,-3.4822,0.0487,0.0365,0.1619,0.4175,True,True,0.243,0.0473,False,False,False,4,1.0,True
R_E_bounded_km0_7599_dm0_1054_s137,-,-0.7599,0.025,-0.1054,137,150,0.0043,5.1035,-0.0458,-4.4909,0.0414,0.0344,0.1608,0.4179,True,True,0.2431,0.0478,False,False,False,4,1.0,True
R_E_bounded_km0_7599_dm0_1054_s137,-,-0.7599,0.025,-0.1054,137,175,0.0039,3.8627,-0.0563,-5.929,0.0451,0.0343,0.1578,0.4183,True,True,0.2431,0.0485,False,False,False,4,1.0,True
R_E_bounded_km0_7599_dm0_1054_s137,-,-0.7599,0.025,-0.1054,137,200,0.0047,5.4003,-0.043,-4.2682,0.0395,0.0358,0.1579,0.418,True,True,0.2431,0.0476,False,False,False,4,1.0,True
R_E_bounded_km0_7599_dm0_1054_s137,-,-0.7599,0.025,-0.1054,137,225,0.0043,4.716,-0.0341,-3.2778,0.0431,0.0355,0.1578,0.4182,True,True,0.2431,0.0474,False,False,False,4,1.0,True
R_E_bounded_km0_7599_dm0_1054_s137,-,-0.7599,0.025,-0.1054,137,250,0.0033,3.5134,-0.0549,-5.7365,0.0443,0.0361,0.1492,0.4182,True,True,0.2431,0.0482,False,False,False,4,1.0,True
R_E_bounded_km0_7599_dm0_1054_s137,-,-0.7599,0.025,-0.1054,137,275,0.0042,4.2808,-0.0618,-5.9535,0.0452,0.0374,0.1597,0.4182,True,True,0.2431,0.049,False,False,False,4,1.0,True
R_E_bounded_km0_7599_dm0_1054_s137,-,-0.7599,0.025,-0.1054,137,300,0.0035,4.1017,-0.0568,-6.0799,0.0453,0.0378,0.1722,0.4182,True,True,0.2431,0.0481,False,False,False,4,1.0,True
R_E_bounded_km0_7599_dm0_1054_s256,-,-0.7599,0.025,-0.1054,256,0,0.0045,4.636,-0.047,-4.8802,0.0211,0.0453,0.3742,0.418,False,True,0.2429,0.0468,False,False,False,3,0.75,True
R_E_bounded_km0_7599_dm0_1054_s256,-,-0.7599,0.025,-0.1054,256,25,0.0047,4.8866,-0.0411,-3.7514,0.0383,0.0362,0.165,0.4195,True,True,0.2433,0.0459,False,False,False,4,1.0,True
R_E_bounded_km0_7599_dm0_1054_s256,-,-0.7599,0.025,-0.1054,256,50,0.0052,5.6976,-0.0347,-3.378,0.0624,0.038,0.1587,0.4185,True,True,0.2431,0.0465,False,False,False,4,1.0,True
R_E_bounded_km0_7599_dm0_1054_s256,-,-0.7599,0.025,-0.1054,256,75,0.0035,4.3542,-0.0454,-4.5511,0.0289,0.0378,0.159,0.4176,True,True,0.243,0.0475,False,False,False,4,1.0,True
R_E_bounded_km0_7599_dm0_1054_s256,-,-0.7599,0.025,-0.1054,256,100,0.0034,3.7597,-0.0521,-5.3065,0.0376,0.0384,0.1599,0.4177,True,True,0.243,0.0488,False,False,False,4,1.0,True
R_E_bounded_km0_7599_dm0_1054_s256,-,-0.7599,0.025,-0.1054,256,125,0.0036,3.8164,-0.0647,-6.5573,0.0574,0.0387,0.1655,0.4181,True,True,0.243,0.0488,False,False,False,4,1.0,True
R_E_bounded_km0_7599_dm0_1054_s256,-,-0.7599,0.025,-0.1054,256,150,0.003,3.5041,-0.0573,-5.8127,0.0359,0.0358,0.166,0.4194,True,True,0.2433,0.0488,False,False,False,4,1.0,True
R_E_bounded_km0_7599_dm0_1054_s256,-,-0.7599,0.025,-0.1054,256,175,0.0038,3.8961,-0.052,-4.9615,0.0316,0.0354,0.166,0.4193,True,True,0.2433,0.048,False,False,False,4,1.0,True
R_E_bounded_km0_7599_dm0_1054_s256,-,-0.7599,0.025,-0.1054,256,200,0.0034,3.7457,-0.0504,-5.2043,0.0519,0.036,0.1672,0.4187,True,True,0.2432,0.048,False,False,False,4,1.0,True
R_E_bounded_km0_7599_dm0_1054_s256,-,-0.7599,0.025,-0.1054,256,225,0.0025,2.9162,-0.0506,-4.9661,0.0376,0.0349,0.153,0.4184,True,True,0.2431,0.0479,False,False,False,4,1.0,True
R_E_bounded_km0_7599_dm0_1054_s256,-,-0.7599,0.025,-0.1054,256,250,0.0045,4.767,-0.0546,-5.197,0.0469,0.0369,0.1561,0.4176,True,True,0.243,0.0484,False,False,False,4,1.0,True
R_E_bounded_km0_7599_dm0_1054_s256,-,-0.7599,0.025,-0.1054,256,275,0.0046,5.0237,-0.0394,-3.8053,0.0408,0.0369,0.1656,0.4179,True,True,0.243,0.0483,False,False,False,4,1.0,True
R_E_bounded_km0_7599_dm0_1054_s256,-,-0.7599,0.025,-0.1054,256,300,0.0049,5.4564,-0.0409,-3.8392,0.0429,0.0369,0.1656,0.4179,True,True,0.243,0.0476,False,False,False,4,1.0,True
R_E_bounded_km0_7599_dm0_1054_s1024,-,-0.7599,0.025,-0.1054,1024,0,0.0044,5.5004,-0.0438,-4.7731,0.0296,0.0425,0.3639,0.4166,False,True,0.2427,0.0483,False,False,False,3,0.75,True
R_E_bounded_km0_7599_dm0_1054_s1024,-,-0.7599,0.025,-0.1054,1024,25,0.0054,5.8339,-0.0477,-4.7605,0.0478,0.0344,0.152,0.4185,True,True,0.2431,0.0479,False,False,False,4,1.0,True
R_E_bounded_km0_7599_dm0_1054_s1024,-,-0.7599,0.025,-0.1054,1024,50,0.0052,5.6439,-0.0444,-4.8414,0.0321,0.0354,0.152,0.4184,True,True,0.2431,0.0485,False,False,False,4,1.0,True
R_E_bounded_km0_7599_dm0_1054_s1024,-,-0.7599,0.025,-0.1054,1024,75,0.0045,4.8531,-0.0522,-4.7309,0.0531,0.0391,0.1515,0.4198,True,True,0.2433,0.0481,False,False,False,4,1.0,True
R_E_bounded_km0_7599_dm0_1054_s1024,-,-0.7599,0.025,-0.1054,1024,100,0.004,4.7598,-0.0521,-5.4592,0.0523,0.0408,0.1613,0.419,True,True,0.2432,0.0485,False,False,False,4,1.0,True
R_E_bounded_km0_7599_dm0_1054_s1024,-,-0.7599,0.025,-0.1054,1024,125,0.0035,4.1479,-0.0448,-4.8393,0.0244,0.0403,0.1598,0.418,True,True,0.243,0.0484,False,False,False,4,1.0,True
R_E_bounded_km0_7599_dm0_1054_s1024,-,-0.7599,0.025,-0.1054,1024,150,0.003,3.6204,-0.0443,-4.232,0.0569,0.0406,0.1599,0.4177,True,True,0.2429,0.0481,False,False,False,4,1.0,True
R_E_bounded_km0_7599_dm0_1054_s1024,-,-0.7599,0.025,-0.1054,1024,175,0.0034,4.0619,-0.0463,-4.408,0.0503,0.0383,0.1526,0.4167,True,True,0.2428,0.0481,False,False,False,4,1.0,True
R_E_bounded_km0_7599_dm0_1054_s1024,-,-0.7599,0.025,-0.1054,1024,200,0.0038,3.7917,-0.0373,-4.0925,0.0385,0.0366,0.1313,0.4173,True,True,0.2429,0.0487,False,False,False,4,1.0,True
R_E_bounded_km0_7599_dm0_1054_s1024,-,-0.7599,0.025,-0.1054,1024,225,0.0038,3.8421,-0.0471,-4.7997,0.042,0.0367,0.134,0.4179,True,True,0.243,0.0487,False,False,False,4,1.0,True
R_E_bounded_km0_7599_dm0_1054_s1024,-,-0.7599,0.025,-0.1054,1024,250,0.004,4.3425,-0.057,-5.5612,0.0393,0.0354,0.1577,0.4185,True,True,0.2431,0.0494,False,False,False,4,1.0,True
R_E_bounded_km0_7599_dm0_1054_s1024,-,-0.7599,0.025,-0.1054,1024,275,0.0037,4.1683,-0.0511,-5.0113,0.0509,0.0367,0.1803,0.4192,True,True,0.2432,0.0491,False,False,False,4,1.0,True
R_E_bounded_km0_7599_dm0_1054_s1024,-,-0.7599,0.025,-0.1054,1024,300,0.0032,3.9565,-0.0512,-5.2615,0.0399,0.0368,0.1803,0.4194,True,True,0.2433,0.0485,False,False,False,4,1.0,True
R_E_bounded_km0_7599_dm0_1054_s31415,-,-0.7599,0.025,-0.1054,31415,0,0.0028,3.3557,-0.0444,-4.3825,0.0232,0.0415,0.3801,0.4209,False,True,0.2434,0.0474,False,False,False,0,0.0,False
R_E_bounded_km0_7599_dm0_1054_s31415,-,-0.7599,0.025,-0.1054,31415,25,0.0037,4.332,-0.0449,-4.6446,0.0247,0.0315,0.1398,0.4176,True,True,0.243,0.048,False,False,False,1,0.25,False
R_E_bounded_km0_7599_dm0_1054_s31415,-,-0.7599,0.025,-0.1054,31415,50,0.0041,4.6301,-0.055,-5.4541,0.0135,0.034,0.1599,0.4202,True,True,0.2434,0.0486,False,False,False,2,0.5,MIXED
R_E_bounded_km0_7599_dm0_1054_s31415,-,-0.7599,0.025,-0.1054,31415,75,0.0042,4.726,-0.0577,-6.3256,0.0413,0.0381,0.1609,0.4176,True,True,0.243,0.0485,False,False,False,3,0.75,True
R_E_bounded_km0_7599_dm0_1054_s31415,-,-0.7599,0.025,-0.1054,31415,100,0.0047,5.1283,-0.0549,-5.5468,0.0484,0.039,0.1609,0.4177,True,True,0.243,0.0478,False,False,False,4,1.0,True
R_E_bounded_km0_7599_dm0_1054_s31415,-,-0.7599,0.025,-0.1054,31415,125,0.0055,6.1037,-0.0464,-5.224,0.0409,0.0384,0.1599,0.4178,True,True,0.243,0.048,False,False,False,4,1.0,True
R_E_bounded_km0_7599_dm0_1054_s31415,-,-0.7599,0.025,-0.1054,31415,150,0.0052,6.2338,-0.0451,-4.5376,0.0398,0.0373,0.1571,0.4175,True,True,0.2429,0.0473,False,False,False,4,1.0,True
R_E_bounded_km0_7599_dm0_1054_s31415,-,-0.7599,0.025,-0.1054,31415,175,0.0042,4.4314,-0.0445,-3.8743,0.0431,0.0373,0.1714,0.4177,True,True,0.243,0.049,False,False,False,4,1.0,True
R_E_bounded_km0_7599_dm0_1054_s31415,-,-0.7599,0.025,-0.1054,31415,200,0.0052,5.6723,-0.0539,-5.4566,0.0459,0.0374,0.1734,0.4175,True,True,0.2429,0.0482,False,False,False,4,1.0,True
R_E_bounded_km0_7599_dm0_1054_s31415,-,-0.7599,0.025,-0.1054,31415,225,0.0037,4.279,-0.0571,-5.2314,0.0393,0.0371,0.1734,0.4175,True,True,0.243,0.0478,False,False,False,4,1.0,True
R_E_bounded_km0_7599_dm0_1054_s31415,-,-0.7599,0.025,-0.1054,31415,250,0.0022,2.5378,-0.0428,-4.6165,0.0429,0.0387,0.1903,0.4182,True,True,0.243,0.0483,False,False,False,4,1.0,True
R_E_bounded_km0_7599_dm0_1054_s31415,-,-0.7599,0.025,-0.1054,31415,275,0.0026,3.3695,-0.0468,-4.764,0.046,0.0381,0.1857,0.4178,True,True,0.243,0.0482,False,False,False,4,1.0,True
R_E_bounded_km0_7599_dm0_1054_s31415,-,-0.7599,0.025,-0.1054,31415,300,0.0018,2.346,-0.0479,-4.4403,0.0492,0.0397,0.1852,0.4189,True,True,0.2432,0.0481,False,False,False,4,1.0,True
R_E_bounded_km0_7599_dm0_2136_s42,-,-0.7599,0.05,-0.2136,42,0,0.0027,3.3389,-0.0553,-5.0864,0.04,0.0599,0.375,0.4128,False,True,0.2418,0.0498,False,False,False,3,0.75,True
R_E_bounded_km0_7599_dm0_2136_s42,-,-0.7599,0.05,-0.2136,42,25,0.0039,4.4114,-0.053,-5.3253,0.0893,0.0631,0.242,0.4181,True,True,0.2426,0.0489,False,False,False,4,1.0,True
R_E_bounded_km0_7599_dm0_2136_s42,-,-0.7599,0.05,-0.2136,42,50,0.0051,5.8788,-0.0455,-4.374,0.0771,0.0629,0.2447,0.4185,True,True,0.2427,0.0494,False,False,False,4,1.0,True
R_E_bounded_km0_7599_dm0_2136_s42,-,-0.7599,0.05,-0.2136,42,75,0.0051,5.8925,-0.0507,-5.2082,0.0871,0.0626,0.2359,0.4188,True,True,0.2427,0.0491,False,False,False,4,1.0,True
R_E_bounded_km0_7599_dm0_2136_s42,-,-0.7599,0.05,-0.2136,42,100,0.0053,5.8976,-0.052,-5.491,0.0909,0.0632,0.2359,0.4188,True,True,0.2427,0.0487,False,False,False,4,1.0,True
R_E_bounded_km0_7599_dm0_2136_s42,-,-0.7599,0.05,-0.2136,42,125,0.0044,4.7582,-0.049,-4.6934,0.0816,0.0618,0.2362,0.4184,True,True,0.2427,0.0486,False,False,False,4,1.0,True
R_E_bounded_km0_7599_dm0_2136_s42,-,-0.7599,0.05,-0.2136,42,150,0.0045,4.787,-0.0408,-3.6639,0.0898,0.0631,0.2221,0.4178,True,True,0.2426,0.0479,False,False,False,4,1.0,True
R_E_bounded_km0_7599_dm0_2136_s42,-,-0.7599,0.05,-0.2136,42,175,0.0053,5.8881,-0.039,-3.6814,0.0889,0.0632,0.2,0.4181,True,True,0.2426,0.0484,False,False,False,4,1.0,True
R_E_bounded_km0_7599_dm0_2136_s42,-,-0.7599,0.05,-0.2136,42,200,0.0046,4.9924,-0.0386,-4.267,0.0906,0.0648,0.2214,0.4173,True,True,0.2424,0.0486,False,False,False,4,1.0,True
R_E_bounded_km0_7599_dm0_2136_s42,-,-0.7599,0.05,-0.2136,42,225,0.0044,4.8621,-0.0364,-3.7814,0.088,0.0654,0.2212,0.4177,True,True,0.2425,0.0484,False,False,False,4,1.0,True
R_E_bounded_km0_7599_dm0_2136_s42,-,-0.7599,0.05,-0.2136,42,250,0.0031,3.485,-0.0539,-5.4223,0.0872,0.0647,0.2212,0.4177,True,True,0.2425,0.0483,False,False,False,4,1.0,True
R_E_bounded_km0_7599_dm0_2136_s42,-,-0.7599,0.05,-0.2136,42,275,0.003,3.3562,-0.0579,-5.6178,0.0931,0.0647,0.2175,0.4175,True,True,0.2425,0.0477,False,False,False,4,1.0,True
R_E_bounded_km0_7599_dm0_2136_s42,-,-0.7599,0.05,-0.2136,42,300,0.0023,2.8208,-0.049,-5.1469,0.0866,0.0627,0.2065,0.4184,True,True,0.2427,0.0474,False,False,False,4,1.0,True
R_E_bounded_km0_7599_dm0_2136_s137,-,-0.7599,0.05,-0.2136,137,0,0.0035,3.9793,-0.0491,-5.265,0.0444,0.0623,0.3768,0.4129,False,True,0.2418,0.0477,False,False,False,3,0.75,True
R_E_bounded_km0_7599_dm0_2136_s137,-,-0.7599,0.05,-0.2136,137,25,0.0037,3.8941,-0.0527,-5.6648,0.0942,0.0655,0.2442,0.4176,True,True,0.2425,0.0471,False,False,False,4,1.0,True
R_E_bounded_km0_7599_dm0_2136_s137,-,-0.7599,0.05,-0.2136,137,50,0.0053,5.6604,-0.0583,-5.3106,0.0899,0.066,0.2443,0.4176,True,True,0.2424,0.0483,False,False,False,4,1.0,True
R_E_bounded_km0_7599_dm0_2136_s137,-,-0.7599,0.05,-0.2136,137,75,0.0044,4.6234,-0.0497,-4.4287,0.081,0.066,0.2433,0.4176,True,True,0.2424,0.048,False,False,False,4,1.0,True
R_E_bounded_km0_7599_dm0_2136_s137,-,-0.7599,0.05,-0.2136,137,100,0.004,4.1011,-0.0418,-4.3594,0.0872,0.0652,0.2375,0.4177,True,True,0.2425,0.048,False,False,False,4,1.0,True
R_E_bounded_km0_7599_dm0_2136_s137,-,-0.7599,0.05,-0.2136,137,125,0.0038,4.6241,-0.0395,-3.7254,0.0938,0.0632,0.2377,0.4173,True,True,0.2425,0.0472,False,False,False,4,1.0,True
R_E_bounded_km0_7599_dm0_2136_s137,-,-0.7599,0.05,-0.2136,137,150,0.0045,5.2383,-0.0459,-4.8039,0.085,0.0618,0.2442,0.4177,True,True,0.2426,0.0476,False,False,False,4,1.0,True
R_E_bounded_km0_7599_dm0_2136_s137,-,-0.7599,0.05,-0.2136,137,175,0.0045,4.3322,-0.0536,-5.7126,0.09,0.0618,0.2201,0.418,True,True,0.2426,0.0484,False,False,False,4,1.0,True
R_E_bounded_km0_7599_dm0_2136_s137,-,-0.7599,0.05,-0.2136,137,200,0.005,5.6877,-0.0421,-4.1233,0.0858,0.0628,0.2202,0.4178,True,True,0.2426,0.0475,False,False,False,4,1.0,True
R_E_bounded_km0_7599_dm0_2136_s137,-,-0.7599,0.05,-0.2136,137,225,0.0043,5.0106,-0.0341,-3.3231,0.0876,0.0623,0.2202,0.4179,True,True,0.2426,0.0473,False,False,False,4,1.0,True
R_E_bounded_km0_7599_dm0_2136_s137,-,-0.7599,0.05,-0.2136,137,250,0.0034,3.7074,-0.0536,-5.4293,0.0895,0.063,0.2135,0.4177,True,True,0.2425,0.0479,False,False,False,4,1.0,True
R_E_bounded_km0_7599_dm0_2136_s137,-,-0.7599,0.05,-0.2136,137,275,0.0041,4.3424,-0.0602,-5.8196,0.0906,0.0637,0.2221,0.4178,True,True,0.2425,0.0489,False,False,False,4,1.0,True
R_E_bounded_km0_7599_dm0_2136_s137,-,-0.7599,0.05,-0.2136,137,300,0.0036,4.0061,-0.0551,-5.8693,0.0907,0.0642,0.225,0.4177,True,True,0.2425,0.0476,False,False,False,4,1.0,True
R_E_bounded_km0_7599_dm0_2136_s256,-,-0.7599,0.05,-0.2136,256,0,0.0041,4.3261,-0.0516,-5.3533,0.0347,0.0628,0.4063,0.4144,False,True,0.242,0.0473,False,False,False,3,0.75,True
R_E_bounded_km0_7599_dm0_2136_s256,-,-0.7599,0.05,-0.2136,256,25,0.0046,4.6404,-0.0423,-3.7555,0.0836,0.0621,0.2138,0.4191,True,True,0.2428,0.0463,False,False,False,4,1.0,True
R_E_bounded_km0_7599_dm0_2136_s256,-,-0.7599,0.05,-0.2136,256,50,0.0053,5.7469,-0.0353,-3.4408,0.1043,0.0641,0.2067,0.418,False,True,0.2426,0.0467,False,False,False,4,1.0,True
R_E_bounded_km0_7599_dm0_2136_s256,-,-0.7599,0.05,-0.2136,256,75,0.0036,4.1809,-0.0509,-5.1918,0.0737,0.0637,0.2175,0.4174,True,True,0.2425,0.0472,False,False,False,4,1.0,True
R_E_bounded_km0_7599_dm0_2136_s256,-,-0.7599,0.05,-0.2136,256,100,0.0035,3.821,-0.0577,-6.0032,0.0833,0.0636,0.2223,0.4175,True,True,0.2425,0.0486,False,False,False,4,1.0,True
R_E_bounded_km0_7599_dm0_2136_s256,-,-0.7599,0.05,-0.2136,256,125,0.0036,3.9282,-0.0638,-6.2769,0.0995,0.0636,0.225,0.4177,True,True,0.2425,0.0489,False,False,False,4,1.0,True
R_E_bounded_km0_7599_dm0_2136_s256,-,-0.7599,0.05,-0.2136,256,150,0.0028,3.4464,-0.0576,-5.649,0.0828,0.0612,0.2359,0.4188,True,True,0.2428,0.0492,False,False,False,4,1.0,True
R_E_bounded_km0_7599_dm0_2136_s256,-,-0.7599,0.05,-0.2136,256,175,0.0036,3.8317,-0.0535,-5.2116,0.0755,0.061,0.236,0.4186,True,True,0.2427,0.0481,False,False,False,4,1.0,True
R_E_bounded_km0_7599_dm0_2136_s256,-,-0.7599,0.05,-0.2136,256,200,0.0031,3.5227,-0.0493,-5.0384,0.0943,0.0623,0.2364,0.418,True,True,0.2426,0.0481,False,False,False,4,1.0,True
R_E_bounded_km0_7599_dm0_2136_s256,-,-0.7599,0.05,-0.2136,256,225,0.0022,2.6793,-0.0508,-5.1521,0.0829,0.0616,0.2327,0.4177,True,True,0.2426,0.0479,False,False,False,4,1.0,True
R_E_bounded_km0_7599_dm0_2136_s256,-,-0.7599,0.05,-0.2136,256,250,0.0044,4.6236,-0.0562,-5.3645,0.0917,0.0634,0.2283,0.417,True,True,0.2424,0.0488,False,False,False,4,1.0,True
R_E_bounded_km0_7599_dm0_2136_s256,-,-0.7599,0.05,-0.2136,256,275,0.0048,5.1261,-0.0399,-3.9477,0.0861,0.0636,0.229,0.4174,True,True,0.2425,0.0487,False,False,False,4,1.0,True
R_E_bounded_km0_7599_dm0_2136_s256,-,-0.7599,0.05,-0.2136,256,300,0.0051,5.7349,-0.0406,-3.8969,0.0872,0.0635,0.2194,0.4174,True,True,0.2425,0.0482,False,False,False,4,1.0,True
R_E_bounded_km0_7599_dm0_2136_s1024,-,-0.7599,0.05,-0.2136,1024,0,0.0038,4.9208,-0.0467,-4.9662,0.0416,0.0602,0.3996,0.4134,False,True,0.2419,0.0483,False,False,False,3,0.75,True
R_E_bounded_km0_7599_dm0_2136_s1024,-,-0.7599,0.05,-0.2136,1024,25,0.005,5.2732,-0.045,-4.6332,0.0902,0.0609,0.2123,0.4182,True,True,0.2427,0.0478,False,False,False,4,1.0,True
R_E_bounded_km0_7599_dm0_2136_s1024,-,-0.7599,0.05,-0.2136,1024,50,0.0047,5.2032,-0.042,-4.7439,0.0784,0.0611,0.2123,0.4182,True,True,0.2427,0.0483,False,False,False,4,1.0,True
R_E_bounded_km0_7599_dm0_2136_s1024,-,-0.7599,0.05,-0.2136,1024,75,0.004,4.3874,-0.0462,-4.1964,0.0959,0.0644,0.2155,0.4195,True,True,0.2428,0.048,False,False,False,4,1.0,True
R_E_bounded_km0_7599_dm0_2136_s1024,-,-0.7599,0.05,-0.2136,1024,100,0.0039,4.5738,-0.0501,-5.1658,0.0967,0.0661,0.2187,0.4187,True,True,0.2426,0.0483,False,False,False,4,1.0,True
R_E_bounded_km0_7599_dm0_2136_s1024,-,-0.7599,0.05,-0.2136,1024,125,0.0037,4.3895,-0.0477,-5.0848,0.0687,0.0652,0.2259,0.4179,True,True,0.2425,0.0485,False,False,False,4,1.0,True
R_E_bounded_km0_7599_dm0_2136_s1024,-,-0.7599,0.05,-0.2136,1024,150,0.0033,4.0206,-0.0423,-4.2045,0.1004,0.066,0.2261,0.4176,False,True,0.2424,0.0479,False,False,False,4,1.0,True
R_E_bounded_km0_7599_dm0_2136_s1024,-,-0.7599,0.05,-0.2136,1024,175,0.0036,4.2802,-0.0463,-4.2345,0.0942,0.0639,0.2266,0.4166,True,True,0.2423,0.048,False,False,False,4,1.0,True
R_E_bounded_km0_7599_dm0_2136_s1024,-,-0.7599,0.05,-0.2136,1024,200,0.0037,3.6986,-0.0371,-3.8928,0.0875,0.063,0.2207,0.4169,True,True,0.2424,0.0486,False,False,False,4,1.0,True
R_E_bounded_km0_7599_dm0_2136_s1024,-,-0.7599,0.05,-0.2136,1024,225,0.0034,3.5781,-0.0483,-4.8931,0.0825,0.0633,0.2137,0.4173,True,True,0.2425,0.0488,False,False,False,4,1.0,True
R_E_bounded_km0_7599_dm0_2136_s1024,-,-0.7599,0.05,-0.2136,1024,250,0.0037,3.9052,-0.0578,-5.6409,0.0859,0.0624,0.227,0.4177,True,True,0.2425,0.0497,False,False,False,4,1.0,True
R_E_bounded_km0_7599_dm0_2136_s1024,-,-0.7599,0.05,-0.2136,1024,275,0.0037,4.2604,-0.052,-5.1219,0.0968,0.0635,0.2391,0.4183,True,True,0.2426,0.0492,False,False,False,4,1.0,True
R_E_bounded_km0_7599_dm0_2136_s1024,-,-0.7599,0.05,-0.2136,1024,300,0.0036,4.5279,-0.0529,-5.5784,0.0826,0.0628,0.2388,0.4188,True,True,0.2427,0.0486,False,False,False,4,1.0,True
R_E_bounded_km0_7599_dm0_2136_s31415,-,-0.7599,0.05,-0.2136,31415,0,0.0024,2.7942,-0.0399,-4.0404,0.0372,0.0552,0.3812,0.4198,False,True,0.243,0.0472,False,False,False,1,0.25,False
R_E_bounded_km0_7599_dm0_2136_s31415,-,-0.7599,0.05,-0.2136,31415,25,0.0031,3.6339,-0.0444,-4.5956,0.036,0.0537,0.2187,0.4134,True,True,0.242,0.0481,False,False,False,2,0.5,MIXED
R_E_bounded_km0_7599_dm0_2136_s31415,-,-0.7599,0.05,-0.2136,31415,50,0.004,4.4472,-0.057,-5.6515,0.0731,0.0613,0.2228,0.4184,True,True,0.2427,0.0484,False,False,False,3,0.75,True
R_E_bounded_km0_7599_dm0_2136_s31415,-,-0.7599,0.05,-0.2136,31415,75,0.0042,4.6058,-0.0607,-6.3914,0.0891,0.0641,0.2234,0.4172,True,True,0.2424,0.0486,False,False,False,4,1.0,True
R_E_bounded_km0_7599_dm0_2136_s31415,-,-0.7599,0.05,-0.2136,31415,100,0.005,5.2732,-0.0551,-5.3454,0.0915,0.0643,0.2234,0.4172,True,True,0.2424,0.0478,False,False,False,4,1.0,True
R_E_bounded_km0_7599_dm0_2136_s31415,-,-0.7599,0.05,-0.2136,31415,125,0.0055,5.889,-0.0461,-5.1584,0.0854,0.0643,0.2206,0.4171,True,True,0.2424,0.0479,False,False,False,4,1.0,True
R_E_bounded_km0_7599_dm0_2136_s31415,-,-0.7599,0.05,-0.2136,31415,150,0.0052,5.9971,-0.0403,-4.0746,0.0836,0.0631,0.2101,0.4169,True,True,0.2424,0.0473,False,False,False,4,1.0,True
R_E_bounded_km0_7599_dm0_2136_s31415,-,-0.7599,0.05,-0.2136,31415,175,0.0045,4.7728,-0.0447,-4.0389,0.0874,0.063,0.2292,0.4171,True,True,0.2424,0.0492,False,False,False,4,1.0,True
R_E_bounded_km0_7599_dm0_2136_s31415,-,-0.7599,0.05,-0.2136,31415,200,0.0058,6.2006,-0.0519,-5.2847,0.0906,0.0628,0.2456,0.4169,True,True,0.2424,0.0483,False,False,False,4,1.0,True
R_E_bounded_km0_7599_dm0_2136_s31415,-,-0.7599,0.05,-0.2136,31415,225,0.0044,4.9022,-0.0589,-5.2989,0.0854,0.0629,0.2456,0.4169,True,True,0.2424,0.0477,False,False,False,4,1.0,True
R_E_bounded_km0_7599_dm0_2136_s31415,-,-0.7599,0.05,-0.2136,31415,250,0.0029,3.2305,-0.0448,-4.8487,0.0871,0.0645,0.251,0.4176,False,True,0.2425,0.0484,False,False,False,4,1.0,True
R_E_bounded_km0_7599_dm0_2136_s31415,-,-0.7599,0.05,-0.2136,31415,275,0.0031,3.854,-0.0489,-4.9437,0.0897,0.0645,0.2483,0.4172,True,True,0.2424,0.0481,False,False,False,4,1.0,True
R_E_bounded_km0_7599_dm0_2136_s31415,-,-0.7599,0.05,-0.2136,31415,300,0.0019,2.4543,-0.0471,-4.4324,0.0956,0.0665,0.2476,0.4184,True,True,0.2426,0.0482,False,False,False,4,1.0,True
R_E_bounded_km0_7599_dm0_4418_s42,-,-0.7599,0.1,-0.4418,42,0,0.0017,2.4392,-0.0555,-5.3015,0.0706,0.1085,0.4431,0.4053,False,True,0.2391,0.05,False,False,False,3,0.75,True
R_E_bounded_km0_7599_dm0_4418_s42,-,-0.7599,0.1,-0.4418,42,25,0.0036,4.0724,-0.055,-5.853,0.18,0.123,0.3627,0.4168,False,True,0.2405,0.0483,False,False,False,4,1.0,True
R_E_bounded_km0_7599_dm0_4418_s42,-,-0.7599,0.1,-0.4418,42,50,0.0053,5.8266,-0.0521,-5.0896,0.1728,0.1232,0.3791,0.4168,False,True,0.2404,0.0492,False,False,False,4,1.0,True
R_E_bounded_km0_7599_dm0_4418_s42,-,-0.7599,0.1,-0.4418,42,75,0.0053,6.0847,-0.0589,-6.2287,0.1779,0.1236,0.4144,0.417,False,True,0.2405,0.0488,False,False,False,4,1.0,True
R_E_bounded_km0_7599_dm0_4418_s42,-,-0.7599,0.1,-0.4418,42,100,0.0056,6.0988,-0.061,-6.2752,0.1873,0.1237,0.4143,0.4171,False,True,0.2405,0.0489,False,False,False,4,1.0,True
R_E_bounded_km0_7599_dm0_4418_s42,-,-0.7599,0.1,-0.4418,42,125,0.0048,5.1088,-0.0501,-4.7511,0.1771,0.1226,0.4147,0.4167,False,True,0.2405,0.0482,False,False,False,4,1.0,True
R_E_bounded_km0_7599_dm0_4418_s42,-,-0.7599,0.1,-0.4418,42,150,0.0044,4.8372,-0.0456,-4.1149,0.1849,0.1243,0.396,0.4161,False,True,0.2403,0.0479,False,False,False,4,1.0,True
R_E_bounded_km0_7599_dm0_4418_s42,-,-0.7599,0.1,-0.4418,42,175,0.0047,5.171,-0.041,-3.8732,0.1815,0.125,0.387,0.4166,False,True,0.2403,0.048,False,False,False,4,1.0,True
R_E_bounded_km0_7599_dm0_4418_s42,-,-0.7599,0.1,-0.4418,42,200,0.0047,5.4345,-0.0439,-4.8007,0.1886,0.1273,0.4119,0.4156,False,True,0.2401,0.0482,False,False,False,4,1.0,True
R_E_bounded_km0_7599_dm0_4418_s42,-,-0.7599,0.1,-0.4418,42,225,0.004,4.6699,-0.0454,-4.8792,0.1812,0.1276,0.4117,0.4158,False,True,0.2401,0.0477,False,False,False,4,1.0,True
R_E_bounded_km0_7599_dm0_4418_s42,-,-0.7599,0.1,-0.4418,42,250,0.0032,3.4641,-0.0629,-6.0081,0.1845,0.127,0.4116,0.4159,False,True,0.2401,0.0479,False,False,False,4,1.0,True
R_E_bounded_km0_7599_dm0_4418_s42,-,-0.7599,0.1,-0.4418,42,275,0.0037,4.2225,-0.0689,-7.0721,0.1901,0.1267,0.3905,0.4159,False,True,0.2401,0.0474,False,False,False,4,1.0,True
R_E_bounded_km0_7599_dm0_4418_s42,-,-0.7599,0.1,-0.4418,42,300,0.0027,3.2964,-0.0474,-5.0739,0.1815,0.1243,0.3781,0.4168,False,True,0.2404,0.0473,False,False,False,4,1.0,True
R_E_bounded_km0_7599_dm0_4418_s137,-,-0.7599,0.1,-0.4418,137,0,0.0024,2.8907,-0.0502,-5.4975,0.0741,0.1116,0.452,0.4053,False,True,0.239,0.0484,False,False,False,3,0.75,True
R_E_bounded_km0_7599_dm0_4418_s137,-,-0.7599,0.1,-0.4418,137,25,0.0031,3.3717,-0.0547,-5.5022,0.1861,0.1257,0.423,0.4161,False,True,0.2402,0.0471,False,False,False,4,1.0,True
R_E_bounded_km0_7599_dm0_4418_s137,-,-0.7599,0.1,-0.4418,137,50,0.0049,5.3331,-0.0546,-5.0547,0.1865,0.1262,0.4211,0.416,False,True,0.2402,0.0486,False,False,False,4,1.0,True
R_E_bounded_km0_7599_dm0_4418_s137,-,-0.7599,0.1,-0.4418,137,75,0.0045,4.6415,-0.0456,-4.2379,0.1743,0.1267,0.4238,0.4162,False,True,0.2402,0.0482,False,False,False,4,1.0,True
R_E_bounded_km0_7599_dm0_4418_s137,-,-0.7599,0.1,-0.4418,137,100,0.0045,4.5175,-0.0418,-4.2797,0.1795,0.126,0.4237,0.4164,False,True,0.2403,0.048,False,False,False,4,1.0,True
R_E_bounded_km0_7599_dm0_4418_s137,-,-0.7599,0.1,-0.4418,137,125,0.0043,4.7212,-0.0385,-3.6274,0.1867,0.1247,0.424,0.4161,False,True,0.2403,0.0467,False,False,False,4,1.0,True
R_E_bounded_km0_7599_dm0_4418_s137,-,-0.7599,0.1,-0.4418,137,150,0.0043,4.8047,-0.0421,-4.4104,0.1848,0.1238,0.4209,0.4163,False,True,0.2403,0.0475,False,False,False,4,1.0,True
R_E_bounded_km0_7599_dm0_4418_s137,-,-0.7599,0.1,-0.4418,137,175,0.0038,3.6717,-0.047,-5.1192,0.1769,0.1229,0.3912,0.4161,False,True,0.2403,0.0481,False,False,False,4,1.0,True
R_E_bounded_km0_7599_dm0_4418_s137,-,-0.7599,0.1,-0.4418,137,200,0.0043,5.0248,-0.0352,-3.5479,0.1832,0.1245,0.3917,0.4156,False,True,0.2402,0.0474,False,False,False,4,1.0,True
R_E_bounded_km0_7599_dm0_4418_s137,-,-0.7599,0.1,-0.4418,137,225,0.0041,4.651,-0.0264,-2.5958,0.1855,0.1244,0.3713,0.4158,False,True,0.2402,0.0473,False,False,False,4,1.0,True
R_E_bounded_km0_7599_dm0_4418_s137,-,-0.7599,0.1,-0.4418,137,250,0.0037,3.8619,-0.0507,-4.9046,0.1802,0.1245,0.3694,0.4158,False,True,0.2402,0.048,False,False,False,4,1.0,True
R_E_bounded_km0_7599_dm0_4418_s137,-,-0.7599,0.1,-0.4418,137,275,0.005,5.2939,-0.0623,-6.4677,0.1851,0.1255,0.3603,0.4163,False,True,0.2403,0.0487,False,False,False,4,1.0,True
R_E_bounded_km0_7599_dm0_4418_s137,-,-0.7599,0.1,-0.4418,137,300,0.0046,5.0989,-0.0626,-6.6194,0.185,0.1249,0.3563,0.4164,False,True,0.2403,0.0475,False,False,False,4,1.0,True
R_E_bounded_km0_7599_dm0_4418_s256,-,-0.7599,0.1,-0.4418,256,0,0.0034,3.6409,-0.0473,-4.7747,0.0641,0.1117,0.4818,0.4068,False,True,0.2392,0.0477,False,False,False,3,0.75,True
R_E_bounded_km0_7599_dm0_4418_s256,-,-0.7599,0.1,-0.4418,256,25,0.0045,4.7195,-0.0388,-3.6127,0.1751,0.123,0.389,0.4174,False,True,0.2405,0.0462,False,False,False,4,1.0,True
R_E_bounded_km0_7599_dm0_4418_s256,-,-0.7599,0.1,-0.4418,256,50,0.0047,5.1598,-0.0309,-3.0536,0.2023,0.1257,0.392,0.4163,False,True,0.2403,0.0469,False,False,False,4,1.0,True
R_E_bounded_km0_7599_dm0_4418_s256,-,-0.7599,0.1,-0.4418,256,75,0.0036,4.1676,-0.0443,-4.5183,0.1667,0.1249,0.3984,0.4157,False,True,0.2402,0.0471,False,False,False,4,1.0,True
R_E_bounded_km0_7599_dm0_4418_s256,-,-0.7599,0.1,-0.4418,256,100,0.0036,3.9092,-0.0576,-5.7885,0.1767,0.1249,0.3984,0.4157,False,True,0.2402,0.049,False,False,False,4,1.0,True
R_E_bounded_km0_7599_dm0_4418_s256,-,-0.7599,0.1,-0.4418,256,125,0.0036,3.9743,-0.0621,-6.3132,0.1942,0.125,0.3982,0.4159,False,True,0.2402,0.049,False,False,False,4,1.0,True
R_E_bounded_km0_7599_dm0_4418_s256,-,-0.7599,0.1,-0.4418,256,150,0.0031,3.5699,-0.0529,-5.3067,0.1785,0.122,0.4124,0.4171,False,True,0.2405,0.0491,False,False,False,4,1.0,True
R_E_bounded_km0_7599_dm0_4418_s256,-,-0.7599,0.1,-0.4418,256,175,0.0036,3.9268,-0.0504,-4.8625,0.1697,0.1215,0.3981,0.417,False,True,0.2405,0.0479,False,False,False,4,1.0,True
R_E_bounded_km0_7599_dm0_4418_s256,-,-0.7599,0.1,-0.4418,256,200,0.0031,3.4277,-0.0512,-5.1245,0.1884,0.1232,0.3988,0.4162,False,True,0.2404,0.0483,False,False,False,4,1.0,True
R_E_bounded_km0_7599_dm0_4418_s256,-,-0.7599,0.1,-0.4418,256,225,0.0024,2.8221,-0.0494,-4.7027,0.1757,0.1225,0.399,0.416,False,True,0.2404,0.0477,False,False,False,4,1.0,True
R_E_bounded_km0_7599_dm0_4418_s256,-,-0.7599,0.1,-0.4418,256,250,0.0046,4.7601,-0.0527,-4.9273,0.1905,0.1252,0.3798,0.415,False,True,0.2401,0.0485,False,False,False,4,1.0,True
R_E_bounded_km0_7599_dm0_4418_s256,-,-0.7599,0.1,-0.4418,256,275,0.0046,5.115,-0.0351,-3.231,0.1792,0.1257,0.366,0.4153,False,True,0.2401,0.0485,False,False,False,4,1.0,True
R_E_bounded_km0_7599_dm0_4418_s256,-,-0.7599,0.1,-0.4418,256,300,0.0047,5.2567,-0.0402,-3.9175,0.1797,0.1254,0.3659,0.4154,False,True,0.2401,0.0483,False,False,False,4,1.0,True
R_E_bounded_km0_7599_dm0_4418_s1024,-,-0.7599,0.1,-0.4418,1024,0,0.0035,4.4936,-0.0464,-4.7032,0.0724,0.1105,0.4747,0.4053,False,True,0.239,0.0483,False,False,False,3,0.75,True
R_E_bounded_km0_7599_dm0_4418_s1024,-,-0.7599,0.1,-0.4418,1024,25,0.0051,5.8244,-0.0449,-4.4868,0.1834,0.1226,0.3605,0.416,False,True,0.2403,0.0469,False,False,False,4,1.0,True
R_E_bounded_km0_7599_dm0_4418_s1024,-,-0.7599,0.1,-0.4418,1024,50,0.0052,5.3508,-0.0368,-4.0262,0.1743,0.1224,0.3624,0.4161,False,True,0.2404,0.0479,False,False,False,4,1.0,True
R_E_bounded_km0_7599_dm0_4418_s1024,-,-0.7599,0.1,-0.4418,1024,75,0.0041,4.4132,-0.0453,-4.2437,0.1909,0.1251,0.3796,0.4172,False,True,0.2404,0.0475,False,False,False,4,1.0,True
R_E_bounded_km0_7599_dm0_4418_s1024,-,-0.7599,0.1,-0.4418,1024,100,0.0039,4.4249,-0.0465,-4.6334,0.1914,0.1271,0.3851,0.4165,False,True,0.2402,0.0484,False,False,False,4,1.0,True
R_E_bounded_km0_7599_dm0_4418_s1024,-,-0.7599,0.1,-0.4418,1024,125,0.0039,4.37,-0.0406,-4.4066,0.1623,0.1271,0.4271,0.4159,False,True,0.2401,0.0485,False,False,False,4,1.0,True
R_E_bounded_km0_7599_dm0_4418_s1024,-,-0.7599,0.1,-0.4418,1024,150,0.0032,3.9996,-0.0338,-3.0468,0.1946,0.1276,0.4272,0.4157,False,True,0.2401,0.0479,False,False,False,4,1.0,True
R_E_bounded_km0_7599_dm0_4418_s1024,-,-0.7599,0.1,-0.4418,1024,175,0.0034,4.0374,-0.0409,-3.7517,0.1895,0.1255,0.428,0.4149,False,True,0.24,0.0478,False,False,False,4,1.0,True
R_E_bounded_km0_7599_dm0_4418_s1024,-,-0.7599,0.1,-0.4418,1024,200,0.0034,3.6038,-0.0406,-4.4723,0.1829,0.1241,0.4294,0.4154,False,True,0.2402,0.0489,False,False,False,4,1.0,True
R_E_bounded_km0_7599_dm0_4418_s1024,-,-0.7599,0.1,-0.4418,1024,225,0.0036,3.9007,-0.0519,-5.3133,0.1781,0.1249,0.3711,0.416,False,True,0.2403,0.049,False,False,False,4,1.0,True
R_E_bounded_km0_7599_dm0_4418_s1024,-,-0.7599,0.1,-0.4418,1024,250,0.0037,3.8456,-0.0553,-5.5378,0.1806,0.1241,0.3709,0.4163,False,True,0.2403,0.0501,False,False,False,4,1.0,True
R_E_bounded_km0_7599_dm0_4418_s1024,-,-0.7599,0.1,-0.4418,1024,275,0.0039,4.4389,-0.051,-5.4066,0.1892,0.1259,0.426,0.4169,False,True,0.2403,0.0496,False,False,False,4,1.0,True
R_E_bounded_km0_7599_dm0_4418_s1024,-,-0.7599,0.1,-0.4418,1024,300,0.004,4.5812,-0.0482,-4.8855,0.1792,0.1247,0.4217,0.4174,False,True,0.2405,0.0492,False,False,False,4,1.0,True
R_E_bounded_km0_7599_dm0_4418_s31415,-,-0.7599,0.1,-0.4418,31415,0,0.0026,2.9852,-0.0377,-4.0594,0.0683,0.0949,0.4564,0.419,False,True,0.2419,0.0478,False,False,False,2,0.5,MIXED
R_E_bounded_km0_7599_dm0_4418_s31415,-,-0.7599,0.1,-0.4418,31415,25,0.0027,3.1249,-0.044,-4.551,0.0758,0.109,0.3935,0.4056,False,True,0.2391,0.0488,False,False,False,3,0.75,True
R_E_bounded_km0_7599_dm0_4418_s31415,-,-0.7599,0.1,-0.4418,31415,50,0.0037,3.8796,-0.0501,-5.1326,0.1808,0.1255,0.4174,0.4159,False,True,0.2402,0.048,False,False,False,4,1.0,True
R_E_bounded_km0_7599_dm0_4418_s31415,-,-0.7599,0.1,-0.4418,31415,75,0.0038,4.4878,-0.0526,-5.2989,0.1859,0.1268,0.4188,0.4154,False,True,0.2401,0.0479,False,False,False,4,1.0,True
R_E_bounded_km0_7599_dm0_4418_s31415,-,-0.7599,0.1,-0.4418,31415,100,0.0044,4.6814,-0.0499,-4.8168,0.1817,0.1268,0.4189,0.4154,False,True,0.2401,0.0468,False,False,False,4,1.0,True
R_E_bounded_km0_7599_dm0_4418_s31415,-,-0.7599,0.1,-0.4418,31415,125,0.0048,5.046,-0.0439,-5.0867,0.1853,0.1269,0.419,0.4153,False,True,0.24,0.0474,False,False,False,4,1.0,True
R_E_bounded_km0_7599_dm0_4418_s31415,-,-0.7599,0.1,-0.4418,31415,150,0.0046,5.1885,-0.0431,-4.4519,0.1805,0.1247,0.383,0.4147,False,True,0.24,0.047,False,False,False,4,1.0,True
R_E_bounded_km0_7599_dm0_4418_s31415,-,-0.7599,0.1,-0.4418,31415,175,0.0041,4.316,-0.0443,-4.2028,0.1802,0.1231,0.4016,0.4153,False,True,0.2402,0.049,False,False,False,4,1.0,True
R_E_bounded_km0_7599_dm0_4418_s31415,-,-0.7599,0.1,-0.4418,31415,200,0.0056,6.1225,-0.0579,-5.8352,0.1858,0.1232,0.4104,0.4152,False,True,0.2402,0.0483,False,False,False,4,1.0,True
R_E_bounded_km0_7599_dm0_4418_s31415,-,-0.7599,0.1,-0.4418,31415,225,0.0042,5.0725,-0.0631,-5.7336,0.1823,0.1232,0.4104,0.4152,False,True,0.2402,0.0478,False,False,False,4,1.0,True
R_E_bounded_km0_7599_dm0_4418_s31415,-,-0.7599,0.1,-0.4418,31415,250,0.003,3.4129,-0.0469,-4.9798,0.1791,0.1249,0.4097,0.4159,False,True,0.2402,0.0479,False,False,False,4,1.0,True
R_E_bounded_km0_7599_dm0_4418_s31415,-,-0.7599,0.1,-0.4418,31415,275,0.0028,3.2905,-0.0464,-4.5845,0.1823,0.1251,0.4013,0.4157,False,True,0.2402,0.0481,False,False,False,4,1.0,True
R_E_bounded_km0_7599_dm0_4418_s31415,-,-0.7599,0.1,-0.4418,31415,300,0.0013,1.9175,-0.0463,-4.6288,0.1905,0.1276,0.3991,0.4169,False,True,0.2403,0.0479,False,False,False,4,1.0,True
