run_id,mode,stage,c_label,kappa,tier,u_const,seed,window_start_tick,window_start_block,window_start_schedule_phase,window_in_primary_family,primary_exclusion_reason,window_mean_rho,raw_Psi_meanI_state,Psi_meanI_state_z,raw_Psi_persistence_I,Psi_persistence_I_z,relative_drift,rho_cv,rho_range_over_mean,mean_active_state_variance,persistence_std,Steady_State_Candidate_APPARATUS_ONLY,Lifted_Activation_Candidate_APPARATUS_ONLY,extinction_degenerate_APPARATUS_ONLY,saturation_degenerate_APPARATUS_ONLY,LowLow_Nondegenerate_Candidate_APPARATUS_ONLY,analytic_realized_delta_p_u0_convention,driven_realized_contrast_mean,driven_realized_contrast_range,window_schedule_composition
c3_w2_tcop_cm0_states_L0.4_kp0_0000_ucp0_0498_s42,cm0,stageC,0.0,0.0,0.1,0.04977134874876729,42,0,0,0,False,PRE_PRIMARY_PHASE_IMBALANCE,0.403312,-0.0007941480428731851,-0.4502802889311319,-0.009448171651462731,-0.8186602110018866,0.04657267397265772,0.07902404415385438,0.8162415181887931,0.23963564800000003,0.04982921488444304,False,True,False,False,True,0.0,0.0,0.0,"{""0.0498"": 4}"
c3_w2_tcop_cm0_states_L0.4_kp0_0000_ucp0_0498_s42,cm0,stageC,0.0,0.0,0.1,0.04977134874876729,42,25,1,1,False,PRE_PRIMARY_PHASE_IMBALANCE,0.406728,-0.0002795450803030501,0.1762684783025224,-0.006716311330690126,-0.6842644195109457,0.0025600010814407943,0.023007197641258626,0.12096536230363943,0.241212768,0.04933329520719247,True,True,False,False,True,0.0,0.0,0.0,"{""0.0498"": 4}"
c3_w2_tcop_cm0_states_L0.4_kp0_0000_ucp0_0498_s42,cm0,stageC,0.0,0.0,0.1,0.04977134874876729,42,50,2,2,False,PRE_PRIMARY_PHASE_IMBALANCE,0.407608,0.0003491447384563609,0.7378391344133881,0.0026465044270334347,0.3052336500663938,0.011717134079907779,0.024130858181959033,0.11874153569424166,0.24136697280000008,0.04962860401018751,True,True,False,False,True,0.0,0.0,0.0,"{""0.0498"": 4}"
c3_w2_tcop_cm0_states_L0.4_kp0_0000_ucp0_0498_s42,cm0,stageC,0.0,0.0,0.1,0.04977134874876729,42,75,3,0,True,,0.40758000000000005,0.00042473567867186695,0.8060246402150341,-0.0126454398554463,-1.1715006267803232,0.007255841126447626,0.023550539916064334,0.11482408333376494,0.24136640799999995,0.048923037518126364,True,True,False,False,True,0.0,0.0,0.0,"{""0.0498"": 4}"
c3_w2_tcop_cm0_states_L0.4_kp0_0000_ucp0_0498_s42,cm0,stageC,0.0,0.0,0.1,0.04977134874876729,42,100,4,1,True,,0.407376,0.0006681052285912356,0.977245664405374,-0.011898649996281811,-1.29816729869194,0.0053852445322089436,0.025747841190969886,0.1168453710654398,0.2413107744,0.048808140960294726,True,True,False,False,True,0.0,0.0,0.0,"{""0.0498"": 4}"
c3_w2_tcop_cm0_states_L0.4_kp0_0000_ucp0_0498_s42,cm0,stageC,0.0,0.0,0.1,0.04977134874876729,42,125,5,2,True,,0.406896,-0.00016126369585674552,0.1497244954915564,-0.004011722628826511,-0.4206472026469666,0.012220167368327988,0.025468876669262952,0.11698320918125704,0.24122424960000002,0.04928575031385846,True,True,False,False,True,0.0,0.0,0.0,"{""0.0498"": 4}"
c3_w2_tcop_cm0_states_L0.4_kp0_0000_ucp0_0498_s42,cm0,stageC,0.0,0.0,0.1,0.04977134874876729,42,150,6,0,True,,0.4064960000000001,6.88747031100231e-05,0.4559073258838112,0.0027303139884591703,0.41467922314822564,0.005890536295692955,0.02561556855686862,0.13874675239425047,0.24114857920000002,0.0484607262017399,True,True,False,False,True,0.0,0.0,0.0,"{""0.0498"": 4}"
c3_w2_tcop_cm0_states_L0.4_kp0_0000_ucp0_0498_s42,cm0,stageC,0.0,0.0,0.1,0.04977134874876729,42,175,7,1,True,,0.4068920000000001,0.00033998803288484627,0.7279951553807347,0.010561736172128598,1.10179592010249,0.002349556145636568,0.02528356128616041,0.1336964105126264,0.24122506400000002,0.04909806855671616,True,True,False,False,True,0.0,0.0,0.0,"{""0.0498"": 4}"
c3_w2_tcop_cm0_states_L0.4_kp0_0000_ucp0_0498_s42,cm0,stageC,0.0,0.0,0.1,0.04977134874876729,42,200,8,2,True,,0.406148,0.0002641294830366889,0.6703918125284273,0.008527314014030403,0.8550734426451283,0.002825459568064597,0.025104013933956695,0.14871426143003472,0.2410878448,0.048841806846184554,True,True,False,False,True,0.0,0.0,0.0,"{""0.0498"": 4}"
c3_w2_tcop_cm0_states_L0.4_kp0_0000_ucp0_0498_s42,cm0,stageC,0.0,0.0,0.1,0.04977134874876729,42,225,9,0,True,,0.4073600000000001,0.000493821956171698,0.8889491149534202,0.010958087797126403,1.2991509562797425,0.0023356616829803252,0.02466625235963788,0.1482717985362534,0.2413168672,0.04866364556832954,True,True,False,False,True,0.0,0.0,0.0,"{""0.0498"": 4}"
c3_w2_tcop_cm0_states_L0.4_kp0_0000_ucp0_0498_s42,cm0,stageC,0.0,0.0,0.1,0.04977134874876729,42,250,10,1,True,,0.40716,-0.0008350555610002545,-0.5056512761516239,-0.008559467816179559,-0.8556687870623326,0.006666154368001462,0.023842338262237972,0.12280184663817206,0.24128649600000002,0.04956222755284512,True,True,False,False,True,0.0,0.0,0.0,"{""0.0498"": 4}"
c3_w2_tcop_cm0_states_L0.4_kp0_0000_ucp0_0498_s42,cm0,stageC,0.0,0.0,0.1,0.04977134874876729,42,275,11,2,True,,0.4065519999999999,-0.0014232570925152047,-1.04005715613194,-0.01621147654241658,-1.6071014570886524,0.0035753983622278727,0.02467010549198138,0.12495326520358221,0.24116687679999999,0.048630353648724374,True,True,False,False,True,0.0,0.0,0.0,"{""0.0498"": 4}"
c3_w2_tcop_cm0_states_L0.4_kp0_0000_ucp0_0498_s42,cm0,stageC,0.0,0.0,0.1,0.04977134874876729,42,300,12,0,False,EXITS_PRIMARY_BLOCK_SET,0.407356,-0.0023997444989401514,-2.095552873206764,-0.005877806619486386,-0.5818264131911269,0.011250057116079407,0.02285158559796124,0.12470664449595284,0.2413304368,0.04831489691596165,True,True,False,False,False,0.0,0.0,0.0,"{""0.0498"": 4}"
c3_w2_tcop_cm0_states_L0.4_kp0_0000_ucp0_0498_s137,cm0,stageC,0.0,0.0,0.1,0.04977134874876729,137,0,0,0,False,PRE_PRIMARY_PHASE_IMBALANCE,0.4046320000000001,-0.0003426330082001062,0.06873492233898734,-0.0028763568258444545,-0.3226348534276061,0.03634243088710402,0.07908348553647106,0.8096245457363119,0.23988096319999996,0.04824670533829227,False,True,False,False,True,0.0,0.0,0.0,"{""0.0498"": 4}"
c3_w2_tcop_cm0_states_L0.4_kp0_0000_ucp0_0498_s137,cm0,stageC,0.0,0.0,0.1,0.04977134874876729,137,25,1,1,False,PRE_PRIMARY_PHASE_IMBALANCE,0.40644800000000003,-9.777221924046016e-05,0.36002629892818777,-0.007928658134824948,-0.7373048359526803,0.002416491692431707,0.024495009805822192,0.10727079452409452,0.24114890239999998,0.048625335947425595,True,True,False,False,True,0.0,0.0,0.0,"{""0.0498"": 4}"
c3_w2_tcop_cm0_states_L0.4_kp0_0000_ucp0_0498_s137,cm0,stageC,0.0,0.0,0.1,0.04977134874876729,137,50,2,2,False,PRE_PRIMARY_PHASE_IMBALANCE,0.40648800000000007,0.0011113266971650043,1.4424427527429415,-0.009160155022909363,-0.8409358606461299,0.0027126760551706803,0.025253045441942845,0.11513254975514024,0.24115013440000002,0.04945529148635158,True,True,False,False,True,0.0,0.0,0.0,"{""0.0498"": 4}"
c3_w2_tcop_cm0_states_L0.4_kp0_0000_ucp0_0498_s137,cm0,stageC,0.0,0.0,0.1,0.04977134874876729,137,75,3,0,True,,0.4067879999999999,0.0013698756344874899,1.63791032947464,-0.0034701392835022084,-0.24399285748891944,0.00416514112701957,0.026027337532727908,0.11603095441352501,0.2411994256,0.048364067818991406,True,True,False,False,True,0.0,0.0,0.0,"{""0.0498"": 4}"
c3_w2_tcop_cm0_states_L0.4_kp0_0000_ucp0_0498_s137,cm0,stageC,0.0,0.0,0.1,0.04977134874876729,137,100,4,1,True,,0.406724,0.001030806686593021,1.3423964480681387,-0.0025797872187858168,-0.08877909345578205,0.00767476751689199,0.024902407431028013,0.11604921244861564,0.24119700319999995,0.04811432036306862,True,True,False,False,True,0.0,0.0,0.0,"{""0.0498"": 4}"
c3_w2_tcop_cm0_states_L0.4_kp0_0000_ucp0_0498_s137,cm0,stageC,0.0,0.0,0.1,0.04977134874876729,137,125,5,2,True,,0.40663199999999994,0.0005409811450811868,1.1501675048882625,0.006061210423814503,0.6359102952952098,0.00010270754961434652,0.022938420181551938,0.11017332597982127,0.24119541440000003,0.04786498277446676,True,True,False,False,True,0.0,0.0,0.0,"{""0.0498"": 4}"
c3_w2_tcop_cm0_states_L0.4_kp0_0000_ucp0_0498_s137,cm0,stageC,0.0,0.0,0.1,0.04977134874876729,137,150,6,0,True,,0.40672,0.00101891347547771,1.3488769118885338,0.0033005626712996157,0.5516631608652023,0.003583363835048113,0.021523109555976375,0.11014948832083624,0.24122221120000004,0.04811695750980105,True,True,False,False,True,0.0,0.0,0.0,"{""0.0498"": 4}"
c3_w2_tcop_cm0_states_L0.4_kp0_0000_ucp0_0498_s137,cm0,stageC,0.0,0.0,0.1,0.04977134874876729,137,175,7,1,True,,0.40674000000000005,0.00025951129075852796,0.6366713164831653,0.00022952663165430186,0.005413815747516879,5.8421537540446164e-05,0.02002401711755835,0.10424349681800793,0.2412362384,0.04905805132697384,True,True,False,False,True,0.0,0.0,0.0,"{""0.0498"": 4}"
c3_w2_tcop_cm0_states_L0.4_kp0_0000_ucp0_0498_s137,cm0,stageC,0.0,0.0,0.1,0.04977134874876729,137,200,8,2,True,,0.406204,0.0002936809706649442,0.6710347962250075,0.011852246891643575,1.2364519885127143,0.0025721668912071097,0.02288404217809916,0.11915195291244804,0.24111590240000003,0.048457304753772676,True,True,False,False,True,0.0,0.0,0.0,"{""0.0498"": 4}"
c3_w2_tcop_cm0_states_L0.4_kp0_0000_ucp0_0498_s137,cm0,stageC,0.0,0.0,0.1,0.04977134874876729,137,225,9,0,True,,0.40715599999999996,0.00036474415592157195,0.8470896861030701,0.01626705802878094,1.753515194747072,0.007777453005454249,0.021532311838880207,0.11887335537515509,0.24130313120000005,0.04833333905287322,True,True,False,False,True,0.0,0.0,0.0,"{""0.0498"": 4}"
c3_w2_tcop_cm0_states_L0.4_kp0_0000_ucp0_0498_s137,cm0,stageC,0.0,0.0,0.1,0.04977134874876729,137,250,10,1,True,,0.40706,-0.00048811781107255286,-0.0354496695247548,-0.014300356189339237,-1.416844730086405,0.0038828626048312363,0.022086548844994988,0.11202279734677241,0.24128132640000005,0.04854725944891226,True,True,False,False,True,0.0,0.0,0.0,"{""0.0498"": 4}"
c3_w2_tcop_cm0_states_L0.4_kp0_0000_ucp0_0498_s137,cm0,stageC,0.0,0.0,0.1,0.04977134874876729,137,275,11,2,True,,0.40725199999999995,0.00043961257098017127,0.8463703571534259,-0.022394903011902455,-2.01509641158721,0.005102216278070162,0.02262570483967304,0.11196998391175486,0.24131290400000002,0.04893678060518489,True,True,False,False,False,0.0,0.0,0.0,"{""0.0498"": 4}"
c3_w2_tcop_cm0_states_L0.4_kp0_0000_ucp0_0498_s137,cm0,stageC,0.0,0.0,0.1,0.04977134874876729,137,300,12,0,False,EXITS_PRIMARY_BLOCK_SET,0.40742399999999995,0.0005729963055079828,1.0827520844385485,-0.012003224309237276,-1.2334635837611905,0.006858602902836261,0.021030834756074573,0.08934181567766791,0.2413562656,0.04818219820639154,True,True,False,False,True,0.0,0.0,0.0,"{""0.0498"": 4}"
c3_w2_tcop_cm0_states_L0.4_kp0_0000_ucp0_0498_s256,cm0,stageC,0.0,0.0,0.1,0.04977134874876729,256,0,0,0,False,PRE_PRIMARY_PHASE_IMBALANCE,0.405932,-0.0006911579692640057,-0.3023341566757126,0.006513191403162877,0.6180750196898332,0.04873007809456012,0.08002687678967102,0.8257540651494483,0.24009590559999996,0.04666188354535209,False,True,False,False,True,0.0,0.0,0.0,"{""0.0498"": 4}"
c3_w2_tcop_cm0_states_L0.4_kp0_0000_ucp0_0498_s256,cm0,stageC,0.0,0.0,0.1,0.04977134874876729,256,25,1,1,False,PRE_PRIMARY_PHASE_IMBALANCE,0.408576,-0.0005586698770170696,-0.238478367465589,0.005835404636374931,0.5364993896723365,0.009304266870082201,0.025877855461005853,0.11748120271998057,0.24152986239999996,0.04671072921717236,True,True,False,False,True,0.0,0.0,0.0,"{""0.0498"": 4}"
c3_w2_tcop_cm0_states_L0.4_kp0_0000_ucp0_0498_s256,cm0,stageC,0.0,0.0,0.1,0.04977134874876729,256,50,2,2,False,PRE_PRIMARY_PHASE_IMBALANCE,0.407396,0.0004542015541335315,0.8312915308405813,0.016201450483941712,1.7303297801572755,0.023723960178613283,0.025004698615873268,0.10505748680630767,0.24132072800000004,0.04674333304333357,True,True,False,False,True,0.0,0.0,0.0,"{""0.0498"": 4}"
c3_w2_tcop_cm0_states_L0.4_kp0_0000_ucp0_0498_s256,cm0,stageC,0.0,0.0,0.1,0.04977134874876729,256,75,3,0,True,,0.40647600000000006,-0.0001232477598947343,0.3427900040375592,-0.002561650700184356,-0.32463191520499135,0.018538741615290604,0.02524884955778222,0.1220244242660713,0.24114793120000003,0.04814832732297146,True,True,False,False,True,0.0,0.0,0.0,"{""0.0498"": 4}"
c3_w2_tcop_cm0_states_L0.4_kp0_0000_ucp0_0498_s256,cm0,stageC,0.0,0.0,0.1,0.04977134874876729,256,100,4,1,True,,0.40617999999999993,-0.000175457787064324,0.0710807521732142,-0.006287451858063963,-0.7789673959007417,0.005327235157592012,0.02538965177750345,0.12211334846099436,0.2410914544,0.049252894331196416,True,True,False,False,True,0.0,0.0,0.0,"{""0.0498"": 4}"
c3_w2_tcop_cm0_states_L0.4_kp0_0000_ucp0_0498_s256,cm0,stageC,0.0,0.0,0.1,0.04977134874876729,256,125,5,2,True,,0.406664,-2.683606300122293e-05,0.2719960406812425,-0.017329809662869584,-1.7606093175208384,0.01476511426946881,0.024789865692107785,0.1327877556587557,0.2411867616,0.049258411505041455,True,True,False,False,True,0.0,0.0,0.0,"{""0.0498"": 4}"
c3_w2_tcop_cm0_states_L0.4_kp0_0000_ucp0_0498_s256,cm0,stageC,0.0,0.0,0.1,0.04977134874876729,256,150,6,0,True,,0.40790400000000004,-0.0006725775956270393,-0.17543350181399597,-0.011810006909155844,-1.1262188393977268,0.0065457239844526815,0.024556770845366647,0.13238409004965848,0.24141799040000003,0.04913579941346228,True,True,False,False,True,0.0,0.0,0.0,"{""0.0498"": 4}"
c3_w2_tcop_cm0_states_L0.4_kp0_0000_ucp0_0498_s256,cm0,stageC,0.0,0.0,0.1,0.04977134874876729,256,175,7,1,True,,0.40809199999999995,5.6797191414729545e-05,0.42085515238400883,-0.008730010320754197,-0.787534170418345,0.011722646805417609,0.023868266042379894,0.1313429321541639,0.2414580432,0.049069741552203026,True,True,False,False,True,0.0,0.0,0.0,"{""0.0498"": 4}"
c3_w2_tcop_cm0_states_L0.4_kp0_0000_ucp0_0498_s256,cm0,stageC,0.0,0.0,0.1,0.04977134874876729,256,200,8,2,True,,0.40742399999999995,-8.55120290299908e-05,0.3244688219923245,-0.0042766250953493795,-0.4687669844257566,0.01129825515122711,0.022352362155284022,0.13155827803085166,0.24134674879999996,0.04863501027038032,True,True,False,False,True,0.0,0.0,0.0,"{""0.0498"": 4}"
c3_w2_tcop_cm0_states_L0.4_kp0_0000_ucp0_0498_s256,cm0,stageC,0.0,0.0,0.1,0.04977134874876729,256,225,9,0,True,,0.406796,-0.0016086768939666978,-1.1641845514993576,-0.0020567010415926583,-0.20776119175948182,0.01165260723249459,0.022165150876435367,0.11111220338667985,0.2412317136,0.048085906292800594,True,True,False,False,True,0.0,0.0,0.0,"{""0.0498"": 4}"
c3_w2_tcop_cm0_states_L0.4_kp0_0000_ucp0_0498_s256,cm0,stageC,0.0,0.0,0.1,0.04977134874876729,256,250,10,1,True,,0.405648,0.00036452400071288306,0.7561421771495764,-0.010780988866018273,-0.9267025272725812,0.011151274844406133,0.02273982427424025,0.10846842555992278,0.24101261120000003,0.04892872465127208,True,True,False,False,True,0.0,0.0,0.0,"{""0.0498"": 4}"
c3_w2_tcop_cm0_states_L0.4_kp0_0000_ucp0_0498_s256,cm0,stageC,0.0,0.0,0.1,0.04977134874876729,256,275,11,2,True,,0.4059000000000001,-0.0004908546339646427,-0.09502068013828988,0.004154275819235537,0.4307186071641435,0.0003837782142743006,0.022620808809942754,0.11727026332281276,0.24106088480000004,0.04930750449982234,True,True,False,False,True,0.0,0.0,0.0,"{""0.0498"": 4}"
c3_w2_tcop_cm0_states_L0.4_kp0_0000_ucp0_0498_s256,cm0,stageC,0.0,0.0,0.1,0.04977134874876729,256,300,12,0,False,EXITS_PRIMARY_BLOCK_SET,0.405944,-0.00017271839474068017,0.19023287410182838,0.005605839045709164,0.6110799277298327,0.0053983286771469505,0.022135272430754516,0.11134540697400269,0.24107272640000005,0.04854141390606582,True,True,False,False,True,0.0,0.0,0.0,"{""0.0498"": 4}"
c3_w2_tcop_cm0_states_L0.4_kp0_0000_ucp0_0498_s1024,cm0,stageC,0.0,0.0,0.1,0.04977134874876729,1024,0,0,0,False,PRE_PRIMARY_PHASE_IMBALANCE,0.40355599999999997,-0.0004601318121647168,-0.031090317258154213,0.0033613044645224815,0.36883294439415143,0.03915327740103495,0.07852149871547297,0.8276422582550073,0.23969443679999997,0.04831019420370818,False,True,False,False,True,0.0,0.0,0.0,"{""0.0498"": 4}"
c3_w2_tcop_cm0_states_L0.4_kp0_0000_ucp0_0498_s1024,cm0,stageC,0.0,0.0,0.1,0.04977134874876729,1024,25,1,1,False,PRE_PRIMARY_PHASE_IMBALANCE,0.40676,0.0005776467454208056,0.9166894082217051,-0.0033125670767714176,-0.2822202883983735,0.008106622423217793,0.02048054434895974,0.09538794351610791,0.24123690239999995,0.04857965006049343,True,True,False,False,True,0.0,0.0,0.0,"{""0.0498"": 4}"
c3_w2_tcop_cm0_states_L0.4_kp0_0000_ucp0_0498_s1024,cm0,stageC,0.0,0.0,0.1,0.04977134874876729,1024,50,2,2,False,PRE_PRIMARY_PHASE_IMBALANCE,0.407136,0.000461506635037243,0.8726610911151647,-0.007480240318380467,-0.9154258857287437,0.00926878820951191,0.020377591932867367,0.09431737774523159,0.2413074464,0.04886673207817359,True,True,False,False,True,0.0,0.0,0.0,"{""0.0498"": 4}"
c3_w2_tcop_cm0_states_L0.4_kp0_0000_ucp0_0498_s1024,cm0,stageC,0.0,0.0,0.1,0.04977134874876729,1024,75,3,0,True,,0.4086800000000001,-0.0004597726159654759,0.023900558274219226,-0.010398731479942353,-1.0155355478655195,0.011103782368295612,0.02240977730808057,0.11549378458575467,0.24157678079999997,0.04836297757582756,True,True,False,False,True,0.0,0.0,0.0,"{""0.0498"": 4}"
c3_w2_tcop_cm0_states_L0.4_kp0_0000_ucp0_0498_s1024,cm0,stageC,0.0,0.0,0.1,0.04977134874876729,1024,100,4,1,True,,0.40794800000000003,-0.00023730066052511144,0.20689660620419725,-0.012050708127312945,-1.2302463973210302,0.014675690718409039,0.023762384880795445,0.1157010204347098,0.2414324592,0.048895698133884946,True,True,False,False,True,0.0,0.0,0.0,"{""0.0498"": 4}"
c3_w2_tcop_cm0_states_L0.4_kp0_0000_ucp0_0498_s1024,cm0,stageC,0.0,0.0,0.1,0.04977134874876729,1024,125,5,2,True,,0.40676400000000007,-0.000806393272832563,-0.485189766473635,0.001622033566458655,0.16938487184039322,0.021132596731341213,0.025348133548568796,0.12882162598258048,0.24120073760000005,0.048834908661734996,True,True,False,False,True,0.0,0.0,0.0,"{""0.0498"": 4}"
c3_w2_tcop_cm0_states_L0.4_kp0_0000_ucp0_0498_s1024,cm0,stageC,0.0,0.0,0.1,0.04977134874876729,1024,150,6,0,True,,0.406816,-0.00145288066666836,-0.9156452176726202,0.014997898077865833,1.6152532292824295,0.012669795226522323,0.025662865624643073,0.12880515975574913,0.2412077472,0.048714906794532616,True,True,False,False,True,0.0,0.0,0.0,"{""0.0498"": 4}"
c3_w2_tcop_cm0_states_L0.4_kp0_0000_ucp0_0498_s1024,cm0,stageC,0.0,0.0,0.1,0.04977134874876729,1024,175,7,1,True,,0.40564,-0.0006470354592340065,-0.24647616933476005,0.001998006065957269,0.23786759048301792,0.009604747059845991,0.02369402275964541,0.11635933311221941,0.24100381440000004,0.048554612551229365,True,True,False,False,True,0.0,0.0,0.0,"{""0.0498"": 4}"
c3_w2_tcop_cm0_states_L0.4_kp0_0000_ucp0_0498_s1024,cm0,stageC,0.0,0.0,0.1,0.04977134874876729,1024,200,8,2,True,,0.4062080000000001,-0.0008265900154854344,-0.42785528528363764,0.006482708685680032,0.5644704621060519,0.0016533085440526185,0.02230443336451708,0.12013549678948837,0.24112097280000003,0.0498206858242638,True,True,False,False,True,0.0,0.0,0.0,"{""0.0498"": 4}"
c3_w2_tcop_cm0_states_L0.4_kp0_0000_ucp0_0498_s1024,cm0,stageC,0.0,0.0,0.1,0.04977134874876729,1024,225,9,0,True,,0.40652799999999994,-0.0009258646366900008,-0.5843310601263106,-0.00440690327819636,-0.2977626761674478,0.008876438629586966,0.02064069373130378,0.10823362693779115,0.24119257600000005,0.049262817783801205,True,True,False,False,True,0.0,0.0,0.0,"{""0.0498"": 4}"
c3_w2_tcop_cm0_states_L0.4_kp0_0000_ucp0_0498_s1024,cm0,stageC,0.0,0.0,0.1,0.04977134874876729,1024,250,10,1,True,,0.4067,-0.0004962028556552666,-0.13105071733429785,-0.011248607594936708,-1.2393258585651084,0.002873560031505464,0.0212452416581654,0.11999016444556145,0.2412204528,0.04968651728587948,True,True,False,False,True,0.0,0.0,0.0,"{""0.0498"": 4}"
c3_w2_tcop_cm0_states_L0.4_kp0_0000_ucp0_0498_s1024,cm0,stageC,0.0,0.0,0.1,0.04977134874876729,1024,275,11,2,True,,0.40724400000000005,-0.0009754637552130805,-0.5809077535516683,-0.012556405832803676,-1.2863677185862983,0.009826836447418623,0.021765207037326994,0.11982988056342174,0.2413177584,0.04945911911872269,True,True,False,False,True,0.0,0.0,0.0,"{""0.0498"": 4}"
c3_w2_tcop_cm0_states_L0.4_kp0_0000_ucp0_0498_s1024,cm0,stageC,0.0,0.0,0.1,0.04977134874876729,1024,300,12,0,False,EXITS_PRIMARY_BLOCK_SET,0.407428,-0.0009519704709897005,-0.5489684309924423,-0.003671839850745599,-0.2433929138499132,0.003499962189049288,0.02312112055868291,0.11977576376739998,0.24134168480000004,0.04924697773467932,True,True,False,False,True,0.0,0.0,0.0,"{""0.0498"": 4}"
c3_w2_tcop_cm0_states_L0.4_kp0_0000_ucp0_0498_s31415,cm0,stageC,0.0,0.0,0.1,0.04977134874876729,31415,0,0,0,False,PRE_PRIMARY_PHASE_IMBALANCE,0.40213599999999994,-0.001577869957551285,-1.067971109274141,0.014018069444054275,1.3662106603424167,0.05316703300534323,0.0801721559207255,0.8325541587110974,0.2393832128,0.047992473409900434,False,True,False,False,True,0.0,0.0,0.0,"{""0.0498"": 4}"
c3_w2_tcop_cm0_states_L0.4_kp0_0000_ucp0_0498_s31415,cm0,stageC,0.0,0.0,0.1,0.04977134874876729,31415,25,1,1,False,PRE_PRIMARY_PHASE_IMBALANCE,0.40626799999999996,-0.00046300629050731104,-0.13034958866342516,0.004459715116287675,0.48032766722630643,0.004103120828041292,0.024418592419978603,0.13980918964868222,0.24111589600000002,0.04866571869396362,True,True,False,False,True,0.0,0.0,0.0,"{""0.0498"": 4}"
c3_w2_tcop_cm0_states_L0.4_kp0_0000_ucp0_0498_s31415,cm0,stageC,0.0,0.0,0.1,0.04977134874876729,31415,50,2,2,False,PRE_PRIMARY_PHASE_IMBALANCE,0.406312,6.620062262252283e-05,0.45089373935040394,-0.0076795531587949125,-0.7654573536621635,0.006305539081579178,0.024774346365733436,0.13290279358497212,0.24112123200000002,0.04852297039547352,True,True,False,False,True,0.0,0.0,0.0,"{""0.0498"": 4}"
c3_w2_tcop_cm0_states_L0.4_kp0_0000_ucp0_0498_s31415,cm0,stageC,0.0,0.0,0.1,0.04977134874876729,31415,75,3,0,True,,0.40590799999999994,0.00018420255013387024,0.5680667721249771,-0.013045306069931786,-1.2864504812126494,0.0026189833755717856,0.024445334667187544,0.12909329175800097,0.24104823839999998,0.04877474280813791,True,True,False,False,True,0.0,0.0,0.0,"{""0.0498"": 4}"
c3_w2_tcop_cm0_states_L0.4_kp0_0000_ucp0_0498_s31415,cm0,stageC,0.0,0.0,0.1,0.04977134874876729,31415,100,4,1,True,,0.40608,7.764705448056917e-05,0.47442731545076355,-0.008945923900603852,-0.8741132054790939,0.0009102565080432114,0.02590491440414426,0.12903861276339965,0.24106837440000004,0.048029091184406146,True,True,False,False,True,0.0,0.0,0.0,"{""0.0498"": 4}"
c3_w2_tcop_cm0_states_L0.4_kp0_0000_ucp0_0498_s31415,cm0,stageC,0.0,0.0,0.1,0.04977134874876729,31415,125,5,2,True,,0.40586,0.000831983668916785,1.3581923923894903,-0.000527394503369595,0.0015982085693423556,0.0032260654655973126,0.02530356031366195,0.12319519015622332,0.24103219359999997,0.04808846431318014,True,True,False,False,True,0.0,0.0,0.0,"{""0.0498"": 4}"
c3_w2_tcop_cm0_states_L0.4_kp0_0000_ucp0_0498_s31415,cm0,stageC,0.0,0.0,0.1,0.04977134874876729,31415,150,6,0,True,,0.4057880000000001,0.00017283579520437276,0.6989271272725165,-0.004109356431755016,-0.4771865299816946,0.006317822023616509,0.023914807971187658,0.11730263064136294,0.24102992479999993,0.04780438322999262,True,True,False,False,True,0.0,0.0,0.0,"{""0.0498"": 4}"
c3_w2_tcop_cm0_states_L0.4_kp0_0000_ucp0_0498_s31415,cm0,stageC,0.0,0.0,0.1,0.04977134874876729,31415,175,7,1,True,,0.4062840000000001,-3.93515371323001e-05,0.3900445879076418,-0.0036223448803483355,-0.2971676520697836,0.004339270789129289,0.02480018654526561,0.14078821676268752,0.24111578720000001,0.04914459628484092,True,True,False,False,True,0.0,0.0,0.0,"{""0.0498"": 4}"
c3_w2_tcop_cm0_states_L0.4_kp0_0000_ucp0_0498_s31415,cm0,stageC,0.0,0.0,0.1,0.04977134874876729,31415,200,8,2,True,,0.405892,0.0014626400318312547,1.7500365475012518,-0.009451510251743414,-0.9689874964160407,0.0010709338131224592,0.02340554364995444,0.1409241863822785,0.241053432,0.048503652810896615,True,True,False,False,True,0.0,0.0,0.0,"{""0.0498"": 4}"
c3_w2_tcop_cm0_states_L0.4_kp0_0000_ucp0_0498_s31415,cm0,stageC,0.0,0.0,0.1,0.04977134874876729,31415,225,9,0,True,,0.40598,-0.00018616551641320716,0.20858586993815656,-0.00889376178368202,-0.7725361206410543,0.0017801671743606356,0.023028939159495006,0.14187890994167462,0.24107283040000002,0.04813937681358162,True,True,False,False,True,0.0,0.0,0.0,"{""0.0498"": 4}"
c3_w2_tcop_cm0_states_L0.4_kp0_0000_ucp0_0498_s31415,cm0,stageC,0.0,0.0,0.1,0.04977134874876729,31415,250,10,1,True,,0.40684800000000004,-0.0012262506687396389,-0.7798009876217635,-0.0026842750096846882,-0.2649440650508174,0.0005557422174998156,0.024114403351751922,0.14157621484786398,0.24122645119999997,0.04903860617921353,True,True,False,False,True,0.0,0.0,0.0,"{""0.0498"": 4}"
c3_w2_tcop_cm0_states_L0.4_kp0_0000_ucp0_0498_s31415,cm0,stageC,0.0,0.0,0.1,0.04977134874876729,31415,275,11,2,True,,0.40601200000000004,-0.0011927162278780555,-0.8203272113052656,-0.010825208943750943,-1.0418092708256068,0.0023345486910340356,0.02244443136226071,0.13201580216344386,0.24108321440000005,0.04869061363343041,True,True,False,False,True,0.0,0.0,0.0,"{""0.0498"": 4}"
c3_w2_tcop_cm0_states_L0.4_kp0_0000_ucp0_0498_s31415,cm0,stageC,0.0,0.0,0.1,0.04977134874876729,31415,300,12,0,False,EXITS_PRIMARY_BLOCK_SET,0.40750800000000004,-0.002463798027809,-2.121373008512202,-0.007900132664532346,-0.6881413628712714,0.007661180127896689,0.023168456174833655,0.13153115980169422,0.24135609119999998,0.048456887394879175,True,True,False,False,False,0.0,0.0,0.0,"{""0.0498"": 4}"
c3_w2_tcop_cm0_states_L0.4_kp0_0000_ucp0_1234_s42,cm0,stageC,0.0,0.0,0.25,0.12339551870278656,42,0,0,0,False,PRE_PRIMARY_PHASE_IMBALANCE,0.41370000000000007,-0.001046530502858828,-0.6638930258243396,-0.010687086610887391,-0.9737832396126573,0.04992580464253643,0.07930412078929519,0.8189509286464804,0.2414759376,0.04895252802460767,False,True,False,False,True,0.0,0.0,0.0,"{""0.1234"": 4}"
c3_w2_tcop_cm0_states_L0.4_kp0_0000_ucp0_1234_s42,cm0,stageC,0.0,0.0,0.25,0.12339551870278656,42,25,1,1,False,PRE_PRIMARY_PHASE_IMBALANCE,0.417216,-0.0005589133677839552,-0.11061484902228703,-0.006358492644961356,-0.6694491195278118,0.004246858177710334,0.022124137274652136,0.11888326401939707,0.24306160639999994,0.04849009531852871,True,True,False,False,True,0.0,0.0,0.0,"{""0.1234"": 4}"
c3_w2_tcop_cm0_states_L0.4_kp0_0000_ucp0_1234_s42,cm0,stageC,0.0,0.0,0.25,0.12339551870278656,42,50,2,2,False,PRE_PRIMARY_PHASE_IMBALANCE,0.41816400000000004,0.0004446970074998502,0.8437111299177502,-0.0006314688468514491,-0.03199562159370922,0.008251176634650728,0.02341140342873059,0.12530968680874086,0.24320702880000003,0.04891491698858334,True,True,False,False,True,0.0,0.0,0.0,"{""0.1234"": 4}"
c3_w2_tcop_cm0_states_L0.4_kp0_0000_ucp0_1234_s42,cm0,stageC,0.0,0.0,0.25,0.12339551870278656,42,75,3,0,True,,0.41797999999999996,0.0006702814031329197,1.1266581010586265,-0.012252045462583619,-1.1850783120632653,0.008555714635163135,0.02272765499750706,0.12536484969289238,0.24318247520000003,0.04861809951036754,True,True,False,False,True,0.0,0.0,0.0,"{""0.1234"": 4}"
c3_w2_tcop_cm0_states_L0.4_kp0_0000_ucp0_1234_s42,cm0,stageC,0.0,0.0,0.25,0.12339551870278656,42,100,4,1,True,,0.417676,0.0008163626702444473,1.0897476814472475,-0.013326778423378073,-1.4403108706855239,0.004445037910056849,0.02498671472979113,0.12545609485472928,0.24311384160000002,0.04827752089741146,True,True,False,False,True,0.0,0.0,0.0,"{""0.1234"": 4}"
c3_w2_tcop_cm0_states_L0.4_kp0_0000_ucp0_1234_s42,cm0,stageC,0.0,0.0,0.25,0.12339551870278656,42,125,5,2,True,,0.41725999999999996,0.00011909735383738778,0.4294118434635085,-0.0023874137185570837,-0.26174520631498394,0.010618326821856088,0.02457749013239142,0.12558117210952124,0.24304892320000002,0.048637150409948975,True,True,False,False,True,0.0,0.0,0.0,"{""0.1234"": 4}"
c3_w2_tcop_cm0_states_L0.4_kp0_0000_ucp0_1234_s42,cm0,stageC,0.0,0.0,0.25,0.12339551870278656,42,150,6,0,True,,0.41694000000000003,-0.0001084867880185014,0.26298760626906575,0.0019962984857874854,0.316316001711533,0.0058633003755534496,0.02501304858555748,0.15349930408811985,0.2429922736,0.04761718597313369,True,True,False,False,True,0.0,0.0,0.0,"{""0.1234"": 4}"
c3_w2_tcop_cm0_states_L0.4_kp0_0000_ucp0_1234_s42,cm0,stageC,0.0,0.0,0.25,0.12339551870278656,42,175,7,1,True,,0.41714,0.0002403688780468883,0.6206488254533115,0.009220805450872298,0.9968353269343931,5.6964990604710496e-05,0.024708794900186376,0.13328858384885506,0.24302798560000002,0.04832163490611633,True,True,False,False,True,0.0,0.0,0.0,"{""0.1234"": 4}"
c3_w2_tcop_cm0_states_L0.4_kp0_0000_ucp0_1234_s42,cm0,stageC,0.0,0.0,0.25,0.12339551870278656,42,200,8,2,True,,0.4163760000000001,0.00042784740581526396,0.7869086483417956,0.011678809804897316,1.2084688008313509,0.003896867860609185,0.024760635589968487,0.1594712467590081,0.24290073600000003,0.04823014227638148,True,True,False,False,True,0.0,0.0,0.0,"{""0.1234"": 4}"
c3_w2_tcop_cm0_states_L0.4_kp0_0000_ucp0_1234_s42,cm0,stageC,0.0,0.0,0.25,0.12339551870278656,42,225,9,0,True,,0.41738800000000004,0.0006173328544120878,0.9896004203877447,0.009712114016219698,1.1725293707695474,0.0014025763568946495,0.02457596289547679,0.1590845923718828,0.24307003679999994,0.04797934405554124,True,True,False,False,True,0.0,0.0,0.0,"{""0.1234"": 4}"
c3_w2_tcop_cm0_states_L0.4_kp0_0000_ucp0_1234_s42,cm0,stageC,0.0,0.0,0.25,0.12339551870278656,42,250,10,1,True,,0.417088,-0.0006720443037706842,-0.320624403822722,-0.009014435767079845,-0.9231476602655361,0.006505177124796722,0.02367623242997679,0.12946908055501707,0.24302808320000005,0.04874587424592978,True,True,False,False,True,0.0,0.0,0.0,"{""0.1234"": 4}"
c3_w2_tcop_cm0_states_L0.4_kp0_0000_ucp0_1234_s42,cm0,stageC,0.0,0.0,0.25,0.12339551870278656,42,275,11,2,True,,0.416832,-0.0010939306700956353,-0.6772240855576845,-0.01860919931893348,-1.8582883226947569,0.0020775914483118054,0.024001870415366847,0.1266697371442938,0.24298298879999997,0.047680224160546895,True,True,False,False,True,0.0,0.0,0.0,"{""0.1234"": 4}"
c3_w2_tcop_cm0_states_L0.4_kp0_0000_ucp0_1234_s42,cm0,stageC,0.0,0.0,0.25,0.12339551870278656,42,300,12,0,False,EXITS_PRIMARY_BLOCK_SET,0.41759999999999997,-0.0024954174520054185,-2.1566065673845656,-0.008864424348572042,-0.9226612900976866,0.00904803121823877,0.02237897214525159,0.12643678130642536,0.24312290240000003,0.04730919572345317,True,True,False,False,False,0.0,0.0,0.0,"{""0.1234"": 4}"
c3_w2_tcop_cm0_states_L0.4_kp0_0000_ucp0_1234_s137,cm0,stageC,0.0,0.0,0.25,0.12339551870278656,137,0,0,0,False,PRE_PRIMARY_PHASE_IMBALANCE,0.41519999999999996,-0.0003813238635555291,0.053424927293480244,-0.009677853553481702,-1.0525914073143663,0.03539197841896776,0.07965328153684426,0.8188824643090499,0.24171519999999996,0.04721016839622583,False,True,False,False,True,0.0,0.0,0.0,"{""0.1234"": 4}"
c3_w2_tcop_cm0_states_L0.4_kp0_0000_ucp0_1234_s137,cm0,stageC,0.0,0.0,0.25,0.12339551870278656,137,25,1,1,False,PRE_PRIMARY_PHASE_IMBALANCE,0.41709199999999996,-0.00016894241753738284,0.3127991914124004,-0.012141897384998494,-1.1438850375366825,0.00199515506009804,0.0243930368575526,0.10836937628060617,0.24302275040000001,0.04780359333773979,True,True,False,False,True,0.0,0.0,0.0,"{""0.1234"": 4}"
c3_w2_tcop_cm0_states_L0.4_kp0_0000_ucp0_1234_s137,cm0,stageC,0.0,0.0,0.25,0.12339551870278656,137,50,2,2,False,PRE_PRIMARY_PHASE_IMBALANCE,0.41721600000000003,0.0011814471491718185,1.4952279527839591,-0.013815633544748605,-1.3082136108524751,0.001723596193500664,0.02468253496722254,0.11217211201830188,0.24304076160000002,0.048569222188542406,True,True,False,False,True,0.0,0.0,0.0,"{""0.1234"": 4}"
c3_w2_tcop_cm0_states_L0.4_kp0_0000_ucp0_1234_s137,cm0,stageC,0.0,0.0,0.25,0.12339551870278656,137,75,3,0,True,,0.41733600000000004,0.0011169774569422045,1.3394843823572815,-0.004177552799647119,-0.2785912504561083,0.005193457397590514,0.02560693901274171,0.12268292185988518,0.24305245759999994,0.04772947835457664,True,True,False,False,True,0.0,0.0,0.0,"{""0.1234"": 4}"
c3_w2_tcop_cm0_states_L0.4_kp0_0000_ucp0_1234_s137,cm0,stageC,0.0,0.0,0.25,0.12339551870278656,137,100,4,1,True,,0.417152,0.0012899748787946247,1.6384700137221813,-0.002944323923194922,-0.17516468671218782,0.004423578278491828,0.024314930793960115,0.12273703560635674,0.24303332799999997,0.04781348027491829,True,True,False,False,True,0.0,0.0,0.0,"{""0.1234"": 4}"
c3_w2_tcop_cm0_states_L0.4_kp0_0000_ucp0_1234_s137,cm0,stageC,0.0,0.0,0.25,0.12339551870278656,137,125,5,2,True,,0.4169840000000001,0.000689969181186248,1.2745987473696208,0.010203195783193657,1.0279700910163634,0.001977827615134858,0.022613307062463967,0.12182721609983305,0.24301943039999999,0.04761621303715784,True,True,False,False,True,0.0,0.0,0.0,"{""0.1234"": 4}"
c3_w2_tcop_cm0_states_L0.4_kp0_0000_ucp0_1234_s137,cm0,stageC,0.0,0.0,0.25,0.12339551870278656,137,150,6,0,True,,0.41694799999999993,0.0009528317169633673,1.324015824725492,0.004527501692444045,0.7196812809030564,0.0021109779029781276,0.021433163692955788,0.12183773486900593,0.24302250400000003,0.04752352360673606,True,True,False,False,True,0.0,0.0,0.0,"{""0.1234"": 4}"
c3_w2_tcop_cm0_states_L0.4_kp0_0000_ucp0_1234_s137,cm0,stageC,0.0,0.0,0.25,0.12339551870278656,137,175,7,1,True,,0.41698,0.0003191917673056125,0.6938951505722976,-0.0019470855519409887,-0.2639623824411656,0.0002814804952087075,0.019890810472973416,0.10168353373858821,0.24303888799999998,0.0482364965560311,True,True,False,False,True,0.0,0.0,0.0,"{""0.1234"": 4}"
c3_w2_tcop_cm0_states_L0.4_kp0_0000_ucp0_1234_s137,cm0,stageC,0.0,0.0,0.25,0.12339551870278656,137,200,8,2,True,,0.4165760000000001,0.00020778549015404386,0.5943327878482235,0.013861490658273171,1.4096718395631571,0.0019244511591936624,0.02256810509254978,0.11522507269927926,0.24295205119999996,0.04759197646662723,True,True,False,False,True,0.0,0.0,0.0,"{""0.1234"": 4}"
c3_w2_tcop_cm0_states_L0.4_kp0_0000_ucp0_1234_s137,cm0,stageC,0.0,0.0,0.25,0.12339551870278656,137,225,9,0,True,,0.4175,0.0002772668300309446,0.7334864922391289,0.0156397495158281,1.6867904029215515,0.006753441795071434,0.020943885645247833,0.11497005960486223,0.24311729120000003,0.04750189469905384,True,True,False,False,True,0.0,0.0,0.0,"{""0.1234"": 4}"
c3_w2_tcop_cm0_states_L0.4_kp0_0000_ucp0_1234_s137,cm0,stageC,0.0,0.0,0.25,0.12339551870278656,137,250,10,1,True,,0.4172199999999999,-0.000585024433645832,-0.12725190679081785,-0.01465665214444357,-1.4830363560450877,0.00241335671265896,0.022002884691238334,0.1092948561687004,0.2430631984,0.04758562387948696,True,True,False,False,True,0.0,0.0,0.0,"{""0.1234"": 4}"
c3_w2_tcop_cm0_states_L0.4_kp0_0000_ucp0_1234_s137,cm0,stageC,0.0,0.0,0.25,0.12339551870278656,137,275,11,2,True,,0.417632,0.0006419596277057332,1.0405536633174035,-0.018370711705847618,-1.6705089178273966,0.005836918058337925,0.022290871036540115,0.10918703521476561,0.24312884799999998,0.048289052341084514,True,True,False,False,True,0.0,0.0,0.0,"{""0.1234"": 4}"
c3_w2_tcop_cm0_states_L0.4_kp0_0000_ucp0_1234_s137,cm0,stageC,0.0,0.0,0.25,0.12339551870278656,137,300,12,0,False,EXITS_PRIMARY_BLOCK_SET,0.417876,0.0005694475501024768,1.1051233581850213,-0.005912477978321549,-0.638768286373119,0.004517581230701099,0.020694016422695822,0.09476495397016103,0.24318086880000003,0.047644607501793945,True,True,False,False,True,0.0,0.0,0.0,"{""0.1234"": 4}"
c3_w2_tcop_cm0_states_L0.4_kp0_0000_ucp0_1234_s256,cm0,stageC,0.0,0.0,0.25,0.12339551870278656,256,0,0,0,False,PRE_PRIMARY_PHASE_IMBALANCE,0.41621199999999997,-0.0006723163423874941,-0.31508558947589915,0.0009723947569787269,0.06421011042012367,0.0498413174190176,0.08039210583581528,0.8236187307823447,0.2418599888,0.046150309381411514,False,True,False,False,True,0.0,0.0,0.0,"{""0.1234"": 4}"
c3_w2_tcop_cm0_states_L0.4_kp0_0000_ucp0_1234_s256,cm0,stageC,0.0,0.0,0.25,0.12339551870278656,256,25,1,1,False,PRE_PRIMARY_PHASE_IMBALANCE,0.418784,-0.0004574789584842722,-0.11668637397687977,0.001380367434807947,0.14869068867211413,0.009350289327689717,0.02494666673101389,0.10697638852731627,0.24329481599999997,0.046161037076738215,True,True,False,False,True,0.0,0.0,0.0,"{""0.1234"": 4}"
c3_w2_tcop_cm0_states_L0.4_kp0_0000_ucp0_1234_s256,cm0,stageC,0.0,0.0,0.25,0.12339551870278656,256,50,2,2,False,PRE_PRIMARY_PHASE_IMBALANCE,0.417604,0.0005743614718319487,0.9428338654304736,0.012284704430818735,1.3402455546117127,0.022009461360290514,0.023946320379450506,0.10919435611441848,0.2431108976,0.04625126143144639,True,True,False,False,True,0.0,0.0,0.0,"{""0.1234"": 4}"
c3_w2_tcop_cm0_states_L0.4_kp0_0000_ucp0_1234_s256,cm0,stageC,0.0,0.0,0.25,0.12339551870278656,256,75,3,0,True,,0.416724,-6.019297127568139e-05,0.43973325663009494,-0.006584952557646029,-0.7049004882180221,0.018465289914869534,0.0246981663271113,0.12574269750304112,0.242959176,0.04753974993623757,True,True,False,False,True,0.0,0.0,0.0,"{""0.1234"": 4}"
c3_w2_tcop_cm0_states_L0.4_kp0_0000_ucp0_1234_s256,cm0,stageC,0.0,0.0,0.25,0.12339551870278656,256,100,4,1,True,,0.4161560000000001,-0.0003188530470393339,-0.05054496149053365,-0.008802698799000365,-1.0895808672631935,0.003857977653085402,0.025090205890045004,0.12206960821886598,0.24286116,0.04875719089529256,True,True,False,False,True,0.0,0.0,0.0,"{""0.1234"": 4}"
c3_w2_tcop_cm0_states_L0.4_kp0_0000_ucp0_1234_s256,cm0,stageC,0.0,0.0,0.25,0.12339551870278656,256,125,5,2,True,,0.4167,-0.0003298292779661443,-0.06896161246159212,-0.014913989984704678,-1.4669311817456026,0.012452793125601535,0.02466288190678955,0.13438924853758277,0.2429554928,0.048850281473088765,True,True,False,False,True,0.0,0.0,0.0,"{""0.1234"": 4}"
c3_w2_tcop_cm0_states_L0.4_kp0_0000_ucp0_1234_s256,cm0,stageC,0.0,0.0,0.25,0.12339551870278656,256,150,6,0,True,,0.4179,-0.0008729456708832997,-0.3953089987643709,-0.00827648664399788,-0.7550663945723418,0.007523508973240849,0.02446282179936558,0.1340033497630932,0.24315507999999997,0.04883717846067687,True,True,False,False,True,0.0,0.0,0.0,"{""0.1234"": 4}"
c3_w2_tcop_cm0_states_L0.4_kp0_0000_ucp0_1234_s256,cm0,stageC,0.0,0.0,0.25,0.12339551870278656,256,175,7,1,True,,0.41833999999999993,-0.00013417289381922732,0.20444304269446517,-0.0055326496870123755,-0.4869068683334071,0.005987116840511412,0.023796430464581592,0.1252569677170317,0.2432325424,0.04874427556134156,True,True,False,False,True,0.0,0.0,0.0,"{""0.1234"": 4}"
c3_w2_tcop_cm0_states_L0.4_kp0_0000_ucp0_1234_s256,cm0,stageC,0.0,0.0,0.25,0.12339551870278656,256,200,8,2,True,,0.41794000000000003,-0.00010455523954146791,0.2810709074684474,-0.0016104594462169283,-0.19438358629600203,0.007978785130324444,0.021588516707377558,0.12537684805145033,0.24318474720000002,0.0479553584075857,True,True,False,False,True,0.0,0.0,0.0,"{""0.1234"": 4}"
c3_w2_tcop_cm0_states_L0.4_kp0_0000_ucp0_1234_s256,cm0,stageC,0.0,0.0,0.25,0.12339551870278656,256,225,9,0,True,,0.41733600000000004,-0.001892688551678413,-1.3821766618241165,-0.0006559585933230133,-0.06426214938455864,0.011888013777208729,0.02094678589585065,0.1044721756463086,0.2430902432,0.04728914361669071,True,True,False,False,True,0.0,0.0,0.0,"{""0.1234"": 4}"
c3_w2_tcop_cm0_states_L0.4_kp0_0000_ucp0_1234_s256,cm0,stageC,0.0,0.0,0.25,0.12339551870278656,256,250,10,1,True,,0.41629999999999995,-1.2250903434059997e-05,0.31645943208802757,-0.011761943481796164,-1.0181489561003796,0.012200691574803602,0.021455220528680412,0.10377131851123877,0.24291453280000005,0.047956125781801855,True,True,False,False,True,0.0,0.0,0.0,"{""0.1234"": 4}"
c3_w2_tcop_cm0_states_L0.4_kp0_0000_ucp0_1234_s256,cm0,stageC,0.0,0.0,0.25,0.12339551870278656,256,275,11,2,True,,0.41609999999999997,-0.000835476714477869,-0.425504761197094,0.005394968967181673,0.5448876376759323,0.00319743581376421,0.020983988061199346,0.10862773345679473,0.24288455200000006,0.04838460498960387,True,True,False,False,True,0.0,0.0,0.0,"{""0.1234"": 4}"
c3_w2_tcop_cm0_states_L0.4_kp0_0000_ucp0_1234_s256,cm0,stageC,0.0,0.0,0.25,0.12339551870278656,256,300,12,0,False,EXITS_PRIMARY_BLOCK_SET,0.41600000000000004,-0.0005635256064746585,-0.17726253613227272,0.009267082057239409,0.9235523447447664,0.0035345842191568375,0.02113504404087789,0.09711538438193427,0.2428666976,0.04767137505883379,True,True,False,False,True,0.0,0.0,0.0,"{""0.1234"": 4}"
c3_w2_tcop_cm0_states_L0.4_kp0_0000_ucp0_1234_s1024,cm0,stageC,0.0,0.0,0.25,0.12339551870278656,1024,0,0,0,False,PRE_PRIMARY_PHASE_IMBALANCE,0.41414800000000007,-0.0007448771086726948,-0.3778129496881765,0.004709912441400918,0.4951769456552541,0.038643384416675836,0.07892236465238309,0.8383476418131978,0.2415610896,0.04767257173679641,False,True,False,False,True,0.0,0.0,0.0,"{""0.1234"": 4}"
c3_w2_tcop_cm0_states_L0.4_kp0_0000_ucp0_1234_s1024,cm0,stageC,0.0,0.0,0.25,0.12339551870278656,1024,25,1,1,False,PRE_PRIMARY_PHASE_IMBALANCE,0.41725600000000007,0.0002523661915573608,0.6419240902037967,-0.002286445349572779,-0.19433302639556435,0.0069408938541809725,0.01945316343232822,0.09202983278363917,0.2430875456,0.047824580123614256,True,True,False,False,True,0.0,0.0,0.0,"{""0.1234"": 4}"
c3_w2_tcop_cm0_states_L0.4_kp0_0000_ucp0_1234_s1024,cm0,stageC,0.0,0.0,0.25,0.12339551870278656,1024,50,2,2,False,PRE_PRIMARY_PHASE_IMBALANCE,0.417616,6.87457742343914e-06,0.42036853455231865,-0.009897813972793759,-1.161251375489614,0.007893590382244691,0.01978904231069615,0.09195049976066408,0.24314457920000002,0.04827169506035602,True,True,False,False,True,0.0,0.0,0.0,"{""0.1234"": 4}"
c3_w2_tcop_cm0_states_L0.4_kp0_0000_ucp0_1234_s1024,cm0,stageC,0.0,0.0,0.25,0.12339551870278656,1024,75,3,0,True,,0.41891600000000007,-0.0007947431412647216,-0.3469410236437594,-0.013869095259060835,-1.3677568849769017,0.009416671767206643,0.022112575544275963,0.105987835017073,0.24333957599999997,0.047540140344765495,True,True,False,False,True,0.0,0.0,0.0,"{""0.1234"": 4}"
c3_w2_tcop_cm0_states_L0.4_kp0_0000_ucp0_1234_s1024,cm0,stageC,0.0,0.0,0.25,0.12339551870278656,1024,100,4,1,True,,0.41818399999999994,-0.0005423812221802983,-0.09625768272535912,-0.01528752113862977,-1.5115640605833183,0.01347331179306211,0.022892313511192936,0.10617335884162626,0.24321449599999997,0.04813296317493865,True,True,False,False,True,0.0,0.0,0.0,"{""0.1234"": 4}"
c3_w2_tcop_cm0_states_L0.4_kp0_0000_ucp0_1234_s1024,cm0,stageC,0.0,0.0,0.25,0.12339551870278656,1024,125,5,2,True,,0.417028,-0.0010596633166838005,-0.7461020316362328,0.001206078882515403,0.13153879078043726,0.020256780705899133,0.024958749227683603,0.12181436229266535,0.24300731040000006,0.04833060330680758,True,True,False,False,True,0.0,0.0,0.0,"{""0.1234"": 4}"
c3_w2_tcop_cm0_states_L0.4_kp0_0000_ucp0_1234_s1024,cm0,stageC,0.0,0.0,0.25,0.12339551870278656,1024,150,6,0,True,,0.4169799999999999,-0.0015411943993315267,-0.9612374266805268,0.014298125386058371,1.5567026683336769,0.011890680142191655,0.025188828171387248,0.1218283847622707,0.2429973616,0.04812857363354954,True,True,False,False,True,0.0,0.0,0.0,"{""0.1234"": 4}"
c3_w2_tcop_cm0_states_L0.4_kp0_0000_ucp0_1234_s1024,cm0,stageC,0.0,0.0,0.25,0.12339551870278656,1024,175,7,1,True,,0.41587599999999997,-0.000843965195165714,-0.42238472183124676,0.0014258273214604992,0.19707602702322768,0.00826309677428166,0.023460134098737397,0.1154190188531701,0.2428279632,0.048054891780129935,True,True,False,False,True,0.0,0.0,0.0,"{""0.1234"": 4}"
c3_w2_tcop_cm0_states_L0.4_kp0_0000_ucp0_1234_s1024,cm0,stageC,0.0,0.0,0.25,0.12339551870278656,1024,200,8,2,True,,0.41645200000000004,-0.0009753846504704074,-0.5884380004405063,0.0032433452240901487,0.19482221923245738,0.001971708888993935,0.022568830978920096,0.12102235042448503,0.24293139360000002,0.04869837467513675,True,True,False,False,True,0.0,0.0,0.0,"{""0.1234"": 4}"
c3_w2_tcop_cm0_states_L0.4_kp0_0000_ucp0_1234_s1024,cm0,stageC,0.0,0.0,0.25,0.12339551870278656,1024,225,9,0,True,,0.416796,-0.0009087678948939662,-0.5944231816980893,-0.004177499114467919,-0.2988767707032581,0.007469724583882623,0.020987214959061896,0.10556723167792577,0.24300057760000005,0.048571744708214876,True,True,False,False,True,0.0,0.0,0.0,"{""0.1234"": 4}"
c3_w2_tcop_cm0_states_L0.4_kp0_0000_ucp0_1234_s1024,cm0,stageC,0.0,0.0,0.25,0.12339551870278656,1024,250,10,1,True,,0.41709599999999997,-0.000499016876302947,-0.07069447278747083,-0.012886179597839876,-1.3824564500503826,0.0035793900956849786,0.021140771444307597,0.12083549082025363,0.24304917439999993,0.04877260280116287,True,True,False,False,True,0.0,0.0,0.0,"{""0.1234"": 4}"
c3_w2_tcop_cm0_states_L0.4_kp0_0000_ucp0_1234_s1024,cm0,stageC,0.0,0.0,0.25,0.12339551870278656,1024,275,11,2,True,,0.4177280000000001,-0.0009257459562283019,-0.5058818153750158,-0.011534736368045632,-1.166624758530112,0.009256709316615366,0.0217523948000572,0.1206526732212045,0.24314875200000002,0.04849946407951329,True,True,False,False,True,0.0,0.0,0.0,"{""0.1234"": 4}"
c3_w2_tcop_cm0_states_L0.4_kp0_0000_ucp0_1234_s1024,cm0,stageC,0.0,0.0,0.25,0.12339551870278656,1024,300,12,0,False,EXITS_PRIMARY_BLOCK_SET,0.4178679999999999,-0.0008558108420644634,-0.4630767007053024,0.0022023071365214492,0.3451636698964786,0.003428602493845848,0.023332343635366293,0.12061225046997559,0.24315927520000002,0.04837907167360697,True,True,False,False,True,0.0,0.0,0.0,"{""0.1234"": 4}"
c3_w2_tcop_cm0_states_L0.4_kp0_0000_ucp0_1234_s31415,cm0,stageC,0.0,0.0,0.25,0.12339551870278656,31415,0,0,0,False,PRE_PRIMARY_PHASE_IMBALANCE,0.41252,-0.0016112609874406186,-1.0820033331709775,0.008226271419256873,0.7514444340439357,0.05294236382588816,0.08050343191151127,0.8319596605450409,0.2412443936,0.047229329870325285,False,True,False,False,True,0.0,0.0,0.0,"{""0.1234"": 4}"
c3_w2_tcop_cm0_states_L0.4_kp0_0000_ucp0_1234_s31415,cm0,stageC,0.0,0.0,0.25,0.12339551870278656,31415,25,1,1,False,PRE_PRIMARY_PHASE_IMBALANCE,0.41657199999999994,-0.00048816790059814057,-0.19413445122482778,-0.00013180406726037984,-0.08143821008531156,0.004055790952918732,0.023578099709833083,0.1325101059780539,0.2429432976,0.04780260260697109,True,True,False,False,True,0.0,0.0,0.0,"{""0.1234"": 4}"
c3_w2_tcop_cm0_states_L0.4_kp0_0000_ucp0_1234_s31415,cm0,stageC,0.0,0.0,0.25,0.12339551870278656,31415,50,2,2,False,PRE_PRIMARY_PHASE_IMBALANCE,0.416604,3.547570641314403e-05,0.44388640421837944,-0.014102753275420188,-1.347320601920567,0.007193161042077973,0.024052142408701987,0.12097819483015479,0.24294470240000002,0.047822454809430266,True,True,False,False,True,0.0,0.0,0.0,"{""0.1234"": 4}"
c3_w2_tcop_cm0_states_L0.4_kp0_0000_ucp0_1234_s31415,cm0,stageC,0.0,0.0,0.25,0.12339551870278656,31415,75,3,0,True,,0.41632400000000014,0.00021204702462638455,0.6105890555315496,-0.015311768355419827,-1.5323244551823056,0.002733336998698724,0.02369383123698977,0.11913797878782399,0.2429010224,0.048118676457275925,True,True,False,False,True,0.0,0.0,0.0,"{""0.1234"": 4}"
c3_w2_tcop_cm0_states_L0.4_kp0_0000_ucp0_1234_s31415,cm0,stageC,0.0,0.0,0.25,0.12339551870278656,31415,100,4,1,True,,0.416484,8.710860833594545e-05,0.4871109091067884,-0.004631312851759506,-0.475956433112967,0.0024775578025589703,0.02496477573547473,0.11909220973892831,0.24291697119999994,0.047187262518607706,True,True,False,False,True,0.0,0.0,0.0,"{""0.1234"": 4}"
c3_w2_tcop_cm0_states_L0.4_kp0_0000_ucp0_1234_s31415,cm0,stageC,0.0,0.0,0.25,0.12339551870278656,31415,125,5,2,True,,0.416304,0.0006774173864043742,1.1390580255885736,0.0029625107655449506,0.3545793350778405,0.003272551391173954,0.024869190909274863,0.11722202977338189,0.24288779200000007,0.047198512518934324,True,True,False,False,True,0.0,0.0,0.0,"{""0.1234"": 4}"
c3_w2_tcop_cm0_states_L0.4_kp0_0000_ucp0_1234_s31415,cm0,stageC,0.0,0.0,0.25,0.12339551870278656,31415,150,6,0,True,,0.416352,-6.194324749962846e-05,0.3924810653252024,-0.002791006675268392,-0.3765239439163448,0.006720755066052284,0.023630442481413414,0.1162477900520526,0.2429062144,0.04689533128148259,True,True,False,False,True,0.0,0.0,0.0,"{""0.1234"": 4}"
c3_w2_tcop_cm0_states_L0.4_kp0_0000_ucp0_1234_s31415,cm0,stageC,0.0,0.0,0.25,0.12339551870278656,31415,175,7,1,True,,0.41669199999999995,-0.00042928404529786956,-0.008996911098621075,-0.003812272589219596,-0.29843411226145866,0.002834607127031331,0.024771276640955353,0.13247194538778784,0.24295323360000004,0.04867665904722714,True,True,False,False,True,0.0,0.0,0.0,"{""0.1234"": 4}"
c3_w2_tcop_cm0_states_L0.4_kp0_0000_ucp0_1234_s31415,cm0,stageC,0.0,0.0,0.25,0.12339551870278656,31415,200,8,2,True,,0.41631999999999997,0.0012210790065761516,1.565023760671834,-0.013312246970545782,-1.3447824918614872,0.0013594749142488418,0.023830149094220994,0.13259031482371664,0.24289923200000005,0.048157009873952925,True,True,False,False,True,0.0,0.0,0.0,"{""0.1234"": 4}"
c3_w2_tcop_cm0_states_L0.4_kp0_0000_ucp0_1234_s31415,cm0,stageC,0.0,0.0,0.25,0.12339551870278656,31415,225,9,0,True,,0.41644000000000014,-0.00034476587365797205,0.09844624117425951,-0.010356402975707033,-0.9197497638149459,0.0006040369654960935,0.023411344904877895,0.13831524316032254,0.24292267520000002,0.047659274018809816,True,True,False,False,True,0.0,0.0,0.0,"{""0.1234"": 4}"
c3_w2_tcop_cm0_states_L0.4_kp0_0000_ucp0_1234_s31415,cm0,stageC,0.0,0.0,0.25,0.12339551870278656,31415,250,10,1,True,,0.417228,-0.0012484232993975688,-0.7677819281640575,-0.0012416226145861356,-0.11347154439556972,0.0003503470934631919,0.024193384657539705,0.13805401330194994,0.24304690399999998,0.0484449792651416,True,True,False,False,True,0.0,0.0,0.0,"{""0.1234"": 4}"
c3_w2_tcop_cm0_states_L0.4_kp0_0000_ucp0_1234_s31415,cm0,stageC,0.0,0.0,0.25,0.12339551870278656,31415,275,11,2,True,,0.416324,-0.0011508045099258904,-0.7707902402371356,-0.006987864510216717,-0.6406321375442241,6.399502359353235e-05,0.02254714521005103,0.13162825075751505,0.2429102128,0.04795963953158947,True,True,False,False,True,0.0,0.0,0.0,"{""0.1234"": 4}"
c3_w2_tcop_cm0_states_L0.4_kp0_0000_ucp0_1234_s31415,cm0,stageC,0.0,0.0,0.25,0.12339551870278656,31415,300,12,0,False,EXITS_PRIMARY_BLOCK_SET,0.41779999999999995,-0.0028180123511754368,-2.328380920753021,-0.00503308337009262,-0.3712794960147713,0.00784645241009071,0.02307125434582668,0.13116323568414726,0.24315024639999996,0.04761302342846965,True,True,False,False,False,0.0,0.0,0.0,"{""0.1234"": 4}"
c3_w2_tcop_cm0_states_L0.4_kp0_0000_ucp0_2425_s42,cm0,stageC,0.0,0.0,0.5,0.24248438819907564,42,0,0,0,False,PRE_PRIMARY_PHASE_IMBALANCE,0.42979200000000006,-0.0004407744647067987,-0.10548268516206488,-0.00716376647442648,-0.6858280078464574,0.04750307496803427,0.0800112758506959,0.8292383273089344,0.24388828800000004,0.04741177845219476,False,True,False,False,True,0.0,0.0,0.0,"{""0.2425"": 4}"
c3_w2_tcop_cm0_states_L0.4_kp0_0000_ucp0_2425_s42,cm0,stageC,0.0,0.0,0.5,0.24248438819907564,42,25,1,1,False,PRE_PRIMARY_PHASE_IMBALANCE,0.43323200000000006,-2.840718848660443e-05,0.46253512257261703,-0.008977489954551172,-0.9105383715687542,0.0032721076811117657,0.021644347170201125,0.11448831084848686,0.24545410559999994,0.046600795873032036,True,True,False,False,True,0.0,0.0,0.0,"{""0.2425"": 4}"
c3_w2_tcop_cm0_states_L0.4_kp0_0000_ucp0_2425_s42,cm0,stageC,0.0,0.0,0.5,0.24248438819907564,42,50,2,2,False,PRE_PRIMARY_PHASE_IMBALANCE,0.4341839999999999,0.0007952826672844706,1.1612764959589277,-0.0033563574403641535,-0.2993553249178445,0.010628446602173975,0.023438784552839535,0.11607981842702676,0.24556468799999998,0.047068611026882874,True,True,False,False,True,0.0,0.0,0.0,"{""0.2425"": 4}"
c3_w2_tcop_cm0_states_L0.4_kp0_0000_ucp0_2425_s42,cm0,stageC,0.0,0.0,0.5,0.24248438819907564,42,75,3,0,True,,0.4341879999999999,0.0008044795311570828,1.2836228156451488,-0.013286169345957386,-1.2138635667878406,0.008684111594565417,0.021943573776996125,0.11423622920431646,0.24557800479999997,0.04716800457937563,True,True,False,False,True,0.0,0.0,0.0,"{""0.2425"": 4}"
c3_w2_tcop_cm0_states_L0.4_kp0_0000_ucp0_2425_s42,cm0,stageC,0.0,0.0,0.5,0.24248438819907564,42,100,4,1,True,,0.43379999999999996,0.0009793730451731024,1.2413484367164198,-0.011700411462959266,-1.2725257154593301,0.004316890876924032,0.024521018111592897,0.12632549532889456,0.24550440959999997,0.04697616416865046,True,True,False,False,True,0.0,0.0,0.0,"{""0.2425"": 4}"
c3_w2_tcop_cm0_states_L0.4_kp0_0000_ucp0_2425_s42,cm0,stageC,0.0,0.0,0.5,0.24248438819907564,42,125,5,2,True,,0.43375199999999997,0.00010043361151875377,0.44203658152907804,-0.004644845523512917,-0.48572373176382255,0.00786666392375169,0.02373685132459957,0.12633947480048618,0.24550519679999996,0.0473810351934189,True,True,False,False,True,0.0,0.0,0.0,"{""0.2425"": 4}"
c3_w2_tcop_cm0_states_L0.4_kp0_0000_ucp0_2425_s42,cm0,stageC,0.0,0.0,0.5,0.24248438819907564,42,150,6,0,True,,0.43319199999999997,5.216787798037123e-06,0.3865654866559163,0.003974820967128157,0.5230062114508709,0.005314757026233792,0.023825652574340994,0.1394300907232126,0.24543016639999998,0.04686801826405721,True,True,False,False,True,0.0,0.0,0.0,"{""0.2425"": 4}"
c3_w2_tcop_cm0_states_L0.4_kp0_0000_ucp0_2425_s42,cm0,stageC,0.0,0.0,0.5,0.24248438819907564,42,175,7,1,True,,0.43346,9.505057374079251e-05,0.45904938360266195,0.01110258933506122,1.1607133627236377,0.001382687981845243,0.02365101867561469,0.11996493305042012,0.2454673296,0.04752671248887304,True,True,False,False,True,0.0,0.0,0.0,"{""0.2425"": 4}"
c3_w2_tcop_cm0_states_L0.4_kp0_0000_ucp0_2425_s42,cm0,stageC,0.0,0.0,0.5,0.24248438819907564,42,200,8,2,True,,0.4327080000000001,0.00011629032849089871,0.5455280420727159,0.008469405885894135,0.9018081263942089,0.006695808088311927,0.022877575298025803,0.14328369213584286,0.24537379039999999,0.04707256882729049,True,True,False,False,True,0.0,0.0,0.0,"{""0.2425"": 4}"
c3_w2_tcop_cm0_states_L0.4_kp0_0000_ucp0_2425_s42,cm0,stageC,0.0,0.0,0.5,0.24248438819907564,42,225,9,0,True,,0.433448,0.00016678531618301979,0.5871692540894449,0.006912037890591219,0.8195786261418887,0.003299272353318547,0.022875748231688534,0.14303907240767272,0.24547251519999996,0.04721897178041894,True,True,False,False,True,0.0,0.0,0.0,"{""0.2425"": 4}"
c3_w2_tcop_cm0_states_L0.4_kp0_0000_ucp0_2425_s42,cm0,stageC,0.0,0.0,0.5,0.24248438819907564,42,250,10,1,True,,0.43339200000000005,-0.001409951576557304,-1.1305656192286444,-0.010430982438961633,-1.0775487428450523,0.0073249101239075175,0.022135259228291498,0.11444604396378781,0.245471344,0.04802264399218352,True,True,False,False,True,0.0,0.0,0.0,"{""0.2425"": 4}"
c3_w2_tcop_cm0_states_L0.4_kp0_0000_ucp0_2425_s42,cm0,stageC,0.0,0.0,0.5,0.24248438819907564,42,275,11,2,True,,0.433344,-0.0015444171174337899,-1.1703021599471377,-0.01744806431514454,-1.6452836648472402,0.0010734347667859649,0.022559006523447812,0.11907399175003226,0.24546141119999998,0.04651556367496797,True,True,False,False,True,0.0,0.0,0.0,"{""0.2425"": 4}"
c3_w2_tcop_cm0_states_L0.4_kp0_0000_ucp0_2425_s42,cm0,stageC,0.0,0.0,0.5,0.24248438819907564,42,300,12,0,False,EXITS_PRIMARY_BLOCK_SET,0.434292,-0.002447498713728871,-2.2129325814488627,-0.0010383228990481967,-0.12429189163231255,0.007190904479102714,0.021252212938641282,0.11881406952277708,0.245597272,0.046043661192394336,True,True,False,False,False,0.0,0.0,0.0,"{""0.2425"": 4}"
c3_w2_tcop_cm0_states_L0.4_kp0_0000_ucp0_2425_s137,cm0,stageC,0.0,0.0,0.5,0.24248438819907564,137,0,0,0,False,PRE_PRIMARY_PHASE_IMBALANCE,0.431184,-0.0004302134823106572,0.009385110017091842,-0.00752520907223162,-0.8570358517628027,0.0343739148805169,0.08038854029027144,0.8284166369150602,0.24406288639999998,0.045925571787404015,False,True,False,False,True,0.0,0.0,0.0,"{""0.2425"": 4}"
c3_w2_tcop_cm0_states_L0.4_kp0_0000_ucp0_2425_s137,cm0,stageC,0.0,0.0,0.5,0.24248438819907564,137,25,1,1,False,PRE_PRIMARY_PHASE_IMBALANCE,0.433328,3.6861445771579946e-05,0.5560877460259495,-0.009015146765145709,-0.8857126685496012,0.001493336938711074,0.02308380803415515,0.1080013289978923,0.2454547872,0.04669351578110177,True,True,False,False,True,0.0,0.0,0.0,"{""0.2425"": 4}"
c3_w2_tcop_cm0_states_L0.4_kp0_0000_ucp0_2425_s137,cm0,stageC,0.0,0.0,0.5,0.24248438819907564,137,50,2,2,False,PRE_PRIMARY_PHASE_IMBALANCE,0.43334800000000007,0.001276900669076082,1.6291192776867782,-0.013007341035456888,-1.1847887096694443,0.0028308949699477606,0.023003533593381864,0.10799634448988724,0.24545813919999998,0.047355157015894274,True,True,False,False,True,0.0,0.0,0.0,"{""0.2425"": 4}"
c3_w2_tcop_cm0_states_L0.4_kp0_0000_ucp0_2425_s137,cm0,stageC,0.0,0.0,0.5,0.24248438819907564,137,75,3,0,True,,0.433208,0.0011555400335935499,1.4631826080807968,-0.005380817630096813,-0.35611904537733124,0.006393873107848929,0.02356860786581487,0.1080312457109951,0.2454345824,0.0465930116648409,True,True,False,False,True,0.0,0.0,0.0,"{""0.2425"": 4}"
c3_w2_tcop_cm0_states_L0.4_kp0_0000_ucp0_2425_s137,cm0,stageC,0.0,0.0,0.5,0.24248438819907564,137,100,4,1,True,,0.43316000000000004,0.0011938174313223687,1.6445145061006372,-0.0031290722894508453,-0.23440226003309333,0.0019970599839634036,0.02276309176511245,0.1080432170374845,0.24543519359999993,0.04649918708966857,True,True,False,False,True,0.0,0.0,0.0,"{""0.2425"": 4}"
c3_w2_tcop_cm0_states_L0.4_kp0_0000_ucp0_2425_s137,cm0,stageC,0.0,0.0,0.5,0.24248438819907564,137,125,5,2,True,,0.43286,0.0009500915902666176,1.5212426735935713,0.009691785715150615,1.0236989425019014,0.00028557122614815633,0.02051612083992883,0.10257358013543966,0.24541335519999996,0.04633810958595527,True,True,False,False,True,0.0,0.0,0.0,"{""0.2425"": 4}"
c3_w2_tcop_cm0_states_L0.4_kp0_0000_ucp0_2425_s137,cm0,stageC,0.0,0.0,0.5,0.24248438819907564,137,150,6,0,True,,0.43279199999999995,0.0008455485079534154,1.2448676576905695,0.004041918167732507,0.6725710392532468,0.0004336927887840891,0.01995055114496952,0.09981700193206658,0.24540853119999995,0.04627358572663243,True,True,False,False,True,0.0,0.0,0.0,"{""0.2425"": 4}"
c3_w2_tcop_cm0_states_L0.4_kp0_0000_ucp0_2425_s137,cm0,stageC,0.0,0.0,0.5,0.24248438819907564,137,175,7,1,True,,0.43304000000000004,0.0003961423215718393,0.7510711037416806,-0.0022812543670079357,-0.2933856104053889,0.0011362673281548566,0.019821538592322926,0.1025309437868766,0.24544268160000002,0.04761300662634108,True,True,False,False,True,0.0,0.0,0.0,"{""0.2425"": 4}"
c3_w2_tcop_cm0_states_L0.4_kp0_0000_ucp0_2425_s137,cm0,stageC,0.0,0.0,0.5,0.24248438819907564,137,200,8,2,True,,0.43268799999999996,0.00023805305399028184,0.6499133517079468,0.008527847502217254,0.8500736625010794,0.003195231322870451,0.02166185653280084,0.10353880832484653,0.24538124479999998,0.04636781918529272,True,True,False,False,True,0.0,0.0,0.0,"{""0.2425"": 4}"
c3_w2_tcop_cm0_states_L0.4_kp0_0000_ucp0_2425_s137,cm0,stageC,0.0,0.0,0.5,0.24248438819907564,137,225,9,0,True,,0.4335280000000001,5.6502685770956117e-05,0.47527988891713074,0.015107924655920615,1.6296015074596826,0.006969381759067071,0.02038494388823277,0.10333819245045718,0.24550337279999992,0.04627605445584142,True,True,False,False,True,0.0,0.0,0.0,"{""0.2425"": 4}"
c3_w2_tcop_cm0_states_L0.4_kp0_0000_ucp0_2425_s137,cm0,stageC,0.0,0.0,0.5,0.24248438819907564,137,250,10,1,True,,0.43324799999999997,-0.000799689827549483,-0.35895894577889864,-0.013485941968077333,-1.4654265506630744,0.00024265666040781145,0.020998110769539956,0.1061747541681098,0.24546140799999996,0.04689659365028552,True,True,False,False,True,0.0,0.0,0.0,"{""0.2425"": 4}"
c3_w2_tcop_cm0_states_L0.4_kp0_0000_ucp0_2425_s137,cm0,stageC,0.0,0.0,0.5,0.24248438819907564,137,275,11,2,True,,0.433388,0.00024141621589752717,0.6714527001788546,-0.02017787804813793,-1.9097553772504132,0.00235101545921481,0.020937356080493137,0.10706341636809644,0.245480504,0.04716610494836308,True,True,False,False,True,0.0,0.0,0.0,"{""0.2425"": 4}"
c3_w2_tcop_cm0_states_L0.4_kp0_0000_ucp0_2425_s137,cm0,stageC,0.0,0.0,0.5,0.24248438819907564,137,300,12,0,False,EXITS_PRIMARY_BLOCK_SET,0.43345200000000006,-6.063256682745167e-05,0.4697907993485903,-0.004992524947138072,-0.578838354123309,0.005563525249742936,0.019910199104907666,0.0959737177450473,0.2454968848,0.046717488117406315,True,True,False,False,True,0.0,0.0,0.0,"{""0.2425"": 4}"
c3_w2_tcop_cm0_states_L0.4_kp0_0000_ucp0_2425_s256,cm0,stageC,0.0,0.0,0.5,0.24248438819907564,256,0,0,0,False,PRE_PRIMARY_PHASE_IMBALANCE,0.4320159999999999,-1.7829675510555975e-05,0.30155981255102676,-0.0018482193738748973,-0.26119651848590275,0.05019871628520177,0.08104656039439223,0.8286730101925092,0.24415223679999998,0.04536888519679539,False,True,False,False,True,0.0,0.0,0.0,"{""0.2425"": 4}"
c3_w2_tcop_cm0_states_L0.4_kp0_0000_ucp0_2425_s256,cm0,stageC,0.0,0.0,0.5,0.24248438819907564,256,25,1,1,False,PRE_PRIMARY_PHASE_IMBALANCE,0.43489599999999995,-2.2551605212580882e-05,0.28398938445364025,0.0009651210760598891,0.0722301982424441,0.009906807220985013,0.024337040598214777,0.09933409343996248,0.24564944639999997,0.04517022452899697,True,True,False,False,True,0.0,0.0,0.0,"{""0.2425"": 4}"
c3_w2_tcop_cm0_states_L0.4_kp0_0000_ucp0_2425_s256,cm0,stageC,0.0,0.0,0.5,0.24248438819907564,256,50,2,2,False,PRE_PRIMARY_PHASE_IMBALANCE,0.43376000000000003,0.0009122294623554031,1.2506505777979964,0.01021482202338393,1.16631985050531,0.02102312771617212,0.024111852342808375,0.10236075225387135,0.2455028768,0.04522501962409746,True,True,False,False,True,0.0,0.0,0.0,"{""0.2425"": 4}"
c3_w2_tcop_cm0_states_L0.4_kp0_0000_ucp0_2425_s256,cm0,stageC,0.0,0.0,0.5,0.24248438819907564,256,75,3,0,True,,0.4327959999999999,2.104732979103503e-05,0.45280904166306457,-0.005627008743729524,-0.5882806678534094,0.016631576519536263,0.025042688700894333,0.12292165333570164,0.24536615199999998,0.04607887134034427,True,True,False,False,True,0.0,0.0,0.0,"{""0.2425"": 4}"
c3_w2_tcop_cm0_states_L0.4_kp0_0000_ucp0_2425_s256,cm0,stageC,0.0,0.0,0.5,0.24248438819907564,256,100,4,1,True,,0.43241599999999997,-0.00013618392828927022,0.040727846195435145,-0.008424973545473216,-1.028597890075284,0.003534727770826362,0.025264103705090336,0.12302967484313784,0.24531305599999997,0.04714661116135496,True,True,False,False,True,0.0,0.0,0.0,"{""0.2425"": 4}"
c3_w2_tcop_cm0_states_L0.4_kp0_0000_ucp0_2425_s256,cm0,stageC,0.0,0.0,0.5,0.24248438819907564,256,125,5,2,True,,0.4329120000000002,-0.00018986302388008223,0.1043096568362899,-0.011313733838998771,-1.0842968029178144,0.011921582417877524,0.02405641361460481,0.12288871612963195,0.24539074240000003,0.047391141113081466,True,True,False,False,True,0.0,0.0,0.0,"{""0.2425"": 4}"
c3_w2_tcop_cm0_states_L0.4_kp0_0000_ucp0_2425_s256,cm0,stageC,0.0,0.0,0.5,0.24248438819907564,256,150,6,0,True,,0.43401600000000007,-0.0005866441902239218,-0.167843008151926,-0.003736454529786631,-0.32451239321634184,0.007803257635810532,0.023607967397103944,0.12257612594333811,0.24554112640000003,0.04757847984120552,True,True,False,False,True,0.0,0.0,0.0,"{""0.2425"": 4}"
c3_w2_tcop_cm0_states_L0.4_kp0_0000_ucp0_2425_s256,cm0,stageC,0.0,0.0,0.5,0.24248438819907564,256,175,7,1,True,,0.43447999999999987,-0.0002732542276384552,0.07623277542021095,-0.0047362280351180295,-0.33426131565019884,0.005247072292281671,0.02268254079998103,0.11231817319020851,0.24561000640000002,0.04726446445269427,True,True,False,False,True,0.0,0.0,0.0,"{""0.2425"": 4}"
c3_w2_tcop_cm0_states_L0.4_kp0_0000_ucp0_2425_s256,cm0,stageC,0.0,0.0,0.5,0.24248438819907564,256,200,8,2,True,,0.43416799999999994,-0.0002558014031300532,0.12283368038055309,-0.003153067064530401,-0.36424249373791295,0.004986586981683499,0.021344879522372726,0.11239888680787408,0.2455802656,0.046719458216036715,True,True,False,False,True,0.0,0.0,0.0,"{""0.2425"": 4}"
c3_w2_tcop_cm0_states_L0.4_kp0_0000_ucp0_2425_s256,cm0,stageC,0.0,0.0,0.5,0.24248438819907564,256,225,9,0,True,,0.433624,-0.001857340468230635,-1.3682545537474766,0.0010382106126783151,0.11415773765018591,0.00965910289150297,0.021072797122045368,0.1125398960561686,0.24551072959999998,0.04641450876611752,True,True,False,False,True,0.0,0.0,0.0,"{""0.2425"": 4}"
c3_w2_tcop_cm0_states_L0.4_kp0_0000_ucp0_2425_s256,cm0,stageC,0.0,0.0,0.5,0.24248438819907564,256,250,10,1,True,,0.43277600000000005,-1.252258470033827e-05,0.3668888834214653,-0.009591681731652002,-0.7916465992041192,0.010259265731326975,0.020724509649764137,0.1127604115922314,0.24540048959999997,0.046853535875107655,True,True,False,False,True,0.0,0.0,0.0,"{""0.2425"": 4}"
c3_w2_tcop_cm0_states_L0.4_kp0_0000_ucp0_2425_s256,cm0,stageC,0.0,0.0,0.5,0.24248438819907564,256,275,11,2,True,,0.43256,-0.0003325061106332035,0.10210494123302999,0.0036378615917745157,0.3454355493475688,0.004188323390809497,0.019969825988713042,0.10449417397703403,0.24537722880000004,0.04735067475759981,True,True,False,False,True,0.0,0.0,0.0,"{""0.2425"": 4}"
c3_w2_tcop_cm0_states_L0.4_kp0_0000_ucp0_2425_s256,cm0,stageC,0.0,0.0,0.5,0.24248438819907564,256,300,12,0,False,EXITS_PRIMARY_BLOCK_SET,0.4322639999999999,-1.6157969561490245e-05,0.38838004844893165,0.007326100991125444,0.7216992048888862,0.0021922129978067,0.019762119963065,0.09438676342608508,0.24533886079999997,0.04695779279310305,True,True,False,False,True,0.0,0.0,0.0,"{""0.2425"": 4}"
c3_w2_tcop_cm0_states_L0.4_kp0_0000_ucp0_2425_s1024,cm0,stageC,0.0,0.0,0.5,0.24248438819907564,1024,0,0,0,False,PRE_PRIMARY_PHASE_IMBALANCE,0.4302280000000001,-0.0006380458397342012,-0.28553799249383593,0.0012261265927800684,0.1972141276542261,0.033770216851341094,0.0796720372098088,0.8535009324044435,0.2439569456,0.04629630672094698,False,True,False,False,True,0.0,0.0,0.0,"{""0.2425"": 4}"
c3_w2_tcop_cm0_states_L0.4_kp0_0000_ucp0_2425_s1024,cm0,stageC,0.0,0.0,0.5,0.24248438819907564,1024,25,1,1,False,PRE_PRIMARY_PHASE_IMBALANCE,0.433116,0.00014258224172583015,0.5101213050225136,-0.0020891452216028894,-0.1823836593013481,0.0062505904118566194,0.01901160428069192,0.08219506995309546,0.24545872800000001,0.046562759196594014,True,True,False,False,True,0.0,0.0,0.0,"{""0.2425"": 4}"
c3_w2_tcop_cm0_states_L0.4_kp0_0000_ucp0_2425_s1024,cm0,stageC,0.0,0.0,0.5,0.24248438819907564,1024,50,2,2,False,PRE_PRIMARY_PHASE_IMBALANCE,0.433416,-1.2929652636867735e-05,0.39245394498102565,-0.0071561119340467225,-0.8615321274138467,0.008201717212437475,0.019432014566540066,0.08213817652754347,0.24549563839999997,0.04698692311696947,True,True,False,False,True,0.0,0.0,0.0,"{""0.2425"": 4}"
c3_w2_tcop_cm0_states_L0.4_kp0_0000_ucp0_2425_s1024,cm0,stageC,0.0,0.0,0.5,0.24248438819907564,1024,75,3,0,True,,0.43480800000000003,-0.0004734085606232294,-0.014045725849748019,-0.0157560338615514,-1.574719238186681,0.010117476922857799,0.02163105727105164,0.09935419748635217,0.2456615424,0.04647841580777039,True,True,False,False,True,0.0,0.0,0.0,"{""0.2425"": 4}"
c3_w2_tcop_cm0_states_L0.4_kp0_0000_ucp0_2425_s1024,cm0,stageC,0.0,0.0,0.5,0.24248438819907564,1024,100,4,1,True,,0.43436800000000003,-0.0006015889561346121,-0.20378478277874285,-0.011892673314408856,-1.2118226236820762,0.01025371431202384,0.022470060832014156,0.10682186508485461,0.2455971776,0.04706124282251798,True,True,False,False,True,0.0,0.0,0.0,"{""0.2425"": 4}"
c3_w2_tcop_cm0_states_L0.4_kp0_0000_ucp0_2425_s1024,cm0,stageC,0.0,0.0,0.5,0.24248438819907564,1024,125,5,2,True,,0.4331440000000001,-0.0010010480064815122,-0.6623999015710219,0.0030268857258494842,0.29781376162338674,0.01951029001209148,0.024899066464571108,0.1228228946428373,0.2454139616,0.04706628585303923,True,True,False,False,True,0.0,0.0,0.0,"{""0.2425"": 4}"
c3_w2_tcop_cm0_states_L0.4_kp0_0000_ucp0_2425_s1024,cm0,stageC,0.0,0.0,0.5,0.24248438819907564,1024,150,6,0,True,,0.432956,-0.0018458432638144093,-1.2685179589091575,0.009607172863048852,1.0755593970066903,0.014274840915772425,0.025099290454447764,0.12472399014051312,0.24538701279999997,0.04701087176388032,True,True,False,False,True,0.0,0.0,0.0,"{""0.2425"": 4}"
c3_w2_tcop_cm0_states_L0.4_kp0_0000_ucp0_2425_s1024,cm0,stageC,0.0,0.0,0.5,0.24248438819907564,1024,175,7,1,True,,0.4318720000000001,-0.0012800412719503197,-0.8223656023668598,-0.004547071366123277,-0.3554883701077002,0.006776018427885047,0.023505746063896334,0.125037047724703,0.24525552320000002,0.04709326508111324,True,True,False,False,True,0.0,0.0,0.0,"{""0.2425"": 4}"
c3_w2_tcop_cm0_states_L0.4_kp0_0000_ucp0_2425_s1024,cm0,stageC,0.0,0.0,0.5,0.24248438819907564,1024,200,8,2,True,,0.432412,-0.0010592566330063535,-0.6867825134745283,0.0005689994788151865,-0.13536941232180624,0.005539160602418595,0.022455692710833877,0.12488090033375365,0.24533757599999997,0.04765608309544543,True,True,False,False,True,0.0,0.0,0.0,"{""0.2425"": 4}"
c3_w2_tcop_cm0_states_L0.4_kp0_0000_ucp0_2425_s1024,cm0,stageC,0.0,0.0,0.5,0.24248438819907564,1024,225,9,0,True,,0.4328679999999999,-0.001103167024713013,-0.7903608621920053,-0.004268516853767777,-0.3256074339036744,0.004505288020820917,0.021115357980516107,0.11181237672497765,0.245409752,0.04760981596267727,True,True,False,False,True,0.0,0.0,0.0,"{""0.2425"": 4}"
c3_w2_tcop_cm0_states_L0.4_kp0_0000_ucp0_2425_s1024,cm0,stageC,0.0,0.0,0.5,0.24248438819907564,1024,250,10,1,True,,0.4336840000000002,-0.00022541606594853207,0.2545396001902276,-0.009738245428265,-1.1232268563922412,0.005403368189811401,0.021597623718510612,0.11621364837943371,0.24551445599999994,0.04738088374017521,True,True,False,False,True,0.0,0.0,0.0,"{""0.2425"": 4}"
c3_w2_tcop_cm0_states_L0.4_kp0_0000_ucp0_2425_s1024,cm0,stageC,0.0,0.0,0.5,0.24248438819907564,1024,275,11,2,True,,0.434428,-0.0005245025118405283,-0.05303327172821266,-0.004775881691082431,-0.5029545274336331,0.009610838878113882,0.02212074437337277,0.11601462125826462,0.2456079632,0.047260478372526026,True,True,False,False,True,0.0,0.0,0.0,"{""0.2425"": 4}"
c3_w2_tcop_cm0_states_L0.4_kp0_0000_ucp0_2425_s1024,cm0,stageC,0.0,0.0,0.5,0.24248438819907564,1024,300,12,0,False,EXITS_PRIMARY_BLOCK_SET,0.434708,-0.0003115576820353577,0.11329156416683235,0.0037997634260457614,0.48549638029662934,0.005000822125974392,0.02374073531922862,0.11593989501932356,0.2456304464,0.047421036850748,True,True,False,False,True,0.0,0.0,0.0,"{""0.2425"": 4}"
c3_w2_tcop_cm0_states_L0.4_kp0_0000_ucp0_2425_s31415,cm0,stageC,0.0,0.0,0.5,0.24248438819907564,31415,0,0,0,False,PRE_PRIMARY_PHASE_IMBALANCE,0.428448,-0.0018086510129516177,-1.2741525010620622,0.004560480492643417,0.39700947747244913,0.05025261645066281,0.08132112335275987,0.845843600983448,0.2436663552,0.04619341182463144,False,True,False,False,True,0.0,0.0,0.0,"{""0.2425"": 4}"
c3_w2_tcop_cm0_states_L0.4_kp0_0000_ucp0_2425_s31415,cm0,stageC,0.0,0.0,0.5,0.24248438819907564,31415,25,1,1,False,PRE_PRIMARY_PHASE_IMBALANCE,0.43239200000000005,-0.000341360651821841,-0.028112627910197422,-0.003946124963750636,-0.46091463043066494,0.0052801816535708295,0.0227383098665336,0.1341375415499418,0.24533249280000002,0.04657937672403958,True,True,False,False,True,0.0,0.0,0.0,"{""0.2425"": 4}"
c3_w2_tcop_cm0_states_L0.4_kp0_0000_ucp0_2425_s31415,cm0,stageC,0.0,0.0,0.5,0.24248438819907564,31415,50,2,2,False,PRE_PRIMARY_PHASE_IMBALANCE,0.432448,-0.0001960261036554773,0.1946518600443852,-0.015243972087325443,-1.4885644840222156,0.006604922723559368,0.022476226395783727,0.10544620369282277,0.24534225280000002,0.046985181664009765,True,True,False,False,True,0.0,0.0,0.0,"{""0.2425"": 4}"
c3_w2_tcop_cm0_states_L0.4_kp0_0000_ucp0_2425_s31415,cm0,stageC,0.0,0.0,0.5,0.24248438819907564,31415,75,3,0,True,,0.43264400000000003,5.201000403249473e-05,0.4006349731512847,-0.017742046590685394,-1.7889421390340492,0.005414137799229648,0.02244419955443761,0.10354933824680491,0.2453688784,0.047345636166388136,True,True,False,False,True,0.0,0.0,0.0,"{""0.2425"": 4}"
c3_w2_tcop_cm0_states_L0.4_kp0_0000_ucp0_2425_s31415,cm0,stageC,0.0,0.0,0.5,0.24248438819907564,31415,100,4,1,True,,0.43296800000000013,0.00038952512171625236,0.854503833856031,-0.00785869206669395,-0.7838012669124822,0.005303093073061883,0.023784642066154327,0.10901498468936507,0.24540066240000002,0.04631707002823041,True,True,False,False,True,0.0,0.0,0.0,"{""0.2425"": 4}"
c3_w2_tcop_cm0_states_L0.4_kp0_0000_ucp0_2425_s31415,cm0,stageC,0.0,0.0,0.5,0.24248438819907564,31415,125,5,2,True,,0.43288399999999994,0.0008977186618969512,1.403618773734014,0.0030579747910160827,0.35348042457016476,0.004592728784821259,0.02388064740084612,0.10533999846300633,0.2453885776,0.046325398476429754,True,True,False,False,True,0.0,0.0,0.0,"{""0.2425"": 4}"
c3_w2_tcop_cm0_states_L0.4_kp0_0000_ucp0_2425_s31415,cm0,stageC,0.0,0.0,0.5,0.24248438819907564,31415,150,6,0,True,,0.43288799999999994,0.0005119641570053558,1.0744339259475757,-0.003565050726486966,-0.4438024329763855,0.010972988386205583,0.023165100149141873,0.10903513123709803,0.2453954208,0.04580719873556994,True,True,False,False,True,0.0,0.0,0.0,"{""0.2425"": 4}"
c3_w2_tcop_cm0_states_L0.4_kp0_0000_ucp0_2425_s31415,cm0,stageC,0.0,0.0,0.5,0.24248438819907564,31415,175,7,1,True,,0.43268000000000006,-0.00037154402113157443,0.04675503508804881,-0.003587638225601885,-0.2900154619231773,0.0013946111228613533,0.02363663961230258,0.11001201786536934,0.245363424,0.047346569041483884,True,True,False,False,True,0.0,0.0,0.0,"{""0.2425"": 4}"
c3_w2_tcop_cm0_states_L0.4_kp0_0000_ucp0_2425_s31415,cm0,stageC,0.0,0.0,0.5,0.24248438819907564,31415,200,8,2,True,,0.43214400000000003,0.0009825874280515404,1.270600361373668,-0.016304124508165367,-1.620935331217096,0.0017407050006056305,0.022727448747518038,0.11570217308188444,0.2452991008,0.046896090071561404,True,True,False,False,True,0.0,0.0,0.0,"{""0.2425"": 4}"
c3_w2_tcop_cm0_states_L0.4_kp0_0000_ucp0_2425_s31415,cm0,stageC,0.0,0.0,0.5,0.24248438819907564,31415,225,9,0,True,,0.432248,-0.0005131312964517138,-0.09440964101307048,-0.013745631348764206,-1.2256437643198437,0.003682698775322935,0.02232207726664269,0.12585367630190614,0.2453165696,0.04665775922609229,True,True,False,False,True,0.0,0.0,0.0,"{""0.2425"": 4}"
c3_w2_tcop_cm0_states_L0.4_kp0_0000_ucp0_2425_s31415,cm0,stageC,0.0,0.0,0.5,0.24248438819907564,31415,250,10,1,True,,0.433112,-0.0015601170325899563,-1.0483723548731132,-0.003295305412024561,-0.334036706327702,0.0019418628494906854,0.022872173888183033,0.132991004329155,0.24542786240000003,0.04717791279825762,True,True,False,False,True,0.0,0.0,0.0,"{""0.2425"": 4}"
c3_w2_tcop_cm0_states_L0.4_kp0_0000_ucp0_2425_s31415,cm0,stageC,0.0,0.0,0.5,0.24248438819907564,31415,275,11,2,True,,0.432584,-0.001225366084274567,-0.7734530173033868,-0.005468100913048039,-0.491453684776975,0.000955470685872686,0.02172867167609533,0.1331533294501106,0.24536673280000007,0.046918258109183895,True,True,False,False,True,0.0,0.0,0.0,"{""0.2425"": 4}"
c3_w2_tcop_cm0_states_L0.4_kp0_0000_ucp0_2425_s31415,cm0,stageC,0.0,0.0,0.5,0.24248438819907564,31415,300,12,0,False,EXITS_PRIMARY_BLOCK_SET,0.43406799999999995,-0.0024526311797835325,-1.9746973204975757,-0.004872765695975979,-0.3523612854345814,0.007069645455590253,0.022093321646301407,0.1326981022957276,0.2455610032,0.04681336749262971,True,True,False,False,True,0.0,0.0,0.0,"{""0.2425"": 4}"
c3_w2_tcop_cm0_states_L0.4_kp0_1042_ucp0_0498_s42,cm0,stageC,0.05,0.1042,0.1,0.04977134874876729,42,0,0,0,False,PRE_PRIMARY_PHASE_IMBALANCE,0.40011199999999997,-0.0005731175953437756,-0.24604284722049602,-0.0015657603284350782,-0.10660433206443952,0.049671060475738604,0.07890573145619789,0.8127724216899959,0.23902565120000002,0.0501157406011325,False,True,False,False,True,0.04997621087120674,0.050444840840891125,0.0,"{""0.0498"": 4}"
c3_w2_tcop_cm0_states_L0.4_kp0_1042_ucp0_0498_s42,cm0,stageC,0.05,0.1042,0.1,0.04977134874876729,42,25,1,1,False,PRE_PRIMARY_PHASE_IMBALANCE,0.40366,-2.7859744122587793e-05,0.45863551502175476,-0.0005343801771149402,-0.07868427912873688,0.002509887805631809,0.02240007191151127,0.1179210223506887,0.2406368464,0.0494287810895636,True,True,False,False,True,0.04997621087120674,0.050444840840891125,0.0,"{""0.0498"": 4}"
c3_w2_tcop_cm0_states_L0.4_kp0_1042_ucp0_0498_s42,cm0,stageC,0.05,0.1042,0.1,0.04977134874876729,42,50,2,2,False,PRE_PRIMARY_PHASE_IMBALANCE,0.4045200000000001,0.000492048237297063,0.8867981608478274,0.008211470066068998,0.8331513627340179,0.011766231473920884,0.02372461897163063,0.11767032503295187,0.2407914656,0.049683494241045484,True,True,False,False,True,0.04997621087120674,0.050444840840891125,0.0,"{""0.0498"": 4}"
c3_w2_tcop_cm0_states_L0.4_kp0_1042_ucp0_0498_s42,cm0,stageC,0.05,0.1042,0.1,0.04977134874876729,42,75,3,0,True,,0.40450400000000003,0.0001682271857097227,0.5462614327516453,-0.007055530808852885,-0.6453898716920524,0.007185814384731664,0.02369838922941079,0.11668611406392482,0.2407886208,0.04896482394535898,True,True,False,False,True,0.04997621087120674,0.050444840840891125,0.0,"{""0.0498"": 4}"
c3_w2_tcop_cm0_states_L0.4_kp0_1042_ucp0_0498_s42,cm0,stageC,0.05,0.1042,0.1,0.04977134874876729,42,100,4,1,True,,0.404228,0.00035659719023993335,0.6907225562779741,-0.0065636502437519265,-0.7341918614786231,0.005551283911279476,0.02612509065224857,0.12270302868009378,0.24071620000000002,0.04896370100390696,True,True,False,False,True,0.04997621087120674,0.050444840840891125,0.0,"{""0.0498"": 4}"
c3_w2_tcop_cm0_states_L0.4_kp0_1042_ucp0_0498_s42,cm0,stageC,0.05,0.1042,0.1,0.04977134874876729,42,125,5,2,True,,0.403772,-0.0006516571115145153,-0.3517949179348102,0.004542621950722705,0.4002660646320936,0.012991798736577843,0.025766350424234377,0.12284160337308771,0.2406319344,0.049525468357199814,True,True,False,False,True,0.04997621087120674,0.050444840840891125,0.0,"{""0.0498"": 4}"
c3_w2_tcop_cm0_states_L0.4_kp0_1042_ucp0_0498_s42,cm0,stageC,0.05,0.1042,0.1,0.04977134874876729,42,150,6,0,True,,0.40334400000000004,-0.00031158297496307287,0.08162798570465869,0.010782506567707744,1.1785957924902917,0.005550953748755949,0.025853585858674227,0.13883930307915993,0.24054887679999998,0.048951584897733394,True,True,False,False,True,0.04997621087120674,0.050444840840891125,0.0,"{""0.0498"": 4}"
c3_w2_tcop_cm0_states_L0.4_kp0_1042_ucp0_0498_s42,cm0,stageC,0.05,0.1042,0.1,0.04977134874876729,42,175,7,1,True,,0.40368799999999994,0.0001934321202912108,0.527459768699403,0.016475283495343933,1.6828198920627218,0.0019454592009371216,0.025452515213782768,0.13376667095933822,0.24061842559999996,0.04969586155808147,True,True,False,False,True,0.04997621087120674,0.050444840840891125,0.0,"{""0.0498"": 4}"
c3_w2_tcop_cm0_states_L0.4_kp0_1042_ucp0_0498_s42,cm0,stageC,0.05,0.1042,0.1,0.04977134874876729,42,200,8,2,True,,0.4030279999999999,0.0002890522109579109,0.6880578990758812,0.014412549631196068,1.461073712889156,0.0030045582170591073,0.025266639870991172,0.14490308329718266,0.24049273439999994,0.04929412963021053,True,True,False,False,True,0.04997621087120674,0.050444840840891125,0.0,"{""0.0498"": 4}"
c3_w2_tcop_cm0_states_L0.4_kp0_1042_ucp0_0498_s42,cm0,stageC,0.05,0.1042,0.1,0.04977134874876729,42,225,9,0,True,,0.40438,0.0006174792440162355,0.9975269727708233,0.015735544047154947,1.8212840246540016,0.004068857343055335,0.025232283422371014,0.1444186157959874,0.24075270560000003,0.04882105693243439,True,True,False,False,True,0.04997621087120674,0.050444840840891125,0.0,"{""0.0498"": 4}"
c3_w2_tcop_cm0_states_L0.4_kp0_1042_ucp0_0498_s42,cm0,stageC,0.05,0.1042,0.1,0.04977134874876729,42,250,10,1,True,,0.40427199999999996,-0.0006128175023275815,-0.2676404198399044,-0.002991097382435583,-0.2957253757115797,0.007330055819604284,0.02443073015151947,0.12367910682985944,0.2407386016,0.04960473783823477,True,True,False,False,True,0.04997621087120674,0.050444840840891125,0.0,"{""0.0498"": 4}"
c3_w2_tcop_cm0_states_L0.4_kp0_1042_ucp0_0498_s42,cm0,stageC,0.05,0.1042,0.1,0.04977134874876729,42,275,11,2,True,,0.40371599999999985,-0.0010602003151371105,-0.6484018341765495,-0.011729378115011289,-1.1396579389552417,0.00510409806770581,0.024855461509020654,0.12484023391483068,0.24062869920000002,0.048507229811647665,True,True,False,False,True,0.04997621087120674,0.050444840840891125,0.0,"{""0.0498"": 4}"
c3_w2_tcop_cm0_states_L0.4_kp0_1042_ucp0_0498_s42,cm0,stageC,0.05,0.1042,0.1,0.04977134874876729,42,300,12,0,False,EXITS_PRIMARY_BLOCK_SET,0.40454000000000007,-0.0021597712373300246,-1.8461545245233686,0.001801266010233372,0.14576734876278288,0.012795069953443738,0.023102873807337814,0.1245859491655066,0.24080004000000002,0.04839326812687897,True,True,False,False,True,0.04997621087120674,0.050444840840891125,0.0,"{""0.0498"": 4}"
c3_w2_tcop_cm0_states_L0.4_kp0_1042_ucp0_0498_s137,cm0,stageC,0.05,0.1042,0.1,0.04977134874876729,137,0,0,0,False,PRE_PRIMARY_PHASE_IMBALANCE,0.40173199999999987,-0.00014152178716414648,0.2876926450041383,0.003595559713040602,0.32775116595506076,0.03720523786071316,0.07881969271537372,0.8055121304613223,0.23934076639999996,0.048248525117354626,False,True,False,False,True,0.04997621087120674,0.050444840840891125,0.0,"{""0.0498"": 4}"
c3_w2_tcop_cm0_states_L0.4_kp0_1042_ucp0_0498_s137,cm0,stageC,0.05,0.1042,0.1,0.04977134874876729,137,25,1,1,False,PRE_PRIMARY_PHASE_IMBALANCE,0.4036240000000001,6.666591664564676e-05,0.5332970893786682,-0.0006048442470363681,0.03304223938591059,0.0005875362064291534,0.0239330403007168,0.11099439054418356,0.24061835199999992,0.04868086507037442,True,True,False,False,True,0.04997621087120674,0.050444840840891125,0.0,"{""0.0498"": 4}"
c3_w2_tcop_cm0_states_L0.4_kp0_1042_ucp0_0498_s137,cm0,stageC,0.05,0.1042,0.1,0.04977134874876729,137,50,2,2,False,PRE_PRIMARY_PHASE_IMBALANCE,0.403436,0.0013516456320295752,1.6989754726772184,-0.0005320766700639504,-0.022490704323994463,0.0023970510893266046,0.0250690766727958,0.11699501254971036,0.2405731056,0.049545069421689174,True,True,False,False,True,0.04997621087120674,0.050444840840891125,0.0,"{""0.0498"": 4}"
c3_w2_tcop_cm0_states_L0.4_kp0_1042_ucp0_0498_s137,cm0,stageC,0.05,0.1042,0.1,0.04977134874876729,137,75,3,0,True,,0.40374000000000004,0.0015512254804548326,1.7877575236235317,0.0019660086822168763,0.26058087993983803,0.004207286522958737,0.025992206744124505,0.12384207627720291,0.2406238864,0.04859354278090866,True,True,False,False,True,0.04997621087120674,0.050444840840891125,0.0,"{""0.0498"": 4}"
c3_w2_tcop_cm0_states_L0.4_kp0_1042_ucp0_0498_s137,cm0,stageC,0.05,0.1042,0.1,0.04977134874876729,137,100,4,1,True,,0.403652,0.0011960495426292122,1.5055221766789353,0.00455201441253273,0.6189180060605165,0.007557165674757619,0.024958496211453064,0.12386907503525539,0.24061556640000004,0.04835351999596307,True,True,False,False,True,0.04997621087120674,0.050444840840891125,0.0,"{""0.0498"": 4}"
c3_w2_tcop_cm0_states_L0.4_kp0_1042_ucp0_0498_s137,cm0,stageC,0.05,0.1042,0.1,0.04977134874876729,137,125,5,2,True,,0.40359599999999995,0.0006736513816338976,1.2795540083778818,0.015423083579822024,1.5317227921412915,0.0012744710945331585,0.023128099836467225,0.1179397216078958,0.2406191376,0.04817124436839887,True,True,False,False,True,0.04997621087120674,0.050444840840891125,0.0,"{""0.0498"": 4}"
c3_w2_tcop_cm0_states_L0.4_kp0_1042_ucp0_0498_s137,cm0,stageC,0.05,0.1042,0.1,0.04977134874876729,137,150,6,0,True,,0.40384,0.001171809468813254,1.5297757976926654,0.01278577366547653,1.5067832314577732,0.0016273418109763688,0.021663020296879325,0.1178684624656586,0.24067671999999998,0.048337711985570846,True,True,False,False,True,0.04997621087120674,0.050444840840891125,0.0,"{""0.0498"": 4}"
c3_w2_tcop_cm0_states_L0.4_kp0_1042_ucp0_0498_s137,cm0,stageC,0.05,0.1042,0.1,0.04977134874876729,137,175,7,1,True,,0.4038600000000001,0.0002432338472647464,0.6116186721452277,0.011230167708538328,1.2391667052245,0.00037977352833653915,0.019710235868230893,0.09508245408041778,0.240693736,0.049160353945023626,True,True,False,False,True,0.04997621087120674,0.050444840840891125,0.0,"{""0.0498"": 4}"
c3_w2_tcop_cm0_states_L0.4_kp0_1042_ucp0_0498_s137,cm0,stageC,0.05,0.1042,0.1,0.04977134874876729,137,200,8,2,True,,0.40332000000000007,0.00011895830556441151,0.48656548296265556,0.020064855756533943,2.0514617346542616,0.0014997036709033429,0.023039570033771682,0.12397104005759431,0.24056663039999995,0.04854624187308427,True,True,False,False,False,0.04997621087120674,0.050444840840891125,0.0,"{""0.0498"": 4}"
c3_w2_tcop_cm0_states_L0.4_kp0_1042_ucp0_0498_s137,cm0,stageC,0.05,0.1042,0.1,0.04977134874876729,137,225,9,0,True,,0.404268,0.0003324380222278184,0.8151063386645608,0.025816757423887757,2.8292026646539212,0.007037421941416161,0.021519890752286608,0.12368033056368462,0.2407596976,0.048390744734918056,True,True,False,False,False,0.04997621087120674,0.050444840840891125,0.0,"{""0.0498"": 4}"
c3_w2_tcop_cm0_states_L0.4_kp0_1042_ucp0_0498_s137,cm0,stageC,0.05,0.1042,0.1,0.04977134874876729,137,250,10,1,True,,0.40398399999999995,-0.0005040653998556763,-0.05448948635768201,-0.0037818291841731173,-0.3970033752621136,0.004167314420045476,0.022183480611393594,0.12376727760562971,0.2407006144,0.04859925661982907,True,True,False,False,True,0.04997621087120674,0.050444840840891125,0.0,"{""0.0498"": 4}"
c3_w2_tcop_cm0_states_L0.4_kp0_1042_ucp0_0498_s137,cm0,stageC,0.05,0.1042,0.1,0.04977134874876729,137,275,11,2,True,,0.404204,0.0005774931603513869,1.0321049396053477,-0.014024426319810542,-1.1599602209511466,0.005496982179102756,0.02299343949573767,0.12369991359882651,0.24073674720000005,0.0492329806532166,True,True,False,False,True,0.04997621087120674,0.050444840840891125,0.0,"{""0.0498"": 4}"
c3_w2_tcop_cm0_states_L0.4_kp0_1042_ucp0_0498_s137,cm0,stageC,0.05,0.1042,0.1,0.04977134874876729,137,300,12,0,False,EXITS_PRIMARY_BLOCK_SET,0.4044400000000001,0.0007795466173886389,1.3673318578947717,-0.00558223546871775,-0.5802184511556238,0.006505645108807058,0.020995934685760553,0.09099001065426263,0.24079617920000004,0.048468199884047686,True,True,False,False,True,0.04997621087120674,0.050444840840891125,0.0,"{""0.0498"": 4}"
c3_w2_tcop_cm0_states_L0.4_kp0_1042_ucp0_0498_s256,cm0,stageC,0.05,0.1042,0.1,0.04977134874876729,256,0,0,0,False,PRE_PRIMARY_PHASE_IMBALANCE,0.40286400000000006,-0.0009486551582081857,-0.5511446925602704,0.01368178294334473,1.3304978444955804,0.052703947733282484,0.07995438157586336,0.8181421005149575,0.2395270656,0.04711217999625999,False,True,False,False,True,0.04997621087120674,0.050444840840891125,0.0,"{""0.0498"": 4}"
c3_w2_tcop_cm0_states_L0.4_kp0_1042_ucp0_0498_s256,cm0,stageC,0.05,0.1042,0.1,0.04977134874876729,256,25,1,1,False,PRE_PRIMARY_PHASE_IMBALANCE,0.4058520000000001,-0.0007322095956416733,-0.4090917028940941,0.012649941740914853,1.1698999837040194,0.009220637602381494,0.02594892766138219,0.11531297094676636,0.24102524319999996,0.04674734319723421,True,True,False,False,True,0.04997621087120674,0.050444840840891125,0.0,"{""0.0498"": 4}"
c3_w2_tcop_cm0_states_L0.4_kp0_1042_ucp0_0498_s256,cm0,stageC,0.05,0.1042,0.1,0.04977134874876729,256,50,2,2,False,PRE_PRIMARY_PHASE_IMBALANCE,0.40463199999999994,0.00018560500822923355,0.5526776175474962,0.022162904305109,2.2968231457130455,0.02544788765476432,0.025148971388569242,0.1117064391553154,0.240801392,0.04672884094432474,True,True,False,False,False,0.04997621087120674,0.050444840840891125,0.0,"{""0.0498"": 4}"
c3_w2_tcop_cm0_states_L0.4_kp0_1042_ucp0_0498_s256,cm0,stageC,0.05,0.1042,0.1,0.04977134874876729,256,75,3,0,True,,0.40372800000000014,-0.0003175943955535997,0.13224021978327052,0.0028304621066814746,0.23883570222623005,0.018275516722912048,0.025585132618156717,0.1218642251172467,0.24062500479999996,0.04811259726932231,True,True,False,False,True,0.04997621087120674,0.050444840840891125,0.0,"{""0.0498"": 4}"
c3_w2_tcop_cm0_states_L0.4_kp0_1042_ucp0_0498_s256,cm0,stageC,0.05,0.1042,0.1,0.04977134874876729,256,100,4,1,True,,0.4034280000000001,-0.00046315128099597624,-0.20656817485090945,0.0003608376249673507,-0.047230100810214344,0.005476617727618188,0.0258735714354933,0.12294634947761103,0.24056489439999995,0.049350671890056375,True,True,False,False,True,0.04997621087120674,0.050444840840891125,0.0,"{""0.0498"": 4}"
c3_w2_tcop_cm0_states_L0.4_kp0_1042_ucp0_0498_s256,cm0,stageC,0.05,0.1042,0.1,0.04977134874876729,256,125,5,2,True,,0.4038959999999999,-0.00020865533886166163,0.08201248585398588,-0.010271213803141173,-1.0096646692745541,0.015763653692794897,0.025467937250068066,0.12874601350658085,0.2406582112,0.04944270607480945,True,True,False,False,True,0.04997621087120674,0.050444840840891125,0.0,"{""0.0498"": 4}"
c3_w2_tcop_cm0_states_L0.4_kp0_1042_ucp0_0498_s256,cm0,stageC,0.05,0.1042,0.1,0.04977134874876729,256,150,6,0,True,,0.40523999999999993,-0.0008322188948670339,-0.35432670674675837,-0.0028763853446155,-0.2215684460240663,0.006620739048980757,0.02481866197488017,0.1283190205105147,0.24091938880000005,0.049252638508002794,True,True,False,False,True,0.04997621087120674,0.050444840840891125,0.0,"{""0.0498"": 4}"
c3_w2_tcop_cm0_states_L0.4_kp0_1042_ucp0_0498_s256,cm0,stageC,0.05,0.1042,0.1,0.04977134874876729,256,175,7,1,True,,0.40534,-4.634183205450006e-05,0.3430629494717151,-0.0012120694917662166,-0.030988195483672404,0.011609193653346759,0.024030932310900026,0.12927418925032272,0.24094460320000008,0.04946437505922823,True,True,False,False,True,0.04997621087120674,0.050444840840891125,0.0,"{""0.0498"": 4}"
c3_w2_tcop_cm0_states_L0.4_kp0_1042_ucp0_0498_s256,cm0,stageC,0.05,0.1042,0.1,0.04977134874876729,256,200,8,2,True,,0.4046119999999999,-0.00020074709831201313,0.20029612672618066,0.0014934004265639562,0.12098782644797525,0.012294488145311044,0.022734589457957036,0.12950678642871002,0.24081651360000003,0.04895762919096471,True,True,False,False,True,0.04997621087120674,0.050444840840891125,0.0,"{""0.0498"": 4}"
c3_w2_tcop_cm0_states_L0.4_kp0_1042_ucp0_0498_s256,cm0,stageC,0.05,0.1042,0.1,0.04977134874876729,256,225,9,0,True,,0.403768,-0.0017851581123322748,-1.3301391093293564,0.004240963454398673,0.4404467727369003,0.014171930918373807,0.022846949830275545,0.11095480545522478,0.24065430399999996,0.04839382373815898,True,True,False,False,True,0.04997621087120674,0.050444840840891125,0.0,"{""0.0498"": 4}"
c3_w2_tcop_cm0_states_L0.4_kp0_1042_ucp0_0498_s256,cm0,stageC,0.05,0.1042,0.1,0.04977134874876729,256,250,10,1,True,,0.40264000000000005,0.00018547663225853002,0.5850523433940323,-0.004928967737425936,-0.3487192313751511,0.010593151480377799,0.023348664550285385,0.1062984300956228,0.2404326496,0.049258404359053286,True,True,False,False,True,0.04997621087120674,0.050444840840891125,0.0,"{""0.0498"": 4}"
c3_w2_tcop_cm0_states_L0.4_kp0_1042_ucp0_0498_s256,cm0,stageC,0.05,0.1042,0.1,0.04977134874876729,256,275,11,2,True,,0.40282799999999996,-0.0005519243543358733,-0.1188884652701405,0.012669881823587546,1.2346592331226345,0.0010087695866592321,0.02286841145904335,0.1112137187305408,0.24047274079999995,0.04941864441685951,True,True,False,False,True,0.04997621087120674,0.050444840840891125,0.0,"{""0.0498"": 4}"
c3_w2_tcop_cm0_states_L0.4_kp0_1042_ucp0_0498_s256,cm0,stageC,0.05,0.1042,0.1,0.04977134874876729,256,300,12,0,False,EXITS_PRIMARY_BLOCK_SET,0.402868,-0.00011830603356413791,0.2308046701581647,0.012768112385466648,1.2633910678682592,0.006575714397558409,0.022350656425483506,0.11120267653126416,0.24048429599999996,0.04850870618765254,True,True,False,False,True,0.04997621087120674,0.050444840840891125,0.0,"{""0.0498"": 4}"
c3_w2_tcop_cm0_states_L0.4_kp0_1042_ucp0_0498_s1024,cm0,stageC,0.05,0.1042,0.1,0.04977134874876729,1024,0,0,0,False,PRE_PRIMARY_PHASE_IMBALANCE,0.40052000000000004,-0.00038957796706505244,0.0282791264717259,0.010365693390501508,1.0774138617006839,0.04140671721870413,0.07847501455259936,0.8269249954386173,0.2391158336,0.04853668303458735,False,True,False,False,True,0.04997621087120674,0.050444840840891125,0.0,"{""0.0498"": 4}"
c3_w2_tcop_cm0_states_L0.4_kp0_1042_ucp0_0498_s1024,cm0,stageC,0.05,0.1042,0.1,0.04977134874876729,1024,25,1,1,False,PRE_PRIMARY_PHASE_IMBALANCE,0.403856,0.0006508744614970611,0.9874379337199619,0.006303689353365239,0.6249740255603021,0.008236234244448722,0.020723191840084424,0.09706429990624309,0.240686288,0.04886400785854554,True,True,False,False,True,0.04997621087120674,0.050444840840891125,0.0,"{""0.0498"": 4}"
c3_w2_tcop_cm0_states_L0.4_kp0_1042_ucp0_0498_s1024,cm0,stageC,0.05,0.1042,0.1,0.04977134874876729,1024,50,2,2,False,PRE_PRIMARY_PHASE_IMBALANCE,0.404104,0.0004377853821293934,0.8286836594881878,-0.00014618091601014972,-0.15124501948583227,0.00882633348554153,0.02044099925479714,0.09700473121522003,0.2407357248,0.04912796743200353,True,True,False,False,True,0.04997621087120674,0.050444840840891125,0.0,"{""0.0498"": 4}"
c3_w2_tcop_cm0_states_L0.4_kp0_1042_ucp0_0498_s1024,cm0,stageC,0.05,0.1042,0.1,0.04977134874876729,1024,75,3,0,True,,0.405756,-0.00046654100537498947,0.010191803863069946,-0.003011172997521241,-0.28001761316453366,0.010356224429619663,0.02300345894961482,0.12125513825733895,0.2410309488,0.04832337388883355,True,True,False,False,True,0.04997621087120674,0.050444840840891125,0.0,"{""0.0498"": 4}"
c3_w2_tcop_cm0_states_L0.4_kp0_1042_ucp0_0498_s1024,cm0,stageC,0.05,0.1042,0.1,0.04977134874876729,1024,100,4,1,True,,0.40496399999999994,-0.00010241938911904217,0.3280711539251711,-0.005024745236250367,-0.527529549195089,0.014702036143548333,0.024352238561178963,0.12149228049532228,0.24087090399999997,0.048871655425205315,True,True,False,False,True,0.04997621087120674,0.050444840840891125,0.0,"{""0.0498"": 4}"
c3_w2_tcop_cm0_states_L0.4_kp0_1042_ucp0_0498_s1024,cm0,stageC,0.05,0.1042,0.1,0.04977134874876729,1024,125,5,2,True,,0.403804,-0.000715242589852089,-0.4049943526238739,0.00984598463479543,1.0310010837428032,0.020049948997317147,0.025943918546275587,0.13273766447896088,0.24063657759999998,0.04896825077537485,True,True,False,False,True,0.04997621087120674,0.050444840840891125,0.0,"{""0.0498"": 4}"
c3_w2_tcop_cm0_states_L0.4_kp0_1042_ucp0_0498_s1024,cm0,stageC,0.05,0.1042,0.1,0.04977134874876729,1024,150,6,0,True,,0.404024,-0.0011582207674481568,-0.6574001523070764,0.024264967741439946,2.4834443214586597,0.012437732663935412,0.026617473177283236,0.1326653858863201,0.24067295679999998,0.04890201860864232,True,True,False,False,False,0.04997621087120674,0.050444840840891125,0.0,"{""0.0498"": 4}"
c3_w2_tcop_cm0_states_L0.4_kp0_1042_ucp0_0498_s1024,cm0,stageC,0.05,0.1042,0.1,0.04977134874876729,1024,175,7,1,True,,0.4028360000000001,-0.00031607695700778545,0.09331505069017262,0.011942946022036185,1.2551587464285758,0.010104774763429534,0.024591788388419387,0.12312702905617406,0.24046101920000004,0.04867604240280839,True,True,False,False,True,0.04997621087120674,0.050444840840891125,0.0,"{""0.0498"": 4}"
c3_w2_tcop_cm0_states_L0.4_kp0_1042_ucp0_0498_s1024,cm0,stageC,0.05,0.1042,0.1,0.04977134874876729,1024,200,8,2,True,,0.40341600000000016,-0.0008205601056564282,-0.41878236339516545,0.014810757066876037,1.4343198040621956,0.001057872457239572,0.023039174467910248,0.12295000663595382,0.2405851456,0.05009042766836793,True,True,False,False,True,0.04997621087120674,0.050444840840891125,0.0,"{""0.0498"": 4}"
c3_w2_tcop_cm0_states_L0.4_kp0_1042_ucp0_0498_s1024,cm0,stageC,0.05,0.1042,0.1,0.04977134874876729,1024,225,9,0,True,,0.403736,-0.0007852715273792038,-0.4519319733139739,0.002468710812223987,0.42665216559290237,0.009606049054771403,0.021483540687001063,0.11393583897909575,0.2406580096,0.049349795379515,True,True,False,False,True,0.04997621087120674,0.050444840840891125,0.0,"{""0.0498"": 4}"
c3_w2_tcop_cm0_states_L0.4_kp0_1042_ucp0_0498_s1024,cm0,stageC,0.05,0.1042,0.1,0.04977134874876729,1024,250,10,1,True,,0.40381999999999996,-0.00031082919206704097,0.05036976209931947,-0.006065303461526585,-0.7173616308612032,0.0020500291769308026,0.02163843245348003,0.1248080825001038,0.24067305439999997,0.04975065426705462,True,True,False,False,True,0.04997621087120674,0.050444840840891125,0.0,"{""0.0498"": 4}"
c3_w2_tcop_cm0_states_L0.4_kp0_1042_ucp0_0498_s1024,cm0,stageC,0.05,0.1042,0.1,0.04977134874876729,1024,275,11,2,True,,0.40444,-0.0006039836452652067,-0.1895692529847954,-0.005445850376990426,-0.6304415111699495,0.010267073561608407,0.021393299450095955,0.12461675372214231,0.24079342399999995,0.0496294912325323,True,True,False,False,True,0.04997621087120674,0.050444840840891125,0.0,"{""0.0498"": 4}"
c3_w2_tcop_cm0_states_L0.4_kp0_1042_ucp0_0498_s1024,cm0,stageC,0.05,0.1042,0.1,0.04977134874876729,1024,300,12,0,False,EXITS_PRIMARY_BLOCK_SET,0.40461999999999987,-0.0006977923423735805,-0.2846323541260404,0.00026671487821512506,0.17603506714562364,0.003373576437834088,0.022766323751220775,0.1245613164832156,0.24081779999999997,0.04957878175187446,True,True,False,False,True,0.04997621087120674,0.050444840840891125,0.0,"{""0.0498"": 4}"
c3_w2_tcop_cm0_states_L0.4_kp0_1042_ucp0_0498_s31415,cm0,stageC,0.05,0.1042,0.1,0.04977134874876729,31415,0,0,0,False,PRE_PRIMARY_PHASE_IMBALANCE,0.399024,-0.001135939846953503,-0.6261618430702747,0.01957233555466023,1.9456326346097483,0.05676617208424638,0.07984610425938334,0.8300252595582591,0.23878875520000004,0.0482668356534795,False,True,False,False,True,0.04997621087120674,0.050444840840891125,0.0,"{""0.0498"": 4}"
c3_w2_tcop_cm0_states_L0.4_kp0_1042_ucp0_0498_s31415,cm0,stageC,0.05,0.1042,0.1,0.04977134874876729,31415,25,1,1,False,PRE_PRIMARY_PHASE_IMBALANCE,0.40318800000000005,-0.00016031431719220024,0.14842342086918947,0.009530242962311773,1.0338303971322758,0.004950047062431957,0.024438316093838067,0.13790092924913216,0.2405303504,0.04900486359536164,True,True,False,False,True,0.04997621087120674,0.050444840840891125,0.0,"{""0.0498"": 4}"
c3_w2_tcop_cm0_states_L0.4_kp0_1042_ucp0_0498_s31415,cm0,stageC,0.05,0.1042,0.1,0.04977134874876729,31415,50,2,2,False,PRE_PRIMARY_PHASE_IMBALANCE,0.40326800000000007,0.00027091695261702845,0.6776080471139649,-0.0032305505619705543,-0.3128638211453231,0.00758340807353441,0.025171134464497112,0.13985736497848236,0.24053988320000003,0.04882048930520873,True,True,False,False,True,0.04997621087120674,0.050444840840891125,0.0,"{""0.0498"": 4}"
c3_w2_tcop_cm0_states_L0.4_kp0_1042_ucp0_0498_s31415,cm0,stageC,0.05,0.1042,0.1,0.04977134874876729,31415,75,3,0,True,,0.40283599999999997,2.1336316097233407e-05,0.37356742529480647,-0.0029406176582356712,-0.21063287789832516,0.0010123245664875188,0.024567319216582766,0.13702846782058084,0.2404612144,0.04879997032785983,True,True,False,False,True,0.04997621087120674,0.050444840840891125,0.0,"{""0.0498"": 4}"
c3_w2_tcop_cm0_states_L0.4_kp0_1042_ucp0_0498_s31415,cm0,stageC,0.05,0.1042,0.1,0.04977134874876729,31415,100,4,1,True,,0.40304000000000006,-0.0001712142157631742,0.23933555024092912,-8.226147264180067e-05,-0.009738536500223695,0.002644170722541039,0.026167017651693377,0.13695911041842213,0.24048753280000004,0.048261355140526256,True,True,False,False,True,0.04997621087120674,0.050444840840891125,0.0,"{""0.0498"": 4}"
c3_w2_tcop_cm0_states_L0.4_kp0_1042_ucp0_0498_s31415,cm0,stageC,0.05,0.1042,0.1,0.04977134874876729,31415,125,5,2,True,,0.402776,0.00041401970332624605,0.9336619330454973,0.0060609360124100975,0.6944634636590871,0.00275317021951653,0.02535512232108762,0.13307644911048208,0.2404432,0.0483244640322063,True,True,False,False,True,0.04997621087120674,0.050444840840891125,0.0,"{""0.0498"": 4}"
c3_w2_tcop_cm0_states_L0.4_kp0_1042_ucp0_0498_s31415,cm0,stageC,0.05,0.1042,0.1,0.04977134874876729,31415,150,6,0,True,,0.402636,-0.000401097290291403,0.03498855300741751,0.000274962483598762,-0.07449073168252873,0.008316630527745401,0.024166488401655098,0.11722747067518191,0.24042557279999996,0.04792380936444848,True,True,False,False,True,0.04997621087120674,0.050444840840891125,0.0,"{""0.0498"": 4}"
c3_w2_tcop_cm0_states_L0.4_kp0_1042_ucp0_0498_s31415,cm0,stageC,0.05,0.1042,0.1,0.04977134874876729,31415,175,7,1,True,,0.4032079999999999,-0.0002751591161106912,0.12774196017778872,0.0006057270917162817,0.08653882362681974,0.003234783104026273,0.025321412409759908,0.14285430809196678,0.24052706880000002,0.04924173774350373,True,True,False,False,True,0.04997621087120674,0.050444840840891125,0.0,"{""0.0498"": 4}"
c3_w2_tcop_cm0_states_L0.4_kp0_1042_ucp0_0498_s31415,cm0,stageC,0.05,0.1042,0.1,0.04977134874876729,31415,200,8,2,True,,0.402784,0.0014641336407523798,1.7601740878874386,-0.0030863202283362146,-0.3019827641320395,0.0015446050803330454,0.02399368270678783,0.14300468702082345,0.24045565120000004,0.04880255468722924,True,True,False,False,True,0.04997621087120674,0.050444840840891125,0.0,"{""0.0498"": 4}"
c3_w2_tcop_cm0_states_L0.4_kp0_1042_ucp0_0498_s31415,cm0,stageC,0.05,0.1042,0.1,0.04977134874876729,31415,225,9,0,True,,0.403164,-0.00011663899719808439,0.26231389809899075,-0.001154638699064273,-0.03968741437519573,0.005155142402666021,0.023872793272557393,0.14286989874376219,0.2405301552,0.0482753467517324,True,True,False,False,True,0.04997621087120674,0.050444840840891125,0.0,"{""0.0498"": 4}"
c3_w2_tcop_cm0_states_L0.4_kp0_1042_ucp0_0498_s31415,cm0,stageC,0.05,0.1042,0.1,0.04977134874876729,31415,250,10,1,True,,0.40428000000000003,-0.001129548080673384,-0.6909984978215952,0.0037817687438650156,0.38376279374052924,0.00202216718648672,0.024399220251386602,0.1424755116689535,0.24074038080000001,0.04916585807244698,True,True,False,False,True,0.04997621087120674,0.050444840840891125,0.0,"{""0.0498"": 4}"
c3_w2_tcop_cm0_states_L0.4_kp0_1042_ucp0_0498_s31415,cm0,stageC,0.05,0.1042,0.1,0.04977134874876729,31415,275,11,2,True,,0.4032879999999999,-0.0010690446153615808,-0.6867521928283578,-0.0035050842292407014,-0.30716583546716064,0.00021307004583863494,0.022765678529409514,0.12794826494230357,0.240562496,0.04886951049478601,True,True,False,False,True,0.04997621087120674,0.050444840840891125,0.0,"{""0.0498"": 4}"
c3_w2_tcop_cm0_states_L0.4_kp0_1042_ucp0_0498_s31415,cm0,stageC,0.05,0.1042,0.1,0.04977134874876729,31415,300,12,0,False,EXITS_PRIMARY_BLOCK_SET,0.40476400000000007,-0.0024230091400774412,-2.069078652745916,-0.00026053659841843,0.04635915038654159,0.005392125407480221,0.023408790820473212,0.12748169272098872,0.240840328,0.04861259408836356,True,True,False,False,False,0.04997621087120674,0.050444840840891125,0.0,"{""0.0498"": 4}"
c3_w2_tcop_cm0_states_L0.4_kp0_1042_ucp0_1234_s42,cm0,stageC,0.05,0.1042,0.25,0.12339551870278656,42,0,0,0,False,PRE_PRIMARY_PHASE_IMBALANCE,0.41112800000000016,-0.0013244776170346093,-0.9359593674862752,-0.0022809140515788525,-0.20879276924004694,0.0496152044384395,0.079279579203453,0.8172637212321615,0.24103939519999998,0.049204955197622115,False,True,False,False,True,0.04997621087120674,0.05103382697148107,0.0,"{""0.1234"": 4}"
c3_w2_tcop_cm0_states_L0.4_kp0_1042_ucp0_1234_s42,cm0,stageC,0.05,0.1042,0.25,0.12339551870278656,42,25,1,1,False,PRE_PRIMARY_PHASE_IMBALANCE,0.41464,-0.0007284235061744721,-0.26508861823073626,-0.0003405013579678695,-0.05700000532436022,0.0024139014267676364,0.022293785598447274,0.11576307130097654,0.24262822080000002,0.04876136175292893,True,True,False,False,True,0.04997621087120674,0.05103382697148107,0.0,"{""0.1234"": 4}"
c3_w2_tcop_cm0_states_L0.4_kp0_1042_ucp0_1234_s42,cm0,stageC,0.05,0.1042,0.25,0.12339551870278656,42,50,2,2,False,PRE_PRIMARY_PHASE_IMBALANCE,0.41560400000000003,5.582580225488456e-05,0.44210611751097384,0.00474989476647704,0.4808550285262945,0.01051625357116254,0.023569134715815423,0.11741946632510884,0.24278136479999998,0.049044420518546246,True,True,False,False,True,0.04997621087120674,0.05103382697148107,0.0,"{""0.1234"": 4}"
c3_w2_tcop_cm0_states_L0.4_kp0_1042_ucp0_1234_s42,cm0,stageC,0.05,0.1042,0.25,0.12339551870278656,42,75,3,0,True,,0.41550400000000004,0.00022433314310955972,0.6309747460890588,-0.010886016699502473,-1.0247583659096355,0.006985179998359693,0.023095291226799285,0.11937309840730036,0.2427683392,0.04865825709990032,True,True,False,False,True,0.04997621087120674,0.05103382697148107,0.0,"{""0.1234"": 4}"
c3_w2_tcop_cm0_states_L0.4_kp0_1042_ucp0_1234_s42,cm0,stageC,0.05,0.1042,0.25,0.12339551870278656,42,100,4,1,True,,0.41528,0.0005029046714571818,0.8048244824106889,-0.008589200780046989,-0.9384652985405247,0.004715170022312801,0.02529913961625572,0.12425351540104633,0.24271214079999998,0.04837314957701224,True,True,False,False,True,0.04997621087120674,0.05103382697148107,0.0,"{""0.1234"": 4}"
c3_w2_tcop_cm0_states_L0.4_kp0_1042_ucp0_1234_s42,cm0,stageC,0.05,0.1042,0.25,0.12339551870278656,42,125,5,2,True,,0.41484000000000004,-0.00010645839756911579,0.21316224433919037,0.004220965246893549,0.3599001306674324,0.013456943000598017,0.02484022114909975,0.12438530487806075,0.2426415872,0.04880588489106616,True,True,False,False,True,0.04997621087120674,0.05103382697148107,0.0,"{""0.1234"": 4}"
c3_w2_tcop_cm0_states_L0.4_kp0_1042_ucp0_1234_s42,cm0,stageC,0.05,0.1042,0.25,0.12339551870278656,42,150,6,0,True,,0.414424,-0.00030024708894374865,0.0954470395844012,0.010535663769441256,1.1015748858298477,0.005394435536940929,0.025353534047087324,0.14670964966626054,0.2425663488,0.047964447500205815,True,True,False,False,True,0.04997621087120674,0.05103382697148107,0.0,"{""0.1234"": 4}"
c3_w2_tcop_cm0_states_L0.4_kp0_1042_ucp0_1234_s42,cm0,stageC,0.05,0.1042,0.25,0.12339551870278656,42,175,7,1,True,,0.414608,-0.00015185624791285915,0.18838196125193596,0.014466701137449385,1.44425804866922,0.0005256574732131568,0.02514304230974457,0.12927874008876167,0.24259953600000003,0.048675726353080755,True,True,False,False,True,0.04997621087120674,0.05103382697148107,0.0,"{""0.1234"": 4}"
c3_w2_tcop_cm0_states_L0.4_kp0_1042_ucp0_1234_s42,cm0,stageC,0.05,0.1042,0.25,0.12339551870278656,42,200,8,2,True,,0.41378799999999993,0.0001295331408068311,0.5157304186460313,0.01513454457445674,1.5449868656250783,0.003787245420079676,0.024834970030046342,0.15080185952516303,0.24246188639999997,0.048745164437100835,True,True,False,False,True,0.04997621087120674,0.05103382697148107,0.0,"{""0.1234"": 4}"
c3_w2_tcop_cm0_states_L0.4_kp0_1042_ucp0_1234_s42,cm0,stageC,0.05,0.1042,0.25,0.12339551870278656,42,225,9,0,True,,0.4149360000000001,6.324560339634109e-05,0.4193173694651901,0.016350751075951724,1.8480882769083489,0.001444993822061268,0.024475537858947606,0.15038463726843504,0.24266097599999997,0.048421027498391646,True,True,False,False,True,0.04997621087120674,0.05103382697148107,0.0,"{""0.1234"": 4}"
c3_w2_tcop_cm0_states_L0.4_kp0_1042_ucp0_1234_s42,cm0,stageC,0.05,0.1042,0.25,0.12339551870278656,42,250,10,1,True,,0.4146600000000001,-0.0011606129455766347,-0.8364377009610275,-0.0036014810551584136,-0.3729861775985925,0.007593871798328686,0.02358055723812516,0.12636859083015337,0.24262147679999999,0.0491935402263346,True,True,False,False,True,0.04997621087120674,0.05103382697148107,0.0,"{""0.1234"": 4}"
c3_w2_tcop_cm0_states_L0.4_kp0_1042_ucp0_1234_s42,cm0,stageC,0.05,0.1042,0.25,0.12339551870278656,42,275,11,2,True,,0.41428799999999993,-0.001284662090662028,-0.8793616357807805,-0.011837700114048758,-1.1747241446212406,0.0027682063702063205,0.023880402562618218,0.12744757239541682,0.24255557439999997,0.04802013177824484,True,True,False,False,True,0.04997621087120674,0.05103382697148107,0.0,"{""0.1234"": 4}"
c3_w2_tcop_cm0_states_L0.4_kp0_1042_ucp0_1234_s42,cm0,stageC,0.05,0.1042,0.25,0.12339551870278656,42,300,12,0,False,EXITS_PRIMARY_BLOCK_SET,0.41524,-0.0027332214039887406,-2.433880872101495,-0.0016375680138104643,-0.18741779500688704,0.009070553503019715,0.02250018290334346,0.12715537971497118,0.24272845119999997,0.0477106109791103,True,True,False,False,False,0.04997621087120674,0.05103382697148107,0.0,"{""0.1234"": 4}"
c3_w2_tcop_cm0_states_L0.4_kp0_1042_ucp0_1234_s137,cm0,stageC,0.05,0.1042,0.25,0.12339551870278656,137,0,0,0,False,PRE_PRIMARY_PHASE_IMBALANCE,0.412368,-0.0008388293354931436,-0.44571618491002213,-0.0017608029265351885,-0.2072096011102987,0.0376745856654334,0.0793779831341981,0.8167462052905505,0.24124918720000005,0.04728797496192874,False,True,False,False,True,0.04997621087120674,0.05103382697148107,0.0,"{""0.1234"": 4}"
c3_w2_tcop_cm0_states_L0.4_kp0_1042_ucp0_1234_s137,cm0,stageC,0.05,0.1042,0.25,0.12339551870278656,137,25,1,1,False,PRE_PRIMARY_PHASE_IMBALANCE,0.414424,-0.000632808841144591,-0.16051821406233396,-0.002687554496804517,-0.18892671363855135,0.004178168130073221,0.02399041599468579,0.10810184712250763,0.24257790079999997,0.047921062425618235,True,True,False,False,True,0.04997621087120674,0.05103382697148107,0.0,"{""0.1234"": 4}"
c3_w2_tcop_cm0_states_L0.4_kp0_1042_ucp0_1234_s137,cm0,stageC,0.05,0.1042,0.25,0.12339551870278656,137,50,2,2,False,PRE_PRIMARY_PHASE_IMBALANCE,0.41467600000000004,0.0008475358164891314,1.1767169635953494,-0.004560641509504164,-0.3917981888060829,0.0006523335086979073,0.024508534559572734,0.11285919582310225,0.2426165264,0.04880916946640253,True,True,False,False,True,0.04997621087120674,0.05103382697148107,0.0,"{""0.1234"": 4}"
c3_w2_tcop_cm0_states_L0.4_kp0_1042_ucp0_1234_s137,cm0,stageC,0.05,0.1042,0.25,0.12339551870278656,137,75,3,0,True,,0.414904,0.0011713682732017892,1.4356084592625218,0.0038719507647260606,0.46469423025823725,0.0059296753433875455,0.025190179602344025,0.11858164751706013,0.2426494368,0.04799948733059552,True,True,False,False,True,0.04997621087120674,0.05103382697148107,0.0,"{""0.1234"": 4}"
c3_w2_tcop_cm0_states_L0.4_kp0_1042_ucp0_1234_s137,cm0,stageC,0.05,0.1042,0.25,0.12339551870278656,137,100,4,1,True,,0.414756,0.0012022383992424878,1.5181336033753172,0.005373550721235162,0.7086029686916993,0.004285357495704386,0.023952221384515398,0.11862396175432302,0.2426347696,0.04794142742972929,True,True,False,False,True,0.04997621087120674,0.05103382697148107,0.0,"{""0.1234"": 4}"
c3_w2_tcop_cm0_states_L0.4_kp0_1042_ucp0_1234_s137,cm0,stageC,0.05,0.1042,0.25,0.12339551870278656,137,125,5,2,True,,0.41452399999999995,0.0007541902921609966,1.356750464213371,0.01515932079457199,1.551047731811775,0.0023723073584679373,0.02218477103672698,0.11579546632813667,0.2426092848,0.04770800167686758,True,True,False,False,True,0.04997621087120674,0.05103382697148107,0.0,"{""0.1234"": 4}"
c3_w2_tcop_cm0_states_L0.4_kp0_1042_ucp0_1234_s137,cm0,stageC,0.05,0.1042,0.25,0.12339551870278656,137,150,6,0,True,,0.41440800000000005,0.0010505057620060112,1.4076979968186205,0.01055075877111271,1.3553361702349962,0.003307216681140904,0.020996401358046864,0.1158278794911587,0.2425983008,0.04771341044192922,True,True,False,False,True,0.04997621087120674,0.05103382697148107,0.0,"{""0.1234"": 4}"
c3_w2_tcop_cm0_states_L0.4_kp0_1042_ucp0_1234_s137,cm0,stageC,0.05,0.1042,0.25,0.12339551870278656,137,175,7,1,True,,0.414436,0.00020443724129348855,0.5775635488972897,0.004876777220448462,0.48824200453507205,0.0006863024499754415,0.019634495491472777,0.09555154451941535,0.2426125872,0.04843760836374975,True,True,False,False,True,0.04997621087120674,0.05103382697148107,0.0,"{""0.1234"": 4}"
c3_w2_tcop_cm0_states_L0.4_kp0_1042_ucp0_1234_s137,cm0,stageC,0.05,0.1042,0.25,0.12339551870278656,137,200,8,2,True,,0.4140879999999999,0.00023954458604954923,0.6297226178105161,0.021468589332546542,2.205165779346038,0.0035671347810220765,0.022579761595753818,0.11591738926045335,0.2425317056,0.0477444054942566,True,True,False,False,False,0.04997621087120674,0.05103382697148107,0.0,"{""0.1234"": 4}"
c3_w2_tcop_cm0_states_L0.4_kp0_1042_ucp0_1234_s137,cm0,stageC,0.05,0.1042,0.25,0.12339551870278656,137,225,9,0,True,,0.4149999999999999,0.00021755875055394258,0.6730455764918643,0.02463265556314471,2.6657571735828633,0.007906332782903156,0.020909443253470363,0.11566265032370444,0.24269970239999997,0.0477907940925865,True,True,False,False,False,0.04997621087120674,0.05103382697148107,0.0,"{""0.1234"": 4}"
c3_w2_tcop_cm0_states_L0.4_kp0_1042_ucp0_1234_s137,cm0,stageC,0.05,0.1042,0.25,0.12339551870278656,137,250,10,1,True,,0.41479999999999995,-0.0007545459549052999,-0.2740053207337289,-0.007196495619524411,-0.7603683960769314,0.0023203863242637944,0.02186179928978653,0.11475409808400647,0.24265872639999997,0.047969990619136045,True,True,False,False,True,0.04997621087120674,0.05103382697148107,0.0,"{""0.1234"": 4}"
c3_w2_tcop_cm0_states_L0.4_kp0_1042_ucp0_1234_s137,cm0,stageC,0.05,0.1042,0.25,0.12339551870278656,137,275,11,2,True,,0.41513200000000006,0.0004626829170709653,0.8478153005004523,-0.01145670362159112,-0.9359236327668611,0.004097612568803916,0.022095778174923815,0.11466232399655445,0.24271328480000004,0.048507551741971064,True,True,False,False,True,0.04997621087120674,0.05103382697148107,0.0,"{""0.1234"": 4}"
c3_w2_tcop_cm0_states_L0.4_kp0_1042_ucp0_1234_s137,cm0,stageC,0.05,0.1042,0.25,0.12339551870278656,137,300,12,0,False,EXITS_PRIMARY_BLOCK_SET,0.41526,0.0003902498474505951,0.9138782489275287,-0.00010432893050025108,-0.03309582076227097,0.00443737480612005,0.020454706464402634,0.096325193622489,0.24274698399999997,0.04772224219376118,True,True,False,False,True,0.04997621087120674,0.05103382697148107,0.0,"{""0.1234"": 4}"
c3_w2_tcop_cm0_states_L0.4_kp0_1042_ucp0_1234_s256,cm0,stageC,0.05,0.1042,0.25,0.12339551870278656,256,0,0,0,False,PRE_PRIMARY_PHASE_IMBALANCE,0.41374399999999995,-0.0008084490683255311,-0.43203683986675273,0.007631279012936562,0.7103381042587434,0.05231003771443105,0.08036803388374877,0.8285316504202318,0.2414542208,0.04634719478026691,False,True,False,False,True,0.04997621087120674,0.05103382697148107,0.0,"{""0.1234"": 4}"
c3_w2_tcop_cm0_states_L0.4_kp0_1042_ucp0_1234_s256,cm0,stageC,0.05,0.1042,0.25,0.12339551870278656,256,25,1,1,False,PRE_PRIMARY_PHASE_IMBALANCE,0.4166,-0.000608726118719007,-0.26712141317042654,0.005767972328690292,0.554503554984272,0.00999965572649821,0.025493660796358418,0.11329812742847309,0.24293164159999997,0.0462536485047396,True,True,False,False,True,0.04997621087120674,0.05103382697148107,0.0,"{""0.1234"": 4}"
c3_w2_tcop_cm0_states_L0.4_kp0_1042_ucp0_1234_s256,cm0,stageC,0.05,0.1042,0.25,0.12339551870278656,256,50,2,2,False,PRE_PRIMARY_PHASE_IMBALANCE,0.415288,0.00046585912646690997,0.8643601097724571,0.02083936869750277,2.2657789648607483,0.023316465396337915,0.024420382431125032,0.11461925190561918,0.2427210272,0.04632274879581306,True,True,False,False,False,0.04997621087120674,0.05103382697148107,0.0,"{""0.1234"": 4}"
c3_w2_tcop_cm0_states_L0.4_kp0_1042_ucp0_1234_s256,cm0,stageC,0.05,0.1042,0.25,0.12339551870278656,256,75,3,0,True,,0.414448,-0.00011334424386096884,0.36808731849134524,0.0009630013880994451,0.08060652645911634,0.01757925855904189,0.025097805309122513,0.13029378804990316,0.24257265919999998,0.04763670114523045,True,True,False,False,True,0.04997621087120674,0.05103382697148107,0.0,"{""0.1234"": 4}"
c3_w2_tcop_cm0_states_L0.4_kp0_1042_ucp0_1234_s256,cm0,stageC,0.05,0.1042,0.25,0.12339551870278656,256,100,4,1,True,,0.41392799999999996,-0.0003395726801307828,-0.062339074040325015,-0.001092325417563257,-0.23335414689903808,0.004310745901540012,0.025095904477404573,0.1265920640145338,0.24248370239999997,0.048873825469263193,True,True,False,False,True,0.04997621087120674,0.05103382697148107,0.0,"{""0.1234"": 4}"
c3_w2_tcop_cm0_states_L0.4_kp0_1042_ucp0_1234_s256,cm0,stageC,0.05,0.1042,0.25,0.12339551870278656,256,125,5,2,True,,0.4144080000000001,-0.0004270373660445427,-0.16629985116069085,-0.0071853688545101034,-0.6926598154750866,0.01300877174403117,0.02454348004252261,0.13030636442755367,0.24257056,0.04894087796515302,True,True,False,False,True,0.04997621087120674,0.05103382697148107,0.0,"{""0.1234"": 4}"
c3_w2_tcop_cm0_states_L0.4_kp0_1042_ucp0_1234_s256,cm0,stageC,0.05,0.1042,0.25,0.12339551870278656,256,150,6,0,True,,0.4157040000000001,-0.0010349081434520813,-0.5717659912917077,-0.001085725244253754,-0.03193776771081323,0.0068559479765512715,0.024333639104140985,0.12990012092763098,0.2427918592,0.048800249835426045,True,True,False,False,True,0.04997621087120674,0.05103382697148107,0.0,"{""0.1234"": 4}"
c3_w2_tcop_cm0_states_L0.4_kp0_1042_ucp0_1234_s256,cm0,stageC,0.05,0.1042,0.25,0.12339551870278656,256,175,7,1,True,,0.415916,-0.00020135880003939197,0.13920812500125865,0.0008064412722482413,0.16719787267354047,0.007550164013532216,0.0233419053691536,0.11829311659495403,0.2428356304,0.04867854706130823,True,True,False,False,True,0.04997621087120674,0.05103382697148107,0.0,"{""0.1234"": 4}"
c3_w2_tcop_cm0_states_L0.4_kp0_1042_ucp0_1234_s256,cm0,stageC,0.05,0.1042,0.25,0.12339551870278656,256,200,8,2,True,,0.415496,-0.00030677152570750607,0.10031193894192972,0.002529314347413841,0.22391003049747535,0.009195520681334378,0.021411308226131166,0.1251516257072232,0.24277992960000003,0.047985351764887586,True,True,False,False,True,0.04997621087120674,0.05103382697148107,0.0,"{""0.1234"": 4}"
c3_w2_tcop_cm0_states_L0.4_kp0_1042_ucp0_1234_s256,cm0,stageC,0.05,0.1042,0.25,0.12339551870278656,256,225,9,0,True,,0.414952,-0.0018508122997839725,-1.366394528717456,0.004479984703315395,0.4650987995322588,0.011814017556750482,0.020927533000903276,0.10892826131955444,0.2426914272,0.04747586435232117,True,True,False,False,True,0.04997621087120674,0.05103382697148107,0.0,"{""0.1234"": 4}"
c3_w2_tcop_cm0_states_L0.4_kp0_1042_ucp0_1234_s256,cm0,stageC,0.05,0.1042,0.25,0.12339551870278656,256,250,10,1,True,,0.413884,-5.090849940713115e-05,0.28249945420192935,-0.005358344566460795,-0.40669212419205686,0.011395056614335118,0.021362924518898978,0.10920934341697354,0.24250585760000004,0.048019106030829026,True,True,False,False,True,0.04997621087120674,0.05103382697148107,0.0,"{""0.1234"": 4}"
c3_w2_tcop_cm0_states_L0.4_kp0_1042_ucp0_1234_s256,cm0,stageC,0.05,0.1042,0.25,0.12339551870278656,256,275,11,2,True,,0.41388800000000003,-0.0010593137390857426,-0.6587945801936624,0.010243376891916197,1.0117023788451007,0.002869468940889662,0.021121226550529754,0.11210762304752099,0.24250830399999995,0.048438037284762064,True,True,False,False,True,0.04997621087120674,0.05103382697148107,0.0,"{""0.1234"": 4}"
c3_w2_tcop_cm0_states_L0.4_kp0_1042_ucp0_1234_s256,cm0,stageC,0.05,0.1042,0.25,0.12339551870278656,256,300,12,0,False,EXITS_PRIMARY_BLOCK_SET,0.41379599999999994,-0.0004831468805310262,-0.11431142244685179,0.01355236182130551,1.3207865696035404,0.0031920368539482486,0.020886339697657918,0.10246594915739651,0.24249417439999998,0.04783503301974401,True,True,False,False,True,0.04997621087120674,0.05103382697148107,0.0,"{""0.1234"": 4}"
c3_w2_tcop_cm0_states_L0.4_kp0_1042_ucp0_1234_s1024,cm0,stageC,0.05,0.1042,0.25,0.12339551870278656,1024,0,0,0,False,PRE_PRIMARY_PHASE_IMBALANCE,0.41142400000000007,-0.0009239175517589049,-0.5481809623118963,0.010002146381238784,1.0322958716789226,0.04089971093414947,0.07867634009031109,0.8312592341932913,0.2411065184,0.04778841098006922,False,True,False,False,True,0.04997621087120674,0.05103382697148107,0.0,"{""0.1234"": 4}"
c3_w2_tcop_cm0_states_L0.4_kp0_1042_ucp0_1234_s1024,cm0,stageC,0.05,0.1042,0.25,0.12339551870278656,1024,25,1,1,False,PRE_PRIMARY_PHASE_IMBALANCE,0.414692,0.0001100762736825162,0.5079708301079473,0.0016386098044586244,0.17562565701864796,0.007988027859562038,0.019576213829432348,0.09163427292633028,0.2426566416,0.04799859514610818,True,True,False,False,True,0.04997621087120674,0.05103382697148107,0.0,"{""0.1234"": 4}"
c3_w2_tcop_cm0_states_L0.4_kp0_1042_ucp0_1234_s1024,cm0,stageC,0.05,0.1042,0.25,0.12339551870278656,1024,50,2,2,False,PRE_PRIMARY_PHASE_IMBALANCE,0.414976,-4.770654032869037e-06,0.4022794580212623,-0.003148398469330126,-0.47235589207789763,0.007203450124077818,0.01978359037778643,0.09157156054429284,0.24270351999999995,0.048351622764908314,True,True,False,False,True,0.04997621087120674,0.05103382697148107,0.0,"{""0.1234"": 4}"
c3_w2_tcop_cm0_states_L0.4_kp0_1042_ucp0_1234_s1024,cm0,stageC,0.05,0.1042,0.25,0.12339551870278656,1024,75,3,0,True,,0.416428,-0.0009336524228126864,-0.4664716609810784,-0.005738766598885642,-0.5667804742035198,0.009306933149186802,0.02216364424971567,0.11046327309771847,0.242930536,0.0477945688964761,True,True,False,False,True,0.04997621087120674,0.05103382697148107,0.0,"{""0.1234"": 4}"
c3_w2_tcop_cm0_states_L0.4_kp0_1042_ucp0_1234_s1024,cm0,stageC,0.05,0.1042,0.25,0.12339551870278656,1024,100,4,1,True,,0.415596,-0.0008242931884540697,-0.39570271287309833,-0.006649834103552942,-0.6635983217755219,0.014031374518240021,0.023105970100847584,0.11068441440561402,0.24278375200000002,0.04834960996740305,True,True,False,False,True,0.04997621087120674,0.05103382697148107,0.0,"{""0.1234"": 4}"
c3_w2_tcop_cm0_states_L0.4_kp0_1042_ucp0_1234_s1024,cm0,stageC,0.05,0.1042,0.25,0.12339551870278656,1024,125,5,2,True,,0.41442,-0.0013338925293876816,-0.9644795139345662,0.008660891830554473,0.8540682424880257,0.01959309868636809,0.02525974161785695,0.12644177374054877,0.24256648160000002,0.04846548875230704,True,True,False,False,True,0.04997621087120674,0.05103382697148107,0.0,"{""0.1234"": 4}"
c3_w2_tcop_cm0_states_L0.4_kp0_1042_ucp0_1234_s1024,cm0,stageC,0.05,0.1042,0.25,0.12339551870278656,1024,150,6,0,True,,0.4145399999999999,-0.0018659868685558573,-1.2622003491958347,0.02300173294950347,2.4504634247804598,0.011923612364318954,0.02589214849483189,0.12640517169294843,0.242581384,0.04820444377855635,True,True,False,False,False,0.04997621087120674,0.05103382697148107,0.0,"{""0.1234"": 4}"
c3_w2_tcop_cm0_states_L0.4_kp0_1042_ucp0_1234_s1024,cm0,stageC,0.05,0.1042,0.25,0.12339551870278656,1024,175,7,1,True,,0.413316,-0.0009826700616752265,-0.5490158983201406,0.008533430899391365,0.8586327581030018,0.009303836612060901,0.023800483632758707,0.12387616224903912,0.24238911519999995,0.048125711880449104,True,True,False,False,True,0.04997621087120674,0.05103382697148107,0.0,"{""0.1234"": 4}"
c3_w2_tcop_cm0_states_L0.4_kp0_1042_ucp0_1234_s1024,cm0,stageC,0.05,0.1042,0.25,0.12339551870278656,1024,200,8,2,True,,0.41377200000000003,-0.0009459671032525506,-0.5562353258328515,0.009899143689129048,0.9165835565023375,0.0004994554140136769,0.022557962358636333,0.12373964375612746,0.2424776112,0.049035212001173195,True,True,False,False,True,0.04997621087120674,0.05103382697148107,0.0,"{""0.1234"": 4}"
c3_w2_tcop_cm0_states_L0.4_kp0_1042_ucp0_1234_s1024,cm0,stageC,0.05,0.1042,0.25,0.12339551870278656,1024,225,9,0,True,,0.414016,-0.0007924862726256819,-0.43584384733167303,0.0018808478656896796,0.3245543348239951,0.009186650595261206,0.02074265338034333,0.10917452439235545,0.24253300159999994,0.048814257589356,True,True,False,False,True,0.04997621087120674,0.05103382697148107,0.0,"{""0.1234"": 4}"
c3_w2_tcop_cm0_states_L0.4_kp0_1042_ucp0_1234_s1024,cm0,stageC,0.05,0.1042,0.25,0.12339551870278656,1024,250,10,1,True,,0.41423599999999994,-0.00031227861598043775,0.10301913026427686,-0.005116051665621932,-0.6270730999703992,0.0038225512510056485,0.020621680172528595,0.11297907445760601,0.2425715664,0.04898016235171133,True,True,False,False,True,0.04997621087120674,0.05103382697148107,0.0,"{""0.1234"": 4}"
c3_w2_tcop_cm0_states_L0.4_kp0_1042_ucp0_1234_s1024,cm0,stageC,0.05,0.1042,0.25,0.12339551870278656,1024,275,11,2,True,,0.41489599999999993,-0.0008098313748926893,-0.366601135746391,-0.005354428891638991,-0.5904042473897513,0.011425692308383572,0.021412123927356926,0.11279935185492414,0.24267838720000004,0.048875650215623734,True,True,False,False,True,0.04997621087120674,0.05103382697148107,0.0,"{""0.1234"": 4}"
c3_w2_tcop_cm0_states_L0.4_kp0_1042_ucp0_1234_s1024,cm0,stageC,0.05,0.1042,0.25,0.12339551870278656,1024,300,12,0,False,EXITS_PRIMARY_BLOCK_SET,0.415276,-0.0008439939894823312,-0.44165888099269573,0.007619383749593222,0.9013733341276317,0.004840638551857389,0.023025748570429338,0.11269613434752747,0.2427304112,0.04891915600253136,True,True,False,False,True,0.04997621087120674,0.05103382697148107,0.0,"{""0.1234"": 4}"
c3_w2_tcop_cm0_states_L0.4_kp0_1042_ucp0_1234_s31415,cm0,stageC,0.05,0.1042,0.25,0.12339551870278656,31415,0,0,0,False,PRE_PRIMARY_PHASE_IMBALANCE,0.409992,-0.001649973277619015,-1.1416004109631033,0.015418866749914203,1.450718838569484,0.05677322386776402,0.08039725624613749,0.8341626157725939,0.24081205120000004,0.04737087645378751,False,True,False,False,True,0.04997621087120674,0.05103382697148107,0.0,"{""0.1234"": 4}"
c3_w2_tcop_cm0_states_L0.4_kp0_1042_ucp0_1234_s31415,cm0,stageC,0.05,0.1042,0.25,0.12339551870278656,31415,25,1,1,False,PRE_PRIMARY_PHASE_IMBALANCE,0.4141159999999999,-0.0005438299764005694,-0.2152355294208449,0.008211980525783345,0.8650593649903688,0.001602609812308341,0.024005723115620586,0.13522781023860994,0.24252511199999996,0.04785789949423188,True,True,False,False,True,0.04997621087120674,0.05103382697148107,0.0,"{""0.1234"": 4}"
c3_w2_tcop_cm0_states_L0.4_kp0_1042_ucp0_1234_s31415,cm0,stageC,0.05,0.1042,0.25,0.12339551870278656,31415,50,2,2,False,PRE_PRIMARY_PHASE_IMBALANCE,0.41411200000000004,-0.00010526724665383143,0.3244112693362354,-0.00241494027702943,-0.22625040382498787,0.007676372286029957,0.02435161857722476,0.12846766061242454,0.24252155839999998,0.04797636351371371,True,True,False,False,True,0.04997621087120674,0.05103382697148107,0.0,"{""0.1234"": 4}"
c3_w2_tcop_cm0_states_L0.4_kp0_1042_ucp0_1234_s31415,cm0,stageC,0.05,0.1042,0.25,0.12339551870278656,31415,75,3,0,True,,0.41383600000000004,-1.2137812163884489e-05,0.36198568385697794,-0.005372767668649681,-0.46527531981983816,0.003574526921819883,0.023939685503587663,0.12275394087814029,0.2424776144,0.048340098303582296,True,True,False,False,True,0.04997621087120674,0.05103382697148107,0.0,"{""0.1234"": 4}"
c3_w2_tcop_cm0_states_L0.4_kp0_1042_ucp0_1234_s31415,cm0,stageC,0.05,0.1042,0.25,0.12339551870278656,31415,100,4,1,True,,0.41394400000000003,-0.0002548721927483553,0.160254453182339,0.0020690329873135197,0.20983144291177766,0.00425375431786438,0.025287549317613442,0.12272191377886403,0.2424847936,0.04722758583709313,True,True,False,False,True,0.04997621087120674,0.05103382697148107,0.0,"{""0.1234"": 4}"
c3_w2_tcop_cm0_states_L0.4_kp0_1042_ucp0_1234_s31415,cm0,stageC,0.05,0.1042,0.25,0.12339551870278656,31415,125,5,2,True,,0.4139760000000001,0.0003919700453170908,0.8729202686301248,0.009212907383106912,0.99050949841794,0.00283754967657305,0.02501229077051713,0.1198137087178636,0.242492656,0.04737965200378745,True,True,False,False,True,0.04997621087120674,0.05103382697148107,0.0,"{""0.1234"": 4}"
c3_w2_tcop_cm0_states_L0.4_kp0_1042_ucp0_1234_s31415,cm0,stageC,0.05,0.1042,0.25,0.12339551870278656,31415,150,6,0,True,,0.41391600000000006,-0.00043729861359245525,-0.027850551152590636,0.0023953503477683606,0.17639341111985807,0.008137537127207295,0.023882404837285418,0.1121000393507377,0.24249182560000002,0.04688267210814674,True,True,False,False,True,0.04997621087120674,0.05103382697148107,0.0,"{""0.1234"": 4}"
c3_w2_tcop_cm0_states_L0.4_kp0_1042_ucp0_1234_s31415,cm0,stageC,0.05,0.1042,0.25,0.12339551870278656,31415,175,7,1,True,,0.4142280000000001,-0.0007581090469340828,-0.2988919226695394,0.00598565188027935,0.6351866675891922,0.0027981592378893425,0.024822793767625938,0.1361568987703465,0.24253743839999997,0.04879922146919969,True,True,False,False,True,0.04997621087120674,0.05103382697148107,0.0,"{""0.1234"": 4}"
c3_w2_tcop_cm0_states_L0.4_kp0_1042_ucp0_1234_s31415,cm0,stageC,0.05,0.1042,0.25,0.12339551870278656,31415,200,8,2,True,,0.4138360000000001,0.0009199939385528837,1.2220691889201398,-0.0008139989369509642,-0.0701860196663136,0.0017301336699317748,0.023686635633034196,0.1362858713686439,0.2424796784,0.04824816166446137,True,True,False,False,True,0.04997621087120674,0.05103382697148107,0.0,"{""0.1234"": 4}"
c3_w2_tcop_cm0_states_L0.4_kp0_1042_ucp0_1234_s31415,cm0,stageC,0.05,0.1042,0.25,0.12339551870278656,31415,225,9,0,True,,0.413904,-0.0006467143232070482,-0.21049265253336197,-0.0008083312770791313,-0.029891063279334405,0.0015425408907428191,0.023514555415205963,0.14206192706023157,0.24249275200000003,0.047726290281143786,True,True,False,False,True,0.04997621087120674,0.05103382697148107,0.0,"{""0.1234"": 4}"
c3_w2_tcop_cm0_states_L0.4_kp0_1042_ucp0_1234_s31415,cm0,stageC,0.05,0.1042,0.25,0.12339551870278656,31415,250,10,1,True,,0.41466000000000003,-0.0013142807812647065,-0.8539629868434894,0.009182696395886243,1.010945914031202,0.0003096822480457286,0.024255949303819503,0.14180292253459964,0.24261592160000003,0.048448781202420355,True,True,False,False,True,0.04997621087120674,0.05103382697148107,0.0,"{""0.1234"": 4}"
c3_w2_tcop_cm0_states_L0.4_kp0_1042_ucp0_1234_s31415,cm0,stageC,0.05,0.1042,0.25,0.12339551870278656,31415,275,11,2,True,,0.413696,-0.001093814182995945,-0.7181519688773917,-0.000474411390773659,-0.005037774231210185,7.426485204839861e-05,0.022757199282536878,0.12376237593846119,0.24246298559999999,0.048161598644563285,True,True,False,False,True,0.04997621087120674,0.05103382697148107,0.0,"{""0.1234"": 4}"
c3_w2_tcop_cm0_states_L0.4_kp0_1042_ucp0_1234_s31415,cm0,stageC,0.05,0.1042,0.25,0.12339551870278656,31415,300,12,0,False,EXITS_PRIMARY_BLOCK_SET,0.415224,-0.002515502453541283,-2.1013607504060667,0.001623987376753093,0.2693175672108383,0.008650076015035174,0.023098293272981255,0.12330693764496534,0.24272104320000001,0.04785968892502332,True,True,False,False,False,0.04997621087120674,0.05103382697148107,0.0,"{""0.1234"": 4}"
c3_w2_tcop_cm0_states_L0.4_kp0_1042_ucp0_2425_s42,cm0,stageC,0.05,0.1042,0.5,0.24248438819907564,42,0,0,0,False,PRE_PRIMARY_PHASE_IMBALANCE,0.42772,-0.0009343646499899889,-0.5763625300541942,-0.004150714782778799,-0.4060985203157093,0.05106430391692674,0.07982836504789034,0.8276442513147754,0.24360977600000003,0.04768565402718096,False,True,False,False,True,0.04997621087120674,0.051709695088832774,0.0,"{""0.2425"": 4}"
c3_w2_tcop_cm0_states_L0.4_kp0_1042_ucp0_2425_s42,cm0,stageC,0.05,0.1042,0.5,0.24248438819907564,42,25,1,1,False,PRE_PRIMARY_PHASE_IMBALANCE,0.4313880000000001,-0.0005573148431723832,-0.08166040272657249,-0.00367618134599337,-0.4118546012835261,0.005111640808133883,0.02145571124370313,0.1140504601100391,0.24520672479999997,0.04695906148977,True,True,False,False,True,0.04997621087120674,0.051709695088832774,0.0,"{""0.2425"": 4}"
c3_w2_tcop_cm0_states_L0.4_kp0_1042_ucp0_2425_s42,cm0,stageC,0.05,0.1042,0.5,0.24248438819907564,42,50,2,2,False,PRE_PRIMARY_PHASE_IMBALANCE,0.432504,0.0002990041531803109,0.6510318465116838,0.0025662317015409525,0.2965909871290857,0.010991610206026419,0.023159474724130637,0.11838040776875962,0.24534395839999995,0.04737647078455718,True,True,False,False,True,0.04997621087120674,0.051709695088832774,0.0,"{""0.2425"": 4}"
c3_w2_tcop_cm0_states_L0.4_kp0_1042_ucp0_2425_s42,cm0,stageC,0.05,0.1042,0.5,0.24248438819907564,42,75,3,0,True,,0.432444,0.000263149531824257,0.712956666433593,-0.007344170526284326,-0.6293001097834302,0.009718206862177859,0.022040782325100015,0.12024678312048082,0.24534533919999998,0.04740365876174538,True,True,False,False,True,0.04997621087120674,0.051709695088832774,0.0,"{""0.2425"": 4}"
c3_w2_tcop_cm0_states_L0.4_kp0_1042_ucp0_2425_s42,cm0,stageC,0.05,0.1042,0.5,0.24248438819907564,42,100,4,1,True,,0.4319399999999999,0.0003595463273019235,0.6317101561299668,-0.005006381862117656,-0.567840689935669,0.005977538981899736,0.024363287697346473,0.12409130869081049,0.24525709279999997,0.047200385591645334,True,True,False,False,True,0.04997621087120674,0.051709695088832774,0.0,"{""0.2425"": 4}"
c3_w2_tcop_cm0_states_L0.4_kp0_1042_ucp0_2425_s42,cm0,stageC,0.05,0.1042,0.5,0.24248438819907564,42,125,5,2,True,,0.43170000000000003,-0.0005398399251079406,-0.20267195628137055,0.0034372125570484935,0.2884271586046982,0.00994734634467337,0.0236234763239033,0.12416029621459272,0.2452311056,0.04766749416531144,True,True,False,False,True,0.04997621087120674,0.051709695088832774,0.0,"{""0.2425"": 4}"
c3_w2_tcop_cm0_states_L0.4_kp0_1042_ucp0_2425_s42,cm0,stageC,0.05,0.1042,0.5,0.24248438819907564,42,150,6,0,True,,0.43119599999999997,-0.0008117037021665108,-0.3830046130305839,0.012161292794671468,1.254677821544014,0.007074427961832613,0.023807072152374594,0.14564142490737053,0.2451606288,0.04721408247546489,True,True,False,False,True,0.04997621087120674,0.051709695088832774,0.0,"{""0.2425"": 4}"
c3_w2_tcop_cm0_states_L0.4_kp0_1042_ucp0_2425_s42,cm0,stageC,0.05,0.1042,0.5,0.24248438819907564,42,175,7,1,True,,0.43149199999999993,-0.0006968427592619658,-0.3731183172888994,0.015612021551270035,1.6065166800182669,0.0005023075136157363,0.023589545321541776,0.12236611542655229,0.245203048,0.04760056655125021,True,True,False,False,True,0.04997621087120674,0.051709695088832774,0.0,"{""0.2425"": 4}"
c3_w2_tcop_cm0_states_L0.4_kp0_1042_ucp0_2425_s42,cm0,stageC,0.05,0.1042,0.5,0.24248438819907564,42,200,8,2,True,,0.430824,-0.0005043006143853239,-0.03562974423344152,0.015417437238677048,1.5995009605976673,0.005250371830188791,0.023108911808556263,0.14576718069149533,0.24511556159999998,0.04731216570819814,True,True,False,False,True,0.04997621087120674,0.051709695088832774,0.0,"{""0.2425"": 4}"
c3_w2_tcop_cm0_states_L0.4_kp0_1042_ucp0_2425_s42,cm0,stageC,0.05,0.1042,0.5,0.24248438819907564,42,225,9,0,True,,0.431708,-0.0003694148777667182,0.02270495561075938,0.01411800075662713,1.5472188081695466,0.002331253161240799,0.02310400421638874,0.14546869609673962,0.2452367184,0.04730499694535451,True,True,False,False,True,0.04997621087120674,0.051709695088832774,0.0,"{""0.2425"": 4}"
c3_w2_tcop_cm0_states_L0.4_kp0_1042_ucp0_2425_s42,cm0,stageC,0.05,0.1042,0.5,0.24248438819907564,42,250,10,1,True,,0.431456,-0.0015603808425323747,-1.268446424548011,-0.003678155028976185,-0.38239639745570214,0.006759186620196506,0.022363721415566442,0.11403248508762766,0.24520861759999998,0.04815682780250377,True,True,False,False,True,0.04997621087120674,0.051709695088832774,0.0,"{""0.2425"": 4}"
c3_w2_tcop_cm0_states_L0.4_kp0_1042_ucp0_2425_s42,cm0,stageC,0.05,0.1042,0.5,0.24248438819907564,42,275,11,2,True,,0.4313839999999998,-0.0015787162513018133,-1.1770412510447883,-0.009689019776721902,-0.9178841050311419,0.0007411308033123255,0.022815738213155266,0.11961500630617962,0.2451949728,0.046505962456442076,True,True,False,False,True,0.04997621087120674,0.051709695088832774,0.0,"{""0.2425"": 4}"
c3_w2_tcop_cm0_states_L0.4_kp0_1042_ucp0_2425_s42,cm0,stageC,0.05,0.1042,0.5,0.24248438819907564,42,300,12,0,False,EXITS_PRIMARY_BLOCK_SET,0.4323199999999999,-0.0025000062367584058,-2.2648517795613374,0.00191316402049178,0.17151069179541562,0.006490286319320271,0.02167947424059415,0.11935603229238516,0.2453315744,0.04599627811029932,True,True,False,False,False,0.04997621087120674,0.051709695088832774,0.0,"{""0.2425"": 4}"
c3_w2_tcop_cm0_states_L0.4_kp0_1042_ucp0_2425_s137,cm0,stageC,0.05,0.1042,0.5,0.24248438819907564,137,0,0,0,False,PRE_PRIMARY_PHASE_IMBALANCE,0.4291080000000001,-0.000786499296333425,-0.3689874010687646,-0.00336964785040541,-0.4385220610282007,0.03772798200025558,0.08014373396534516,0.824967139216777,0.2437916304,0.046082147693005795,False,True,False,False,True,0.04997621087120674,0.051709695088832774,0.0,"{""0.2425"": 4}"
c3_w2_tcop_cm0_states_L0.4_kp0_1042_ucp0_2425_s137,cm0,stageC,0.05,0.1042,0.5,0.24248438819907564,137,25,1,1,False,PRE_PRIMARY_PHASE_IMBALANCE,0.4313879999999999,-0.00037419229457776016,0.1284814098440759,-0.002803696143040331,-0.20129402762102944,0.002389735198751185,0.02297925325199934,0.10292358595296211,0.2451941264,0.046669405995791294,True,True,False,False,True,0.04997621087120674,0.051709695088832774,0.0,"{""0.2425"": 4}"
c3_w2_tcop_cm0_states_L0.4_kp0_1042_ucp0_2425_s137,cm0,stageC,0.05,0.1042,0.5,0.24248438819907564,137,50,2,2,False,PRE_PRIMARY_PHASE_IMBALANCE,0.43146,0.0007720785704588562,1.15743238982083,-0.008182200970863914,-0.6988139623735732,0.001801876748650104,0.023095531493090814,0.10290641055275943,0.24520297119999998,0.0473589315757862,True,True,False,False,True,0.04997621087120674,0.051709695088832774,0.0,"{""0.2425"": 4}"
c3_w2_tcop_cm0_states_L0.4_kp0_1042_ucp0_2425_s137,cm0,stageC,0.05,0.1042,0.5,0.24248438819907564,137,75,3,0,True,,0.4314279999999999,0.0006348500786949199,0.9598756986888844,-0.002027598186130247,-0.03897606107771312,0.006300638393618788,0.02381187889239737,0.10662265753121584,0.24519234399999995,0.04652656032848334,True,True,False,False,True,0.04997621087120674,0.051709695088832774,0.0,"{""0.2425"": 4}"
c3_w2_tcop_cm0_states_L0.4_kp0_1042_ucp0_2425_s137,cm0,stageC,0.05,0.1042,0.5,0.24248438819907564,137,100,4,1,True,,0.4312279999999999,0.0007722941612449307,1.2041924291552395,0.0028737875308783595,0.41589048620844854,0.001531222529779804,0.022754460159541634,0.10667210824280414,0.24517412959999996,0.04660527884263756,True,True,False,False,True,0.04997621087120674,0.051709695088832774,0.0,"{""0.2425"": 4}"
c3_w2_tcop_cm0_states_L0.4_kp0_1042_ucp0_2425_s137,cm0,stageC,0.05,0.1042,0.5,0.24248438819907564,137,125,5,2,True,,0.430964,0.0006570423083109519,1.2235300796440658,0.016783297577386443,1.7107530610388677,0.001095514269464803,0.020808862525553376,0.1067374534607591,0.245153608,0.04650065272660159,True,True,False,False,True,0.04997621087120674,0.051709695088832774,0.0,"{""0.2425"": 4}"
c3_w2_tcop_cm0_states_L0.4_kp0_1042_ucp0_2425_s137,cm0,stageC,0.05,0.1042,0.5,0.24248438819907564,137,150,6,0,True,,0.430784,0.0006627948505773593,1.0402027565383223,0.009999203320248614,1.319024212845628,0.002037048151134949,0.020376703472483826,0.10678205293886957,0.24513209279999998,0.04632175886125224,True,True,False,False,True,0.04997621087120674,0.051709695088832774,0.0,"{""0.2425"": 4}"
c3_w2_tcop_cm0_states_L0.4_kp0_1042_ucp0_2425_s137,cm0,stageC,0.05,0.1042,0.5,0.24248438819907564,137,175,7,1,True,,0.43086800000000003,0.00021094619123430118,0.5814505575812415,0.0025935633854671978,0.2394999683824125,0.00030806017856843307,0.019693045577219986,0.10211944237650647,0.24514876959999998,0.047641227691989634,True,True,False,False,True,0.04997621087120674,0.051709695088832774,0.0,"{""0.2425"": 4}"
c3_w2_tcop_cm0_states_L0.4_kp0_1042_ucp0_2425_s137,cm0,stageC,0.05,0.1042,0.5,0.24248438819907564,137,200,8,2,True,,0.43065999999999993,-0.0001552018606192997,0.23034252672484676,0.014176071783797707,1.4016928261276862,0.0033969866977021077,0.021624801970075703,0.10867041260235359,0.2451052336,0.046501660185417036,True,True,False,False,True,0.04997621087120674,0.051709695088832774,0.0,"{""0.2425"": 4}"
c3_w2_tcop_cm0_states_L0.4_kp0_1042_ucp0_2425_s137,cm0,stageC,0.05,0.1042,0.5,0.24248438819907564,137,225,9,0,True,,0.431492,-0.0004058174845202028,-0.000507323646236668,0.018482715800584724,2.0181339798137032,0.00828890837252298,0.020293333634682734,0.10846087503717133,0.24522997919999998,0.046505633379193966,True,True,False,False,False,0.04997621087120674,0.051709695088832774,0.0,"{""0.2425"": 4}"
c3_w2_tcop_cm0_states_L0.4_kp0_1042_ucp0_2425_s137,cm0,stageC,0.05,0.1042,0.5,0.24248438819907564,137,250,10,1,True,,0.43137600000000004,-0.0012513027310439005,-0.7661379501229788,-0.007216658117995871,-0.8246006336861716,0.002433758447536949,0.02112387707882769,0.10478097969107919,0.24520771199999994,0.04689932434481332,True,True,False,False,True,0.04997621087120674,0.051709695088832774,0.0,"{""0.2425"": 4}"
c3_w2_tcop_cm0_states_L0.4_kp0_1042_ucp0_2425_s137,cm0,stageC,0.05,0.1042,0.5,0.24248438819907564,137,275,11,2,True,,0.43164,-0.00012211931866390759,0.29536420646987765,-0.011648857461019707,-0.9988211615092726,0.0023399615414703427,0.021195878495946723,0.10471689346511691,0.24524320640000002,0.047207101160736405,True,True,False,False,True,0.04997621087120674,0.051709695088832774,0.0,"{""0.2425"": 4}"
c3_w2_tcop_cm0_states_L0.4_kp0_1042_ucp0_2425_s137,cm0,stageC,0.05,0.1042,0.5,0.24248438819907564,137,300,12,0,False,EXITS_PRIMARY_BLOCK_SET,0.43157199999999996,-0.0002778903139811181,0.21298038850517473,0.0026177275710214704,0.21904881208929172,0.006474283330398891,0.02018744723875161,0.09546495116581939,0.24524170399999995,0.0466584270630719,True,True,False,False,True,0.04997621087120674,0.051709695088832774,0.0,"{""0.2425"": 4}"
c3_w2_tcop_cm0_states_L0.4_kp0_1042_ucp0_2425_s256,cm0,stageC,0.05,0.1042,0.5,0.24248438819907564,256,0,0,0,False,PRE_PRIMARY_PHASE_IMBALANCE,0.43000399999999994,-0.0008357616237400264,-0.47086308652663944,0.006579832863940985,0.5698060917817013,0.05210760968725182,0.08068559601747208,0.8241783778193266,0.24389680800000002,0.045413213759873894,False,True,False,False,True,0.04997621087120674,0.051709695088832774,0.0,"{""0.2425"": 4}"
c3_w2_tcop_cm0_states_L0.4_kp0_1042_ucp0_2425_s256,cm0,stageC,0.05,0.1042,0.5,0.24248438819907564,256,25,1,1,False,PRE_PRIMARY_PHASE_IMBALANCE,0.43290799999999996,-0.0008911155991082217,-0.4964421406558106,0.009847454576088625,0.9147398230739896,0.01085216671470138,0.023928454114507537,0.09886627158919155,0.24539135840000004,0.04536235813976165,True,True,False,False,True,0.04997621087120674,0.051709695088832774,0.0,"{""0.2425"": 4}"
c3_w2_tcop_cm0_states_L0.4_kp0_1042_ucp0_2425_s256,cm0,stageC,0.05,0.1042,0.5,0.24248438819907564,256,50,2,2,False,PRE_PRIMARY_PHASE_IMBALANCE,0.43168800000000007,0.00012376317979190748,0.5131274722098931,0.019914321148592477,2.1575665671805697,0.022522961645229822,0.02389522668886678,0.10470524984547812,0.2452270656,0.045369049538203914,True,True,False,False,False,0.04997621087120674,0.051709695088832774,0.0,"{""0.2425"": 4}"
c3_w2_tcop_cm0_states_L0.4_kp0_1042_ucp0_2425_s256,cm0,stageC,0.05,0.1042,0.5,0.24248438819907564,256,75,3,0,True,,0.43071200000000004,-0.0005689055703914762,-0.16440129450933288,0.0017968126140586644,0.17531732581694492,0.016897620182122534,0.024672741831361283,0.12351640975056095,0.2450862432,0.04618715249936934,True,True,False,False,True,0.04997621087120674,0.051709695088832774,0.0,"{""0.2425"": 4}"
c3_w2_tcop_cm0_states_L0.4_kp0_1042_ucp0_2425_s256,cm0,stageC,0.05,0.1042,0.5,0.24248438819907564,256,100,4,1,True,,0.430492,-0.0005304151342873511,-0.2854595296836332,-0.004232258047265011,-0.5680264186827763,0.006657792957832986,0.02482599310768875,0.12357953196905051,0.2450544176,0.047432878217540206,True,True,False,False,True,0.04997621087120674,0.051709695088832774,0.0,"{""0.2425"": 4}"
c3_w2_tcop_cm0_states_L0.4_kp0_1042_ucp0_2425_s256,cm0,stageC,0.05,0.1042,0.5,0.24248438819907564,256,125,5,2,True,,0.43098800000000004,-0.0002614576468930745,0.02160205249344106,-0.006020354149748405,-0.5763446859520373,0.012553437742003083,0.02364468801931488,0.12436541127742434,0.24513349599999995,0.04753970820272249,True,True,False,False,True,0.04997621087120674,0.051709695088832774,0.0,"{""0.2425"": 4}"
c3_w2_tcop_cm0_states_L0.4_kp0_1042_ucp0_2425_s256,cm0,stageC,0.05,0.1042,0.5,0.24248438819907564,256,150,6,0,True,,0.4322599999999999,-0.0007080266014050068,-0.2991815598344899,0.0020334914157374043,0.25035941985140714,0.007650050139772378,0.02357217438157536,0.12399944449174234,0.24530747039999995,0.04772894719140577,True,True,False,False,True,0.04997621087120674,0.051709695088832774,0.0,"{""0.2425"": 4}"
c3_w2_tcop_cm0_states_L0.4_kp0_1042_ucp0_2425_s256,cm0,stageC,0.05,0.1042,0.5,0.24248438819907564,256,175,7,1,True,,0.43266400000000005,-0.0004999754439951481,-0.16272973668791135,0.0027515399393095302,0.38597273790405634,0.007205202503488259,0.022850881848148496,0.11371410583336226,0.24536811520000001,0.0474040410091798,True,True,False,False,True,0.04997621087120674,0.051709695088832774,0.0,"{""0.2425"": 4}"
c3_w2_tcop_cm0_states_L0.4_kp0_1042_ucp0_2425_s256,cm0,stageC,0.05,0.1042,0.5,0.24248438819907564,256,200,8,2,True,,0.43210400000000004,-0.0004921200867238164,-0.0757105813397499,0.0027423317876385037,0.27074782376891193,0.0055892134915713895,0.02145979382548815,0.11386147752887842,0.24530414720000004,0.04686547966254053,True,True,False,False,True,0.04997621087120674,0.051709695088832774,0.0,"{""0.2425"": 4}"
c3_w2_tcop_cm0_states_L0.4_kp0_1042_ucp0_2425_s256,cm0,stageC,0.05,0.1042,0.5,0.24248438819907564,256,225,9,0,True,,0.4316120000000001,-0.0022443218805285594,-1.7255922162606638,0.0072581961997934645,0.752127733437918,0.011563207395404052,0.02131078823910936,0.1121377530927366,0.2452384784,0.04645171101262041,True,True,False,False,True,0.04997621087120674,0.051709695088832774,0.0,"{""0.2425"": 4}"
c3_w2_tcop_cm0_states_L0.4_kp0_1042_ucp0_2425_s256,cm0,stageC,0.05,0.1042,0.5,0.24248438819907564,256,250,10,1,True,,0.43067999999999995,-0.0003321366929859511,0.00746802855096984,-0.003560643792691815,-0.21801892892987956,0.009698378564295548,0.020660976767023515,0.11145165758462973,0.2451155584,0.04684119554409345,True,True,False,False,True,0.04997621087120674,0.051709695088832774,0.0,"{""0.2425"": 4}"
c3_w2_tcop_cm0_states_L0.4_kp0_1042_ucp0_2425_s256,cm0,stageC,0.05,0.1042,0.5,0.24248438819907564,256,275,11,2,True,,0.430572,-0.0007642415624783861,-0.33761717381961504,0.010958450076112285,1.0451760338061438,0.00293945393968249,0.020083636177861734,0.10497663548726666,0.2451049744,0.0474690722049631,True,True,False,False,True,0.04997621087120674,0.051709695088832774,0.0,"{""0.2425"": 4}"
c3_w2_tcop_cm0_states_L0.4_kp0_1042_ucp0_2425_s256,cm0,stageC,0.05,0.1042,0.5,0.24248438819907564,256,300,12,0,False,EXITS_PRIMARY_BLOCK_SET,0.430376,-0.00046054741530839424,-0.06144583897722975,0.014266004728452181,1.3423719902114317,0.003341784437422952,0.019899493323205248,0.0957302449585241,0.245079152,0.04705590955448635,True,True,False,False,True,0.04997621087120674,0.051709695088832774,0.0,"{""0.2425"": 4}"
c3_w2_tcop_cm0_states_L0.4_kp0_1042_ucp0_2425_s1024,cm0,stageC,0.05,0.1042,0.5,0.24248438819907564,1024,0,0,0,False,PRE_PRIMARY_PHASE_IMBALANCE,0.42817199999999994,-0.001215282166281831,-0.8589386258885955,0.009709718480451525,1.0768189815171478,0.034779969605994436,0.07939703694999715,0.8510598524633561,0.2436850384,0.04650396129363605,False,True,False,False,True,0.04997621087120674,0.051709695088832774,0.0,"{""0.2425"": 4}"
c3_w2_tcop_cm0_states_L0.4_kp0_1042_ucp0_2425_s1024,cm0,stageC,0.05,0.1042,0.5,0.24248438819907564,1024,25,1,1,False,PRE_PRIMARY_PHASE_IMBALANCE,0.431216,-0.0003963226000555603,-0.0016396906328768916,0.003928995177501645,0.4057703821657932,0.0061829491773931705,0.01834365750785032,0.07977440521739819,0.245206192,0.04670718728418572,True,True,False,False,True,0.04997621087120674,0.051709695088832774,0.0,"{""0.2425"": 4}"
c3_w2_tcop_cm0_states_L0.4_kp0_1042_ucp0_2425_s1024,cm0,stageC,0.05,0.1042,0.5,0.24248438819907564,1024,50,2,2,False,PRE_PRIMARY_PHASE_IMBALANCE,0.43166399999999994,-0.0005146583694934421,-0.10983917142296884,-0.0021449521802954998,-0.3699955113726243,0.009864213352784113,0.018986860947237328,0.08061825845885166,0.2452630176,0.047152,True,True,False,False,True,0.04997621087120674,0.051709695088832774,0.0,"{""0.2425"": 4}"
c3_w2_tcop_cm0_states_L0.4_kp0_1042_ucp0_2425_s1024,cm0,stageC,0.05,0.1042,0.5,0.24248438819907564,1024,75,3,0,True,,0.43303600000000003,-0.001215422638972546,-0.7489082048460867,-0.008453615382425329,-0.8459170208685848,0.011391046614914264,0.021656277372438967,0.10622673379066232,0.24542787680000003,0.046472601648713405,True,True,False,False,True,0.04997621087120674,0.051709695088832774,0.0,"{""0.2425"": 4}"
c3_w2_tcop_cm0_states_L0.4_kp0_1042_ucp0_2425_s1024,cm0,stageC,0.05,0.1042,0.5,0.24248438819907564,1024,100,4,1,True,,0.43256400000000006,-0.0012447410382311803,-0.8579405018142144,-0.0050972817846478115,-0.5223643608823746,0.01275628988640563,0.022478118745250256,0.10634264500434001,0.24535784479999997,0.04702962793814129,True,True,False,False,True,0.04997621087120674,0.051709695088832774,0.0,"{""0.2425"": 4}"
c3_w2_tcop_cm0_states_L0.4_kp0_1042_ucp0_2425_s1024,cm0,stageC,0.05,0.1042,0.5,0.24248438819907564,1024,125,5,2,True,,0.43123200000000006,-0.0015244387950365547,-1.1357769331829355,0.012013101218537013,1.1415802848141765,0.022894097014675062,0.025443527865671466,0.1215123179135307,0.24515057599999998,0.04713726950089494,True,True,False,False,True,0.04997621087120674,0.051709695088832774,0.0,"{""0.2425"": 4}"
c3_w2_tcop_cm0_states_L0.4_kp0_1042_ucp0_2425_s1024,cm0,stageC,0.05,0.1042,0.5,0.24248438819907564,1024,150,6,0,True,,0.43094000000000016,-0.0020787719131235556,-1.4576048209026233,0.018644799761962053,1.999267283894919,0.014350532342069858,0.02556366529431286,0.12159465326589625,0.2451093552,0.04703994472785868,True,True,False,False,True,0.04997621087120674,0.051709695088832774,0.0,"{""0.2425"": 4}"
c3_w2_tcop_cm0_states_L0.4_kp0_1042_ucp0_2425_s1024,cm0,stageC,0.05,0.1042,0.5,0.24248438819907564,1024,175,7,1,True,,0.429636,-0.001539110276023689,-1.0542837164124157,0.004799359927568148,0.5326836338424361,0.006216301865977343,0.023549889643539677,0.12196370853009592,0.24494653599999996,0.047233753863100914,True,True,False,False,True,0.04997621087120674,0.051709695088832774,0.0,"{""0.2425"": 4}"
c3_w2_tcop_cm0_states_L0.4_kp0_1042_ucp0_2425_s1024,cm0,stageC,0.05,0.1042,0.5,0.24248438819907564,1024,200,8,2,True,,0.43029999999999996,-0.0013227083110569208,-0.9122089238912402,0.011680570015331024,1.0323081430182133,0.005528417109598933,0.02255668687555619,0.12177550517830467,0.2450477008,0.04771194818910668,True,True,False,False,True,0.04997621087120674,0.051709695088832774,0.0,"{""0.2425"": 4}"
c3_w2_tcop_cm0_states_L0.4_kp0_1042_ucp0_2425_s1024,cm0,stageC,0.05,0.1042,0.5,0.24248438819907564,1024,225,9,0,True,,0.43089999999999995,-0.0012253620412629996,-0.906878253847182,0.004176334106728538,0.5168632794919833,0.003184537522713927,0.021187943774915906,0.11325133415351284,0.2451418352,0.04756837184516619,True,True,False,False,True,0.04997621087120674,0.051709695088832774,0.0,"{""0.2425"": 4}"
c3_w2_tcop_cm0_states_L0.4_kp0_1042_ucp0_2425_s1024,cm0,stageC,0.05,0.1042,0.5,0.24248438819907564,1024,250,10,1,True,,0.43166000000000004,-0.0006971681745741262,-0.2568915121391652,0.0002457964985880926,-0.10783343760565914,0.008103298380380906,0.02164503785608003,0.11583190447150102,0.2452423472,0.04749236149108613,True,True,False,False,True,0.04997621087120674,0.051709695088832774,0.0,"{""0.2425"": 4}"
c3_w2_tcop_cm0_states_L0.4_kp0_1042_ucp0_2425_s1024,cm0,stageC,0.05,0.1042,0.5,0.24248438819907564,1024,275,11,2,True,,0.432628,-0.0009427965773628344,-0.48994383942250536,0.002922306602619824,0.25215201231985457,0.009981489448675133,0.022193529669610326,0.1155727319647071,0.24536882399999996,0.04728396785380855,True,True,False,False,True,0.04997621087120674,0.051709695088832774,0.0,"{""0.2425"": 4}"
c3_w2_tcop_cm0_states_L0.4_kp0_1042_ucp0_2425_s1024,cm0,stageC,0.05,0.1042,0.5,0.24248438819907564,1024,300,12,0,False,EXITS_PRIMARY_BLOCK_SET,0.432892,-0.0007571547864556353,-0.32091615764155024,0.010247857576416091,1.1539162761322048,0.004492839985392001,0.023711769186222864,0.11550224971701438,0.24539115360000008,0.047463631719454426,True,True,False,False,True,0.04997621087120674,0.051709695088832774,0.0,"{""0.2425"": 4}"
c3_w2_tcop_cm0_states_L0.4_kp0_1042_ucp0_2425_s31415,cm0,stageC,0.05,0.1042,0.5,0.24248438819907564,31415,0,0,0,False,PRE_PRIMARY_PHASE_IMBALANCE,0.42635999999999996,-0.0018826371686266699,-1.3407547681235001,0.013526807034065929,1.2849289833568522,0.05150529113446927,0.0808289847274393,0.8349751364223306,0.24338950399999998,0.0464141185416679,False,True,False,False,True,0.04997621087120674,0.051709695088832774,0.0,"{""0.2425"": 4}"
c3_w2_tcop_cm0_states_L0.4_kp0_1042_ucp0_2425_s31415,cm0,stageC,0.05,0.1042,0.5,0.24248438819907564,31415,25,1,1,False,PRE_PRIMARY_PHASE_IMBALANCE,0.430508,-0.0005589027475015342,-0.24442685820601934,0.0041755202044636485,0.4117929854727999,0.006318563215743718,0.02273471923525613,0.12543320884760975,0.24507506720000002,0.046944455860090654,True,True,False,False,True,0.04997621087120674,0.051709695088832774,0.0,"{""0.2425"": 4}"
c3_w2_tcop_cm0_states_L0.4_kp0_1042_ucp0_2425_s31415,cm0,stageC,0.05,0.1042,0.5,0.24248438819907564,31415,50,2,2,False,PRE_PRIMARY_PHASE_IMBALANCE,0.43056400000000006,-0.0004398967467255877,-0.037887051634317534,-0.0089761509280796,-0.8666886264352509,0.005292007342679711,0.022805769493259024,0.10683661405311025,0.2450822224,0.04710628306287814,True,True,False,False,True,0.04997621087120674,0.051709695088832774,0.0,"{""0.2425"": 4}"
c3_w2_tcop_cm0_states_L0.4_kp0_1042_ucp0_2425_s31415,cm0,stageC,0.05,0.1042,0.5,0.24248438819907564,31415,75,3,0,True,,0.43060399999999993,-9.143467927888591e-05,0.25629166333962655,-0.007990813039581225,-0.7831371226147439,0.004260302844574077,0.022618768548117615,0.10682668970370293,0.2450893328,0.047428210845445136,True,True,False,False,True,0.04997621087120674,0.051709695088832774,0.0,"{""0.2425"": 4}"
c3_w2_tcop_cm0_states_L0.4_kp0_1042_ucp0_2425_s31415,cm0,stageC,0.05,0.1042,0.5,0.24248438819907564,31415,100,4,1,True,,0.430932,-7.876689098668023e-05,0.38652975340267026,-0.0015180140434633913,-0.13894655731272107,0.0036711086578596437,0.02401780859796036,0.10767360022538683,0.24512248800000003,0.046473770839044255,True,True,False,False,True,0.04997621087120674,0.051709695088832774,0.0,"{""0.2425"": 4}"
c3_w2_tcop_cm0_states_L0.4_kp0_1042_ucp0_2425_s31415,cm0,stageC,0.05,0.1042,0.5,0.24248438819907564,31415,125,5,2,True,,0.430796,0.0005174663236496005,1.0501463303500256,0.009048497886932292,0.9470089620721849,0.0055889116019827555,0.0240036494368196,0.10492205102897406,0.2451038768,0.04658461531450056,True,True,False,False,True,0.04997621087120674,0.051709695088832774,0.0,"{""0.2425"": 4}"
c3_w2_tcop_cm0_states_L0.4_kp0_1042_ucp0_2425_s31415,cm0,stageC,0.05,0.1042,0.5,0.24248438819907564,31415,150,6,0,True,,0.43083200000000005,2.673372884977234e-05,0.5337028688583829,-4.833862513540227e-05,-0.06736734512545632,0.008313305779290396,0.023180683656788915,0.1076985922408303,0.245116048,0.045986386855242284,True,True,False,False,True,0.04997621087120674,0.051709695088832774,0.0,"{""0.2425"": 4}"
c3_w2_tcop_cm0_states_L0.4_kp0_1042_ucp0_2425_s31415,cm0,stageC,0.05,0.1042,0.5,0.24248438819907564,31415,175,7,1,True,,0.43080400000000013,-0.0006899284126263278,-0.2688670624826808,0.0025222044490243044,0.30254938183879815,0.0005476819941594251,0.0239615045885897,0.114205067468721,0.2451053552,0.0475953105253028,True,True,False,False,True,0.04997621087120674,0.051709695088832774,0.0,"{""0.2425"": 4}"
c3_w2_tcop_cm0_states_L0.4_kp0_1042_ucp0_2425_s31415,cm0,stageC,0.05,0.1042,0.5,0.24248438819907564,31415,200,8,2,True,,0.43027600000000005,0.0006356157001657136,0.9622808514096396,-0.009623254391860925,-0.9775978940436251,0.0027707778661865364,0.023112510566198157,0.12085266173141733,0.24503966559999996,0.04687647409948833,True,True,False,False,True,0.04997621087120674,0.051709695088832774,0.0,"{""0.2425"": 4}"
c3_w2_tcop_cm0_states_L0.4_kp0_1042_ucp0_2425_s31415,cm0,stageC,0.05,0.1042,0.5,0.24248438819907564,31415,225,9,0,True,,0.4303119999999999,-0.0009514966307952331,-0.5219252398728486,-0.005777681559237412,-0.4951589991202168,0.0027175559523701805,0.022736230705166696,0.12827901585761253,0.2450478624,0.04661998129557754,True,True,False,False,True,0.04997621087120674,0.051709695088832774,0.0,"{""0.2425"": 4}"
c3_w2_tcop_cm0_states_L0.4_kp0_1042_ucp0_2425_s31415,cm0,stageC,0.05,0.1042,0.5,0.24248438819907564,31415,250,10,1,True,,0.431084,-0.0018671080015641788,-1.301336396060308,0.006447831204901593,0.7471625100175487,0.001820152132823612,0.023421652474640092,0.13268875640782588,0.24514864160000002,0.047429789626351915,True,True,False,False,True,0.04997621087120674,0.051709695088832774,0.0,"{""0.2425"": 4}"
c3_w2_tcop_cm0_states_L0.4_kp0_1042_ucp0_2425_s31415,cm0,stageC,0.05,0.1042,0.5,0.24248438819907564,31415,275,11,2,True,,0.430616,-0.0017154500149055877,-1.2150141056698625,0.00490198382305115,0.49501132381621993,0.0022262430178171177,0.0223332501075097,0.1328329645604599,0.24509337280000001,0.047112849032933675,True,True,False,False,True,0.04997621087120674,0.051709695088832774,0.0,"{""0.2425"": 4}"
c3_w2_tcop_cm0_states_L0.4_kp0_1042_ucp0_2425_s31415,cm0,stageC,0.05,0.1042,0.5,0.24248438819907564,31415,300,12,0,False,EXITS_PRIMARY_BLOCK_SET,0.432284,-0.003061928245243442,-2.5360836924022614,0.006515904320825073,0.7443905670174908,0.009868388801785493,0.022781347823251353,0.1323204186777201,0.24531756000000002,0.04685235686707767,True,True,False,False,False,0.04997621087120674,0.051709695088832774,0.0,"{""0.2425"": 4}"
c3_w2_tcop_cm0_states_L0.4_km0_1042_ucp0_0498_s42,cm0,stageC,-0.05,-0.1042,0.1,0.04977134874876729,42,0,0,0,False,PRE_PRIMARY_PHASE_IMBALANCE,0.406132,-0.0008829552155097353,-0.5182396441070908,-0.019514613025828506,-1.7478832085698006,0.045077341086139935,0.07909010817893375,0.8194380132089123,0.24015703840000005,0.04976623931944225,False,True,False,False,True,-0.04997621087120674,-0.050444840840891125,0.0,"{""0.0498"": 4}"
c3_w2_tcop_cm0_states_L0.4_km0_1042_ucp0_0498_s42,cm0,stageC,-0.05,-0.1042,0.1,0.04977134874876729,42,25,1,1,False,PRE_PRIMARY_PHASE_IMBALANCE,0.409432,-0.00034188879114604943,0.09671277443162708,-0.014887180033762925,-1.4923274538795763,0.00327471735021412,0.022973048280172367,0.12212040064743264,0.24170896639999997,0.04914954095411268,True,True,False,False,True,-0.04997621087120674,-0.050444840840891125,0.0,"{""0.0498"": 4}"
c3_w2_tcop_cm0_states_L0.4_km0_1042_ucp0_0498_s42,cm0,stageC,-0.05,-0.1042,0.1,0.04977134874876729,42,50,2,2,False,PRE_PRIMARY_PHASE_IMBALANCE,0.41035999999999995,0.00036915925559998056,0.7814840800019546,-0.004726634081748411,-0.4128198870179376,0.011452553746817973,0.023896583719589425,0.1198947262893686,0.24186850880000002,0.049453315359033315,True,True,False,False,True,-0.04997621087120674,-0.050444840840891125,0.0,"{""0.0498"": 4}"
c3_w2_tcop_cm0_states_L0.4_km0_1042_ucp0_0498_s42,cm0,stageC,-0.05,-0.1042,0.1,0.04977134874876729,42,75,3,0,True,,0.410424,0.00043309567972697895,0.8253694589674336,-0.017975247687263468,-1.7597299836807418,0.006114873796322921,0.022860520466925414,0.11500302098560755,0.24188810880000003,0.04894956816969891,True,True,False,False,True,-0.04997621087120674,-0.050444840840891125,0.0,"{""0.0498"": 4}"
c3_w2_tcop_cm0_states_L0.4_km0_1042_ucp0_0498_s42,cm0,stageC,-0.05,-0.1042,0.1,0.04977134874876729,42,100,4,1,True,,0.410228,0.0005881103217996428,0.8871072279310916,-0.016940551590258878,-1.8603378503976384,0.00436308341101905,0.024982384948416488,0.11603303500484363,0.24183595680000003,0.04864800115112645,True,True,False,False,True,-0.04997621087120674,-0.050444840840891125,0.0,"{""0.0498"": 4}"
c3_w2_tcop_cm0_states_L0.4_km0_1042_ucp0_0498_s42,cm0,stageC,-0.05,-0.1042,0.1,0.04977134874876729,42,125,5,2,True,,0.409732,-7.302930709895302e-05,0.2644134041618754,-0.008903619014452014,-0.8866663826459633,0.012119767490796123,0.024642111433463888,0.11617349849127365,0.24174974560000004,0.04905066947555354,True,True,False,False,True,-0.04997621087120674,-0.050444840840891125,0.0,"{""0.0498"": 4}"
c3_w2_tcop_cm0_states_L0.4_km0_1042_ucp0_0498_s42,cm0,stageC,-0.05,-0.1042,0.1,0.04977134874876729,42,150,6,0,True,,0.40922799999999987,4.999271550948356e-05,0.4323759472761051,-0.004261683117821119,-0.2704962672081275,0.0035420473353560545,0.024981170516836432,0.13684303093423955,0.2416559344,0.04811490430209749,True,True,False,False,True,-0.04997621087120674,-0.050444840840891125,0.0,"{""0.0498"": 4}"
c3_w2_tcop_cm0_states_L0.4_km0_1042_ucp0_0498_s42,cm0,stageC,-0.05,-0.1042,0.1,0.04977134874876729,42,175,7,1,True,,0.4094319999999999,0.00058483936424145,1.000903737585726,0.0038250075586780097,0.48101926699168246,0.0001512490290644554,0.024596658638136714,0.13091306949404766,0.24169601920000003,0.04884912871280306,True,True,False,False,True,-0.04997621087120674,-0.050444840840891125,0.0,"{""0.0498"": 4}"
c3_w2_tcop_cm0_states_L0.4_km0_1042_ucp0_0498_s42,cm0,stageC,-0.05,-0.1042,0.1,0.04977134874876729,42,200,8,2,True,,0.408592,0.00047491410553658647,0.8497740148405565,0.003986089753307186,0.4338568786007832,0.004184935067045885,0.024481919102545567,0.15271958297587918,0.24154451520000003,0.04865817029030171,True,True,False,False,True,-0.04997621087120674,-0.050444840840891125,0.0,"{""0.0498"": 4}"
c3_w2_tcop_cm0_states_L0.4_km0_1042_ucp0_0498_s42,cm0,stageC,-0.05,-0.1042,0.1,0.04977134874876729,42,225,9,0,True,,0.40960799999999997,0.0007237915332961888,1.1326702934915323,0.0006405376387894685,0.2246526032661321,0.001079383731132458,0.02416978710543753,0.15234077422232778,0.24173127360000002,0.04865476683738193,True,True,False,False,True,-0.04997621087120674,-0.050444840840891125,0.0,"{""0.0498"": 4}"
c3_w2_tcop_cm0_states_L0.4_km0_1042_ucp0_0498_s42,cm0,stageC,-0.05,-0.1042,0.1,0.04977134874876729,42,250,10,1,True,,0.40948000000000007,-0.0005990815054089854,-0.23247147028892493,-0.017471739419344663,-1.7327932320206405,0.006123109121201777,0.023533134298064886,0.131874572306646,0.2417132704,0.049436520913187246,True,True,False,False,True,-0.04997621087120674,-0.050444840840891125,0.0,"{""0.0498"": 4}"
c3_w2_tcop_cm0_states_L0.4_km0_1042_ucp0_0498_s42,cm0,stageC,-0.05,-0.1042,0.1,0.04977134874876729,42,275,11,2,True,,0.40901199999999993,-0.0012634767855164034,-0.8815003387487743,-0.025774731275162,-2.570187160631779,0.0019019436835037518,0.02499941363681853,0.14180513006512002,0.24161663199999997,0.04822223404198524,True,True,False,False,False,-0.04997621087120674,-0.050444840840891125,0.0,"{""0.0498"": 4}"
c3_w2_tcop_cm0_states_L0.4_km0_1042_ucp0_0498_s42,cm0,stageC,-0.05,-0.1042,0.1,0.04977134874876729,42,300,12,0,False,EXITS_PRIMARY_BLOCK_SET,0.409796,-0.002190762502184718,-1.8965621887937403,-0.01387554051277648,-1.4266418796759603,0.009930811796028156,0.023391488814276686,0.14153383600246502,0.24177135200000002,0.04786646408499378,True,True,False,False,True,-0.04997621087120674,-0.050444840840891125,0.0,"{""0.0498"": 4}"
c3_w2_tcop_cm0_states_L0.4_km0_1042_ucp0_0498_s137,cm0,stageC,-0.05,-0.1042,0.1,0.04977134874876729,137,0,0,0,False,PRE_PRIMARY_PHASE_IMBALANCE,0.40752000000000005,-2.957900879632519e-05,0.4023966672406212,-0.010611559498118369,-1.1153706808086248,0.03601655798674405,0.07940575017762268,0.8097762053156254,0.2404003168,0.047755309652435504,False,True,False,False,True,-0.04997621087120674,-0.050444840840891125,0.0,"{""0.0498"": 4}"
c3_w2_tcop_cm0_states_L0.4_km0_1042_ucp0_0498_s137,cm0,stageC,-0.05,-0.1042,0.1,0.04977134874876729,137,25,1,1,False,PRE_PRIMARY_PHASE_IMBALANCE,0.4093039999999999,0.00019651756206633223,0.6772169040391558,-0.013949971265697757,-1.3875008950097416,0.002231914056308623,0.02478975381910586,0.1084768286933996,0.2416712832,0.04806990309954868,True,True,False,False,True,-0.04997621087120674,-0.050444840840891125,0.0,"{""0.0498"": 4}"
c3_w2_tcop_cm0_states_L0.4_km0_1042_ucp0_0498_s137,cm0,stageC,-0.05,-0.1042,0.1,0.04977134874876729,137,50,2,2,False,PRE_PRIMARY_PHASE_IMBALANCE,0.40942399999999984,0.001305780400814771,1.5988402766741232,-0.017880492348829005,-1.6681357270933155,0.0027917129836996742,0.025066144403113437,0.11626089306865048,0.24169066559999994,0.0490916308957036,True,True,False,False,True,-0.04997621087120674,-0.050444840840891125,0.0,"{""0.0498"": 4}"
c3_w2_tcop_cm0_states_L0.4_km0_1042_ucp0_0498_s137,cm0,stageC,-0.05,-0.1042,0.1,0.04977134874876729,137,75,3,0,True,,0.40962399999999993,0.0015117770596813592,1.742963676109845,-0.011161371051767796,-0.9641782715234916,0.004372446686566507,0.025561625662307724,0.11620412838065129,0.241722544,0.04819147874884106,True,True,False,False,True,-0.04997621087120674,-0.050444840840891125,0.0,"{""0.0498"": 4}"
c3_w2_tcop_cm0_states_L0.4_km0_1042_ucp0_0498_s137,cm0,stageC,-0.05,-0.1042,0.1,0.04977134874876729,137,100,4,1,True,,0.40945600000000004,0.0013301568362505275,1.6366656693943749,-0.009495486484643533,-0.8232944220920956,0.006636981137261323,0.02452034690596826,0.11625180699207782,0.2417009824,0.04803107394177232,True,True,False,False,True,-0.04997621087120674,-0.050444840840891125,0.0,"{""0.0498"": 4}"
c3_w2_tcop_cm0_states_L0.4_km0_1042_ucp0_0498_s137,cm0,stageC,-0.05,-0.1042,0.1,0.04977134874876729,137,125,5,2,True,,0.40940799999999994,0.000566439975871873,1.163944985127744,0.0012960837187991647,0.18077402915601606,0.0005639926179874906,0.02256916453568744,0.11333437521168523,0.24170771200000002,0.04770460707311192,True,True,False,False,True,-0.04997621087120674,-0.050444840840891125,0.0,"{""0.0498"": 4}"
c3_w2_tcop_cm0_states_L0.4_km0_1042_ucp0_0498_s137,cm0,stageC,-0.05,-0.1042,0.1,0.04977134874876729,137,150,6,0,True,,0.40940000000000004,0.0010073844296015952,1.3292928300282676,-0.004853525969402823,-0.29761815633925326,0.003249176888258086,0.021212111810536765,0.11138251071963227,0.24171622399999998,0.04799458302767094,True,True,False,False,True,-0.04997621087120674,-0.050444840840891125,0.0,"{""0.0498"": 4}"
c3_w2_tcop_cm0_states_L0.4_km0_1042_ucp0_0498_s137,cm0,stageC,-0.05,-0.1042,0.1,0.04977134874876729,137,175,7,1,True,,0.40938399999999986,0.00015598913889497206,0.5376038518446258,-0.009909167597823544,-1.1316764795035539,0.00013602282556392353,0.020122782900130826,0.10552439737379973,0.2417208768,0.04889438151771633,True,True,False,False,True,-0.04997621087120674,-0.050444840840891125,0.0,"{""0.0498"": 4}"
c3_w2_tcop_cm0_states_L0.4_km0_1042_ucp0_0498_s137,cm0,stageC,-0.05,-0.1042,0.1,0.04977134874876729,137,200,8,2,True,,0.40886,2.1232749589795077e-05,0.41881781557362197,0.0024089329724155304,0.2968661007579481,0.001124213577929261,0.022901856651072795,0.11935625857419103,0.2416058224,0.04834563475640795,True,True,False,False,True,-0.04997621087120674,-0.050444840840891125,0.0,"{""0.0498"": 4}"
c3_w2_tcop_cm0_states_L0.4_km0_1042_ucp0_0498_s137,cm0,stageC,-0.05,-0.1042,0.1,0.04977134874876729,137,225,9,0,True,,0.40968000000000004,0.0001863639484032819,0.6280143080879322,0.006222148364064745,0.7047043129754853,0.0065700770268163865,0.021912967916658796,0.11911735959988928,0.2417617056,0.04822009539600684,True,True,False,False,True,-0.04997621087120674,-0.050444840840891125,0.0,"{""0.0498"": 4}"
c3_w2_tcop_cm0_states_L0.4_km0_1042_ucp0_0498_s137,cm0,stageC,-0.05,-0.1042,0.1,0.04977134874876729,137,250,10,1,True,,0.40953600000000007,-0.0005329380569314752,-0.07453521102788024,-0.02345213662992302,-2.332119694986775,0.0032398926639627635,0.02262132920842994,0.1093920922473431,0.24173043839999997,0.048262042062059494,True,True,False,False,False,-0.04997621087120674,-0.050444840840891125,0.0,"{""0.0498"": 4}"
c3_w2_tcop_cm0_states_L0.4_km0_1042_ucp0_0498_s137,cm0,stageC,-0.05,-0.1042,0.1,0.04977134874876729,137,275,11,2,True,,0.40991199999999994,0.0006318763419570987,1.0260320850114797,-0.027334016778072744,-2.536703025266552,0.007086326992040038,0.023271428214158202,0.1092917501578589,0.24179315520000003,0.048921081917717234,True,True,False,False,False,-0.04997621087120674,-0.050444840840891125,0.0,"{""0.0498"": 4}"
c3_w2_tcop_cm0_states_L0.4_km0_1042_ucp0_0498_s137,cm0,stageC,-0.05,-0.1042,0.1,0.04977134874876729,137,300,12,0,False,EXITS_PRIMARY_BLOCK_SET,0.41018399999999994,0.000673378224099647,1.1597886522821903,-0.012980680923773507,-1.3926839813443455,0.004920040292310466,0.021798715743953586,0.09361652308813477,0.24185313599999997,0.048125317079474914,True,True,False,False,True,-0.04997621087120674,-0.050444840840891125,0.0,"{""0.0498"": 4}"
c3_w2_tcop_cm0_states_L0.4_km0_1042_ucp0_0498_s256,cm0,stageC,-0.05,-0.1042,0.1,0.04977134874876729,256,0,0,0,False,PRE_PRIMARY_PHASE_IMBALANCE,0.40880399999999995,-0.0006320358410438556,-0.2650580628396696,-0.005184853822655525,-0.5656490376074785,0.04663219121144126,0.08024138594215298,0.824845156053157,0.24060725280000003,0.04645739536392456,False,True,False,False,True,-0.04997621087120674,-0.050444840840891125,0.0,"{""0.0498"": 4}"
c3_w2_tcop_cm0_states_L0.4_km0_1042_ucp0_0498_s256,cm0,stageC,-0.05,-0.1042,0.1,0.04977134874876729,256,25,1,1,False,PRE_PRIMARY_PHASE_IMBALANCE,0.41122800000000004,-0.00046739352628661994,-0.1408706726473776,-0.0038993607097006716,-0.3687125768331609,0.009709453807179058,0.025465056383866858,0.11283278348548058,0.24200987040000002,0.04671072699070311,True,True,False,False,True,-0.04997621087120674,-0.050444840840891125,0.0,"{""0.0498"": 4}"
c3_w2_tcop_cm0_states_L0.4_km0_1042_ucp0_0498_s256,cm0,stageC,-0.05,-0.1042,0.1,0.04977134874876729,256,50,2,2,False,PRE_PRIMARY_PHASE_IMBALANCE,0.409988,0.00038057497538520073,0.7442254098769487,0.008022571794716644,0.9137288470819475,0.02412311822487191,0.02454286184618222,0.10049074582551017,0.2417965904,0.046771357217852895,True,True,False,False,True,-0.04997621087120674,-0.050444840840891125,0.0,"{""0.0498"": 4}"
c3_w2_tcop_cm0_states_L0.4_km0_1042_ucp0_0498_s256,cm0,stageC,-0.05,-0.1042,0.1,0.04977134874876729,256,75,3,0,True,,0.4090680000000001,-0.0002465412278073693,0.216366020343893,-0.00867434344287046,-0.935484314712209,0.01738623211235153,0.02490923733796599,0.11831773661514039,0.241627544,0.048015532653507026,True,True,False,False,True,-0.04997621087120674,-0.050444840840891125,0.0,"{""0.0498"": 4}"
c3_w2_tcop_cm0_states_L0.4_km0_1042_ucp0_0498_s256,cm0,stageC,-0.05,-0.1042,0.1,0.04977134874876729,256,100,4,1,True,,0.4088239999999999,-0.00022256246774018517,0.04519170274580638,-0.01314262341344881,-1.534426273756964,0.006088314039298132,0.02538978377251892,0.11838835264468733,0.24157919360000002,0.04903689451831142,True,True,False,False,True,-0.04997621087120674,-0.050444840840891125,0.0,"{""0.0498"": 4}"
c3_w2_tcop_cm0_states_L0.4_km0_1042_ucp0_0498_s256,cm0,stageC,-0.05,-0.1042,0.1,0.04977134874876729,256,125,5,2,True,,0.40928799999999993,-5.292689251821985e-05,0.2681346521407666,-0.023914637809404376,-2.4223112535758236,0.013755602379117405,0.0250738106867708,0.13291374256534827,0.24166601599999996,0.049135456200181955,True,True,False,False,False,-0.04997621087120674,-0.050444840840891125,0.0,"{""0.0498"": 4}"
c3_w2_tcop_cm0_states_L0.4_km0_1042_ucp0_0498_s256,cm0,stageC,-0.05,-0.1042,0.1,0.04977134874876729,256,150,6,0,True,,0.41051199999999993,-0.0006121909903937566,-0.11162170391299389,-0.02119964964781685,-2.0732976619645407,0.004780460105536475,0.02477415107770167,0.13251744131105198,0.2418884672,0.04903935007725938,True,True,False,False,False,-0.04997621087120674,-0.050444840840891125,0.0,"{""0.0498"": 4}"
c3_w2_tcop_cm0_states_L0.4_km0_1042_ucp0_0498_s256,cm0,stageC,-0.05,-0.1042,0.1,0.04977134874876729,256,175,7,1,True,,0.41077200000000014,0.00017594742910860938,0.5174963265510361,-0.017261728482542194,-1.633370880988939,0.010486865610582003,0.024402860825126688,0.13827622102218193,0.24193788320000004,0.04873360253459619,True,True,False,False,True,-0.04997621087120674,-0.050444840840891125,0.0,"{""0.0498"": 4}"
c3_w2_tcop_cm0_states_L0.4_km0_1042_ucp0_0498_s256,cm0,stageC,-0.05,-0.1042,0.1,0.04977134874876729,256,200,8,2,True,,0.41017200000000004,-4.094530696129667e-05,0.36822300584675605,-0.010570006330434553,-1.1318531849122124,0.008456420355922976,0.022505490670904387,0.13847849161210776,0.2418457168,0.04819305360734055,True,True,False,False,True,-0.04997621087120674,-0.050444840840891125,0.0,"{""0.0498"": 4}"
c3_w2_tcop_cm0_states_L0.4_km0_1042_ucp0_0498_s256,cm0,stageC,-0.05,-0.1042,0.1,0.04977134874876729,256,225,9,0,True,,0.4096080000000001,-0.0015834679770089016,-1.1012573580537457,-0.007960156086422207,-0.8227540887165361,0.011232153831897095,0.022087149950303857,0.1142555806667458,0.24174743680000002,0.04775527547821287,True,True,False,False,True,-0.04997621087120674,-0.050444840840891125,0.0,"{""0.0498"": 4}"
c3_w2_tcop_cm0_states_L0.4_km0_1042_ucp0_0498_s256,cm0,stageC,-0.05,-0.1042,0.1,0.04977134874876729,256,250,10,1,True,,0.4086079999999999,0.0005955465984418598,1.0254281108720846,-0.015892006524702955,-1.4125988662466418,0.01166378675893644,0.022772977712980185,0.11159840210764738,0.2415609152,0.04863971973603466,True,True,False,False,True,-0.04997621087120674,-0.050444840840891125,0.0,"{""0.0498"": 4}"
c3_w2_tcop_cm0_states_L0.4_km0_1042_ucp0_0498_s256,cm0,stageC,-0.05,-0.1042,0.1,0.04977134874876729,256,275,11,2,True,,0.40862000000000004,-0.00025940405565783037,0.15047083892300284,-0.001194811266874045,-0.08634285973836459,0.0022503351547772184,0.0223864910195692,0.11648964779871353,0.24156601760000002,0.0490482986453149,True,True,False,False,True,-0.04997621087120674,-0.050444840840891125,0.0,"{""0.0498"": 4}"
c3_w2_tcop_cm0_states_L0.4_km0_1042_ucp0_0498_s256,cm0,stageC,-0.05,-0.1042,0.1,0.04977134874876729,256,300,12,0,False,EXITS_PRIMARY_BLOCK_SET,0.408564,6.861043439005729e-05,0.4286865546830161,0.0006388473318650468,0.1365444669195491,0.004532423742634108,0.021805149802440922,0.10475714917428568,0.24156009120000005,0.04842208074835281,True,True,False,False,True,-0.04997621087120674,-0.050444840840891125,0.0,"{""0.0498"": 4}"
c3_w2_tcop_cm0_states_L0.4_km0_1042_ucp0_0498_s1024,cm0,stageC,-0.05,-0.1042,0.1,0.04977134874876729,1024,0,0,0,False,PRE_PRIMARY_PHASE_IMBALANCE,0.40652,-0.00029887874324952533,0.11263344917569693,-0.0022062391524254412,-0.2147310961147972,0.037299016634677024,0.07883533088821316,0.8353832509215211,0.24023440640000004,0.047939645388759396,False,True,False,False,True,-0.04997621087120674,-0.050444840840891125,0.0,"{""0.0498"": 4}"
c3_w2_tcop_cm0_states_L0.4_km0_1042_ucp0_0498_s1024,cm0,stageC,-0.05,-0.1042,0.1,0.04977134874876729,1024,25,1,1,False,PRE_PRIMARY_PHASE_IMBALANCE,0.4096640000000001,0.0005316443094607882,0.883079725458071,-0.009809172250956908,-0.9186549690196644,0.008302267481909159,0.020315766147372436,0.09373535362215041,0.24177014080000003,0.04827801884916157,True,True,False,False,True,-0.04997621087120674,-0.050444840840891125,0.0,"{""0.0498"": 4}"
c3_w2_tcop_cm0_states_L0.4_km0_1042_ucp0_0498_s1024,cm0,stageC,-0.05,-0.1042,0.1,0.04977134874876729,1024,50,2,2,False,PRE_PRIMARY_PHASE_IMBALANCE,0.41014799999999996,0.00036862681224138834,0.7758270013121119,-0.016039608083608065,-1.8110309392561101,0.01138064006967457,0.020411402966808975,0.08972370927147345,0.2418565328,0.04871979162517015,True,True,False,False,True,-0.04997621087120674,-0.050444840840891125,0.0,"{""0.0498"": 4}"
c3_w2_tcop_cm0_states_L0.4_km0_1042_ucp0_0498_s1024,cm0,stageC,-0.05,-0.1042,0.1,0.04977134874876729,1024,75,3,0,True,,0.4116080000000001,-0.00032804529016942647,0.13643129334700332,-0.018927102701521807,-1.8227739730208221,0.011849351122727156,0.022592998402356977,0.11661580893321842,0.2421003744,0.04806468907628551,True,True,False,False,True,-0.04997621087120674,-0.050444840840891125,0.0,"{""0.0498"": 4}"
c3_w2_tcop_cm0_states_L0.4_km0_1042_ucp0_0498_s1024,cm0,stageC,-0.05,-0.1042,0.1,0.04977134874876729,1024,100,4,1,True,,0.41090400000000005,6.711578586027591e-05,0.5148630524590192,-0.02185041435994352,-2.218270763190991,0.015354610594538352,0.023769504220977258,0.11681560628074775,0.24196650879999995,0.048636434737756015,True,True,False,False,False,-0.04997621087120674,-0.050444840840891125,0.0,"{""0.0498"": 4}"
c3_w2_tcop_cm0_states_L0.4_km0_1042_ucp0_0498_s1024,cm0,stageC,-0.05,-0.1042,0.1,0.04977134874876729,1024,125,5,2,True,,0.409672,-0.0002690892310921252,-0.011881964132224898,-0.006528810472438031,-0.6240355647088158,0.022379944983559087,0.025579346218504124,0.12888359436602068,0.24173104000000006,0.04862645798328313,True,True,False,False,True,-0.04997621087120674,-0.050444840840891125,0.0,"{""0.0498"": 4}"
c3_w2_tcop_cm0_states_L0.4_km0_1042_ucp0_0498_s1024,cm0,stageC,-0.05,-0.1042,0.1,0.04977134874876729,1024,150,6,0,True,,0.40945599999999993,-0.0007548070591816473,-0.26974715632399704,0.006698228390890969,0.7776523108626734,0.01311334287586487,0.02565471810753681,0.12895158422650646,0.24169144000000004,0.0486508382661594,True,True,False,False,True,-0.04997621087120674,-0.050444840840891125,0.0,"{""0.0498"": 4}"
c3_w2_tcop_cm0_states_L0.4_km0_1042_ucp0_0498_s1024,cm0,stageC,-0.05,-0.1042,0.1,0.04977134874876729,1024,175,7,1,True,,0.40826,-0.0001077749192360729,0.2695089506434495,-0.003284011879905325,-0.27012926141714905,0.00873471952903981,0.02374734609771335,0.11757213511592575,0.24148977760000004,0.048477339035883554,True,True,False,False,True,-0.04997621087120674,-0.050444840840891125,0.0,"{""0.0498"": 4}"
c3_w2_tcop_cm0_states_L0.4_km0_1042_ucp0_0498_s1024,cm0,stageC,-0.05,-0.1042,0.1,0.04977134874876729,1024,200,8,2,True,,0.4089480000000001,-0.0005289316729402016,-0.1545543679248844,0.00030807468788911576,-0.09779196582252425,0.003011539739291912,0.02270276383848808,0.1251992915353559,0.24162333599999997,0.04944869357222696,True,True,False,False,True,-0.04997621087120674,-0.050444840840891125,0.0,"{""0.0498"": 4}"
c3_w2_tcop_cm0_states_L0.4_km0_1042_ucp0_0498_s1024,cm0,stageC,-0.05,-0.1042,0.1,0.04977134874876729,1024,225,9,0,True,,0.40926399999999996,-0.0006964141058380961,-0.36532469548011387,-0.007759582793298833,-0.6551090458183036,0.007129216755073401,0.02097839889329935,0.10751006658902303,0.241693264,0.04902752598285987,True,True,False,False,True,-0.04997621087120674,-0.050444840840891125,0.0,"{""0.0498"": 4}"
c3_w2_tcop_cm0_states_L0.4_km0_1042_ucp0_0498_s1024,cm0,stageC,-0.05,-0.1042,0.1,0.04977134874876729,1024,250,10,1,True,,0.409656,-0.0003457048737474783,0.08885995851226415,-0.016843150595616117,-1.767141957867294,0.004285389568979987,0.0213875935047909,0.125959341188804,0.2417611968,0.049493046622732774,True,True,False,False,True,-0.04997621087120674,-0.050444840840891125,0.0,"{""0.0498"": 4}"
c3_w2_tcop_cm0_states_L0.4_km0_1042_ucp0_0498_s1024,cm0,stageC,-0.05,-0.1042,0.1,0.04977134874876729,1024,275,11,2,True,,0.4101200000000001,-0.0009933368415896771,-0.58733429069466,-0.019004767584360534,-1.8692406415309633,0.007080392016867559,0.02180825991419232,0.1258168337905569,0.24184159039999997,0.04939782991184937,True,True,False,False,True,-0.04997621087120674,-0.050444840840891125,0.0,"{""0.0498"": 4}"
c3_w2_tcop_cm0_states_L0.4_km0_1042_ucp0_0498_s1024,cm0,stageC,-0.05,-0.1042,0.1,0.04977134874876729,1024,300,12,0,False,EXITS_PRIMARY_BLOCK_SET,0.41022,-0.0007320934826178306,-0.3420116972996779,-0.010488938923501522,-0.9591947674068944,0.0033415656827218672,0.023031195155810338,0.12578616321538166,0.24185028960000005,0.04899460786658059,True,True,False,False,True,-0.04997621087120674,-0.050444840840891125,0.0,"{""0.0498"": 4}"
c3_w2_tcop_cm0_states_L0.4_km0_1042_ucp0_0498_s31415,cm0,stageC,-0.05,-0.1042,0.1,0.04977134874876729,31415,0,0,0,False,PRE_PRIMARY_PHASE_IMBALANCE,0.405064,-0.001492271105029583,-0.9474179679789179,0.003647583909541016,0.32510764205964865,0.051791958441131616,0.0805705665695204,0.8324610411380396,0.23992203199999998,0.04769020763217539,False,True,False,False,True,-0.04997621087120674,-0.050444840840891125,0.0,"{""0.0498"": 4}"
c3_w2_tcop_cm0_states_L0.4_km0_1042_ucp0_0498_s31415,cm0,stageC,-0.05,-0.1042,0.1,0.04977134874876729,31415,25,1,1,False,PRE_PRIMARY_PHASE_IMBALANCE,0.409128,-0.0003241960039645472,-0.009202425343536895,-0.0032456392669533186,-0.35788708787734935,0.005134554623179936,0.02420027676737576,0.13785416755183166,0.24164424959999997,0.04832762787474676,True,True,False,False,True,-0.04997621087120674,-0.050444840840891125,0.0,"{""0.0498"": 4}"
c3_w2_tcop_cm0_states_L0.4_km0_1042_ucp0_0498_s31415,cm0,stageC,-0.05,-0.1042,0.1,0.04977134874876729,31415,50,2,2,False,PRE_PRIMARY_PHASE_IMBALANCE,0.4091719999999999,0.0003876430450201659,0.7520475554142386,-0.013902745616419573,-1.3563157401025085,0.006097801166386325,0.024446737189065173,0.12513075155403894,0.24165021600000003,0.04830149496651216,True,True,False,False,True,-0.04997621087120674,-0.050444840840891125,0.0,"{""0.0498"": 4}"
c3_w2_tcop_cm0_states_L0.4_km0_1042_ucp0_0498_s31415,cm0,stageC,-0.05,-0.1042,0.1,0.04977134874876729,31415,75,3,0,True,,0.408808,0.0004975396484783502,0.913476795074592,-0.01799351075708133,-1.8027658543609473,0.00157116355074293,0.0243475876457825,0.12034989501098331,0.24158494720000004,0.04858908453552093,True,True,False,False,True,-0.04997621087120674,-0.050444840840891125,0.0,"{""0.0498"": 4}"
c3_w2_tcop_cm0_states_L0.4_km0_1042_ucp0_0498_s31415,cm0,stageC,-0.05,-0.1042,0.1,0.04977134874876729,31415,100,4,1,True,,0.408992,0.00035299062293622546,0.7470695706891696,-0.013671170306467086,-1.391257026701875,0.0009190340809592031,0.025593898233197878,0.12029575121201444,0.2416079712,0.04775378452018227,True,True,False,False,True,-0.04997621087120674,-0.050444840840891125,0.0,"{""0.0498"": 4}"
c3_w2_tcop_cm0_states_L0.4_km0_1042_ucp0_0498_s31415,cm0,stageC,-0.05,-0.1042,0.1,0.04977134874876729,31415,125,5,2,True,,0.408708,0.001067244655272879,1.6206712238229015,-0.004079484391775299,-0.37372179797573973,0.003368022280937035,0.025439961614955302,0.11450717843911258,0.2415576624,0.04776997734979576,True,True,False,False,True,-0.04997621087120674,-0.050444840840891125,0.0,"{""0.0498"": 4}"
c3_w2_tcop_cm0_states_L0.4_km0_1042_ucp0_0498_s31415,cm0,stageC,-0.05,-0.1042,0.1,0.04977134874876729,31415,150,6,0,True,,0.4086999999999999,0.0003283962022878506,0.865877140272979,-0.007632335929154896,-0.8523974789478169,0.005819422153082012,0.023962833711206683,0.1066797159122101,0.2415683952,0.04749936841685371,True,True,False,False,True,-0.04997621087120674,-0.050444840840891125,0.0,"{""0.0498"": 4}"
c3_w2_tcop_cm0_states_L0.4_km0_1042_ucp0_0498_s31415,cm0,stageC,-0.05,-0.1042,0.1,0.04977134874876729,31415,175,7,1,True,,0.40920399999999996,4.410421794679024e-05,0.4583127819593379,-0.0078381260380949,-0.7001909514101738,0.003986869972745796,0.024718185666421495,0.14271610213312652,0.24165377759999998,0.04894043710470923,True,True,False,False,True,-0.04997621087120674,-0.050444840840891125,0.0,"{""0.0498"": 4}"
c3_w2_tcop_cm0_states_L0.4_km0_1042_ucp0_0498_s31415,cm0,stageC,-0.05,-0.1042,0.1,0.04977134874876729,31415,200,8,2,True,,0.408804,0.0015696437350839925,1.8691969512344246,-0.01633469395585902,-1.6800462685457918,0.00033642956781061115,0.0236353220989701,0.1428557447019703,0.24158993120000002,0.04834014464190193,True,True,False,False,True,-0.04997621087120674,-0.050444840840891125,0.0,"{""0.0498"": 4}"
c3_w2_tcop_cm0_states_L0.4_km0_1042_ucp0_0498_s31415,cm0,stageC,-0.05,-0.1042,0.1,0.04977134874876729,31415,225,9,0,True,,0.40877199999999997,-0.00019877815047136918,0.18398552616525665,-0.014205721575346145,-1.2826091068601604,5.1084927924881926e-05,0.023074997871178865,0.14286692791368558,0.2415884816,0.04791045831548682,True,True,False,False,True,-0.04997621087120674,-0.050444840840891125,0.0,"{""0.0498"": 4}"
c3_w2_tcop_cm0_states_L0.4_km0_1042_ucp0_0498_s31415,cm0,stageC,-0.05,-0.1042,0.1,0.04977134874876729,31415,250,10,1,True,,0.4095,-0.001231388300617871,-0.7855859288768358,-0.007689329442180158,-0.7871184870514267,0.0010931496053316009,0.024053265340408282,0.14261294226468146,0.24171273120000003,0.04901050907713569,True,True,False,False,True,-0.04997621087120674,-0.050444840840891125,0.0,"{""0.0498"": 4}"
c3_w2_tcop_cm0_states_L0.4_km0_1042_ucp0_0498_s31415,cm0,stageC,-0.05,-0.1042,0.1,0.04977134874876729,31415,275,11,2,True,,0.4085760000000001,-0.001228141622265369,-0.8327998412576914,-0.016456224993253117,-1.6002309741562892,0.0011549557183083872,0.022348600975570947,0.1341243731053112,0.24155827519999998,0.048536710065681214,True,True,False,False,True,-0.04997621087120674,-0.050444840840891125,0.0,"{""0.0498"": 4}"
c3_w2_tcop_cm0_states_L0.4_km0_1042_ucp0_0498_s31415,cm0,stageC,-0.05,-0.1042,0.1,0.04977134874876729,31415,300,12,0,False,EXITS_PRIMARY_BLOCK_SET,0.40998000000000007,-0.0027687719064341597,-2.3417316837548703,-0.014453318903603242,-1.3173509319590837,0.008975579227821717,0.022934537578563112,0.13366505650601235,0.24180798879999998,0.04831603874491368,True,True,False,False,False,-0.04997621087120674,-0.050444840840891125,0.0,"{""0.0498"": 4}"
c3_w2_tcop_cm0_states_L0.4_km0_1042_ucp0_1234_s42,cm0,stageC,-0.05,-0.1042,0.25,0.12339551870278656,42,0,0,0,False,PRE_PRIMARY_PHASE_IMBALANCE,0.4161599999999999,-0.00040860715263739633,-0.08018560511108638,-0.016419457435853425,-1.4863364963997647,0.045351709225739834,0.07956863769638549,0.8256439810994716,0.24187436479999996,0.048852168836193956,False,True,False,False,True,-0.04997621087120674,-0.05103382697148107,0.0,"{""0.1234"": 4}"
c3_w2_tcop_cm0_states_L0.4_km0_1042_ucp0_1234_s42,cm0,stageC,-0.05,-0.1042,0.25,0.12339551870278656,42,25,1,1,False,PRE_PRIMARY_PHASE_IMBALANCE,0.41946799999999995,1.8052126871919218e-06,0.47553857883206563,-0.013607813478355171,-1.387858798434576,0.002863913645735368,0.022124927502150855,0.12015219249107872,0.2434284656,0.048221955331570705,True,True,False,False,True,-0.04997621087120674,-0.05103382697148107,0.0,"{""0.1234"": 4}"
c3_w2_tcop_cm0_states_L0.4_km0_1042_ucp0_1234_s42,cm0,stageC,-0.05,-0.1042,0.25,0.12339551870278656,42,50,2,2,False,PRE_PRIMARY_PHASE_IMBALANCE,0.420416,0.0008321978940953534,1.2485825636969938,-0.00715627090336303,-0.6488221874956,0.009746750264571363,0.023658480047101426,0.12368701447212516,0.24356745600000007,0.04862907508888072,True,True,False,False,True,-0.04997621087120674,-0.05103382697148107,0.0,"{""0.1234"": 4}"
c3_w2_tcop_cm0_states_L0.4_km0_1042_ucp0_1234_s42,cm0,stageC,-0.05,-0.1042,0.25,0.12339551870278656,42,75,3,0,True,,0.42034800000000005,0.0009573523423372826,1.3848854925997787,-0.017391560847584166,-1.6655069704290122,0.006409616366756313,0.022208079058286135,0.1265618008731769,0.2435684144,0.04842394961173655,True,True,False,False,True,-0.04997621087120674,-0.05103382697148107,0.0,"{""0.1234"": 4}"
c3_w2_tcop_cm0_states_L0.4_km0_1042_ucp0_1234_s42,cm0,stageC,-0.05,-0.1042,0.25,0.12339551870278656,42,100,4,1,True,,0.42018000000000005,0.0010660508667629692,1.3233563490131692,-0.01786683508569572,-1.9434017297605486,0.0038335976873592054,0.02459127850100678,0.12661240390639145,0.24352200159999995,0.047928359037213035,True,True,False,False,True,-0.04997621087120674,-0.05103382697148107,0.0,"{""0.1234"": 4}"
c3_w2_tcop_cm0_states_L0.4_km0_1042_ucp0_1234_s42,cm0,stageC,-0.05,-0.1042,0.25,0.12339551870278656,42,125,5,2,True,,0.419756,0.00030662048873868094,0.6197189359248776,-0.010873914491062248,-1.0853217816703564,0.011263097523357916,0.024344035257867744,0.1267402964418845,0.24345648159999997,0.04838739984748096,True,True,False,False,True,-0.04997621087120674,-0.05103382697148107,0.0,"{""0.1234"": 4}"
c3_w2_tcop_cm0_states_L0.4_km0_1042_ucp0_1234_s42,cm0,stageC,-0.05,-0.1042,0.25,0.12339551870278656,42,150,6,0,True,,0.41928799999999994,0.00023522211338006322,0.5811058565544206,-0.004557422530594568,-0.29552893973606537,0.004473172497858791,0.02453930399428442,0.147869721652254,0.2433797088,0.04755599915888636,True,True,False,False,True,-0.04997621087120674,-0.05103382697148107,0.0,"{""0.1234"": 4}"
c3_w2_tcop_cm0_states_L0.4_km0_1042_ucp0_1234_s42,cm0,stageC,-0.05,-0.1042,0.25,0.12339551870278656,42,175,7,1,True,,0.419436,0.0006644652078825717,1.1080063400449462,0.0017636590529770595,0.2655481954816176,0.00011616759737124576,0.024576765598480443,0.13065163664861476,0.2434031792,0.04816764374556846,True,True,False,False,True,-0.04997621087120674,-0.05103382697148107,0.0,"{""0.1234"": 4}"
c3_w2_tcop_cm0_states_L0.4_km0_1042_ucp0_1234_s42,cm0,stageC,-0.05,-0.1042,0.25,0.12339551870278656,42,200,8,2,True,,0.41862,0.0007382997624020801,1.0706188481968204,0.004693548809078476,0.5191940033524355,0.00320112274186494,0.024935012314216062,0.1538388033208189,0.24326833759999997,0.048048055111523505,True,True,False,False,True,-0.04997621087120674,-0.05103382697148107,0.0,"{""0.1234"": 4}"
c3_w2_tcop_cm0_states_L0.4_km0_1042_ucp0_1234_s42,cm0,stageC,-0.05,-0.1042,0.25,0.12339551870278656,42,225,9,0,True,,0.41968800000000006,0.0010335680832022148,1.4297665254230316,0.002014976949777706,0.32679606884045387,0.0028469707999785,0.024561078434891914,0.15344732240748526,0.24344372800000005,0.047793541990524206,True,True,False,False,True,-0.04997621087120674,-0.05103382697148107,0.0,"{""0.1234"": 4}"
c3_w2_tcop_cm0_states_L0.4_km0_1042_ucp0_1234_s42,cm0,stageC,-0.05,-0.1042,0.25,0.12339551870278656,42,250,10,1,True,,0.4194239999999999,-0.00036672264719820496,0.004863712657016933,-0.015249591153083426,-1.529325792769956,0.006481536213243543,0.023869412987276153,0.12493324148133338,0.24340727999999998,0.04856818118892244,True,True,False,False,True,-0.04997621087120674,-0.05103382697148107,0.0,"{""0.1234"": 4}"
c3_w2_tcop_cm0_states_L0.4_km0_1042_ucp0_1234_s42,cm0,stageC,-0.05,-0.1042,0.25,0.12339551870278656,42,275,11,2,True,,0.41925199999999996,-0.0008755071798220766,-0.48125390410581714,-0.021184333860017765,-2.1143620222815986,0.0006406334568352589,0.024185754185567017,0.12307633565713139,0.24337694239999996,0.04745145409784615,True,True,False,False,False,-0.04997621087120674,-0.05103382697148107,0.0,"{""0.1234"": 4}"
c3_w2_tcop_cm0_states_L0.4_km0_1042_ucp0_1234_s42,cm0,stageC,-0.05,-0.1042,0.25,0.12339551870278656,42,300,12,0,False,EXITS_PRIMARY_BLOCK_SET,0.4200959999999999,-0.0018849690212019773,-1.549822696182609,-0.010752187788182427,-1.1017003431001005,0.007849276682295238,0.02214311825896395,0.12282906734929853,0.24352881919999994,0.04720498685520418,True,True,False,False,True,-0.04997621087120674,-0.05103382697148107,0.0,"{""0.1234"": 4}"
c3_w2_tcop_cm0_states_L0.4_km0_1042_ucp0_1234_s137,cm0,stageC,-0.05,-0.1042,0.25,0.12339551870278656,137,0,0,0,False,PRE_PRIMARY_PHASE_IMBALANCE,0.41755600000000004,-9.676470967551072e-05,0.3503443537574882,-0.015402745882065444,-1.6649958614099518,0.03381441509014293,0.07996636770818237,0.8228836351941209,0.24208806559999999,0.047033465362441663,False,True,False,False,True,-0.04997621087120674,-0.05103382697148107,0.0,"{""0.1234"": 4}"
c3_w2_tcop_cm0_states_L0.4_km0_1042_ucp0_1234_s137,cm0,stageC,-0.05,-0.1042,0.25,0.12339551870278656,137,25,1,1,False,PRE_PRIMARY_PHASE_IMBALANCE,0.419448,-2.825349938292283e-05,0.46533753141332357,-0.01907256336352372,-1.9318231762132745,0.0027021069039107394,0.024740802695254246,0.11825065295757596,0.24340368320000003,0.04771598574901288,True,True,False,False,True,-0.04997621087120674,-0.05103382697148107,0.0,"{""0.1234"": 4}"
c3_w2_tcop_cm0_states_L0.4_km0_1042_ucp0_1234_s137,cm0,stageC,-0.05,-0.1042,0.25,0.12339551870278656,137,50,2,2,False,PRE_PRIMARY_PHASE_IMBALANCE,0.4195439999999999,0.0012830374528816871,1.5858980171288641,-0.02332526094182681,-2.192269568138689,0.001313557357982895,0.025016598951048387,0.11822359485960088,0.24341667520000002,0.04827454882233494,True,True,False,False,False,-0.04997621087120674,-0.05103382697148107,0.0,"{""0.1234"": 4}"
c3_w2_tcop_cm0_states_L0.4_km0_1042_ucp0_1234_s137,cm0,stageC,-0.05,-0.1042,0.25,0.12339551870278656,137,75,3,0,True,,0.41968000000000005,0.0012824022337210087,1.4814072223207608,-0.013811491981411456,-1.2206985936600712,0.004479288939952881,0.025636278565092173,0.1219977122521975,0.2434329408,0.0474086236881013,True,True,False,False,True,-0.04997621087120674,-0.05103382697148107,0.0,"{""0.1234"": 4}"
c3_w2_tcop_cm0_states_L0.4_km0_1042_ucp0_1234_s137,cm0,stageC,-0.05,-0.1042,0.25,0.12339551870278656,137,100,4,1,True,,0.41948799999999997,0.0013994071530980506,1.7704640954671298,-0.012565219538232811,-1.145608058827962,0.0034983283125534547,0.02423841962563347,0.12205355070454081,0.24341443519999997,0.0475434312602698,True,True,False,False,True,-0.04997621087120674,-0.05103382697148107,0.0,"{""0.1234"": 4}"
c3_w2_tcop_cm0_states_L0.4_km0_1042_ucp0_1234_s137,cm0,stageC,-0.05,-0.1042,0.25,0.12339551870278656,137,125,5,2,True,,0.41919599999999996,0.000892315215984805,1.4916953771204842,0.0007438557585173488,0.12648553990946088,0.0025691745536710175,0.022004157048023828,0.11736753185295765,0.2433856304,0.04729094611022283,True,True,False,False,True,-0.04997621087120674,-0.05103382697148107,0.0,"{""0.1234"": 4}"
c3_w2_tcop_cm0_states_L0.4_km0_1042_ucp0_1234_s137,cm0,stageC,-0.05,-0.1042,0.25,0.12339551870278656,137,150,6,0,True,,0.41926,0.0011448899904193948,1.5421154083771085,-0.006438538041228128,-0.4344245075399307,0.001158156169673617,0.020728573281911817,0.11734961571018067,0.2434055248,0.04735369468161909,True,True,False,False,True,-0.04997621087120674,-0.05103382697148107,0.0,"{""0.1234"": 4}"
c3_w2_tcop_cm0_states_L0.4_km0_1042_ucp0_1234_s137,cm0,stageC,-0.05,-0.1042,0.25,0.12339551870278656,137,175,7,1,True,,0.41932400000000003,0.0005824818065115501,0.9349338567452039,-0.012744819594411018,-1.4476441828653763,0.001968507746482225,0.01943214137946349,0.09825337901419087,0.24342498719999997,0.048344420815643246,True,True,False,False,True,-0.04997621087120674,-0.05103382697148107,0.0,"{""0.1234"": 4}"
c3_w2_tcop_cm0_states_L0.4_km0_1042_ucp0_1234_s137,cm0,stageC,-0.05,-0.1042,0.25,0.12339551870278656,137,200,8,2,True,,0.4190400000000001,0.0005267043634689999,0.9200042960658503,0.0020529277671862247,0.22888670592650248,0.0029304190372018857,0.021818808584147708,0.11359297414663752,0.24336188480000004,0.04758443442975865,True,True,False,False,True,-0.04997621087120674,-0.05103382697148107,0.0,"{""0.1234"": 4}"
c3_w2_tcop_cm0_states_L0.4_km0_1042_ucp0_1234_s137,cm0,stageC,-0.05,-0.1042,0.25,0.12339551870278656,137,225,9,0,True,,0.41994,0.0005417774478581948,1.0383143224186837,0.0032531178228620864,0.38462124009133875,0.004882900051489022,0.02027916349844934,0.113349525852861,0.24351787360000002,0.04745646847374971,True,True,False,False,True,-0.04997621087120674,-0.05103382697148107,0.0,"{""0.1234"": 4}"
c3_w2_tcop_cm0_states_L0.4_km0_1042_ucp0_1234_s137,cm0,stageC,-0.05,-0.1042,0.25,0.12339551870278656,137,250,10,1,True,,0.419588,-0.0002937310608989347,0.15548865796559233,-0.01968152842848873,-2.0175672880403797,0.0009856367559366792,0.02157632788262611,0.10867803629112828,0.24345195040000003,0.04754987125114011,True,True,False,False,False,-0.04997621087120674,-0.05103382697148107,0.0,"{""0.1234"": 4}"
c3_w2_tcop_cm0_states_L0.4_km0_1042_ucp0_1234_s137,cm0,stageC,-0.05,-0.1042,0.25,0.12339551870278656,137,275,11,2,True,,0.41980799999999996,0.0007868849832755811,1.1760370479826985,-0.024591403550227927,-2.3267803164016803,0.003680907757288687,0.021928231335920995,0.11147953323548021,0.2434844992,0.04796960637737191,True,True,False,False,False,-0.04997621087120674,-0.05103382697148107,0.0,"{""0.1234"": 4}"
c3_w2_tcop_cm0_states_L0.4_km0_1042_ucp0_1234_s137,cm0,stageC,-0.05,-0.1042,0.25,0.12339551870278656,137,300,12,0,False,EXITS_PRIMARY_BLOCK_SET,0.4199,0.0006397563288720369,1.161259908858782,-0.010756334012946856,-1.1406587064092073,0.005001119295067541,0.02096186268287173,0.0943081683869775,0.24350651679999996,0.04734416542722028,True,True,False,False,True,-0.04997621087120674,-0.05103382697148107,0.0,"{""0.1234"": 4}"
c3_w2_tcop_cm0_states_L0.4_km0_1042_ucp0_1234_s256,cm0,stageC,-0.05,-0.1042,0.25,0.12339551870278656,256,0,0,0,False,PRE_PRIMARY_PHASE_IMBALANCE,0.41866,-8.614030841301488e-05,0.2704471116971826,-0.008315524053043262,-0.8677619023660302,0.048730043670957124,0.08060203605582418,0.8350451420363896,0.24224508960000002,0.04605219213023415,False,True,False,False,True,-0.04997621087120674,-0.05103382697148107,0.0,"{""0.1234"": 4}"
c3_w2_tcop_cm0_states_L0.4_km0_1042_ucp0_1234_s256,cm0,stageC,-0.05,-0.1042,0.25,0.12339551870278656,256,25,1,1,False,PRE_PRIMARY_PHASE_IMBALANCE,0.42114399999999996,7.1728954712730645e-06,0.3186947124428831,-0.005671466520835818,-0.5119379084785889,0.010224603918934427,0.024392889219877083,0.10542712206412266,0.2436761984,0.046110858417513764,True,True,False,False,True,-0.04997621087120674,-0.05103382697148107,0.0,"{""0.1234"": 4}"
c3_w2_tcop_cm0_states_L0.4_km0_1042_ucp0_1234_s256,cm0,stageC,-0.05,-0.1042,0.25,0.12339551870278656,256,50,2,2,False,PRE_PRIMARY_PHASE_IMBALANCE,0.41999600000000004,0.0010302254302181552,1.335789996115201,0.0069216101498646545,0.788904063062088,0.021996123311619122,0.023690017847748542,0.10190573219291199,0.24350036320000001,0.04614715575200708,True,True,False,False,True,-0.04997621087120674,-0.05103382697148107,0.0,"{""0.1234"": 4}"
c3_w2_tcop_cm0_states_L0.4_km0_1042_ucp0_1234_s256,cm0,stageC,-0.05,-0.1042,0.25,0.12339551870278656,256,75,3,0,True,,0.41900800000000005,0.00030404898141149354,0.82092105712735,-0.009778355820486079,-1.049608676409932,0.017831323337223617,0.024733533494171008,0.12219337071799738,0.24333289279999998,0.04732922919296278,True,True,False,False,True,-0.04997621087120674,-0.05103382697148107,0.0,"{""0.1234"": 4}"
c3_w2_tcop_cm0_states_L0.4_km0_1042_ucp0_1234_s256,cm0,stageC,-0.05,-0.1042,0.25,0.12339551870278656,256,100,4,1,True,,0.418496,0.00021946904805673857,0.4237334795277982,-0.015048905625321199,-1.714665872418251,0.004660582272814374,0.024993897780114842,0.12234286558929394,0.2432476896,0.04852275738249012,True,True,False,False,True,-0.04997621087120674,-0.05103382697148107,0.0,"{""0.1234"": 4}"
c3_w2_tcop_cm0_states_L0.4_km0_1042_ucp0_1234_s256,cm0,stageC,-0.05,-0.1042,0.25,0.12339551870278656,256,125,5,2,True,,0.41910800000000015,0.0002711198489669584,0.6020917405514652,-0.021325233843801947,-2.156748148394818,0.012648124302950375,0.02425467916069639,0.13075388651432593,0.24335315039999997,0.0485209680035343,True,True,False,False,False,-0.04997621087120674,-0.05103382697148107,0.0,"{""0.1234"": 4}"
c3_w2_tcop_cm0_states_L0.4_km0_1042_ucp0_1234_s256,cm0,stageC,-0.05,-0.1042,0.25,0.12339551870278656,256,150,6,0,True,,0.42024800000000007,-0.0003748748094655125,0.11927077641264769,-0.016012453284510515,-1.5479398018271264,0.0078030303844138305,0.024137865177625166,0.13039919254725973,0.24353672000000004,0.0485619037518094,True,True,False,False,True,-0.04997621087120674,-0.05103382697148107,0.0,"{""0.1234"": 4}"
c3_w2_tcop_cm0_states_L0.4_km0_1042_ucp0_1234_s256,cm0,stageC,-0.05,-0.1042,0.25,0.12339551870278656,256,175,7,1,True,,0.42068000000000005,0.0003051884695377338,0.6775446626050041,-0.01177878050066021,-1.081440734505505,0.006617377515500455,0.0233274189401837,0.12170771103521037,0.24361203520000005,0.0483472605221847,True,True,False,False,True,-0.04997621087120674,-0.05103382697148107,0.0,"{""0.1234"": 4}"
c3_w2_tcop_cm0_states_L0.4_km0_1042_ucp0_1234_s256,cm0,stageC,-0.05,-0.1042,0.25,0.12339551870278656,256,200,8,2,True,,0.4201959999999999,0.00016844724094766068,0.5357475196051665,-0.00896285783763778,-0.989411094256523,0.008991560635490767,0.02152745261151151,0.1227998359746409,0.243549496,0.04760085696707571,True,True,False,False,True,-0.04997621087120674,-0.05103382697148107,0.0,"{""0.1234"": 4}"
c3_w2_tcop_cm0_states_L0.4_km0_1042_ucp0_1234_s256,cm0,stageC,-0.05,-0.1042,0.25,0.12339551870278656,256,225,9,0,True,,0.419592,-0.0015767647649742925,-1.0694996790988571,-0.009144884796405996,-0.9233118424016139,0.011630746070399232,0.020991803258602393,0.10677038621620435,0.2434569728,0.04711086430962608,True,True,False,False,True,-0.04997621087120674,-0.05103382697148107,0.0,"{""0.1234"": 4}"
c3_w2_tcop_cm0_states_L0.4_km0_1042_ucp0_1234_s256,cm0,stageC,-0.05,-0.1042,0.25,0.12339551870278656,256,250,10,1,True,,0.4185640000000001,0.0003386383204037003,0.6675001235019369,-0.020612421578351442,-1.844632502443773,0.011736726630548653,0.021194761728632723,0.10703261602280029,0.2432894768,0.04784869803871365,True,True,False,False,True,-0.04997621087120674,-0.05103382697148107,0.0,"{""0.1234"": 4}"
c3_w2_tcop_cm0_states_L0.4_km0_1042_ucp0_1234_s256,cm0,stageC,-0.05,-0.1042,0.25,0.12339551870278656,256,275,11,2,True,,0.418368,-0.00039901464197298687,0.024115754976457286,-0.003230658766273561,-0.28045420203508953,0.002966106608161255,0.020816861648124383,0.11281933581722474,0.243260368,0.04854499537542465,True,True,False,False,True,-0.04997621087120674,-0.05103382697148107,0.0,"{""0.1234"": 4}"
c3_w2_tcop_cm0_states_L0.4_km0_1042_ucp0_1234_s256,cm0,stageC,-0.05,-0.1042,0.25,0.12339551870278656,256,300,12,0,False,EXITS_PRIMARY_BLOCK_SET,0.4182880000000001,4.0407551121407304e-06,0.3957560980644512,0.0008153452874499735,0.13160152304415174,0.003010284573263668,0.020927036353020022,0.0984967292905923,0.2432465248,0.047878482181456,True,True,False,False,True,-0.04997621087120674,-0.05103382697148107,0.0,"{""0.1234"": 4}"
c3_w2_tcop_cm0_states_L0.4_km0_1042_ucp0_1234_s1024,cm0,stageC,-0.05,-0.1042,0.25,0.12339551870278656,1024,0,0,0,False,PRE_PRIMARY_PHASE_IMBALANCE,0.416704,-0.00030870967183608633,0.07336218458306354,-0.0017889604332682425,-0.15652055383003144,0.03623653709770615,0.07915945947784624,0.8399247407274113,0.241973696,0.04742506071688259,False,True,False,False,True,-0.04997621087120674,-0.05103382697148107,0.0,"{""0.1234"": 4}"
c3_w2_tcop_cm0_states_L0.4_km0_1042_ucp0_1234_s1024,cm0,stageC,-0.05,-0.1042,0.25,0.12339551870278656,1024,25,1,1,False,PRE_PRIMARY_PHASE_IMBALANCE,0.41969999999999996,0.0005867362620356484,0.9672433876115457,-0.006228176128252998,-0.5811893373810395,0.006607093860192822,0.019321254793711013,0.09244698572207057,0.24348615199999998,0.04771530152896448,True,True,False,False,True,-0.04997621087120674,-0.05103382697148107,0.0,"{""0.1234"": 4}"
c3_w2_tcop_cm0_states_L0.4_km0_1042_ucp0_1234_s1024,cm0,stageC,-0.05,-0.1042,0.25,0.12339551870278656,1024,50,2,2,False,PRE_PRIMARY_PHASE_IMBALANCE,0.4200920000000001,0.00035735766347014383,0.7692293621937618,-0.015189691145952668,-1.7585370812124077,0.009832543936740427,0.019944252291529945,0.09236072076506878,0.24354451359999998,0.04800782786171438,True,True,False,False,True,-0.04997621087120674,-0.05103382697148107,0.0,"{""0.1234"": 4}"
c3_w2_tcop_cm0_states_L0.4_km0_1042_ucp0_1234_s1024,cm0,stageC,-0.05,-0.1042,0.25,0.12339551870278656,1024,75,3,0,True,,0.42156,-0.0003435187917775329,0.11968336389958613,-0.020562233321629337,-2.037775900162152,0.010328388350915554,0.02234088919343233,0.11006736855947595,0.2437584672,0.047397535800925344,True,True,False,False,False,-0.04997621087120674,-0.05103382697148107,0.0,"{""0.1234"": 4}"
c3_w2_tcop_cm0_states_L0.4_km0_1042_ucp0_1234_s1024,cm0,stageC,-0.05,-0.1042,0.25,0.12339551870278656,1024,100,4,1,True,,0.420832,-0.00015862213613645446,0.30718901873932736,-0.020667953350506443,-2.1095955920329477,0.012919701185866349,0.023080347644013607,0.11025777481213947,0.2436380864,0.04793608010674214,True,True,False,False,False,-0.04997621087120674,-0.05103382697148107,0.0,"{""0.1234"": 4}"
c3_w2_tcop_cm0_states_L0.4_km0_1042_ucp0_1234_s1024,cm0,stageC,-0.05,-0.1042,0.25,0.12339551870278656,1024,125,5,2,True,,0.41974000000000006,-0.0007789973220490418,-0.46025764233159394,-0.0037353938799808755,-0.3596832920583541,0.02028487019788164,0.024750242715051152,0.12483918586544243,0.24345040799999995,0.048031368916573676,True,True,False,False,True,-0.04997621087120674,-0.05103382697148107,0.0,"{""0.1234"": 4}"
c3_w2_tcop_cm0_states_L0.4_km0_1042_ucp0_1234_s1024,cm0,stageC,-0.05,-0.1042,0.25,0.12339551870278656,1024,150,6,0,True,,0.41955999999999993,-0.0014482786995062905,-0.8690191083986536,0.005878170890123021,0.7002376061803244,0.012228889939647316,0.024748790239709967,0.12489274448257046,0.24342158719999996,0.048005483020171776,True,True,False,False,True,-0.04997621087120674,-0.05103382697148107,0.0,"{""0.1234"": 4}"
c3_w2_tcop_cm0_states_L0.4_km0_1042_ucp0_1234_s1024,cm0,stageC,-0.05,-0.1042,0.25,0.12339551870278656,1024,175,7,1,True,,0.418372,-0.0007545158784899119,-0.35103912796285186,-0.00865960202796764,-0.7780087767490853,0.007741062634797194,0.0227963103902395,0.11281825716630582,0.24324590880000002,0.047757194389955536,True,True,False,False,True,-0.04997621087120674,-0.05103382697148107,0.0,"{""0.1234"": 4}"
c3_w2_tcop_cm0_states_L0.4_km0_1042_ucp0_1234_s1024,cm0,stageC,-0.05,-0.1042,0.25,0.12339551870278656,1024,200,8,2,True,,0.41885599999999995,-0.0008278313720216022,-0.44666506293290836,-0.003371667385480101,-0.5354393802463339,0.0007827816397418979,0.022055754438496427,0.1184177853046923,0.2433303072,0.0484624727392237,True,True,False,False,True,-0.04997621087120674,-0.05103382697148107,0.0,"{""0.1234"": 4}"
c3_w2_tcop_cm0_states_L0.4_km0_1042_ucp0_1234_s1024,cm0,stageC,-0.05,-0.1042,0.25,0.12339551870278656,1024,225,9,0,True,,0.419088,-0.00060375426165334,-0.2680956873991127,-0.01041899004176685,-0.9512917516210355,0.007656246078223029,0.02111396067881283,0.11739777775217182,0.24337495039999996,0.048245707125090416,True,True,False,False,True,-0.04997621087120674,-0.05103382697148107,0.0,"{""0.1234"": 4}"
c3_w2_tcop_cm0_states_L0.4_km0_1042_ucp0_1234_s1024,cm0,stageC,-0.05,-0.1042,0.25,0.12339551870278656,1024,250,10,1,True,,0.419548,-0.00013514715365696913,0.32489773239244946,-0.01733526814806037,-1.7796773652533662,0.005140331157402673,0.021483479756053008,0.1287099446816337,0.24344623519999994,0.04843300213697268,True,True,False,False,True,-0.04997621087120674,-0.05103382697148107,0.0,"{""0.1234"": 4}"
c3_w2_tcop_cm0_states_L0.4_km0_1042_ucp0_1234_s1024,cm0,stageC,-0.05,-0.1042,0.25,0.12339551870278656,1024,275,11,2,True,,0.42011199999999993,-0.0006154166333993653,-0.18926129949937645,-0.015322730643253178,-1.5089390993204699,0.009749232507541986,0.02234765305317376,0.1285371516916033,0.2435297632,0.04824341878432747,True,True,False,False,True,-0.04997621087120674,-0.05103382697148107,0.0,"{""0.1234"": 4}"
c3_w2_tcop_cm0_states_L0.4_km0_1042_ucp0_1234_s1024,cm0,stageC,-0.05,-0.1042,0.25,0.12339551870278656,1024,300,12,0,False,EXITS_PRIMARY_BLOCK_SET,0.4203240000000001,-0.0004194018726709643,-0.02235538220348668,-0.004193938562156257,-0.29397221535876233,0.003288649295624851,0.023760582101029517,0.12847232104644907,0.24355199200000002,0.04803014703287926,True,True,False,False,True,-0.04997621087120674,-0.05103382697148107,0.0,"{""0.1234"": 4}"
c3_w2_tcop_cm0_states_L0.4_km0_1042_ucp0_1234_s31415,cm0,stageC,-0.05,-0.1042,0.25,0.12339551870278656,31415,0,0,0,False,PRE_PRIMARY_PHASE_IMBALANCE,0.41520399999999996,-0.0013518803348331104,-0.7935573060694298,-0.0019499149880539686,-0.2629287582177092,0.051187862567186417,0.0808792769201889,0.8545197039177858,0.241681928,0.04713213748600842,False,True,False,False,True,-0.04997621087120674,-0.05103382697148107,0.0,"{""0.1234"": 4}"
c3_w2_tcop_cm0_states_L0.4_km0_1042_ucp0_1234_s31415,cm0,stageC,-0.05,-0.1042,0.25,0.12339551870278656,31415,25,1,1,False,PRE_PRIMARY_PHASE_IMBALANCE,0.419076,-0.00011493055318993972,0.17425412108603794,-0.009825071349405494,-1.1189301458292416,0.003884934485381695,0.023172739903747568,0.13362731310400183,0.243357,0.047847949005155904,True,True,False,False,True,-0.04997621087120674,-0.05103382697148107,0.0,"{""0.1234"": 4}"
c3_w2_tcop_cm0_states_L0.4_km0_1042_ucp0_1234_s31415,cm0,stageC,-0.05,-0.1042,0.25,0.12339551870278656,31415,50,2,2,False,PRE_PRIMARY_PHASE_IMBALANCE,0.419036,0.00047280498617396764,0.8483919928667684,-0.023774854843526858,-2.2746231876678267,0.008180162969524616,0.023144814235393996,0.1088211988735546,0.2433507696,0.04789562301505222,True,True,False,False,False,-0.04997621087120674,-0.05103382697148107,0.0,"{""0.1234"": 4}"
c3_w2_tcop_cm0_states_L0.4_km0_1042_ucp0_1234_s31415,cm0,stageC,-0.05,-0.1042,0.25,0.12339551870278656,31415,75,3,0,True,,0.418732,0.0008323992869326071,1.2569844593740955,-0.02264806322078052,-2.2876228217168944,0.0011963023886709845,0.02327047943159171,0.1089002032113615,0.2433005648,0.04829194732043842,True,True,False,False,False,-0.04997621087120674,-0.05103382697148107,0.0,"{""0.1234"": 4}"
c3_w2_tcop_cm0_states_L0.4_km0_1042_ucp0_1234_s31415,cm0,stageC,-0.05,-0.1042,0.25,0.12339551870278656,31415,100,4,1,True,,0.41898399999999997,0.0009168794269861603,1.2757546712702204,-0.014353591895256852,-1.4647516746888833,0.0040742622653758736,0.02468919430165771,0.10883470464544069,0.24332940160000002,0.047255134578159864,True,True,False,False,True,-0.04997621087120674,-0.05103382697148107,0.0,"{""0.1234"": 4}"
c3_w2_tcop_cm0_states_L0.4_km0_1042_ucp0_1234_s31415,cm0,stageC,-0.05,-0.1042,0.25,0.12339551870278656,31415,125,5,2,True,,0.41895599999999994,0.0014345742943151476,1.8965978861864716,-0.00452356236626859,-0.4180423443030694,0.005736545914838288,0.02482834386462507,0.10884197837280778,0.24332366880000003,0.04727525847628969,True,True,False,False,True,-0.04997621087120674,-0.05103382697148107,0.0,"{""0.1234"": 4}"
c3_w2_tcop_cm0_states_L0.4_km0_1042_ucp0_1234_s31415,cm0,stageC,-0.05,-0.1042,0.25,0.12339551870278656,31415,150,6,0,True,,0.419016,0.0008922172892707351,1.535923170728727,-0.010094284207967262,-1.0952782098104354,0.006995372755016825,0.023668900673548845,0.10596254055701322,0.243343232,0.04673576514833153,True,True,False,False,True,-0.04997621087120674,-0.05103382697148107,0.0,"{""0.1234"": 4}"
c3_w2_tcop_cm0_states_L0.4_km0_1042_ucp0_1234_s31415,cm0,stageC,-0.05,-0.1042,0.25,0.12339551870278656,31415,175,7,1,True,,0.419372,0.00019999374833650705,0.6003436382268388,-0.010473151149757698,-0.9236502272360122,0.00023523235874391897,0.02429579274259327,0.12399492545044748,0.2433953104,0.04853829020474454,True,True,False,False,True,-0.04997621087120674,-0.05103382697148107,0.0,"{""0.1234"": 4}"
c3_w2_tcop_cm0_states_L0.4_km0_1042_ucp0_1234_s31415,cm0,stageC,-0.05,-0.1042,0.25,0.12339551870278656,31415,200,8,2,True,,0.418792,0.0014681604236144153,1.8062322697276973,-0.020450034003426557,-2.1162585193840413,0.0031487990841232473,0.023670216798990926,0.12416665045137762,0.24330699520000004,0.04787881301786835,True,True,False,False,False,-0.04997621087120674,-0.05103382697148107,0.0,"{""0.1234"": 4}"
c3_w2_tcop_cm0_states_L0.4_km0_1042_ucp0_1234_s31415,cm0,stageC,-0.05,-0.1042,0.25,0.12339551870278656,31415,225,9,0,True,,0.41880399999999995,-0.0001715568394826749,0.2587357522073256,-0.017865779621799704,-1.607506956334884,0.0012900880319023772,0.023109290879492712,0.13753450268494447,0.24331354080000003,0.047553439244706584,True,True,False,False,True,-0.04997621087120674,-0.05103382697148107,0.0,"{""0.1234"": 4}"
c3_w2_tcop_cm0_states_L0.4_km0_1042_ucp0_1234_s31415,cm0,stageC,-0.05,-0.1042,0.25,0.12339551870278656,31415,250,10,1,True,,0.41953199999999996,-0.0013889900836067711,-0.9204199226713221,-0.008913845300449346,-0.9241194310496664,0.0007168704039047289,0.02392138084480198,0.13729584361313116,0.243424184,0.048316259954594994,True,True,False,False,True,-0.04997621087120674,-0.05103382697148107,0.0,"{""0.1234"": 4}"
c3_w2_tcop_cm0_states_L0.4_km0_1042_ucp0_1234_s31415,cm0,stageC,-0.05,-0.1042,0.25,0.12339551870278656,31415,275,11,2,True,,0.418748,-0.001237974089658779,-0.828841220651349,-0.012622921638149522,-1.152317255462842,0.0012891141691635973,0.02241213265748058,0.13564243856533661,0.2433100336,0.047863059826968854,True,True,False,False,True,-0.04997621087120674,-0.05103382697148107,0.0,"{""0.1234"": 4}"
c3_w2_tcop_cm0_states_L0.4_km0_1042_ucp0_1234_s31415,cm0,stageC,-0.05,-0.1042,0.25,0.12339551870278656,31415,300,12,0,False,EXITS_PRIMARY_BLOCK_SET,0.42021200000000003,-0.0026846460273053196,-2.1763073473329992,-0.013342751116488569,-1.1894876078912577,0.007743723151162431,0.023030662796465474,0.13516986631707362,0.243540216,0.04738180089443625,True,True,False,False,False,-0.04997621087120674,-0.05103382697148107,0.0,"{""0.1234"": 4}"
c3_w2_tcop_cm0_states_L0.4_km0_1042_ucp0_2425_s42,cm0,stageC,-0.05,-0.1042,0.5,0.24248438819907564,42,0,0,0,False,PRE_PRIMARY_PHASE_IMBALANCE,0.43184399999999995,-0.0002808907297219231,0.05117556769287792,-0.015440092491086287,-1.4351770349439805,0.04490570479389957,0.08032027955012538,0.8466020117296942,0.24415165280000004,0.04728382031942851,False,True,False,False,True,-0.04997621087120674,-0.051709695088832774,0.0,"{""0.2425"": 4}"
c3_w2_tcop_cm0_states_L0.4_km0_1042_ucp0_2425_s42,cm0,stageC,-0.05,-0.1042,0.5,0.24248438819907564,42,25,1,1,False,PRE_PRIMARY_PHASE_IMBALANCE,0.435104,9.423227865044563e-05,0.6208394168594393,-0.013685919303215065,-1.3923733588813918,0.003071572870607548,0.021580005024870723,0.11583437496360784,0.2457003456,0.046538040182199335,True,True,False,False,True,-0.04997621087120674,-0.051709695088832774,0.0,"{""0.2425"": 4}"
c3_w2_tcop_cm0_states_L0.4_km0_1042_ucp0_2425_s42,cm0,stageC,-0.05,-0.1042,0.5,0.24248438819907564,42,50,2,2,False,PRE_PRIMARY_PHASE_IMBALANCE,0.43588,0.0009863188416580737,1.3719462591252372,-0.007225301700700546,-0.6931049601925191,0.010153167261867038,0.023595539477330587,0.12113425685708396,0.24578284799999994,0.047196457494180645,True,True,False,False,True,-0.04997621087120674,-0.051709695088832774,0.0,"{""0.2425"": 4}"
c3_w2_tcop_cm0_states_L0.4_km0_1042_ucp0_2425_s42,cm0,stageC,-0.05,-0.1042,0.5,0.24248438819907564,42,75,3,0,True,,0.436056,0.0008860547607275126,1.340402274771197,-0.017788234482740074,-1.684160322608839,0.00817187776675983,0.02237455745856287,0.11741611142280788,0.24581597439999997,0.04731051536392307,True,True,False,False,True,-0.04997621087120674,-0.051709695088832774,0.0,"{""0.2425"": 4}"
c3_w2_tcop_cm0_states_L0.4_km0_1042_ucp0_2425_s42,cm0,stageC,-0.05,-0.1042,0.5,0.24248438819907564,42,100,4,1,True,,0.43564800000000004,0.0012405468247477216,1.532702977195957,-0.016374044131070693,-1.8176066758440896,0.003369662652669325,0.024765574422462362,0.12487145556763382,0.24574241599999994,0.0469282441180149,True,True,False,False,True,-0.04997621087120674,-0.051709695088832774,0.0,"{""0.2425"": 4}"
c3_w2_tcop_cm0_states_L0.4_km0_1042_ucp0_2425_s42,cm0,stageC,-0.05,-0.1042,0.5,0.24248438819907564,42,125,5,2,True,,0.435536,0.00028158791873083384,0.6108818377667888,-0.008659171102309581,-0.8641792139277434,0.007352779638586188,0.023785087170688415,0.12490356681214972,0.2457370784,0.04726851704887726,True,True,False,False,True,-0.04997621087120674,-0.051709695088832774,0.0,"{""0.2425"": 4}"
c3_w2_tcop_cm0_states_L0.4_km0_1042_ucp0_2425_s42,cm0,stageC,-0.05,-0.1042,0.5,0.24248438819907564,42,150,6,0,True,,0.43514,0.00014217829923950846,0.48342805544524403,-0.0014423047953941231,0.0006171212033118694,0.004802796764480809,0.023859438974986148,0.13696741247192312,0.2456853904,0.046804491237487034,True,True,False,False,True,-0.04997621087120674,-0.051709695088832774,0.0,"{""0.2425"": 4}"
c3_w2_tcop_cm0_states_L0.4_km0_1042_ucp0_2425_s42,cm0,stageC,-0.05,-0.1042,0.5,0.24248438819907564,42,175,7,1,True,,0.4353039999999999,0.0005182557409169483,0.9115897043880418,0.004711980588349726,0.5222656754601415,0.0005966082783541295,0.02347118910282814,0.12129454330469161,0.2457100384,0.047379611480044874,True,True,False,False,True,-0.04997621087120674,-0.051709695088832774,0.0,"{""0.2425"": 4}"
c3_w2_tcop_cm0_states_L0.4_km0_1042_ucp0_2425_s42,cm0,stageC,-0.05,-0.1042,0.5,0.24248438819907564,42,200,8,2,True,,0.4345360000000001,0.00045247768818483996,0.8535957621732839,0.001048713320550453,0.14779449311831508,0.006055063581052554,0.022854256281053108,0.13807831770422166,0.24561584,0.046980684371345637,True,True,False,False,True,-0.04997621087120674,-0.051709695088832774,0.0,"{""0.2425"": 4}"
c3_w2_tcop_cm0_states_L0.4_km0_1042_ucp0_2425_s42,cm0,stageC,-0.05,-0.1042,0.5,0.24248438819907564,42,225,9,0,True,,0.43527599999999994,0.00047452674526837877,0.8965559419634974,-0.003100779299148593,-0.21194604810863596,0.0021180404871877652,0.023087487055156092,0.13784357479428322,0.24570981279999995,0.04709101638317016,True,True,False,False,True,-0.04997621087120674,-0.051709695088832774,0.0,"{""0.2425"": 4}"
c3_w2_tcop_cm0_states_L0.4_km0_1042_ucp0_2425_s42,cm0,stageC,-0.05,-0.1042,0.5,0.24248438819907564,42,250,10,1,True,,0.4351479999999999,-0.0009581199363548569,-0.6410963364892466,-0.01923517134836495,-1.9778893562830147,0.006984805021301707,0.022151534179009932,0.11214575245170426,0.245701304,0.047703439037453055,True,True,False,False,True,-0.04997621087120674,-0.051709695088832774,0.0,"{""0.2425"": 4}"
c3_w2_tcop_cm0_states_L0.4_km0_1042_ucp0_2425_s42,cm0,stageC,-0.05,-0.1042,0.5,0.24248438819907564,42,275,11,2,True,,0.4350120000000001,-0.0012547745887117052,-0.8690525961604934,-0.023729721830477092,-2.2544839090940325,0.0003404384456990809,0.02236726469389202,0.12413450634894087,0.2456818864,0.04626402334427908,True,True,False,False,False,-0.04997621087120674,-0.051709695088832774,0.0,"{""0.2425"": 4}"
c3_w2_tcop_cm0_states_L0.4_km0_1042_ucp0_2425_s42,cm0,stageC,-0.05,-0.1042,0.5,0.24248438819907564,42,300,12,0,False,EXITS_PRIMARY_BLOCK_SET,0.43595999999999996,-0.0020531680927457392,-1.7684080583456043,-0.007518131357804594,-0.8019401428832659,0.0072068863753839045,0.021018713082106816,0.12386457444750762,0.245814912,0.04578731702120141,True,True,False,False,True,-0.04997621087120674,-0.051709695088832774,0.0,"{""0.2425"": 4}"
c3_w2_tcop_cm0_states_L0.4_km0_1042_ucp0_2425_s137,cm0,stageC,-0.05,-0.1042,0.5,0.24248438819907564,137,0,0,0,False,PRE_PRIMARY_PHASE_IMBALANCE,0.43282,5.3859781700224645e-05,0.5463732840583059,-0.012328743316503762,-1.375328262727269,0.034727006653062185,0.08069372610872484,0.8465412854153197,0.244267032,0.04576557221318226,False,True,False,False,True,-0.04997621087120674,-0.051709695088832774,0.0,"{""0.2425"": 4}"
c3_w2_tcop_cm0_states_L0.4_km0_1042_ucp0_2425_s137,cm0,stageC,-0.05,-0.1042,0.5,0.24248438819907564,137,25,1,1,False,PRE_PRIMARY_PHASE_IMBALANCE,0.4348719999999999,0.0005943034461761082,1.1178516859438707,-0.01554509902996582,-1.5706155335545173,0.0013368028580280687,0.023198345343929838,0.10853768440245024,0.2456565696,0.04649584514771186,True,True,False,False,True,-0.04997621087120674,-0.051709695088832774,0.0,"{""0.2425"": 4}"
c3_w2_tcop_cm0_states_L0.4_km0_1042_ucp0_2425_s137,cm0,stageC,-0.05,-0.1042,0.5,0.24248438819907564,137,50,2,2,False,PRE_PRIMARY_PHASE_IMBALANCE,0.435004,0.0019362095344881921,2.201078705425673,-0.0211969702274013,-1.9616263761479267,0.0028134968538803514,0.02325651829190482,0.10850474913218101,0.2456731728,0.047318072488215325,True,True,False,False,False,-0.04997621087120674,-0.051709695088832774,0.0,"{""0.2425"": 4}"
c3_w2_tcop_cm0_states_L0.4_km0_1042_ucp0_2425_s137,cm0,stageC,-0.05,-0.1042,0.5,0.24248438819907564,137,75,3,0,True,,0.4350240000000001,0.001820653610578608,2.085984404975951,-0.010699956610860137,-0.8393708398932612,0.005334308106842233,0.023450162317810663,0.1084997606833192,0.2456740512,0.046504617233130735,True,True,False,False,False,-0.04997621087120674,-0.051709695088832774,0.0,"{""0.2425"": 4}"
c3_w2_tcop_cm0_states_L0.4_km0_1042_ucp0_2425_s137,cm0,stageC,-0.05,-0.1042,0.5,0.24248438819907564,137,100,4,1,True,,0.4349800000000002,0.0018600265048103583,2.365240185374352,-0.008940233733816423,-0.8535735991327253,0.0032871005080940268,0.022819130026125456,0.10851073587633744,0.2456738768,0.046342632639935336,True,True,False,False,False,-0.04997621087120674,-0.051709695088832774,0.0,"{""0.2425"": 4}"
c3_w2_tcop_cm0_states_L0.4_km0_1042_ucp0_2425_s137,cm0,stageC,-0.05,-0.1042,0.5,0.24248438819907564,137,125,5,2,True,,0.43481200000000003,0.0015835283914342163,2.211918272270864,0.004231052496266785,0.5247426344941146,0.0012260317288963418,0.02063224042940891,0.10671278597022898,0.24567004320000002,0.04623510198972205,True,True,False,False,False,-0.04997621087120674,-0.051709695088832774,0.0,"{""0.2425"": 4}"
c3_w2_tcop_cm0_states_L0.4_km0_1042_ucp0_2425_s137,cm0,stageC,-0.05,-0.1042,0.5,0.24248438819907564,137,150,6,0,True,,0.4347000000000001,0.0014020836861760478,1.854316755686778,-0.0014883521282502308,0.07524644175872432,0.0020358143427971686,0.019709524119556697,0.10213940625226739,0.245662504,0.04629589614641886,True,True,False,False,True,-0.04997621087120674,-0.051709695088832774,0.0,"{""0.2425"": 4}"
c3_w2_tcop_cm0_states_L0.4_km0_1042_ucp0_2425_s137,cm0,stageC,-0.05,-0.1042,0.5,0.24248438819907564,137,175,7,1,True,,0.434964,0.0006353459603979837,0.9848803558558334,-0.010874953588782254,-1.1854772590155294,0.0019275246651599518,0.019607503433568246,0.10207741306848975,0.24569758239999998,0.04754322984400618,True,True,False,False,True,-0.04997621087120674,-0.051709695088832774,0.0,"{""0.2425"": 4}"
c3_w2_tcop_cm0_states_L0.4_km0_1042_ucp0_2425_s137,cm0,stageC,-0.05,-0.1042,0.5,0.24248438819907564,137,200,8,2,True,,0.43458399999999997,0.0005089656192911878,0.9470325812354974,-0.00010371094592149475,-0.026336101936168144,0.0034574449394541725,0.021085231362542377,0.10216666949964409,0.24563678079999995,0.046376146282329236,True,True,False,False,True,-0.04997621087120674,-0.051709695088832774,0.0,"{""0.2425"": 4}"
c3_w2_tcop_cm0_states_L0.4_km0_1042_ucp0_2425_s137,cm0,stageC,-0.05,-0.1042,0.5,0.24248438819907564,137,225,9,0,True,,0.435328,0.00032668112419471435,0.7415634640452863,0.008499995539615788,0.9322425243766568,0.005696688444351097,0.019722446667525942,0.10199206092419494,0.24574381759999994,0.046237781261647924,True,True,False,False,True,-0.04997621087120674,-0.051709695088832774,0.0,"{""0.2425"": 4}"
c3_w2_tcop_cm0_states_L0.4_km0_1042_ucp0_2425_s137,cm0,stageC,-0.05,-0.1042,0.5,0.24248438819907564,137,250,10,1,True,,0.43507199999999996,-0.00034429507394027675,0.07803868983498365,-0.01854356996271087,-2.0148192989992793,0.0016054120820904595,0.02057946191935986,0.1011326858516919,0.24570418879999997,0.04681746272492776,True,True,False,False,False,-0.04997621087120674,-0.051709695088832774,0.0,"{""0.2425"": 4}"
c3_w2_tcop_cm0_states_L0.4_km0_1042_ucp0_2425_s137,cm0,stageC,-0.05,-0.1042,0.5,0.24248438819907564,137,275,11,2,True,,0.43509999999999993,0.0011260142828784835,1.5357798372882139,-0.023961007720219602,-2.3084200653887006,0.002713578637308754,0.020669316588147378,0.0992875198821248,0.245707112,0.04715962255998239,True,True,False,False,False,-0.04997621087120674,-0.051709695088832774,0.0,"{""0.2425"": 4}"
c3_w2_tcop_cm0_states_L0.4_km0_1042_ucp0_2425_s137,cm0,stageC,-0.05,-0.1042,0.5,0.24248438819907564,137,300,12,0,False,EXITS_PRIMARY_BLOCK_SET,0.43520800000000004,0.0007864597903850492,1.4091939970653926,-0.009327607459634847,-1.030335661496453,0.00421137313219616,0.01998234946904674,0.09282917572096759,0.24572636799999997,0.04660897698941697,True,True,False,False,True,-0.04997621087120674,-0.051709695088832774,0.0,"{""0.2425"": 4}"
c3_w2_tcop_cm0_states_L0.4_km0_1042_ucp0_2425_s256,cm0,stageC,-0.05,-0.1042,0.5,0.24248438819907564,256,0,0,0,False,PRE_PRIMARY_PHASE_IMBALANCE,0.4337520000000001,0.0003301818030636497,0.6447476317764946,-0.009041290792123168,-0.9818524224828898,0.04742133030457378,0.08143051051813698,0.8659326046544278,0.24436365439999996,0.04541456259835605,False,True,False,False,True,-0.04997621087120674,-0.051709695088832774,0.0,"{""0.2425"": 4}"
c3_w2_tcop_cm0_states_L0.4_km0_1042_ucp0_2425_s256,cm0,stageC,-0.05,-0.1042,0.5,0.24248438819907564,256,25,1,1,False,PRE_PRIMARY_PHASE_IMBALANCE,0.436488,0.00044071472200155407,0.7215817965217466,-0.006383176967092252,-0.607103751337901,0.008543219728255821,0.02415752638116329,0.0998881983012403,0.24585504,0.04517063045829669,True,True,False,False,True,-0.04997621087120674,-0.051709695088832774,0.0,"{""0.2425"": 4}"
c3_w2_tcop_cm0_states_L0.4_km0_1042_ucp0_2425_s256,cm0,stageC,-0.05,-0.1042,0.5,0.24248438819907564,256,50,2,2,False,PRE_PRIMARY_PHASE_IMBALANCE,0.43552799999999997,0.0015052522869422264,1.8383938952196885,0.003558493905625984,0.45148452687504,0.017796456410867082,0.023947626145971065,0.10378207577060003,0.2457345792,0.045265452786866056,True,True,False,False,True,-0.04997621087120674,-0.051709695088832774,0.0,"{""0.2425"": 4}"
c3_w2_tcop_cm0_states_L0.4_km0_1042_ucp0_2425_s256,cm0,stageC,-0.05,-0.1042,0.5,0.24248438819907564,256,75,3,0,True,,0.4346119999999999,0.0005007482036456347,0.9550974363312283,-0.011317077712814112,-1.121095672151756,0.014954971206596787,0.024835926383061948,0.11964694918767327,0.24560789919999998,0.04613772270062752,True,True,False,False,True,-0.04997621087120674,-0.051709695088832774,0.0,"{""0.2425"": 4}"
c3_w2_tcop_cm0_states_L0.4_km0_1042_ucp0_2425_s256,cm0,stageC,-0.05,-0.1042,0.5,0.24248438819907564,256,100,4,1,True,,0.434364,0.0004725053856182242,0.6120427754699258,-0.013031939481326638,-1.5048318956751459,0.0036321558972305973,0.02517714649705352,0.11971526157850267,0.24557231839999996,0.04711979949023552,True,True,False,False,True,-0.04997621087120674,-0.051709695088832774,0.0,"{""0.2425"": 4}"
c3_w2_tcop_cm0_states_L0.4_km0_1042_ucp0_2425_s256,cm0,stageC,-0.05,-0.1042,0.5,0.24248438819907564,256,125,5,2,True,,0.43502799999999986,0.000363482485219453,0.6813195233709392,-0.017765220352227416,-1.7325140043519824,0.013029429838199443,0.024027943281863865,0.12137149764757332,0.2456693775999999,0.047296926073477547,True,True,False,False,True,-0.04997621087120674,-0.051709695088832774,0.0,"{""0.2425"": 4}"
c3_w2_tcop_cm0_states_L0.4_km0_1042_ucp0_2425_s256,cm0,stageC,-0.05,-0.1042,0.5,0.24248438819907564,256,150,6,0,True,,0.4360720000000001,-0.00025656585863044674,0.192131165314132,-0.011436621726602163,-1.0820674256332923,0.009089683278329886,0.023298680810592942,0.12108092213881899,0.24580998719999994,0.047477266307149574,True,True,False,False,True,-0.04997621087120674,-0.051709695088832774,0.0,"{""0.2425"": 4}"
c3_w2_tcop_cm0_states_L0.4_km0_1042_ucp0_2425_s256,cm0,stageC,-0.05,-0.1042,0.5,0.24248438819907564,256,175,7,1,True,,0.436492,0.00016441973669333753,0.49266129056061914,-0.009351608990523059,-0.8041224993231119,0.00677743423202586,0.022484379222437435,0.1172988276593871,0.24587041439999993,0.047009508995521324,True,True,False,False,True,-0.04997621087120674,-0.051709695088832774,0.0,"{""0.2425"": 4}"
c3_w2_tcop_cm0_states_L0.4_km0_1042_ucp0_2425_s256,cm0,stageC,-0.05,-0.1042,0.5,0.24248438819907564,256,200,8,2,True,,0.43617200000000006,3.151409246182475e-05,0.4122961916801563,-0.009209207087372015,-1.0106816835970431,0.006516062942842345,0.02101640387683889,0.11738488459281002,0.24584195679999998,0.04664103789582732,True,True,False,False,True,-0.04997621087120674,-0.051709695088832774,0.0,"{""0.2425"": 4}"
c3_w2_tcop_cm0_states_L0.4_km0_1042_ucp0_2425_s256,cm0,stageC,-0.05,-0.1042,0.5,0.24248438819907564,256,225,9,0,True,,0.43553200000000003,-0.0013267350933883414,-0.8604473538642673,-0.00739406649643267,-0.7381328018726094,0.008303503843256227,0.02068133800814114,0.11021004171861079,0.24576274399999998,0.04634735133748206,True,True,False,False,True,-0.04997621087120674,-0.051709695088832774,0.0,"{""0.2425"": 4}"
c3_w2_tcop_cm0_states_L0.4_km0_1042_ucp0_2425_s256,cm0,stageC,-0.05,-0.1042,0.5,0.24248438819907564,256,250,10,1,True,,0.43473600000000007,0.0007044672812998701,1.0483370096980913,-0.016137356341244028,-1.4234896408224393,0.007663347745878187,0.020706398100975958,0.11041183589486078,0.2456595776,0.046809938090110734,True,True,False,False,True,-0.04997621087120674,-0.051709695088832774,0.0,"{""0.2425"": 4}"
c3_w2_tcop_cm0_states_L0.4_km0_1042_ucp0_2425_s256,cm0,stageC,-0.05,-0.1042,0.5,0.24248438819907564,256,275,11,2,True,,0.4346,0.0004901961264001784,0.9562584603445665,-0.0018459773822965455,-0.18012362320577138,0.004156513202732846,0.020022374475610824,0.10676484098765567,0.24564711999999997,0.047242777225730496,True,True,False,False,True,-0.04997621087120674,-0.051709695088832774,0.0,"{""0.2425"": 4}"
c3_w2_tcop_cm0_states_L0.4_km0_1042_ucp0_2425_s256,cm0,stageC,-0.05,-0.1042,0.5,0.24248438819907564,256,300,12,0,False,EXITS_PRIMARY_BLOCK_SET,0.434352,0.0007169995249513666,1.084551779374843,-0.001073971147038551,-0.04625722740030607,0.0015218672898672306,0.020098377934762608,0.09853759140388983,0.2456141312,0.04667697608029038,True,True,False,False,True,-0.04997621087120674,-0.051709695088832774,0.0,"{""0.2425"": 4}"
c3_w2_tcop_cm0_states_L0.4_km0_1042_ucp0_2425_s1024,cm0,stageC,-0.05,-0.1042,0.5,0.24248438819907564,1024,0,0,0,False,PRE_PRIMARY_PHASE_IMBALANCE,0.432204,2.217255069143866e-05,0.36512083359954894,-0.006724362870943306,-0.6312946777572015,0.032712825028628156,0.08009821557492501,0.8681085763479547,0.24420524320000003,0.046159531886707864,False,True,False,False,True,-0.04997621087120674,-0.051709695088832774,0.0,"{""0.2425"": 4}"
c3_w2_tcop_cm0_states_L0.4_km0_1042_ucp0_2425_s1024,cm0,stageC,-0.05,-0.1042,0.5,0.24248438819907564,1024,25,1,1,False,PRE_PRIMARY_PHASE_IMBALANCE,0.435032,0.0007570877206290575,1.0909392015236847,-0.010446409826950902,-0.9636652307012747,0.006141955508048254,0.019427731254308602,0.08275253295676512,0.24570772800000001,0.0463693754109326,True,True,False,False,True,-0.04997621087120674,-0.051709695088832774,0.0,"{""0.2425"": 4}"
c3_w2_tcop_cm0_states_L0.4_km0_1042_ucp0_2425_s1024,cm0,stageC,-0.05,-0.1042,0.5,0.24248438819907564,1024,50,2,2,False,PRE_PRIMARY_PHASE_IMBALANCE,0.435292,0.0007363503247432926,1.1479833926075873,-0.01382981466301477,-1.5596529429512793,0.007986059056395668,0.01992850359931091,0.08454095162663004,0.24573762399999996,0.04684991713973462,True,True,False,False,True,-0.04997621087120674,-0.051709695088832774,0.0,"{""0.2425"": 4}"
c3_w2_tcop_cm0_states_L0.4_km0_1042_ucp0_2425_s1024,cm0,stageC,-0.05,-0.1042,0.5,0.24248438819907564,1024,75,3,0,True,,0.43665199999999993,0.0003262339597865023,0.7660036982423937,-0.02154567965991015,-2.1642930161052147,0.009293638410650455,0.02208511707725978,0.09710249787679319,0.24589403359999998,0.04627084282785435,True,True,False,False,False,-0.04997621087120674,-0.051709695088832774,0.0,"{""0.2425"": 4}"
c3_w2_tcop_cm0_states_L0.4_km0_1042_ucp0_2425_s1024,cm0,stageC,-0.05,-0.1042,0.5,0.24248438819907564,1024,100,4,1,True,,0.436216,0.0001443848084700203,0.5147492659426828,-0.01805679594247053,-1.8331857693318456,0.010172858735587549,0.022899988760018072,0.10086745992612037,0.24583181440000001,0.04702426335414517,True,True,False,False,True,-0.04997621087120674,-0.051709695088832774,0.0,"{""0.2425"": 4}"
c3_w2_tcop_cm0_states_L0.4_km0_1042_ucp0_2425_s1024,cm0,stageC,-0.05,-0.1042,0.5,0.24248438819907564,1024,125,5,2,True,,0.43502,-0.00017026779094326253,0.08828021036486838,-0.0032561815480385164,-0.30450167471312733,0.018795498190816124,0.024665993164106777,0.11677623990442672,0.2456624624,0.04695912690840834,True,True,False,False,True,-0.04997621087120674,-0.051709695088832774,0.0,"{""0.2425"": 4}"
c3_w2_tcop_cm0_states_L0.4_km0_1042_ucp0_2425_s1024,cm0,stageC,-0.05,-0.1042,0.5,0.24248438819907564,1024,150,6,0,True,,0.43483999999999995,-0.0011995770938807262,-0.6679138950950881,0.002838233287783466,0.38316306372468634,0.013711241389730988,0.02480655159602553,0.11682457888689031,0.24563781759999997,0.04683005872300397,True,True,False,False,True,-0.04997621087120674,-0.051709695088832774,0.0,"{""0.2425"": 4}"
c3_w2_tcop_cm0_states_L0.4_km0_1042_ucp0_2425_s1024,cm0,stageC,-0.05,-0.1042,0.5,0.24248438819907564,1024,175,7,1,True,,0.43376,-0.0007042171319224512,-0.2618013024087,-0.010331264666467702,-0.9306406926058682,0.0062396501402283144,0.02298144168273162,0.11619328634223237,0.2455128928,0.046768604854111266,True,True,False,False,True,-0.04997621087120674,-0.051709695088832774,0.0,"{""0.2425"": 4}"
c3_w2_tcop_cm0_states_L0.4_km0_1042_ucp0_2425_s1024,cm0,stageC,-0.05,-0.1042,0.5,0.24248438819907564,1024,200,8,2,True,,0.434272,-0.0006480229962465083,-0.2835463720419963,-0.009903323790543136,-1.2575387214331997,0.005116936411061375,0.021790496420596786,0.11605629624738344,0.24559028160000002,0.04734627774176128,True,True,False,False,True,-0.04997621087120674,-0.051709695088832774,0.0,"{""0.2425"": 4}"
c3_w2_tcop_cm0_states_L0.4_km0_1042_ucp0_2425_s1024,cm0,stageC,-0.05,-0.1042,0.5,0.24248438819907564,1024,225,9,0,True,,0.43472400000000005,-0.0007591754878304097,-0.43489012722730325,-0.015082034910088037,-1.4183854552703745,0.003932819363927736,0.02044982437320555,0.10397401545814342,0.2456600112,0.04724620433431663,True,True,False,False,True,-0.04997621087120674,-0.051709695088832774,0.0,"{""0.2425"": 4}"
c3_w2_tcop_cm0_states_L0.4_km0_1042_ucp0_2425_s1024,cm0,stageC,-0.05,-0.1042,0.5,0.24248438819907564,1024,250,10,1,True,,0.43552399999999997,0.00017681260722593066,0.694738500950347,-0.0181203408712141,-1.9582438299454163,0.006196190916665311,0.020885717633561854,0.10929363224691716,0.24576010399999998,0.047296568839610344,True,True,False,False,True,-0.04997621087120674,-0.051709695088832774,0.0,"{""0.2425"": 4}"
c3_w2_tcop_cm0_states_L0.4_km0_1042_ucp0_2425_s1024,cm0,stageC,-0.05,-0.1042,0.5,0.24248438819907564,1024,275,11,2,True,,0.4361520000000001,-3.390647383306251e-05,0.45398532560531396,-0.010237888770031603,-1.0101471434135936,0.008629047554538475,0.021554570089887582,0.1118875985622268,0.2458350528,0.047271057699188414,True,True,False,False,True,-0.04997621087120674,-0.051709695088832774,0.0,"{""0.2425"": 4}"
c3_w2_tcop_cm0_states_L0.4_km0_1042_ucp0_2425_s1024,cm0,stageC,-0.05,-0.1042,0.5,0.24248438819907564,1024,300,12,0,False,EXITS_PRIMARY_BLOCK_SET,0.4363479999999999,0.00023034688627843205,0.6785512412372556,-0.004109720583430966,-0.2870693479621896,0.003752059632724322,0.02302564333041583,0.11183734058174352,0.2458474768,0.04756283103432764,True,True,False,False,True,-0.04997621087120674,-0.051709695088832774,0.0,"{""0.2425"": 4}"
c3_w2_tcop_cm0_states_L0.4_km0_1042_ucp0_2425_s31415,cm0,stageC,-0.05,-0.1042,0.5,0.24248438819907564,31415,0,0,0,False,PRE_PRIMARY_PHASE_IMBALANCE,0.43042400000000003,-0.0015892914097264497,-1.0763952163275932,-0.001117108271026487,-0.16676566107997315,0.050551678844662294,0.08166493482792216,0.8754158669697417,0.24392361919999994,0.04615517548444595,False,True,False,False,True,-0.04997621087120674,-0.051709695088832774,0.0,"{""0.2425"": 4}"
c3_w2_tcop_cm0_states_L0.4_km0_1042_ucp0_2425_s31415,cm0,stageC,-0.05,-0.1042,0.5,0.24248438819907564,31415,25,1,1,False,PRE_PRIMARY_PHASE_IMBALANCE,0.434272,-5.3043514161368104e-05,0.2672784705809013,-0.01059769542250079,-1.1526136016226765,0.0060421634095624,0.02240175262134253,0.13171468542361764,0.2455851872,0.04627126555433728,True,True,False,False,True,-0.04997621087120674,-0.051709695088832774,0.0,"{""0.2425"": 4}"
c3_w2_tcop_cm0_states_L0.4_km0_1042_ucp0_2425_s31415,cm0,stageC,-0.05,-0.1042,0.5,0.24248438819907564,31415,50,2,2,False,PRE_PRIMARY_PHASE_IMBALANCE,0.434364,0.00023156351547755637,0.6225134061155724,-0.019373570279570054,-1.9298310561322407,0.006381829979783732,0.022103233939760884,0.10221841565549074,0.2455997392,0.0468780919406923,True,True,False,False,True,-0.04997621087120674,-0.051709695088832774,0.0,"{""0.2425"": 4}"
c3_w2_tcop_cm0_states_L0.4_km0_1042_ucp0_2425_s31415,cm0,stageC,-0.05,-0.1042,0.5,0.24248438819907564,31415,75,3,0,True,,0.434576,0.00034498666237911535,0.7246383664793988,-0.02095668868562642,-2.1382687323496463,0.0044185413248393635,0.022103655689287044,0.1012481128703653,0.2456274304,0.04716036708932618,True,True,False,False,False,-0.04997621087120674,-0.051709695088832774,0.0,"{""0.2425"": 4}"
c3_w2_tcop_cm0_states_L0.4_km0_1042_ucp0_2425_s31415,cm0,stageC,-0.05,-0.1042,0.5,0.24248438819907564,31415,100,4,1,True,,0.434824,0.0005959999697508108,1.0798402601716213,-0.013835366731517881,-1.4306403037569695,0.005168952848294395,0.02344994440306675,0.11038949066659268,0.2456481184,0.04629394154746386,True,True,False,False,True,-0.04997621087120674,-0.051709695088832774,0.0,"{""0.2425"": 4}"
c3_w2_tcop_cm0_states_L0.4_km0_1042_ucp0_2425_s31415,cm0,stageC,-0.05,-0.1042,0.5,0.24248438819907564,31415,125,5,2,True,,0.43477199999999994,0.0008478333694704082,1.3494832737983002,-0.0056321267062534475,-0.5584096965547021,0.004487766256850599,0.023722401902656093,0.10948267112536526,0.2456389328,0.04641193829178006,True,True,False,False,True,-0.04997621087120674,-0.051709695088832774,0.0,"{""0.2425"": 4}"
c3_w2_tcop_cm0_states_L0.4_km0_1042_ucp0_2425_s31415,cm0,stageC,-0.05,-0.1042,0.5,0.24248438819907564,31415,150,6,0,True,,0.43484400000000006,0.0005111233975562102,1.0593210214987285,-0.009915577168367955,-1.1078524783012693,0.010079656837282928,0.022963574913810524,0.11682350425250548,0.24565498399999997,0.045739432265825074,True,True,False,False,True,-0.04997621087120674,-0.051709695088832774,0.0,"{""0.2425"": 4}"
c3_w2_tcop_cm0_states_L0.4_km0_1042_ucp0_2425_s31415,cm0,stageC,-0.05,-0.1042,0.5,0.24248438819907564,31415,175,7,1,True,,0.4346119999999999,-0.0001888558062792705,0.1966664471486566,-0.009950583905314005,-0.913678936912777,0.001457445585664739,0.023655413984921967,0.11688586574488086,0.24561871199999996,0.04725557592496361,True,True,False,False,True,-0.04997621087120674,-0.051709695088832774,0.0,"{""0.2425"": 4}"
c3_w2_tcop_cm0_states_L0.4_km0_1042_ucp0_2425_s31415,cm0,stageC,-0.05,-0.1042,0.5,0.24248438819907564,31415,200,8,2,True,,0.43406800000000006,0.0012120593461213867,1.471801246807674,-0.023730557455290877,-2.3229581629309397,0.0017224830343496899,0.022887000098608338,0.11611083950876165,0.2455542768,0.046751806125539155,True,True,False,False,False,-0.04997621087120674,-0.051709695088832774,0.0,"{""0.2425"": 4}"
c3_w2_tcop_cm0_states_L0.4_km0_1042_ucp0_2425_s31415,cm0,stageC,-0.05,-0.1042,0.5,0.24248438819907564,31415,225,9,0,True,,0.4342039999999999,3.7707730000418014e-05,0.4584718045373796,-0.019296468154167804,-1.730248806942778,0.003944162774137506,0.0227214347668188,0.12712918322463818,0.24557355360000002,0.04648318388406716,True,True,False,False,True,-0.04997621087120674,-0.051709695088832774,0.0,"{""0.2425"": 4}"
c3_w2_tcop_cm0_states_L0.4_km0_1042_ucp0_2425_s31415,cm0,stageC,-0.05,-0.1042,0.5,0.24248438819907564,31415,250,10,1,True,,0.43501199999999995,-0.0011587116944103987,-0.6776985256787462,-0.008307179126381693,-0.9244305580776223,0.002897313255050964,0.02337827612497644,0.13516868469106907,0.2456731344,0.04689690667837272,True,True,False,False,True,-0.04997621087120674,-0.051709695088832774,0.0,"{""0.2425"": 4}"
c3_w2_tcop_cm0_states_L0.4_km0_1042_ucp0_2425_s31415,cm0,stageC,-0.05,-0.1042,0.5,0.24248438819907564,31415,275,11,2,True,,0.43442000000000003,-0.0009983947580487363,-0.5936878507485609,-0.013554628358575242,-1.287458855172575,0.00015083686870847915,0.02204633565799989,0.13535288399393933,0.2456075376,0.046751509066553135,True,True,False,False,True,-0.04997621087120674,-0.051709695088832774,0.0,"{""0.2425"": 4}"
c3_w2_tcop_cm0_states_L0.4_km0_1042_ucp0_2425_s31415,cm0,stageC,-0.05,-0.1042,0.5,0.24248438819907564,31415,300,12,0,False,EXITS_PRIMARY_BLOCK_SET,0.4358680000000001,-0.002263008270122864,-1.801874250797168,-0.013101862526493617,-1.1533519904763223,0.006036008801455407,0.02218885124909537,0.13490322727315787,0.2457935504,0.046445737974544016,True,True,False,False,True,-0.04997621087120674,-0.051709695088832774,0.0,"{""0.2425"": 4}"
c3_w2_tcop_cm0_states_L0.4_kp0_2090_ucp0_0498_s42,cm0,stageC,0.1,0.209,0.1,0.04977134874876729,42,0,0,0,False,PRE_PRIMARY_PHASE_IMBALANCE,0.3971680000000001,-0.0004006856783511843,-0.06624665052811919,0.008874586443296981,0.8425116975682072,0.05197554750245412,0.079000855677495,0.8067115155130534,0.238441088,0.050014995511346395,False,True,False,False,True,0.09999977978965197,0.10093007227060136,0.0,"{""0.0498"": 4}"
c3_w2_tcop_cm0_states_L0.4_kp0_2090_ucp0_0498_s42,cm0,stageC,0.1,0.209,0.1,0.04977134874876729,42,25,1,1,False,PRE_PRIMARY_PHASE_IMBALANCE,0.400756,0.00026005468241572805,0.7278962479609984,0.00801918055502827,0.8069755923812465,0.0009373223677724604,0.022011920942387957,0.11278683260441048,0.2400728112,0.049436307143636844,True,True,False,False,True,0.09999977978965197,0.10093007227060136,0.0,"{""0.0498"": 4}"
c3_w2_tcop_cm0_states_L0.4_kp0_2090_ucp0_0498_s42,cm0,stageC,0.1,0.209,0.1,0.04977134874876729,42,50,2,2,False,PRE_PRIMARY_PHASE_IMBALANCE,0.40147200000000005,0.0009117825073365591,1.337906286858352,0.015660286204969037,1.563147384920204,0.009942409806844585,0.02386083711538179,0.11956001883179902,0.24020046719999996,0.049674875097980874,True,True,False,False,True,0.09999977978965197,0.10093007227060136,0.0,"{""0.0498"": 4}"
c3_w2_tcop_cm0_states_L0.4_kp0_2090_ucp0_0498_s42,cm0,stageC,0.1,0.209,0.1,0.04977134874876729,42,75,3,0,True,,0.4013479999999998,0.0005735881357100328,0.9723711590215821,-0.0016021204143254388,-0.09338149893407588,0.00926072054154321,0.024104571222007723,0.12159024058525217,0.2401741904,0.04919332166056689,True,True,False,False,True,0.09999977978965197,0.10093007227060136,0.0,"{""0.0498"": 4}"
c3_w2_tcop_cm0_states_L0.4_kp0_2090_ucp0_0498_s42,cm0,stageC,0.1,0.209,0.1,0.04977134874876729,42,100,4,1,True,,0.401004,0.000771371418702039,1.0812232451743635,-0.0014624300299424283,-0.17102739988727617,0.005357689300173847,0.026378258735243774,0.12468703522985557,0.24008790239999997,0.049186095433567396,True,True,False,False,True,0.09999977978965197,0.10093007227060136,0.0,"{""0.0498"": 4}"
c3_w2_tcop_cm0_states_L0.4_kp0_2090_ucp0_0498_s42,cm0,stageC,0.1,0.209,0.1,0.04977134874876729,42,125,5,2,True,,0.40064800000000006,-0.00033129307351327996,-0.031285304203807394,0.010867749086582574,0.9707225519654458,0.011918286106088851,0.025786419832772127,0.12479782720792867,0.24002244480000004,0.049612700954493494,True,True,False,False,True,0.09999977978965197,0.10093007227060136,0.0,"{""0.0498"": 4}"
c3_w2_tcop_cm0_states_L0.4_kp0_2090_ucp0_0498_s42,cm0,stageC,0.1,0.209,0.1,0.04977134874876729,42,150,6,0,True,,0.400404,-0.00024536097007653843,0.13624371688776835,0.019244913419857578,2.0239003048703115,0.0075513290343866245,0.025808984631801042,0.14585268842006402,0.23997384479999997,0.048861813146873705,True,True,False,False,False,0.09999977978965197,0.10093007227060136,0.0,"{""0.0498"": 4}"
c3_w2_tcop_cm0_states_L0.4_kp0_2090_ucp0_0498_s42,cm0,stageC,0.1,0.209,0.1,0.04977134874876729,42,175,7,1,True,,0.40080800000000005,0.0003392273463851341,0.7092200652832886,0.02626989343814615,2.6403484633510055,0.0018013417831442672,0.025528104780866485,0.14171373789516728,0.24005625600000002,0.04951512027653775,True,True,False,False,False,0.09999977978965197,0.10093007227060136,0.0,"{""0.0498"": 4}"
c3_w2_tcop_cm0_states_L0.4_kp0_2090_ucp0_0498_s42,cm0,stageC,0.1,0.209,0.1,0.04977134874876729,42,200,8,2,True,,0.40004399999999996,0.0005013649425097994,0.8890081469241136,0.023351076318635488,2.314367447981788,0.005353746508043102,0.025519298917637524,0.14698383141108512,0.23990457760000003,0.04940564809816789,True,True,False,False,False,0.09999977978965197,0.10093007227060136,0.0,"{""0.0498"": 4}"
c3_w2_tcop_cm0_states_L0.4_kp0_2090_ucp0_0498_s42,cm0,stageC,0.1,0.209,0.1,0.04977134874876729,42,225,9,0,True,,0.4013279999999999,0.0005666270726688015,0.9451179580122631,0.02526711813855445,2.7978112311873264,0.0018217346148023171,0.025608899848623388,0.14651357456615635,0.240158208,0.048967707889996236,True,True,False,False,False,0.09999977978965197,0.10093007227060136,0.0,"{""0.0498"": 4}"
c3_w2_tcop_cm0_states_L0.4_kp0_2090_ucp0_0498_s42,cm0,stageC,0.1,0.209,0.1,0.04977134874876729,42,250,10,1,True,,0.40110399999999996,-0.0007381322667092812,-0.40300991389943486,0.006923518968000932,0.703996856843649,0.007693138356047884,0.02488532213915246,0.12565319686252643,0.24011994879999995,0.04985881250090098,True,True,False,False,True,0.09999977978965197,0.10093007227060136,0.0,"{""0.0498"": 4}"
c3_w2_tcop_cm0_states_L0.4_kp0_2090_ucp0_0498_s42,cm0,stageC,0.1,0.209,0.1,0.04977134874876729,42,275,11,2,True,,0.400668,-0.0011595669048502177,-0.7345158262279176,-0.004324772462174493,-0.4009769760492699,0.0031552467815920762,0.024912775978833353,0.11680493546575985,0.24003351839999998,0.04867436466971089,True,True,False,False,True,0.09999977978965197,0.10093007227060136,0.0,"{""0.0498"": 4}"
c3_w2_tcop_cm0_states_L0.4_kp0_2090_ucp0_0498_s42,cm0,stageC,0.1,0.209,0.1,0.04977134874876729,42,300,12,0,False,EXITS_PRIMARY_BLOCK_SET,0.40169999999999995,-0.0024389524009851547,-2.0946494274838128,0.007342617297356916,0.7262262241336122,0.011247129165876727,0.02337590527144155,0.11750062206248295,0.24024893600000002,0.04855378461047089,True,True,False,False,False,0.09999977978965197,0.10093007227060136,0.0,"{""0.0498"": 4}"
c3_w2_tcop_cm0_states_L0.4_kp0_2090_ucp0_0498_s137,cm0,stageC,0.1,0.209,0.1,0.04977134874876729,137,0,0,0,False,PRE_PRIMARY_PHASE_IMBALANCE,0.3986160000000001,8.151454379295049e-06,0.44483167471873514,0.012533779481645357,1.2504845925875545,0.039574069897280885,0.07869401532859237,0.8047845525398262,0.2387372896,0.0488131595371576,False,True,False,False,True,0.09999977978965197,0.10093007227060136,0.0,"{""0.0498"": 4}"
c3_w2_tcop_cm0_states_L0.4_kp0_2090_ucp0_0498_s137,cm0,stageC,0.1,0.209,0.1,0.04977134874876729,137,25,1,1,False,PRE_PRIMARY_PHASE_IMBALANCE,0.400736,4.046035847940984e-05,0.5006921317288864,0.0074297586976605,0.9031214047729009,0.0012913532796737484,0.023615676412547464,0.10281082781978457,0.24005709760000002,0.04902671010785856,True,True,False,False,True,0.09999977978965197,0.10093007227060136,0.0,"{""0.0498"": 4}"
c3_w2_tcop_cm0_states_L0.4_kp0_2090_ucp0_0498_s137,cm0,stageC,0.1,0.209,0.1,0.04977134874876729,137,50,2,2,False,PRE_PRIMARY_PHASE_IMBALANCE,0.40049200000000007,0.0012558561641708296,1.5873155680654827,0.0054042580152209915,0.5719020556466368,0.0023607326565674956,0.024862733139580758,0.11086363744877886,0.2399990096,0.049957961687803074,True,True,False,False,True,0.09999977978965197,0.10093007227060136,0.0,"{""0.0498"": 4}"
c3_w2_tcop_cm0_states_L0.4_kp0_2090_ucp0_0498_s137,cm0,stageC,0.1,0.209,0.1,0.04977134874876729,137,75,3,0,True,,0.400768,0.001585406323480811,1.8453273862569897,0.006966053341771387,0.7446437203993952,0.004110918906609954,0.02556290073780804,0.1107872881298225,0.24004805440000002,0.04881608521788694,True,True,False,False,True,0.09999977978965197,0.10093007227060136,0.0,"{""0.0498"": 4}"
c3_w2_tcop_cm0_states_L0.4_kp0_2090_ucp0_0498_s137,cm0,stageC,0.1,0.209,0.1,0.04977134874876729,137,100,4,1,True,,0.40074799999999994,0.0012312358187051855,1.5931277902232184,0.012676359490802676,1.4088220000063096,0.007746090848354054,0.024555161032100578,0.11079281715493822,0.24005220639999997,0.04856707213740602,True,True,False,False,True,0.09999977978965197,0.10093007227060136,0.0,"{""0.0498"": 4}"
c3_w2_tcop_cm0_states_L0.4_kp0_2090_ucp0_0498_s137,cm0,stageC,0.1,0.209,0.1,0.04977134874876729,137,125,5,2,True,,0.40062000000000003,0.0009778524985457836,1.5792264420310134,0.02634631784836196,2.5914468020006582,0.0019333968693833457,0.022839639485268574,0.10583595400669969,0.24003989280000007,0.048218415569157805,True,True,False,False,False,0.09999977978965197,0.10093007227060136,0.0,"{""0.0498"": 4}"
c3_w2_tcop_cm0_states_L0.4_kp0_2090_ucp0_0498_s137,cm0,stageC,0.1,0.209,0.1,0.04977134874876729,137,150,6,0,True,,0.4007919999999999,0.0014763607023766747,1.8807618815053257,0.01976555740135165,2.255138115075292,0.0031812199284638708,0.0214038228383125,0.10479251056709583,0.24008418240000004,0.048572551260974546,True,True,False,False,False,0.09999977978965197,0.10093007227060136,0.0,"{""0.0498"": 4}"
c3_w2_tcop_cm0_states_L0.4_kp0_2090_ucp0_0498_s137,cm0,stageC,0.1,0.209,0.1,0.04977134874876729,137,175,7,1,True,,0.400824,0.0006786680895671171,1.0549938402821137,0.018255266501422604,2.0188780678253924,0.0007030222195151106,0.01985373370088457,0.09480470207671016,0.2401007936,0.04936761108257113,True,True,False,False,False,0.09999977978965197,0.10093007227060136,0.0,"{""0.0498"": 4}"
c3_w2_tcop_cm0_states_L0.4_kp0_2090_ucp0_0498_s137,cm0,stageC,0.1,0.209,0.1,0.04977134874876729,137,200,8,2,True,,0.400124,0.0006304328199094422,0.9966628040853137,0.025340606352185772,2.5586034660394876,0.0007408444437808773,0.02314566262574281,0.13095940225790154,0.23993901600000003,0.04870589927308601,True,True,False,False,False,0.09999977978965197,0.10093007227060136,0.0,"{""0.0498"": 4}"
c3_w2_tcop_cm0_states_L0.4_kp0_2090_ucp0_0498_s137,cm0,stageC,0.1,0.209,0.1,0.04977134874876729,137,225,9,0,True,,0.40092,0.0009120114437138879,1.4837554846618501,0.029550899671619352,3.179226750567334,0.006416684753339748,0.02154234917118384,0.1306993910737818,0.24010856000000003,0.04880690115137407,True,True,False,False,False,0.09999977978965197,0.10093007227060136,0.0,"{""0.0498"": 4}"
c3_w2_tcop_cm0_states_L0.4_kp0_2090_ucp0_0498_s137,cm0,stageC,0.1,0.209,0.1,0.04977134874876729,137,250,10,1,True,,0.400776,9.929746572687188e-06,0.40876475348137703,0.0012299625633787274,0.10568420932039531,0.004951689838945802,0.022065932389082426,0.13074635175073768,0.2400763904,0.048955876296926805,True,True,False,False,True,0.09999977978965197,0.10093007227060136,0.0,"{""0.0498"": 4}"
c3_w2_tcop_cm0_states_L0.4_kp0_2090_ucp0_0498_s137,cm0,stageC,0.1,0.209,0.1,0.04977134874876729,137,275,11,2,True,,0.40090799999999993,0.0008352166060262387,1.2920647105967675,-0.00676138761432047,-0.38627730376047886,0.00676711687559946,0.022752673333438094,0.13070330317503442,0.2400975696,0.04958563840468326,True,True,False,False,True,0.09999977978965197,0.10093007227060136,0.0,"{""0.0498"": 4}"
c3_w2_tcop_cm0_states_L0.4_kp0_2090_ucp0_0498_s137,cm0,stageC,0.1,0.209,0.1,0.04977134874876729,137,300,12,0,False,EXITS_PRIMARY_BLOCK_SET,0.401244,0.0009133550727887399,1.483758124404649,0.004782617871596373,0.46649807789059106,0.0056751196406578065,0.02076994166144755,0.09470546576470804,0.24017780000000005,0.048720554840847204,True,True,False,False,True,0.09999977978965197,0.10093007227060136,0.0,"{""0.0498"": 4}"
c3_w2_tcop_cm0_states_L0.4_kp0_2090_ucp0_0498_s256,cm0,stageC,0.1,0.209,0.1,0.04977134874876729,256,0,0,0,False,PRE_PRIMARY_PHASE_IMBALANCE,0.39983599999999986,-0.0007103034795465686,-0.3405726467161593,0.02117831507548473,2.0856620408425903,0.05450959752358293,0.08008732892013001,0.8163346951841891,0.23894177760000004,0.04753454642678312,False,True,False,False,False,0.09999977978965197,0.10093007227060136,0.0,"{""0.0498"": 4}"
c3_w2_tcop_cm0_states_L0.4_kp0_2090_ucp0_0498_s256,cm0,stageC,0.1,0.209,0.1,0.04977134874876729,256,25,1,1,False,PRE_PRIMARY_PHASE_IMBALANCE,0.402888,-0.0005597339288179771,-0.2359178757557191,0.01868230006205103,1.750307411158476,0.009813336107611583,0.02632467882181039,0.11913981027198668,0.24045677440000002,0.04701722509889328,True,True,False,False,True,0.09999977978965197,0.10093007227060136,0.0,"{""0.0498"": 4}"
c3_w2_tcop_cm0_states_L0.4_kp0_2090_ucp0_0498_s256,cm0,stageC,0.1,0.209,0.1,0.04977134874876729,256,50,2,2,False,PRE_PRIMARY_PHASE_IMBALANCE,0.40165600000000007,0.00022871565094925567,0.6049525699467396,0.03163696702608989,3.237862049970352,0.02773277101713333,0.02554109974449462,0.11651761677525639,0.240223216,0.0469601710388708,True,True,False,False,False,0.09999977978965197,0.10093007227060136,0.0,"{""0.0498"": 4}"
c3_w2_tcop_cm0_states_L0.4_kp0_2090_ucp0_0498_s256,cm0,stageC,0.1,0.209,0.1,0.04977134874876729,256,75,3,0,True,,0.40065199999999995,-0.00017478305073388974,0.29131682611111115,0.010499973935272824,1.0750675558115397,0.018729147410495046,0.02582473958703342,0.12279983596038505,0.24002292,0.04814161293517283,True,True,False,False,True,0.09999977978965197,0.10093007227060136,0.0,"{""0.0498"": 4}"
c3_w2_tcop_cm0_states_L0.4_kp0_2090_ucp0_0498_s256,cm0,stageC,0.1,0.209,0.1,0.04977134874876729,256,100,4,1,True,,0.40046400000000004,-0.00016981290201109337,0.060943434336132675,0.006555110491165399,0.6219878409571429,0.00634487515248318,0.026168392660784308,0.12885053305952468,0.23998276480000003,0.04936582526404273,True,True,False,False,True,0.09999977978965197,0.10093007227060136,0.0,"{""0.0498"": 4}"
c3_w2_tcop_cm0_states_L0.4_kp0_2090_ucp0_0498_s256,cm0,stageC,0.1,0.209,0.1,0.04977134874876729,256,125,5,2,True,,0.400876,0.00029641263492376593,0.6445507044324559,-0.0006296817738674082,0.005683474014055051,0.01571895079599295,0.025644303886715788,0.12971592180695293,0.2400687504,0.0494116648576022,True,True,False,False,True,0.09999977978965197,0.10093007227060136,0.0,"{""0.0498"": 4}"
c3_w2_tcop_cm0_states_L0.4_kp0_2090_ucp0_0498_s256,cm0,stageC,0.1,0.209,0.1,0.04977134874876729,256,150,6,0,True,,0.40211199999999997,-8.133151974877612e-05,0.4362063622921113,0.010222534608964969,1.054285653407081,0.004408764914549432,0.025177566136300455,0.12931720483517722,0.24031544000000005,0.0495905178033059,True,True,False,False,True,0.09999977978965197,0.10093007227060136,0.0,"{""0.0498"": 4}"
c3_w2_tcop_cm0_states_L0.4_kp0_2090_ucp0_0498_s256,cm0,stageC,0.1,0.209,0.1,0.04977134874876729,256,175,7,1,True,,0.40218399999999993,0.0006929439373644256,1.043679399243316,0.01203823413163876,1.337371217737461,0.013204829291824037,0.024225650622769806,0.12631034519943513,0.24033710080000004,0.04977901308784657,True,True,False,False,True,0.09999977978965197,0.10093007227060136,0.0,"{""0.0498"": 4}"
c3_w2_tcop_cm0_states_L0.4_kp0_2090_ucp0_0498_s256,cm0,stageC,0.1,0.209,0.1,0.04977134874876729,256,200,8,2,True,,0.40147999999999995,0.0003654272821525221,0.7083606470305873,0.009856235013492393,0.932852930635693,0.010333204262112112,0.022625973403787938,0.12653183190561954,0.2402112928,0.04926306527206767,True,True,False,False,True,0.09999977978965197,0.10093007227060136,0.0,"{""0.0498"": 4}"
c3_w2_tcop_cm0_states_L0.4_kp0_2090_ucp0_0498_s256,cm0,stageC,0.1,0.209,0.1,0.04977134874876729,256,225,9,0,True,,0.40084400000000003,-0.001302740317200015,-0.8731196210332353,0.013279410964131532,1.3398820722377436,0.010545405932794742,0.02253072178983317,0.10677470510529093,0.24008652320000004,0.04860172490766145,True,True,False,False,True,0.09999977978965197,0.10093007227060136,0.0,"{""0.0498"": 4}"
c3_w2_tcop_cm0_states_L0.4_kp0_2090_ucp0_0498_s256,cm0,stageC,0.1,0.209,0.1,0.04977134874876729,256,250,10,1,True,,0.3997240000000001,0.0006871905625324781,1.0963539717116604,0.0020150084558478954,0.32688324330452406,0.012064129799960093,0.023092196253363617,0.10507249976215456,0.23985952160000001,0.04923132969969428,True,True,False,False,True,0.09999977978965197,0.10093007227060136,0.0,"{""0.0498"": 4}"
c3_w2_tcop_cm0_states_L0.4_kp0_2090_ucp0_0498_s256,cm0,stageC,0.1,0.209,0.1,0.04977134874876729,256,275,11,2,True,,0.39992400000000006,-9.868606266132529e-05,0.3713361400908199,0.020469736148164525,1.9702295106819316,0.0017002930484285314,0.023066340399716355,0.11302147379746785,0.23989969760000002,0.049701048520126814,True,True,False,False,True,0.09999977978965197,0.10093007227060136,0.0,"{""0.0498"": 4}"
c3_w2_tcop_cm0_states_L0.4_kp0_2090_ucp0_0498_s256,cm0,stageC,0.1,0.209,0.1,0.04977134874876729,256,300,12,0,False,EXITS_PRIMARY_BLOCK_SET,0.39990799999999993,0.0003379810169331351,0.6681956517379516,0.021666800487622682,2.0940089445796413,0.006034991393268642,0.022932487503174875,0.1100253055452121,0.23989748640000003,0.04885357239752278,True,True,False,False,False,0.09999977978965197,0.10093007227060136,0.0,"{""0.0498"": 4}"
c3_w2_tcop_cm0_states_L0.4_kp0_2090_ucp0_0498_s1024,cm0,stageC,0.1,0.209,0.1,0.04977134874876729,1024,0,0,0,False,PRE_PRIMARY_PHASE_IMBALANCE,0.39736399999999994,-0.00021412119116238007,0.18913795958362428,0.019685413123956517,1.9879779077679516,0.04161417127808622,0.07843053942583122,0.824433011484601,0.23849456479999995,0.048628916335859265,False,True,False,False,True,0.09999977978965197,0.10093007227060136,0.0,"{""0.0498"": 4}"
c3_w2_tcop_cm0_states_L0.4_kp0_2090_ucp0_0498_s1024,cm0,stageC,0.1,0.209,0.1,0.04977134874876729,1024,25,1,1,False,PRE_PRIMARY_PHASE_IMBALANCE,0.400756,0.0008783721666164843,1.2097750033977932,0.013292180404715647,1.2517312145180974,0.006522925180453371,0.02044301054189022,0.09781512916134726,0.24008350879999996,0.04891082154288558,True,True,False,False,True,0.09999977978965197,0.10093007227060136,0.0,"{""0.0498"": 4}"
c3_w2_tcop_cm0_states_L0.4_kp0_2090_ucp0_0498_s1024,cm0,stageC,0.1,0.209,0.1,0.04977134874876729,1024,50,2,2,False,PRE_PRIMARY_PHASE_IMBALANCE,0.4010079999999999,0.0007200460938313169,1.1267663637879282,0.008569689348207813,0.7857963125286396,0.009192556307281786,0.020032585329670533,0.09775366053107758,0.2401360512,0.04921162399271132,True,True,False,False,True,0.09999977978965197,0.10093007227060136,0.0,"{""0.0498"": 4}"
c3_w2_tcop_cm0_states_L0.4_kp0_2090_ucp0_0498_s1024,cm0,stageC,0.1,0.209,0.1,0.04977134874876729,1024,75,3,0,True,,0.40274800000000005,-0.00033723865832729135,0.14265233150931228,0.004589373207390207,0.46676353830270456,0.013053437165471108,0.02269301792177427,0.12613346279526289,0.24045851680000002,0.04864163336073327,True,True,False,False,True,0.09999977978965197,0.10093007227060136,0.0,"{""0.0498"": 4}"
c3_w2_tcop_cm0_states_L0.4_kp0_2090_ucp0_0498_s1024,cm0,stageC,0.1,0.209,0.1,0.04977134874876729,1024,100,4,1,True,,0.4019920000000001,-7.120224716339198e-05,0.36845587935496316,0.00373302699444099,0.356073427017135,0.014619066200691245,0.024149461618395953,0.12637067372890337,0.2403001888,0.04907903764337683,True,True,False,False,True,0.09999977978965197,0.10093007227060136,0.0,"{""0.0498"": 4}"
c3_w2_tcop_cm0_states_L0.4_kp0_2090_ucp0_0498_s1024,cm0,stageC,0.1,0.209,0.1,0.04977134874876729,1024,125,5,2,True,,0.40096000000000004,-0.0005608272196823058,-0.2622181729905689,0.019140993309212543,1.9516381261805673,0.020118532154201767,0.026054513346009053,0.14166001560838984,0.24008194239999997,0.04898447100867784,True,True,False,False,True,0.09999977978965197,0.10093007227060136,0.0,"{""0.0498"": 4}"
c3_w2_tcop_cm0_states_L0.4_kp0_2090_ucp0_0498_s1024,cm0,stageC,0.1,0.209,0.1,0.04977134874876729,1024,150,6,0,True,,0.401148,-0.0008784888065361684,-0.3755409320463391,0.03435434739209527,3.534565443966887,0.012940358887417321,0.027045673266534547,0.1415936259395694,0.24011057440000003,0.049191890551187396,True,True,False,False,False,0.09999977978965197,0.10093007227060136,0.0,"{""0.0498"": 4}"
c3_w2_tcop_cm0_states_L0.4_kp0_2090_ucp0_0498_s1024,cm0,stageC,0.1,0.209,0.1,0.04977134874876729,1024,175,7,1,True,,0.39982400000000007,0.0002289308657971921,0.649228671682357,0.020936445385915964,2.1865467252079513,0.010578912120628222,0.02495664982629981,0.1250550238978776,0.23986520320000004,0.048711898176934144,True,True,False,False,False,0.09999977978965197,0.10093007227060136,0.0,"{""0.0498"": 4}"
c3_w2_tcop_cm0_states_L0.4_kp0_2090_ucp0_0498_s1024,cm0,stageC,0.1,0.209,0.1,0.04977134874876729,1024,200,8,2,True,,0.4004120000000001,-0.00029860880024053785,0.060458960412706465,0.02277730885289841,2.2781339730130035,0.0002559619810821306,0.023674752061283447,0.12786829533613306,0.2399923664,0.05034868673560414,True,True,False,False,False,0.09999977978965197,0.10093007227060136,0.0,"{""0.0498"": 4}"
c3_w2_tcop_cm0_states_L0.4_kp0_2090_ucp0_0498_s1024,cm0,stageC,0.1,0.209,0.1,0.04977134874876729,1024,225,9,0,True,,0.40068800000000004,-0.0004727139641103086,-0.12909883691413346,0.012395204175799278,1.4859401462717499,0.009040555831929037,0.02226420760903415,0.11779738819780633,0.24005754240000002,0.04965890308897288,True,True,False,False,True,0.09999977978965197,0.10093007227060136,0.0,"{""0.0498"": 4}"
c3_w2_tcop_cm0_states_L0.4_kp0_2090_ucp0_0498_s1024,cm0,stageC,0.1,0.209,0.1,0.04977134874876729,1024,250,10,1,True,,0.40069599999999994,-0.00013172478966332364,0.22985261973952456,0.0033746759032736552,0.19892627926599205,0.001684437810871841,0.022242957818128833,0.12378461446137576,0.24005928000000004,0.050026348897356084,True,True,False,False,True,0.09999977978965197,0.10093007227060136,0.0,"{""0.0498"": 4}"
c3_w2_tcop_cm0_states_L0.4_kp0_2090_ucp0_0498_s1024,cm0,stageC,0.1,0.209,0.1,0.04977134874876729,1024,275,11,2,True,,0.40147599999999994,-0.0005138374593002347,-0.06059560398466127,0.0018540308045373799,0.09815967215923956,0.011730491833545943,0.022070622457291928,0.12354412188139743,0.24021450720000004,0.049709771916596035,True,True,False,False,True,0.09999977978965197,0.10093007227060136,0.0,"{""0.0498"": 4}"
c3_w2_tcop_cm0_states_L0.4_kp0_2090_ucp0_0498_s1024,cm0,stageC,0.1,0.209,0.1,0.04977134874876729,1024,300,12,0,False,EXITS_PRIMARY_BLOCK_SET,0.4016200000000001,-0.000284330693960892,0.13245365600761166,0.011383008572186593,1.3290494426724746,0.002793964962967214,0.022934219947423222,0.12349982539838701,0.240236536,0.04961910519144818,True,True,False,False,True,0.09999977978965197,0.10093007227060136,0.0,"{""0.0498"": 4}"
c3_w2_tcop_cm0_states_L0.4_kp0_2090_ucp0_0498_s31415,cm0,stageC,0.1,0.209,0.1,0.04977134874876729,31415,0,0,0,False,PRE_PRIMARY_PHASE_IMBALANCE,0.39587599999999995,-0.0008051930711965346,-0.3117885236632755,0.02724648879920413,2.7151310326096407,0.05865028889230988,0.07999260785837653,0.8275318513182617,0.23815538400000005,0.04842884082858065,False,True,False,False,False,0.09999977978965197,0.10093007227060136,0.0,"{""0.0498"": 4}"
c3_w2_tcop_cm0_states_L0.4_kp0_2090_ucp0_0498_s31415,cm0,stageC,0.1,0.209,0.1,0.04977134874876729,31415,25,1,1,False,PRE_PRIMARY_PHASE_IMBALANCE,0.4000639999999999,4.282531582712387e-05,0.35454722007663975,0.018323132644633967,1.9510499102597345,0.003950163043545957,0.025116777418548005,0.13597824314115184,0.23991182719999998,0.049062367492814694,True,True,False,False,True,0.09999977978965197,0.10093007227060136,0.0,"{""0.0498"": 4}"
c3_w2_tcop_cm0_states_L0.4_kp0_2090_ucp0_0498_s31415,cm0,stageC,0.1,0.209,0.1,0.04977134874876729,31415,50,2,2,False,PRE_PRIMARY_PHASE_IMBALANCE,0.40026799999999996,0.00031783454993443666,0.7424591001575893,0.005605368105318052,0.5328148118947931,0.008209920874643737,0.02568067511908793,0.1399062624543899,0.2399478672,0.04892655900428723,True,True,False,False,True,0.09999977978965197,0.10093007227060136,0.0,"{""0.0498"": 4}"
c3_w2_tcop_cm0_states_L0.4_kp0_2090_ucp0_0498_s31415,cm0,stageC,0.1,0.209,0.1,0.04977134874876729,31415,75,3,0,True,,0.39971199999999996,0.000213142486967917,0.5624606546981278,0.00885896015888651,1.0395481153120432,0.0010364498116301568,0.024644997533019523,0.1360979902127082,0.23984527680000003,0.04879996983605625,True,True,False,False,True,0.09999977978965197,0.10093007227060136,0.0,"{""0.0498"": 4}"
c3_w2_tcop_cm0_states_L0.4_kp0_2090_ucp0_0498_s31415,cm0,stageC,0.1,0.209,0.1,0.04977134874876729,31415,100,4,1,True,,0.39993599999999996,-1.2927131919506634e-06,0.4138213134024204,0.008337640933708371,0.8509649814123301,0.0029083561187867022,0.02608087512030815,0.13602176314204834,0.23987839680000003,0.048032446367013204,True,True,False,False,True,0.09999977978965197,0.10093007227060136,0.0,"{""0.0498"": 4}"
c3_w2_tcop_cm0_states_L0.4_kp0_2090_ucp0_0498_s31415,cm0,stageC,0.1,0.209,0.1,0.04977134874876729,31415,125,5,2,True,,0.399636,0.0006768909839770909,1.2196609651996173,0.014740201777502059,1.619495392041529,0.0009867965722729576,0.025302303107707227,0.12611476412006234,0.23982482079999998,0.04829314137639009,True,True,False,False,True,0.09999977978965197,0.10093007227060136,0.0,"{""0.0498"": 4}"
c3_w2_tcop_cm0_states_L0.4_kp0_2090_ucp0_0498_s31415,cm0,stageC,0.1,0.209,0.1,0.04977134874876729,31415,150,6,0,True,,0.3995520000000001,-0.0002308332771810415,0.243223996582383,0.007654129487554905,0.6692616281077286,0.006985321292158937,0.024361738027966155,0.10611885284989471,0.23981545280000002,0.04803289805955913,True,True,False,False,True,0.09999977978965197,0.10093007227060136,0.0,"{""0.0498"": 4}"
c3_w2_tcop_cm0_states_L0.4_kp0_2090_ucp0_0498_s31415,cm0,stageC,0.1,0.209,0.1,0.04977134874876729,31415,175,7,1,True,,0.40027200000000007,-1.8342667554466645e-05,0.3996298402538868,0.0136238428042099,1.370905479421288,0.005395670864316911,0.025785132574255347,0.14090418480207398,0.2399478016,0.049591995483142234,True,True,False,False,True,0.09999977978965197,0.10093007227060136,0.0,"{""0.0498"": 4}"
c3_w2_tcop_cm0_states_L0.4_kp0_2090_ucp0_0498_s31415,cm0,stageC,0.1,0.209,0.1,0.04977134874876729,31415,200,8,2,True,,0.399876,0.0017709838594627313,2.0617278716170055,0.006657010355236578,0.7049420637028171,0.003160295615332947,0.02452073866179562,0.14904620395060914,0.23987904160000006,0.049093631195909725,True,True,False,False,False,0.09999977978965197,0.10093007227060136,0.0,"{""0.0498"": 4}"
c3_w2_tcop_cm0_states_L0.4_kp0_2090_ucp0_0498_s31415,cm0,stageC,0.1,0.209,0.1,0.04977134874876729,31415,225,9,0,True,,0.4002640000000001,0.0002394812924961053,0.605285132568313,0.0018869303451318376,0.23988206152039998,0.002266730774704214,0.02425422906503091,0.14890172448958247,0.23995848320000002,0.04834553034149072,True,True,False,False,True,0.09999977978965197,0.10093007227060136,0.0,"{""0.0498"": 4}"
c3_w2_tcop_cm0_states_L0.4_kp0_2090_ucp0_0498_s31415,cm0,stageC,0.1,0.209,0.1,0.04977134874876729,31415,250,10,1,True,,0.40126799999999996,-0.0005373926148136464,-0.11294284392750537,0.010007675529573127,1.0702373818763569,0.00039538628844345734,0.024660079244292664,0.14852916218455203,0.24015407520000004,0.049298602170852676,True,True,False,False,True,0.09999977978965197,0.10093007227060136,0.0,"{""0.0498"": 4}"
c3_w2_tcop_cm0_states_L0.4_kp0_2090_ucp0_0498_s31415,cm0,stageC,0.1,0.209,0.1,0.04977134874876729,31415,275,11,2,True,,0.40017600000000003,-0.0006432019014228416,-0.31982699707982587,0.0033333587398605828,0.3852271032851559,9.116900632135832e-05,0.02288810377685403,0.13594018597831906,0.23995127680000003,0.04883327783387063,True,True,False,False,True,0.09999977978965197,0.10093007227060136,0.0,"{""0.0498"": 4}"
c3_w2_tcop_cm0_states_L0.4_kp0_2090_ucp0_0498_s31415,cm0,stageC,0.1,0.209,0.1,0.04977134874876729,31415,300,12,0,False,EXITS_PRIMARY_BLOCK_SET,0.40157200000000004,-0.0021574853306223895,-1.828574662283944,0.006639099207823663,0.7344838794902475,0.005503125179534045,0.02328593475306501,0.1255067581267948,0.24022448800000004,0.048797221396304935,True,True,False,False,True,0.09999977978965197,0.10093007227060136,0.0,"{""0.0498"": 4}"
c3_w2_tcop_cm0_states_L0.4_kp0_2090_ucp0_1234_s42,cm0,stageC,0.1,0.209,0.25,0.12339551870278656,42,0,0,0,False,PRE_PRIMARY_PHASE_IMBALANCE,0.408132,-0.0011494039256814263,-0.7779212449088965,0.006668017175761513,0.6135852417142981,0.05291464419121023,0.07946783925277566,0.8193427596479993,0.2405083472,0.04947312983832739,False,True,False,False,True,0.09999977978965197,0.10209909391676597,0.0,"{""0.1234"": 4}"
c3_w2_tcop_cm0_states_L0.4_kp0_2090_ucp0_1234_s42,cm0,stageC,0.1,0.209,0.25,0.12339551870278656,42,25,1,1,False,PRE_PRIMARY_PHASE_IMBALANCE,0.41188800000000003,-0.0004646445145209037,0.031067320268911923,0.006504230885747293,0.6375627546177686,0.004102496243626947,0.022441512818862176,0.121392222833896,0.24215083519999997,0.04887244065933274,True,True,False,False,True,0.09999977978965197,0.10209909391676597,0.0,"{""0.1234"": 4}"
c3_w2_tcop_cm0_states_L0.4_kp0_2090_ucp0_1234_s42,cm0,stageC,0.1,0.209,0.25,0.12339551870278656,42,50,2,2,False,PRE_PRIMARY_PHASE_IMBALANCE,0.413016,0.00013098070945546345,0.548066951315325,0.012891570990139973,1.2775493859528186,0.012676030777688717,0.023381020727917277,0.11621825760692497,0.2423405312,0.04911154389754001,True,True,False,False,True,0.09999977978965197,0.10209909391676597,0.0,"{""0.1234"": 4}"
c3_w2_tcop_cm0_states_L0.4_kp0_2090_ucp0_1234_s42,cm0,stageC,0.1,0.209,0.25,0.12339551870278656,42,75,3,0,True,,0.41302799999999995,-6.655286695188528e-05,0.32195458496844104,-0.003726417386434985,-0.308123549130222,0.008048104247636257,0.02293394300650943,0.11330950900832497,0.24234614559999998,0.04859209005589284,True,True,False,False,True,0.09999977978965197,0.10209909391676597,0.0,"{""0.1234"": 4}"
c3_w2_tcop_cm0_states_L0.4_kp0_2090_ucp0_1234_s42,cm0,stageC,0.1,0.209,0.25,0.12339551870278656,42,100,4,1,True,,0.412728,0.0002517863554131615,0.5606963611793016,-0.00026509842384209815,-0.05163378653435745,0.005871378540737504,0.025229626827813323,0.11726851554227356,0.242275168,0.04843798113051369,True,True,False,False,True,0.09999977978965197,0.10209909391676597,0.0,"{""0.1234"": 4}"
c3_w2_tcop_cm0_states_L0.4_kp0_2090_ucp0_1234_s42,cm0,stageC,0.1,0.209,0.25,0.12339551870278656,42,125,5,2,True,,0.412232,-0.0006305265039582747,-0.3235383830694974,0.01467334425261959,1.376101522104115,0.0148696194337845,0.024991225922855267,0.11740961371895045,0.24219064319999997,0.049137136424500766,True,True,False,False,True,0.09999977978965197,0.10209909391676597,0.0,"{""0.1234"": 4}"
c3_w2_tcop_cm0_states_L0.4_kp0_2090_ucp0_1234_s42,cm0,stageC,0.1,0.209,0.25,0.12339551870278656,42,150,6,0,True,,0.411644,-0.000507654873134776,-0.09458441644148305,0.019192317704894612,1.97046950677259,0.004336413263679829,0.02522598544331196,0.13992673246803852,0.2420853872,0.04837744581930716,True,True,False,False,True,0.09999977978965197,0.10209909391676597,0.0,"{""0.1234"": 4}"
c3_w2_tcop_cm0_states_L0.4_kp0_2090_ucp0_1234_s42,cm0,stageC,0.1,0.209,0.25,0.12339551870278656,42,175,7,1,True,,0.41186000000000006,-8.941571425939132e-05,0.23355541787619707,0.02249964570020281,2.228731110179061,0.00011830445386551261,0.025090303602649338,0.12528529081414722,0.24212455520000004,0.049239216078243976,True,True,False,False,False,0.09999977978965197,0.10209909391676597,0.0,"{""0.1234"": 4}"
c3_w2_tcop_cm0_states_L0.4_kp0_2090_ucp0_1234_s42,cm0,stageC,0.1,0.209,0.25,0.12339551870278656,42,200,8,2,True,,0.411028,0.00031153741991377765,0.6725879715305796,0.02113001328716392,2.097139529889054,0.004011222759705485,0.0249485697239535,0.1440291168873432,0.24197882720000002,0.04895654415908051,True,True,False,False,False,0.09999977978965197,0.10209909391676597,0.0,"{""0.1234"": 4}"
c3_w2_tcop_cm0_states_L0.4_kp0_2090_ucp0_1234_s42,cm0,stageC,0.1,0.209,0.25,0.12339551870278656,42,225,9,0,True,,0.412304,0.0004430661097180335,0.8176820949713236,0.02099380742122657,2.353079927878631,0.0028071416643226446,0.024779558267640302,0.1435833750252645,0.24220503039999997,0.04858777195961963,True,True,False,False,False,0.09999977978965197,0.10209909391676597,0.0,"{""0.1234"": 4}"
c3_w2_tcop_cm0_states_L0.4_kp0_2090_ucp0_1234_s42,cm0,stageC,0.1,0.209,0.25,0.12339551870278656,42,250,10,1,True,,0.412128,-0.0008794293854482734,-0.537928233786766,0.002254484920313783,0.2202049044471304,0.007432609070967028,0.024099088041955735,0.12617439211561857,0.24217986879999998,0.0492645066554005,True,True,False,False,True,0.09999977978965197,0.10209909391676597,0.0,"{""0.1234"": 4}"
c3_w2_tcop_cm0_states_L0.4_kp0_2090_ucp0_1234_s42,cm0,stageC,0.1,0.209,0.25,0.12339551870278656,42,275,11,2,True,,0.411764,-0.0010617249167961724,-0.6281248489710739,-0.004292548812322657,-0.4029267199609974,0.0035680314819259203,0.024268689605224693,0.12240020953167297,0.24211454880000002,0.04795548252285655,True,True,False,False,True,0.09999977978965197,0.10209909391676597,0.0,"{""0.1234"": 4}"
c3_w2_tcop_cm0_states_L0.4_kp0_2090_ucp0_1234_s42,cm0,stageC,0.1,0.209,0.25,0.12339551870278656,42,300,12,0,False,EXITS_PRIMARY_BLOCK_SET,0.41272,-0.0025645685655155013,-2.2476176446175757,0.00680863644206531,0.6681629474721668,0.010789216131373111,0.02264441067458518,0.12211668898498573,0.24229485760000002,0.04776150751389659,True,True,False,False,False,0.09999977978965197,0.10209909391676597,0.0,"{""0.1234"": 4}"
c3_w2_tcop_cm0_states_L0.4_kp0_2090_ucp0_1234_s137,cm0,stageC,0.1,0.209,0.25,0.12339551870278656,137,0,0,0,False,PRE_PRIMARY_PHASE_IMBALANCE,0.409816,-0.0007521631517290726,-0.3445813614204289,0.0038428193158757938,0.36267774221084076,0.039716623096824756,0.07939828313810919,0.8159759481914421,0.24080807999999998,0.047652556531627976,False,True,False,False,True,0.09999977978965197,0.10209909391676597,0.0,"{""0.1234"": 4}"
c3_w2_tcop_cm0_states_L0.4_kp0_2090_ucp0_1234_s137,cm0,stageC,0.1,0.209,0.25,0.12339551870278656,137,25,1,1,False,PRE_PRIMARY_PHASE_IMBALANCE,0.41198799999999997,-0.0004752638403466585,-0.00831390043207368,0.0025068236411554074,0.33757787114487053,0.003987893561079004,0.023145154644760507,0.10388652071447102,0.24216296159999998,0.04817476368390404,True,True,False,False,True,0.09999977978965197,0.10209909391676597,0.0,"{""0.1234"": 4}"
c3_w2_tcop_cm0_states_L0.4_kp0_2090_ucp0_1234_s137,cm0,stageC,0.1,0.209,0.25,0.12339551870278656,137,50,2,2,False,PRE_PRIMARY_PHASE_IMBALANCE,0.41203599999999985,0.001085193362301372,1.41130630230361,0.0016765305958069323,0.22295451715949735,0.0025846928328231325,0.024249171407530006,0.11261151910849657,0.24216250399999997,0.048996068250421895,True,True,False,False,True,0.09999977978965197,0.10209909391676597,0.0,"{""0.1234"": 4}"
c3_w2_tcop_cm0_states_L0.4_kp0_2090_ucp0_1234_s137,cm0,stageC,0.1,0.209,0.25,0.12339551870278656,137,75,3,0,True,,0.412284,0.0013408421800858259,1.6342701497739962,0.009832759746623254,1.0065217023012252,0.006222935053102497,0.02518772336666107,0.1183650102396285,0.2421980656,0.04807268812953983,True,True,False,False,True,0.09999977978965197,0.10209909391676597,0.0,"{""0.1234"": 4}"
c3_w2_tcop_cm0_states_L0.4_kp0_2090_ucp0_1234_s137,cm0,stageC,0.1,0.209,0.25,0.12339551870278656,137,100,4,1,True,,0.412008,0.0011206161816586504,1.4733451168058012,0.01400239771981623,1.5831251206651678,0.0033462890682720496,0.02378692856888263,0.11844430176490676,0.24216136000000002,0.04791542482332803,True,True,False,False,True,0.09999977978965197,0.10209909391676597,0.0,"{""0.1234"": 4}"
c3_w2_tcop_cm0_states_L0.4_kp0_2090_ucp0_1234_s137,cm0,stageC,0.1,0.209,0.25,0.12339551870278656,137,125,5,2,True,,0.41167200000000004,0.0008322179659074427,1.4007699602106567,0.024745409108756132,2.4842167955584173,0.0018482580446575838,0.022582547191789246,0.11562603209441967,0.24211173760000002,0.04771754830248511,True,True,False,False,False,0.09999977978965197,0.10209909391676597,0.0,"{""0.1234"": 4}"
c3_w2_tcop_cm0_states_L0.4_kp0_2090_ucp0_1234_s137,cm0,stageC,0.1,0.209,0.25,0.12339551870278656,137,150,6,0,True,,0.41168,0.0011075546033890095,1.4563971215588098,0.01814146398185468,2.1116551274011623,0.0041523779171746275,0.02112526715733183,0.11562378518357994,0.24212394240000001,0.04779265215490766,True,True,False,False,False,0.09999977978965197,0.10209909391676597,0.0,"{""0.1234"": 4}"
c3_w2_tcop_cm0_states_L0.4_kp0_2090_ucp0_1234_s137,cm0,stageC,0.1,0.209,0.25,0.12339551870278656,137,175,7,1,True,,0.4116040000000001,0.000276228861855229,0.6500700009812724,0.013345220918558755,1.4375792529919036,5.656487346175447e-05,0.01962113264341264,0.09232174592005477,0.24212092320000003,0.048666489333010245,True,True,False,False,True,0.09999977978965197,0.10209909391676597,0.0,"{""0.1234"": 4}"
c3_w2_tcop_cm0_states_L0.4_kp0_2090_ucp0_1234_s137,cm0,stageC,0.1,0.209,0.25,0.12339551870278656,137,200,8,2,True,,0.4113320000000001,0.0003809057087936852,0.7531762982351132,0.02974320882903861,3.0095521152255342,0.004309358993261806,0.022687107033681028,0.11863895802262173,0.24205090080000002,0.04800610144554544,True,True,False,False,False,0.09999977978965197,0.10209909391676597,0.0,"{""0.1234"": 4}"
c3_w2_tcop_cm0_states_L0.4_kp0_2090_ucp0_1234_s137,cm0,stageC,0.1,0.209,0.25,0.12339551870278656,137,225,9,0,True,,0.4123000000000001,0.0003455104538456417,0.7897620707767006,0.03172995780590717,3.499731128325213,0.008292849638366363,0.020870270642826972,0.11836041688488862,0.24223466720000006,0.0480702610768862,True,True,False,False,False,0.09999977978965197,0.10209909391676597,0.0,"{""0.1234"": 4}"
c3_w2_tcop_cm0_states_L0.4_kp0_2090_ucp0_1234_s137,cm0,stageC,0.1,0.209,0.25,0.12339551870278656,137,250,10,1,True,,0.412148,-0.0005085549503397844,-0.04495703461498433,-3.6165733986366135e-05,-0.06087481996769028,0.0035903315585831537,0.021463599772331126,0.11840406815414836,0.24220377120000003,0.048166233981908946,True,True,False,False,True,0.09999977978965197,0.10209909391676597,0.0,"{""0.1234"": 4}"
c3_w2_tcop_cm0_states_L0.4_kp0_2090_ucp0_1234_s137,cm0,stageC,0.1,0.209,0.25,0.12339551870278656,137,275,11,2,True,,0.41241200000000006,0.0005450718835422173,0.9587383093963708,-0.003398655480556947,-0.09629459456097463,0.0032912129867266856,0.02172431190216924,0.11832827338116186,0.24224807200000004,0.04869150086000636,True,True,False,False,True,0.09999977978965197,0.10209909391676597,0.0,"{""0.1234"": 4}"
c3_w2_tcop_cm0_states_L0.4_kp0_2090_ucp0_1234_s137,cm0,stageC,0.1,0.209,0.25,0.12339551870278656,137,300,12,0,False,EXITS_PRIMARY_BLOCK_SET,0.412356,0.0007315665639699544,1.2957565046941881,0.007062289236608075,0.7231129121027869,0.007071684656192259,0.01995959681800704,0.0931234174035944,0.2422507888,0.048040912397663726,True,True,False,False,True,0.09999977978965197,0.10209909391676597,0.0,"{""0.1234"": 4}"
c3_w2_tcop_cm0_states_L0.4_kp0_2090_ucp0_1234_s256,cm0,stageC,0.1,0.209,0.25,0.12339551870278656,256,0,0,0,False,PRE_PRIMARY_PHASE_IMBALANCE,0.410772,-0.0010733961958368308,-0.6965125582315269,0.019419940959306957,1.8402814637903309,0.05294035277118139,0.08046364747507913,0.8277097737243292,0.24094591519999994,0.046777815425690844,False,True,False,False,True,0.09999977978965197,0.10209909391676597,0.0,"{""0.1234"": 4}"
c3_w2_tcop_cm0_states_L0.4_kp0_2090_ucp0_1234_s256,cm0,stageC,0.1,0.209,0.25,0.12339551870278656,256,25,1,1,False,PRE_PRIMARY_PHASE_IMBALANCE,0.413752,-0.0007860416081538449,-0.4254042939788102,0.016897767660040978,1.5983630176949786,0.010147382586277847,0.025597780480634328,0.11987857431534203,0.24244911039999997,0.04653517482507184,True,True,False,False,True,0.09999977978965197,0.10209909391676597,0.0,"{""0.1234"": 4}"
c3_w2_tcop_cm0_states_L0.4_kp0_2090_ucp0_1234_s256,cm0,stageC,0.1,0.209,0.25,0.12339551870278656,256,50,2,2,False,PRE_PRIMARY_PHASE_IMBALANCE,0.41242799999999996,0.00013548826179699783,0.5472636682895555,0.031018000931910903,3.3642392594908506,0.023869825604895954,0.024887325551100428,0.11832368287719633,0.24222579039999995,0.04652638838336799,True,True,False,False,False,0.09999977978965197,0.10209909391676597,0.0,"{""0.1234"": 4}"
c3_w2_tcop_cm0_states_L0.4_kp0_2090_ucp0_1234_s256,cm0,stageC,0.1,0.209,0.25,0.12339551870278656,256,75,3,0,True,,0.411564,-0.00031093444616950186,0.13220525921358636,0.010420239432947218,1.066778955547601,0.01783832926003687,0.025580828618801024,0.13023490847052965,0.242068232,0.047714923284020896,True,True,False,False,True,0.09999977978965197,0.10209909391676597,0.0,"{""0.1234"": 4}"
c3_w2_tcop_cm0_states_L0.4_kp0_2090_ucp0_1234_s256,cm0,stageC,0.1,0.209,0.25,0.12339551870278656,256,100,4,1,True,,0.41125200000000006,-0.00046261501606766346,-0.18241559446926137,0.008237275335841121,0.7716065105611102,0.005970075560925749,0.025629619381488594,0.12547051412401508,0.242012696,0.04894397303039466,True,True,False,False,True,0.09999977978965197,0.10209909391676597,0.0,"{""0.1234"": 4}"
c3_w2_tcop_cm0_states_L0.4_kp0_2090_ucp0_1234_s256,cm0,stageC,0.1,0.209,0.25,0.12339551870278656,256,125,5,2,True,,0.4116679999999999,-0.00037361103707947505,-0.10152483755852572,0.0020792295607941023,0.23541192943143124,0.014520919200075989,0.025292229445563155,0.134088634205018,0.242089048,0.048978135693388734,True,True,False,False,True,0.09999977978965197,0.10209909391676597,0.0,"{""0.1234"": 4}"
c3_w2_tcop_cm0_states_L0.4_kp0_2090_ucp0_1234_s256,cm0,stageC,0.1,0.209,0.25,0.12339551870278656,256,150,6,0,True,,0.41306800000000005,-0.0008881252961556169,-0.4451695171270463,0.009359214709901727,0.9956045853155226,0.007803272876207658,0.024642542881909504,0.1336341712898743,0.2423392144,0.048744100935395246,True,True,False,False,True,0.09999977978965197,0.10209909391676597,0.0,"{""0.1234"": 4}"
c3_w2_tcop_cm0_states_L0.4_kp0_2090_ucp0_1234_s256,cm0,stageC,0.1,0.209,0.25,0.12339551870278656,256,175,7,1,True,,0.413408,-0.0002937855912010396,0.07354056612427728,0.007548762200617667,0.8509954805617624,0.007503653048603419,0.023385311301718083,0.12288102764610004,0.24240836160000004,0.04882525510430027,True,True,False,False,True,0.09999977978965197,0.10209909391676597,0.0,"{""0.1234"": 4}"
c3_w2_tcop_cm0_states_L0.4_kp0_2090_ucp0_1234_s256,cm0,stageC,0.1,0.209,0.25,0.12339551870278656,256,200,8,2,True,,0.41285200000000005,-0.0004082500415244053,-0.0040498953587929445,0.008423485067561182,0.8299276857600768,0.008085255232613773,0.02175567988421657,0.12401538535839617,0.24232455199999997,0.048441161175182414,True,True,False,False,True,0.09999977978965197,0.10209909391676597,0.0,"{""0.1234"": 4}"
c3_w2_tcop_cm0_states_L0.4_kp0_2090_ucp0_1234_s256,cm0,stageC,0.1,0.209,0.25,0.12339551870278656,256,225,9,0,True,,0.4123200000000001,-0.0019855726578294265,-1.5164864725901817,0.014180003843111917,1.4932096072955723,0.01241451266679556,0.021479348373393093,0.10477299159688352,0.2422337824,0.04793889443864971,True,True,False,False,True,0.09999977978965197,0.10209909391676597,0.0,"{""0.1234"": 4}"
c3_w2_tcop_cm0_states_L0.4_kp0_2090_ucp0_1234_s256,cm0,stageC,0.1,0.209,0.25,0.12339551870278656,256,250,10,1,True,,0.41120399999999996,-0.0002543865741742924,0.09932695504247734,0.0041615336297319465,0.5331032145459823,0.011895431788161721,0.021798569694083156,0.10505734354467046,0.24203492319999997,0.048503508986464064,True,True,False,False,True,0.09999977978965197,0.10209909391676597,0.0,"{""0.1234"": 4}"
c3_w2_tcop_cm0_states_L0.4_kp0_2090_ucp0_1234_s256,cm0,stageC,0.1,0.209,0.25,0.12339551870278656,256,275,11,2,True,,0.411228,-0.0009868700352487023,-0.5687956151090428,0.019920295048313427,1.9428633674942355,0.0012519854773913439,0.021584768920322468,0.11088739066676535,0.24204074400000003,0.04864701446132126,True,True,False,False,True,0.09999977978965197,0.10209909391676597,0.0,"{""0.1234"": 4}"
c3_w2_tcop_cm0_states_L0.4_kp0_2090_ucp0_1234_s256,cm0,stageC,0.1,0.209,0.25,0.12339551870278656,256,300,12,0,False,EXITS_PRIMARY_BLOCK_SET,0.411168,-0.0005142743553669313,-0.13500425663612586,0.023785128042871695,2.2314442192659123,0.004783340802017719,0.02131989395530845,0.11090357199270469,0.242032032,0.047923227938026045,True,True,False,False,False,0.09999977978965197,0.10209909391676597,0.0,"{""0.1234"": 4}"
c3_w2_tcop_cm0_states_L0.4_kp0_2090_ucp0_1234_s1024,cm0,stageC,0.1,0.209,0.25,0.12339551870278656,1024,0,0,0,False,PRE_PRIMARY_PHASE_IMBALANCE,0.4084640000000001,-0.0008406434749718537,-0.4442202708666773,0.019127525199401762,1.938141452813725,0.041488734928850225,0.07870666637927547,0.8323866954434496,0.2405876128,0.04798958953773203,False,True,False,False,True,0.09999977978965197,0.10209909391676597,0.0,"{""0.1234"": 4}"
c3_w2_tcop_cm0_states_L0.4_kp0_2090_ucp0_1234_s1024,cm0,stageC,0.1,0.209,0.25,0.12339551870278656,1024,25,1,1,False,PRE_PRIMARY_PHASE_IMBALANCE,0.41184799999999994,5.231810486183215e-05,0.44956411594564416,0.009053687119367625,0.9030699831590513,0.008092726659439825,0.01971758090359085,0.09323828185826254,0.24216328,0.048235514882708566,True,True,False,False,True,0.09999977978965197,0.10209909391676597,0.0,"{""0.1234"": 4}"
c3_w2_tcop_cm0_states_L0.4_kp0_2090_ucp0_1234_s1024,cm0,stageC,0.1,0.209,0.25,0.12339551870278656,1024,50,2,2,False,PRE_PRIMARY_PHASE_IMBALANCE,0.41214399999999995,-0.00014453752803894702,0.25768909328697087,0.003654183237084639,0.22000598133060076,0.00785862193924964,0.019885076213816546,0.09317131853630933,0.24221415680000002,0.048662544775217004,True,True,False,False,True,0.09999977978965197,0.10209909391676597,0.0,"{""0.1234"": 4}"
c3_w2_tcop_cm0_states_L0.4_kp0_2090_ucp0_1234_s1024,cm0,stageC,0.1,0.209,0.25,0.12339551870278656,1024,75,3,0,True,,0.41371199999999997,-0.0010200863526433968,-0.5751915098801381,0.00042245153783191004,0.046680894793707246,0.011440986280048996,0.022535872164483366,0.11408902784040828,0.242467456,0.04794393659264955,True,True,False,False,True,0.09999977978965197,0.10209909391676597,0.0,"{""0.1234"": 4}"
c3_w2_tcop_cm0_states_L0.4_kp0_2090_ucp0_1234_s1024,cm0,stageC,0.1,0.209,0.25,0.12339551870278656,1024,100,4,1,True,,0.413064,-0.0008660752720443095,-0.45935608792936405,-0.000329426441814274,-0.06482530112226857,0.013374180334936073,0.023261608010430167,0.11426800661818026,0.24234980800000003,0.048600122468981495,True,True,False,False,True,0.09999977978965197,0.10209909391676597,0.0,"{""0.1234"": 4}"
c3_w2_tcop_cm0_states_L0.4_kp0_2090_ucp0_1234_s1024,cm0,stageC,0.1,0.209,0.25,0.12339551870278656,1024,125,5,2,True,,0.41176,-0.001367005833619902,-0.9994525914695485,0.016886261882775463,1.6499526633713257,0.02113792100713953,0.025546462344188066,0.1350301143019474,0.24210305279999997,0.048756767735361625,True,True,False,False,True,0.09999977978965197,0.10209909391676597,0.0,"{""0.1234"": 4}"
c3_w2_tcop_cm0_states_L0.4_kp0_2090_ucp0_1234_s1024,cm0,stageC,0.1,0.209,0.25,0.12339551870278656,1024,150,6,0,True,,0.411956,-0.0017299115330739131,-1.2085678181631605,0.030209156086872448,3.0993970252346474,0.013401411961002198,0.026242593478792715,0.1349658698138493,0.2421313808,0.04844351415824414,True,True,False,False,False,0.09999977978965197,0.10209909391676597,0.0,"{""0.1234"": 4}"
c3_w2_tcop_cm0_states_L0.4_kp0_2090_ucp0_1234_s1024,cm0,stageC,0.1,0.209,0.25,0.12339551870278656,1024,175,7,1,True,,0.41061600000000004,-0.0007419507417523115,-0.32339177358790533,0.01766690491074428,1.7803493524454188,0.008833661414651766,0.023918579428428746,0.13150973139987301,0.24191404160000002,0.04823878671774405,True,True,False,False,True,0.09999977978965197,0.10209909391676597,0.0,"{""0.1234"": 4}"
c3_w2_tcop_cm0_states_L0.4_kp0_2090_ucp0_1234_s1024,cm0,stageC,0.1,0.209,0.25,0.12339551870278656,1024,200,8,2,True,,0.41102399999999994,-0.0007890314787173575,-0.39778687586187267,0.017647272035782393,1.777241852239297,0.0010674896729147517,0.02264950720224425,0.1313791892167387,0.24199660480000001,0.049219421207486784,True,True,False,False,True,0.09999977978965197,0.10209909391676597,0.0,"{""0.1234"": 4}"
c3_w2_tcop_cm0_states_L0.4_kp0_2090_ucp0_1234_s1024,cm0,stageC,0.1,0.209,0.25,0.12339551870278656,1024,225,9,0,True,,0.41152,-0.0006546262828401946,-0.29187672067707054,0.008587680038841057,1.0633753085953317,0.008605448393292598,0.02077639133806607,0.10983670268799406,0.24209818879999997,0.04884597834008446,True,True,False,False,True,0.09999977978965197,0.10209909391676597,0.0,"{""0.1234"": 4}"
c3_w2_tcop_cm0_states_L0.4_kp0_2090_ucp0_1234_s1024,cm0,stageC,0.1,0.209,0.25,0.12339551870278656,1024,250,10,1,True,,0.41159200000000007,-0.00018966011520419292,0.24580687749924682,0.005386733706877528,0.4081852120734474,0.0031280703846211255,0.0205326608967953,0.11467666982187054,0.2421126048,0.049022704290971136,True,True,False,False,True,0.09999977978965197,0.10209909391676597,0.0,"{""0.1234"": 4}"
c3_w2_tcop_cm0_states_L0.4_kp0_2090_ucp0_1234_s1024,cm0,stageC,0.1,0.209,0.25,0.12339551870278656,1024,275,11,2,True,,0.41242799999999996,-0.0007039860353969475,-0.26134550149919095,0.005626667153570624,0.4693464901352895,0.012273332980169525,0.021128066076815215,0.11444421786482926,0.2422552144,0.048991272855479065,True,True,False,False,True,0.09999977978965197,0.10209909391676597,0.0,"{""0.1234"": 4}"
c3_w2_tcop_cm0_states_L0.4_kp0_2090_ucp0_1234_s1024,cm0,stageC,0.1,0.209,0.25,0.12339551870278656,1024,300,12,0,False,EXITS_PRIMARY_BLOCK_SET,0.41282399999999997,-0.0008582745851574419,-0.4509098351319157,0.015069447744251216,1.6568545520584117,0.0048106665093329,0.022732987622021795,0.11433443764331915,0.24231227199999997,0.04927905258829557,True,True,False,False,True,0.09999977978965197,0.10209909391676597,0.0,"{""0.1234"": 4}"
c3_w2_tcop_cm0_states_L0.4_kp0_2090_ucp0_1234_s31415,cm0,stageC,0.1,0.209,0.25,0.12339551870278656,31415,0,0,0,False,PRE_PRIMARY_PHASE_IMBALANCE,0.407084,-0.0013489416072891252,-0.8738570744288559,0.02445508699102273,2.409829653357453,0.057642812021626744,0.0802645351063858,0.8342258579697903,0.24029900000000004,0.047616141632853874,False,True,False,False,False,0.09999977978965197,0.10209909391676597,0.0,"{""0.1234"": 4}"
c3_w2_tcop_cm0_states_L0.4_kp0_2090_ucp0_1234_s31415,cm0,stageC,0.1,0.209,0.25,0.12339551870278656,31415,25,1,1,False,PRE_PRIMARY_PHASE_IMBALANCE,0.411244,-0.00024813858070653604,0.06492063943282668,0.017471180871842962,1.945274121194514,0.001117696461173004,0.023933289310721112,0.13519954057639855,0.24202549920000002,0.04834389789828702,True,True,False,False,True,0.09999977978965197,0.10209909391676597,0.0,"{""0.1234"": 4}"
c3_w2_tcop_cm0_states_L0.4_kp0_2090_ucp0_1234_s31415,cm0,stageC,0.1,0.209,0.25,0.12339551870278656,31415,50,2,2,False,PRE_PRIMARY_PHASE_IMBALANCE,0.4112239999999999,9.796458232531675e-05,0.5251980651032029,0.005171788265338899,0.507224456330303,0.007144266342029469,0.02411518929592958,0.13131529256241053,0.24202048,0.04833323725967463,True,True,False,False,True,0.09999977978965197,0.10209909391676597,0.0,"{""0.1234"": 4}"
c3_w2_tcop_cm0_states_L0.4_kp0_2090_ucp0_1234_s31415,cm0,stageC,0.1,0.209,0.25,0.12339551870278656,31415,75,3,0,True,,0.410992,5.5990979067775953e-05,0.4396795872802669,0.0014076103075543463,0.2512100927264753,0.004391765517718123,0.023716479871373083,0.11873710408295758,0.24198256640000002,0.04846252094144505,True,True,False,False,True,0.09999977978965197,0.10209909391676597,0.0,"{""0.1234"": 4}"
c3_w2_tcop_cm0_states_L0.4_kp0_2090_ucp0_1234_s31415,cm0,stageC,0.1,0.209,0.25,0.12339551870278656,31415,100,4,1,True,,0.411316,-0.00013212958771598827,0.28836276553991097,0.006104015059940843,0.6106017839904797,0.006716092339972797,0.025427285148502385,0.1264234794502925,0.24202576480000002,0.04749303258373801,True,True,False,False,True,0.09999977978965197,0.10209909391676597,0.0,"{""0.1234"": 4}"
c3_w2_tcop_cm0_states_L0.4_kp0_2090_ucp0_1234_s31415,cm0,stageC,0.1,0.209,0.25,0.12339551870278656,31415,125,5,2,True,,0.41122,0.0006030782990882582,1.1478607742865619,0.013684454292585357,1.4619712568892396,0.0017306336398671546,0.024953276698850193,0.12645299322393608,0.2420128176,0.04780367768278922,True,True,False,False,True,0.09999977978965197,0.10209909391676597,0.0,"{""0.1234"": 4}"
c3_w2_tcop_cm0_states_L0.4_kp0_2090_ucp0_1234_s31415,cm0,stageC,0.1,0.209,0.25,0.12339551870278656,31415,150,6,0,True,,0.411092,-0.00022147780513472008,0.20926342277856913,0.005772129673175512,0.498335213204966,0.010776475829071897,0.024294631731350685,0.11578916613364114,0.2419956208,0.047324914537693566,True,True,False,False,True,0.09999977978965197,0.10209909391676597,0.0,"{""0.1234"": 4}"
c3_w2_tcop_cm0_states_L0.4_kp0_2090_ucp0_1234_s31415,cm0,stageC,0.1,0.209,0.25,0.12339551870278656,31415,175,7,1,True,,0.41125999999999996,-0.00026211715085298264,0.1859134428772149,0.00927149289626678,0.9534894186267902,0.00019318179400239165,0.025128038056936357,0.13713952210976144,0.2420184176,0.04895765925777089,True,True,False,False,True,0.09999977978965197,0.10209909391676597,0.0,"{""0.1234"": 4}"
c3_w2_tcop_cm0_states_L0.4_kp0_2090_ucp0_1234_s31415,cm0,stageC,0.1,0.209,0.25,0.12339551870278656,31415,200,8,2,True,,0.4106680000000001,0.0013431750595526092,1.613842937768536,0.002692625591384374,0.2944311077772286,0.000645841706698624,0.023901120581965682,0.13928526172166994,0.2419234512,0.04846187961687,True,True,False,False,True,0.09999977978965197,0.10209909391676597,0.0,"{""0.1234"": 4}"
c3_w2_tcop_cm0_states_L0.4_kp0_2090_ucp0_1234_s31415,cm0,stageC,0.1,0.209,0.25,0.12339551870278656,31415,225,9,0,True,,0.41105600000000003,-0.0003404895717210903,0.08116584761857719,0.006279665828372096,0.6334268724421916,0.004378235485234771,0.023721586967776206,0.13915378892619554,0.24199388480000003,0.04799421698496601,True,True,False,False,True,0.09999977978965197,0.10209909391676597,0.0,"{""0.1234"": 4}"
c3_w2_tcop_cm0_states_L0.4_kp0_2090_ucp0_1234_s31415,cm0,stageC,0.1,0.209,0.25,0.12339551870278656,31415,250,10,1,True,,0.41196799999999995,-0.001044094711271307,-0.5887780036401579,0.017596795211680234,1.8646214565737997,0.002755829405675012,0.024451994111734213,0.13884573525408356,0.2421488928,0.04878326532736405,True,True,False,False,True,0.09999977978965197,0.10209909391676597,0.0,"{""0.1234"": 4}"
c3_w2_tcop_cm0_states_L0.4_kp0_2090_ucp0_1234_s31415,cm0,stageC,0.1,0.209,0.25,0.12339551870278656,31415,275,11,2,True,,0.4111679999999999,-0.0010368540261927466,-0.6537858997610787,0.005745139950320243,0.6388622926307782,0.00036660215080115704,0.023043203728799262,0.12257763220246316,0.24201910719999997,0.04843135116843221,True,True,False,False,True,0.09999977978965197,0.10209909391676597,0.0,"{""0.1234"": 4}"
c3_w2_tcop_cm0_states_L0.4_kp0_2090_ucp0_1234_s31415,cm0,stageC,0.1,0.209,0.25,0.12339551870278656,31415,300,12,0,False,EXITS_PRIMARY_BLOCK_SET,0.4127920000000001,-0.002444307152263529,-2.0190748301249384,0.009223632615852014,0.99664446663738,0.00730901205174017,0.02339433449758141,0.1220953891497524,0.24230150720000002,0.04818427892995806,True,True,False,False,False,0.09999977978965197,0.10209909391676597,0.0,"{""0.1234"": 4}"
c3_w2_tcop_cm0_states_L0.4_kp0_2090_ucp0_2425_s42,cm0,stageC,0.1,0.209,0.5,0.24248438819907564,42,0,0,0,False,PRE_PRIMARY_PHASE_IMBALANCE,0.42547599999999997,-0.0011741481653102762,-0.8059256635127761,0.004208063880430809,0.372376948492234,0.05544556924588426,0.07976954467741672,0.8188475946496452,0.243294248,0.04787121707247477,False,True,False,False,True,0.09999977978965197,0.10344029341860317,0.0,"{""0.2425"": 4}"
c3_w2_tcop_cm0_states_L0.4_kp0_2090_ucp0_2425_s42,cm0,stageC,0.1,0.209,0.5,0.24248438819907564,42,25,1,1,False,PRE_PRIMARY_PHASE_IMBALANCE,0.4294680000000001,-0.0008871034566519251,-0.46008536553615176,0.0063667615385351,0.6356370579955158,0.004787983327686532,0.021032829688629164,0.10431510588841283,0.24494364319999995,0.04718810205973535,True,True,False,False,True,0.09999977978965197,0.10344029341860317,0.0,"{""0.2425"": 4}"
c3_w2_tcop_cm0_states_L0.4_kp0_2090_ucp0_2425_s42,cm0,stageC,0.1,0.209,0.5,0.24248438819907564,42,50,2,2,False,PRE_PRIMARY_PHASE_IMBALANCE,0.43058,2.7912177629786476e-05,0.39021861313239087,0.01304932680610114,1.3120272263617918,0.01067002512720729,0.02273301324817028,0.11798039825820894,0.2450850512,0.04751698222741002,True,True,False,False,True,0.09999977978965197,0.10344029341860317,0.0,"{""0.2425"": 4}"
c3_w2_tcop_cm0_states_L0.4_kp0_2090_ucp0_2425_s42,cm0,stageC,0.1,0.209,0.5,0.24248438819907564,42,75,3,0,True,,0.43052000000000007,-0.00012246624151194852,0.3104833110051045,-0.0007320569336073179,0.03890584512967324,0.010335326921305439,0.02231506248196537,0.12078416770235034,0.2450802336,0.04762488425182785,True,True,False,False,True,0.09999977978965197,0.10344029341860317,0.0,"{""0.2425"": 4}"
c3_w2_tcop_cm0_states_L0.4_kp0_2090_ucp0_2425_s42,cm0,stageC,0.1,0.209,0.5,0.24248438819907564,42,100,4,1,True,,0.429832,-5.621184772486108e-06,0.2823635606572071,0.0014678480252733215,0.09215051978766868,0.008270104290228274,0.024668760862203914,0.12097749790388465,0.2449640192,0.047499597640401126,True,True,False,False,True,0.09999977978965197,0.10344029341860317,0.0,"{""0.2425"": 4}"
c3_w2_tcop_cm0_states_L0.4_kp0_2090_ucp0_2425_s42,cm0,stageC,0.1,0.209,0.5,0.24248438819907564,42,125,5,2,True,,0.429476,-0.0006782081846863321,-0.32826546964481385,0.012029599679382292,1.1111282528691662,0.012635636584189633,0.02415016236458513,0.12107777822025506,0.24491878880000006,0.047930005466304715,True,True,False,False,True,0.09999977978965197,0.10344029341860317,0.0,"{""0.2425"": 4}"
c3_w2_tcop_cm0_states_L0.4_kp0_2090_ucp0_2425_s42,cm0,stageC,0.1,0.209,0.5,0.24248438819907564,42,150,6,0,True,,0.428936,-0.0009401012094466171,-0.5086981773441691,0.0161082038827019,1.6093721856730532,0.006408310025456523,0.024459663361100017,0.15013894811781026,0.2448398336,0.047207498387438415,True,True,False,False,True,0.09999977978965197,0.10344029341860317,0.0,"{""0.2425"": 4}"
c3_w2_tcop_cm0_states_L0.4_kp0_2090_ucp0_2425_s42,cm0,stageC,0.1,0.209,0.5,0.24248438819907564,42,175,7,1,True,,0.4292119999999999,-0.0008340934828268312,-0.5417838865453072,0.01882298587865976,1.9368455160401359,0.0023090200264708053,0.02411203918224859,0.12953971433804337,0.24488195359999995,0.04761154330621935,True,True,False,False,True,0.09999977978965197,0.10344029341860317,0.0,"{""0.2425"": 4}"
c3_w2_tcop_cm0_states_L0.4_kp0_2090_ucp0_2425_s42,cm0,stageC,0.1,0.209,0.5,0.24248438819907564,42,200,8,2,True,,0.428724,-0.0005256304516641895,-0.07135070802730671,0.019887577431535915,2.0379044100944697,0.0036183538217929045,0.023770004683081936,0.1502131904203796,0.24481587999999999,0.04738366621526874,True,True,False,False,False,0.09999977978965197,0.10344029341860317,0.0,"{""0.2425"": 4}"
c3_w2_tcop_cm0_states_L0.4_kp0_2090_ucp0_2425_s42,cm0,stageC,0.1,0.209,0.5,0.24248438819907564,42,225,9,0,True,,0.429696,-0.0005374703239947341,-0.16319930029190965,0.016880417568107594,1.8853963474498654,0.0026030306276576113,0.02342928851064486,0.14987339851924758,0.2449559936,0.04734456234880623,True,True,False,False,True,0.09999977978965197,0.10344029341860317,0.0,"{""0.2425"": 4}"
c3_w2_tcop_cm0_states_L0.4_kp0_2090_ucp0_2425_s42,cm0,stageC,0.1,0.209,0.5,0.24248438819907564,42,250,10,1,True,,0.429588,-0.001737833195810473,-1.4460390896178086,0.004368726249835839,0.44714116073041155,0.00814238241951877,0.022491800498962038,0.11732171262390542,0.24494879199999997,0.048201558646998134,True,True,False,False,True,0.09999977978965197,0.10344029341860317,0.0,"{""0.2425"": 4}"
c3_w2_tcop_cm0_states_L0.4_kp0_2090_ucp0_2425_s42,cm0,stageC,0.1,0.209,0.5,0.24248438819907564,42,275,11,2,True,,0.4293200000000001,-0.0017075287588691978,-1.319650754680887,0.0002618253154635326,0.059681741274786045,0.0012333293302474117,0.022712422835849018,0.11832665583171839,0.24490925759999999,0.04656025773124543,True,True,False,False,True,0.09999977978965197,0.10344029341860317,0.0,"{""0.2425"": 4}"
c3_w2_tcop_cm0_states_L0.4_kp0_2090_ucp0_2425_s42,cm0,stageC,0.1,0.209,0.5,0.24248438819907564,42,300,12,0,False,EXITS_PRIMARY_BLOCK_SET,0.430336,-0.0028407699628665755,-2.6078481619800313,0.0122983911374622,1.2263900571085555,0.006410887950758079,0.021445109107706715,0.1180472930034966,0.24506176,0.046047444055017865,True,True,False,False,False,0.09999977978965197,0.10344029341860317,0.0,"{""0.2425"": 4}"
c3_w2_tcop_cm0_states_L0.4_kp0_2090_ucp0_2425_s137,cm0,stageC,0.1,0.209,0.5,0.24248438819907564,137,0,0,0,False,PRE_PRIMARY_PHASE_IMBALANCE,0.42692399999999997,-0.0012392897377565839,-0.8528112344112972,0.008925688064344022,0.8707342500311929,0.040730947103369754,0.08010236715479424,0.8216919151378421,0.24349042079999997,0.04646222362306823,False,True,False,False,True,0.09999977978965197,0.10344029341860317,0.0,"{""0.2425"": 4}"
c3_w2_tcop_cm0_states_L0.4_kp0_2090_ucp0_2425_s137,cm0,stageC,0.1,0.209,0.5,0.24248438819907564,137,25,1,1,False,PRE_PRIMARY_PHASE_IMBALANCE,0.4292480000000001,-0.0006354408258057859,-0.17015091566754087,0.008159997167746772,0.9663646097938351,0.002904345892263745,0.022751289947028016,0.10809601883271201,0.2448987808,0.04711596858815491,True,True,False,False,True,0.09999977978965197,0.10344029341860317,0.0,"{""0.2425"": 4}"
c3_w2_tcop_cm0_states_L0.4_kp0_2090_ucp0_2425_s137,cm0,stageC,0.1,0.209,0.5,0.24248438819907564,137,50,2,2,False,PRE_PRIMARY_PHASE_IMBALANCE,0.42936399999999997,0.0005048728829452296,0.8891347097306355,0.002326939203662509,0.25978652028841237,0.002281369540795148,0.023140384659118336,0.10806681485157857,0.24491183839999997,0.04774971731853499,True,True,False,False,True,0.09999977978965197,0.10344029341860317,0.0,"{""0.2425"": 4}"
c3_w2_tcop_cm0_states_L0.4_kp0_2090_ucp0_2425_s137,cm0,stageC,0.1,0.209,0.5,0.24248438819907564,137,75,3,0,True,,0.429396,0.00042236264525794193,0.7569312212204437,0.006468134771934727,0.7526455617249196,0.0078855382769624,0.023921021829351567,0.10805876135767738,0.2449095696,0.04679738437135135,True,True,False,False,True,0.09999977978965197,0.10344029341860317,0.0,"{""0.2425"": 4}"
c3_w2_tcop_cm0_states_L0.4_kp0_2090_ucp0_2425_s137,cm0,stageC,0.1,0.209,0.5,0.24248438819907564,137,100,4,1,True,,0.42912,0.0005822758046105819,0.9547634003873052,0.008911314047472073,1.1034990883309632,0.0028638210510469183,0.02310542206417415,0.10812826223870184,0.24487771839999997,0.04704833259532159,True,True,False,False,True,0.09999977978965197,0.10344029341860317,0.0,"{""0.2425"": 4}"
c3_w2_tcop_cm0_states_L0.4_kp0_2090_ucp0_2425_s137,cm0,stageC,0.1,0.209,0.5,0.24248438819907564,137,125,5,2,True,,0.42879999999999996,0.0004278618318859268,0.9834481993098,0.022726019845644978,2.2857412961204426,0.0017262920281627663,0.021632138816172427,0.10820895497152762,0.24484451840000002,0.0466561893000275,True,True,False,False,False,0.09999977978965197,0.10344029341860317,0.0,"{""0.2425"": 4}"
c3_w2_tcop_cm0_states_L0.4_kp0_2090_ucp0_2425_s137,cm0,stageC,0.1,0.209,0.5,0.24248438819907564,137,150,6,0,True,,0.428524,0.0006473836676236982,1.0194101849869108,0.018204849282902478,2.257304913003826,0.0035718724265955946,0.021052129338857282,0.10827864925120026,0.24480979679999992,0.0466521320413119,True,True,False,False,False,0.09999977978965197,0.10344029341860317,0.0,"{""0.2425"": 4}"
c3_w2_tcop_cm0_states_L0.4_kp0_2090_ucp0_2425_s137,cm0,stageC,0.1,0.209,0.5,0.24248438819907564,137,175,7,1,True,,0.42851999999999996,2.3246988322382722e-05,0.44083882523607637,0.010706107660382836,1.0823605605692417,0.001547060331098321,0.019967659239661963,0.10454587859482435,0.24481739520000004,0.047749027215221874,True,True,False,False,True,0.09999977978965197,0.10344029341860317,0.0,"{""0.2425"": 4}"
c3_w2_tcop_cm0_states_L0.4_kp0_2090_ucp0_2425_s137,cm0,stageC,0.1,0.209,0.5,0.24248438819907564,137,200,8,2,True,,0.42823999999999995,-0.00034059561287087565,0.04786804324810949,0.023609062813059106,2.365415557404972,0.0051004539901500475,0.022169216531019317,0.11302073577194859,0.24476037119999997,0.0466744298304757,True,True,False,False,False,0.09999977978965197,0.10344029341860317,0.0,"{""0.2425"": 4}"
c3_w2_tcop_cm0_states_L0.4_kp0_2090_ucp0_2425_s137,cm0,stageC,0.1,0.209,0.5,0.24248438819907564,137,225,9,0,True,,0.42922400000000005,-0.0005030534826274955,-0.07052327205537381,0.02724168933165206,2.9590286950154177,0.010505216154235235,0.020818982958127518,0.11276163468780487,0.2449109056,0.04647018209561912,True,True,False,False,False,0.09999977978965197,0.10344029341860317,0.0,"{""0.2425"": 4}"
c3_w2_tcop_cm0_states_L0.4_kp0_2090_ucp0_2425_s137,cm0,stageC,0.1,0.209,0.5,0.24248438819907564,137,250,10,1,True,,0.42919599999999997,-0.001518250214257212,-1.0388536501422143,-0.0005742425292693067,-0.15876796918037867,0.0036613508514822452,0.021650123346115803,0.10810911539690697,0.24490044959999996,0.04677556610026221,True,True,False,False,True,0.09999977978965197,0.10344029341860317,0.0,"{""0.2425"": 4}"
c3_w2_tcop_cm0_states_L0.4_kp0_2090_ucp0_2425_s137,cm0,stageC,0.1,0.209,0.5,0.24248438819907564,137,275,11,2,True,,0.4298199999999999,-0.00025979071020337276,0.15207949157579495,-0.0031970098218172013,-0.1288892748997634,0.005410619686950874,0.021994353552460554,0.10795216577182969,0.2449853968,0.04726613586913997,True,True,False,False,True,0.09999977978965197,0.10344029341860317,0.0,"{""0.2425"": 4}"
c3_w2_tcop_cm0_states_L0.4_kp0_2090_ucp0_2425_s137,cm0,stageC,0.1,0.209,0.5,0.24248438819907564,137,300,12,0,False,EXITS_PRIMARY_BLOCK_SET,0.429772,-0.00023672801109024083,0.2640476968660128,0.010461788073082658,1.0087121228747582,0.005499465637909747,0.020522142333461824,0.09679550995226426,0.24499023840000003,0.046834901686669525,True,True,False,False,True,0.09999977978965197,0.10344029341860317,0.0,"{""0.2425"": 4}"
c3_w2_tcop_cm0_states_L0.4_kp0_2090_ucp0_2425_s256,cm0,stageC,0.1,0.209,0.5,0.24248438819907564,256,0,0,0,False,PRE_PRIMARY_PHASE_IMBALANCE,0.427712,-0.0007940974766602332,-0.4368667135727625,0.019914188273346352,1.8758473172085877,0.05531340192762522,0.08076750698866964,0.8267245229810608,0.24358107200000004,0.04557592627692826,False,True,False,False,True,0.09999977978965197,0.10344029341860317,0.0,"{""0.2425"": 4}"
c3_w2_tcop_cm0_states_L0.4_kp0_2090_ucp0_2425_s256,cm0,stageC,0.1,0.209,0.5,0.24248438819907564,256,25,1,1,False,PRE_PRIMARY_PHASE_IMBALANCE,0.43089599999999995,-0.0009544921918775136,-0.5594094154564192,0.017740009435609366,1.683537120994598,0.009997657868909887,0.02451309271001304,0.10489770129010786,0.24511306879999994,0.0455253466104323,True,True,False,False,True,0.09999977978965197,0.10344029341860317,0.0,"{""0.2425"": 4}"
c3_w2_tcop_cm0_states_L0.4_kp0_2090_ucp0_2425_s256,cm0,stageC,0.1,0.209,0.5,0.24248438819907564,256,50,2,2,False,PRE_PRIMARY_PHASE_IMBALANCE,0.4295799999999999,-5.298496777512344e-05,0.3566926298171769,0.02412452277787222,2.5860065753216688,0.02326877311953362,0.024110061850688563,0.10428790887776923,0.244933752,0.04553178669896449,True,True,False,False,False,0.09999977978965197,0.10344029341860317,0.0,"{""0.2425"": 4}"
c3_w2_tcop_cm0_states_L0.4_kp0_2090_ucp0_2425_s256,cm0,stageC,0.1,0.209,0.5,0.24248438819907564,256,75,3,0,True,,0.428612,-0.0007567168565642414,-0.3654556621858706,0.005807754283682993,0.595294497494419,0.01911122206284883,0.02486829275300321,0.12225509289927698,0.24479014239999997,0.04623195275996894,True,True,False,False,True,0.09999977978965197,0.10344029341860317,0.0,"{""0.2425"": 4}"
c3_w2_tcop_cm0_states_L0.4_kp0_2090_ucp0_2425_s256,cm0,stageC,0.1,0.209,0.5,0.24248438819907564,256,100,4,1,True,,0.4283199999999999,-0.0008488609736965384,-0.5516430635382789,0.0015785542532718315,0.056492751756923296,0.005933353874394019,0.02486440082795566,0.12233843826499245,0.24474855680000002,0.04760648695293531,True,True,False,False,True,0.09999977978965197,0.10344029341860317,0.0,"{""0.2425"": 4}"
c3_w2_tcop_cm0_states_L0.4_kp0_2090_ucp0_2425_s256,cm0,stageC,0.1,0.209,0.5,0.24248438819907564,256,125,5,2,True,,0.4287519999999999,-0.0007528515427020145,-0.529170324316697,-0.002508042235634365,-0.21284008715100372,0.013761498519519718,0.02386915556742054,0.12687987431690145,0.24481898880000003,0.04782930582812174,True,True,False,False,True,0.09999977978965197,0.10344029341860317,0.0,"{""0.2425"": 4}"
c3_w2_tcop_cm0_states_L0.4_kp0_2090_ucp0_2425_s256,cm0,stageC,0.1,0.209,0.5,0.24248438819907564,256,150,6,0,True,,0.4300959999999999,-0.0011814917936105668,-0.7511752567710321,0.007577971878840432,0.8251162063574192,0.008026173678653267,0.0238268392031235,0.12648338946076368,0.2450084128,0.047974063659439986,True,True,False,False,True,0.09999977978965197,0.10344029341860317,0.0,"{""0.2425"": 4}"
c3_w2_tcop_cm0_states_L0.4_kp0_2090_ucp0_2425_s256,cm0,stageC,0.1,0.209,0.5,0.24248438819907564,256,175,7,1,True,,0.43057600000000007,-0.0008910874876342621,-0.5363944649255834,0.009602102692304186,1.0765219406126179,0.00739176885018107,0.023130618335426883,0.1179814942821208,0.24508111680000003,0.04762423987844845,True,True,False,False,True,0.09999977978965197,0.10344029341860317,0.0,"{""0.2425"": 4}"
c3_w2_tcop_cm0_states_L0.4_kp0_2090_ucp0_2425_s256,cm0,stageC,0.1,0.209,0.5,0.24248438819907564,256,200,8,2,True,,0.429968,-0.0007675989081834416,-0.3320761225133216,0.01126716324678878,1.196716362553336,0.0069902424158672,0.021581670140499234,0.11814832704259765,0.2450094112,0.04716947080474827,True,True,False,False,True,0.09999977978965197,0.10344029341860317,0.0,"{""0.2425"": 4}"
c3_w2_tcop_cm0_states_L0.4_kp0_2090_ucp0_2425_s256,cm0,stageC,0.1,0.209,0.5,0.24248438819907564,256,225,9,0,True,,0.4294240000000001,-0.0025383902562945144,-2.028036086761559,0.015399583201009428,1.5847043412274733,0.012280001398276284,0.021015698577578224,0.10991467614778232,0.24493758399999999,0.0466397708399173,True,True,False,False,False,0.09999977978965197,0.10344029341860317,0.0,"{""0.2425"": 4}"
c3_w2_tcop_cm0_states_L0.4_kp0_2090_ucp0_2425_s256,cm0,stageC,0.1,0.209,0.5,0.24248438819907564,256,250,10,1,True,,0.428444,-0.0004974911483742764,-0.15673160300902383,0.003822346946762585,0.4744260329635218,0.010848710206309276,0.020333392232596715,0.1101660891267794,0.2448038448,0.047070360780431676,True,True,False,False,True,0.09999977978965197,0.10344029341860317,0.0,"{""0.2425"": 4}"
c3_w2_tcop_cm0_states_L0.4_kp0_2090_ucp0_2425_s256,cm0,stageC,0.1,0.209,0.5,0.24248438819907564,256,275,11,2,True,,0.42838799999999994,-0.0010689719397036798,-0.661749955260168,0.01841161896551421,1.7380588558932,0.0016769653620245118,0.01984636411006606,0.10831302438837451,0.24479943839999996,0.04764285314714055,True,True,False,False,True,0.09999977978965197,0.10344029341860317,0.0,"{""0.2425"": 4}"
c3_w2_tcop_cm0_states_L0.4_kp0_2090_ucp0_2425_s256,cm0,stageC,0.1,0.209,0.5,0.24248438819907564,256,300,12,0,False,EXITS_PRIMARY_BLOCK_SET,0.4282560000000001,-0.0006217573141569246,-0.19561382939081307,0.021110735749053693,2.0167642875645777,0.004413129040775449,0.01982216544065269,0.10274228474850951,0.24478073600000003,0.04721862412226769,True,True,False,False,False,0.09999977978965197,0.10344029341860317,0.0,"{""0.2425"": 4}"
c3_w2_tcop_cm0_states_L0.4_kp0_2090_ucp0_2425_s1024,cm0,stageC,0.1,0.209,0.5,0.24248438819907564,1024,0,0,0,False,PRE_PRIMARY_PHASE_IMBALANCE,0.42620399999999997,-0.0012987780564189383,-0.9623201009795948,0.01642936126746536,1.7646524319756756,0.03709974840456829,0.07939354936969634,0.8549896273733009,0.2434091504,0.04657585623474892,False,True,False,False,True,0.09999977978965197,0.10344029341860317,0.0,"{""0.2425"": 4}"
c3_w2_tcop_cm0_states_L0.4_kp0_2090_ucp0_2425_s1024,cm0,stageC,0.1,0.209,0.5,0.24248438819907564,1024,25,1,1,False,PRE_PRIMARY_PHASE_IMBALANCE,0.429392,-0.00046579235106050735,-0.08162015167750815,0.009510642120565979,0.9501945138198558,0.005980029371059028,0.018619104110382326,0.08383947515594271,0.24495059199999997,0.04669850464415322,True,True,False,False,True,0.09999977978965197,0.10344029341860317,0.0,"{""0.2425"": 4}"
c3_w2_tcop_cm0_states_L0.4_kp0_2090_ucp0_2425_s1024,cm0,stageC,0.1,0.209,0.5,0.24248438819907564,1024,50,2,2,False,PRE_PRIMARY_PHASE_IMBALANCE,0.42973600000000006,-0.000732412690034914,-0.3172206616673798,0.005287039644047947,0.4080498709413439,0.007772618560299732,0.018980287807990073,0.08377236237184611,0.24499644159999995,0.04724330962157499,True,True,False,False,True,0.09999977978965197,0.10344029341860317,0.0,"{""0.2425"": 4}"
c3_w2_tcop_cm0_states_L0.4_kp0_2090_ucp0_2425_s1024,cm0,stageC,0.1,0.209,0.5,0.24248438819907564,1024,75,3,0,True,,0.43107600000000007,-0.0015215730542414566,-1.0228694544141588,-0.0033318151055291997,-0.356240654067995,0.011371568330522639,0.021447663960773616,0.10114225774308407,0.2451640016,0.04660817765156668,True,True,False,False,True,0.09999977978965197,0.10344029341860317,0.0,"{""0.2425"": 4}"
c3_w2_tcop_cm0_states_L0.4_kp0_2090_ucp0_2425_s1024,cm0,stageC,0.1,0.209,0.5,0.24248438819907564,1024,100,4,1,True,,0.43062799999999996,-0.0013338457310854046,-0.9395176486596091,-0.0017470486426656158,-0.16779351726727643,0.012839278640614288,0.022125683152619195,0.10217635615385816,0.245096744,0.04727415378407106,True,True,False,False,True,0.09999977978965197,0.10344029341860317,0.0,"{""0.2425"": 4}"
c3_w2_tcop_cm0_states_L0.4_kp0_2090_ucp0_2425_s1024,cm0,stageC,0.1,0.209,0.5,0.24248438819907564,1024,125,5,2,True,,0.42926,-0.001759556747147241,-1.3418645879889293,0.01704045089206799,1.6398852607801682,0.02221253662847046,0.02519247163402004,0.12300237589572202,0.24487890719999997,0.04735453938114064,True,True,False,False,True,0.09999977978965197,0.10344029341860317,0.0,"{""0.2425"": 4}"
c3_w2_tcop_cm0_states_L0.4_kp0_2090_ucp0_2425_s1024,cm0,stageC,0.1,0.209,0.5,0.24248438819907564,1024,150,6,0,True,,0.4290719999999999,-0.0024032067592882223,-1.771246105884237,0.027099620519999056,2.843292554844467,0.015489858604087572,0.025481800553920523,0.1267852478679913,0.24484967679999997,0.04721375663935248,True,True,False,False,False,0.09999977978965197,0.10344029341860317,0.0,"{""0.2425"": 4}"
c3_w2_tcop_cm0_states_L0.4_kp0_2090_ucp0_2425_s1024,cm0,stageC,0.1,0.209,0.5,0.24248438819907564,1024,175,7,1,True,,0.42766800000000005,-0.0019108214877420373,-1.4426195445827235,0.011878442235996274,1.1804675862432272,0.005459172689767661,0.02364455918397535,0.1272014737431805,0.2446658288,0.04723432836401932,True,True,False,False,True,0.09999977978965197,0.10344029341860317,0.0,"{""0.2425"": 4}"
c3_w2_tcop_cm0_states_L0.4_kp0_2090_ucp0_2425_s1024,cm0,stageC,0.1,0.209,0.5,0.24248438819907564,1024,200,8,2,True,,0.42817199999999994,-0.0018745164879807041,-1.4598018830043153,0.014694710394791371,1.3920063151109,0.0040434524566512735,0.022721045721379566,0.12705174526346483,0.24474609440000003,0.0476669530807246,True,True,False,False,True,0.09999977978965197,0.10344029341860317,0.0,"{""0.2425"": 4}"
c3_w2_tcop_cm0_states_L0.4_kp0_2090_ucp0_2425_s1024,cm0,stageC,0.1,0.209,0.5,0.24248438819907564,1024,225,9,0,True,,0.428744,-0.0017997200493246799,-1.4968052165965113,0.0067495652305716945,0.7727898331807009,0.003549325872007875,0.021153267330882703,0.11661970752565698,0.24484032959999996,0.04766154072205388,True,True,False,False,True,0.09999977978965197,0.10344029341860317,0.0,"{""0.2425"": 4}"
c3_w2_tcop_cm0_states_L0.4_kp0_2090_ucp0_2425_s1024,cm0,stageC,0.1,0.209,0.5,0.24248438819907564,1024,250,10,1,True,,0.42946000000000006,-0.0012606575976437506,-0.8736435228436753,0.006912381773391622,0.5491341510929272,0.008933972126470907,0.021572520153962844,0.11735668020920065,0.2449382768,0.047594835854323524,True,True,False,False,True,0.09999977978965197,0.10344029341860317,0.0,"{""0.2425"": 4}"
c3_w2_tcop_cm0_states_L0.4_kp0_2090_ucp0_2425_s1024,cm0,stageC,0.1,0.209,0.5,0.24248438819907564,1024,275,11,2,True,,0.430496,-0.0014031265295227672,-0.9736527404558162,0.009356193876613267,0.8519668273170661,0.012309637981962327,0.022285963432952,0.11707425825774395,0.2450771488,0.04751582877315726,True,True,False,False,True,0.09999977978965197,0.10344029341860317,0.0,"{""0.2425"": 4}"
c3_w2_tcop_cm0_states_L0.4_kp0_2090_ucp0_2425_s1024,cm0,stageC,0.1,0.209,0.5,0.24248438819907564,1024,300,12,0,False,EXITS_PRIMARY_BLOCK_SET,0.430848,-0.00097874913591876,-0.5496555120286306,0.017615098670837548,1.9299703855182064,0.005202169046186002,0.024015035964520703,0.1169786093541606,0.24511094399999997,0.047754380908980494,True,True,False,False,True,0.09999977978965197,0.10344029341860317,0.0,"{""0.2425"": 4}"
c3_w2_tcop_cm0_states_L0.4_kp0_2090_ucp0_2425_s31415,cm0,stageC,0.1,0.209,0.5,0.24248438819907564,31415,0,0,0,False,PRE_PRIMARY_PHASE_IMBALANCE,0.42449999999999993,-0.002014068954446986,-1.458331897677282,0.022831660270791976,2.1887496522626098,0.05482216053215057,0.08071268172545568,0.838633684714644,0.2431258288,0.0465904496651406,False,True,False,False,False,0.09999977978965197,0.10344029341860317,0.0,"{""0.2425"": 4}"
c3_w2_tcop_cm0_states_L0.4_kp0_2090_ucp0_2425_s31415,cm0,stageC,0.1,0.209,0.5,0.24248438819907564,31415,25,1,1,False,PRE_PRIMARY_PHASE_IMBALANCE,0.4287720000000001,-0.0006903153625844926,-0.36514540312857596,0.014812673612898732,1.5338797278885228,0.004902116239205308,0.02316375455639305,0.13153843970329582,0.24482792799999997,0.047122521324733886,True,True,False,False,True,0.09999977978965197,0.10344029341860317,0.0,"{""0.2425"": 4}"
c3_w2_tcop_cm0_states_L0.4_kp0_2090_ucp0_2425_s31415,cm0,stageC,0.1,0.209,0.5,0.24248438819907564,31415,50,2,2,False,PRE_PRIMARY_PHASE_IMBALANCE,0.4287,-0.0004998516389793711,-0.09069077115636044,0.0029581970614350234,0.27864474835172454,0.008488462542341675,0.02319172725633196,0.11476557006119535,0.24481746079999997,0.04734163072814455,True,True,False,False,True,0.09999977978965197,0.10344029341860317,0.0,"{""0.2425"": 4}"
c3_w2_tcop_cm0_states_L0.4_kp0_2090_ucp0_2425_s31415,cm0,stageC,0.1,0.209,0.5,0.24248438819907564,31415,75,3,0,True,,0.4285719999999999,-0.00011280953698247748,0.2497176810856019,0.0011535798819631423,0.22150429599838842,0.004440678137140442,0.023018041343967018,0.11013318623210766,0.24480072479999992,0.047482215786544754,True,True,False,False,True,0.09999977978965197,0.10344029341860317,0.0,"{""0.2425"": 4}"
c3_w2_tcop_cm0_states_L0.4_kp0_2090_ucp0_2425_s31415,cm0,stageC,0.1,0.209,0.5,0.24248438819907564,31415,100,4,1,True,,0.42876800000000004,-0.0003325777995667035,0.10790617012455235,0.010017322891341527,1.0325227611781895,0.003806634852682422,0.024240351815587178,0.11568027437756478,0.2448179776,0.046684496098812076,True,True,False,False,True,0.09999977978965197,0.10344029341860317,0.0,"{""0.2425"": 4}"
c3_w2_tcop_cm0_states_L0.4_kp0_2090_ucp0_2425_s31415,cm0,stageC,0.1,0.209,0.5,0.24248438819907564,31415,125,5,2,True,,0.42849999999999994,0.00041704571750648045,0.9331874389909283,0.020739974458385026,2.1390545583658476,0.004682288521309965,0.023830995650467663,0.11295215842951656,0.24478347359999997,0.04674045357075603,True,True,False,False,False,0.09999977978965197,0.10344029341860317,0.0,"{""0.2425"": 4}"
c3_w2_tcop_cm0_states_L0.4_kp0_2090_ucp0_2425_s31415,cm0,stageC,0.1,0.209,0.5,0.24248438819907564,31415,150,6,0,True,,0.428596,-0.00022390978428521257,0.2577616489486778,0.009876302563377626,0.927649964216059,0.008437880044905744,0.023235667038338858,0.11572669806594854,0.2448022928,0.046154401566914506,True,True,False,False,True,0.09999977978965197,0.10344029341860317,0.0,"{""0.2425"": 4}"
c3_w2_tcop_cm0_states_L0.4_kp0_2090_ucp0_2425_s31415,cm0,stageC,0.1,0.209,0.5,0.24248438819907564,31415,175,7,1,True,,0.42854,-0.000893813640839567,-0.4840976888234295,0.01173568270788782,1.1795311242415827,0.0015363462851716353,0.023912717091122283,0.11667522257741346,0.244788456,0.04770564327204906,True,True,False,False,True,0.09999977978965197,0.10344029341860317,0.0,"{""0.2425"": 4}"
c3_w2_tcop_cm0_states_L0.4_kp0_2090_ucp0_2425_s31415,cm0,stageC,0.1,0.209,0.5,0.24248438819907564,31415,200,8,2,True,,0.428068,0.0006391967384665079,0.9658804682180044,-0.0015475870576681983,-0.14159225215289015,0.001591868911534203,0.023001452660613316,0.11960716493732958,0.24472883999999998,0.04702751722130353,True,True,False,False,True,0.09999977978965197,0.10344029341860317,0.0,"{""0.2425"": 4}"
c3_w2_tcop_cm0_states_L0.4_kp0_2090_ucp0_2425_s31415,cm0,stageC,0.1,0.209,0.5,0.24248438819907564,31415,225,9,0,True,,0.42828000000000005,-0.0010701964788967123,-0.6493990435886609,0.0003563349942847836,0.05847450473978291,0.0029736792606750674,0.022688129032313497,0.1270197064373314,0.244761824,0.04683419263743104,True,True,False,False,True,0.09999977978965197,0.10344029341860317,0.0,"{""0.2425"": 4}"
c3_w2_tcop_cm0_states_L0.4_kp0_2090_ucp0_2425_s31415,cm0,stageC,0.1,0.209,0.5,0.24248438819907564,31415,250,10,1,True,,0.42913599999999996,-0.0019004044519015497,-1.3355498350895794,0.012285790238058755,1.3776550648087424,0.0027484945216579605,0.023281269744760268,0.12769844495055546,0.24487847679999997,0.047640040973953836,True,True,False,False,True,0.09999977978965197,0.10344029341860317,0.0,"{""0.2425"": 4}"
c3_w2_tcop_cm0_states_L0.4_kp0_2090_ucp0_2425_s31415,cm0,stageC,0.1,0.209,0.5,0.24248438819907564,31415,275,11,2,True,,0.428544,-0.0017050777852647763,-1.2317485659469727,0.0072613462730945055,0.7427144483344382,0.0018180581456587988,0.02232020562781444,0.12787485035871501,0.24480254720000003,0.04723346339196396,True,True,False,False,True,0.09999977978965197,0.10344029341860317,0.0,"{""0.2425"": 4}"
c3_w2_tcop_cm0_states_L0.4_kp0_2090_ucp0_2425_s31415,cm0,stageC,0.1,0.209,0.5,0.24248438819907564,31415,300,12,0,False,EXITS_PRIMARY_BLOCK_SET,0.430272,-0.0031867163212260037,-2.669121834291846,0.012726751509986835,1.358221819775332,0.009361712588592898,0.02271183734303989,0.12736129674401012,0.2450425088,0.047002191608477156,True,True,False,False,False,0.09999977978965197,0.10344029341860317,0.0,"{""0.2425"": 4}"
c3_w2_tcop_cm0_states_L0.4_km0_2090_ucp0_0498_s42,cm0,stageC,-0.1,-0.209,0.1,0.04977134874876729,42,0,0,0,False,PRE_PRIMARY_PHASE_IMBALANCE,0.408968,-0.0004855389770616626,-0.14901973079830239,-0.022700807157616815,-2.041159808820489,0.04176861798735308,0.07940438022046409,0.8323389584702496,0.24065862400000002,0.04967871753578186,False,True,False,False,False,-0.09999977978965197,-0.10093007227060136,0.0,"{""0.0498"": 4}"
c3_w2_tcop_cm0_states_L0.4_km0_2090_ucp0_0498_s42,cm0,stageC,-0.1,-0.209,0.1,0.04977134874876729,42,25,1,1,False,PRE_PRIMARY_PHASE_IMBALANCE,0.41198000000000007,-0.00012685974497599344,0.34302434839697227,-0.02161647666146843,-2.1618591724386538,0.0025908702754575278,0.022992741861573265,0.11942327268453974,0.2421627504,0.04899019901980395,True,True,False,False,False,-0.09999977978965197,-0.10093007227060136,0.0,"{""0.0498"": 4}"
c3_w2_tcop_cm0_states_L0.4_km0_2090_ucp0_0498_s42,cm0,stageC,-0.1,-0.209,0.1,0.04977134874876729,42,50,2,2,False,PRE_PRIMARY_PHASE_IMBALANCE,0.4128360000000001,0.0006726808218230063,1.0663760895178733,-0.013138667932041478,-1.1783678466222183,0.01009373382063749,0.02396635766312388,0.12014456074532115,0.24230454240000004,0.04919915755376306,True,True,False,False,True,-0.09999977978965197,-0.10093007227060136,0.0,"{""0.0498"": 4}"
c3_w2_tcop_cm0_states_L0.4_km0_2090_ucp0_0498_s42,cm0,stageC,-0.1,-0.209,0.1,0.04977134874876729,42,75,3,0,True,,0.41287599999999997,0.0009829278146768925,1.4197480283821617,-0.025782570359020474,-2.5352329632158512,0.005728006689470161,0.022713136307081848,0.1172264793370734,0.24232146720000003,0.04887216614802335,True,True,False,False,False,-0.09999977978965197,-0.10093007227060136,0.0,"{""0.0498"": 4}"
c3_w2_tcop_cm0_states_L0.4_km0_2090_ucp0_0498_s42,cm0,stageC,-0.1,-0.209,0.1,0.04977134874876729,42,100,4,1,True,,0.4127759999999999,0.0013205968059311366,1.6035860511786537,-0.024259869193790216,-2.6496639806455575,0.0023573495149258133,0.025166854089412848,0.11822392746132548,0.24228405759999996,0.048474878277309785,True,True,False,False,False,-0.09999977978965197,-0.10093007227060136,0.0,"{""0.0498"": 4}"
c3_w2_tcop_cm0_states_L0.4_km0_2090_ucp0_0498_s42,cm0,stageC,-0.1,-0.209,0.1,0.04977134874876729,42,125,5,2,True,,0.41234000000000004,0.0006287930616814086,0.9395851851337064,-0.017110095566896247,-1.6878255993241662,0.010668186160258396,0.02444368016410392,0.11834893505760069,0.24221413600000002,0.04883527823203222,True,True,False,False,True,-0.09999977978965197,-0.10093007227060136,0.0,"{""0.0498"": 4}"
c3_w2_tcop_cm0_states_L0.4_km0_2090_ucp0_0498_s42,cm0,stageC,-0.1,-0.209,0.1,0.04977134874876729,42,150,6,0,True,,0.41196000000000005,0.0007219907151823035,1.053972932728046,-0.009818541223535959,-0.8026777501240427,0.0039001861058527007,0.025003322896466708,0.1407903676551355,0.2421428608,0.0480632749612425,True,True,False,False,True,-0.09999977978965197,-0.10093007227060136,0.0,"{""0.0498"": 4}"
c3_w2_tcop_cm0_states_L0.4_km0_2090_ucp0_0498_s42,cm0,stageC,-0.1,-0.209,0.1,0.04977134874876729,42,175,7,1,True,,0.412116,0.0011993819246271056,1.73495802587093,-0.0017377572791498254,-0.06435476788689852,0.000599308684619749,0.02464648643511409,0.1320016691125759,0.24217323359999998,0.04873563936176481,True,True,False,False,True,-0.09999977978965197,-0.10093007227060136,0.0,"{""0.0498"": 4}"
c3_w2_tcop_cm0_states_L0.4_km0_2090_ucp0_0498_s42,cm0,stageC,-0.1,-0.209,0.1,0.04977134874876729,42,200,8,2,True,,0.411212,0.001030259459636077,1.3639027618385915,-0.0024847886165199067,-0.1996705550628911,0.003994251734946217,0.024516552672163253,0.1575829495306971,0.2420150544,0.04843398657967357,True,True,False,False,True,-0.09999977978965197,-0.10093007227060136,0.0,"{""0.0498"": 4}"
c3_w2_tcop_cm0_states_L0.4_km0_2090_ucp0_0498_s42,cm0,stageC,-0.1,-0.209,0.1,0.04977134874876729,42,225,9,0,True,,0.4122480000000001,0.0013875403035251122,1.8777608227609461,-0.008217542942121446,-0.7230236197396794,0.0014579090754890942,0.024177073415300888,0.157186935637803,0.24220024639999996,0.04844199104083151,True,True,False,False,True,-0.09999977978965197,-0.10093007227060136,0.0,"{""0.0498"": 4}"
c3_w2_tcop_cm0_states_L0.4_km0_2090_ucp0_0498_s42,cm0,stageC,-0.1,-0.209,0.1,0.04977134874876729,42,250,10,1,True,,0.412088,-0.00011573604609829532,0.2799046689480949,-0.024869909067138433,-2.464904893480221,0.007221315773662233,0.023321291367246547,0.13589330401299404,0.24217912000000005,0.04922804338992156,True,True,False,False,False,-0.09999977978965197,-0.10093007227060136,0.0,"{""0.0498"": 4}"
c3_w2_tcop_cm0_states_L0.4_km0_2090_ucp0_0498_s42,cm0,stageC,-0.1,-0.209,0.1,0.04977134874876729,42,275,11,2,True,,0.411756,-0.0009007118649777923,-0.49105011333231247,-0.032009915460450046,-3.2003389972198915,0.00078870125622711,0.024572821996007646,0.13794577337562594,0.24211062240000003,0.048004129655686914,True,True,False,False,False,-0.09999977978965197,-0.10093007227060136,0.0,"{""0.0498"": 4}"
c3_w2_tcop_cm0_states_L0.4_km0_2090_ucp0_0498_s42,cm0,stageC,-0.1,-0.209,0.1,0.04977134874876729,42,300,12,0,False,EXITS_PRIMARY_BLOCK_SET,0.412536,-0.0017878287705535292,-1.4539907909646557,-0.018793442085363085,-1.9384889332731094,0.009578012871446195,0.022531012099067542,0.13768495322181593,0.24226365439999997,0.047588745560268764,True,True,False,False,True,-0.09999977978965197,-0.10093007227060136,0.0,"{""0.0498"": 4}"
c3_w2_tcop_cm0_states_L0.4_km0_2090_ucp0_0498_s137,cm0,stageC,-0.1,-0.209,0.1,0.04977134874876729,137,0,0,0,False,PRE_PRIMARY_PHASE_IMBALANCE,0.41004399999999996,0.0002479686813562512,0.7129249513359708,-0.019008653571571856,-1.9755999472837538,0.032807760215289736,0.07993189871159659,0.8418608714141387,0.24083367840000006,0.04760712198820676,False,True,False,False,True,-0.09999977978965197,-0.10093007227060136,0.0,"{""0.0498"": 4}"
c3_w2_tcop_cm0_states_L0.4_km0_2090_ucp0_0498_s137,cm0,stageC,-0.1,-0.209,0.1,0.04977134874876729,137,25,1,1,False,PRE_PRIMARY_PHASE_IMBALANCE,0.4117640000000001,0.0005667723115954166,1.0827116867681457,-0.022223168525628036,-2.3074387728015515,0.0031436683192331773,0.02495047972717444,0.10782875601599758,0.2421088592,0.047976330664193156,True,True,False,False,False,-0.09999977978965197,-0.10093007227060136,0.0,"{""0.0498"": 4}"
c3_w2_tcop_cm0_states_L0.4_km0_2090_ucp0_0498_s137,cm0,stageC,-0.1,-0.209,0.1,0.04977134874876729,137,50,2,2,False,PRE_PRIMARY_PHASE_IMBALANCE,0.41185999999999995,0.0018188439120420607,2.073311222961052,-0.025225317745468344,-2.3489301584711963,0.0023503540021607653,0.02532342918681586,0.11654445657129979,0.24212256159999998,0.0488231543429959,True,True,False,False,False,-0.09999977978965197,-0.10093007227060136,0.0,"{""0.0498"": 4}"
c3_w2_tcop_cm0_states_L0.4_km0_2090_ucp0_0498_s137,cm0,stageC,-0.1,-0.209,0.1,0.04977134874876729,137,75,3,0,True,,0.4120440000000001,0.0019550404361349948,2.147640730820199,-0.016945525735718316,-1.4684028535043485,0.0046549198593485944,0.025858551573096893,0.12037549358715216,0.242150216,0.048040212988703535,True,True,False,False,False,-0.09999977978965197,-0.10093007227060136,0.0,"{""0.0498"": 4}"
c3_w2_tcop_cm0_states_L0.4_km0_2090_ucp0_0498_s137,cm0,stageC,-0.1,-0.209,0.1,0.04977134874876729,137,100,4,1,True,,0.4118759999999999,0.0019478256794875559,2.271086463981944,-0.01564303100625587,-1.432473680215171,0.0052477350862058965,0.024642253668371854,0.12042459351740681,0.2421311472,0.0478251045372616,True,True,False,False,False,-0.09999977978965197,-0.10093007227060136,0.0,"{""0.0498"": 4}"
c3_w2_tcop_cm0_states_L0.4_km0_2090_ucp0_0498_s137,cm0,stageC,-0.1,-0.209,0.1,0.04977134874876729,137,125,5,2,True,,0.411792,0.0011352351400248332,1.8070688013888305,-0.004026389638322895,-0.33084207237287555,0.00024597400815671634,0.022450695490530786,0.11656370178011312,0.2421338784,0.047439105556492105,True,True,False,False,True,-0.09999977978965197,-0.10093007227060136,0.0,"{""0.0498"": 4}"
c3_w2_tcop_cm0_states_L0.4_km0_2090_ucp0_0498_s137,cm0,stageC,-0.1,-0.209,0.1,0.04977134874876729,137,150,6,0,True,,0.4118720000000001,0.0015470171478314128,1.9303521885592578,-0.012471165987676103,-1.084256693964126,0.0016247448650721253,0.020735850271242747,0.11654106101764375,0.2421605152,0.04777463360403719,True,True,False,False,True,-0.09999977978965197,-0.10093007227060136,0.0,"{""0.0498"": 4}"
c3_w2_tcop_cm0_states_L0.4_km0_2090_ucp0_0498_s137,cm0,stageC,-0.1,-0.209,0.1,0.04977134874876729,137,175,7,1,True,,0.41212399999999993,0.0008099812995347663,1.1529473958923924,-0.016916226816566578,-1.8646007778262725,0.003119955590400024,0.019599355769751744,0.10967572839806523,0.2422125648,0.04870080722123608,True,True,False,False,True,-0.09999977978965197,-0.10093007227060136,0.0,"{""0.0498"": 4}"
c3_w2_tcop_cm0_states_L0.4_km0_2090_ucp0_0498_s137,cm0,stageC,-0.1,-0.209,0.1,0.04977134874876729,137,200,8,2,True,,0.41178,0.0005128835692179922,0.9082909535596237,-0.005143876224066076,-0.47690856524872677,0.0023962763404513517,0.02231006457147923,0.11462431367569005,0.2421328336,0.04815549397524648,True,True,False,False,True,-0.09999977978965197,-0.10093007227060136,0.0,"{""0.0498"": 4}"
c3_w2_tcop_cm0_states_L0.4_km0_2090_ucp0_0498_s137,cm0,stageC,-0.1,-0.209,0.1,0.04977134874876729,137,225,9,0,True,,0.4125400000000001,0.0006233336770665579,1.1056629612506412,0.000306742568853832,0.08472002828375301,0.005496453059530205,0.021349051797211038,0.11441314753863094,0.24227317920000005,0.04805651256593637,True,True,False,False,True,-0.09999977978965197,-0.10093007227060136,0.0,"{""0.0498"": 4}"
c3_w2_tcop_cm0_states_L0.4_km0_2090_ucp0_0498_s137,cm0,stageC,-0.1,-0.209,0.1,0.04977134874876729,137,250,10,1,True,,0.41232,-0.00014452595100646634,0.287145688066785,-0.025843400799869545,-2.6153437923683347,0.0001408755540356182,0.022520167781698328,0.1076833524745747,0.24222599680000007,0.048120448875711874,True,True,False,False,False,-0.09999977978965197,-0.10093007227060136,0.0,"{""0.0498"": 4}"
c3_w2_tcop_cm0_states_L0.4_km0_2090_ucp0_0498_s137,cm0,stageC,-0.1,-0.209,0.1,0.04977134874876729,137,275,11,2,True,,0.41236000000000006,0.0009592807951029907,1.372184443594574,-0.033641562582901935,-3.1416405361052937,0.0045087445874558724,0.022860741178114007,0.10767290690737967,0.24223036480000004,0.04868542286968451,True,True,False,False,False,-0.09999977978965197,-0.10093007227060136,0.0,"{""0.0498"": 4}"
c3_w2_tcop_cm0_states_L0.4_km0_2090_ucp0_0498_s137,cm0,stageC,-0.1,-0.209,0.1,0.04977134874876729,137,300,12,0,False,EXITS_PRIMARY_BLOCK_SET,0.4125599999999999,0.0008258462092864019,1.3191161237093543,-0.01873015075657362,-2.012596555700588,0.0043797282472592776,0.021583456383583072,0.09210781439764452,0.2422749568,0.047888269962486636,True,True,False,False,False,-0.09999977978965197,-0.10093007227060136,0.0,"{""0.0498"": 4}"
c3_w2_tcop_cm0_states_L0.4_km0_2090_ucp0_0498_s256,cm0,stageC,-0.1,-0.209,0.1,0.04977134874876729,256,0,0,0,False,PRE_PRIMARY_PHASE_IMBALANCE,0.41146,0.00027599690793828286,0.6275606837054698,-0.01102912142197882,-1.1280287473179054,0.0468561899040928,0.08048356233212733,0.853545907613022,0.24106401440000003,0.04639642658653789,False,True,False,False,True,-0.09999977978965197,-0.10093007227060136,0.0,"{""0.0498"": 4}"
c3_w2_tcop_cm0_states_L0.4_km0_2090_ucp0_0498_s256,cm0,stageC,-0.1,-0.209,0.1,0.04977134874876729,256,25,1,1,False,PRE_PRIMARY_PHASE_IMBALANCE,0.4139,0.00045668800366825067,0.7416290150980931,-0.011223183798694247,-1.0696090810621028,0.008761832914963429,0.024830852720727895,0.10244020270007197,0.24248116320000004,0.04652171535960384,True,True,False,False,True,-0.09999977978965197,-0.10093007227060136,0.0,"{""0.0498"": 4}"
c3_w2_tcop_cm0_states_L0.4_km0_2090_ucp0_0498_s256,cm0,stageC,-0.1,-0.209,0.1,0.04977134874876729,256,50,2,2,False,PRE_PRIMARY_PHASE_IMBALANCE,0.41272000000000003,0.0012308844574775062,1.556928526504942,-0.00048804071841932606,0.04118206812377448,0.0238977182659747,0.024226012483230898,0.09401046691701281,0.2422822304,0.0467884772139466,True,True,False,False,True,-0.09999977978965197,-0.10093007227060136,0.0,"{""0.0498"": 4}"
c3_w2_tcop_cm0_states_L0.4_km0_2090_ucp0_0498_s256,cm0,stageC,-0.1,-0.209,0.1,0.04977134874876729,256,75,3,0,True,,0.41181200000000007,0.0002314609628753509,0.7305984231522754,-0.015329060815086554,-1.628633050923404,0.01803158369407558,0.024846530142387583,0.12044330879031367,0.24211818079999997,0.04796953883455625,True,True,False,False,True,-0.09999977978965197,-0.10093007227060136,0.0,"{""0.0498"": 4}"
c3_w2_tcop_cm0_states_L0.4_km0_2090_ucp0_0498_s256,cm0,stageC,-0.1,-0.209,0.1,0.04977134874876729,256,100,4,1,True,,0.411412,1.814784159666732e-05,0.2657617556165285,-0.0217142891228819,-2.4213624677524184,0.004301520046560003,0.025177798672135016,0.12056041116797654,0.2420448688,0.04891427456274906,True,True,False,False,False,-0.09999977978965197,-0.10093007227060136,0.0,"{""0.0498"": 4}"
c3_w2_tcop_cm0_states_L0.4_km0_2090_ucp0_0498_s256,cm0,stageC,-0.1,-0.209,0.1,0.04977134874876729,256,125,5,2,True,,0.41191199999999994,0.00010139239823346742,0.4370168131663102,-0.03294963706158912,-3.3174276034678836,0.013016508750898333,0.02452497435315958,0.13498028672391119,0.2421384512,0.0489949411266102,True,True,False,False,False,-0.09999977978965197,-0.10093007227060136,0.0,"{""0.0498"": 4}"
c3_w2_tcop_cm0_states_L0.4_km0_2090_ucp0_0498_s256,cm0,stageC,-0.1,-0.209,0.1,0.04977134874876729,256,150,6,0,True,,0.41306800000000005,-0.00039771806768751063,0.12800483344984812,-0.02920424252361526,-2.8813347997522785,0.004331923396539686,0.02435354649986701,0.13460253484994586,0.24234163039999998,0.04893819955821832,True,True,False,False,False,-0.09999977978965197,-0.10093007227060136,0.0,"{""0.0498"": 4}"
c3_w2_tcop_cm0_states_L0.4_km0_2090_ucp0_0498_s256,cm0,stageC,-0.1,-0.209,0.1,0.04977134874876729,256,175,7,1,True,,0.413324,0.0005086086746636542,0.8671878172129474,-0.027215491034744264,-2.596031305503058,0.009434898427292103,0.02404876261823291,0.13645469380811495,0.24238846879999998,0.04868953711014308,True,True,False,False,False,-0.09999977978965197,-0.10093007227060136,0.0,"{""0.0498"": 4}"
c3_w2_tcop_cm0_states_L0.4_km0_2090_ucp0_0498_s256,cm0,stageC,-0.1,-0.209,0.1,0.04977134874876729,256,200,8,2,True,,0.4127719999999999,0.000306157458945896,0.7031892769157929,-0.01897580921778662,-2.0335666387979203,0.009738262184592547,0.02232422500959842,0.13663717467115705,0.24230636319999996,0.04800204178990723,True,True,False,False,False,-0.09999977978965197,-0.10093007227060136,0.0,"{""0.0498"": 4}"
c3_w2_tcop_cm0_states_L0.4_km0_2090_ucp0_0498_s256,cm0,stageC,-0.1,-0.209,0.1,0.04977134874876729,256,225,9,0,True,,0.412152,-0.0013522744223102396,-0.8605722936307674,-0.01733637640463266,-1.760902919459314,0.0109543359590492,0.021853109388050514,0.11549137183492657,0.2422016064,0.04769747263744694,True,True,False,False,True,-0.09999977978965197,-0.10093007227060136,0.0,"{""0.0498"": 4}"
c3_w2_tcop_cm0_states_L0.4_km0_2090_ucp0_0498_s256,cm0,stageC,-0.1,-0.209,0.1,0.04977134874876729,256,250,10,1,True,,0.41125199999999995,0.0007151279402648831,1.116585252566144,-0.024886761723245554,-2.2323091599380556,0.010824810971600539,0.022256942969356586,0.10990827981405984,0.24204001119999996,0.04849487082156215,True,True,False,False,False,-0.09999977978965197,-0.10093007227060136,0.0,"{""0.0498"": 4}"
c3_w2_tcop_cm0_states_L0.4_km0_2090_ucp0_0498_s256,cm0,stageC,-0.1,-0.209,0.1,0.04977134874876729,256,275,11,2,True,,0.4111000000000001,-0.0001189962253785588,0.2873831406337956,-0.009520714324404277,-0.9109156477524577,0.002928047601822821,0.02172530013251851,0.11578691287816359,0.24201702240000003,0.048990101040924584,True,True,False,False,True,-0.09999977978965197,-0.10093007227060136,0.0,"{""0.0498"": 4}"
c3_w2_tcop_cm0_states_L0.4_km0_2090_ucp0_0498_s256,cm0,stageC,-0.1,-0.209,0.1,0.04977134874876729,256,300,12,0,False,EXITS_PRIMARY_BLOCK_SET,0.411072,0.00037025779899108524,0.7548931208655659,-0.008546544026002231,-0.7323764927455405,0.003607320088017191,0.02136754447127002,0.0992526854194577,0.2420146592,0.04820426138838765,True,True,False,False,True,-0.09999977978965197,-0.10093007227060136,0.0,"{""0.0498"": 4}"
c3_w2_tcop_cm0_states_L0.4_km0_2090_ucp0_0498_s1024,cm0,stageC,-0.1,-0.209,0.1,0.04977134874876729,1024,0,0,0,False,PRE_PRIMARY_PHASE_IMBALANCE,0.409344,0.00020446700309615398,0.615134140662339,-0.009948857333334529,-1.0012414515302501,0.035356490534545676,0.07932354038088864,0.8608896164084741,0.24072714880000004,0.04790375417438596,False,True,False,False,True,-0.09999977978965197,-0.10093007227060136,0.0,"{""0.0498"": 4}"
c3_w2_tcop_cm0_states_L0.4_km0_2090_ucp0_0498_s1024,cm0,stageC,-0.1,-0.209,0.1,0.04977134874876729,1024,25,1,1,False,PRE_PRIMARY_PHASE_IMBALANCE,0.412296,0.0011280715261755587,1.4607576430390212,-0.01283472138827085,-1.2277649307847833,0.007533205715131219,0.020412768109702845,0.0902264390383937,0.24223717760000002,0.048227050334848386,True,True,False,False,True,-0.09999977978965197,-0.10093007227060136,0.0,"{""0.0498"": 4}"
c3_w2_tcop_cm0_states_L0.4_km0_2090_ucp0_0498_s1024,cm0,stageC,-0.1,-0.209,0.1,0.04977134874876729,1024,50,2,2,False,PRE_PRIMARY_PHASE_IMBALANCE,0.412688,0.0009996035024928676,1.3921055294592255,-0.0193105549458477,-2.2366800457433462,0.011477517281550952,0.02090001958238199,0.0891714804182058,0.2423022208,0.048559804941947615,True,True,False,False,False,-0.09999977978965197,-0.10093007227060136,0.0,"{""0.0498"": 4}"
c3_w2_tcop_cm0_states_L0.4_km0_2090_ucp0_0498_s1024,cm0,stageC,-0.1,-0.209,0.1,0.04977134874876729,1024,75,3,0,True,,0.41430799999999995,0.00021413526433210805,0.7017089077024917,-0.025990258642714016,-2.506080686258094,0.01059897253568252,0.02306749177567344,0.11778676704821835,0.242565544,0.04808701629338214,True,True,False,False,False,-0.09999977978965197,-0.10093007227060136,0.0,"{""0.0498"": 4}"
c3_w2_tcop_cm0_states_L0.4_km0_2090_ucp0_0498_s1024,cm0,stageC,-0.1,-0.209,0.1,0.04977134874876729,1024,100,4,1,True,,0.41351200000000005,0.0002834876666457077,0.7297365292610677,-0.026264063446572564,-2.755171965940696,0.013724214772550532,0.023919936287883872,0.11801350355488233,0.24242199039999995,0.0485253114982274,True,True,False,False,False,-0.09999977978965197,-0.10093007227060136,0.0,"{""0.0498"": 4}"
c3_w2_tcop_cm0_states_L0.4_km0_2090_ucp0_0498_s1024,cm0,stageC,-0.1,-0.209,0.1,0.04977134874876729,1024,125,5,2,True,,0.4123240000000001,-6.501837441768415e-05,0.1835539311762602,-0.013208481792738222,-1.2942561245981703,0.02152871930627181,0.025505502860539864,0.13096496897836413,0.2422023216,0.04847761363763691,True,True,False,False,True,-0.09999977978965197,-0.10093007227060136,0.0,"{""0.0498"": 4}"
c3_w2_tcop_cm0_states_L0.4_km0_2090_ucp0_0498_s1024,cm0,stageC,-0.1,-0.209,0.1,0.04977134874876729,1024,150,6,0,True,,0.4120480000000001,-0.0007559138934401512,-0.25039101346379244,-0.0021127163942799175,-0.10855025747795034,0.01373569575113122,0.025475867821783515,0.13105269257209667,0.24215425280000002,0.0484739692618626,True,True,False,False,True,-0.09999977978965197,-0.10093007227060136,0.0,"{""0.0498"": 4}"
c3_w2_tcop_cm0_states_L0.4_km0_2090_ucp0_0498_s1024,cm0,stageC,-0.1,-0.209,0.1,0.04977134874876729,1024,175,7,1,True,,0.41084400000000004,-1.4555995313991787e-05,0.37251955900374606,-0.013517619655367444,-1.2664440786215423,0.008153983004123401,0.023549542007765052,0.1158590605780805,0.2419575984,0.04817517684451195,True,True,False,False,True,-0.09999977978965197,-0.10093007227060136,0.0,"{""0.0498"": 4}"
c3_w2_tcop_cm0_states_L0.4_km0_2090_ucp0_0498_s1024,cm0,stageC,-0.1,-0.209,0.1,0.04977134874876729,1024,200,8,2,True,,0.411444,-0.00021868043633811924,0.13203559854261698,-0.006401820132752647,-0.8275650860182681,0.00299093693750555,0.02288951248593382,0.12541196341321786,0.2420691408,0.04926129174108206,True,True,False,False,True,-0.09999977978965197,-0.10093007227060136,0.0,"{""0.0498"": 4}"
c3_w2_tcop_cm0_states_L0.4_km0_2090_ucp0_0498_s1024,cm0,stageC,-0.1,-0.209,0.1,0.04977134874876729,1024,225,9,0,True,,0.41173599999999994,-0.0002098837437050912,0.13484453575951721,-0.011945336730121,-1.0834733450557776,0.006471978326343769,0.021392436680642873,0.10492159999387574,0.2421318848,0.048942683865926276,True,True,False,False,True,-0.09999977978965197,-0.10093007227060136,0.0,"{""0.0498"": 4}"
c3_w2_tcop_cm0_states_L0.4_km0_2090_ucp0_0498_s1024,cm0,stageC,-0.1,-0.209,0.1,0.04977134874876729,1024,250,10,1,True,,0.41226,0.0002333644424726397,0.7068380693584362,-0.021771029634202025,-2.2406057959457297,0.0046711118386119415,0.022129779975106807,0.1300150387376534,0.24221845919999999,0.049236291493165885,True,True,False,False,False,-0.09999977978965197,-0.10093007227060136,0.0,"{""0.0498"": 4}"
c3_w2_tcop_cm0_states_L0.4_km0_2090_ucp0_0498_s1024,cm0,stageC,-0.1,-0.209,0.1,0.04977134874876729,1024,275,11,2,True,,0.412744,-0.00036169128901021347,0.058206517891541555,-0.022680113412493163,-2.215282988315377,0.008206584986494445,0.022847498057198865,0.12986257794210807,0.24229746239999997,0.04914133152449168,True,True,False,False,False,-0.09999977978965197,-0.10093007227060136,0.0,"{""0.0498"": 4}"
c3_w2_tcop_cm0_states_L0.4_km0_2090_ucp0_0498_s1024,cm0,stageC,-0.1,-0.209,0.1,0.04977134874876729,1024,300,12,0,False,EXITS_PRIMARY_BLOCK_SET,0.41280000000000006,-0.00015441387928823123,0.22944838800725212,-0.01723182810139331,-1.6554990936755551,0.0027933025793057467,0.024069268058696965,0.12984496092576323,0.24229744000000003,0.04881393243736874,True,True,False,False,True,-0.09999977978965197,-0.10093007227060136,0.0,"{""0.0498"": 4}"
c3_w2_tcop_cm0_states_L0.4_km0_2090_ucp0_0498_s31415,cm0,stageC,-0.1,-0.209,0.1,0.04977134874876729,31415,0,0,0,False,PRE_PRIMARY_PHASE_IMBALANCE,0.40784000000000004,-0.0010552265856691844,-0.5160722168266071,-0.00713442336724833,-0.7529365371748963,0.04973035541656048,0.08106344006703499,0.8719105510202271,0.24041351039999995,0.0475568543955548,False,True,False,False,True,-0.09999977978965197,-0.10093007227060136,0.0,"{""0.0498"": 4}"
c3_w2_tcop_cm0_states_L0.4_km0_2090_ucp0_0498_s31415,cm0,stageC,-0.1,-0.209,0.1,0.04977134874876729,31415,25,1,1,False,PRE_PRIMARY_PHASE_IMBALANCE,0.41177600000000003,0.00017381458103640362,0.4612108930137093,-0.014477004559648787,-1.5545078736950073,0.004484828328952041,0.02368162341873918,0.1359962694863317,0.2421214336,0.04822909727540004,True,True,False,False,True,-0.09999977978965197,-0.10093007227060136,0.0,"{""0.0498"": 4}"
c3_w2_tcop_cm0_states_L0.4_km0_2090_ucp0_0498_s31415,cm0,stageC,-0.1,-0.209,0.1,0.04977134874876729,31415,50,2,2,False,PRE_PRIMARY_PHASE_IMBALANCE,0.41175199999999995,0.0008882996613871883,1.2481417725067072,-0.025467111165985774,-2.5250129373845356,0.007589793136794179,0.023906479634446323,0.11560356691502752,0.2421153952,0.04835587343849762,True,True,False,False,False,-0.09999977978965197,-0.10093007227060136,0.0,"{""0.0498"": 4}"
c3_w2_tcop_cm0_states_L0.4_km0_2090_ucp0_0498_s31415,cm0,stageC,-0.1,-0.209,0.1,0.04977134874876729,31415,75,3,0,True,,0.411352,0.001122407984262394,1.5745036491208897,-0.027040432713190805,-2.7886688249391707,0.0009009244121944516,0.024072343391295388,0.1157159801928374,0.2420434784,0.048782087860197214,True,True,False,False,False,-0.09999977978965197,-0.10093007227060136,0.0,"{""0.0498"": 4}"
c3_w2_tcop_cm0_states_L0.4_km0_2090_ucp0_0498_s31415,cm0,stageC,-0.1,-0.209,0.1,0.04977134874876729,31415,100,4,1,True,,0.4117,0.0009471492113749205,1.3095241579432442,-0.021271942294990177,-2.1523195547069855,0.0025040152727836486,0.025256394184222444,0.11561816828851557,0.24209499040000002,0.04781328267333252,True,True,False,False,False,-0.09999977978965197,-0.10093007227060136,0.0,"{""0.0498"": 4}"
c3_w2_tcop_cm0_states_L0.4_km0_2090_ucp0_0498_s31415,cm0,stageC,-0.1,-0.209,0.1,0.04977134874876729,31415,125,5,2,True,,0.4114200000000001,0.0016225986211566667,2.109655253493342,-0.010768237445179213,-1.0966820252480936,0.004258264521076322,0.025564385160282616,0.10986339966490836,0.2420429616,0.04763720814657383,True,True,False,False,False,-0.09999977978965197,-0.10093007227060136,0.0,"{""0.0498"": 4}"
c3_w2_tcop_cm0_states_L0.4_km0_2090_ucp0_0498_s31415,cm0,stageC,-0.1,-0.209,0.1,0.04977134874876729,31415,150,6,0,True,,0.41147600000000006,0.0009878074840236105,1.650609200845325,-0.015273564184097903,-1.6363700196060194,0.006596815941993411,0.02431041100657855,0.10693211728768594,0.2420634384,0.04727728232460068,True,True,False,False,True,-0.09999977978965197,-0.10093007227060136,0.0,"{""0.0498"": 4}"
c3_w2_tcop_cm0_states_L0.4_km0_2090_ucp0_0498_s31415,cm0,stageC,-0.1,-0.209,0.1,0.04977134874876729,31415,175,7,1,True,,0.41198799999999997,0.0005198378590015145,0.9211623135314069,-0.015357342876945831,-1.4390821385382404,0.0017728502712000527,0.024947254347982336,0.14272260322455366,0.2421482512,0.04901273157048075,True,True,False,False,True,-0.09999977978965197,-0.10093007227060136,0.0,"{""0.0498"": 4}"
c3_w2_tcop_cm0_states_L0.4_km0_2090_ucp0_0498_s31415,cm0,stageC,-0.1,-0.209,0.1,0.04977134874876729,31415,200,8,2,True,,0.411448,0.0019535387603627163,2.2804747106917067,-0.02387665488823508,-2.448839955645127,0.0004888591353525352,0.02412516975146583,0.1429099177954203,0.24206001279999995,0.04837585447307365,True,True,False,False,False,-0.09999977978965197,-0.10093007227060136,0.0,"{""0.0498"": 4}"
c3_w2_tcop_cm0_states_L0.4_km0_2090_ucp0_0498_s31415,cm0,stageC,-0.1,-0.209,0.1,0.04977134874876729,31415,225,9,0,True,,0.41148,0.0002511353125675664,0.624722661266487,-0.021588630854258224,-1.9584112566686844,0.0003943234792172145,0.023392508290999644,0.14581510609066026,0.24207155840000003,0.047850283175755605,True,True,False,False,True,-0.09999977978965197,-0.10093007227060136,0.0,"{""0.0498"": 4}"
c3_w2_tcop_cm0_states_L0.4_km0_2090_ucp0_0498_s31415,cm0,stageC,-0.1,-0.209,0.1,0.04977134874876729,31415,250,10,1,True,,0.412104,-0.0008479065326615863,-0.4054192099874518,-0.017139996129693975,-1.7972143527543203,0.002514956515465734,0.024133985148528103,0.14559431564460834,0.242175376,0.04868565686113314,True,True,False,False,True,-0.09999977978965197,-0.10093007227060136,0.0,"{""0.0498"": 4}"
c3_w2_tcop_cm0_states_L0.4_km0_2090_ucp0_0498_s31415,cm0,stageC,-0.1,-0.209,0.1,0.04977134874876729,31415,275,11,2,True,,0.411328,-0.0007376780174805167,-0.37745712089876876,-0.022259086143128274,-2.15520756452299,0.001861474457841945,0.02215582164278958,0.13517193058782295,0.24205422399999998,0.048330491576229595,True,True,False,False,False,-0.09999977978965197,-0.10093007227060136,0.0,"{""0.0498"": 4}"
c3_w2_tcop_cm0_states_L0.4_km0_2090_ucp0_0498_s31415,cm0,stageC,-0.1,-0.209,0.1,0.04977134874876729,31415,300,12,0,False,EXITS_PRIMARY_BLOCK_SET,0.41269200000000006,-0.0019548904663834353,-1.4947464606720915,-0.021480524640382845,-1.9750366328117652,0.008914269905581092,0.022566097421262567,0.13472517001849998,0.24229058400000003,0.04814803356316849,True,True,False,False,True,-0.09999977978965197,-0.10093007227060136,0.0,"{""0.0498"": 4}"
c3_w2_tcop_cm0_states_L0.4_km0_2090_ucp0_1234_s42,cm0,stageC,-0.1,-0.209,0.25,0.12339551870278656,42,0,0,0,False,PRE_PRIMARY_PHASE_IMBALANCE,0.418508,-1.669579926102723e-05,0.29929721318444663,-0.023801954668614962,-2.163402259862422,0.042841601385048764,0.07988309529066122,0.856375503320425,0.2422413744,0.04887017429885022,False,True,False,False,False,-0.09999977978965197,-0.10209909391676597,0.0,"{""0.1234"": 4}"
c3_w2_tcop_cm0_states_L0.4_km0_2090_ucp0_1234_s42,cm0,stageC,-0.1,-0.209,0.25,0.12339551870278656,42,25,1,1,False,PRE_PRIMARY_PHASE_IMBALANCE,0.4217679999999999,0.0004303723785827673,0.9503405034319803,-0.022000638990434012,-2.234762077751453,0.003584129577237595,0.021765956294427645,0.11665180830064908,0.24379547839999996,0.047998272635585544,True,True,False,False,False,-0.09999977978965197,-0.10209909391676597,0.0,"{""0.1234"": 4}"
c3_w2_tcop_cm0_states_L0.4_km0_2090_ucp0_1234_s42,cm0,stageC,-0.1,-0.209,0.25,0.12339551870278656,42,50,2,2,False,PRE_PRIMARY_PHASE_IMBALANCE,0.42256800000000005,0.001346811948580047,1.7502104095342348,-0.014382523064945078,-1.3335049217568087,0.009283600002711627,0.023141902205929144,0.11927074430796758,0.24390865600000006,0.04846653872518648,True,True,False,False,True,-0.09999977978965197,-0.10209909391676597,0.0,"{""0.1234"": 4}"
c3_w2_tcop_cm0_states_L0.4_km0_2090_ucp0_1234_s42,cm0,stageC,-0.1,-0.209,0.25,0.12339551870278656,42,75,3,0,True,,0.42258799999999996,0.0014721574122241315,1.9248701563652573,-0.02465272455227643,-2.3943639002432056,0.005580460917020442,0.022165591095138458,0.12210474475824039,0.24391964320000004,0.04828977382427878,True,True,False,False,False,-0.09999977978965197,-0.10209909391676597,0.0,"{""0.1234"": 4}"
c3_w2_tcop_cm0_states_L0.4_km0_2090_ucp0_1234_s42,cm0,stageC,-0.1,-0.209,0.25,0.12339551870278656,42,100,4,1,True,,0.42246,0.0015949978757145503,1.8705031447792657,-0.023780540221237854,-2.5972220707403,0.0038924500226101455,0.02454527590267229,0.12214174094081875,0.243880024,0.047798623411140204,True,True,False,False,False,-0.09999977978965197,-0.10209909391676597,0.0,"{""0.1234"": 4}"
c3_w2_tcop_cm0_states_L0.4_km0_2090_ucp0_1234_s42,cm0,stageC,-0.1,-0.209,0.25,0.12339551870278656,42,125,5,2,True,,0.4220920000000001,0.0007843146929105654,1.1228412570902453,-0.0181194124582717,-1.7579981629326664,0.008976192083506694,0.02409402117074566,0.12224822995401902,0.24382691679999996,0.04821186094728142,True,True,False,False,True,-0.09999977978965197,-0.10209909391676597,0.0,"{""0.1234"": 4}"
c3_w2_tcop_cm0_states_L0.4_km0_2090_ucp0_1234_s42,cm0,stageC,-0.1,-0.209,0.25,0.12339551870278656,42,150,6,0,True,,0.421724,0.0010795913857077127,1.3817077744278259,-0.011951519945029052,-1.0177501791829835,0.004054051856291347,0.024708674505977156,0.14891255857169017,0.24376428639999992,0.04732047996375354,True,True,False,False,True,-0.09999977978965197,-0.10209909391676597,0.0,"{""0.1234"": 4}"
c3_w2_tcop_cm0_states_L0.4_km0_2090_ucp0_1234_s42,cm0,stageC,-0.1,-0.209,0.25,0.12339551870278656,42,175,7,1,True,,0.42179600000000006,0.0015074673383190442,2.0195295980354406,-0.006934774936669214,-0.5748739456653406,0.00016787044101980694,0.024352035318033437,0.13086895055697795,0.24377862879999998,0.0479818130545314,True,True,False,False,False,-0.09999977978965197,-0.10209909391676597,0.0,"{""0.1234"": 4}"
c3_w2_tcop_cm0_states_L0.4_km0_2090_ucp0_1234_s42,cm0,stageC,-0.1,-0.209,0.25,0.12339551870278656,42,200,8,2,True,,0.42108799999999996,0.0013653628227783688,1.6687622015685029,-0.005465193060758713,-0.5279818175403067,0.003230811712453884,0.024303511187402756,0.14818755189369553,0.24366816319999998,0.04788920813711582,True,True,False,False,True,-0.09999977978965197,-0.10209909391676597,0.0,"{""0.1234"": 4}"
c3_w2_tcop_cm0_states_L0.4_km0_2090_ucp0_1234_s42,cm0,stageC,-0.1,-0.209,0.25,0.12339551870278656,42,225,9,0,True,,0.42196400000000006,0.0015530608217618042,1.996633032731974,-0.007931487291606412,-0.686718356575061,0.002915232127351826,0.0240652264224496,0.14787991357585029,0.2438072656,0.047767171823334904,True,True,False,False,True,-0.09999977978965197,-0.10209909391676597,0.0,"{""0.1234"": 4}"
c3_w2_tcop_cm0_states_L0.4_km0_2090_ucp0_1234_s42,cm0,stageC,-0.1,-0.209,0.25,0.12339551870278656,42,250,10,1,True,,0.4217120000000001,-0.00024533606470823337,0.12441092049831746,-0.022376172873167698,-2.3241881120437125,0.005860129953268278,0.023058497803489113,0.11382175486156007,0.24377643200000004,0.04871908307839958,True,True,False,False,False,-0.09999977978965197,-0.10209909391676597,0.0,"{""0.1234"": 4}"
c3_w2_tcop_cm0_states_L0.4_km0_2090_ucp0_1234_s42,cm0,stageC,-0.1,-0.209,0.25,0.12339551870278656,42,275,11,2,True,,0.42160400000000003,-0.0007805547899707879,-0.39369211238110663,-0.02844306340081592,-2.860452561561551,0.0006882975925591465,0.023756668640070165,0.12049221515808149,0.24375374880000003,0.04733991111102766,True,True,False,False,False,-0.09999977978965197,-0.10209909391676597,0.0,"{""0.1234"": 4}"
c3_w2_tcop_cm0_states_L0.4_km0_2090_ucp0_1234_s42,cm0,stageC,-0.1,-0.209,0.25,0.12339551870278656,42,300,12,0,False,EXITS_PRIMARY_BLOCK_SET,0.42233599999999993,-0.0016761477940036573,-1.3467311884017574,-0.01624818975049149,-1.6767470702166813,0.007089282937877307,0.022122634286047792,0.1202833759843268,0.243881008,0.04717947757235131,True,True,False,False,True,-0.09999977978965197,-0.10209909391676597,0.0,"{""0.1234"": 4}"
c3_w2_tcop_cm0_states_L0.4_km0_2090_ucp0_1234_s137,cm0,stageC,-0.1,-0.209,0.25,0.12339551870278656,137,0,0,0,False,PRE_PRIMARY_PHASE_IMBALANCE,0.41970799999999997,0.0006657794252906057,1.1507659589262085,-0.021912531678050337,-2.243904908574655,0.032000874584971875,0.080437197354705,0.8605983186868053,0.24241344800000003,0.04695651963252813,False,True,False,False,False,-0.09999977978965197,-0.10209909391676597,0.0,"{""0.1234"": 4}"
c3_w2_tcop_cm0_states_L0.4_km0_2090_ucp0_1234_s137,cm0,stageC,-0.1,-0.209,0.25,0.12339551870278656,137,25,1,1,False,PRE_PRIMARY_PHASE_IMBALANCE,0.42163199999999995,0.0007145653660727378,1.2213383393217323,-0.023220144964047593,-2.4387739398264507,0.0033530219973441585,0.02485169908438791,0.10815118371435006,0.24374866240000004,0.047560241546905545,True,True,False,False,False,-0.09999977978965197,-0.10209909391676597,0.0,"{""0.1234"": 4}"
c3_w2_tcop_cm0_states_L0.4_km0_2090_ucp0_1234_s137,cm0,stageC,-0.1,-0.209,0.25,0.12339551870278656,137,50,2,2,False,PRE_PRIMARY_PHASE_IMBALANCE,0.4217600000000001,0.0018499822332552686,2.1177493552556617,-0.027761079916119796,-2.6649685120676625,0.001934943110360957,0.024764494638610978,0.11191198759504936,0.24376941119999998,0.04806602126242612,True,True,False,False,False,-0.09999977978965197,-0.10209909391676597,0.0,"{""0.1234"": 4}"
c3_w2_tcop_cm0_states_L0.4_km0_2090_ucp0_1234_s137,cm0,stageC,-0.1,-0.209,0.25,0.12339551870278656,137,75,3,0,True,,0.421864,0.0019752823730532373,2.1150652145477813,-0.02082896184726596,-1.8380228746711886,0.004515271458415299,0.025459181334006053,0.11946978144741009,0.2437794112,0.04731221305329101,True,True,False,False,False,-0.09999977978965197,-0.10209909391676597,0.0,"{""0.1234"": 4}"
c3_w2_tcop_cm0_states_L0.4_km0_2090_ucp0_1234_s137,cm0,stageC,-0.1,-0.209,0.25,0.12339551870278656,137,100,4,1,True,,0.42180800000000007,0.0020818285392141824,2.4818738519330372,-0.018719939800899144,-1.8281150548797367,0.002453683893847887,0.024322885037154383,0.1194856424736239,0.24378075200000002,0.04733213639801187,True,True,False,False,False,-0.09999977978965197,-0.10209909391676597,0.0,"{""0.1234"": 4}"
c3_w2_tcop_cm0_states_L0.4_km0_2090_ucp0_1234_s137,cm0,stageC,-0.1,-0.209,0.25,0.12339551870278656,137,125,5,2,True,,0.42153999999999997,0.001423438008250588,2.07645440628157,-0.0037291854633895736,-0.2931421677418278,0.0009207164467446275,0.021985612882646267,0.11956160715575839,0.24375813600000001,0.047039434520410636,True,True,False,False,False,-0.09999977978965197,-0.10209909391676597,0.0,"{""0.1234"": 4}"
c3_w2_tcop_cm0_states_L0.4_km0_2090_ucp0_1234_s137,cm0,stageC,-0.1,-0.209,0.25,0.12339551870278656,137,150,6,0,True,,0.42163599999999996,0.0016362479269001703,2.0617644395453136,-0.01046685186772885,-0.9105009040618091,0.0006518121841981661,0.020871986452711412,0.11953438482592951,0.2437816368,0.04712709946516972,True,True,False,False,False,-0.09999977978965197,-0.10209909391676597,0.0,"{""0.1234"": 4}"
c3_w2_tcop_cm0_states_L0.4_km0_2090_ucp0_1234_s137,cm0,stageC,-0.1,-0.209,0.25,0.12339551870278656,137,175,7,1,True,,0.4217,0.0011267906576929256,1.4746471257101201,-0.017432230697418283,-1.9585734573143105,0.0012743982454338865,0.0194330112263377,0.09769978634645522,0.24380195359999998,0.0482123428179963,True,True,False,False,True,-0.09999977978965197,-0.10209909391676597,0.0,"{""0.1234"": 4}"
c3_w2_tcop_cm0_states_L0.4_km0_2090_ucp0_1234_s137,cm0,stageC,-0.1,-0.209,0.25,0.12339551870278656,137,200,8,2,True,,0.4214079999999999,0.0008515819830579441,1.2514122237437655,-0.005045298905149734,-0.5018419729338082,0.0020402222420016626,0.02150955857929665,0.1101070693719458,0.24374113600000005,0.04753964173192726,True,True,False,False,True,-0.09999977978965197,-0.10209909391676597,0.0,"{""0.1234"": 4}"
c3_w2_tcop_cm0_states_L0.4_km0_2090_ucp0_1234_s137,cm0,stageC,-0.1,-0.209,0.25,0.12339551870278656,137,225,9,0,True,,0.42222000000000004,0.0009076142181333382,1.411888824413182,-0.00046788707658763375,0.0019006930004843983,0.005068007143977814,0.020118417256310365,0.10989531497822148,0.2438781168,0.047336155314938705,True,True,False,False,True,-0.09999977978965197,-0.10209909391676597,0.0,"{""0.1234"": 4}"
c3_w2_tcop_cm0_states_L0.4_km0_2090_ucp0_1234_s137,cm0,stageC,-0.1,-0.209,0.25,0.12339551870278656,137,250,10,1,True,,0.42192,8.507031902143603e-05,0.4972957461302387,-0.0262770425890715,-2.7245744514795107,0.0012925069495661715,0.02131314289201335,0.11376564250624382,0.2438226496,0.04755957947669428,True,True,False,False,False,-0.09999977978965197,-0.10209909391676597,0.0,"{""0.1234"": 4}"
c3_w2_tcop_cm0_states_L0.4_km0_2090_ucp0_1234_s137,cm0,stageC,-0.1,-0.209,0.25,0.12339551870278656,137,275,11,2,True,,0.4221440000000001,0.0010405561142323842,1.4235942108946882,-0.033772883603982236,-3.2832232023796384,0.00305784064643917,0.02178672075092831,0.11370527565545112,0.24385385600000004,0.04788698428592054,True,True,False,False,False,-0.09999977978965197,-0.10209909391676597,0.0,"{""0.1234"": 4}"
c3_w2_tcop_cm0_states_L0.4_km0_2090_ucp0_1234_s137,cm0,stageC,-0.1,-0.209,0.25,0.12339551870278656,137,300,12,0,False,EXITS_PRIMARY_BLOCK_SET,0.4222000000000001,0.0008239466509809317,1.3915023002372293,-0.016478890898995138,-1.7407813131146759,0.0053189591689664275,0.0209606526292049,0.09284699172703224,0.24386884479999998,0.047256322328340365,True,True,False,False,True,-0.09999977978965197,-0.10209909391676597,0.0,"{""0.1234"": 4}"
c3_w2_tcop_cm0_states_L0.4_km0_2090_ucp0_1234_s256,cm0,stageC,-0.1,-0.209,0.25,0.12339551870278656,256,0,0,0,False,PRE_PRIMARY_PHASE_IMBALANCE,0.420896,0.000493143424384732,0.8612455007845995,-0.013480815191144841,-1.40079861331031,0.04621118985281376,0.08110153762013629,0.8762259539738416,0.24257733759999997,0.04594950689615722,False,True,False,False,True,-0.09999977978965197,-0.10209909391676597,0.0,"{""0.1234"": 4}"
c3_w2_tcop_cm0_states_L0.4_km0_2090_ucp0_1234_s256,cm0,stageC,-0.1,-0.209,0.25,0.12339551870278656,256,25,1,1,False,PRE_PRIMARY_PHASE_IMBALANCE,0.4233840000000001,0.0005544933365031461,0.8330803320938496,-0.009344058786095405,-0.8493086013968257,0.009788405834075664,0.02439056418171565,0.10297980059950355,0.2440233504,0.04598769992073968,True,True,False,False,True,-0.09999977978965197,-0.10209909391676597,0.0,"{""0.1234"": 4}"
c3_w2_tcop_cm0_states_L0.4_km0_2090_ucp0_1234_s256,cm0,stageC,-0.1,-0.209,0.25,0.12339551870278656,256,50,2,2,False,PRE_PRIMARY_PHASE_IMBALANCE,0.422272,0.0017196950999437278,1.9865114593693238,0.0005602691477117934,0.1637163017996342,0.020059220181886297,0.024217144296931038,0.1004092146758269,0.24385378239999997,0.04604821403702863,True,True,False,False,True,-0.09999977978965197,-0.10209909391676597,0.0,"{""0.1234"": 4}"
c3_w2_tcop_cm0_states_L0.4_km0_2090_ucp0_1234_s256,cm0,stageC,-0.1,-0.209,0.25,0.12339551870278656,256,75,3,0,True,,0.421344,0.0008581198108240682,1.3773494336828012,-0.013445529530214568,-1.3520315382115327,0.016254758269332367,0.02514864039348804,0.1205665676488413,0.2437009536,0.04719357651206359,True,True,False,False,True,-0.09999977978965197,-0.10209909391676597,0.0,"{""0.1234"": 4}"
c3_w2_tcop_cm0_states_L0.4_km0_2090_ucp0_1234_s256,cm0,stageC,-0.1,-0.209,0.25,0.12339551870278656,256,100,4,1,True,,0.420984,0.0005960556860043225,0.7713716229182257,-0.018771760548664345,-2.1408422461821286,0.00423735434506059,0.025176924061822585,0.12066966886943513,0.24364413119999997,0.048369326478668276,True,True,False,False,False,-0.09999977978965197,-0.10209909391676597,0.0,"{""0.1234"": 4}"
c3_w2_tcop_cm0_states_L0.4_km0_2090_ucp0_1234_s256,cm0,stageC,-0.1,-0.209,0.25,0.12339551870278656,256,125,5,2,True,,0.42155600000000004,0.0006654636238279739,1.027251041414582,-0.028186655590166334,-2.8850826629187734,0.01262933604221123,0.024003448018813222,0.12809685989975975,0.2437441488,0.04855449375701491,True,True,False,False,False,-0.09999977978965197,-0.10209909391676597,0.0,"{""0.1234"": 4}"
c3_w2_tcop_cm0_states_L0.4_km0_2090_ucp0_1234_s256,cm0,stageC,-0.1,-0.209,0.25,0.12339551870278656,256,150,6,0,True,,0.42266,-6.298627748359296e-05,0.4293575027830573,-0.022681287083391524,-2.2815075081803813,0.008099802058710847,0.02355130618460476,0.12776226724137066,0.2439194384,0.04849251901066803,True,True,False,False,False,-0.09999977978965197,-0.10209909391676597,0.0,"{""0.1234"": 4}"
c3_w2_tcop_cm0_states_L0.4_km0_2090_ucp0_1234_s256,cm0,stageC,-0.1,-0.209,0.25,0.12339551870278656,256,175,7,1,True,,0.42308000000000007,0.0004811839113380066,0.8402111387083857,-0.01951451665130131,-1.8423761965562309,0.006458431589453081,0.02269172883363213,0.1229081967407861,0.2439911456,0.04824223875402135,True,True,False,False,True,-0.09999977978965197,-0.10209909391676597,0.0,"{""0.1234"": 4}"
c3_w2_tcop_cm0_states_L0.4_km0_2090_ucp0_1234_s256,cm0,stageC,-0.1,-0.209,0.25,0.12339551870278656,256,200,8,2,True,,0.422668,0.0005112980541486034,0.8447675891490593,-0.014766812122757364,-1.6238263436455977,0.007622630945791504,0.021042645346737176,0.12302800277516156,0.2439406576,0.04742195457802219,True,True,False,False,True,-0.09999977978965197,-0.10209909391676597,0.0,"{""0.1234"": 4}"
c3_w2_tcop_cm0_states_L0.4_km0_2090_ucp0_1234_s256,cm0,stageC,-0.1,-0.209,0.25,0.12339551870278656,256,225,9,0,True,,0.42200399999999993,-0.0011230844953878118,-0.6088734858133344,-0.012624924969321081,-1.272492058010042,0.01132595413425027,0.021014895215364593,0.11184728080338738,0.24383797599999993,0.047149379465693926,True,True,False,False,True,-0.09999977978965197,-0.10209909391676597,0.0,"{""0.1234"": 4}"
c3_w2_tcop_cm0_states_L0.4_km0_2090_ucp0_1234_s256,cm0,stageC,-0.1,-0.209,0.25,0.12339551870278656,256,250,10,1,True,,0.4210120000000001,0.0009047184187612427,1.2543821677882374,-0.024185158792543418,-2.1792329469870313,0.011409651859392099,0.021170402838332457,0.11211081842771496,0.2436814544,0.04776751883864181,True,True,False,False,False,-0.09999977978965197,-0.10209909391676597,0.0,"{""0.1234"": 4}"
c3_w2_tcop_cm0_states_L0.4_km0_2090_ucp0_1234_s256,cm0,stageC,-0.1,-0.209,0.25,0.12339551870278656,256,275,11,2,True,,0.42081199999999996,0.0004796548374557622,0.9328855790673586,-0.0092585816983276,-0.8897068865637483,0.0037206081669160676,0.020776472490839637,0.1064608421184262,0.24365282079999998,0.04841178220226973,True,True,False,False,True,-0.09999977978965197,-0.10209909391676597,0.0,"{""0.1234"": 4}"
c3_w2_tcop_cm0_states_L0.4_km0_2090_ucp0_1234_s256,cm0,stageC,-0.1,-0.209,0.25,0.12339551870278656,256,300,12,0,False,EXITS_PRIMARY_BLOCK_SET,0.420572,0.0007807613672254209,1.126257124557283,-0.006074192262704289,-0.5120881919741498,0.0024717383751736706,0.021119779600373152,0.09891290885053478,0.243612296,0.04784927184398943,True,True,False,False,True,-0.09999977978965197,-0.10209909391676597,0.0,"{""0.1234"": 4}"
c3_w2_tcop_cm0_states_L0.4_km0_2090_ucp0_1234_s1024,cm0,stageC,-0.1,-0.209,0.25,0.12339551870278656,1024,0,0,0,False,PRE_PRIMARY_PHASE_IMBALANCE,0.4190519999999999,9.057791646294305e-05,0.43602124757517563,-0.009524885978787043,-0.984806265482814,0.033140394800012796,0.07971493185877795,0.873399957825282,0.24233154720000005,0.04727643489096867,False,True,False,False,True,-0.09999977978965197,-0.10209909391676597,0.0,"{""0.1234"": 4}"
c3_w2_tcop_cm0_states_L0.4_km0_2090_ucp0_1234_s1024,cm0,stageC,-0.1,-0.209,0.25,0.12339551870278656,1024,25,1,1,False,PRE_PRIMARY_PHASE_IMBALANCE,0.42191199999999995,0.001041357837936032,1.3971859337816173,-0.013968641000883146,-1.340392931233552,0.006405767697104601,0.019605736577751016,0.09006617472348216,0.24383384,0.04763469592639382,True,True,False,False,True,-0.09999977978965197,-0.10209909391676597,0.0,"{""0.1234"": 4}"
c3_w2_tcop_cm0_states_L0.4_km0_2090_ucp0_1234_s1024,cm0,stageC,-0.1,-0.209,0.25,0.12339551870278656,1024,50,2,2,False,PRE_PRIMARY_PHASE_IMBALANCE,0.4222600000000001,0.0008560093627591788,1.284168963300454,-0.021045571115819242,-2.3453974549519745,0.00986391442189094,0.020333913245521806,0.09093923153758525,0.2438827696,0.04795969557868356,True,True,False,False,False,-0.09999977978965197,-0.10209909391676597,0.0,"{""0.1234"": 4}"
c3_w2_tcop_cm0_states_L0.4_km0_2090_ucp0_1234_s1024,cm0,stageC,-0.1,-0.209,0.25,0.12339551870278656,1024,75,3,0,True,,0.423628,0.0002228430206273748,0.6799664296602494,-0.027591381330074216,-2.708030315401735,0.009437713745415941,0.02250713693596411,0.11141850842857769,0.24407640799999997,0.047392801309903594,True,True,False,False,False,-0.09999977978965197,-0.10209909391676597,0.0,"{""0.1234"": 4}"
c3_w2_tcop_cm0_states_L0.4_km0_2090_ucp0_1234_s1024,cm0,stageC,-0.1,-0.209,0.25,0.12339551870278656,1024,100,4,1,True,,0.4229880000000001,0.00023993075323669444,0.6996792470647604,-0.0257324142798632,-2.6227703528817483,0.012796536226397023,0.023291291098356662,0.11158708967727907,0.2439720912,0.04804073121841507,True,True,False,False,False,-0.09999977978965197,-0.10209909391676597,0.0,"{""0.1234"": 4}"
c3_w2_tcop_cm0_states_L0.4_km0_2090_ucp0_1234_s1024,cm0,stageC,-0.1,-0.209,0.25,0.12339551870278656,1024,125,5,2,True,,0.42186000000000007,-0.0001285211399303621,0.123913857903809,-0.012447632842139766,-1.2522711604502301,0.01902679240800204,0.024867820480665815,0.12231545981530499,0.24378408480000005,0.048000212499529626,True,True,False,False,True,-0.09999977978965197,-0.10209909391676597,0.0,"{""0.1234"": 4}"
c3_w2_tcop_cm0_states_L0.4_km0_2090_ucp0_1234_s1024,cm0,stageC,-0.1,-0.209,0.25,0.12339551870278656,1024,150,6,0,True,,0.42153200000000013,-0.0008402590648043079,-0.3163556784394777,-0.0010633461733632454,-0.024516265562088132,0.012683579516577287,0.024683972076177185,0.12241063520109832,0.2437345072,0.04806925187684951,True,True,False,False,True,-0.09999977978965197,-0.10209909391676597,0.0,"{""0.1234"": 4}"
c3_w2_tcop_cm0_states_L0.4_km0_2090_ucp0_1234_s1024,cm0,stageC,-0.1,-0.209,0.25,0.12339551870278656,1024,175,7,1,True,,0.4205479999999999,-0.0003558117651557742,0.01857174460440936,-0.015685270754983546,-1.4601791280492218,0.007913324484639064,0.022910690757715447,0.11318565273598824,0.2435945456,0.047654377511410224,True,True,False,False,True,-0.09999977978965197,-0.10209909391676597,0.0,"{""0.1234"": 4}"
c3_w2_tcop_cm0_states_L0.4_km0_2090_ucp0_1234_s1024,cm0,stageC,-0.1,-0.209,0.25,0.12339551870278656,1024,200,8,2,True,,0.421164,-0.0002069883225722444,0.15469529412110036,-0.005849597485882028,-0.8294989114251105,0.004103895008073438,0.022122458812294517,0.11681910107032158,0.24369807519999998,0.04852674627460613,True,True,False,False,True,-0.09999977978965197,-0.10209909391676597,0.0,"{""0.1234"": 4}"
c3_w2_tcop_cm0_states_L0.4_km0_2090_ucp0_1234_s1024,cm0,stageC,-0.1,-0.209,0.25,0.12339551870278656,1024,225,9,0,True,,0.42141999999999996,-0.0003243588713033257,0.02361655201014942,-0.01362079490342234,-1.3158035883296872,0.005075349723110994,0.020709083003761668,0.11010393405603926,0.2437490192,0.04815582623110105,True,True,False,False,True,-0.09999977978965197,-0.10209909391676597,0.0,"{""0.1234"": 4}"
c3_w2_tcop_cm0_states_L0.4_km0_2090_ucp0_1234_s1024,cm0,stageC,-0.1,-0.209,0.25,0.12339551870278656,1024,250,10,1,True,,0.422096,5.511282204451885e-05,0.5260000144559565,-0.023457813779332967,-2.4025287777119138,0.004221641971488768,0.02131399962481941,0.12224707146656912,0.24385002879999998,0.04832149401663819,True,True,False,False,False,-0.09999977978965197,-0.10209909391676597,0.0,"{""0.1234"": 4}"
c3_w2_tcop_cm0_states_L0.4_km0_2090_ucp0_1234_s1024,cm0,stageC,-0.1,-0.209,0.25,0.12339551870278656,1024,275,11,2,True,,0.42253599999999997,-0.0001835569215106917,0.24322683846364584,-0.02269614004223122,-2.224723965930547,0.007672160877997341,0.022056365737866204,0.12211977175407601,0.24391247359999993,0.048269749367486875,True,True,False,False,False,-0.09999977978965197,-0.10209909391676597,0.0,"{""0.1234"": 4}"
c3_w2_tcop_cm0_states_L0.4_km0_2090_ucp0_1234_s1024,cm0,stageC,-0.1,-0.209,0.25,0.12339551870278656,1024,300,12,0,False,EXITS_PRIMARY_BLOCK_SET,0.42266,-2.4166484765555255e-05,0.38675614242434814,-0.01452524897678804,-1.3361920842714454,0.0038054247770746004,0.023397544630927074,0.1220839442528654,0.24392072799999998,0.04793500182538851,True,True,False,False,True,-0.09999977978965197,-0.10209909391676597,0.0,"{""0.1234"": 4}"
c3_w2_tcop_cm0_states_L0.4_km0_2090_ucp0_1234_s31415,cm0,stageC,-0.1,-0.209,0.25,0.12339551870278656,31415,0,0,0,False,PRE_PRIMARY_PHASE_IMBALANCE,0.417256,-0.0009588253800972467,-0.44320998367097353,-0.010786108069877674,-1.120655657597875,0.051257690019119874,0.08140666771678438,0.8867457846340236,0.24199964479999994,0.04693389461785587,False,True,False,False,True,-0.09999977978965197,-0.10209909391676597,0.0,"{""0.1234"": 4}"
c3_w2_tcop_cm0_states_L0.4_km0_2090_ucp0_1234_s31415,cm0,stageC,-0.1,-0.209,0.25,0.12339551870278656,31415,25,1,1,False,PRE_PRIMARY_PHASE_IMBALANCE,0.42115600000000003,0.00033469171800419535,0.6128401496888191,-0.017763646378987058,-1.9655212452573894,0.005275722499366479,0.022989025190390287,0.14151525766814368,0.24368988319999996,0.047450855250458876,True,True,False,False,True,-0.09999977978965197,-0.10209909391676597,0.0,"{""0.1234"": 4}"
c3_w2_tcop_cm0_states_L0.4_km0_2090_ucp0_1234_s31415,cm0,stageC,-0.1,-0.209,0.25,0.12339551870278656,31415,50,2,2,False,PRE_PRIMARY_PHASE_IMBALANCE,0.421264,0.0009796139432806648,1.3333753856736696,-0.026665631917053397,-2.5130583948516625,0.006986531748369978,0.022378844953680577,0.10729613708435536,0.24371176639999995,0.047812156445824525,True,True,False,False,False,-0.09999977978965197,-0.10209909391676597,0.0,"{""0.1234"": 4}"
c3_w2_tcop_cm0_states_L0.4_km0_2090_ucp0_1234_s31415,cm0,stageC,-0.1,-0.209,0.25,0.12339551870278656,31415,75,3,0,True,,0.42123599999999994,0.0014381298821734196,1.8760397251096472,-0.030418375430709056,-3.161643562582989,0.0032564575925621963,0.02256505746491597,0.10730326917143063,0.24370588319999997,0.048059466330786484,True,True,False,False,False,-0.09999977978965197,-0.10209909391676597,0.0,"{""0.1234"": 4}"
c3_w2_tcop_cm0_states_L0.4_km0_2090_ucp0_1234_s31415,cm0,stageC,-0.1,-0.209,0.25,0.12339551870278656,31415,100,4,1,True,,0.421396,0.0014277374581067167,1.7811370493352814,-0.022017961131708005,-2.2691607596893983,0.0032996493621315886,0.024222003945754644,0.11011020486641969,0.24371722720000005,0.04715009208898748,True,True,False,False,False,-0.09999977978965197,-0.10209909391676597,0.0,"{""0.1234"": 4}"
c3_w2_tcop_cm0_states_L0.4_km0_2090_ucp0_1234_s31415,cm0,stageC,-0.1,-0.209,0.25,0.12339551870278656,31415,125,5,2,True,,0.42136799999999996,0.0018243131091810185,2.332944779856957,-0.011728625543942628,-1.211292075805599,0.004141212653330467,0.02467025819592555,0.10252320987231306,0.2437089472,0.04697540394717219,True,True,False,False,False,-0.09999977978965197,-0.10209909391676597,0.0,"{""0.1234"": 4}"
c3_w2_tcop_cm0_states_L0.4_km0_2090_ucp0_1234_s31415,cm0,stageC,-0.1,-0.209,0.25,0.12339551870278656,31415,150,6,0,True,,0.42138,0.0013520733738263116,2.0358559340908418,-0.016017329348532224,-1.7148543467669015,0.008754399554167331,0.023779106498412486,0.1082158619103521,0.2437184944,0.04657440928235161,True,True,False,False,False,-0.09999977978965197,-0.10209909391676597,0.0,"{""0.1234"": 4}"
c3_w2_tcop_cm0_states_L0.4_km0_2090_ucp0_1234_s31415,cm0,stageC,-0.1,-0.209,0.25,0.12339551870278656,31415,175,7,1,True,,0.42147199999999996,0.00048624967141297487,0.8729152665737973,-0.01688009604762567,-1.5243654735669376,0.00031891428380779443,0.024158199106031404,0.121479006620893,0.24372968,0.04821859823760952,True,True,False,False,True,-0.09999977978965197,-0.10209909391676597,0.0,"{""0.1234"": 4}"
c3_w2_tcop_cm0_states_L0.4_km0_2090_ucp0_1234_s31415,cm0,stageC,-0.1,-0.209,0.25,0.12339551870278656,31415,200,8,2,True,,0.421048,0.0017949789644701253,2.1056305682622205,-0.02822038239493371,-2.8976226333465616,0.002239208544367766,0.023561324013894592,0.12160133732590746,0.2436681664,0.04763634847466795,True,True,False,False,False,-0.09999977978965197,-0.10209909391676597,0.0,"{""0.1234"": 4}"
c3_w2_tcop_cm0_states_L0.4_km0_2090_ucp0_1234_s31415,cm0,stageC,-0.1,-0.209,0.25,0.12339551870278656,31415,225,9,0,True,,0.421044,0.0004066780482762851,0.8305412407925806,-0.024383999016155004,-2.185726199959103,0.002250061122409058,0.022883007253322322,0.1311026872937207,0.2436731216,0.04729386920098629,True,True,False,False,False,-0.09999977978965197,-0.10209909391676597,0.0,"{""0.1234"": 4}"
c3_w2_tcop_cm0_states_L0.4_km0_2090_ucp0_1234_s31415,cm0,stageC,-0.1,-0.209,0.25,0.12339551870278656,31415,250,10,1,True,,0.4217799999999999,-0.0008665588656180037,-0.43707495925116047,-0.014552932542936676,-1.5654913675355513,5.4062023267727173e-05,0.023451347369049254,0.13371900010972787,0.24378379359999997,0.047977407182964775,True,True,False,False,True,-0.09999977978965197,-0.10209909391676597,0.0,"{""0.1234"": 4}"
c3_w2_tcop_cm0_states_L0.4_km0_2090_ucp0_1234_s31415,cm0,stageC,-0.1,-0.209,0.25,0.12339551870278656,31415,275,11,2,True,,0.42111999999999994,-0.0005898510200406263,-0.22381327469391005,-0.02056853853711344,-1.9172809483022148,0.0012003479954749705,0.022176052767184654,0.133928571110542,0.24369073279999998,0.047646464716702745,True,True,False,False,True,-0.09999977978965197,-0.10209909391676597,0.0,"{""0.1234"": 4}"
c3_w2_tcop_cm0_states_L0.4_km0_2090_ucp0_1234_s31415,cm0,stageC,-0.1,-0.209,0.25,0.12339551870278656,31415,300,12,0,False,EXITS_PRIMARY_BLOCK_SET,0.42248,-0.002185604345431809,-1.7144841052491975,-0.020147677362386988,-1.800081694446349,0.007392521094109584,0.02256581069684569,0.13349744334998712,0.24389975999999997,0.04728646317922287,True,True,False,False,True,-0.09999977978965197,-0.10209909391676597,0.0,"{""0.1234"": 4}"
c3_w2_tcop_cm0_states_L0.4_km0_2090_ucp0_2425_s42,cm0,stageC,-0.1,-0.209,0.5,0.24248438819907564,42,0,0,0,False,PRE_PRIMARY_PHASE_IMBALANCE,0.43358000000000013,0.0006716402239959804,0.9824174614718474,-0.021166591572582192,-1.9646843315378872,0.04364862879653853,0.08046644195878822,0.8699663248536222,0.24437116639999995,0.047044910457986845,False,True,False,False,True,-0.09999977978965197,-0.10344029341860317,0.0,"{""0.2425"": 4}"
c3_w2_tcop_cm0_states_L0.4_km0_2090_ucp0_2425_s42,cm0,stageC,-0.1,-0.209,0.5,0.24248438819907564,42,25,1,1,False,PRE_PRIMARY_PHASE_IMBALANCE,0.43680800000000003,0.0010553251061326185,1.7162606305831887,-0.02021221826962295,-2.0124366537984706,0.00311124315140498,0.02135918429015146,0.11721397017175979,0.2459197248,0.04663015264825969,True,True,False,False,False,-0.09999977978965197,-0.10344029341860317,0.0,"{""0.2425"": 4}"
c3_w2_tcop_cm0_states_L0.4_km0_2090_ucp0_2425_s42,cm0,stageC,-0.1,-0.209,0.5,0.24248438819907564,42,50,2,2,False,PRE_PRIMARY_PHASE_IMBALANCE,0.43746,0.0019201071100030235,2.3269488032124044,-0.014090173626624089,-1.374238165540912,0.010123629264763111,0.023436901513717558,0.12069674914118607,0.2459836304,0.047433199343919444,True,True,False,False,False,-0.09999977978965197,-0.10344029341860317,0.0,"{""0.2425"": 4}"
c3_w2_tcop_cm0_states_L0.4_km0_2090_ucp0_2425_s42,cm0,stageC,-0.1,-0.209,0.5,0.24248438819907564,42,75,3,0,True,,0.4378119999999999,0.0017798578549067783,2.244877982410187,-0.022154710210137707,-2.1374758235795412,0.0074598379971321455,0.022434678883933485,0.11420427006522371,0.24603617760000002,0.04735285267014016,True,True,False,False,False,-0.09999977978965197,-0.10344029341860317,0.0,"{""0.2425"": 4}"
c3_w2_tcop_cm0_states_L0.4_km0_2090_ucp0_2425_s42,cm0,stageC,-0.1,-0.209,0.5,0.24248438819907564,42,100,4,1,True,,0.437468,0.0020951451158876915,2.3518464935649104,-0.021087873536652382,-2.2869640523103256,0.0020580477450812536,0.02471833640603533,0.12252324713459437,0.2459728176,0.04685241697073909,True,True,False,False,False,-0.09999977978965197,-0.10344029341860317,0.0,"{""0.2425"": 4}"
c3_w2_tcop_cm0_states_L0.4_km0_2090_ucp0_2425_s42,cm0,stageC,-0.1,-0.209,0.5,0.24248438819907564,42,125,5,2,True,,0.43736400000000003,0.001066031545488239,1.4208953555719956,-0.013412130439825034,-1.3053031283382168,0.005790355958731149,0.023735900576980103,0.12255238171739694,0.24596896159999995,0.04712760872354973,True,True,False,False,True,-0.09999977978965197,-0.10344029341860317,0.0,"{""0.2425"": 4}"
c3_w2_tcop_cm0_states_L0.4_km0_2090_ucp0_2425_s42,cm0,stageC,-0.1,-0.209,0.5,0.24248438819907564,42,150,6,0,True,,0.43700000000000006,0.0010452141074496183,1.321785036413378,-0.00871745330757199,-0.6919424184271746,0.003865649714021248,0.023917499229039553,0.14096109807560384,0.2459217568,0.04662402814000524,True,True,False,False,True,-0.09999977978965197,-0.10344029341860317,0.0,"{""0.2425"": 4}"
c3_w2_tcop_cm0_states_L0.4_km0_2090_ucp0_2425_s42,cm0,stageC,-0.1,-0.209,0.5,0.24248438819907564,42,175,7,1,True,,0.437088,0.0014607146833417602,1.9103416847520327,-0.004229309246420523,-0.34965941811987217,0.0011114662945368985,0.023676364412043155,0.12720550523646149,0.24593498560000002,0.04734385130088172,True,True,False,False,True,-0.09999977978965197,-0.10344029341860317,0.0,"{""0.2425"": 4}"
c3_w2_tcop_cm0_states_L0.4_km0_2090_ucp0_2425_s42,cm0,stageC,-0.1,-0.209,0.5,0.24248438819907564,42,200,8,2,True,,0.43629199999999996,0.0013750465851526381,1.6927541767942544,-0.002595901860296624,-0.21636125535316542,0.005690153042310087,0.023201762760808108,0.14302347936009951,0.2458388208,0.04714287577142489,True,True,False,False,True,-0.09999977978965197,-0.10344029341860317,0.0,"{""0.2425"": 4}"
c3_w2_tcop_cm0_states_L0.4_km0_2090_ucp0_2425_s42,cm0,stageC,-0.1,-0.209,0.5,0.24248438819907564,42,225,9,0,True,,0.43693600000000005,0.0014330860438039287,1.884918338856687,-0.006921551717423014,-0.5958992802911851,0.0016908514695447325,0.02331877589650551,0.14281267704466402,0.24591911999999996,0.04701289082794207,True,True,False,False,True,-0.09999977978965197,-0.10344029341860317,0.0,"{""0.2425"": 4}"
c3_w2_tcop_cm0_states_L0.4_km0_2090_ucp0_2425_s42,cm0,stageC,-0.1,-0.209,0.5,0.24248438819907564,42,250,10,1,True,,0.43681999999999993,-0.00012323171462795605,0.2647517863211816,-0.021927867073565106,-2.262644566544234,0.005771192004574955,0.0220362185303205,0.11446362319842583,0.24591563039999997,0.047589994746795254,True,True,False,False,False,-0.09999977978965197,-0.10344029341860317,0.0,"{""0.2425"": 4}"
c3_w2_tcop_cm0_states_L0.4_km0_2090_ucp0_2425_s42,cm0,stageC,-0.1,-0.209,0.5,0.24248438819907564,42,275,11,2,True,,0.43677999999999995,-0.0004639770658757896,-0.07402053611487222,-0.029502619106822833,-2.825276628727008,0.0013567912005337354,0.022061438244922443,0.11447410569514603,0.24591037920000003,0.04627214712977992,True,True,False,False,False,-0.09999977978965197,-0.10344029341860317,0.0,"{""0.2425"": 4}"
c3_w2_tcop_cm0_states_L0.4_km0_2090_ucp0_2425_s42,cm0,stageC,-0.1,-0.209,0.5,0.24248438819907564,42,300,12,0,False,EXITS_PRIMARY_BLOCK_SET,0.43778799999999995,-0.001130510053300203,-0.8034131717983148,-0.016960483417496675,-1.7803049698166524,0.0046465490504439795,0.02055787728178609,0.11421053086377302,0.24604866719999996,0.04570718823117432,True,True,False,False,True,-0.09999977978965197,-0.10344029341860317,0.0,"{""0.2425"": 4}"
c3_w2_tcop_cm0_states_L0.4_km0_2090_ucp0_2425_s137,cm0,stageC,-0.1,-0.209,0.5,0.24248438819907564,137,0,0,0,False,PRE_PRIMARY_PHASE_IMBALANCE,0.434464,0.0008536420337746362,1.3907251391363111,-0.019775269032898623,-2.1671890964389906,0.0337265809475655,0.08110696749813505,0.8801649828750712,0.244463312,0.04579773688731791,False,True,False,False,False,-0.09999977978965197,-0.10344029341860317,0.0,"{""0.2425"": 4}"
c3_w2_tcop_cm0_states_L0.4_km0_2090_ucp0_2425_s137,cm0,stageC,-0.1,-0.209,0.5,0.24248438819907564,137,25,1,1,False,PRE_PRIMARY_PHASE_IMBALANCE,0.436556,0.0012442536331341886,1.7288232086669029,-0.02177671007007578,-2.2500143310564162,0.0027738047108169885,0.02308178248809512,0.10262142748554269,0.2458733232,0.04647256033402937,True,True,False,False,False,-0.09999977978965197,-0.10344029341860317,0.0,"{""0.2425"": 4}"
c3_w2_tcop_cm0_states_L0.4_km0_2090_ucp0_2425_s137,cm0,stageC,-0.1,-0.209,0.5,0.24248438819907564,137,50,2,2,False,PRE_PRIMARY_PHASE_IMBALANCE,0.43681999999999993,0.002483298993143577,2.7470623146183457,-0.029904936538057376,-2.796357765170167,0.0022929814562598658,0.0233889266239356,0.10622224232813919,0.2459039056,0.04724920740075964,True,True,False,False,False,-0.09999977978965197,-0.10344029341860317,0.0,"{""0.2425"": 4}"
c3_w2_tcop_cm0_states_L0.4_km0_2090_ucp0_2425_s137,cm0,stageC,-0.1,-0.209,0.5,0.24248438819907564,137,75,3,0,True,,0.43687999999999994,0.002140557499427551,2.393722167087167,-0.018663032818867914,-1.5693577877656233,0.005492949941642156,0.02378332067504866,0.1107855701547666,0.24590790399999995,0.04644249777951225,True,True,False,False,False,-0.09999977978965197,-0.10344029341860317,0.0,"{""0.2425"": 4}"
c3_w2_tcop_cm0_states_L0.4_km0_2090_ucp0_2425_s137,cm0,stageC,-0.1,-0.209,0.5,0.24248438819907564,137,100,4,1,True,,0.43684000000000006,0.0021349750460723403,2.615910115296993,-0.01815305231607261,-1.86479447757652,0.002293425931061771,0.02312906846581216,0.11079571442451304,0.24590872959999996,0.04612780506375737,True,True,False,False,False,-0.09999977978965197,-0.10344029341860317,0.0,"{""0.2425"": 4}"
c3_w2_tcop_cm0_states_L0.4_km0_2090_ucp0_2425_s137,cm0,stageC,-0.1,-0.209,0.5,0.24248438819907564,137,125,5,2,True,,0.43666399999999994,0.0017217461354483792,2.3494206680678493,-0.004339095058949892,-0.2684327681149282,0.0009696295991075643,0.02102266787144668,0.11084037129041925,0.24590428160000002,0.046193409746412964,True,True,False,False,False,-0.09999977978965197,-0.10344029341860317,0.0,"{""0.2425"": 4}"
c3_w2_tcop_cm0_states_L0.4_km0_2090_ucp0_2425_s137,cm0,stageC,-0.1,-0.209,0.5,0.24248438819907564,137,150,6,0,True,,0.43668,0.0014855153611537675,1.994898863722426,-0.010097205201639039,-0.8647251309339227,0.00025174267850039265,0.02047649920869519,0.10350828958617689,0.245910624,0.04637173276900487,True,True,False,False,True,-0.09999977978965197,-0.10344029341860317,0.0,"{""0.2425"": 4}"
c3_w2_tcop_cm0_states_L0.4_km0_2090_ucp0_2425_s137,cm0,stageC,-0.1,-0.209,0.5,0.24248438819907564,137,175,7,1,True,,0.436936,0.001021053260175209,1.3299150558779955,-0.018004334033325523,-1.9249925932355525,0.002139108389345915,0.01984565335221577,0.10070124663405793,0.2459477408,0.04755598704684827,True,True,False,False,True,-0.09999977978965197,-0.10344029341860317,0.0,"{""0.2425"": 4}"
c3_w2_tcop_cm0_states_L0.4_km0_2090_ucp0_2425_s137,cm0,stageC,-0.1,-0.209,0.5,0.24248438819907564,137,200,8,2,True,,0.4364759999999999,0.0011411018660023747,1.583052822790287,-0.00787430060179093,-0.8012732239028039,0.0010893784484488566,0.02118667832275404,0.10264023657053258,0.24587918559999994,0.04635279305500371,True,True,False,False,True,-0.09999977978965197,-0.10344029341860317,0.0,"{""0.2425"": 4}"
c3_w2_tcop_cm0_states_L0.4_km0_2090_ucp0_2425_s137,cm0,stageC,-0.1,-0.209,0.5,0.24248438819907564,137,225,9,0,True,,0.437148,0.0009793704213962682,1.4302942038938957,0.0010762885611036825,0.1742869350438301,0.0035760802384013067,0.019829458004639526,0.10248245422034997,0.24597448479999998,0.046188159694882845,True,True,False,False,True,-0.09999977978965197,-0.10344029341860317,0.0,"{""0.2425"": 4}"
c3_w2_tcop_cm0_states_L0.4_km0_2090_ucp0_2425_s137,cm0,stageC,-0.1,-0.209,0.5,0.24248438819907564,137,250,10,1,True,,0.43671200000000004,0.00039480746566425954,0.7771723844120069,-0.02804345388118581,-2.899929441226161,0.001943442979684187,0.020240134086458878,0.09892102781943016,0.24591649919999997,0.046818682766605044,True,True,False,False,False,-0.09999977978965197,-0.10344029341860317,0.0,"{""0.2425"": 4}"
c3_w2_tcop_cm0_states_L0.4_km0_2090_ucp0_2425_s137,cm0,stageC,-0.1,-0.209,0.5,0.24248438819907564,137,275,11,2,True,,0.436824,0.001655076986050479,2.063551739889049,-0.03166024900243624,-3.0545246780674575,0.004141944870133076,0.02090519402185094,0.10164276664825474,0.24592540159999995,0.04715414111188963,True,True,False,False,False,-0.09999977978965197,-0.10344029341860317,0.0,"{""0.2425"": 4}"
c3_w2_tcop_cm0_states_L0.4_km0_2090_ucp0_2425_s137,cm0,stageC,-0.1,-0.209,0.5,0.24248438819907564,137,300,12,0,False,EXITS_PRIMARY_BLOCK_SET,0.4370199999999999,0.0013044497040902013,1.9852649167868024,-0.016605983178570306,-1.807034252967976,0.0035200078437213813,0.02015566281262118,0.09244428151470348,0.24595593119999998,0.04656736625578046,True,True,False,False,True,-0.09999977978965197,-0.10344029341860317,0.0,"{""0.2425"": 4}"
c3_w2_tcop_cm0_states_L0.4_km0_2090_ucp0_2425_s256,cm0,stageC,-0.1,-0.209,0.5,0.24248438819907564,256,0,0,0,False,PRE_PRIMARY_PHASE_IMBALANCE,0.435732,0.0007877091483908685,1.1039089111386144,-0.015012068245392375,-1.5696523342719895,0.045661804928950146,0.0819886673599395,0.9023895401246878,0.2445933424,0.04538792984924516,False,True,False,False,True,-0.09999977978965197,-0.10344029341860317,0.0,"{""0.2425"": 4}"
c3_w2_tcop_cm0_states_L0.4_km0_2090_ucp0_2425_s256,cm0,stageC,-0.1,-0.209,0.5,0.24248438819907564,256,25,1,1,False,PRE_PRIMARY_PHASE_IMBALANCE,0.43836400000000003,0.0007411506467776114,0.9919551846043788,-0.01317941392926845,-1.2300416502073956,0.008160062641117601,0.024172412793744314,0.09763575453815607,0.24608872159999998,0.04512475489130108,True,True,False,False,True,-0.09999977978965197,-0.10344029341860317,0.0,"{""0.2425"": 4}"
c3_w2_tcop_cm0_states_L0.4_km0_2090_ucp0_2425_s256,cm0,stageC,-0.1,-0.209,0.5,0.24248438819907564,256,50,2,2,False,PRE_PRIMARY_PHASE_IMBALANCE,0.437336,0.0018973554802499861,2.2048375559320625,-0.005408839011176377,-0.4520300940513216,0.017764594938277516,0.023786047939179076,0.10518228523336234,0.24596501119999994,0.045110787002667116,True,True,False,False,False,-0.09999977978965197,-0.10344029341860317,0.0,"{""0.2425"": 4}"
c3_w2_tcop_cm0_states_L0.4_km0_2090_ucp0_2425_s256,cm0,stageC,-0.1,-0.209,0.5,0.24248438819907564,256,75,3,0,True,,0.4363520000000001,0.0010371787226102624,1.5263113667101862,-0.02008570482390008,-2.003074120576385,0.015590074665493905,0.02459203260736649,0.12008653536574475,0.24583378240000006,0.04609004334994707,True,True,False,False,False,-0.09999977978965197,-0.10344029341860317,0.0,"{""0.2425"": 4}"
c3_w2_tcop_cm0_states_L0.4_km0_2090_ucp0_2425_s256,cm0,stageC,-0.1,-0.209,0.5,0.24248438819907564,256,100,4,1,True,,0.43608800000000003,0.0011227980655131732,1.2026467672775847,-0.019784320252261903,-2.22187784677467,0.003329936185337229,0.024704956240268555,0.12015923364055137,0.2457991871999999,0.04720398559443895,True,True,False,False,False,-0.09999977978965197,-0.10344029341860317,0.0,"{""0.2425"": 4}"
c3_w2_tcop_cm0_states_L0.4_km0_2090_ucp0_2425_s256,cm0,stageC,-0.1,-0.209,0.5,0.24248438819907564,256,125,5,2,True,,0.43665600000000004,0.0011776024810944182,1.5558906284285257,-0.021655446421985334,-2.0948917342658966,0.012544950190157483,0.02366947417783762,0.12275108982184806,0.24588071679999998,0.04718408273983929,True,True,False,False,False,-0.09999977978965197,-0.10344029341860317,0.0,"{""0.2425"": 4}"
c3_w2_tcop_cm0_states_L0.4_km0_2090_ucp0_2425_s256,cm0,stageC,-0.1,-0.209,0.5,0.24248438819907564,256,150,6,0,True,,0.437672,0.000326733923635094,0.7926169310204658,-0.017516946692778177,-1.6535473188972247,0.00867914751984828,0.0232473058857155,0.12246613874667293,0.24601169599999997,0.04724510996918094,True,True,False,False,True,-0.09999977978965197,-0.10344029341860317,0.0,"{""0.2425"": 4}"
c3_w2_tcop_cm0_states_L0.4_km0_2090_ucp0_2425_s256,cm0,stageC,-0.1,-0.209,0.5,0.24248438819907564,256,175,7,1,True,,0.43811200000000006,0.0006709459754186516,1.0145027959335329,-0.018470105628675862,-1.7237844764140589,0.00740268313360391,0.02255041648446653,0.1214301363089116,0.2460722688,0.046898565607063084,True,True,False,False,True,-0.09999977978965197,-0.10344029341860317,0.0,"{""0.2425"": 4}"
c3_w2_tcop_cm0_states_L0.4_km0_2090_ucp0_2425_s256,cm0,stageC,-0.1,-0.209,0.5,0.24248438819907564,256,200,8,2,True,,0.43776,0.0006816898429173843,1.0029095757306357,-0.017010167608166597,-1.8184205080549498,0.006285716276569029,0.021450194746370718,0.12152777750016504,0.2460380096,0.04653624823726124,True,True,False,False,True,-0.09999977978965197,-0.10344029341860317,0.0,"{""0.2425"": 4}"
c3_w2_tcop_cm0_states_L0.4_km0_2090_ucp0_2425_s256,cm0,stageC,-0.1,-0.209,0.5,0.24248438819907564,256,225,9,0,True,,0.43725200000000003,-0.0006493314786504992,-0.1644776929435493,-0.013831733448440485,-1.3750384031535954,0.006840309677415149,0.021269801397847475,0.1134357301660468,0.2459761936,0.046191000162369295,True,True,False,False,True,-0.09999977978965197,-0.10344029341860317,0.0,"{""0.2425"": 4}"
c3_w2_tcop_cm0_states_L0.4_km0_2090_ucp0_2425_s256,cm0,stageC,-0.1,-0.209,0.5,0.24248438819907564,256,250,10,1,True,,0.43649599999999994,0.0014903170017801586,1.858700731377923,-0.022318936827429796,-2.0044709018528786,0.006941788697625547,0.021411797843590798,0.11363219797287452,0.24587989119999995,0.04664377754856482,True,True,False,False,False,-0.09999977978965197,-0.10344029341860317,0.0,"{""0.2425"": 4}"
c3_w2_tcop_cm0_states_L0.4_km0_2090_ucp0_2425_s256,cm0,stageC,-0.1,-0.209,0.5,0.24248438819907564,256,275,11,2,True,,0.436444,0.0012343699404327394,1.6756069880099496,-0.00987119493271985,-0.9135625188967634,0.003512554416644121,0.0206787167710009,0.1118127408973139,0.24587918240000003,0.04692413945934438,True,True,False,False,True,-0.09999977978965197,-0.10344029341860317,0.0,"{""0.2425"": 4}"
c3_w2_tcop_cm0_states_L0.4_km0_2090_ucp0_2425_s256,cm0,stageC,-0.1,-0.209,0.5,0.24248438819907564,256,300,12,0,False,EXITS_PRIMARY_BLOCK_SET,0.4361,0.001238702937998092,1.561577826272119,-0.010195965337439007,-0.9016550827012899,0.0002559302014685457,0.020773532913013124,0.1045631733442715,0.24583471839999999,0.04636669063023584,True,True,False,False,True,-0.09999977978965197,-0.10344029341860317,0.0,"{""0.2425"": 4}"
c3_w2_tcop_cm0_states_L0.4_km0_2090_ucp0_2425_s1024,cm0,stageC,-0.1,-0.209,0.5,0.24248438819907564,1024,0,0,0,False,PRE_PRIMARY_PHASE_IMBALANCE,0.434152,0.0007310423286991816,1.0535874378765333,-0.010751203453530856,-1.0804910214100276,0.032030327099794156,0.0807980715574146,0.9102802684076539,0.24443352959999998,0.046161032224160674,False,True,False,False,True,-0.09999977978965197,-0.10344029341860317,0.0,"{""0.2425"": 4}"
c3_w2_tcop_cm0_states_L0.4_km0_2090_ucp0_2425_s1024,cm0,stageC,-0.1,-0.209,0.5,0.24248438819907564,1024,25,1,1,False,PRE_PRIMARY_PHASE_IMBALANCE,0.43690799999999996,0.001531859701967893,1.8376100287583135,-0.014077357391722141,-1.3142957244942983,0.005579947693334479,0.019583605086915416,0.08239720929258051,0.24594619040000001,0.04647837708010038,True,True,False,False,True,-0.09999977978965197,-0.10344029341860317,0.0,"{""0.2425"": 4}"
c3_w2_tcop_cm0_states_L0.4_km0_2090_ucp0_2425_s1024,cm0,stageC,-0.1,-0.209,0.5,0.24248438819907564,1024,50,2,2,False,PRE_PRIMARY_PHASE_IMBALANCE,0.43706799999999996,0.0012995365915502758,1.6995520754700644,-0.020967847139249377,-2.285189383978907,0.007615320347563117,0.020127116447039926,0.08694299265344749,0.24596217760000003,0.04682139869760407,True,True,False,False,False,-0.09999977978965197,-0.10344029341860317,0.0,"{""0.2425"": 4}"
c3_w2_tcop_cm0_states_L0.4_km0_2090_ucp0_2425_s1024,cm0,stageC,-0.1,-0.209,0.5,0.24248438819907564,1024,75,3,0,True,,0.43849999999999995,0.0008949359438720717,1.305449677207863,-0.02704114527203505,-2.677157024257647,0.009490937669616516,0.02241875848000408,0.1012542757097964,0.2461211088,0.04609674608906794,True,True,False,False,False,-0.09999977978965197,-0.10344029341860317,0.0,"{""0.2425"": 4}"
c3_w2_tcop_cm0_states_L0.4_km0_2090_ucp0_2425_s1024,cm0,stageC,-0.1,-0.209,0.5,0.24248438819907564,1024,100,4,1,True,,0.43801599999999996,0.0008516418059021921,1.2721885671744142,-0.0266371594913569,-2.6844099247169804,0.009471286090039147,0.023257586655451475,0.10775862044363996,0.24605420479999998,0.046805808870267376,True,True,False,False,False,-0.09999977978965197,-0.10344029341860317,0.0,"{""0.2425"": 4}"
c3_w2_tcop_cm0_states_L0.4_km0_2090_ucp0_2425_s1024,cm0,stageC,-0.1,-0.209,0.5,0.24248438819907564,1024,125,5,2,True,,0.4368399999999999,0.0005261146277720108,0.7350492898386753,-0.012662570941882147,-1.214394110405234,0.01808366896097719,0.025014140425773882,0.1254463874062669,0.24589141119999997,0.04669148102170245,True,True,False,False,True,-0.09999977978965197,-0.10344029341860317,0.0,"{""0.2425"": 4}"
c3_w2_tcop_cm0_states_L0.4_km0_2090_ucp0_2425_s1024,cm0,stageC,-0.1,-0.209,0.5,0.24248438819907564,1024,150,6,0,True,,0.43668399999999996,-0.0001333163346682377,0.3005492384186495,-0.005653430441055043,-0.4760427506349077,0.014543228203838115,0.024943749107359563,0.1254912015885831,0.2458724368,0.046522297277757044,True,True,False,False,True,-0.09999977978965197,-0.10344029341860317,0.0,"{""0.2425"": 4}"
c3_w2_tcop_cm0_states_L0.4_km0_2090_ucp0_2425_s1024,cm0,stageC,-0.1,-0.209,0.5,0.24248438819907564,1024,175,7,1,True,,0.4356159999999999,0.0003637868346446503,0.7127728832437541,-0.0173748345010136,-1.6082041082372904,0.006608682597011673,0.02304321924787799,0.11569822936784181,0.2457539392,0.04637650853611125,True,True,False,False,True,-0.09999977978965197,-0.10344029341860317,0.0,"{""0.2425"": 4}"
c3_w2_tcop_cm0_states_L0.4_km0_2090_ucp0_2425_s1024,cm0,stageC,-0.1,-0.209,0.5,0.24248438819907564,1024,200,8,2,True,,0.43612400000000007,0.00032336029522426834,0.6315645988332683,-0.016511214558913037,-1.964800569545666,0.005155196286670264,0.02205473167437336,0.11556346333711634,0.2458273392,0.047103042619346794,True,True,False,False,True,-0.09999977978965197,-0.10344029341860317,0.0,"{""0.2425"": 4}"
c3_w2_tcop_cm0_states_L0.4_km0_2090_ucp0_2425_s1024,cm0,stageC,-0.1,-0.209,0.5,0.24248438819907564,1024,225,9,0,True,,0.4367400000000001,0.00016751504066236684,0.5353144480373118,-0.020414719578594618,-1.9264630416157134,0.002396722700166716,0.020787526642377728,0.10166231601945705,0.2459157488,0.04701119441154415,True,True,False,False,True,-0.09999977978965197,-0.10344029341860317,0.0,"{""0.2425"": 4}"
c3_w2_tcop_cm0_states_L0.4_km0_2090_ucp0_2425_s1024,cm0,stageC,-0.1,-0.209,0.5,0.24248438819907564,1024,250,10,1,True,,0.4375480000000001,0.000925168460865051,1.4776155660887271,-0.025389246525289483,-2.687001593190408,0.00591957683267056,0.02138594287721146,0.11610154745056188,0.2460121872,0.04732047861127358,True,True,False,False,False,-0.09999977978965197,-0.10344029341860317,0.0,"{""0.2425"": 4}"
c3_w2_tcop_cm0_states_L0.4_km0_2090_ucp0_2425_s1024,cm0,stageC,-0.1,-0.209,0.5,0.24248438819907564,1024,275,11,2,True,,0.43810399999999994,0.0005141765138594606,1.0067055940176495,-0.016491562413664167,-1.601742457739271,0.007998900779368528,0.02201910185908739,0.11595420239040459,0.24607582719999999,0.04718988433976078,True,True,False,False,True,-0.09999977978965197,-0.10344029341860317,0.0,"{""0.2425"": 4}"
c3_w2_tcop_cm0_states_L0.4_km0_2090_ucp0_2425_s1024,cm0,stageC,-0.1,-0.209,0.5,0.24248438819907564,1024,300,12,0,False,EXITS_PRIMARY_BLOCK_SET,0.4382239999999999,0.0007774628366928113,1.2840100641372718,-0.010282054129651674,-0.9197568824926138,0.0014131173207753607,0.02324704935830372,0.1159224503543338,0.24607994239999997,0.047310525509658,True,True,False,False,True,-0.09999977978965197,-0.10344029341860317,0.0,"{""0.2425"": 4}"
c3_w2_tcop_cm0_states_L0.4_km0_2090_ucp0_2425_s31415,cm0,stageC,-0.1,-0.209,0.5,0.24248438819907564,31415,0,0,0,False,PRE_PRIMARY_PHASE_IMBALANCE,0.43235999999999997,-0.0008746356679248595,-0.37407153973989854,-0.013078898213714404,-1.389563302191077,0.048705397765466334,0.08227988281170288,0.9140531017808005,0.2441592831999999,0.04621115016962898,False,True,False,False,True,-0.09999977978965197,-0.10344029341860317,0.0,"{""0.2425"": 4}"
c3_w2_tcop_cm0_states_L0.4_km0_2090_ucp0_2425_s31415,cm0,stageC,-0.1,-0.209,0.5,0.24248438819907564,31415,25,1,1,False,PRE_PRIMARY_PHASE_IMBALANCE,0.436128,0.0006103190639471133,0.9051084246883544,-0.02278452918471623,-2.4038260654840418,0.008402777304470373,0.022436517927112497,0.12931983241314515,0.24582461759999996,0.046200082424168905,True,True,False,False,False,-0.09999977978965197,-0.10344029341860317,0.0,"{""0.2425"": 4}"
c3_w2_tcop_cm0_states_L0.4_km0_2090_ucp0_2425_s31415,cm0,stageC,-0.1,-0.209,0.5,0.24248438819907564,31415,50,2,2,False,PRE_PRIMARY_PHASE_IMBALANCE,0.436284,0.0010527391065192466,1.476602149655747,-0.027588725174775803,-2.7721845526179227,0.005438286204142582,0.022133251657038673,0.1008517385444991,0.2458470256,0.046505820538938994,True,True,False,False,False,-0.09999977978965197,-0.10344029341860317,0.0,"{""0.2425"": 4}"
c3_w2_tcop_cm0_states_L0.4_km0_2090_ucp0_2425_s31415,cm0,stageC,-0.1,-0.209,0.5,0.24248438819907564,31415,75,3,0,True,,0.43645999999999996,0.0012250439673299474,1.6490651904554372,-0.027700069506766695,-2.8449939240717215,0.002489549228740861,0.02204906207324294,0.10081107065753772,0.245870056,0.04696624745495429,True,True,False,False,False,-0.09999977978965197,-0.10344029341860317,0.0,"{""0.2425"": 4}"
c3_w2_tcop_cm0_states_L0.4_km0_2090_ucp0_2425_s31415,cm0,stageC,-0.1,-0.209,0.5,0.24248438819907564,31415,100,4,1,True,,0.43665600000000004,0.0014086394501659977,1.8986808344406494,-0.02105078803744705,-2.1797424790215483,0.003565268027927218,0.02334318513512678,0.1099263490941923,0.2458836416,0.04617464308470614,True,True,False,False,False,-0.09999977978965197,-0.10344029341860317,0.0,"{""0.2425"": 4}"
c3_w2_tcop_cm0_states_L0.4_km0_2090_ucp0_2425_s31415,cm0,stageC,-0.1,-0.209,0.5,0.24248438819907564,31415,125,5,2,True,,0.43651199999999996,0.0017218308485775768,2.214739617831776,-0.01314551762629845,-1.3432331662793056,0.005042290010280553,0.023371934678347743,0.10538083694060908,0.24586519040000002,0.046189975709021544,True,True,False,False,False,-0.09999977978965197,-0.10344029341860317,0.0,"{""0.2425"": 4}"
c3_w2_tcop_cm0_states_L0.4_km0_2090_ucp0_2425_s31415,cm0,stageC,-0.1,-0.209,0.5,0.24248438819907564,31415,150,6,0,True,,0.4364880000000001,0.0012847701903314507,1.9229228881031053,-0.014489094922519236,-1.5570593324294018,0.009812384965950008,0.02280159027654591,0.11821630808128451,0.24586717120000004,0.045816,True,True,False,False,True,-0.09999977978965197,-0.10344029341860317,0.0,"{""0.2425"": 4}"
c3_w2_tcop_cm0_states_L0.4_km0_2090_ucp0_2425_s31415,cm0,stageC,-0.1,-0.209,0.5,0.24248438819907564,31415,175,7,1,True,,0.436396,0.0005079418999431177,0.841316504754116,-0.018970985782952473,-1.7314714175271892,0.0011445795741719218,0.023432140360512242,0.11824123017112623,0.2458499664,0.04721367581538213,True,True,False,False,True,-0.09999977978965197,-0.10344029341860317,0.0,"{""0.2425"": 4}"
c3_w2_tcop_cm0_states_L0.4_km0_2090_ucp0_2425_s31415,cm0,stageC,-0.1,-0.209,0.5,0.24248438819907564,31415,200,8,2,True,,0.43586400000000003,0.0020336889159061687,2.2365135178047897,-0.030502904459594277,-2.968861380475758,0.001174061569534192,0.022625865450483146,0.11655011628271637,0.24578931840000004,0.046514659022721,True,True,False,False,False,-0.09999977978965197,-0.10344029341860317,0.0,"{""0.2425"": 4}"
c3_w2_tcop_cm0_states_L0.4_km0_2090_ucp0_2425_s31415,cm0,stageC,-0.1,-0.209,0.5,0.24248438819907564,31415,225,9,0,True,,0.436,0.0008498381298885579,1.2920789794623782,-0.026841291140184124,-2.50916804665951,0.0051417985717347,0.02221396282045912,0.11651376120065653,0.24581019520000003,0.04632839302199031,True,True,False,False,False,-0.09999977978965197,-0.10344029341860317,0.0,"{""0.2425"": 4}"
c3_w2_tcop_cm0_states_L0.4_km0_2090_ucp0_2425_s31415,cm0,stageC,-0.1,-0.209,0.5,0.24248438819907564,31415,250,10,1,True,,0.4368600000000001,-0.00030564714048817126,0.10952799906286859,-0.01586461259020669,-1.749692224881267,0.0023466156478159387,0.02294892539301978,0.12727189459490013,0.2459128304,0.04672066352268555,True,True,False,False,True,-0.09999977978965197,-0.10344029341860317,0.0,"{""0.2425"": 4}"
c3_w2_tcop_cm0_states_L0.4_km0_2090_ucp0_2425_s31415,cm0,stageC,-0.1,-0.209,0.5,0.24248438819907564,31415,275,11,2,True,,0.43627599999999994,-0.00010165413620072641,0.2196720952595221,-0.01876796377536169,-1.7970592882301457,0.00027233192042570614,0.021791248345973648,0.12744226102870138,0.24584886879999995,0.04656706802022219,True,True,False,False,True,-0.09999977978965197,-0.10344029341860317,0.0,"{""0.2425"": 4}"
c3_w2_tcop_cm0_states_L0.4_km0_2090_ucp0_2425_s31415,cm0,stageC,-0.1,-0.209,0.5,0.24248438819907564,31415,300,12,0,False,EXITS_PRIMARY_BLOCK_SET,0.43759600000000004,-0.0015055441781159629,-1.0846592393725285,-0.020277392041070343,-1.872494241237646,0.00504570606914581,0.022054468708491776,0.12705783387632003,0.24601259999999997,0.04632170964029718,True,True,False,False,True,-0.09999977978965197,-0.10344029341860317,0.0,"{""0.2425"": 4}"
c3_w2_tcop_cm0_states_L0.4_kp0_4221_ucp0_0498_s42,cm0,stageC,0.2,0.4221,0.1,0.04977134874876729,42,0,0,0,False,PRE_PRIMARY_PHASE_IMBALANCE,0.39025199999999993,0.0004745105142564182,0.7591820549586451,0.02748342926346638,2.5014672138704235,0.05359719255139507,0.07973078287251432,0.7943585150252694,0.23698722720000004,0.050498876185515254,False,True,False,False,False,0.1999984658005633,0.20179988595992915,0.0,"{""0.0498"": 4}"
c3_w2_tcop_cm0_states_L0.4_kp0_4221_ucp0_0498_s42,cm0,stageC,0.2,0.4221,0.1,0.04977134874876729,42,25,1,1,False,PRE_PRIMARY_PHASE_IMBALANCE,0.393732,0.0010406287472969338,1.4998404214772343,0.02370704831137941,2.367490238124544,0.0028621313187830993,0.022471832930893134,0.12089441518369234,0.2386288272,0.049955501959243684,True,True,False,False,False,0.1999984658005633,0.20179988595992915,0.0,"{""0.0498"": 4}"
c3_w2_tcop_cm0_states_L0.4_kp0_4221_ucp0_0498_s42,cm0,stageC,0.2,0.4221,0.1,0.04977134874876729,42,50,2,2,False,PRE_PRIMARY_PHASE_IMBALANCE,0.39464000000000005,0.001701223870446847,2.2701088081017313,0.030780722573501697,3.0590053337946927,0.010500137763372781,0.024284544709141372,0.12872491351934698,0.23880742399999996,0.04997029517623445,True,True,False,False,False,0.1999984658005633,0.20179988595992915,0.0,"{""0.0498"": 4}"
c3_w2_tcop_cm0_states_L0.4_kp0_4221_ucp0_0498_s42,cm0,stageC,0.2,0.4221,0.1,0.04977134874876729,42,75,3,0,True,,0.394596,0.0011953364368052265,1.632850148360132,0.012196809912159249,1.3130625504442206,0.003736650759278279,0.024321285649678896,0.121643402057691,0.23879789279999994,0.0495261222386732,True,True,False,False,True,0.1999984658005633,0.20179988595992915,0.0,"{""0.0498"": 4}"
c3_w2_tcop_cm0_states_L0.4_kp0_4221_ucp0_0498_s42,cm0,stageC,0.2,0.4221,0.1,0.04977134874876729,42,100,4,1,True,,0.3944520000000001,0.0017123750731968266,1.9872116245551559,0.014791322230966788,1.5164601351215086,0.0027948400318154078,0.026747744167038606,0.1257440699356473,0.23874830239999995,0.049784130965599874,True,True,False,False,True,0.1999984658005633,0.20179988595992915,0.0,"{""0.0498"": 4}"
c3_w2_tcop_cm0_states_L0.4_kp0_4221_ucp0_0498_s42,cm0,stageC,0.2,0.4221,0.1,0.04977134874876729,42,125,5,2,True,,0.3941880000000001,0.00080216151908939,1.1206477470899425,0.02880320050128797,2.6760624896528826,0.016789404551616354,0.02594987111760905,0.12582828466156182,0.23869918560000003,0.05023644748586428,True,True,False,False,False,0.1999984658005633,0.20179988595992915,0.0,"{""0.0498"": 4}"
c3_w2_tcop_cm0_states_L0.4_kp0_4221_ucp0_0498_s42,cm0,stageC,0.2,0.4221,0.1,0.04977134874876729,42,150,6,0,True,,0.39370399999999994,0.000743842635261626,1.113307968231726,0.03277595406472131,3.320660580361497,0.0038518065432731315,0.025829626521743462,0.14935078091827678,0.23859774720000002,0.0494016232931672,True,True,False,False,False,0.1999984658005633,0.20179988595992915,0.0,"{""0.0498"": 4}"
c3_w2_tcop_cm0_states_L0.4_kp0_4221_ucp0_0498_s42,cm0,stageC,0.2,0.4221,0.1,0.04977134874876729,42,175,7,1,True,,0.39403199999999994,0.0011014589806337244,1.5536725628831645,0.04227237344878365,4.031288258170066,0.0032248321595254896,0.025724960760060502,0.14415072850897717,0.2386680352,0.05004540914009995,True,True,False,False,False,0.1999984658005633,0.20179988595992915,0.0,"{""0.0498"": 4}"
c3_w2_tcop_cm0_states_L0.4_kp0_4221_ucp0_0498_s42,cm0,stageC,0.2,0.4221,0.1,0.04977134874876729,42,200,8,2,True,,0.3932999999999999,0.001262357462722047,1.5720354413377122,0.04286367886057567,4.285500641684641,0.0024698121923314494,0.024820403130361594,0.1495041948906581,0.23851981600000002,0.05013531689338365,True,True,False,False,False,0.1999984658005633,0.20179988595992915,0.0,"{""0.0498"": 4}"
c3_w2_tcop_cm0_states_L0.4_kp0_4221_ucp0_0498_s42,cm0,stageC,0.2,0.4221,0.1,0.04977134874876729,42,225,9,0,True,,0.39493199999999995,0.0010263314638083328,1.3618819720116313,0.04318497853239137,4.724859385130944,0.0046888709292455845,0.025345133244795384,0.1488863901915105,0.2388605232,0.04983367712701923,True,True,False,False,False,0.1999984658005633,0.20179988595992915,0.0,"{""0.0498"": 4}"
c3_w2_tcop_cm0_states_L0.4_kp0_4221_ucp0_0498_s42,cm0,stageC,0.2,0.4221,0.1,0.04977134874876729,42,250,10,1,True,,0.394652,-0.00038838153538883253,-0.019427408318375847,0.02495574792239821,2.4547780161132735,0.0050388667860471695,0.025257018122151826,0.12568034591062424,0.2388024432,0.05054976652765075,True,True,False,False,False,0.1999984658005633,0.20179988595992915,0.0,"{""0.0498"": 4}"
c3_w2_tcop_cm0_states_L0.4_kp0_4221_ucp0_0498_s42,cm0,stageC,0.2,0.4221,0.1,0.04977134874876729,42,275,11,2,True,,0.39408799999999994,-0.0004619966465560559,-0.040535278791531355,0.013005946891491888,1.3264418188462324,0.005915209560798833,0.02538258544505729,0.12180020675128357,0.23868258879999998,0.04918870049106807,True,True,False,False,True,0.1999984658005633,0.20179988595992915,0.0,"{""0.0498"": 4}"
c3_w2_tcop_cm0_states_L0.4_kp0_4221_ucp0_0498_s42,cm0,stageC,0.2,0.4221,0.1,0.04977134874876729,42,300,12,0,False,EXITS_PRIMARY_BLOCK_SET,0.395152,-0.001808931315643029,-1.4522039719323026,0.025420495079280882,2.5375069688038465,0.013201708848658804,0.02435101922703018,0.12045997459089174,0.23891430719999998,0.04902098424144501,True,True,False,False,False,0.1999984658005633,0.20179988595992915,0.0,"{""0.0498"": 4}"
c3_w2_tcop_cm0_states_L0.4_kp0_4221_ucp0_0498_s137,cm0,stageC,0.2,0.4221,0.1,0.04977134874876729,137,0,0,0,False,PRE_PRIMARY_PHASE_IMBALANCE,0.391672,0.0011182900636090448,1.5700044808644595,0.02448580160178536,2.3536156713313856,0.04631072380735767,0.0796654783496228,0.7955636328469646,0.2372914336,0.04925935866411579,False,True,False,False,False,0.1999984658005633,0.20179988595992915,0.0,"{""0.0498"": 4}"
c3_w2_tcop_cm0_states_L0.4_kp0_4221_ucp0_0498_s137,cm0,stageC,0.2,0.4221,0.1,0.04977134874876729,137,25,1,1,False,PRE_PRIMARY_PHASE_IMBALANCE,0.39410399999999995,0.0010603307217525101,1.5767106958065618,0.02194798760998486,2.4187081201560203,0.0020183493238736263,0.023997590435159668,0.09236140690690423,0.23869659199999999,0.049365951667115666,True,True,False,False,False,0.1999984658005633,0.20179988595992915,0.0,"{""0.0498"": 4}"
c3_w2_tcop_cm0_states_L0.4_kp0_4221_ucp0_0498_s137,cm0,stageC,0.2,0.4221,0.1,0.04977134874876729,137,50,2,2,False,PRE_PRIMARY_PHASE_IMBALANCE,0.39382799999999996,0.0023282368533151733,2.6395125338706773,0.019971512687353827,1.9825044047135574,0.0016364109327125257,0.025082880664346236,0.1066455404220991,0.23862992480000003,0.05059116934801962,True,True,False,False,False,0.1999984658005633,0.20179988595992915,0.0,"{""0.0498"": 4}"
c3_w2_tcop_cm0_states_L0.4_kp0_4221_ucp0_0498_s137,cm0,stageC,0.2,0.4221,0.1,0.04977134874876729,137,75,3,0,True,,0.39395600000000003,0.0027478106450440905,3.0402857782902575,0.024883004069281813,2.429420429155739,0.006402776540581812,0.025484430226636982,0.10661089028568949,0.23865387360000004,0.049068014673512114,True,True,False,False,False,0.1999984658005633,0.20179988595992915,0.0,"{""0.0498"": 4}"
c3_w2_tcop_cm0_states_L0.4_kp0_4221_ucp0_0498_s137,cm0,stageC,0.2,0.4221,0.1,0.04977134874876729,137,100,4,1,True,,0.393908,0.0024808084271799903,2.841925825685216,0.03136044002905007,3.156307316568604,0.009023719859767331,0.024287615515463833,0.10662388144789164,0.23865295839999998,0.04885046095995411,True,True,False,False,False,0.1999984658005633,0.20179988595992915,0.0,"{""0.0498"": 4}"
c3_w2_tcop_cm0_states_L0.4_kp0_4221_ucp0_0498_s137,cm0,stageC,0.2,0.4221,0.1,0.04977134874876729,137,125,5,2,True,,0.393768,0.00230364489016834,2.964022251772775,0.041621939747191763,3.915375478057625,0.0035598123018060934,0.02307656609914104,0.1066617904282171,0.238632192,0.04873891849436136,True,True,False,False,False,0.1999984658005633,0.20179988595992915,0.0,"{""0.0498"": 4}"
c3_w2_tcop_cm0_states_L0.4_kp0_4221_ucp0_0498_s137,cm0,stageC,0.2,0.4221,0.1,0.04977134874876729,137,150,6,0,True,,0.393928,0.0026307202046358265,3.0775079197301127,0.032375815017904125,3.545179185576567,0.0013806949190164285,0.021395801477613056,0.09341808631674293,0.23867769279999998,0.04911222674650377,True,True,False,False,False,0.1999984658005633,0.20179988595992915,0.0,"{""0.0498"": 4}"
c3_w2_tcop_cm0_states_L0.4_kp0_4221_ucp0_0498_s137,cm0,stageC,0.2,0.4221,0.1,0.04977134874876729,137,175,7,1,True,,0.39393999999999996,0.0016838082723874782,1.9974568279381852,0.03280046393785361,3.6249636322541594,0.003712408597533628,0.020348932473264022,0.08833832540910208,0.23868701599999997,0.04996194952161094,True,True,False,False,False,0.1999984658005633,0.20179988595992915,0.0,"{""0.0498"": 4}"
c3_w2_tcop_cm0_states_L0.4_kp0_4221_ucp0_0498_s137,cm0,stageC,0.2,0.4221,0.1,0.04977134874876729,137,200,8,2,True,,0.39339599999999997,0.0016750757029002103,2.0349430493674743,0.039432001907057146,3.8664765303030584,0.0029292499989686093,0.02338720749429104,0.1342159042435208,0.2385509392,0.04890181166378194,True,True,False,False,False,0.1999984658005633,0.20179988595992915,0.0,"{""0.0498"": 4}"
c3_w2_tcop_cm0_states_L0.4_kp0_4221_ucp0_0498_s137,cm0,stageC,0.2,0.4221,0.1,0.04977134874876729,137,225,9,0,True,,0.394084,0.001941529019499828,2.612344054267259,0.049494784990737645,5.296634287933886,0.0069671302475838364,0.021993835094790012,0.13398158734183174,0.23870667680000002,0.049042032421179285,True,True,False,False,False,0.1999984658005633,0.20179988595992915,0.0,"{""0.0498"": 4}"
c3_w2_tcop_cm0_states_L0.4_kp0_4221_ucp0_0498_s137,cm0,stageC,0.2,0.4221,0.1,0.04977134874876729,137,250,10,1,True,,0.393688,0.0011730551913624987,1.5645019750628721,0.018346908439187223,1.8487259444804254,0.0028167251434443124,0.0226562054092312,0.13411635575857953,0.23861820159999997,0.04926498407591339,True,True,False,False,True,0.1999984658005633,0.20179988595992915,0.0,"{""0.0498"": 4}"
c3_w2_tcop_cm0_states_L0.4_kp0_4221_ucp0_0498_s137,cm0,stageC,0.2,0.4221,0.1,0.04977134874876729,137,275,11,2,True,,0.393928,0.0020783239469021305,2.5592213336059033,0.011565842190486618,1.3956756541688922,0.002960024676337506,0.022992067017925152,0.13403464558489206,0.2386666976,0.05003129836412403,True,True,False,False,False,0.1999984658005633,0.20179988595992915,0.0,"{""0.0498"": 4}"
c3_w2_tcop_cm0_states_L0.4_kp0_4221_ucp0_0498_s137,cm0,stageC,0.2,0.4221,0.1,0.04977134874876729,137,300,12,0,False,EXITS_PRIMARY_BLOCK_SET,0.393996,0.0022416579191305314,2.7902540171960037,0.02366128850404144,2.404708717087736,0.004182186550867869,0.021259736568038905,0.10456958927357238,0.23869299039999997,0.049164133105344184,True,True,False,False,False,0.1999984658005633,0.20179988595992915,0.0,"{""0.0498"": 4}"
c3_w2_tcop_cm0_states_L0.4_kp0_4221_ucp0_0498_s256,cm0,stageC,0.2,0.4221,0.1,0.04977134874876729,256,0,0,0,False,PRE_PRIMARY_PHASE_IMBALANCE,0.392896,0.00010411609445070838,0.4147204218283186,0.036305093533023566,3.538711352485688,0.06243131220185208,0.08108555879138217,0.8134468133718672,0.23751378879999996,0.04842740116917281,False,True,False,False,False,0.1999984658005633,0.20179988595992915,0.0,"{""0.0498"": 4}"
c3_w2_tcop_cm0_states_L0.4_kp0_4221_ucp0_0498_s256,cm0,stageC,0.2,0.4221,0.1,0.04977134874876729,256,25,1,1,False,PRE_PRIMARY_PHASE_IMBALANCE,0.39614400000000005,0.0005419090880190873,0.818360295974444,0.034462998591498054,3.1544856972925026,0.014116278913235476,0.026445590245756757,0.12217779362510146,0.23910417919999993,0.047896672786322016,True,True,False,False,False,0.1999984658005633,0.20179988595992915,0.0,"{""0.0498"": 4}"
c3_w2_tcop_cm0_states_L0.4_kp0_4221_ucp0_0498_s256,cm0,stageC,0.2,0.4221,0.1,0.04977134874876729,256,50,2,2,False,PRE_PRIMARY_PHASE_IMBALANCE,0.39464800000000005,0.0012894750907385538,1.61460395285333,0.04956869990732832,5.0165084401360485,0.032330572781976125,0.02553401694421788,0.12061381250984728,0.23879941119999998,0.047806234907175026,True,True,False,False,False,0.1999984658005633,0.20179988595992915,0.0,"{""0.0498"": 4}"
c3_w2_tcop_cm0_states_L0.4_kp0_4221_ucp0_0498_s256,cm0,stageC,0.2,0.4221,0.1,0.04977134874876729,256,75,3,0,True,,0.39356,0.0009148924904840557,1.4186085228137573,0.02608617820973461,2.696049099760895,0.017625504755923928,0.025812230163938597,0.12907815802144995,0.23856732800000002,0.04880539314461056,True,True,False,False,False,0.1999984658005633,0.20179988595992915,0.0,"{""0.0498"": 4}"
c3_w2_tcop_cm0_states_L0.4_kp0_4221_ucp0_0498_s256,cm0,stageC,0.2,0.4221,0.1,0.04977134874876729,256,100,4,1,True,,0.393356,0.0008389451774266975,0.9913812834527226,0.02119921688676474,2.121471642117935,0.009775939689945765,0.026232187253537268,0.13117888088352814,0.23852058399999998,0.04990047358492703,True,True,False,False,False,0.1999984658005633,0.20179988595992915,0.0,"{""0.0498"": 4}"
c3_w2_tcop_cm0_states_L0.4_kp0_4221_ucp0_0498_s256,cm0,stageC,0.2,0.4221,0.1,0.04977134874876729,256,125,5,2,True,,0.39396799999999993,0.0009428399267589112,1.3206780947260468,0.015907996067545813,1.6942806029364463,0.016934642290192026,0.025792365906368936,0.13097510424457032,0.23865396160000002,0.04981420456054678,True,True,False,False,True,0.1999984658005633,0.20179988595992915,0.0,"{""0.0498"": 4}"
c3_w2_tcop_cm0_states_L0.4_kp0_4221_ucp0_0498_s256,cm0,stageC,0.2,0.4221,0.1,0.04977134874876729,256,150,6,0,True,,0.3956,0.0005734720817936189,1.1141165181030062,0.030703516780249452,3.1353284986441983,0.006481133435688014,0.026076372795969676,0.13043478227898178,0.23899422400000003,0.04988627065636397,True,True,False,False,False,0.1999984658005633,0.20179988595992915,0.0,"{""0.0498"": 4}"
c3_w2_tcop_cm0_states_L0.4_kp0_4221_ucp0_0498_s256,cm0,stageC,0.2,0.4221,0.1,0.04977134874876729,256,175,7,1,True,,0.395744,0.001248941456738327,1.5950438968420728,0.03260096490976154,3.4757805285769376,0.01058608324398613,0.02504286414544548,0.12432279421969043,0.23903246720000002,0.05009317781894058,True,True,False,False,False,0.1999984658005633,0.20179988595992915,0.0,"{""0.0498"": 4}"
c3_w2_tcop_cm0_states_L0.4_kp0_4221_ucp0_0498_s256,cm0,stageC,0.2,0.4221,0.1,0.04977134874876729,256,200,8,2,True,,0.394956,0.000710388284915395,1.04960491943181,0.02290721126631225,2.1864146990150193,0.011272661281887792,0.02432586439346068,0.12760915107604606,0.23887345120000006,0.049649552505536244,True,True,False,False,False,0.1999984658005633,0.20179988595992915,0.0,"{""0.0498"": 4}"
c3_w2_tcop_cm0_states_L0.4_kp0_4221_ucp0_0498_s256,cm0,stageC,0.2,0.4221,0.1,0.04977134874876729,256,225,9,0,True,,0.394504,-0.0008585889646126674,-0.4443256946340734,0.02844465479611786,2.940835012078419,0.012479904702496759,0.024222403452924857,0.11558818132239937,0.23877928,0.04884131431482982,True,True,False,False,False,0.1999984658005633,0.20179988595992915,0.0,"{""0.0498"": 4}"
c3_w2_tcop_cm0_states_L0.4_kp0_4221_ucp0_0498_s256,cm0,stageC,0.2,0.4221,0.1,0.04977134874876729,256,250,10,1,True,,0.39303200000000005,0.0009942394395905322,1.479441320124122,0.021021307249585102,2.1537046503697845,0.014313548397950123,0.024250229433762673,0.11602108704629377,0.23846700479999997,0.04956699482518584,True,True,False,False,False,0.1999984658005633,0.20179988595992915,0.0,"{""0.0498"": 4}"
c3_w2_tcop_cm0_states_L0.4_kp0_4221_ucp0_0498_s256,cm0,stageC,0.2,0.4221,0.1,0.04977134874876729,256,275,11,2,True,,0.393008,0.0003344803200279056,0.8444166571521542,0.03759137110456323,3.6592300528299457,0.0023708758471759246,0.024186397419392325,0.11195700822386065,0.23846235840000002,0.05008864078810684,True,True,False,False,False,0.1999984658005633,0.20179988595992915,0.0,"{""0.0498"": 4}"
c3_w2_tcop_cm0_states_L0.4_kp0_4221_ucp0_0498_s256,cm0,stageC,0.2,0.4221,0.1,0.04977134874876729,256,300,12,0,False,EXITS_PRIMARY_BLOCK_SET,0.39322399999999996,0.0008374630620087044,1.1058495482658155,0.0370410071646606,3.5117365390991835,0.006677778008414515,0.02312399706525668,0.10986104584190938,0.23851620480000002,0.04938426696833719,True,True,False,False,False,0.1999984658005633,0.20179988595992915,0.0,"{""0.0498"": 4}"
c3_w2_tcop_cm0_states_L0.4_kp0_4221_ucp0_0498_s1024,cm0,stageC,0.2,0.4221,0.1,0.04977134874876729,1024,0,0,0,False,PRE_PRIMARY_PHASE_IMBALANCE,0.38968,0.0005768074290538691,0.9733326930221315,0.033171870005470165,3.2986331021457937,0.04447786175539778,0.07891233227162592,0.8242660623479109,0.2368839008,0.048914390520581975,False,True,False,False,False,0.1999984658005633,0.20179988595992915,0.0,"{""0.0498"": 4}"
c3_w2_tcop_cm0_states_L0.4_kp0_4221_ucp0_0498_s1024,cm0,stageC,0.2,0.4221,0.1,0.04977134874876729,1024,25,1,1,False,PRE_PRIMARY_PHASE_IMBALANCE,0.3933520000000001,0.0015913486906114615,1.8567569430839443,0.025462813203505068,2.340125410702217,0.007121052138770581,0.021378526800779587,0.10474079169613769,0.238555488,0.049039209781561524,True,True,False,False,False,0.1999984658005633,0.20179988595992915,0.0,"{""0.0498"": 4}"
c3_w2_tcop_cm0_states_L0.4_kp0_4221_ucp0_0498_s1024,cm0,stageC,0.2,0.4221,0.1,0.04977134874876729,1024,50,2,2,False,PRE_PRIMARY_PHASE_IMBALANCE,0.39352,0.0017092358001980458,2.091100825624306,0.022813621962721527,2.295323626979685,0.011809678599978987,0.020965350738468624,0.10469607617225016,0.2385939424,0.04956217912884783,True,True,False,False,False,0.1999984658005633,0.20179988595992915,0.0,"{""0.0498"": 4}"
c3_w2_tcop_cm0_states_L0.4_kp0_4221_ucp0_0498_s1024,cm0,stageC,0.2,0.4221,0.1,0.04977134874876729,1024,75,3,0,True,,0.39577200000000007,0.000669904794106016,1.203166317787955,0.023367015262299916,2.259868904986172,0.01684956702807676,0.024424781139890994,0.14351697405698996,0.23904308,0.048995550981696286,True,True,False,False,False,0.1999984658005633,0.20179988595992915,0.0,"{""0.0498"": 4}"
c3_w2_tcop_cm0_states_L0.4_kp0_4221_ucp0_0498_s1024,cm0,stageC,0.2,0.4221,0.1,0.04977134874876729,1024,100,4,1,True,,0.39528399999999997,0.0009236996188121489,1.367197375292476,0.02153195936939967,2.0478001847632585,0.012052692270847347,0.025295552355150422,0.14369415371304142,0.2389345808,0.04983692751364193,True,True,False,False,False,0.1999984658005633,0.20179988595992915,0.0,"{""0.0498"": 4}"
c3_w2_tcop_cm0_states_L0.4_kp0_4221_ucp0_0498_s1024,cm0,stageC,0.2,0.4221,0.1,0.04977134874876729,1024,125,5,2,True,,0.39401600000000003,0.0006222992621932167,0.793771450771367,0.042397751244917854,4.2521406626519305,0.02432794235647357,0.026972635498165705,0.1441565821079434,0.23865444479999998,0.04962531354057121,True,True,False,False,False,0.1999984658005633,0.20179988595992915,0.0,"{""0.0498"": 4}"
c3_w2_tcop_cm0_states_L0.4_kp0_4221_ucp0_0498_s1024,cm0,stageC,0.2,0.4221,0.1,0.04977134874876729,1024,150,6,0,True,,0.394508,0.00016380514123196806,0.6264489077412603,0.05776878150965607,5.689060926326298,0.01677213556479222,0.027705422369796368,0.14397680111942776,0.2387519728,0.049589090897091466,True,True,False,False,False,0.1999984658005633,0.20179988595992915,0.0,"{""0.0498"": 4}"
c3_w2_tcop_cm0_states_L0.4_kp0_4221_ucp0_0498_s1024,cm0,stageC,0.2,0.4221,0.1,0.04977134874876729,1024,175,7,1,True,,0.39290800000000004,0.0014843000995900116,1.8001281487428331,0.04656036411492633,4.735335932707443,0.009204296260091728,0.024458153399465693,0.11911185285330955,0.23843895520000002,0.049210400689285186,True,True,False,False,False,0.1999984658005633,0.20179988595992915,0.0,"{""0.0498"": 4}"
c3_w2_tcop_cm0_states_L0.4_kp0_4221_ucp0_0498_s1024,cm0,stageC,0.2,0.4221,0.1,0.04977134874876729,1024,200,8,2,True,,0.39344,0.0008081025738742353,1.1012172339110298,0.04837881410499668,4.94498045859081,0.001953428359425558,0.023585509151635774,0.12200081302866808,0.2385588576,0.05112813706756779,True,True,False,False,False,0.1999984658005633,0.20179988595992915,0.0,"{""0.0498"": 4}"
c3_w2_tcop_cm0_states_L0.4_kp0_4221_ucp0_0498_s1024,cm0,stageC,0.2,0.4221,0.1,0.04977134874876729,1024,225,9,0,True,,0.39411999999999997,0.0004995956507324403,0.8994353681981871,0.03269621447584638,3.779600386387423,0.01083189611250093,0.02251222812625752,0.11976047873804817,0.23871070400000005,0.050382393750198096,True,True,False,False,False,0.1999984658005633,0.20179988595992915,0.0,"{""0.0498"": 4}"
c3_w2_tcop_cm0_states_L0.4_kp0_4221_ucp0_0498_s1024,cm0,stageC,0.2,0.4221,0.1,0.04977134874876729,1024,250,10,1,True,,0.39401600000000003,0.0010255963025662552,1.4729253037834442,0.02532049959152183,2.338186762098894,0.0023209500295016273,0.02315558102737687,0.12182246375319153,0.23868415039999996,0.05079558783989019,True,True,False,False,False,0.1999984658005633,0.20179988595992915,0.0,"{""0.0498"": 4}"
c3_w2_tcop_cm0_states_L0.4_kp0_4221_ucp0_0498_s1024,cm0,stageC,0.2,0.4221,0.1,0.04977134874876729,1024,275,11,2,True,,0.39499199999999995,0.0005055088970348562,1.0033953087332288,0.026270664138773065,2.6199899947737735,0.012288262456579723,0.023304587195292485,0.12152144822801104,0.23888858559999998,0.05020637345995028,True,True,False,False,False,0.1999984658005633,0.20179988595992915,0.0,"{""0.0498"": 4}"
c3_w2_tcop_cm0_states_L0.4_kp0_4221_ucp0_0498_s1024,cm0,stageC,0.2,0.4221,0.1,0.04977134874876729,1024,300,12,0,False,EXITS_PRIMARY_BLOCK_SET,0.39518800000000004,0.0006726401461342714,1.0998952233261214,0.03095308029446999,3.259248432482159,0.0032184357457724334,0.024205816968344243,0.1214611776636406,0.23892293919999996,0.05002324115848552,True,True,False,False,False,0.1999984658005633,0.20179988595992915,0.0,"{""0.0498"": 4}"
c3_w2_tcop_cm0_states_L0.4_kp0_4221_ucp0_0498_s31415,cm0,stageC,0.2,0.4221,0.1,0.04977134874876729,31415,0,0,0,False,PRE_PRIMARY_PHASE_IMBALANCE,0.3887840000000001,0.0006038919762528762,1.0140089710829956,0.04356513042810107,4.293930255012944,0.06400286088118376,0.08048701878633509,0.8282233815480485,0.23665180799999994,0.04875614160287911,False,True,False,False,False,0.1999984658005633,0.20179988595992915,0.0,"{""0.0498"": 4}"
c3_w2_tcop_cm0_states_L0.4_kp0_4221_ucp0_0498_s31415,cm0,stageC,0.2,0.4221,0.1,0.04977134874876729,31415,25,1,1,False,PRE_PRIMARY_PHASE_IMBALANCE,0.393432,0.0013174418681869923,1.6333509908744372,0.036644702955717735,3.961858453585512,0.002651396713485773,0.025699718644292897,0.13115354081225328,0.23854102719999992,0.04967958711583662,True,True,False,False,False,0.1999984658005633,0.20179988595992915,0.0,"{""0.0498"": 4}"
c3_w2_tcop_cm0_states_L0.4_kp0_4221_ucp0_0498_s31415,cm0,stageC,0.2,0.4221,0.1,0.04977134874876729,31415,50,2,2,False,PRE_PRIMARY_PHASE_IMBALANCE,0.39366799999999996,0.0013884281012644982,1.8483077035437956,0.021212923893787625,2.0458528703294676,0.005690439681943275,0.02628462041660434,0.13920359252160797,0.2385864368,0.04937069754419113,True,True,False,False,False,0.1999984658005633,0.20179988595992915,0.0,"{""0.0498"": 4}"
c3_w2_tcop_cm0_states_L0.4_kp0_4221_ucp0_0498_s31415,cm0,stageC,0.2,0.4221,0.1,0.04977134874876729,31415,75,3,0,True,,0.39321599999999995,0.0009710547672225257,1.348488546487417,0.02532650772162313,2.7666180192822423,0.0030972335436037627,0.024931580846578278,0.12207031218955912,0.2385010688,0.049496437689999465,True,True,False,False,False,0.1999984658005633,0.20179988595992915,0.0,"{""0.0498"": 4}"
c3_w2_tcop_cm0_states_L0.4_kp0_4221_ucp0_0498_s31415,cm0,stageC,0.2,0.4221,0.1,0.04977134874876729,31415,100,4,1,True,,0.393628,0.0004670790107271233,0.8892088367270078,0.026163086833467984,2.644033638642465,0.0038068172060370118,0.025727522919108587,0.12194254442787973,0.23858244000000003,0.04867522589572646,True,True,False,False,False,0.1999984658005633,0.20179988595992915,0.0,"{""0.0498"": 4}"
c3_w2_tcop_cm0_states_L0.4_kp0_4221_ucp0_0498_s31415,cm0,stageC,0.2,0.4221,0.1,0.04977134874876729,31415,125,5,2,True,,0.393288,0.00139594323871898,1.9334948422365599,0.03184012290530021,3.4232738745969855,0.00011107475520667277,0.025101799701266178,0.12204796453985887,0.238515088,0.04891368986285946,True,True,False,False,False,0.1999984658005633,0.20179988595992915,0.0,"{""0.0498"": 4}"
c3_w2_tcop_cm0_states_L0.4_kp0_4221_ucp0_0498_s31415,cm0,stageC,0.2,0.4221,0.1,0.04977134874876729,31415,150,6,0,True,,0.3927959999999999,0.000632823336048163,1.219456407058193,0.023951686459353472,2.247653160181407,0.010454716052635557,0.024762843263541355,0.10896241278179411,0.2384126928,0.04859117598906204,True,True,False,False,False,0.1999984658005633,0.20179988595992915,0.0,"{""0.0498"": 4}"
c3_w2_tcop_cm0_states_L0.4_kp0_4221_ucp0_0498_s31415,cm0,stageC,0.2,0.4221,0.1,0.04977134874876729,31415,175,7,1,True,,0.39332800000000007,0.0011264360671146092,1.563417549935649,0.029598938910252778,2.9141475361608786,0.0017269757684826351,0.026220641641851825,0.1413578485605962,0.23851471999999999,0.05005641233648292,True,True,False,False,False,0.1999984658005633,0.20179988595992915,0.0,"{""0.0498"": 4}"
c3_w2_tcop_cm0_states_L0.4_kp0_4221_ucp0_0498_s31415,cm0,stageC,0.2,0.4221,0.1,0.04977134874876729,31415,200,8,2,True,,0.392824,0.0028098523610811162,3.0368476875145185,0.027192893555178566,2.828726605415165,0.003370395886883834,0.02528948193563419,0.1486670871722016,0.2384146144,0.04950580798249837,True,True,False,False,False,0.1999984658005633,0.20179988595992915,0.0,"{""0.0498"": 4}"
c3_w2_tcop_cm0_states_L0.4_kp0_4221_ucp0_0498_s31415,cm0,stageC,0.2,0.4221,0.1,0.04977134874876729,31415,225,9,0,True,,0.3933,0.0013576989894770462,1.7291435184181407,0.021896435891840083,2.2225691312144003,0.006536732985436273,0.02501922438444346,0.14848715955126582,0.23851828319999996,0.048341596994720806,True,True,False,False,False,0.1999984658005633,0.20179988595992915,0.0,"{""0.0498"": 4}"
c3_w2_tcop_cm0_states_L0.4_kp0_4221_ucp0_0498_s31415,cm0,stageC,0.2,0.4221,0.1,0.04977134874876729,31415,250,10,1,True,,0.394248,0.0006696315374819778,1.0976629277442276,0.029725432606768836,3.1933344693158574,0.0016644995558574398,0.025165827775392727,0.14813011062039602,0.2387180768,0.049374026532175805,True,True,False,False,False,0.1999984658005633,0.20179988595992915,0.0,"{""0.0498"": 4}"
c3_w2_tcop_cm0_states_L0.4_kp0_4221_ucp0_0498_s31415,cm0,stageC,0.2,0.4221,0.1,0.04977134874876729,31415,275,11,2,True,,0.39336799999999994,0.0005658512588439569,0.7710674671557564,0.02211973078523477,2.243539256057901,0.0005015652759544101,0.023606993482681658,0.13829289586775517,0.2385433824,0.04919203772969768,True,True,False,False,False,0.1999984658005633,0.20179988595992915,0.0,"{""0.0498"": 4}"
c3_w2_tcop_cm0_states_L0.4_kp0_4221_ucp0_0498_s31415,cm0,stageC,0.2,0.4221,0.1,0.04977134874876729,31415,300,12,0,False,EXITS_PRIMARY_BLOCK_SET,0.39499599999999996,-0.0004922539178731001,-0.09741005736243412,0.031055740612743757,3.042288894105574,0.008663435056447552,0.023824839797719058,0.13063423394000395,0.23888559840000007,0.04925403520524994,True,True,False,False,False,0.1999984658005633,0.20179988595992915,0.0,"{""0.0498"": 4}"
c3_w2_tcop_cm0_states_L0.4_kp0_4221_ucp0_1234_s42,cm0,stageC,0.2,0.4221,0.25,0.12339551870278656,42,0,0,0,False,PRE_PRIMARY_PHASE_IMBALANCE,0.40212399999999987,-0.00018438727508827087,0.1371768716579465,0.02387905524961863,2.145085621901929,0.05713256950744365,0.08035187983104014,0.810695206427134,0.23937626080000002,0.04997528012927992,False,True,False,False,False,0.1999984658005633,0.2040620853058872,0.0,"{""0.1234"": 4}"
c3_w2_tcop_cm0_states_L0.4_kp0_4221_ucp0_1234_s42,cm0,stageC,0.2,0.4221,0.25,0.12339551870278656,42,25,1,1,False,PRE_PRIMARY_PHASE_IMBALANCE,0.40598400000000007,0.0004200942759665666,0.9519013002683807,0.024051235534692555,2.466977439162359,5.439181880709662e-05,0.022140064034030828,0.11626073905311346,0.2410801984,0.04924745418800854,True,True,False,False,False,0.1999984658005633,0.2040620853058872,0.0,"{""0.1234"": 4}"
c3_w2_tcop_cm0_states_L0.4_kp0_4221_ucp0_1234_s42,cm0,stageC,0.2,0.4221,0.25,0.12339551870278656,42,50,2,2,False,PRE_PRIMARY_PHASE_IMBALANCE,0.407016,0.0011654445583802132,1.5975354001656072,0.030527058107176243,2.868538026527299,0.010264603296956396,0.023510181390926616,0.1267763426332715,0.24126240960000003,0.04938963194841606,True,True,False,False,False,0.1999984658005633,0.2040620853058872,0.0,"{""0.1234"": 4}"
c3_w2_tcop_cm0_states_L0.4_kp0_4221_ucp0_1234_s42,cm0,stageC,0.2,0.4221,0.25,0.12339551870278656,42,75,3,0,True,,0.4068,0.000763497683955837,1.1769718462187968,0.010135247815355892,1.0481023642938183,0.008032661653501067,0.023715705230568943,0.12389380500517747,0.2412206848,0.04897509571200448,True,True,False,False,True,0.1999984658005633,0.2040620853058872,0.0,"{""0.1234"": 4}"
c3_w2_tcop_cm0_states_L0.4_kp0_4221_ucp0_1234_s42,cm0,stageC,0.2,0.4221,0.25,0.12339551870278656,42,100,4,1,True,,0.406372,0.0010245867082226347,1.2926926088392892,0.01423108673639269,1.459700234000571,0.006921838308758158,0.026121130202123893,0.12402429270711492,0.2411211216,0.04884831231475658,True,True,False,False,True,0.1999984658005633,0.2040620853058872,0.0,"{""0.1234"": 4}"
c3_w2_tcop_cm0_states_L0.4_kp0_4221_ucp0_1234_s42,cm0,stageC,0.2,0.4221,0.25,0.12339551870278656,42,125,5,2,True,,0.40602799999999994,-0.00013345983839744725,0.15682605168476327,0.02862789211952456,2.7002846939180607,0.016199320543347894,0.025756921065800645,0.12412937008253282,0.24105989279999998,0.04958732918800931,True,True,False,False,False,0.1999984658005633,0.2040620853058872,0.0,"{""0.1234"": 4}"
c3_w2_tcop_cm0_states_L0.4_kp0_4221_ucp0_1234_s42,cm0,stageC,0.2,0.4221,0.25,0.12339551870278656,42,150,6,0,True,,0.40570800000000007,-0.0003149182179393626,0.08528287676459113,0.037386073866672274,3.7036689933265974,0.008399195366315323,0.02608969350852173,0.14591775329567622,0.24099698079999998,0.048859172485829105,True,True,False,False,False,0.1999984658005633,0.2040620853058872,0.0,"{""0.1234"": 4}"
c3_w2_tcop_cm0_states_L0.4_kp0_4221_ucp0_1234_s42,cm0,stageC,0.2,0.4221,0.25,0.12339551870278656,42,175,7,1,True,,0.40614400000000006,9.296705401031196e-05,0.4439759171620156,0.044204635755968745,4.298828896807088,0.0042574380245279115,0.0256511589138789,0.14182161956886807,0.24108251519999999,0.04942885052274633,True,True,False,False,False,0.1999984658005633,0.2040620853058872,0.0,"{""0.1234"": 4}"
c3_w2_tcop_cm0_states_L0.4_kp0_4221_ucp0_1234_s42,cm0,stageC,0.2,0.4221,0.25,0.12339551870278656,42,200,8,2,True,,0.405536,0.0002640376568093219,0.6429524292724709,0.041470101278252604,4.082337762561657,0.004009317516200935,0.025427807550189366,0.1459796413981011,0.24097021760000004,0.04926086381703025,True,True,False,False,False,0.1999984658005633,0.2040620853058872,0.0,"{""0.1234"": 4}"
c3_w2_tcop_cm0_states_L0.4_kp0_4221_ucp0_1234_s42,cm0,stageC,0.2,0.4221,0.25,0.12339551870278656,42,225,9,0,True,,0.4069519999999999,0.0003883407076458516,0.7375008371289141,0.038415429853247585,4.179539030007181,0.00047538615232051585,0.02547055385151253,0.1454717014648614,0.24123463040000004,0.04882283990101354,True,True,False,False,False,0.1999984658005633,0.2040620853058872,0.0,"{""0.1234"": 4}"
c3_w2_tcop_cm0_states_L0.4_kp0_4221_ucp0_1234_s42,cm0,stageC,0.2,0.4221,0.25,0.12339551870278656,42,250,10,1,True,,0.4066120000000001,-0.0010375607783997911,-0.7036581653320533,0.02081221756110518,2.122809701287327,0.006806775906442265,0.024898292870956823,0.12690230458790605,0.24117618720000003,0.04958065606665567,True,True,False,False,False,0.1999984658005633,0.2040620853058872,0.0,"{""0.1234"": 4}"
c3_w2_tcop_cm0_states_L0.4_kp0_4221_ucp0_1234_s42,cm0,stageC,0.2,0.4221,0.25,0.12339551870278656,42,275,11,2,True,,0.406076,-0.0006595927934982967,-0.24322528433247073,0.013493332814090061,1.3627903358743199,0.004499903283555981,0.024674621571848902,0.12115958559195922,0.24107788639999994,0.04825683603387193,True,True,False,False,True,0.1999984658005633,0.2040620853058872,0.0,"{""0.1234"": 4}"
c3_w2_tcop_cm0_states_L0.4_kp0_4221_ucp0_1234_s42,cm0,stageC,0.2,0.4221,0.25,0.12339551870278656,42,300,12,0,False,EXITS_PRIMARY_BLOCK_SET,0.40709600000000007,-0.0019535410764438357,-1.6138591747299142,0.023196286065251533,2.3496548668677333,0.011393439903582742,0.02299783808399899,0.1179083063505702,0.24128119360000003,0.04831445729799725,True,True,False,False,False,0.1999984658005633,0.2040620853058872,0.0,"{""0.1234"": 4}"
c3_w2_tcop_cm0_states_L0.4_kp0_4221_ucp0_1234_s137,cm0,stageC,0.2,0.4221,0.25,0.12339551870278656,137,0,0,0,False,PRE_PRIMARY_PHASE_IMBALANCE,0.4035840000000001,0.0006822152857566821,1.1671242051605146,0.024480417304263858,2.4040734498800798,0.04280280538857462,0.07991828199401842,0.8087535660265183,0.23966365120000002,0.048335855676712704,False,True,False,False,False,0.1999984658005633,0.2040620853058872,0.0,"{""0.1234"": 4}"
c3_w2_tcop_cm0_states_L0.4_kp0_4221_ucp0_1234_s137,cm0,stageC,0.2,0.4221,0.25,0.12339551870278656,137,25,1,1,False,PRE_PRIMARY_PHASE_IMBALANCE,0.40602799999999994,0.0003335527786118054,0.7989967812900837,0.023982945363574225,2.593812881391238,0.002586287172102774,0.023433100730981826,0.09851537308137534,0.2410787376,0.04861134863383241,True,True,False,False,False,0.1999984658005633,0.2040620853058872,0.0,"{""0.1234"": 4}"
c3_w2_tcop_cm0_states_L0.4_kp0_4221_ucp0_1234_s137,cm0,stageC,0.2,0.4221,0.25,0.12339551870278656,137,50,2,2,False,PRE_PRIMARY_PHASE_IMBALANCE,0.40590399999999993,0.0015817368686420518,1.9582437543645557,0.02437179320896765,2.4320530722336193,0.0008763539425107816,0.02401078897632722,0.10445819675475433,0.24105095680000002,0.04970093343187832,True,True,False,False,False,0.1999984658005633,0.2040620853058872,0.0,"{""0.1234"": 4}"
c3_w2_tcop_cm0_states_L0.4_kp0_4221_ucp0_1234_s137,cm0,stageC,0.2,0.4221,0.25,0.12339551870278656,137,75,3,0,True,,0.40622,0.0018882159240125255,2.1479775983765217,0.028316997347872967,2.7067255653579956,0.005867949293410073,0.02430778907531712,0.10437693834775011,0.24110780960000003,0.048417265515516256,True,True,False,False,False,0.1999984658005633,0.2040620853058872,0.0,"{""0.1234"": 4}"
c3_w2_tcop_cm0_states_L0.4_kp0_4221_ucp0_1234_s137,cm0,stageC,0.2,0.4221,0.25,0.12339551870278656,137,100,4,1,True,,0.4061640000000001,0.0013676788281073388,1.7750306311908335,0.03202065380247766,3.4057220446098344,0.006099230169767741,0.023124744285167535,0.09946721004454548,0.2411065872,0.04847891401423922,True,True,False,False,False,0.1999984658005633,0.2040620853058872,0.0,"{""0.1234"": 4}"
c3_w2_tcop_cm0_states_L0.4_kp0_4221_ucp0_1234_s137,cm0,stageC,0.2,0.4221,0.25,0.12339551870278656,137,125,5,2,True,,0.4056920000000001,0.0015227432150277914,2.1333139757102284,0.0437661085001729,4.158560884754942,0.0010028314166051627,0.02182084936183333,0.09958293459180127,0.2410276336,0.04814354718962864,True,True,False,False,False,0.1999984658005633,0.2040620853058872,0.0,"{""0.1234"": 4}"
c3_w2_tcop_cm0_states_L0.4_kp0_4221_ucp0_1234_s137,cm0,stageC,0.2,0.4221,0.25,0.12339551870278656,137,150,6,0,True,,0.405732,0.0019658715799900518,2.418537425010117,0.03950989763547864,4.424708338040136,0.004088427524818635,0.020723524228432568,0.09858724453928404,0.24104284639999998,0.04854095359590703,True,True,False,False,False,0.1999984658005633,0.2040620853058872,0.0,"{""0.1234"": 4}"
c3_w2_tcop_cm0_states_L0.4_kp0_4221_ucp0_1234_s137,cm0,stageC,0.2,0.4221,0.25,0.12339551870278656,137,175,7,1,True,,0.40568,0.0009754923635375199,1.3105349843868939,0.03834932127525196,4.23613584787571,0.0017891751663118237,0.019646382050234407,0.08972589210775525,0.2410402144,0.04946895592187084,True,True,False,False,False,0.1999984658005633,0.2040620853058872,0.0,"{""0.1234"": 4}"
c3_w2_tcop_cm0_states_L0.4_kp0_4221_ucp0_1234_s137,cm0,stageC,0.2,0.4221,0.25,0.12339551870278656,137,200,8,2,True,,0.405192,0.0011063136349812371,1.4554360207534691,0.046616329620420956,4.648639707284032,0.0055979062199761065,0.02262099485359718,0.11550079933586845,0.24092743040000003,0.04854197293065044,True,True,False,False,False,0.1999984658005633,0.2040620853058872,0.0,"{""0.1234"": 4}"
c3_w2_tcop_cm0_states_L0.4_kp0_4221_ucp0_1234_s137,cm0,stageC,0.2,0.4221,0.25,0.12339551870278656,137,225,9,0,True,,0.406128,0.0010943775491479978,1.6408860561374916,0.047376460706875616,5.138225256628889,0.006781200500234318,0.020726181741689623,0.11523460555481375,0.24111719360000006,0.04867080866392092,True,True,False,False,False,0.1999984658005633,0.2040620853058872,0.0,"{""0.1234"": 4}"
c3_w2_tcop_cm0_states_L0.4_kp0_4221_ucp0_1234_s137,cm0,stageC,0.2,0.4221,0.25,0.12339551870278656,137,250,10,1,True,,0.40578,0.0002520943787818891,0.6557598625562076,0.016201236769329757,1.5834639885402104,0.0019703286264103463,0.021334896684248157,0.11533343162468968,0.24104764320000002,0.04872362465991215,True,True,False,False,True,0.1999984658005633,0.2040620853058872,0.0,"{""0.1234"": 4}"
c3_w2_tcop_cm0_states_L0.4_kp0_4221_ucp0_1234_s137,cm0,stageC,0.2,0.4221,0.25,0.12339551870278656,137,275,11,2,True,,0.40599199999999996,0.001292763038667753,1.7395317249965416,0.008174896899124203,1.0836621459135751,0.0026556873439032296,0.02162103874934439,0.11527320706990976,0.2410854432,0.04907235409066901,True,True,False,False,True,0.1999984658005633,0.2040620853058872,0.0,"{""0.1234"": 4}"
c3_w2_tcop_cm0_states_L0.4_kp0_4221_ucp0_1234_s137,cm0,stageC,0.2,0.4221,0.25,0.12339551870278656,137,300,12,0,False,EXITS_PRIMARY_BLOCK_SET,0.40596400000000005,0.0015571637641653006,2.221017177288555,0.021635413512401235,2.21081463655207,0.004873628811696512,0.019780478368895238,0.09163374069712144,0.24109274719999998,0.04836104531541889,True,True,False,False,False,0.1999984658005633,0.2040620853058872,0.0,"{""0.1234"": 4}"
c3_w2_tcop_cm0_states_L0.4_kp0_4221_ucp0_1234_s256,cm0,stageC,0.2,0.4221,0.25,0.12339551870278656,256,0,0,0,False,PRE_PRIMARY_PHASE_IMBALANCE,0.404596,-0.0001403741256466753,0.19416686920628284,0.039938092474970883,3.7939714999071787,0.05857509680376844,0.08119026232242421,0.821560270438758,0.23981900319999996,0.04746742866429569,False,True,False,False,False,0.1999984658005633,0.2040620853058872,0.0,"{""0.1234"": 4}"
c3_w2_tcop_cm0_states_L0.4_kp0_4221_ucp0_1234_s256,cm0,stageC,0.2,0.4221,0.25,0.12339551870278656,256,25,1,1,False,PRE_PRIMARY_PHASE_IMBALANCE,0.408,9.043100027896766e-05,0.38581071497415315,0.036263886359497365,3.4094692974587035,0.010170428782658959,0.025603443693505715,0.11960784284409845,0.24142687680000002,0.04686576575710675,True,True,False,False,False,0.1999984658005633,0.2040620853058872,0.0,"{""0.1234"": 4}"
c3_w2_tcop_cm0_states_L0.4_kp0_4221_ucp0_1234_s256,cm0,stageC,0.2,0.4221,0.25,0.12339551870278656,256,50,2,2,False,PRE_PRIMARY_PHASE_IMBALANCE,0.40674400000000005,0.0007614633067982324,1.1451274149454231,0.049772986351289204,5.289684179229366,0.025547074047469313,0.024970732206601485,0.1140766671073779,0.24120016,0.04681152063328001,True,True,False,False,False,0.1999984658005633,0.2040620853058872,0.0,"{""0.1234"": 4}"
c3_w2_tcop_cm0_states_L0.4_kp0_4221_ucp0_1234_s256,cm0,stageC,0.2,0.4221,0.25,0.12339551870278656,256,75,3,0,True,,0.4058120000000001,0.00013501185732954954,0.5445915464205575,0.024059668776380834,2.485821662839855,0.01798115797213616,0.02579519950783219,0.12616679613671652,0.2410190416,0.04788173614229125,True,True,False,False,False,0.1999984658005633,0.2040620853058872,0.0,"{""0.1234"": 4}"
c3_w2_tcop_cm0_states_L0.4_kp0_4221_ucp0_1234_s256,cm0,stageC,0.2,0.4221,0.25,0.12339551870278656,256,100,4,1,True,,0.405516,0.00010863506316573365,0.3122671744026887,0.017118218998244065,1.7371272491335394,0.004663562252163022,0.025943679520746738,0.1282316847467629,0.2409620912,0.049150521299371794,True,True,False,False,True,0.1999984658005633,0.2040620853058872,0.0,"{""0.1234"": 4}"
c3_w2_tcop_cm0_states_L0.4_kp0_4221_ucp0_1234_s256,cm0,stageC,0.2,0.4221,0.25,0.12339551870278656,256,125,5,2,True,,0.40584400000000004,0.0003667905154835782,0.699548379599921,0.013254547047390626,1.435189556765934,0.0141627195950064,0.025691066706564625,0.12812804888546322,0.24102593440000003,0.049302004665124924,True,True,False,False,True,0.1999984658005633,0.2040620853058872,0.0,"{""0.1234"": 4}"
c3_w2_tcop_cm0_states_L0.4_kp0_4221_ucp0_1234_s256,cm0,stageC,0.2,0.4221,0.25,0.12339551870278656,256,150,6,0,True,,0.40729600000000005,-0.00030405814202411367,0.1608421617275639,0.02739982955680709,2.811134894648296,0.008760696915563545,0.02535576783742027,0.12767127561362918,0.2412993152,0.0492679244945431,True,True,False,False,False,0.1999984658005633,0.2040620853058872,0.0,"{""0.1234"": 4}"
c3_w2_tcop_cm0_states_L0.4_kp0_4221_ucp0_1234_s256,cm0,stageC,0.2,0.4221,0.25,0.12339551870278656,256,175,7,1,True,,0.40757200000000005,0.00021514991822327724,0.5856956053805388,0.027865961617814326,2.889244159518272,0.007364343337252261,0.023999826031530756,0.11188207209552642,0.241361384,0.049404299569976697,True,True,False,False,False,0.1999984658005633,0.2040620853058872,0.0,"{""0.1234"": 4}"
c3_w2_tcop_cm0_states_L0.4_kp0_4221_ucp0_1234_s256,cm0,stageC,0.2,0.4221,0.25,0.12339551870278656,256,200,8,2,True,,0.4071880000000001,1.065446607960957e-05,0.3807740259125147,0.02686242001999271,2.6898993339561383,0.007233352962808165,0.023045394655877276,0.13261687443486325,0.24129787680000003,0.048800539505214485,True,True,False,False,False,0.1999984658005633,0.2040620853058872,0.0,"{""0.1234"": 4}"
c3_w2_tcop_cm0_states_L0.4_kp0_4221_ucp0_1234_s256,cm0,stageC,0.2,0.4221,0.25,0.12339551870278656,256,225,9,0,True,,0.40676000000000007,-0.0015576450251957774,-1.0917844443687805,0.03171807975911778,3.3118899761284624,0.012285622277724497,0.022753104167880674,0.119972465040878,0.2412206464,0.04815539845126401,True,True,False,False,False,0.1999984658005633,0.2040620853058872,0.0,"{""0.1234"": 4}"
c3_w2_tcop_cm0_states_L0.4_kp0_4221_ucp0_1234_s256,cm0,stageC,0.2,0.4221,0.25,0.12339551870278656,256,250,10,1,True,,0.40557199999999993,0.0005564676329086879,0.9280519849328186,0.017587090476166946,1.8269307851491023,0.012516316743381025,0.023003901248089906,0.12032388794018356,0.24099630879999995,0.04892231409081136,True,True,False,False,True,0.1999984658005633,0.2040620853058872,0.0,"{""0.1234"": 4}"
c3_w2_tcop_cm0_states_L0.4_kp0_4221_ucp0_1234_s256,cm0,stageC,0.2,0.4221,0.25,0.12339551870278656,256,275,11,2,True,,0.4056119999999999,0.00015952507005072595,0.6612177256565478,0.035985316752702584,3.4892989116595463,0.003949982278807759,0.02269182914665648,0.11833969380013486,0.24100619040000001,0.049142908501634296,True,True,False,False,False,0.1999984658005633,0.2040620853058872,0.0,"{""0.1234"": 4}"
c3_w2_tcop_cm0_states_L0.4_kp0_4221_ucp0_1234_s256,cm0,stageC,0.2,0.4221,0.25,0.12339551870278656,256,300,12,0,False,EXITS_PRIMARY_BLOCK_SET,0.405404,0.0004864655282351956,0.806095900868916,0.03955852816479862,3.780649788061235,0.003589667400822397,0.021475660337646106,0.10064034863829575,0.2409757968,0.04849615225974119,True,True,False,False,False,0.1999984658005633,0.2040620853058872,0.0,"{""0.1234"": 4}"
c3_w2_tcop_cm0_states_L0.4_kp0_4221_ucp0_1234_s1024,cm0,stageC,0.2,0.4221,0.25,0.12339551870278656,1024,0,0,0,False,PRE_PRIMARY_PHASE_IMBALANCE,0.40198400000000006,-0.0003451712333308078,0.03947101912430577,0.033311146651050234,3.437937684624987,0.04450293768506145,0.07926348103426857,0.8398344191812747,0.2393776352,0.04827901970835779,False,True,False,False,False,0.1999984658005633,0.2040620853058872,0.0,"{""0.1234"": 4}"
c3_w2_tcop_cm0_states_L0.4_kp0_4221_ucp0_1234_s1024,cm0,stageC,0.2,0.4221,0.25,0.12339551870278656,1024,25,1,1,False,PRE_PRIMARY_PHASE_IMBALANCE,0.4056480000000001,0.0007302504025486034,1.0523577754337665,0.02604148468176096,2.4455603912062798,0.00816671417820695,0.019744829010262657,0.09663550640793124,0.24103354880000005,0.0484580240620684,True,True,False,False,False,0.1999984658005633,0.2040620853058872,0.0,"{""0.1234"": 4}"
c3_w2_tcop_cm0_states_L0.4_kp0_4221_ucp0_1234_s1024,cm0,stageC,0.2,0.4221,0.25,0.12339551870278656,1024,50,2,2,False,PRE_PRIMARY_PHASE_IMBALANCE,0.4059279999999999,0.0006759943921207088,1.055900434665601,0.021693638810468863,2.1324873642701303,0.012030528420814767,0.01978924312956777,0.09656884941031703,0.24108592959999997,0.04904343805240411,True,True,False,False,False,0.1999984658005633,0.2040620853058872,0.0,"{""0.1234"": 4}"
c3_w2_tcop_cm0_states_L0.4_kp0_4221_ucp0_1234_s1024,cm0,stageC,0.2,0.4221,0.25,0.12339551870278656,1024,75,3,0,True,,0.40800800000000004,-0.0007202042218521769,-0.2218638561853471,0.01645835207578885,1.6677785280748252,0.013059873434406984,0.022767029001361773,0.12548773522703532,0.241451184,0.04829774255594147,True,True,False,False,True,0.1999984658005633,0.2040620853058872,0.0,"{""0.1234"": 4}"
c3_w2_tcop_cm0_states_L0.4_kp0_4221_ucp0_1234_s1024,cm0,stageC,0.2,0.4221,0.25,0.12339551870278656,1024,100,4,1,True,,0.407424,-0.00048624585701330896,-0.07703700797580118,0.016502017239222948,1.5550799778561974,0.012650888054930023,0.02372546585398516,0.12566760886529107,0.24133624639999998,0.04915612092100027,True,True,False,False,True,0.1999984658005633,0.2040620853058872,0.0,"{""0.1234"": 4}"
c3_w2_tcop_cm0_states_L0.4_kp0_4221_ucp0_1234_s1024,cm0,stageC,0.2,0.4221,0.25,0.12339551870278656,1024,125,5,2,True,,0.406048,-0.0009322740015482044,-0.580510175431236,0.03716674550190804,3.741014208732027,0.024257292089208963,0.02599419193437695,0.14579557060791926,0.241061616,0.04904509859302966,True,True,False,False,False,0.1999984658005633,0.2040620853058872,0.0,"{""0.1234"": 4}"
c3_w2_tcop_cm0_states_L0.4_kp0_4221_ucp0_1234_s1024,cm0,stageC,0.2,0.4221,0.25,0.12339551870278656,1024,150,6,0,True,,0.40636799999999995,-0.0014758794921898703,-0.9537695483375264,0.05141239161875644,5.0250322503429095,0.014436832260979927,0.027027930802382198,0.14568076190625054,0.24111241600000008,0.0490649424334728,True,True,False,False,False,0.1999984658005633,0.2040620853058872,0.0,"{""0.1234"": 4}"
c3_w2_tcop_cm0_states_L0.4_kp0_4221_ucp0_1234_s1024,cm0,stageC,0.2,0.4221,0.25,0.12339551870278656,1024,175,7,1,True,,0.40483199999999997,-7.312444373954977e-05,0.32922408751713017,0.0390598980201633,3.8730350175880472,0.008687138552487955,0.024325522116357124,0.13042447205155605,0.2408460736,0.04875091564268306,True,True,False,False,False,0.1999984658005633,0.2040620853058872,0.0,"{""0.1234"": 4}"
c3_w2_tcop_cm0_states_L0.4_kp0_4221_ucp0_1234_s1024,cm0,stageC,0.2,0.4221,0.25,0.12339551870278656,1024,200,8,2,True,,0.40512,-0.0003553596594750939,-0.03741232391609634,0.04027831367799889,4.188832454893723,0.0006754229908690876,0.0231489487812798,0.13033175323279092,0.24090983679999997,0.05012888987400379,True,True,False,False,False,0.1999984658005633,0.2040620853058872,0.0,"{""0.1234"": 4}"
c3_w2_tcop_cm0_states_L0.4_kp0_4221_ucp0_1234_s1024,cm0,stageC,0.2,0.4221,0.25,0.12339551870278656,1024,225,9,0,True,,0.40573599999999993,-0.0004157253583303175,-0.05984026123290214,0.025264314722701225,2.8975479268649185,0.010700441037312138,0.02164242417301485,0.1153459389471333,0.24103719040000002,0.04946977161863596,True,True,False,False,False,0.1999984658005633,0.2040620853058872,0.0,"{""0.1234"": 4}"
c3_w2_tcop_cm0_states_L0.4_kp0_4221_ucp0_1234_s1024,cm0,stageC,0.2,0.4221,0.25,0.12339551870278656,1024,250,10,1,True,,0.40571999999999997,5.027843399076649e-05,0.4701653920483023,0.020397734297074803,1.8643527997569131,0.0044228025177989756,0.02148654875866901,0.1173222909461642,0.2410352864,0.04971842314474585,True,True,False,False,True,0.1999984658005633,0.2040620853058872,0.0,"{""0.1234"": 4}"
c3_w2_tcop_cm0_states_L0.4_kp0_4221_ucp0_1234_s1024,cm0,stageC,0.2,0.4221,0.25,0.12339551870278656,1024,275,11,2,True,,0.4067320000000001,-0.00026774929296253467,0.1835845948848603,0.020906036102007784,2.0127699135244077,0.014514201795087943,0.022034100753529625,0.11703037843830738,0.24122076319999997,0.04955078380812961,True,True,False,False,False,0.1999984658005633,0.2040620853058872,0.0,"{""0.1234"": 4}"
c3_w2_tcop_cm0_states_L0.4_kp0_4221_ucp0_1234_s1024,cm0,stageC,0.2,0.4221,0.25,0.12339551870278656,1024,300,12,0,False,EXITS_PRIMARY_BLOCK_SET,0.40716,-0.00015637979458964842,0.2683842066649564,0.03085358228336605,3.2685254004036643,0.004765581173587352,0.02335979063372714,0.1169073579995399,0.24129027200000003,0.05000014399979264,True,True,False,False,False,0.1999984658005633,0.2040620853058872,0.0,"{""0.1234"": 4}"
c3_w2_tcop_cm0_states_L0.4_kp0_4221_ucp0_1234_s31415,cm0,stageC,0.2,0.4221,0.25,0.12339551870278656,31415,0,0,0,False,PRE_PRIMARY_PHASE_IMBALANCE,0.40045200000000003,-0.00029304231554290065,0.1696726230554697,0.04110742624557602,4.069230789922792,0.0634668361718441,0.08086770216961921,0.8330586416522862,0.239041496,0.048104840671184014,False,True,False,False,False,0.1999984658005633,0.2040620853058872,0.0,"{""0.1234"": 4}"
c3_w2_tcop_cm0_states_L0.4_kp0_4221_ucp0_1234_s31415,cm0,stageC,0.2,0.4221,0.25,0.12339551870278656,31415,25,1,1,False,PRE_PRIMARY_PHASE_IMBALANCE,0.40504799999999996,0.0003350130022125144,0.610034561506134,0.03001314615583715,3.2477535717167596,0.002967648775090243,0.025493301108072356,0.13628014423900334,0.24087749120000004,0.048845447034498515,True,True,False,False,False,0.1999984658005633,0.2040620853058872,0.0,"{""0.1234"": 4}"
c3_w2_tcop_cm0_states_L0.4_kp0_4221_ucp0_1234_s31415,cm0,stageC,0.2,0.4221,0.25,0.12339551870278656,31415,50,2,2,False,PRE_PRIMARY_PHASE_IMBALANCE,0.405292,0.0004723070415647506,0.9579471244370903,0.017773408480047107,1.666659378656892,0.009262989183796227,0.025725663676703887,0.1352111560672029,0.24092168480000006,0.04871832033229389,True,True,False,False,True,0.1999984658005633,0.2040620853058872,0.0,"{""0.1234"": 4}"
c3_w2_tcop_cm0_states_L0.4_kp0_4221_ucp0_1234_s31415,cm0,stageC,0.2,0.4221,0.25,0.12339551870278656,31415,75,3,0,True,,0.40482799999999997,0.0007176557411244888,1.0583211071197742,0.019593501629246293,2.207922379091156,0.004629984660431595,0.02507071117579277,0.1264734649617282,0.24083928160000004,0.04876320760573488,True,True,False,False,False,0.1999984658005633,0.2040620853058872,0.0,"{""0.1234"": 4}"
c3_w2_tcop_cm0_states_L0.4_kp0_4221_ucp0_1234_s31415,cm0,stageC,0.2,0.4221,0.25,0.12339551870278656,31415,100,4,1,True,,0.4051639999999999,0.000543409630249923,0.9530187643024174,0.02288474436867311,2.28252318108384,0.003814540649319185,0.026388741403418,0.1263685812995019,0.24089181920000002,0.04793926474196283,True,True,False,False,False,0.1999984658005633,0.2040620853058872,0.0,"{""0.1234"": 4}"
c3_w2_tcop_cm0_states_L0.4_kp0_4221_ucp0_1234_s31415,cm0,stageC,0.2,0.4221,0.25,0.12339551870278656,31415,125,5,2,True,,0.404996,0.0015419142052605329,2.1020708010043507,0.03187091864956451,3.3804936041129374,0.0005233167576866333,0.02555684372894934,0.1214826810104724,0.24086710879999995,0.04809449016259555,True,True,False,False,False,0.1999984658005633,0.2040620853058872,0.0,"{""0.1234"": 4}"
c3_w2_tcop_cm0_states_L0.4_kp0_4221_ucp0_1234_s31415,cm0,stageC,0.2,0.4221,0.25,0.12339551870278656,31415,150,6,0,True,,0.40466799999999997,0.0007571601515544579,1.3633021792028708,0.01986087138451634,1.8977142486836287,0.012280924010339776,0.025193655620312536,0.11466189539409616,0.2408078704,0.04747809785574818,True,True,False,False,True,0.1999984658005633,0.2040620853058872,0.0,"{""0.1234"": 4}"
c3_w2_tcop_cm0_states_L0.4_kp0_4221_ucp0_1234_s31415,cm0,stageC,0.2,0.4221,0.25,0.12339551870278656,31415,175,7,1,True,,0.40501200000000004,0.0006456737502222691,1.0667566010494227,0.028615718086170718,2.8033805177073208,0.0015521092232681176,0.02627136669647203,0.14913138339325407,0.2408640656,0.049218287820687136,True,True,False,False,False,0.1999984658005633,0.2040620853058872,0.0,"{""0.1234"": 4}"
c3_w2_tcop_cm0_states_L0.4_kp0_4221_ucp0_1234_s31415,cm0,stageC,0.2,0.4221,0.25,0.12339551870278656,31415,200,8,2,True,,0.40458,0.002384698650466512,2.6572844162779066,0.01991286017544223,2.1301640488992497,0.000870322830221388,0.02491605041063526,0.1492906220048183,0.24079340640000002,0.04872395304159957,True,True,False,False,False,0.1999984658005633,0.2040620853058872,0.0,"{""0.1234"": 4}"
c3_w2_tcop_cm0_states_L0.4_kp0_4221_ucp0_1234_s31415,cm0,stageC,0.2,0.4221,0.25,0.12339551870278656,31415,225,9,0,True,,0.404988,0.0007994185826953237,1.188850772632165,0.019014265564919888,1.868893733082728,0.005958105647997956,0.02471951417675737,0.14914022107040154,0.2408724976,0.048284571614543706,True,True,False,False,True,0.1999984658005633,0.2040620853058872,0.0,"{""0.1234"": 4}"
c3_w2_tcop_cm0_states_L0.4_kp0_4221_ucp0_1234_s31415,cm0,stageC,0.2,0.4221,0.25,0.12339551870278656,31415,250,10,1,True,,0.406256,0.00023766153816403196,0.5989474854213644,0.027882940227838608,3.054605423324079,0.00231246786036909,0.024958619494468696,0.1486747268996034,0.24110925119999999,0.0491518307288752,True,True,False,False,False,0.1999984658005633,0.2040620853058872,0.0,"{""0.1234"": 4}"
c3_w2_tcop_cm0_states_L0.4_kp0_4221_ucp0_1234_s31415,cm0,stageC,0.2,0.4221,0.25,0.12339551870278656,31415,275,11,2,True,,0.4052920000000001,0.00037368969954191747,0.6123930664866633,0.02038561239608661,2.165776391177788,0.0002043175799764765,0.02355543302064055,0.1342242133221869,0.2409392528,0.04871832033229389,True,True,False,False,False,0.1999984658005633,0.2040620853058872,0.0,"{""0.1234"": 4}"
c3_w2_tcop_cm0_states_L0.4_kp0_4221_ucp0_1234_s31415,cm0,stageC,0.2,0.4221,0.25,0.12339551870278656,31415,300,12,0,False,EXITS_PRIMARY_BLOCK_SET,0.406824,-0.001172544965775048,-0.7927721181208015,0.028240003471534596,2.8547206890302648,0.005905846897234309,0.02411564154508898,0.1337187576600231,0.24122198079999996,0.048607746543118,True,True,False,False,False,0.1999984658005633,0.2040620853058872,0.0,"{""0.1234"": 4}"
c3_w2_tcop_cm0_states_L0.4_kp0_4221_ucp0_2425_s42,cm0,stageC,0.2,0.4221,0.5,0.24248438819907564,42,0,0,0,False,PRE_PRIMARY_PHASE_IMBALANCE,0.420788,-0.0013478223498686842,-0.9572071016656565,0.022549119682686525,2.0462919806214086,0.06002995790889721,0.08058829175999893,0.8203655978298676,0.2425755312,0.048370849237944956,False,True,False,False,False,0.1999984658005633,0.20665541913530328,0.0,"{""0.2425"": 4}"
c3_w2_tcop_cm0_states_L0.4_kp0_4221_ucp0_2425_s42,cm0,stageC,0.2,0.4221,0.5,0.24248438819907564,42,25,1,1,False,PRE_PRIMARY_PHASE_IMBALANCE,0.4250840000000001,-0.0006342545934168064,-0.15403605235318274,0.021349659769579258,2.134102336038458,0.003797276332076489,0.021360813546650242,0.11009588667158517,0.244305144,0.0476146295165677,True,True,False,False,False,0.1999984658005633,0.20665541913530328,0.0,"{""0.2425"": 4}"
c3_w2_tcop_cm0_states_L0.4_kp0_4221_ucp0_2425_s42,cm0,stageC,0.2,0.4221,0.5,0.24248438819907564,42,50,2,2,False,PRE_PRIMARY_PHASE_IMBALANCE,0.426148,0.00017418959081702768,0.5562084949527045,0.02836763782820367,2.8279203963941906,0.011009670733894517,0.02257686528344372,0.12108469329649638,0.24445331680000001,0.04781717365131486,True,True,False,False,False,0.1999984658005633,0.20665541913530328,0.0,"{""0.2425"": 4}"
c3_w2_tcop_cm0_states_L0.4_kp0_4221_ucp0_2425_s42,cm0,stageC,0.2,0.4221,0.5,0.24248438819907564,42,75,3,0,True,,0.42617999999999995,-0.0002387498928253645,0.19872516024230322,0.01017540821157465,1.1032424021797254,0.010438887029071347,0.022374772024486872,0.11919846046459608,0.24445967840000002,0.048105795908601284,True,True,False,False,True,0.1999984658005633,0.20665541913530328,0.0,"{""0.2425"": 4}"
c3_w2_tcop_cm0_states_L0.4_kp0_4221_ucp0_2425_s42,cm0,stageC,0.2,0.4221,0.5,0.24248438819907564,42,100,4,1,True,,0.42546799999999996,0.00014939897985675462,0.4662101488429229,0.012908278606158759,1.3171866285012246,0.008150147025220145,0.02473020134935087,0.1193979332889949,0.24433427039999997,0.04806475814981284,True,True,False,False,True,0.1999984658005633,0.20665541913530328,0.0,"{""0.2425"": 4}"
c3_w2_tcop_cm0_states_L0.4_kp0_4221_ucp0_2425_s42,cm0,stageC,0.2,0.4221,0.5,0.24248438819907564,42,125,5,2,True,,0.425144,-0.0007855409407819572,-0.41594647737234447,0.026871398589436553,2.5814944325318536,0.013847799138704616,0.02444167181967017,0.11948892582398218,0.24428860160000002,0.048592378661679037,True,True,False,False,False,0.1999984658005633,0.20665541913530328,0.0,"{""0.2425"": 4}"
c3_w2_tcop_cm0_states_L0.4_kp0_4221_ucp0_2425_s42,cm0,stageC,0.2,0.4221,0.5,0.24248438819907564,42,150,6,0,True,,0.42452,-0.0007652847651322979,-0.3164322507371331,0.033627156618279516,3.2074966152935245,0.004851139959820144,0.024663857605324736,0.13662489367609323,0.24419314239999998,0.047774152007126196,True,True,False,False,False,0.1999984658005633,0.20665541913530328,0.0,"{""0.2425"": 4}"
c3_w2_tcop_cm0_states_L0.4_kp0_4221_ucp0_2425_s42,cm0,stageC,0.2,0.4221,0.5,0.24248438819907564,42,175,7,1,True,,0.42486799999999997,-0.0004949906839769431,-0.18479419562790803,0.03649010093599683,3.653919851169324,0.002846721676492358,0.02396664500997085,0.12333242295646549,0.244251496,0.04821060646787178,True,True,False,False,False,0.1999984658005633,0.20665541913530328,0.0,"{""0.2425"": 4}"
c3_w2_tcop_cm0_states_L0.4_kp0_4221_ucp0_2425_s42,cm0,stageC,0.2,0.4221,0.5,0.24248438819907564,42,200,8,2,True,,0.42435199999999995,-7.335140106381402e-05,0.3429571184785369,0.034951682573206265,3.5004055713074425,0.003220667432806928,0.023629834024050847,0.1357363694863312,0.24417683199999998,0.047931827588774456,True,True,False,False,False,0.1999984658005633,0.20665541913530328,0.0,"{""0.2425"": 4}"
c3_w2_tcop_cm0_states_L0.4_kp0_4221_ucp0_2425_s42,cm0,stageC,0.2,0.4221,0.5,0.24248438819907564,42,225,9,0,True,,0.425396,-0.00016025431627000316,0.18857399729726193,0.03458769146310081,3.7048038583221787,0.003088067029422822,0.02344291301049338,0.13540324747904714,0.244334792,0.047958765455336734,True,True,False,False,False,0.1999984658005633,0.20665541913530328,0.0,"{""0.2425"": 4}"
c3_w2_tcop_cm0_states_L0.4_kp0_4221_ucp0_2425_s42,cm0,stageC,0.2,0.4221,0.5,0.24248438819907564,42,250,10,1,True,,0.42541999999999996,-0.0014961120032715423,-1.2354522659889449,0.020833942036382343,2.0693992411639717,0.007633126606270832,0.022858405432733812,0.11753091035322523,0.2443432592,0.048666452510944334,True,True,False,False,False,0.1999984658005633,0.20665541913530328,0.0,"{""0.2425"": 4}"
c3_w2_tcop_cm0_states_L0.4_kp0_4221_ucp0_2425_s42,cm0,stageC,0.2,0.4221,0.5,0.24248438819907564,42,275,11,2,True,,0.425032,-0.0016574894743360464,-1.2830094223681279,0.015229953397143139,1.500199366487185,0.0016105809756327269,0.023268417002412826,0.11857930669083902,0.24428199039999995,0.04724107297680695,True,True,False,False,True,0.1999984658005633,0.20665541913530328,0.0,"{""0.2425"": 4}"
c3_w2_tcop_cm0_states_L0.4_kp0_4221_ucp0_2425_s42,cm0,stageC,0.2,0.4221,0.5,0.24248438819907564,42,300,12,0,False,EXITS_PRIMARY_BLOCK_SET,0.4260159999999999,-0.003069717953912557,-2.7679241739789755,0.026629356471732674,2.5350112758768404,0.008059094781120903,0.022137664023368354,0.11830541548133074,0.24443742400000001,0.04628485436943709,True,True,False,False,False,0.1999984658005633,0.20665541913530328,0.0,"{""0.2425"": 4}"
c3_w2_tcop_cm0_states_L0.4_kp0_4221_ucp0_2425_s137,cm0,stageC,0.2,0.4221,0.5,0.24248438819907564,137,0,0,0,False,PRE_PRIMARY_PHASE_IMBALANCE,0.42225999999999997,-0.0011788819409181603,-0.7857292361048772,0.026398433435337303,2.6479279669343194,0.04565208084857267,0.08037291575414386,0.823189502147517,0.2428046864,0.04680141450853809,False,True,False,False,False,0.1999984658005633,0.20665541913530328,0.0,"{""0.2425"": 4}"
c3_w2_tcop_cm0_states_L0.4_kp0_4221_ucp0_2425_s137,cm0,stageC,0.2,0.4221,0.5,0.24248438819907564,137,25,1,1,False,PRE_PRIMARY_PHASE_IMBALANCE,0.424816,-0.0006866385127064465,-0.21991407383009817,0.022502302938247953,2.426158115398315,0.0019944746113101154,0.02209331178833207,0.108282173674527,0.2442592768,0.047544570079032164,True,True,False,False,False,0.1999984658005633,0.20665541913530328,0.0,"{""0.2425"": 4}"
c3_w2_tcop_cm0_states_L0.4_kp0_4221_ucp0_2425_s137,cm0,stageC,0.2,0.4221,0.5,0.24248438819907564,137,50,2,2,False,PRE_PRIMARY_PHASE_IMBALANCE,0.424752,0.0007867121906101656,1.1683253598387928,0.017128443090948194,1.6669555895877575,0.003060538841345524,0.022470884630688723,0.1082984892165347,0.24424664,0.04827565117116495,True,True,False,False,True,0.1999984658005633,0.20665541913530328,0.0,"{""0.2425"": 4}"
c3_w2_tcop_cm0_states_L0.4_kp0_4221_ucp0_2425_s137,cm0,stageC,0.2,0.4221,0.5,0.24248438819907564,137,75,3,0,True,,0.42485999999999996,0.0010776941829257535,1.4337004024493338,0.025972342951971518,2.512186680992016,0.008601340271954035,0.023345593254404117,0.1120369060113052,0.24425560159999996,0.047305183648306444,True,True,False,False,False,0.1999984658005633,0.20665541913530328,0.0,"{""0.2425"": 4}"
c3_w2_tcop_cm0_states_L0.4_kp0_4221_ucp0_2425_s137,cm0,stageC,0.2,0.4221,0.5,0.24248438819907564,137,100,4,1,True,,0.4246039999999999,0.0009243974086977681,1.27536354183398,0.03460916200271433,3.840342812657961,0.0048733571040756,0.02265694113402715,0.11210445471049632,0.2442228944,0.04743799304355108,True,True,False,False,False,0.1999984658005633,0.20665541913530328,0.0,"{""0.2425"": 4}"
c3_w2_tcop_cm0_states_L0.4_kp0_4221_ucp0_2425_s137,cm0,stageC,0.2,0.4221,0.5,0.24248438819907564,137,125,5,2,True,,0.42427600000000004,0.0007312632801337023,1.2519632509666745,0.043881312478845795,4.473582359441358,0.0011218348330752997,0.02124743814896457,0.11219112060971845,0.24418460960000002,0.04695440154021771,True,True,False,False,False,0.1999984658005633,0.20665541913530328,0.0,"{""0.2425"": 4}"
c3_w2_tcop_cm0_states_L0.4_kp0_4221_ucp0_2425_s137,cm0,stageC,0.2,0.4221,0.5,0.24248438819907564,137,150,6,0,True,,0.424124,0.0008543782793857507,1.2021583122428872,0.035836586921366514,3.9406550735260506,0.004696643413773026,0.02093204483854242,0.11223132830909993,0.2441640176,0.04711255272217798,True,True,False,False,False,0.1999984658005633,0.20665541913530328,0.0,"{""0.2425"": 4}"
c3_w2_tcop_cm0_states_L0.4_kp0_4221_ucp0_2425_s137,cm0,stageC,0.2,0.4221,0.5,0.24248438819907564,137,175,7,1,True,,0.424236,0.00015404808982678007,0.5718509642155332,0.029459829399435335,3.112990428118794,0.0009544698966957128,0.019595896553864907,0.09334427042178352,0.24419070559999997,0.047954314758945314,True,True,False,False,False,0.1999984658005633,0.20665541913530328,0.0,"{""0.2425"": 4}"
c3_w2_tcop_cm0_states_L0.4_kp0_4221_ucp0_2425_s137,cm0,stageC,0.2,0.4221,0.5,0.24248438819907564,137,200,8,2,True,,0.423764,-0.00013920832371694692,0.22993338496357524,0.04610442423384591,4.650157099629647,0.005248917852847187,0.02232373420979397,0.11704628020066286,0.2440985808,0.04723422809785294,True,True,False,False,False,0.1999984658005633,0.20665541913530328,0.0,"{""0.2425"": 4}"
c3_w2_tcop_cm0_states_L0.4_kp0_4221_ucp0_2425_s137,cm0,stageC,0.2,0.4221,0.5,0.24248438819907564,137,225,9,0,True,,0.4248800000000001,-0.00027128411886372165,0.16962789333442427,0.047696026758273634,5.091331712965762,0.010536922618697906,0.020842690285150994,0.11673884363411109,0.24427856319999997,0.04720366087497875,True,True,False,False,False,0.1999984658005633,0.20665541913530328,0.0,"{""0.2425"": 4}"
c3_w2_tcop_cm0_states_L0.4_kp0_4221_ucp0_2425_s137,cm0,stageC,0.2,0.4221,0.5,0.24248438819907564,137,250,10,1,True,,0.424872,-0.0013727783381137877,-0.888880102688608,0.014742246641575883,1.3527025604743366,0.004337551747564576,0.021687274747798677,0.1167410417331783,0.24427087999999997,0.04717142796227394,True,True,False,False,True,0.1999984658005633,0.20665541913530328,0.0,"{""0.2425"": 4}"
c3_w2_tcop_cm0_states_L0.4_kp0_4221_ucp0_2425_s137,cm0,stageC,0.2,0.4221,0.5,0.24248438819907564,137,275,11,2,True,,0.42524,-0.0004368899536463644,0.013248234426190185,0.011090937655729154,1.431385869064603,0.005801351450635103,0.022133165576443965,0.11664001477603227,0.2443223584,0.047441568270874014,True,True,False,False,True,0.1999984658005633,0.20665541913530328,0.0,"{""0.2425"": 4}"
c3_w2_tcop_cm0_states_L0.4_kp0_4221_ucp0_2425_s137,cm0,stageC,0.2,0.4221,0.5,0.24248438819907564,137,300,12,0,False,EXITS_PRIMARY_BLOCK_SET,0.425372,-0.00014217198525071952,0.3542435000507711,0.026243018337102953,2.513934524334562,0.005146692590829426,0.020037805304535413,0.09591604502431744,0.2443580112,0.046967878555455325,True,True,False,False,False,0.1999984658005633,0.20665541913530328,0.0,"{""0.2425"": 4}"
c3_w2_tcop_cm0_states_L0.4_kp0_4221_ucp0_2425_s256,cm0,stageC,0.2,0.4221,0.5,0.24248438819907564,256,0,0,0,False,PRE_PRIMARY_PHASE_IMBALANCE,0.4228639999999999,-0.001157740542177731,-0.7477668611784104,0.03484993867852722,3.3107650266376107,0.06196881355725439,0.08152645690468227,0.8352567235913753,0.24286153919999998,0.04622247834117076,False,True,False,False,False,0.1999984658005633,0.20665541913530328,0.0,"{""0.2425"": 4}"
c3_w2_tcop_cm0_states_L0.4_kp0_4221_ucp0_2425_s256,cm0,stageC,0.2,0.4221,0.5,0.24248438819907564,256,25,1,1,False,PRE_PRIMARY_PHASE_IMBALANCE,0.42660000000000003,-0.0010234916208846706,-0.6195302545537595,0.03024732941969012,2.903230898356273,0.007749860762566709,0.02544030404569753,0.11908110614373862,0.24449465600000003,0.0455872789273499,True,True,False,False,False,0.1999984658005633,0.20665541913530328,0.0,"{""0.2425"": 4}"
c3_w2_tcop_cm0_states_L0.4_kp0_4221_ucp0_2425_s256,cm0,stageC,0.2,0.4221,0.5,0.24248438819907564,256,50,2,2,False,PRE_PRIMARY_PHASE_IMBALANCE,0.42532799999999993,-0.0002461573844734745,0.17951050304647795,0.03866205730916264,4.037181697447886,0.025302157737828,0.024778645950874822,0.11473498073314015,0.24431302080000003,0.04566237418269006,True,True,False,False,False,0.1999984658005633,0.20665541913530328,0.0,"{""0.2425"": 4}"
c3_w2_tcop_cm0_states_L0.4_kp0_4221_ucp0_2425_s256,cm0,stageC,0.2,0.4221,0.5,0.24248438819907564,256,75,3,0,True,,0.42428399999999994,-0.0007571401483241074,-0.37302013910701504,0.017807869721222235,1.8105077497929174,0.021914118277059507,0.025574583907154003,0.12821600595776414,0.2441493456,0.046615955894950815,True,True,False,False,True,0.1999984658005633,0.20665541913530328,0.0,"{""0.2425"": 4}"
c3_w2_tcop_cm0_states_L0.4_kp0_4221_ucp0_2425_s256,cm0,stageC,0.2,0.4221,0.5,0.24248438819907564,256,100,4,1,True,,0.42394400000000004,-0.0006255225617156485,-0.35535927056214184,0.01808588450526355,1.7965322968868631,0.004407060437879296,0.025377385260418852,0.12454475089977746,0.2440997376,0.04806042929479511,True,True,False,False,True,0.1999984658005633,0.20665541913530328,0.0,"{""0.2425"": 4}"
c3_w2_tcop_cm0_states_L0.4_kp0_4221_ucp0_2425_s256,cm0,stageC,0.2,0.4221,0.5,0.24248438819907564,256,125,5,2,True,,0.42417600000000005,-0.0005193064922357566,-0.2906339251254173,0.014735145476528043,1.555715683806762,0.014035578018322193,0.024447413230205897,0.13013466077728433,0.24414318399999999,0.04843718637575886,True,True,False,False,True,0.1999984658005633,0.20665541913530328,0.0,"{""0.2425"": 4}"
c3_w2_tcop_cm0_states_L0.4_kp0_4221_ucp0_2425_s256,cm0,stageC,0.2,0.4221,0.5,0.24248438819907564,256,150,6,0,True,,0.42573199999999994,-0.0011553440041822897,-0.6791353404365846,0.025273031643388646,2.6022054755897726,0.009539912750450116,0.024287917943371314,0.1296590340175063,0.2443773456,0.04843701245948185,True,True,False,False,False,0.1999984658005633,0.20665541913530328,0.0,"{""0.2425"": 4}"
c3_w2_tcop_cm0_states_L0.4_kp0_4221_ucp0_2425_s256,cm0,stageC,0.2,0.4221,0.5,0.24248438819907564,256,175,7,1,True,,0.42639599999999994,-0.0007772867331398488,-0.3774123268697835,0.02481542776335853,2.5625957414875993,0.0055204912476166474,0.023106291656024524,0.10694284161450199,0.24448538079999999,0.048216295834499774,True,True,False,False,False,0.1999984658005633,0.20665541913530328,0.0,"{""0.2425"": 4}"
c3_w2_tcop_cm0_states_L0.4_kp0_4221_ucp0_2425_s256,cm0,stageC,0.2,0.4221,0.5,0.24248438819907564,256,200,8,2,True,,0.425796,-0.0009697068950523042,-0.4961845780208691,0.023873493140994934,2.5330714749817163,0.005619590776589132,0.02184846237463577,0.11554829045940246,0.24440722079999994,0.0477339123056135,True,True,False,False,False,0.1999984658005633,0.20665541913530328,0.0,"{""0.2425"": 4}"
c3_w2_tcop_cm0_states_L0.4_kp0_4221_ucp0_2425_s256,cm0,stageC,0.2,0.4221,0.5,0.24248438819907564,256,225,9,0,True,,0.42540799999999995,-0.0030983419511347345,-2.6030936194189427,0.03136996949080695,3.2987305878774165,0.01279652559811049,0.021428540904002733,0.10907176144061287,0.2443529344,0.047218995499692704,True,True,False,False,False,0.1999984658005633,0.20665541913530328,0.0,"{""0.2425"": 4}"
c3_w2_tcop_cm0_states_L0.4_kp0_4221_ucp0_2425_s256,cm0,stageC,0.2,0.4221,0.5,0.24248438819907564,256,250,10,1,True,,0.424232,-0.0014498665698125983,-1.1540139882502467,0.021308247201902265,2.2888884816705626,0.012893103193073062,0.020784974653487023,0.10937411579189188,0.24418145919999998,0.047723476151680315,True,True,False,False,False,0.1999984658005633,0.20665541913530328,0.0,"{""0.2425"": 4}"
c3_w2_tcop_cm0_states_L0.4_kp0_4221_ucp0_2425_s256,cm0,stageC,0.2,0.4221,0.5,0.24248438819907564,256,275,11,2,True,,0.424252,-0.002088514664752496,-1.7237527279146185,0.0388334438041565,3.5612775069123983,3.960306640806522e-06,0.020444392860502925,0.11125463141893352,0.24418700959999995,0.04820830318523978,True,True,False,False,False,0.1999984658005633,0.20665541913530328,0.0,"{""0.2425"": 4}"
c3_w2_tcop_cm0_states_L0.4_kp0_4221_ucp0_2425_s256,cm0,stageC,0.2,0.4221,0.5,0.24248438819907564,256,300,12,0,False,EXITS_PRIMARY_BLOCK_SET,0.42417199999999994,-0.001579183129433672,-1.085943924581209,0.04075138200645845,3.8084006405336135,0.005301587264567799,0.019927847125314948,0.10373150489958904,0.244178664,0.047541081350764416,True,True,False,False,False,0.1999984658005633,0.20665541913530328,0.0,"{""0.2425"": 4}"
c3_w2_tcop_cm0_states_L0.4_kp0_4221_ucp0_2425_s1024,cm0,stageC,0.2,0.4221,0.5,0.24248438819907564,1024,0,0,0,False,PRE_PRIMARY_PHASE_IMBALANCE,0.42095999999999995,-0.0010844836112162725,-0.7153127126434786,0.02994101608428467,3.0634216589855057,0.04247973247895996,0.07976992188533823,0.8513873031846557,0.24262506560000002,0.047010194639035476,False,True,False,False,False,0.1999984658005633,0.20665541913530328,0.0,"{""0.2425"": 4}"
c3_w2_tcop_cm0_states_L0.4_kp0_4221_ucp0_2425_s1024,cm0,stageC,0.2,0.4221,0.5,0.24248438819907564,1024,25,1,1,False,PRE_PRIMARY_PHASE_IMBALANCE,0.42460000000000003,-0.0004358220102233915,-0.032622962880477765,0.02269050315482932,2.261494886944683,0.007926558063423914,0.018688737277299455,0.08855393290496016,0.24425187199999995,0.0471716016264023,True,True,False,False,False,0.1999984658005633,0.20665541913530328,0.0,"{""0.2425"": 4}"
c3_w2_tcop_cm0_states_L0.4_kp0_4221_ucp0_2425_s1024,cm0,stageC,0.2,0.4221,0.5,0.24248438819907564,1024,50,2,2,False,PRE_PRIMARY_PHASE_IMBALANCE,0.42494,-0.0008250381119053635,-0.3977904206026237,0.018607138999920628,1.747170699056883,0.008547755494363846,0.019088108297006173,0.08283522360136675,0.24430020319999998,0.047570120874347165,True,True,False,False,True,0.1999984658005633,0.20665541913530328,0.0,"{""0.2425"": 4}"
c3_w2_tcop_cm0_states_L0.4_kp0_4221_ucp0_2425_s1024,cm0,stageC,0.2,0.4221,0.5,0.24248438819907564,1024,75,3,0,True,,0.426792,-0.0017064013785780636,-1.286367969820225,0.010776633517031313,1.0608251091731902,0.01386181464811712,0.021580188143016578,0.10309471568563906,0.24455575999999998,0.046973489714944534,True,True,False,False,True,0.1999984658005633,0.20665541913530328,0.0,"{""0.2425"": 4}"
c3_w2_tcop_cm0_states_L0.4_kp0_4221_ucp0_2425_s1024,cm0,stageC,0.2,0.4221,0.5,0.24248438819907564,1024,100,4,1,True,,0.426464,-0.0016894585376519499,-1.3166057404016223,0.015927544502301737,1.5483176122370155,0.010138704249594881,0.022318263413492388,0.10786373502132945,0.24450186559999998,0.04769797379344326,True,True,False,False,True,0.1999984658005633,0.20665541913530328,0.0,"{""0.2425"": 4}"
c3_w2_tcop_cm0_states_L0.4_kp0_4221_ucp0_2425_s1024,cm0,stageC,0.2,0.4221,0.5,0.24248438819907564,1024,125,5,2,True,,0.42512000000000005,-0.001995972281622902,-1.5392268112831848,0.033343642737576576,3.206263714589604,0.02105404363109432,0.025191469977838537,0.1345502443203089,0.2442782944,0.04765569850500567,True,True,False,False,False,0.1999984658005633,0.20665541913530328,0.0,"{""0.2425"": 4}"
c3_w2_tcop_cm0_states_L0.4_kp0_4221_ucp0_2425_s1024,cm0,stageC,0.2,0.4221,0.5,0.24248438819907564,1024,150,6,0,True,,0.42522800000000005,-0.00230200657873037,-1.8153255491768179,0.04400350549021085,4.4312475582541335,0.017190615330854295,0.025885488928021585,0.1448634611435195,0.24428798880000002,0.04748208099904637,True,True,False,False,False,0.1999984658005633,0.20665541913530328,0.0,"{""0.2425"": 4}"
c3_w2_tcop_cm0_states_L0.4_kp0_4221_ucp0_2425_s1024,cm0,stageC,0.2,0.4221,0.5,0.24248438819907564,1024,175,7,1,True,,0.42378,-0.001633071727271358,-1.170584331139086,0.029613018268270074,2.9112021641324373,0.007177837970740476,0.023871686226272122,0.14535844035735887,0.2440881712,0.0476905818794445,True,True,False,False,False,0.1999984658005633,0.20665541913530328,0.0,"{""0.2425"": 4}"
c3_w2_tcop_cm0_states_L0.4_kp0_4221_ucp0_2425_s1024,cm0,stageC,0.2,0.4221,0.5,0.24248438819907564,1024,200,8,2,True,,0.424016,-0.0014693784394690618,-1.0772998958296618,0.03357652059239663,3.4480300639497097,0.0027590397176987776,0.022545300574835572,0.14527753635410562,0.2441350464,0.048414375385829364,True,True,False,False,False,0.1999984658005633,0.20665541913530328,0.0,"{""0.2425"": 4}"
c3_w2_tcop_cm0_states_L0.4_kp0_4221_ucp0_2425_s1024,cm0,stageC,0.2,0.4221,0.5,0.24248438819907564,1024,225,9,0,True,,0.42462000000000005,-0.0013777530934105462,-1.0055362523487823,0.0221599999583488,2.3979358961022474,0.005683767459024013,0.02098963837002164,0.11963638048222792,0.24423842079999997,0.048008911672730095,True,True,False,False,False,0.1999984658005633,0.20665541913530328,0.0,"{""0.2425"": 4}"
c3_w2_tcop_cm0_states_L0.4_kp0_4221_ucp0_2425_s1024,cm0,stageC,0.2,0.4221,0.5,0.24248438819907564,1024,250,10,1,True,,0.4250439999999999,-0.0010553094233180524,-0.6545776898897303,0.020217492885564157,1.914167242778168,0.005565156873380176,0.02102922973800431,0.11763487987682479,0.24430170399999998,0.047952039205856514,True,True,False,False,True,0.1999984658005633,0.20665541913530328,0.0,"{""0.2425"": 4}"
c3_w2_tcop_cm0_states_L0.4_kp0_4221_ucp0_2425_s1024,cm0,stageC,0.2,0.4221,0.5,0.24248438819907564,1024,275,11,2,True,,0.42592800000000003,-0.0012681371137838698,-0.8500346892949622,0.024021321590847078,2.2610468096137675,0.014001512813514647,0.021694165112417455,0.11739073243038553,0.24442795839999998,0.047784294658391686,True,True,False,False,False,0.1999984658005633,0.20665541913530328,0.0,"{""0.2425"": 4}"
c3_w2_tcop_cm0_states_L0.4_kp0_4221_ucp0_2425_s1024,cm0,stageC,0.2,0.4221,0.5,0.24248438819907564,1024,300,12,0,False,EXITS_PRIMARY_BLOCK_SET,0.42636,-0.0009738958981683402,-0.5542701065546956,0.03500953336470926,3.6497348058859838,0.003967748299440216,0.02326048017952433,0.11727178882336099,0.2444787968,0.04818662054969201,True,True,False,False,False,0.1999984658005633,0.20665541913530328,0.0,"{""0.2425"": 4}"
c3_w2_tcop_cm0_states_L0.4_kp0_4221_ucp0_2425_s31415,cm0,stageC,0.2,0.4221,0.5,0.24248438819907564,31415,0,0,0,False,PRE_PRIMARY_PHASE_IMBALANCE,0.41950000000000004,-0.0012153984096573208,-0.7454560919592066,0.03863707721499979,3.852734682400854,0.057999983411942756,0.08094833541034491,0.8410011898903427,0.24236661599999998,0.04687888650554747,False,True,False,False,False,0.1999984658005633,0.20665541913530328,0.0,"{""0.2425"": 4}"
c3_w2_tcop_cm0_states_L0.4_kp0_4221_ucp0_2425_s31415,cm0,stageC,0.2,0.4221,0.5,0.24248438819907564,31415,25,1,1,False,PRE_PRIMARY_PHASE_IMBALANCE,0.423872,-0.0001167284547947849,0.1964183847662231,0.030619067076886372,3.3831424956116076,0.0030578325765877974,0.02392445837942203,0.1340027174854608,0.24410168959999998,0.047422016152837705,True,True,False,False,False,0.1999984658005633,0.20665541913530328,0.0,"{""0.2425"": 4}"
c3_w2_tcop_cm0_states_L0.4_kp0_4221_ucp0_2425_s31415,cm0,stageC,0.2,0.4221,0.5,0.24248438819907564,31415,50,2,2,False,PRE_PRIMARY_PHASE_IMBALANCE,0.42387600000000014,-0.00018060845015367675,0.2373878242453763,0.018388194448462365,1.815150749269664,0.00693951566608011,0.024260891059638055,0.12173371428971266,0.24409938399999997,0.04759050981025524,True,True,False,False,True,0.1999984658005633,0.20665541913530328,0.0,"{""0.2425"": 4}"
c3_w2_tcop_cm0_states_L0.4_kp0_4221_ucp0_2425_s31415,cm0,stageC,0.2,0.4221,0.5,0.24248438819907564,31415,75,3,0,True,,0.423672,-1.4781186726423833e-05,0.35723656667954046,0.014654970242605462,1.7046196532216118,0.0053763944216321516,0.024059628145984596,0.11140693717921665,0.24407013119999996,0.047830078569870656,True,True,False,False,True,0.1999984658005633,0.20665541913530328,0.0,"{""0.2425"": 4}"
c3_w2_tcop_cm0_states_L0.4_kp0_4221_ucp0_2425_s31415,cm0,stageC,0.2,0.4221,0.5,0.24248438819907564,31415,100,4,1,True,,0.42406400000000005,-0.0001680130109337972,0.30270142724827737,0.023257738453761934,2.3780990081651336,0.006995870110811086,0.025536137731375943,0.12733926924393657,0.24411645760000003,0.04714959070872196,True,True,False,False,False,0.1999984658005633,0.20665541913530328,0.0,"{""0.2425"": 4}"
c3_w2_tcop_cm0_states_L0.4_kp0_4221_ucp0_2425_s31415,cm0,stageC,0.2,0.4221,0.5,0.24248438819907564,31415,125,5,2,True,,0.423788,0.0004690301293658313,0.9770730235330701,0.03467679672440211,3.5372452906813834,0.0026432839451773667,0.0244942261732479,0.12742220136619675,0.24408397920000002,0.047281402855668314,True,True,False,False,False,0.1999984658005633,0.20665541913530328,0.0,"{""0.2425"": 4}"
c3_w2_tcop_cm0_states_L0.4_kp0_4221_ucp0_2425_s31415,cm0,stageC,0.2,0.4221,0.5,0.24248438819907564,31415,150,6,0,True,,0.423668,-0.0003746744465035274,0.07338824594713464,0.024155202922153556,2.378000572490837,0.010898490618302068,0.023852104941034468,0.12557002151314223,0.24407130719999995,0.046680464607799274,True,True,False,False,False,0.1999984658005633,0.20665541913530328,0.0,"{""0.2425"": 4}"
c3_w2_tcop_cm0_states_L0.4_kp0_4221_ucp0_2425_s31415,cm0,stageC,0.2,0.4221,0.5,0.24248438819907564,31415,175,7,1,True,,0.42384399999999994,-0.0008300861030111786,-0.4295111201921662,0.02373015080521525,2.3383576570258064,0.0008953245696509409,0.02459204032363185,0.1283491092752306,0.24409162079999994,0.047903065288142054,True,True,False,False,False,0.1999984658005633,0.20665541913530328,0.0,"{""0.2425"": 4}"
c3_w2_tcop_cm0_states_L0.4_kp0_4221_ucp0_2425_s31415,cm0,stageC,0.2,0.4221,0.5,0.24248438819907564,31415,200,8,2,True,,0.423132,0.0008060243523344743,1.1233175122703132,0.015141567401791973,1.5899825201426654,0.0008661993203041371,0.02312878797155443,0.1361277328679283,0.24399553439999994,0.04735895454927188,True,True,False,False,True,0.1999984658005633,0.20665541913530328,0.0,"{""0.2425"": 4}"
c3_w2_tcop_cm0_states_L0.4_kp0_4221_ucp0_2425_s31415,cm0,stageC,0.2,0.4221,0.5,0.24248438819907564,31415,225,9,0,True,,0.423804,-0.0007688991254915614,-0.355517826738299,0.014087980313313464,1.3376290286065495,0.00593937694602174,0.023178918455426144,0.13591188347464417,0.244097672,0.04683299674374895,True,True,False,False,True,0.1999984658005633,0.20665541913530328,0.0,"{""0.2425"": 4}"
c3_w2_tcop_cm0_states_L0.4_kp0_4221_ucp0_2425_s31415,cm0,stageC,0.2,0.4221,0.5,0.24248438819907564,31415,250,10,1,True,,0.42495600000000006,-0.0015501559007605025,-1.0174399948836288,0.0324103934226842,3.4593805796003556,0.004100034425501639,0.02387123175056582,0.13554344417882447,0.24426549280000004,0.04782758685110509,True,True,False,False,False,0.1999984658005633,0.20665541913530328,0.0,"{""0.2425"": 4}"
c3_w2_tcop_cm0_states_L0.4_kp0_4221_ucp0_2425_s31415,cm0,stageC,0.2,0.4221,0.5,0.24248438819907564,31415,275,11,2,True,,0.42425999999999997,-0.0015013416375480198,-1.0488444989041341,0.02575178553993944,2.5003666904721618,0.0026301597711983907,0.022945710959828704,0.1282232590198858,0.2441686832,0.04751223421393694,True,True,False,False,False,0.1999984658005633,0.20665541913530328,0.0,"{""0.2425"": 4}"
c3_w2_tcop_cm0_states_L0.4_kp0_4221_ucp0_2425_s31415,cm0,stageC,0.2,0.4221,0.5,0.24248438819907564,31415,300,12,0,False,EXITS_PRIMARY_BLOCK_SET,0.42606399999999994,-0.002900640777159627,-2.4997810301176817,0.03157958869445894,3.168550122526035,0.005666194305258064,0.02319516867975765,0.1276803481925712,0.2444358016,0.047448792439850354,True,True,False,False,False,0.1999984658005633,0.20665541913530328,0.0,"{""0.2425"": 4}"
c3_w2_tcop_cm0_states_L0.4_km0_4221_ucp0_0498_s42,cm0,stageC,-0.2,-0.4221,0.1,0.04977134874876729,42,0,0,0,False,PRE_PRIMARY_PHASE_IMBALANCE,0.413984,0.0007866178844523518,1.1221603739013597,-0.037460253754094654,-3.3584708750241443,0.03964491670325113,0.08045504276443484,0.9063152177226287,0.2414918848,0.04928252980519567,False,True,False,False,False,-0.1999984658005633,-0.20179988595992915,0.0,"{""0.0498"": 4}"
c3_w2_tcop_cm0_states_L0.4_km0_4221_ucp0_0498_s42,cm0,stageC,-0.2,-0.4221,0.1,0.04977134874876729,42,25,1,1,False,PRE_PRIMARY_PHASE_IMBALANCE,0.41684000000000004,0.0012412583565064846,1.7982092424263785,-0.033954485032598763,-3.431971944446268,0.004354336200451168,0.02242162259794195,0.13050570931171263,0.2429970624,0.04873206747101953,True,True,False,False,False,-0.1999984658005633,-0.20179988595992915,0.0,"{""0.0498"": 4}"
c3_w2_tcop_cm0_states_L0.4_km0_4221_ucp0_0498_s42,cm0,stageC,-0.2,-0.4221,0.1,0.04977134874876729,42,50,2,2,False,PRE_PRIMARY_PHASE_IMBALANCE,0.41773200000000005,0.002042117467451671,2.4430817439798886,-0.02392179389939831,-2.2051428974382685,0.010562660331410664,0.023718714834353137,0.1302270352038459,0.24313380639999999,0.04909273037833606,True,True,False,False,False,-0.1999984658005633,-0.20179988595992915,0.0,"{""0.0498"": 4}"
c3_w2_tcop_cm0_states_L0.4_km0_4221_ucp0_0498_s42,cm0,stageC,-0.2,-0.4221,0.1,0.04977134874876729,42,75,3,0,True,,0.41801199999999994,0.002259929684378948,2.8375378222401286,-0.035543874784428685,-3.500799502728176,0.00467688845026762,0.02208679006698934,0.11961379070549698,0.24319272800000002,0.04876728263908089,True,True,False,False,False,-0.1999984658005633,-0.20179988595992915,0.0,"{""0.0498"": 4}"
c3_w2_tcop_cm0_states_L0.4_km0_4221_ucp0_0498_s42,cm0,stageC,-0.2,-0.4221,0.1,0.04977134874876729,42,100,4,1,True,,0.417896,0.002629864792268729,2.891011317594377,-0.034910610570397564,-3.8910120029694304,0.001561118644262911,0.024338490547863932,0.11964699322403897,0.24315548479999996,0.048173573502492004,True,True,False,False,False,-0.1999984658005633,-0.20179988595992915,0.0,"{""0.0498"": 4}"
c3_w2_tcop_cm0_states_L0.4_km0_4221_ucp0_0498_s42,cm0,stageC,-0.2,-0.4221,0.1,0.04977134874876729,42,125,5,2,True,,0.417428,0.0018403699740208355,2.187487228658417,-0.030815095087582556,-2.9675867446432993,0.010453051374562237,0.023936768681818026,0.1197811356215176,0.24308202719999997,0.048826886200125444,True,True,False,False,False,-0.1999984658005633,-0.20179988595992915,0.0,"{""0.0498"": 4}"
c3_w2_tcop_cm0_states_L0.4_km0_4221_ucp0_0498_s42,cm0,stageC,-0.2,-0.4221,0.1,0.04977134874876729,42,150,6,0,True,,0.41702,0.0020546710639555332,2.2879852744193405,-0.027126495538695145,-2.538959463276202,0.0017595160269961013,0.024393295994398698,0.14100043129585998,0.24301084,0.04793119652168095,True,True,False,False,False,-0.1999984658005633,-0.20179988595992915,0.0,"{""0.0498"": 4}"
c3_w2_tcop_cm0_states_L0.4_km0_4221_ucp0_0498_s42,cm0,stageC,-0.2,-0.4221,0.1,0.04977134874876729,42,175,7,1,True,,0.417108,0.0026349710289741966,3.2950598300455343,-0.01771969843164453,-1.5875762385773695,0.0002963557662283301,0.024315443994655246,0.12754490413143613,0.24302605279999998,0.04872203132054328,True,True,False,False,False,-0.1999984658005633,-0.20179988595992915,0.0,"{""0.0498"": 4}"
c3_w2_tcop_cm0_states_L0.4_km0_4221_ucp0_0498_s42,cm0,stageC,-0.2,-0.4221,0.1,0.04977134874876729,42,200,8,2,True,,0.416312,0.002198283036138243,2.4093047591549412,-0.01654805480890283,-1.6671567964674485,0.001451748776379192,0.024460535365989987,0.14892676610588507,0.24289262080000001,0.04823524288318656,True,True,False,False,False,-0.1999984658005633,-0.20179988595992915,0.0,"{""0.0498"": 4}"
c3_w2_tcop_cm0_states_L0.4_km0_4221_ucp0_0498_s42,cm0,stageC,-0.2,-0.4221,0.1,0.04977134874876729,42,225,9,0,True,,0.41736399999999996,0.0025363128556670634,3.1389068439238965,-0.01921876879219847,-1.8919870842540911,0.0026943206614626716,0.024010486980756206,0.1485513840471354,0.2430708688,0.04819928945534363,True,True,False,False,False,-0.1999984658005633,-0.20179988595992915,0.0,"{""0.0498"": 4}"
c3_w2_tcop_cm0_states_L0.4_km0_4221_ucp0_0498_s42,cm0,stageC,-0.2,-0.4221,0.1,0.04977134874876729,42,250,10,1,True,,0.41717600000000005,0.0010524459282326161,1.5420702553390402,-0.03212587920336825,-3.2876262048372156,0.005224216964950137,0.023164306392229425,0.11889466287874988,0.24304679999999998,0.04878058039835115,True,True,False,False,False,-0.1999984658005633,-0.20179988595992915,0.0,"{""0.0498"": 4}"
c3_w2_tcop_cm0_states_L0.4_km0_4221_ucp0_0498_s42,cm0,stageC,-0.2,-0.4221,0.1,0.04977134874876729,42,275,11,2,True,,0.41686799999999996,5.2804052694258446e-05,0.4728574433291314,-0.042862762687699604,-4.367366815253175,0.0011452252022912206,0.024386217540913,0.12953740721394444,0.2429857264,0.04750989976836407,True,True,False,False,False,-0.1999984658005633,-0.20179988595992915,0.0,"{""0.0498"": 4}"
c3_w2_tcop_cm0_states_L0.4_km0_4221_ucp0_0498_s42,cm0,stageC,-0.2,-0.4221,0.1,0.04977134874876729,42,300,12,0,False,EXITS_PRIMARY_BLOCK_SET,0.417584,-0.00037869132802955633,0.021911560643128727,-0.03207610518468341,-3.305476733079255,0.008118364213625806,0.022550522569618432,0.12931529912708506,0.24311892799999996,0.04725169778960328,True,True,False,False,False,-0.1999984658005633,-0.20179988595992915,0.0,"{""0.0498"": 4}"
c3_w2_tcop_cm0_states_L0.4_km0_4221_ucp0_0498_s137,cm0,stageC,-0.2,-0.4221,0.1,0.04977134874876729,137,0,0,0,False,PRE_PRIMARY_PHASE_IMBALANCE,0.41511200000000004,0.001597611118919054,2.2063208954757223,-0.03214550125071921,-3.276647361000026,0.029248429600120317,0.08108282315124592,0.9134884057471514,0.24166113599999994,0.04742602087462114,False,True,False,False,False,-0.1999984658005633,-0.20179988595992915,0.0,"{""0.0498"": 4}"
c3_w2_tcop_cm0_states_L0.4_km0_4221_ucp0_0498_s137,cm0,stageC,-0.2,-0.4221,0.1,0.04977134874876729,137,25,1,1,False,PRE_PRIMARY_PHASE_IMBALANCE,0.4168,0.0017295346465705155,2.1956814289859703,-0.037745903071386144,-4.111539584226949,0.0035197377618776397,0.02485437852960257,0.11516314751640316,0.24297044479999996,0.04784892893263129,True,True,False,False,False,-0.1999984658005633,-0.20179988595992915,0.0,"{""0.0498"": 4}"
c3_w2_tcop_cm0_states_L0.4_km0_4221_ucp0_0498_s137,cm0,stageC,-0.2,-0.4221,0.1,0.04977134874876729,137,50,2,2,False,PRE_PRIMARY_PHASE_IMBALANCE,0.4167239999999999,0.003025225768097957,3.178212255862573,-0.04254161820240029,-4.135127406474007,0.003944875717487403,0.02536910937589231,0.11710388622420627,0.24295334239999997,0.048573530075546295,True,True,False,False,False,-0.1999984658005633,-0.20179988595992915,0.0,"{""0.0498"": 4}"
c3_w2_tcop_cm0_states_L0.4_km0_4221_ucp0_0498_s137,cm0,stageC,-0.2,-0.4221,0.1,0.04977134874876729,137,75,3,0,True,,0.416912,0.002997805294484849,3.0799816720591813,-0.034398634299703634,-3.0194584150701465,0.004511331116151222,0.02571109879489661,0.11705108004314801,0.2429814816,0.04781531403222193,True,True,False,False,False,-0.1999984658005633,-0.20179988595992915,0.0,"{""0.0498"": 4}"
c3_w2_tcop_cm0_states_L0.4_km0_4221_ucp0_0498_s137,cm0,stageC,-0.2,-0.4221,0.1,0.04977134874876729,137,100,4,1,True,,0.41685600000000006,0.00311036840040198,3.474593135286295,-0.028005820824725865,-2.6485974495098943,0.004287376738213979,0.02496342880204666,0.11706680456304622,0.24297878719999996,0.04731041390645404,True,True,False,False,False,-0.1999984658005633,-0.20179988595992915,0.0,"{""0.0498"": 4}"
c3_w2_tcop_cm0_states_L0.4_km0_4221_ucp0_0498_s137,cm0,stageC,-0.2,-0.4221,0.1,0.04977134874876729,137,125,5,2,True,,0.41668,0.0022960067430310605,3.1432960183489094,-0.016093921679543353,-1.4564846533844036,0.0022096862604334116,0.02235698172098504,0.11231640560546127,0.24297099519999998,0.047000612761963004,True,True,False,False,False,-0.1999984658005633,-0.20179988595992915,0.0,"{""0.0498"": 4}"
c3_w2_tcop_cm0_states_L0.4_km0_4221_ucp0_0498_s137,cm0,stageC,-0.2,-0.4221,0.1,0.04977134874876729,137,150,6,0,True,,0.417048,0.0023295309987257833,2.795209490232234,-0.02437110358923077,-2.3850452942470337,0.00017265926355601588,0.020623036728592795,0.11221729845912871,0.24304499200000002,0.04734728815887981,True,True,False,False,False,-0.1999984658005633,-0.20179988595992915,0.0,"{""0.0498"": 4}"
c3_w2_tcop_cm0_states_L0.4_km0_4221_ucp0_0498_s137,cm0,stageC,-0.2,-0.4221,0.1,0.04977134874876729,137,175,7,1,True,,0.41725199999999996,0.0016777583798497189,1.9969029284950026,-0.031131204618371388,-3.3252311797447196,0.003416406744218163,0.019613144161435486,0.10353455440948267,0.2430857968,0.04844139238296108,True,True,False,False,False,-0.1999984658005633,-0.20179988595992915,0.0,"{""0.0498"": 4}"
c3_w2_tcop_cm0_states_L0.4_km0_4221_ucp0_0498_s137,cm0,stageC,-0.2,-0.4221,0.1,0.04977134874876729,137,200,8,2,True,,0.416864,0.0013522512932722316,1.7106113583335727,-0.023564611286011502,-2.42109630637529,0.001065202088391209,0.02149412889818259,0.11418592127363852,0.24300812159999996,0.04771252984279915,True,True,False,False,False,-0.1999984658005633,-0.20179988595992915,0.0,"{""0.0498"": 4}"
c3_w2_tcop_cm0_states_L0.4_km0_4221_ucp0_0498_s137,cm0,stageC,-0.2,-0.4221,0.1,0.04977134874876729,137,225,9,0,True,,0.41751200000000005,0.0012180612617381484,1.7483313379794136,-0.016569002449908773,-1.5981899623833455,0.002805469373113734,0.02042596687778386,0.11400869887809516,0.24312300159999997,0.047535774486169885,True,True,False,False,True,-0.1999984658005633,-0.20179988595992915,0.0,"{""0.0498"": 4}"
c3_w2_tcop_cm0_states_L0.4_km0_4221_ucp0_0498_s137,cm0,stageC,-0.2,-0.4221,0.1,0.04977134874876729,137,250,10,1,True,,0.417056,0.0004955098774788248,0.855878392171074,-0.040717706587765676,-4.121870885370803,0.0018842519517138574,0.021663656353672133,0.11605156114274447,0.24303866240000005,0.047875388917480347,True,True,False,False,False,-0.1999984658005633,-0.20179988595992915,0.0,"{""0.0498"": 4}"
c3_w2_tcop_cm0_states_L0.4_km0_4221_ucp0_0498_s137,cm0,stageC,-0.2,-0.4221,0.1,0.04977134874876729,137,275,11,2,True,,0.41712000000000005,0.0016744348317800043,2.1403837460283093,-0.04320633185388996,-4.06894525666283,0.004211007972175625,0.022778399981873493,0.12082853826038419,0.24304063039999999,0.048421747180373405,True,True,False,False,False,-0.1999984658005633,-0.20179988595992915,0.0,"{""0.0498"": 4}"
c3_w2_tcop_cm0_states_L0.4_km0_4221_ucp0_0498_s137,cm0,stageC,-0.2,-0.4221,0.1,0.04977134874876729,137,300,12,0,False,EXITS_PRIMARY_BLOCK_SET,0.41723600000000005,0.0013388730605782598,1.9334364439472431,-0.02866225417138032,-3.0113911549125456,0.004570532491203309,0.022353352479678828,0.10257983466771842,0.24306313439999996,0.04758823703395619,True,True,False,False,False,-0.1999984658005633,-0.20179988595992915,0.0,"{""0.0498"": 4}"
c3_w2_tcop_cm0_states_L0.4_km0_4221_ucp0_0498_s256,cm0,stageC,-0.2,-0.4221,0.1,0.04977134874876729,256,0,0,0,False,PRE_PRIMARY_PHASE_IMBALANCE,0.41607600000000006,0.00150603749393896,1.860271317872476,-0.02398293634146265,-2.4481030028599915,0.041574831971582224,0.08216460433332753,0.9402128434703926,0.2417880304,0.0461085916505807,False,True,False,False,False,-0.1999984658005633,-0.20179988595992915,0.0,"{""0.0498"": 4}"
c3_w2_tcop_cm0_states_L0.4_km0_4221_ucp0_0498_s256,cm0,stageC,-0.2,-0.4221,0.1,0.04977134874876729,256,25,1,1,False,PRE_PRIMARY_PHASE_IMBALANCE,0.418416,0.00183328332181925,1.9958520662543908,-0.023474340643017604,-2.1622955875282597,0.006710548290140387,0.02452209244786621,0.1042025159071294,0.2432387744,0.04634016555861664,True,True,False,False,False,-0.1999984658005633,-0.20179988595992915,0.0,"{""0.0498"": 4}"
c3_w2_tcop_cm0_states_L0.4_km0_4221_ucp0_0498_s256,cm0,stageC,-0.2,-0.4221,0.1,0.04977134874876729,256,50,2,2,False,PRE_PRIMARY_PHASE_IMBALANCE,0.4173200000000001,0.002768877273463683,3.070881954850861,-0.01737980587289958,-1.6437053390752243,0.01935284101747003,0.024201813872835935,0.10064219280014818,0.24306200959999993,0.04666237885063298,True,True,False,False,False,-0.1999984658005633,-0.20179988595992915,0.0,"{""0.0498"": 4}"
c3_w2_tcop_cm0_states_L0.4_km0_4221_ucp0_0498_s256,cm0,stageC,-0.2,-0.4221,0.1,0.04977134874876729,256,75,3,0,True,,0.41656800000000005,0.0017749873395331566,2.3519276088883205,-0.02813241632058282,-2.916454532100297,0.01530601866790991,0.025525502478555357,0.121948877201444,0.24292603840000002,0.04773323135929517,True,True,False,False,False,-0.1999984658005633,-0.20179988595992915,0.0,"{""0.0498"": 4}"
c3_w2_tcop_cm0_states_L0.4_km0_4221_ucp0_0498_s256,cm0,stageC,-0.2,-0.4221,0.1,0.04977134874876729,256,100,4,1,True,,0.4164,0.0012980543386398766,1.4646185927354045,-0.03367435012185216,-3.6155513309543807,0.004425802800199436,0.02527640201376906,0.12199807847743019,0.24290026240000004,0.048616046733563185,True,True,False,False,False,-0.1999984658005633,-0.20179988595992915,0.0,"{""0.0498"": 4}"
c3_w2_tcop_cm0_states_L0.4_km0_4221_ucp0_0498_s256,cm0,stageC,-0.2,-0.4221,0.1,0.04977134874876729,256,125,5,2,True,,0.416896,0.0012384396270305339,1.6217708991961555,-0.04212180829564499,-4.27897443244885,0.014808051233223242,0.024208417346713453,0.1314476508974717,0.24299186879999998,0.04862802878998901,True,True,False,False,False,-0.1999984658005633,-0.20179988595992915,0.0,"{""0.0498"": 4}"
c3_w2_tcop_cm0_states_L0.4_km0_4221_ucp0_0498_s256,cm0,stageC,-0.2,-0.4221,0.1,0.04977134874876729,256,150,6,0,True,,0.418036,0.00044513605808323267,0.9952568577405845,-0.03791072380316492,-3.929627512777124,0.00597769063671796,0.023680999404925497,0.1310891881773599,0.24318390239999998,0.04853310935845755,True,True,False,False,False,-0.1999984658005633,-0.20179988595992915,0.0,"{""0.0498"": 4}"
c3_w2_tcop_cm0_states_L0.4_km0_4221_ucp0_0498_s256,cm0,stageC,-0.2,-0.4221,0.1,0.04977134874876729,256,175,7,1,True,,0.41838000000000003,0.001431282707796231,1.8267363195768167,-0.03700744083519809,-3.546375317630752,0.00857736710958618,0.022858389652539546,0.13098140415177256,0.2432467152,0.04833358666600276,True,True,False,False,False,-0.1999984658005633,-0.20179988595992915,0.0,"{""0.0498"": 4}"
c3_w2_tcop_cm0_states_L0.4_km0_4221_ucp0_0498_s256,cm0,stageC,-0.2,-0.4221,0.1,0.04977134874876729,256,200,8,2,True,,0.417928,0.0012572815657863473,1.5764056277215779,-0.03197756132336322,-3.3628437762827765,0.008022088152754854,0.021617548677998952,0.13112306394612694,0.24318256320000003,0.04772784109929969,True,True,False,False,False,-0.1999984658005633,-0.20179988595992915,0.0,"{""0.0498"": 4}"
c3_w2_tcop_cm0_states_L0.4_km0_4221_ucp0_0498_s256,cm0,stageC,-0.2,-0.4221,0.1,0.04977134874876729,256,225,9,0,True,,0.41734399999999994,-0.0003013149377639133,0.2256835009790366,-0.02864359237169088,-2.881376851199189,0.008504914264946109,0.02148856786280446,0.11501303453502869,0.2430875584,0.047447504296854216,True,True,False,False,False,-0.1999984658005633,-0.20179988595992915,0.0,"{""0.0498"": 4}"
c3_w2_tcop_cm0_states_L0.4_km0_4221_ucp0_0498_s256,cm0,stageC,-0.2,-0.4221,0.1,0.04977134874876729,256,250,10,1,True,,0.416708,0.0019597159260100823,2.357960364203106,-0.037656140346667595,-3.4528286648210824,0.008127942563478076,0.02192278558011004,0.11518857301710422,0.2429789872,0.04789407829784388,True,True,False,False,False,-0.1999984658005633,-0.20179988595992915,0.0,"{""0.0498"": 4}"
c3_w2_tcop_cm0_states_L0.4_km0_4221_ucp0_0498_s256,cm0,stageC,-0.2,-0.4221,0.1,0.04977134874876729,256,275,11,2,True,,0.4166519999999999,0.0014397858218711415,1.875993736184294,-0.019673775501401015,-1.880288096354004,0.0021389771770522555,0.020754347464126185,0.10848381837004539,0.24297833440000002,0.04832753765711636,True,True,False,False,True,-0.1999984658005633,-0.20179988595992915,0.0,"{""0.0498"": 4}"
c3_w2_tcop_cm0_states_L0.4_km0_4221_ucp0_0498_s256,cm0,stageC,-0.2,-0.4221,0.1,0.04977134874876729,256,300,12,0,False,EXITS_PRIMARY_BLOCK_SET,0.41636800000000007,0.0019167623147740168,2.1864897898553455,-0.02279773411915554,-2.0829624350892653,0.000584541410121547,0.020791610087333167,0.09799023916825922,0.2429307456,0.047699985073372926,True,True,False,False,False,-0.1999984658005633,-0.20179988595992915,0.0,"{""0.0498"": 4}"
c3_w2_tcop_cm0_states_L0.4_km0_4221_ucp0_0498_s1024,cm0,stageC,-0.2,-0.4221,0.1,0.04977134874876729,1024,0,0,0,False,PRE_PRIMARY_PHASE_IMBALANCE,0.4146040000000001,0.001453418583972911,1.7000161130746185,-0.02537403186350286,-2.6522249689189064,0.032006943948189495,0.08085346848523584,0.9348679681458256,0.24158378719999998,0.047775759376487155,False,True,False,False,False,-0.1999984658005633,-0.20179988595992915,0.0,"{""0.0498"": 4}"
c3_w2_tcop_cm0_states_L0.4_km0_4221_ucp0_0498_s1024,cm0,stageC,-0.2,-0.4221,0.1,0.04977134874876729,1024,25,1,1,False,PRE_PRIMARY_PHASE_IMBALANCE,0.417408,0.0023682033722735424,2.710233495198985,-0.02993749048213434,-2.924135985962124,0.007942376555336365,0.021025123316817437,0.09103802492755757,0.24310154239999995,0.048059978526836654,True,True,False,False,False,-0.1999984658005633,-0.20179988595992915,0.0,"{""0.0498"": 4}"
c3_w2_tcop_cm0_states_L0.4_km0_4221_ucp0_0498_s1024,cm0,stageC,-0.2,-0.4221,0.1,0.04977134874876729,1024,50,2,2,False,PRE_PRIMARY_PHASE_IMBALANCE,0.4177120000000001,0.0020216328015620474,2.45402904480283,-0.034311407628942324,-3.750542190723089,0.009852366068731626,0.02188108577358038,0.09575975769008363,0.24314514560000003,0.048381453636698435,True,True,False,False,False,-0.1999984658005633,-0.20179988595992915,0.0,"{""0.0498"": 4}"
c3_w2_tcop_cm0_states_L0.4_km0_4221_ucp0_0498_s1024,cm0,stageC,-0.2,-0.4221,0.1,0.04977134874876729,1024,75,3,0,True,,0.419024,0.0013415478726154764,1.8314500799856197,-0.03855113487550317,-3.577186348495734,0.0082852227138108,0.02335993130110733,0.11837030786215029,0.24334707519999998,0.047696618580356405,True,True,False,False,False,-0.1999984658005633,-0.20179988595992915,0.0,"{""0.0498"": 4}"
c3_w2_tcop_cm0_states_L0.4_km0_4221_ucp0_0498_s1024,cm0,stageC,-0.2,-0.4221,0.1,0.04977134874876729,1024,100,4,1,True,,0.41833999999999993,0.001129578567314553,1.5963581485664293,-0.03535806585621268,-3.584190202690936,0.012258241619312184,0.023948087605423198,0.11856384730467116,0.24323127519999999,0.04836118691678276,True,True,False,False,False,-0.1999984658005633,-0.20179988595992915,0.0,"{""0.0498"": 4}"
c3_w2_tcop_cm0_states_L0.4_km0_4221_ucp0_0498_s1024,cm0,stageC,-0.2,-0.4221,0.1,0.04977134874876729,1024,125,5,2,True,,0.41705200000000003,0.0009210945189248335,1.0585741197146568,-0.028316847515285532,-2.802989277604568,0.017930492544932442,0.024806992162576997,0.12756203032820365,0.2430125936,0.04821606885676185,True,True,False,False,False,-0.1999984658005633,-0.20179988595992915,0.0,"{""0.0498"": 4}"
c3_w2_tcop_cm0_states_L0.4_km0_4221_ucp0_0498_s1024,cm0,stageC,-0.2,-0.4221,0.1,0.04977134874876729,1024,150,6,0,True,,0.41669200000000006,0.00013916901594255104,0.5402505455712852,-0.016701123600590725,-1.6242032263478188,0.012381605404499122,0.024121427036513755,0.12383247068858426,0.24295875039999998,0.048157835665652585,True,True,False,False,True,-0.1999984658005633,-0.20179988595992915,0.0,"{""0.0498"": 4}"
c3_w2_tcop_cm0_states_L0.4_km0_4221_ucp0_0498_s1024,cm0,stageC,-0.2,-0.4221,0.1,0.04977134874876729,1024,175,7,1,True,,0.41577200000000003,0.0007681093244409771,1.073042353082895,-0.02815554505839427,-2.7807339781161184,0.0077525237882305744,0.022467584621372737,0.11640995517637079,0.24281838239999998,0.04799837513916487,True,True,False,False,False,-0.1999984658005633,-0.20179988595992915,0.0,"{""0.0498"": 4}"
c3_w2_tcop_cm0_states_L0.4_km0_4221_ucp0_0498_s1024,cm0,stageC,-0.2,-0.4221,0.1,0.04977134874876729,1024,200,8,2,True,,0.416268,0.0009714847385418037,1.2747939969018967,-0.016002501619659045,-1.8859666201368719,0.004751837275573952,0.022014936206584148,0.11915400626722693,0.24290497119999999,0.04909289333498281,True,True,False,False,True,-0.1999984658005633,-0.20179988595992915,0.0,"{""0.0498"": 4}"
c3_w2_tcop_cm0_states_L0.4_km0_4221_ucp0_0498_s1024,cm0,stageC,-0.2,-0.4221,0.1,0.04977134874876729,1024,225,9,0,True,,0.41673999999999994,0.0009841076800105372,1.3951807590508778,-0.02470530903180298,-2.48368841231053,0.0028492554998913104,0.020719182524630016,0.10174209314742502,0.24299321759999995,0.04879725811969357,True,True,False,False,False,-0.1999984658005633,-0.20179988595992915,0.0,"{""0.0498"": 4}"
c3_w2_tcop_cm0_states_L0.4_km0_4221_ucp0_0498_s1024,cm0,stageC,-0.2,-0.4221,0.1,0.04977134874876729,1024,250,10,1,True,,0.41745600000000005,0.0015842863222556745,2.2182695176032987,-0.03512991148566133,-3.544583257042095,0.004581348085891073,0.02128444028983153,0.12456402561092896,0.2431075392,0.04904210501191807,True,True,False,False,False,-0.1999984658005633,-0.20179988595992915,0.0,"{""0.0498"": 4}"
c3_w2_tcop_cm0_states_L0.4_km0_4221_ucp0_0498_s1024,cm0,stageC,-0.2,-0.4221,0.1,0.04977134874876729,1024,275,11,2,True,,0.4178279999999999,0.001197999812194112,1.6652149540133019,-0.03278194150708577,-3.196097813450604,0.006974476114972898,0.022368094113522863,0.13211177773602598,0.2431604144,0.0489371271735479,True,True,False,False,False,-0.1999984658005633,-0.20179988595992915,0.0,"{""0.0498"": 4}"
c3_w2_tcop_cm0_states_L0.4_km0_4221_ucp0_0498_s1024,cm0,stageC,-0.2,-0.4221,0.1,0.04977134874876729,1024,300,12,0,False,EXITS_PRIMARY_BLOCK_SET,0.41796799999999995,0.0013218099014558268,1.878234342204517,-0.027508414433539803,-2.699415556496593,0.0014459969102848054,0.02371058590245229,0.1320675263846335,0.24317253760000004,0.0484746426082751,True,True,False,False,False,-0.1999984658005633,-0.20179988595992915,0.0,"{""0.0498"": 4}"
c3_w2_tcop_cm0_states_L0.4_km0_4221_ucp0_0498_s31415,cm0,stageC,-0.2,-0.4221,0.1,0.04977134874876729,31415,0,0,0,False,PRE_PRIMARY_PHASE_IMBALANCE,0.412904,-0.0002089479359400942,0.2566673827982048,-0.02184447127685932,-2.225018936011863,0.047920627104473264,0.08253877995992759,0.9435607285384476,0.2412528,0.047560979636672746,False,True,False,False,False,-0.1999984658005633,-0.20179988595992915,0.0,"{""0.0498"": 4}"
c3_w2_tcop_cm0_states_L0.4_km0_4221_ucp0_0498_s31415,cm0,stageC,-0.2,-0.4221,0.1,0.04977134874876729,31415,25,1,1,False,PRE_PRIMARY_PHASE_IMBALANCE,0.41669199999999995,0.0014066423149715521,1.697737796193555,-0.025074470610359348,-2.668665800220173,0.0070188351641688905,0.023076507703071212,0.1324719453877877,0.2429673136,0.04797975756503987,True,True,False,False,False,-0.1999984658005633,-0.20179988595992915,0.0,"{""0.0498"": 4}"
c3_w2_tcop_cm0_states_L0.4_km0_4221_ucp0_0498_s31415,cm0,stageC,-0.2,-0.4221,0.1,0.04977134874876729,31415,50,2,2,False,PRE_PRIMARY_PHASE_IMBALANCE,0.41666400000000003,0.0018141767876670612,2.155127141591999,-0.03572753018331107,-3.6299959196726914,0.007003753178048259,0.023165893068737398,0.10464066944914692,0.2429619424,0.048099803575482505,True,True,False,False,False,-0.1999984658005633,-0.20179988595992915,0.0,"{""0.0498"": 4}"
c3_w2_tcop_cm0_states_L0.4_km0_4221_ucp0_0498_s31415,cm0,stageC,-0.2,-0.4221,0.1,0.04977134874876729,31415,75,3,0,True,,0.4164320000000001,0.0020761968176501917,2.54012522501127,-0.040177344189939214,-4.2763174795802446,8.761009787274627e-05,0.023841424196359297,0.10758058912960437,0.2429178176,0.04842385131317004,True,True,False,False,False,-0.1999984658005633,-0.20179988595992915,0.0,"{""0.0498"": 4}"
c3_w2_tcop_cm0_states_L0.4_km0_4221_ucp0_0498_s31415,cm0,stageC,-0.2,-0.4221,0.1,0.04977134874876729,31415,100,4,1,True,,0.41660800000000003,0.002102635161495028,2.450223359172378,-0.03223983804920984,-3.2796044470660983,0.0006452753716753311,0.025194166789456653,0.10753514068972478,0.2429356064,0.047758709530304526,True,True,False,False,False,-0.1999984658005633,-0.20179988595992915,0.0,"{""0.0498"": 4}"
c3_w2_tcop_cm0_states_L0.4_km0_4221_ucp0_0498_s31415,cm0,stageC,-0.2,-0.4221,0.1,0.04977134874876729,31415,125,5,2,True,,0.4163,0.002369182109516707,2.8859201963309755,-0.02338940958643211,-2.532712401694441,0.004683437345215942,0.02494736041437255,0.10761470067832164,0.2428864496,0.04757089446289611,True,True,False,False,False,-0.1999984658005633,-0.20179988595992915,0.0,"{""0.0498"": 4}"
c3_w2_tcop_cm0_states_L0.4_km0_4221_ucp0_0498_s31415,cm0,stageC,-0.2,-0.4221,0.1,0.04977134874876729,31415,150,6,0,True,,0.416432,0.0020406255551281846,2.791886023973433,-0.02443102737459162,-2.5668273636788674,0.006208789304488869,0.02366780757437272,0.11238329400146173,0.242919248,0.04707939438862824,True,True,False,False,False,-0.1999984658005633,-0.20179988595992915,0.0,"{""0.0498"": 4}"
c3_w2_tcop_cm0_states_L0.4_km0_4221_ucp0_0498_s31415,cm0,stageC,-0.2,-0.4221,0.1,0.04977134874876729,31415,175,7,1,True,,0.416876,0.0011883023763417033,1.5677902411021696,-0.029776561177535823,-2.824221854030582,0.0033031829572028326,0.024056052336402005,0.13433251102406346,0.24298983200000002,0.048751211513151135,True,True,False,False,False,-0.1999984658005633,-0.20179988595992915,0.0,"{""0.0498"": 4}"
c3_w2_tcop_cm0_states_L0.4_km0_4221_ucp0_0498_s31415,cm0,stageC,-0.2,-0.4221,0.1,0.04977134874876729,31415,200,8,2,True,,0.41651200000000005,0.0027115311333130486,2.8855558979386577,-0.03720790472027188,-3.7998861000114923,0.0006615597007862637,0.02371986417119592,0.13444990748297786,0.24293214719999998,0.04791569529913972,True,True,False,False,False,-0.1999984658005633,-0.20179988595992915,0.0,"{""0.0498"": 4}"
c3_w2_tcop_cm0_states_L0.4_km0_4221_ucp0_0498_s31415,cm0,stageC,-0.2,-0.4221,0.1,0.04977134874876729,31415,225,9,0,True,,0.41665199999999997,0.0012160097014469588,1.608022775007256,-0.036966438438648115,-3.297215609565401,0.002754228355369551,0.023585064383445917,0.13440473072395012,0.2429565456,0.047523792946270606,True,True,False,False,False,-0.1999984658005633,-0.20179988595992915,0.0,"{""0.0498"": 4}"
c3_w2_tcop_cm0_states_L0.4_km0_4221_ucp0_0498_s31415,cm0,stageC,-0.2,-0.4221,0.1,0.04977134874876729,31415,250,10,1,True,,0.417248,1.6196446925454516e-05,0.4221966380904236,-0.02906604175247666,-3.043615740353663,0.0020271986502778017,0.02444543437286757,0.13421274605459402,0.24304807039999995,0.04821645461872949,True,True,False,False,False,-0.1999984658005633,-0.20179988595992915,0.0,"{""0.0498"": 4}"
c3_w2_tcop_cm0_states_L0.4_km0_4221_ucp0_0498_s31415,cm0,stageC,-0.2,-0.4221,0.1,0.04977134874876729,31415,275,11,2,True,,0.416388,0.00032357984058570803,0.6095835824921898,-0.03520195407199276,-3.4122939725403247,0.000378723136109403,0.02257957595646252,0.13448994655347907,0.2429206384,0.04808610460413694,True,True,False,False,False,-0.1999984658005633,-0.20179988595992915,0.0,"{""0.0498"": 4}"
c3_w2_tcop_cm0_states_L0.4_km0_4221_ucp0_0498_s31415,cm0,stageC,-0.2,-0.4221,0.1,0.04977134874876729,31415,300,12,0,False,EXITS_PRIMARY_BLOCK_SET,0.41751200000000005,-0.001054461041831633,-0.6678623584206641,-0.03599264813573341,-3.3890193328037,0.004987756614987891,0.022825308660937883,0.13412788103305318,0.24310491199999998,0.04810207746033429,True,True,False,False,False,-0.1999984658005633,-0.20179988595992915,0.0,"{""0.0498"": 4}"
c3_w2_tcop_cm0_states_L0.4_km0_4221_ucp0_1234_s42,cm0,stageC,-0.2,-0.4221,0.25,0.12339551870278656,42,0,0,0,False,PRE_PRIMARY_PHASE_IMBALANCE,0.42295600000000005,0.0013253205054144122,1.635559456928772,-0.03488330650623648,-3.1154393603676613,0.037083877395672996,0.08126818878621282,0.932484700695853,0.24288272800000002,0.04845969525285936,False,True,False,False,False,-0.1999984658005633,-0.2040620853058872,0.0,"{""0.1234"": 4}"
c3_w2_tcop_cm0_states_L0.4_km0_4221_ucp0_1234_s42,cm0,stageC,-0.2,-0.4221,0.25,0.12339551870278656,42,25,1,1,False,PRE_PRIMARY_PHASE_IMBALANCE,0.42578399999999994,0.0018650936780025718,2.518064221980768,-0.0326734951645786,-3.206004395614818,0.002133125770224748,0.022362867268599984,0.12024876434941474,0.24440132159999994,0.04781950798575828,True,True,False,False,False,-0.1999984658005633,-0.2040620853058872,0.0,"{""0.1234"": 4}"
c3_w2_tcop_cm0_states_L0.4_km0_4221_ucp0_1234_s42,cm0,stageC,-0.2,-0.4221,0.25,0.12339551870278656,42,50,2,2,False,PRE_PRIMARY_PHASE_IMBALANCE,0.42650799999999994,0.002683305169369884,3.0975456342066776,-0.02716554829645904,-2.585340829000348,0.009200653694750512,0.023753269011489896,0.1275474314021134,0.24449628960000003,0.04837608847354238,True,True,False,False,False,-0.1999984658005633,-0.2040620853058872,0.0,"{""0.1234"": 4}"
c3_w2_tcop_cm0_states_L0.4_km0_4221_ucp0_1234_s42,cm0,stageC,-0.2,-0.4221,0.25,0.12339551870278656,42,75,3,0,True,,0.42672399999999994,0.0026060333887773747,3.0656174112705488,-0.03912917040125485,-3.877535519642826,0.0033641968930546193,0.022530422166969363,0.11717175477083136,0.24453819359999998,0.047996956403505424,True,True,False,False,False,-0.1999984658005633,-0.2040620853058872,0.0,"{""0.1234"": 4}"
c3_w2_tcop_cm0_states_L0.4_km0_4221_ucp0_1234_s42,cm0,stageC,-0.2,-0.4221,0.25,0.12339551870278656,42,100,4,1,True,,0.4267479999999999,0.0028990482248982697,3.197541591886912,-0.037845010373110013,-4.023653508795292,0.0007429951784841357,0.02465481332929039,0.11716516511579393,0.24452344479999996,0.047443698169514575,True,True,False,False,False,-0.1999984658005633,-0.2040620853058872,0.0,"{""0.1234"": 4}"
c3_w2_tcop_cm0_states_L0.4_km0_4221_ucp0_1234_s42,cm0,stageC,-0.2,-0.4221,0.25,0.12339551870278656,42,125,5,2,True,,0.42646,0.0020240649854551002,2.3821008152154888,-0.029496805806815428,-2.8639904262547944,0.00783288944700866,0.024025686618269215,0.1172442899281426,0.24448688799999999,0.047798623411140204,True,True,False,False,False,-0.1999984658005633,-0.2040620853058872,0.0,"{""0.1234"": 4}"
c3_w2_tcop_cm0_states_L0.4_km0_4221_ucp0_1234_s42,cm0,stageC,-0.2,-0.4221,0.25,0.12339551870278656,42,150,6,0,True,,0.42613200000000007,0.002209522103034182,2.455825275493701,-0.02528716514443407,-2.2474698353892673,0.0024789164673961555,0.024413183478500584,0.13516938381729274,0.24443529119999996,0.04715207923305185,True,True,False,False,False,-0.1999984658005633,-0.2040620853058872,0.0,"{""0.1234"": 4}"
c3_w2_tcop_cm0_states_L0.4_km0_4221_ucp0_1234_s42,cm0,stageC,-0.2,-0.4221,0.25,0.12339551870278656,42,175,7,1,True,,0.426244,0.0028947359525083784,3.5941107057920125,-0.016314972638831995,-1.4841266458164453,0.00032942174218252024,0.023942977784183375,0.12387271111412078,0.2444558992,0.04781309929297618,True,True,False,False,False,-0.1999984658005633,-0.2040620853058872,0.0,"{""0.1234"": 4}"
c3_w2_tcop_cm0_states_L0.4_km0_4221_ucp0_1234_s42,cm0,stageC,-0.2,-0.4221,0.25,0.12339551870278656,42,200,8,2,True,,0.42556,0.0022872125934289512,2.4760526739399182,-0.014687299819894901,-1.4925679247898431,0.0015420284355207538,0.023688488002590487,0.1447504461303918,0.2443570624,0.04775401972609217,True,True,False,False,False,-0.1999984658005633,-0.2040620853058872,0.0,"{""0.1234"": 4}"
c3_w2_tcop_cm0_states_L0.4_km0_4221_ucp0_1234_s42,cm0,stageC,-0.2,-0.4221,0.25,0.12339551870278656,42,225,9,0,True,,0.42636,0.0025919868138667202,3.1787318294295135,-0.01974430803800275,-1.955250783878198,0.002187665989162375,0.02329715583486345,0.14447884383038076,0.24447848639999997,0.0475700578095087,True,True,False,False,False,-0.1999984658005633,-0.2040620853058872,0.0,"{""0.1234"": 4}"
c3_w2_tcop_cm0_states_L0.4_km0_4221_ucp0_1234_s42,cm0,stageC,-0.2,-0.4221,0.25,0.12339551870278656,42,250,10,1,True,,0.42611600000000005,0.0012107060641762088,1.7646561687207738,-0.0354230298943544,-3.748705534311771,0.003797092332564572,0.02221567270510925,0.11640022877244632,0.24445154079999998,0.0485237523693294,True,True,False,False,False,-0.1999984658005633,-0.2040620853058872,0.0,"{""0.1234"": 4}"
c3_w2_tcop_cm0_states_L0.4_km0_4221_ucp0_1234_s42,cm0,stageC,-0.2,-0.4221,0.25,0.12339551870278656,42,275,11,2,True,,0.42577200000000004,0.0005561120794848704,0.951664527001388,-0.03795704483566432,-3.801448293598605,0.0018327133535562994,0.02353564608442878,0.12588897314551215,0.24438978719999993,0.047237315927135405,True,True,False,False,False,-0.1999984658005633,-0.2040620853058872,0.0,"{""0.1234"": 4}"
c3_w2_tcop_cm0_states_L0.4_km0_4221_ucp0_1234_s42,cm0,stageC,-0.2,-0.4221,0.25,0.12339551870278656,42,300,12,0,False,EXITS_PRIMARY_BLOCK_SET,0.426596,0.00013805954865707737,0.5991253701901035,-0.030563828302691186,-3.2066521228111515,0.0038006969882814967,0.022066396150976098,0.12564580979276452,0.24452323999999998,0.04670730974911743,True,True,False,False,False,-0.1999984658005633,-0.2040620853058872,0.0,"{""0.1234"": 4}"
c3_w2_tcop_cm0_states_L0.4_km0_4221_ucp0_1234_s137,cm0,stageC,-0.2,-0.4221,0.25,0.12339551870278656,137,0,0,0,False,PRE_PRIMARY_PHASE_IMBALANCE,0.4239599999999999,0.001990360871737995,2.642949122465058,-0.03189733906861908,-3.3434931404322246,0.030185865953840364,0.08161190888053575,0.9302764389794406,0.24302074559999998,0.04673925972884038,False,True,False,False,False,-0.1999984658005633,-0.2040620853058872,0.0,"{""0.1234"": 4}"
c3_w2_tcop_cm0_states_L0.4_km0_4221_ucp0_1234_s137,cm0,stageC,-0.2,-0.4221,0.25,0.12339551870278656,137,25,1,1,False,PRE_PRIMARY_PHASE_IMBALANCE,0.425824,0.0021226554624429444,2.587454578955174,-0.031261821817842025,-3.3763455863794847,0.00397499732507128,0.024716404914583285,0.11835875827018026,0.24438714879999998,0.047295676588880724,True,True,False,False,False,-0.1999984658005633,-0.2040620853058872,0.0,"{""0.1234"": 4}"
c3_w2_tcop_cm0_states_L0.4_km0_4221_ucp0_1234_s137,cm0,stageC,-0.2,-0.4221,0.25,0.12339551870278656,137,50,2,2,False,PRE_PRIMARY_PHASE_IMBALANCE,0.425964,0.003603005173241864,3.793615633060336,-0.037102532703957386,-3.5377542158771837,0.0008266313836249975,0.02523436332684332,0.11831985773840076,0.24440313119999998,0.047858026536830786,True,True,False,False,False,-0.1999984658005633,-0.2040620853058872,0.0,"{""0.1234"": 4}"
c3_w2_tcop_cm0_states_L0.4_km0_4221_ucp0_1234_s137,cm0,stageC,-0.2,-0.4221,0.25,0.12339551870278656,137,75,3,0,True,,0.42626,0.003344076928123434,3.4867928997829805,-0.029989565416624106,-2.634470076742853,0.00448053062125973,0.025467469198938077,0.11823769502595201,0.24444456480000004,0.047124223070518625,True,True,False,False,False,-0.1999984658005633,-0.2040620853058872,0.0,"{""0.1234"": 4}"
c3_w2_tcop_cm0_states_L0.4_km0_4221_ucp0_1234_s137,cm0,stageC,-0.2,-0.4221,0.25,0.12339551870278656,137,100,4,1,True,,0.42617200000000005,0.003239301242067416,3.72051315491043,-0.028758229983652083,-2.957240813794127,0.0025845671335278505,0.024548792965454216,0.11826210985643797,0.2444399728,0.046798572798751034,True,True,False,False,False,-0.1999984658005633,-0.2040620853058872,0.0,"{""0.1234"": 4}"
c3_w2_tcop_cm0_states_L0.4_km0_4221_ucp0_1234_s137,cm0,stageC,-0.2,-0.4221,0.25,0.12339551870278656,137,125,5,2,True,,0.425992,0.0025773670325788057,3.419958758748894,-0.013784958441365272,-1.2041380427355164,7.324813667569644e-05,0.021629684814542114,0.11643411116538789,0.24443791680000002,0.04676254843354883,True,True,False,False,False,-0.1999984658005633,-0.2040620853058872,0.0,"{""0.1234"": 4}"
c3_w2_tcop_cm0_states_L0.4_km0_4221_ucp0_1234_s137,cm0,stageC,-0.2,-0.4221,0.25,0.12339551870278656,137,150,6,0,True,,0.42613600000000007,0.0024822562417637145,3.024219391945411,-0.020782653344363522,-2.018613027386542,0.000264730698329644,0.020382800364735786,0.1098240934588392,0.24446866559999997,0.046964981677841626,True,True,False,False,False,-0.1999984658005633,-0.2040620853058872,0.0,"{""0.1234"": 4}"
c3_w2_tcop_cm0_states_L0.4_km0_4221_ucp0_1234_s137,cm0,stageC,-0.2,-0.4221,0.25,0.12339551870278656,137,175,7,1,True,,0.426268,0.0019633152079937414,2.2779036922506406,-0.029415978879731297,-3.1222100280448166,0.0025941205449712544,0.019406963833488104,0.10134469371065931,0.24449515680000006,0.04826957816264816,True,True,False,False,False,-0.1999984658005633,-0.2040620853058872,0.0,"{""0.1234"": 4}"
c3_w2_tcop_cm0_states_L0.4_km0_4221_ucp0_1234_s137,cm0,stageC,-0.2,-0.4221,0.25,0.12339551870278656,137,200,8,2,True,,0.42585600000000007,0.002057022523783248,2.496529922129281,-0.020973341385675994,-2.1222680957297184,0.00029083160727471236,0.02108459493275085,0.10707844880175828,0.24442204479999996,0.047344981402467574,True,True,False,False,False,-0.1999984658005633,-0.2040620853058872,0.0,"{""0.1234"": 4}"
c3_w2_tcop_cm0_states_L0.4_km0_4221_ucp0_1234_s137,cm0,stageC,-0.2,-0.4221,0.25,0.12339551870278656,137,225,9,0,True,,0.426444,0.0020441095628339844,2.6128369659852733,-0.014347215869863079,-1.381166175159769,0.0025862957116123846,0.019935706546435266,0.10693080426285567,0.24451724,0.04728250061069105,True,True,False,False,False,-0.1999984658005633,-0.2040620853058872,0.0,"{""0.1234"": 4}"
c3_w2_tcop_cm0_states_L0.4_km0_4221_ucp0_1234_s137,cm0,stageC,-0.2,-0.4221,0.25,0.12339551870278656,137,250,10,1,True,,0.426052,0.001601755771782537,1.863300496141748,-0.04019985319538645,-4.177327126340824,0.001182509130001912,0.02065332817710242,0.0995183684162536,0.24445426399999998,0.04773398470691505,True,True,False,False,False,-0.1999984658005633,-0.2040620853058872,0.0,"{""0.1234"": 4}"
c3_w2_tcop_cm0_states_L0.4_km0_4221_ucp0_1234_s137,cm0,stageC,-0.2,-0.4221,0.25,0.12339551870278656,137,275,11,2,True,,0.42611200000000005,0.002708165666574106,3.1293851705116644,-0.04470779328033154,-4.399274218870935,0.0037165777169385146,0.021656617870358205,0.10795283843695365,0.24445540480000005,0.04805583685672324,True,True,False,False,False,-0.1999984658005633,-0.2040620853058872,0.0,"{""0.1234"": 4}"
c3_w2_tcop_cm0_states_L0.4_km0_4221_ucp0_1234_s137,cm0,stageC,-0.2,-0.4221,0.25,0.12339551870278656,137,300,12,0,False,EXITS_PRIMARY_BLOCK_SET,0.42625599999999997,0.0022791223400403303,3.045547286859072,-0.028705637547752023,-3.0687223740063847,0.004014890425234987,0.02134966092631845,0.09571712751089223,0.24447900479999998,0.04734957723148117,True,True,False,False,False,-0.1999984658005633,-0.2040620853058872,0.0,"{""0.1234"": 4}"
c3_w2_tcop_cm0_states_L0.4_km0_4221_ucp0_1234_s256,cm0,stageC,-0.2,-0.4221,0.25,0.12339551870278656,256,0,0,0,False,PRE_PRIMARY_PHASE_IMBALANCE,0.42522400000000005,0.0020414623008804676,2.3693865526724966,-0.02588390317113202,-2.690242652183948,0.04220277905587044,0.08252582709828958,0.9510281617429208,0.243177104,0.045877988447620505,False,True,False,False,False,-0.1999984658005633,-0.2040620853058872,0.0,"{""0.1234"": 4}"
c3_w2_tcop_cm0_states_L0.4_km0_4221_ucp0_1234_s256,cm0,stageC,-0.2,-0.4221,0.25,0.12339551870278656,256,25,1,1,False,PRE_PRIMARY_PHASE_IMBALANCE,0.4276520000000001,0.002031295193332933,2.174442035319853,-0.020399618705958366,-1.8752684087063092,0.007081418609529489,0.023981815284536,0.10008137434156421,0.244660584,0.045710030584107025,True,True,False,False,False,-0.1999984658005633,-0.2040620853058872,0.0,"{""0.1234"": 4}"
c3_w2_tcop_cm0_states_L0.4_km0_4221_ucp0_1234_s256,cm0,stageC,-0.2,-0.4221,0.25,0.12339551870278656,256,50,2,2,False,PRE_PRIMARY_PHASE_IMBALANCE,0.42660000000000003,0.003010735494269842,3.2794170903225504,-0.013772819858750073,-1.2501497149852587,0.01929306850213604,0.02406831004274533,0.09470229701194957,0.2445070176,0.045839284462129204,True,True,False,False,False,-0.1999984658005633,-0.2040620853058872,0.0,"{""0.1234"": 4}"
c3_w2_tcop_cm0_states_L0.4_km0_4221_ucp0_1234_s256,cm0,stageC,-0.2,-0.4221,0.25,0.12339551870278656,256,75,3,0,True,,0.42558,0.0018824126662450441,2.3799345864417947,-0.0315008419100902,-3.2493115796955623,0.015821686459683387,0.024812973536803246,0.12030640509350443,0.24435015200000001,0.046959808347138726,True,True,False,False,False,-0.1999984658005633,-0.2040620853058872,0.0,"{""0.1234"": 4}"
c3_w2_tcop_cm0_states_L0.4_km0_4221_ucp0_1234_s256,cm0,stageC,-0.2,-0.4221,0.25,0.12339551870278656,256,100,4,1,True,,0.42532800000000004,0.0017850574874602838,1.823348221881615,-0.03155613320709678,-3.48111557644296,0.0018950094942374064,0.024559947807420178,0.12037768470362245,0.24431497280000003,0.04806342076881336,True,True,False,False,False,-0.1999984658005633,-0.2040620853058872,0.0,"{""0.1234"": 4}"
c3_w2_tcop_cm0_states_L0.4_km0_4221_ucp0_1234_s256,cm0,stageC,-0.2,-0.4221,0.25,0.12339551870278656,256,125,5,2,True,,0.425828,0.0015873050116055746,2.05589977934138,-0.040713444418446605,-4.029427575686643,0.013678439305465985,0.02364402438606136,0.12869045687768196,0.24439714399999993,0.048268358331312655,True,True,False,False,False,-0.1999984658005633,-0.2040620853058872,0.0,"{""0.1234"": 4}"
c3_w2_tcop_cm0_states_L0.4_km0_4221_ucp0_1234_s256,cm0,stageC,-0.2,-0.4221,0.25,0.12339551870278656,256,150,6,0,True,,0.4269879999999999,0.0008361642655803575,1.3323998358134734,-0.035198301780273666,-3.496164705018568,0.008079536142512563,0.022884435649023212,0.12834084300181545,0.24457376799999994,0.04807252703988006,True,True,False,False,False,-0.1999984658005633,-0.2040620853058872,0.0,"{""0.1234"": 4}"
c3_w2_tcop_cm0_states_L0.4_km0_4221_ucp0_1234_s256,cm0,stageC,-0.2,-0.4221,0.25,0.12339551870278656,256,175,7,1,True,,0.42741999999999997,0.0014180581212750684,1.729145951764307,-0.03575385668119376,-3.4937975321283674,0.00730090320505499,0.022419509175885477,0.13101866985396407,0.24464031839999997,0.04764896221325288,True,True,False,False,False,-0.1999984658005633,-0.2040620853058872,0.0,"{""0.1234"": 4}"
c3_w2_tcop_cm0_states_L0.4_km0_4221_ucp0_1234_s256,cm0,stageC,-0.2,-0.4221,0.25,0.12339551870278656,256,200,8,2,True,,0.42710000000000004,0.0014957178045987372,1.8221293997224655,-0.027809960013884694,-2.9576895162849715,0.007690771400506828,0.02141499299998148,0.13111683415800315,0.2446019344,0.04709851377697602,True,True,False,False,False,-0.1999984658005633,-0.2040620853058872,0.0,"{""0.1234"": 4}"
c3_w2_tcop_cm0_states_L0.4_km0_4221_ucp0_1234_s256,cm0,stageC,-0.2,-0.4221,0.25,0.12339551870278656,256,225,9,0,True,,0.42645599999999995,0.00031363681527312695,0.8142801210418843,-0.024498968132658967,-2.498921702236769,0.0089468117067347,0.02143405601330478,0.1163074265192483,0.24450772799999998,0.04685723064800138,True,True,False,False,False,-0.1999984658005633,-0.2040620853058872,0.0,"{""0.1234"": 4}"
c3_w2_tcop_cm0_states_L0.4_km0_4221_ucp0_1234_s256,cm0,stageC,-0.2,-0.4221,0.25,0.12339551870278656,256,250,10,1,True,,0.4255880000000001,0.00248479164695569,2.808160470573867,-0.035067244189983734,-3.243185562286108,0.00862497781911543,0.021652043133161658,0.11654463914268101,0.2443779408,0.047300044989407784,True,True,False,False,False,-0.1999984658005633,-0.2040620853058872,0.0,"{""0.1234"": 4}"
c3_w2_tcop_cm0_states_L0.4_km0_4221_ucp0_1234_s256,cm0,stageC,-0.2,-0.4221,0.25,0.12339551870278656,256,275,11,2,True,,0.4255880000000001,0.002317272652218964,2.811163168342627,-0.021475779422669677,-2.1130529439363626,0.0020974493238269014,0.020696257878565327,0.11090538240997061,0.24438527199999996,0.04770591426647224,True,True,False,False,False,-0.1999984658005633,-0.2040620853058872,0.0,"{""0.1234"": 4}"
c3_w2_tcop_cm0_states_L0.4_km0_4221_ucp0_1234_s256,cm0,stageC,-0.2,-0.4221,0.25,0.12339551870278656,256,300,12,0,False,EXITS_PRIMARY_BLOCK_SET,0.42526400000000003,0.002633436399790376,2.9326993715955636,-0.024221794645604876,-2.179941017212208,0.0013241099841666871,0.02087128088288123,0.1044057336045239,0.24433575039999994,0.04722510247739013,True,True,False,False,False,-0.1999984658005633,-0.2040620853058872,0.0,"{""0.1234"": 4}"
c3_w2_tcop_cm0_states_L0.4_km0_4221_ucp0_1234_s1024,cm0,stageC,-0.2,-0.4221,0.25,0.12339551870278656,1024,0,0,0,False,PRE_PRIMARY_PHASE_IMBALANCE,0.423672,0.0016733497510572663,1.8917698850972995,-0.022199374361706093,-2.426799259173752,0.030644881670700445,0.08152000090867442,0.9526237255409287,0.24298118079999997,0.047040795231373375,False,True,False,False,False,-0.1999984658005633,-0.2040620853058872,0.0,"{""0.1234"": 4}"
c3_w2_tcop_cm0_states_L0.4_km0_4221_ucp0_1234_s1024,cm0,stageC,-0.2,-0.4221,0.25,0.12339551870278656,1024,25,1,1,False,PRE_PRIMARY_PHASE_IMBALANCE,0.426228,0.0028953035549527588,3.274812304656374,-0.024783242685061786,-2.3984119259751804,0.00704425856344579,0.02089565501456099,0.09196955598419262,0.2444783696,0.04741531415059907,True,True,False,False,False,-0.1999984658005633,-0.2040620853058872,0.0,"{""0.1234"": 4}"
c3_w2_tcop_cm0_states_L0.4_km0_4221_ucp0_1234_s1024,cm0,stageC,-0.2,-0.4221,0.25,0.12339551870278656,1024,50,2,2,False,PRE_PRIMARY_PHASE_IMBALANCE,0.426584,0.0027685558003474214,3.1330657575442893,-0.030280331034326723,-3.2601343166991423,0.009073540155356384,0.021272118397704314,0.09564353070991051,0.24452774719999998,0.04780806358764178,True,True,False,False,False,-0.1999984658005633,-0.2040620853058872,0.0,"{""0.1234"": 4}"
c3_w2_tcop_cm0_states_L0.4_km0_4221_ucp0_1234_s1024,cm0,stageC,-0.2,-0.4221,0.25,0.12339551870278656,1024,75,3,0,True,,0.42793600000000004,0.002153197317052099,2.523392680360726,-0.03949073269734515,-3.755554511127493,0.008205785787850669,0.02332259102468915,0.10375383210631066,0.24470716799999995,0.0470444460483913,True,True,False,False,False,-0.1999984658005633,-0.2040620853058872,0.0,"{""0.1234"": 4}"
c3_w2_tcop_cm0_states_L0.4_km0_4221_ucp0_1234_s1024,cm0,stageC,-0.2,-0.4221,0.25,0.12339551870278656,1024,100,4,1,True,,0.42728800000000006,0.002070076201303372,2.633064965993595,-0.03799586333185962,-3.849933756579274,0.011476311896334374,0.023827054501727115,0.10765572609655373,0.24460931199999997,0.04768988421038575,True,True,False,False,False,-0.1999984658005633,-0.2040620853058872,0.0,"{""0.1234"": 4}"
c3_w2_tcop_cm0_states_L0.4_km0_4221_ucp0_1234_s1024,cm0,stageC,-0.2,-0.4221,0.25,0.12339551870278656,1024,125,5,2,True,,0.4261520000000001,0.0017508880336419245,1.8330939093483205,-0.026281491142499683,-2.6977884586126755,0.018924718085855132,0.025065796985314553,0.12202218897946693,0.24443237119999994,0.047679690603023,True,True,False,False,False,-0.1999984658005633,-0.2040620853058872,0.0,"{""0.1234"": 4}"
c3_w2_tcop_cm0_states_L0.4_km0_4221_ucp0_1234_s1024,cm0,stageC,-0.2,-0.4221,0.25,0.12339551870278656,1024,150,6,0,True,,0.42580400000000007,0.0010999081995503425,1.418064053187379,-0.018310873004726863,-1.8195912669100514,0.013412018383333472,0.024530195715432183,0.12212191496058765,0.24438585440000002,0.047713662445886505,True,True,False,False,True,-0.1999984658005633,-0.2040620853058872,0.0,"{""0.1234"": 4}"
c3_w2_tcop_cm0_states_L0.4_km0_4221_ucp0_1234_s1024,cm0,stageC,-0.2,-0.4221,0.25,0.12339551870278656,1024,175,7,1,True,,0.4248040000000001,0.0014672629805128378,1.707519143513079,-0.030012277969034676,-2.94043733571557,0.006939046634538407,0.023055620581535444,0.1111100646154225,0.2442496368,0.04738524648031284,True,True,False,False,False,-0.1999984658005633,-0.2040620853058872,0.0,"{""0.1234"": 4}"
c3_w2_tcop_cm0_states_L0.4_km0_4221_ucp0_1234_s1024,cm0,stageC,-0.2,-0.4221,0.25,0.12339551870278656,1024,200,8,2,True,,0.42546400000000006,0.001600102065941175,1.854578899776281,-0.022401142805953456,-2.590072961931012,0.005914511298839852,0.022163713806621597,0.11187785544281577,0.2443554624,0.04797816903551031,True,True,False,False,False,-0.1999984658005633,-0.2040620853058872,0.0,"{""0.1234"": 4}"
c3_w2_tcop_cm0_states_L0.4_km0_4221_ucp0_1234_s1024,cm0,stageC,-0.2,-0.4221,0.25,0.12339551870278656,1024,225,9,0,True,,0.42591200000000007,0.0013107111539878116,1.7539206493336323,-0.028880466890756955,-2.895644452426435,0.0022046194875596174,0.02053805197790178,0.09955108074073729,0.24443445119999999,0.047808872147332655,True,True,False,False,False,-0.1999984658005633,-0.2040620853058872,0.0,"{""0.1234"": 4}"
c3_w2_tcop_cm0_states_L0.4_km0_4221_ucp0_1234_s1024,cm0,stageC,-0.2,-0.4221,0.25,0.12339551870278656,1024,250,10,1,True,,0.426684,0.0018091764683286669,2.406575128328501,-0.03761468410080674,-3.7102009541555083,0.0055471418710843,0.021459604861542293,0.12187004874363697,0.24454092319999998,0.04813319170800956,True,True,False,False,False,-0.1999984658005633,-0.2040620853058872,0.0,"{""0.1234"": 4}"
c3_w2_tcop_cm0_states_L0.4_km0_4221_ucp0_1234_s1024,cm0,stageC,-0.2,-0.4221,0.25,0.12339551870278656,1024,275,11,2,True,,0.42704800000000004,0.0015808491140120286,2.0597047029264073,-0.03199192791843611,-3.1315380019182384,0.005471032843832128,0.021954618076556104,0.12457615976523449,0.24459010240000004,0.04820628274405733,True,True,False,False,False,-0.1999984658005633,-0.2040620853058872,0.0,"{""0.1234"": 4}"
c3_w2_tcop_cm0_states_L0.4_km0_4221_ucp0_1234_s1024,cm0,stageC,-0.2,-0.4221,0.25,0.12339551870278656,1024,300,12,0,False,EXITS_PRIMARY_BLOCK_SET,0.4270279999999999,0.001678055508415344,2.1810700898931588,-0.02927120846162114,-2.9058064409076967,0.002026299274583006,0.023359991489904437,0.12458199433156149,0.2445755792,0.04800424164592125,True,True,False,False,False,-0.1999984658005633,-0.2040620853058872,0.0,"{""0.1234"": 4}"
c3_w2_tcop_cm0_states_L0.4_km0_4221_ucp0_1234_s31415,cm0,stageC,-0.2,-0.4221,0.25,0.12339551870278656,31415,0,0,0,False,PRE_PRIMARY_PHASE_IMBALANCE,0.42169199999999996,0.0003866980232071418,0.8124997047629691,-0.025490979016148854,-2.574169582106536,0.046277072889382896,0.08310311795635429,0.9627880041291086,0.24263978079999998,0.04688856082244368,False,True,False,False,False,-0.1999984658005633,-0.2040620853058872,0.0,"{""0.1234"": 4}"
c3_w2_tcop_cm0_states_L0.4_km0_4221_ucp0_1234_s31415,cm0,stageC,-0.2,-0.4221,0.25,0.12339551870278656,31415,25,1,1,False,PRE_PRIMARY_PHASE_IMBALANCE,0.425284,0.0017066651790354236,1.9592003710891812,-0.030816777757059672,-3.176484759070233,0.006452616164702936,0.02302836944006742,0.13920109823270774,0.24432160479999998,0.04733243437644001,True,True,False,False,False,-0.1999984658005633,-0.2040620853058872,0.0,"{""0.1234"": 4}"
c3_w2_tcop_cm0_states_L0.4_km0_4221_ucp0_1234_s31415,cm0,stageC,-0.2,-0.4221,0.25,0.12339551870278656,31415,50,2,2,False,PRE_PRIMARY_PHASE_IMBALANCE,0.4253,0.0022977613386061103,2.6153513330455582,-0.037840371020438836,-3.776164119356478,0.006345144257325844,0.02244315072777918,0.10627792121731035,0.24432880160000003,0.0475591211020557,True,True,False,False,False,-0.1999984658005633,-0.2040620853058872,0.0,"{""0.1234"": 4}"
c3_w2_tcop_cm0_states_L0.4_km0_4221_ucp0_1234_s31415,cm0,stageC,-0.2,-0.4221,0.25,0.12339551870278656,31415,75,3,0,True,,0.425308,0.0028555453406378193,3.4452851161030433,-0.04252139751858359,-4.490330936578589,0.002481461754946042,0.022718297868239513,0.10533542725428295,0.24432774559999998,0.04785169940555926,True,True,False,False,False,-0.1999984658005633,-0.2040620853058872,0.0,"{""0.1234"": 4}"
c3_w2_tcop_cm0_states_L0.4_km0_4221_ucp0_1234_s31415,cm0,stageC,-0.2,-0.4221,0.25,0.12339551870278656,31415,100,4,1,True,,0.4255439999999999,0.0030646838528646265,3.519048084948219,-0.03160141823375004,-3.2377758879553444,0.0029860298011978046,0.02442846484656494,0.10809692979316607,0.24434824,0.047080187595208246,True,True,False,False,False,-0.1999984658005633,-0.2040620853058872,0.0,"{""0.1234"": 4}"
c3_w2_tcop_cm0_states_L0.4_km0_4221_ucp0_1234_s31415,cm0,stageC,-0.2,-0.4221,0.25,0.12339551870278656,31415,125,5,2,True,,0.42537999999999987,0.00343740410587887,3.9337283899443216,-0.023670668891024427,-2.5192602075265973,0.004217827386628486,0.024301947790406293,0.1062579338326722,0.24432499039999997,0.04679546559229858,True,True,False,False,False,-0.1999984658005633,-0.2040620853058872,0.0,"{""0.1234"": 4}"
c3_w2_tcop_cm0_states_L0.4_km0_4221_ucp0_1234_s31415,cm0,stageC,-0.2,-0.4221,0.25,0.12339551870278656,31415,150,6,0,True,,0.42535599999999996,0.0029679896799441456,3.9434741172276713,-0.025760613686926274,-2.7143243172071756,0.009945605639413968,0.023507046125762644,0.11472742804914608,0.24432829599999997,0.04641888908623299,True,True,False,False,False,-0.1999984658005633,-0.2040620853058872,0.0,"{""0.1234"": 4}"
c3_w2_tcop_cm0_states_L0.4_km0_4221_ucp0_1234_s31415,cm0,stageC,-0.2,-0.4221,0.25,0.12339551870278656,31415,175,7,1,True,,0.4254520000000001,0.0019718923489490505,2.3134043883469992,-0.03086435506348106,-2.8409314602299154,0.0001517596732274409,0.023779834714508934,0.12692383599812937,0.2443402384,0.04798745352693764,True,True,False,False,False,-0.1999984658005633,-0.2040620853058872,0.0,"{""0.1234"": 4}"
c3_w2_tcop_cm0_states_L0.4_km0_4221_ucp0_1234_s31415,cm0,stageC,-0.2,-0.4221,0.25,0.12339551870278656,31415,200,8,2,True,,0.425116,0.0033732613749670737,3.5506890917719915,-0.040648750987627144,-4.076680858944077,0.0006159876033898711,0.023223869901315603,0.1270241531087417,0.2442949136,0.04740660865322471,True,True,False,False,False,-0.1999984658005633,-0.2040620853058872,0.0,"{""0.1234"": 4}"
c3_w2_tcop_cm0_states_L0.4_km0_4221_ucp0_1234_s31415,cm0,stageC,-0.2,-0.4221,0.25,0.12339551870278656,31415,225,9,0,True,,0.4252960000000001,0.0017868786348353152,2.0993255080977042,-0.033943579854712386,-3.0288476032046203,0.005641435429327931,0.023001131634464024,0.12697039208699254,0.2443236192,0.04705520570563899,True,True,False,False,False,-0.1999984658005633,-0.2040620853058872,0.0,"{""0.1234"": 4}"
c3_w2_tcop_cm0_states_L0.4_km0_4221_ucp0_1234_s31415,cm0,stageC,-0.2,-0.4221,0.25,0.12339551870278656,31415,250,10,1,True,,0.42606799999999995,0.0005755863984615205,0.9259341549822807,-0.02494672916985583,-2.7244147619212575,6.253148371582167e-05,0.023418196180374454,0.1314344186105635,0.244434504,0.04743436914305913,True,True,False,False,False,-0.1999984658005633,-0.2040620853058872,0.0,"{""0.1234"": 4}"
c3_w2_tcop_cm0_states_L0.4_km0_4221_ucp0_1234_s31415,cm0,stageC,-0.2,-0.4221,0.25,0.12339551870278656,31415,275,11,2,True,,0.42557199999999995,0.0008099260009547001,1.044763203307115,-0.026795869218255608,-2.5411325968565293,0.00025774949676901795,0.022000857871412254,0.12970778122219564,0.244372808,0.04731461524729964,True,True,False,False,False,-0.1999984658005633,-0.2040620853058872,0.0,"{""0.1234"": 4}"
c3_w2_tcop_cm0_states_L0.4_km0_4221_ucp0_1234_s31415,cm0,stageC,-0.2,-0.4221,0.25,0.12339551870278656,31415,300,12,0,False,EXITS_PRIMARY_BLOCK_SET,0.42682400000000004,-0.0005920452536029195,-0.21681466006462333,-0.029730093307227527,-2.7585745298580027,0.006907893742096763,0.022293570216259967,0.129327310251234,0.2445547296,0.04705478747162716,True,True,False,False,False,-0.1999984658005633,-0.2040620853058872,0.0,"{""0.1234"": 4}"
c3_w2_tcop_cm0_states_L0.4_km0_4221_ucp0_2425_s42,cm0,stageC,-0.2,-0.4221,0.5,0.24248438819907564,42,0,0,0,False,PRE_PRIMARY_PHASE_IMBALANCE,0.4369800000000001,0.0020165427914563376,2.289346302918544,-0.028668690616033207,-2.65175824365339,0.03808426968816985,0.08253446794161409,0.9684653737734783,0.2447277296,0.04710795686505625,False,True,False,False,False,-0.1999984658005633,-0.20665541913530328,0.0,"{""0.2425"": 4}"
c3_w2_tcop_cm0_states_L0.4_km0_4221_ucp0_2425_s42,cm0,stageC,-0.2,-0.4221,0.5,0.24248438819907564,42,25,1,1,False,PRE_PRIMARY_PHASE_IMBALANCE,0.43998800000000005,0.0029399497947976117,3.6160570462408845,-0.025314885466328665,-2.5151739850416908,0.004063608075256186,0.02182765972991788,0.12454885104923578,0.24630632479999995,0.04650978236887376,True,True,False,False,False,-0.1999984658005633,-0.20665541913530328,0.0,"{""0.2425"": 4}"
c3_w2_tcop_cm0_states_L0.4_km0_4221_ucp0_2425_s42,cm0,stageC,-0.2,-0.4221,0.5,0.24248438819907564,42,50,2,2,False,PRE_PRIMARY_PHASE_IMBALANCE,0.440536,0.0037132399341439186,4.004517807741329,-0.020848220628664718,-2.0695594536351765,0.008829764137478928,0.02324590800871255,0.12439391985128592,0.24635916160000002,0.04728163178233171,True,True,False,False,False,-0.1999984658005633,-0.20665541913530328,0.0,"{""0.2425"": 4}"
c3_w2_tcop_cm0_states_L0.4_km0_4221_ucp0_2425_s42,cm0,stageC,-0.2,-0.4221,0.5,0.24248438819907564,42,75,3,0,True,,0.44087200000000004,0.0037902344995237353,4.159480098660783,-0.02815728163059145,-2.6642274114320004,0.006666002555668393,0.02162837647549114,0.10887513811520087,0.2464129568,0.047151241934863176,True,True,False,False,False,-0.1999984658005633,-0.20665541913530328,0.0,"{""0.2425"": 4}"
c3_w2_tcop_cm0_states_L0.4_km0_4221_ucp0_2425_s42,cm0,stageC,-0.2,-0.4221,0.5,0.24248438819907564,42,100,4,1,True,,0.440728,0.003978599266629579,4.118893633018132,-0.029875939861500788,-3.208524494124274,0.0015728279513872398,0.023840550794735363,0.1125410681587258,0.24637642880000002,0.04655781369437358,True,True,False,False,False,-0.1999984658005633,-0.20665541913530328,0.0,"{""0.2425"": 4}"
c3_w2_tcop_cm0_states_L0.4_km0_4221_ucp0_2425_s42,cm0,stageC,-0.2,-0.4221,0.5,0.24248438819907564,42,125,5,2,True,,0.440296,0.002664835675225487,3.074591272990649,-0.026681964047317076,-2.542398551682694,0.006155747562884499,0.0234389958122362,0.11265148874245617,0.246328928,0.04664667602305656,True,True,False,False,False,-0.1999984658005633,-0.20665541913530328,0.0,"{""0.2425"": 4}"
c3_w2_tcop_cm0_states_L0.4_km0_4221_ucp0_2425_s42,cm0,stageC,-0.2,-0.4221,0.5,0.24248438819907564,42,150,6,0,True,,0.440116,0.0027106086141120474,2.801806576755415,-0.02112285863448436,-1.8191061796802777,0.002948790268995607,0.023618698752594626,0.13541884381522404,0.24630585120000004,0.04632177181412646,True,True,False,False,False,-0.1999984658005633,-0.20665541913530328,0.0,"{""0.2425"": 4}"
c3_w2_tcop_cm0_states_L0.4_km0_4221_ucp0_2425_s42,cm0,stageC,-0.2,-0.4221,0.5,0.24248438819907564,42,175,7,1,True,,0.44024,0.003165033143091317,3.6897306513875305,-0.018330661165201094,-1.7197570980504662,7.414879214094748e-05,0.023108349361420536,0.124477557413053,0.24632524800000002,0.04689842641283394,True,True,False,False,False,-0.1999984658005633,-0.20665541913530328,0.0,"{""0.2425"": 4}"
c3_w2_tcop_cm0_states_L0.4_km0_4221_ucp0_2425_s42,cm0,stageC,-0.2,-0.4221,0.5,0.24248438819907564,42,200,8,2,True,,0.43949599999999994,0.002814262477256253,2.9236652034404664,-0.012050854444594687,-1.1944625248809229,0.0012266184633404893,0.02314017406184685,0.14289094748782488,0.24623583679999997,0.046967925055297045,True,True,False,False,False,-0.1999984658005633,-0.20665541913530328,0.0,"{""0.2425"": 4}"
c3_w2_tcop_cm0_states_L0.4_km0_4221_ucp0_2425_s42,cm0,stageC,-0.2,-0.4221,0.5,0.24248438819907564,42,225,9,0,True,,0.44029599999999997,0.0028663656026250432,3.289569681012808,-0.014420983142414093,-1.4266191850142704,0.0021184232225788502,0.023002527817077376,0.1426313204239164,0.2463328576,0.046779401278767986,True,True,False,False,False,-0.1999984658005633,-0.20665541913530328,0.0,"{""0.2425"": 4}"
c3_w2_tcop_cm0_states_L0.4_km0_4221_ucp0_2425_s42,cm0,stageC,-0.2,-0.4221,0.5,0.24248438819907564,42,250,10,1,True,,0.440164,0.0014778110250073145,2.0212891437920044,-0.03295973543212594,-3.4090167205063087,0.005176588384349456,0.0222798517070918,0.11632028035841127,0.24632348,0.04755473797635731,True,True,False,False,False,-0.1999984658005633,-0.20665541913530328,0.0,"{""0.2425"": 4}"
c3_w2_tcop_cm0_states_L0.4_km0_4221_ucp0_2425_s42,cm0,stageC,-0.2,-0.4221,0.5,0.24248438819907564,42,275,11,2,True,,0.440024,0.0012320371914883946,1.5980451224122885,-0.03732514361072424,-3.597262868280083,0.0007767625825888951,0.022975134206747013,0.12090249595271513,0.2463006752,0.04627309611426493,True,True,False,False,False,-0.1999984658005633,-0.20665541913530328,0.0,"{""0.2425"": 4}"
c3_w2_tcop_cm0_states_L0.4_km0_4221_ucp0_2425_s42,cm0,stageC,-0.2,-0.4221,0.5,0.24248438819907564,42,300,12,0,False,EXITS_PRIMARY_BLOCK_SET,0.44094800000000006,0.0007296158497355939,1.2454293760089201,-0.030367140201425554,-3.155564887639971,0.00302269946185487,0.021117253724911543,0.12064914656456287,0.2464261552,0.04573861930579016,True,True,False,False,False,-0.1999984658005633,-0.20665541913530328,0.0,"{""0.2425"": 4}"
c3_w2_tcop_cm0_states_L0.4_km0_4221_ucp0_2425_s137,cm0,stageC,-0.2,-0.4221,0.5,0.24248438819907564,137,0,0,0,False,PRE_PRIMARY_PHASE_IMBALANCE,0.438092,0.002665825871220358,3.3744658850757414,-0.03126938031876843,-3.3367632930075097,0.02908118384796129,0.0826913910631522,0.9605288364988889,0.24485504479999995,0.045701636031984676,False,True,False,False,False,-0.1999984658005633,-0.20665541913530328,0.0,"{""0.2425"": 4}"
c3_w2_tcop_cm0_states_L0.4_km0_4221_ucp0_2425_s137,cm0,stageC,-0.2,-0.4221,0.5,0.24248438819907564,137,25,1,1,False,PRE_PRIMARY_PHASE_IMBALANCE,0.4399759999999999,0.002900112077599396,3.315933385280395,-0.03721366300464461,-3.8639915123006987,0.0021854286402660833,0.023458227918615564,0.11455170255979485,0.24629059520000002,0.04628433238148737,True,True,False,False,False,-0.1999984658005633,-0.20665541913530328,0.0,"{""0.2425"": 4}"
c3_w2_tcop_cm0_states_L0.4_km0_4221_ucp0_2425_s137,cm0,stageC,-0.2,-0.4221,0.5,0.24248438819907564,137,50,2,2,False,PRE_PRIMARY_PHASE_IMBALANCE,0.44013199999999997,0.00399473492637481,4.253260031175727,-0.042561998586794186,-3.9839032842254585,0.001151224332508346,0.024224074697018264,0.12541692009347902,0.2463021488,0.0469844929311789,True,True,False,False,False,-0.1999984658005633,-0.20665541913530328,0.0,"{""0.2425"": 4}"
c3_w2_tcop_cm0_states_L0.4_km0_4221_ucp0_2425_s137,cm0,stageC,-0.2,-0.4221,0.5,0.24248438819907564,137,75,3,0,True,,0.44026000000000004,0.0037976188608655577,4.00935388261798,-0.0322681561587373,-2.8595995029792904,0.004641176413464787,0.02458587338951182,0.12628901075208063,0.2463139696,0.046388494263125205,True,True,False,False,False,-0.1999984658005633,-0.20665541913530328,0.0,"{""0.2425"": 4}"
c3_w2_tcop_cm0_states_L0.4_km0_4221_ucp0_2425_s137,cm0,stageC,-0.2,-0.4221,0.5,0.24248438819907564,137,100,4,1,True,,0.44014799999999993,0.0039031159132424348,4.4567642672049415,-0.028677561853017668,-3.115269306768462,0.0008512533668118366,0.02415271945213849,0.12632114623644525,0.2463047248,0.046170316178254615,True,True,False,False,False,-0.1999984658005633,-0.20665541913530328,0.0,"{""0.2425"": 4}"
c3_w2_tcop_cm0_states_L0.4_km0_4221_ucp0_2425_s137,cm0,stageC,-0.2,-0.4221,0.5,0.24248438819907564,137,125,5,2,True,,0.43994400000000006,0.0033447669464840312,4.039869654063178,-0.018147491513667378,-1.5773458612011682,0.001272289137538219,0.021689112110445493,0.1263797207681439,0.24630222719999995,0.04616921987645015,True,True,False,False,False,-0.1999984658005633,-0.20665541913530328,0.0,"{""0.2425"": 4}"
c3_w2_tcop_cm0_states_L0.4_km0_4221_ucp0_2425_s137,cm0,stageC,-0.2,-0.4221,0.5,0.24248438819907564,137,150,6,0,True,,0.44004000000000004,0.003078362321712585,3.835411040869267,-0.025043816009445243,-2.5080988522643355,0.000665460599633455,0.020393211058022005,0.10635396757941558,0.2463242688,0.046228977925106676,True,True,False,False,False,-0.1999984658005633,-0.20665541913530328,0.0,"{""0.2425"": 4}"
c3_w2_tcop_cm0_states_L0.4_km0_4221_ucp0_2425_s137,cm0,stageC,-0.2,-0.4221,0.5,0.24248438819907564,137,175,7,1,True,,0.44033599999999995,0.0026030906390790407,2.816690163339184,-0.03235465007229649,-3.4387621650310125,0.003579079603258686,0.019448918170108905,0.09265651663126223,0.24636686399999996,0.047419480216467996,True,True,False,False,False,-0.1999984658005633,-0.20665541913530328,0.0,"{""0.2425"": 4}"
c3_w2_tcop_cm0_states_L0.4_km0_4221_ucp0_2425_s137,cm0,stageC,-0.2,-0.4221,0.5,0.24248438819907564,137,200,8,2,True,,0.4400839999999999,0.002971848834672364,3.4765098251559134,-0.02200371098153913,-2.2310475998092887,0.0011066266889128858,0.020286700105040634,0.10179874728052205,0.24633036639999997,0.04623021678512875,True,True,False,False,False,-0.1999984658005633,-0.20665541913530328,0.0,"{""0.2425"": 4}"
c3_w2_tcop_cm0_states_L0.4_km0_4221_ucp0_2425_s137,cm0,stageC,-0.2,-0.4221,0.5,0.24248438819907564,137,225,9,0,True,,0.440624,0.002810941193008985,3.3585726396046436,-0.012824251078186202,-1.1901643207503474,0.0007757048609297438,0.019449599977652134,0.1016739893839782,0.24640104640000002,0.04613816884099324,True,True,False,False,False,-0.1999984658005633,-0.20665541913530328,0.0,"{""0.2425"": 4}"
c3_w2_tcop_cm0_states_L0.4_km0_4221_ucp0_2425_s137,cm0,stageC,-0.2,-0.4221,0.5,0.24248438819907564,137,250,10,1,True,,0.44005599999999995,0.002005449683721721,2.349113956920381,-0.04036893509230916,-4.1027300639354,0.004595874706011611,0.020257719559867562,0.10089624933895629,0.24632724799999997,0.046753789835691395,True,True,False,False,False,-0.1999984658005633,-0.20665541913530328,0.0,"{""0.2425"": 4}"
c3_w2_tcop_cm0_states_L0.4_km0_4221_ucp0_2425_s137,cm0,stageC,-0.2,-0.4221,0.5,0.24248438819907564,137,275,11,2,True,,0.44002799999999986,0.003070963932022991,3.4054024637673077,-0.04547861841394238,-4.5210253009047285,0.0018278846578286627,0.021682774766990827,0.11090203325492466,0.246312328,0.04716311287436401,True,True,False,False,False,-0.1999984658005633,-0.20665541913530328,0.0,"{""0.2425"": 4}"
c3_w2_tcop_cm0_states_L0.4_km0_4221_ucp0_2425_s137,cm0,stageC,-0.2,-0.4221,0.5,0.24248438819907564,137,300,12,0,False,EXITS_PRIMARY_BLOCK_SET,0.440112,0.0024487061717195064,3.2609949002545013,-0.03160216072451108,-3.3539955072711662,0.002770480989890892,0.021619810940765063,0.1054277090708099,0.24632288959999996,0.04616218643002084,True,True,False,False,False,-0.1999984658005633,-0.20665541913530328,0.0,"{""0.2425"": 4}"
c3_w2_tcop_cm0_states_L0.4_km0_4221_ucp0_2425_s256,cm0,stageC,-0.2,-0.4221,0.5,0.24248438819907564,256,0,0,0,False,PRE_PRIMARY_PHASE_IMBALANCE,0.43939199999999995,0.0030382827162277106,3.4342550197383166,-0.027602366007169025,-2.8253482693411534,0.042166112954055604,0.08398149212592511,0.9913698906867446,0.24496500159999995,0.04516669498646099,False,True,False,False,False,-0.1999984658005633,-0.20665541913530328,0.0,"{""0.2425"": 4}"
c3_w2_tcop_cm0_states_L0.4_km0_4221_ucp0_2425_s256,cm0,stageC,-0.2,-0.4221,0.5,0.24248438819907564,256,25,1,1,False,PRE_PRIMARY_PHASE_IMBALANCE,0.441868,0.0026871842172097077,2.8747395907796927,-0.020329632763944516,-1.8431114500062076,0.006270191671349641,0.023715090518657635,0.10681923084084113,0.24651086239999997,0.04519193043011108,True,True,False,False,False,-0.1999984658005633,-0.20665541913530328,0.0,"{""0.2425"": 4}"
c3_w2_tcop_cm0_states_L0.4_km0_4221_ucp0_2425_s256,cm0,stageC,-0.2,-0.4221,0.5,0.24248438819907564,256,50,2,2,False,PRE_PRIMARY_PHASE_IMBALANCE,0.44096800000000014,0.00416756694400097,4.340747290125417,-0.014590430025743647,-1.3443259872647833,0.01726338700963017,0.02341964068773563,0.09705919681913606,0.24640856960000002,0.04523652258960673,True,True,False,False,False,-0.1999984658005633,-0.20665541913530328,0.0,"{""0.2425"": 4}"
c3_w2_tcop_cm0_states_L0.4_km0_4221_ucp0_2425_s256,cm0,stageC,-0.2,-0.4221,0.5,0.24248438819907564,256,75,3,0,True,,0.439972,0.0028156724558179745,3.338656343600971,-0.027670026688571662,-2.817707582515691,0.015342328612184566,0.024792356716648027,0.13364486800604392,0.24627765600000004,0.04600825160772793,True,True,False,False,False,-0.1999984658005633,-0.20665541913530328,0.0,"{""0.2425"": 4}"
c3_w2_tcop_cm0_states_L0.4_km0_4221_ucp0_2425_s256,cm0,stageC,-0.2,-0.4221,0.5,0.24248438819907564,256,100,4,1,True,,0.43975200000000003,0.002537827156290346,2.497618879800292,-0.029836442132233226,-3.225972985539006,0.0030980558008277715,0.025049558128791633,0.1337117281246891,0.24624883519999996,0.04687961706328242,True,True,False,False,False,-0.1999984658005633,-0.20665541913530328,0.0,"{""0.2425"": 4}"
c3_w2_tcop_cm0_states_L0.4_km0_4221_ucp0_2425_s256,cm0,stageC,-0.2,-0.4221,0.5,0.24248438819907564,256,125,5,2,True,,0.44014000000000003,0.002672398458710098,3.088609582784808,-0.03399307231599232,-3.2758097789009883,0.010923616988130061,0.024193720861777655,0.13359385619667868,0.24630338719999997,0.047046576921174615,True,True,False,False,False,-0.1999984658005633,-0.20665541913530328,0.0,"{""0.2425"": 4}"
c3_w2_tcop_cm0_states_L0.4_km0_4221_ucp0_2425_s256,cm0,stageC,-0.2,-0.4221,0.5,0.24248438819907564,256,150,6,0,True,,0.441084,0.0016922300987239802,2.1570331989794482,-0.03235720318054281,-3.1800424131529037,0.0068037382793443785,0.02348401618476055,0.13330794104227783,0.24642160799999993,0.04673226876581107,True,True,False,False,False,-0.1999984658005633,-0.20665541913530328,0.0,"{""0.2425"": 4}"
c3_w2_tcop_cm0_states_L0.4_km0_4221_ucp0_2425_s256,cm0,stageC,-0.2,-0.4221,0.5,0.24248438819907564,256,175,7,1,True,,0.44134400000000007,0.0022152995436449958,2.514278471786223,-0.03080385910961411,-2.920646107585578,0.009090961279708286,0.022680354412097915,0.12416618301332706,0.24645927680000004,0.04644086200750369,True,True,False,False,False,-0.1999984658005633,-0.20665541913530328,0.0,"{""0.2425"": 4}"
c3_w2_tcop_cm0_states_L0.4_km0_4221_ucp0_2425_s256,cm0,stageC,-0.2,-0.4221,0.5,0.24248438819907564,256,200,8,2,True,,0.440868,0.002237986276896663,2.4381606009085326,-0.024678532221524642,-2.5931434110581617,0.006004574422429809,0.02120603631819121,0.12430024378203855,0.2464160016,0.046287002236048945,True,True,False,False,False,-0.1999984658005633,-0.20665541913530328,0.0,"{""0.2425"": 4}"
c3_w2_tcop_cm0_states_L0.4_km0_4221_ucp0_2425_s256,cm0,stageC,-0.2,-0.4221,0.5,0.24248438819907564,256,225,9,0,True,,0.44053600000000004,0.001060488168387814,1.572593551613599,-0.01944168929761899,-1.891473325762518,0.005169492912280067,0.020911747824176204,0.11622205650339124,0.24637916479999994,0.04582000331732856,True,True,False,False,True,-0.1999984658005633,-0.20665541913530328,0.0,"{""0.2425"": 4}"
c3_w2_tcop_cm0_states_L0.4_km0_4221_ucp0_2425_s256,cm0,stageC,-0.2,-0.4221,0.5,0.24248438819907564,256,250,10,1,True,,0.43991199999999997,0.003167018526248096,3.538933384662005,-0.029967825090963397,-2.73568104090896,0.004240544796264616,0.021077319185415666,0.11638691348181707,0.2463034592,0.046517870286589866,True,True,False,False,False,-0.1999984658005633,-0.20665541913530328,0.0,"{""0.2425"": 4}"
c3_w2_tcop_cm0_states_L0.4_km0_4221_ucp0_2425_s256,cm0,stageC,-0.2,-0.4221,0.5,0.24248438819907564,256,275,11,2,True,,0.440036,0.003275133505322379,3.7763365875109836,-0.016173151819369378,-1.5304711114134404,0.0021147657355105494,0.020457152001292323,0.10817296742045425,0.2463232848,0.04699658183315038,True,True,False,False,False,-0.1999984658005633,-0.20665541913530328,0.0,"{""0.2425"": 4}"
c3_w2_tcop_cm0_states_L0.4_km0_4221_ucp0_2425_s256,cm0,stageC,-0.2,-0.4221,0.5,0.24248438819907564,256,300,12,0,False,EXITS_PRIMARY_BLOCK_SET,0.43983999999999995,0.003459522098437859,3.6575315867745166,-0.020534836274456895,-1.8688799497072486,0.0006275636643618125,0.020520711125042966,0.10276464145424559,0.24629930880000003,0.04620275316471952,True,True,False,False,False,-0.1999984658005633,-0.20665541913530328,0.0,"{""0.2425"": 4}"
c3_w2_tcop_cm0_states_L0.4_km0_4221_ucp0_2425_s1024,cm0,stageC,-0.2,-0.4221,0.5,0.24248438819907564,1024,0,0,0,False,PRE_PRIMARY_PHASE_IMBALANCE,0.4378279999999999,0.002391544703189899,2.6548969616265947,-0.02539682484263637,-2.5904135489885562,0.030171028216390654,0.0827798182881971,0.9949112414123557,0.24482106399999995,0.04591342304816751,False,True,False,False,False,-0.1999984658005633,-0.20665541913530328,0.0,"{""0.2425"": 4}"
c3_w2_tcop_cm0_states_L0.4_km0_4221_ucp0_2425_s1024,cm0,stageC,-0.2,-0.4221,0.5,0.24248438819907564,1024,25,1,1,False,PRE_PRIMARY_PHASE_IMBALANCE,0.440348,0.0032925896621027965,3.651475186855555,-0.02632055878969384,-2.5361933853892213,0.004239071512594072,0.01978653555750378,0.08629538436351383,0.2463657232,0.04597389363541009,True,True,False,False,False,-0.1999984658005633,-0.20665541913530328,0.0,"{""0.2425"": 4}"
c3_w2_tcop_cm0_states_L0.4_km0_4221_ucp0_2425_s1024,cm0,stageC,-0.2,-0.4221,0.5,0.24248438819907564,1024,50,2,2,False,PRE_PRIMARY_PHASE_IMBALANCE,0.44044400000000006,0.0030872095457423893,3.4574197608751116,-0.029584739707460124,-3.128090118392434,0.006440872569333135,0.020154474718343373,0.08627657525979102,0.24637428320000002,0.04657899595311174,True,True,False,False,False,-0.1999984658005633,-0.20665541913530328,0.0,"{""0.2425"": 4}"
c3_w2_tcop_cm0_states_L0.4_km0_4221_ucp0_2425_s1024,cm0,stageC,-0.2,-0.4221,0.5,0.24248438819907564,1024,75,3,0,True,,0.441764,0.002606344355669924,2.9790021859570457,-0.039857660708074234,-3.8206544474863486,0.009126327992299631,0.022096248080147173,0.09416792655316436,0.24651328480000004,0.045773882334798746,True,True,False,False,False,-0.1999984658005633,-0.20665541913530328,0.0,"{""0.2425"": 4}"
c3_w2_tcop_cm0_states_L0.4_km0_4221_ucp0_2425_s1024,cm0,stageC,-0.2,-0.4221,0.5,0.24248438819907564,1024,100,4,1,True,,0.4413679999999999,0.002557111809026371,2.9240686500436905,-0.03812821202084848,-3.8844353701626755,0.007369825798785345,0.02294900690077311,0.10512769365897008,0.2464596928,0.046589790469586785,True,True,False,False,False,-0.1999984658005633,-0.20665541913530328,0.0,"{""0.2425"": 4}"
c3_w2_tcop_cm0_states_L0.4_km0_4221_ucp0_2425_s1024,cm0,stageC,-0.2,-0.4221,0.5,0.24248438819907564,1024,125,5,2,True,,0.44028400000000006,0.0021919363159694557,2.2262313674193064,-0.024884792402764967,-2.433042403007951,0.01707486931640308,0.024520297696054846,0.11628857710866494,0.24631744799999997,0.046613724845800515,True,True,False,False,False,-0.1999984658005633,-0.20665541913530328,0.0,"{""0.2425"": 4}"
c3_w2_tcop_cm0_states_L0.4_km0_4221_ucp0_2425_s1024,cm0,stageC,-0.2,-0.4221,0.5,0.24248438819907564,1024,150,6,0,True,,0.4401839999999999,0.0016867724075173402,1.9645143644028626,-0.01945593407053468,-1.8777614671126195,0.013627664463858106,0.024461518502551155,0.11631499528307489,0.24630610560000002,0.04660779059341904,True,True,False,False,True,-0.1999984658005633,-0.20665541913530328,0.0,"{""0.2425"": 4}"
c3_w2_tcop_cm0_states_L0.4_km0_4221_ucp0_2425_s1024,cm0,stageC,-0.2,-0.4221,0.5,0.24248438819907564,1024,175,7,1,True,,0.43921999999999994,0.002439930025087346,2.678476260137129,-0.030811247328734054,-2.9733738450758906,0.006133120925287157,0.023540764163261733,0.11839169409773757,0.24619888479999996,0.046134494686730886,True,True,False,False,False,-0.1999984658005633,-0.20665541913530328,0.0,"{""0.2425"": 4}"
c3_w2_tcop_cm0_states_L0.4_km0_4221_ucp0_2425_s1024,cm0,stageC,-0.2,-0.4221,0.5,0.24248438819907564,1024,200,8,2,True,,0.43970399999999993,0.0023691263399825903,2.545389765154133,-0.027304021482284484,-3.1242184543994957,0.006352908623940172,0.022459390784891946,0.1182613755656956,0.24626686719999996,0.04692709647953941,True,True,False,False,False,-0.1999984658005633,-0.20665541913530328,0.0,"{""0.2425"": 4}"
c3_w2_tcop_cm0_states_L0.4_km0_4221_ucp0_2425_s1024,cm0,stageC,-0.2,-0.4221,0.5,0.24248438819907564,1024,225,9,0,True,,0.44020000000000004,0.00241040983388986,2.8744675458836726,-0.031720928541564414,-3.066803083548746,0.003813557176224199,0.021031329217991487,0.09995456587924913,0.24633824959999995,0.04690884777949678,True,True,False,False,False,-0.1999984658005633,-0.20665541913530328,0.0,"{""0.2425"": 4}"
c3_w2_tcop_cm0_states_L0.4_km0_4221_ucp0_2425_s1024,cm0,stageC,-0.2,-0.4221,0.5,0.24248438819907564,1024,250,10,1,True,,0.44109200000000004,0.0029206423985874115,3.5712113305860362,-0.03810977520050069,-3.835404516545943,0.0058295710007983306,0.021689927030315952,0.11607555767033738,0.24643831520000004,0.047255555609896284,True,True,False,False,False,-0.1999984658005633,-0.20665541913530328,0.0,"{""0.2425"": 4}"
c3_w2_tcop_cm0_states_L0.4_km0_4221_ucp0_2425_s1024,cm0,stageC,-0.2,-0.4221,0.5,0.24248438819907564,1024,275,11,2,True,,0.44149600000000006,0.0023599944755032898,2.8694443226256623,-0.027256514936962118,-2.613893257278692,0.0071687093166886975,0.02147822751254505,0.11687535081433267,0.24648736319999998,0.04714744939018441,True,True,False,False,False,-0.1999984658005633,-0.20665541913530328,0.0,"{""0.2425"": 4}"
c3_w2_tcop_cm0_states_L0.4_km0_4221_ucp0_2425_s1024,cm0,stageC,-0.2,-0.4221,0.5,0.24248438819907564,1024,300,12,0,False,EXITS_PRIMARY_BLOCK_SET,0.44144000000000005,0.002408361733863286,2.9573888789643474,-0.023346122569035926,-2.245132779484939,0.0013158256716486517,0.022790089759151394,0.11689017733578695,0.2464695136,0.04711015177220298,True,True,False,False,False,-0.1999984658005633,-0.20665541913530328,0.0,"{""0.2425"": 4}"
c3_w2_tcop_cm0_states_L0.4_km0_4221_ucp0_2425_s31415,cm0,stageC,-0.2,-0.4221,0.5,0.24248438819907564,31415,0,0,0,False,PRE_PRIMARY_PHASE_IMBALANCE,0.43604800000000005,0.0006162983008111783,1.0225032827442688,-0.025965026148548547,-2.476734761270912,0.04698668219530369,0.08426108877052334,0.9980552576825136,0.24456017600000002,0.04580547670311925,False,True,False,False,False,-0.1999984658005633,-0.20665541913530328,0.0,"{""0.2425"": 4}"
c3_w2_tcop_cm0_states_L0.4_km0_4221_ucp0_2425_s31415,cm0,stageC,-0.2,-0.4221,0.5,0.24248438819907564,31415,25,1,1,False,PRE_PRIMARY_PHASE_IMBALANCE,0.439716,0.0018923011348225272,2.175435623511254,-0.03549417575418179,-3.7010728167168296,0.007377317143478716,0.022173501213923794,0.13736138749246926,0.246270776,0.04610552400743321,True,True,False,False,False,-0.1999984658005633,-0.20665541913530328,0.0,"{""0.2425"": 4}"
c3_w2_tcop_cm0_states_L0.4_km0_4221_ucp0_2425_s31415,cm0,stageC,-0.2,-0.4221,0.5,0.24248438819907564,31415,50,2,2,False,PRE_PRIMARY_PHASE_IMBALANCE,0.43989599999999995,0.0022803321646560305,2.6185821884282814,-0.039753776799589836,-3.8956943236941166,0.006450533194039073,0.021939957580128278,0.10547947672750041,0.2462943616,0.04627039208824581,True,True,False,False,False,-0.1999984658005633,-0.20665541913530328,0.0,"{""0.2425"": 4}"
c3_w2_tcop_cm0_states_L0.4_km0_4221_ucp0_2425_s31415,cm0,stageC,-0.2,-0.4221,0.5,0.24248438819907564,31415,75,3,0,True,,0.43986400000000003,0.0027354011941744453,3.245873655278263,-0.04031541394367386,-4.175897348494123,0.001627211077811299,0.022301769038314025,0.10457777834835813,0.2462874304,0.046650846766162775,True,True,False,False,False,-0.1999984658005633,-0.20665541913530328,0.0,"{""0.2425"": 4}"
c3_w2_tcop_cm0_states_L0.4_km0_4221_ucp0_2425_s31415,cm0,stageC,-0.2,-0.4221,0.5,0.24248438819907564,31415,100,4,1,True,,0.43994400000000006,0.003167700136874727,3.666211798905192,-0.03169575988117778,-3.275924806574099,0.00272025456250623,0.023522642635682423,0.10819558828351876,0.24628618239999994,0.04587806517280344,True,True,False,False,False,-0.1999984658005633,-0.20665541913530328,0.0,"{""0.2425"": 4}"
c3_w2_tcop_cm0_states_L0.4_km0_4221_ucp0_2425_s31415,cm0,stageC,-0.2,-0.4221,0.5,0.24248438819907564,31415,125,5,2,True,,0.43970399999999993,0.0034920542017085874,4.0808870278709355,-0.02471196079289419,-2.5864391515022085,0.0034870579386261863,0.023521271986310106,0.10370612934222534,0.24625742719999993,0.04587540064130231,True,True,False,False,False,-0.1999984658005633,-0.20665541913530328,0.0,"{""0.2425"": 4}"
c3_w2_tcop_cm0_states_L0.4_km0_4221_ucp0_2425_s31415,cm0,stageC,-0.2,-0.4221,0.5,0.24248438819907564,31415,150,6,0,True,,0.439612,0.0032581195056831684,4.298362227437894,-0.02750822814671369,-2.9823806790319476,0.008869616639496517,0.022727835237161337,0.10736740555906699,0.2462534608,0.045432691489719165,True,True,False,False,False,-0.1999984658005633,-0.20665541913530328,0.0,"{""0.2425"": 4}"
c3_w2_tcop_cm0_states_L0.4_km0_4221_ucp0_2425_s31415,cm0,stageC,-0.2,-0.4221,0.5,0.24248438819907564,31415,175,7,1,True,,0.43966400000000005,0.0023746466079203913,2.6424944227272156,-0.033177572861216545,-3.0932125301830355,0.0011366178988062047,0.02296473439797216,0.11463299220624613,0.24625762240000001,0.04694983603805236,True,True,False,False,False,-0.1999984658005633,-0.20665541913530328,0.0,"{""0.2425"": 4}"
c3_w2_tcop_cm0_states_L0.4_km0_4221_ucp0_2425_s31415,cm0,stageC,-0.2,-0.4221,0.5,0.24248438819907564,31415,200,8,2,True,,0.43924799999999997,0.003734777239462869,3.859394090794795,-0.04338621225586547,-4.291414342577888,0.0003497235301835513,0.022645394015865142,0.11565220532443574,0.24621025279999997,0.04629724069531574,True,True,False,False,False,-0.1999984658005633,-0.20665541913530328,0.0,"{""0.2425"": 4}"
c3_w2_tcop_cm0_states_L0.4_km0_4221_ucp0_2425_s31415,cm0,stageC,-0.2,-0.4221,0.5,0.24248438819907564,31415,225,9,0,True,,0.439424,0.0025770088643866785,2.946857209922328,-0.03608773878734823,-3.342858930157756,0.004446264598864808,0.02229219332459872,0.11560588380332906,0.24623459199999995,0.045849190003750345,True,True,False,False,False,-0.1999984658005633,-0.20665541913530328,0.0,"{""0.2425"": 4}"
c3_w2_tcop_cm0_states_L0.4_km0_4221_ucp0_2425_s31415,cm0,stageC,-0.2,-0.4221,0.5,0.24248438819907564,31415,250,10,1,True,,0.44034000000000006,0.001353159874151838,1.6647866078770632,-0.028720707208072266,-3.1653220335749106,0.002016280108239494,0.02267495175292464,0.13171640066376797,0.24634099039999996,0.04638538994123042,True,True,False,False,False,-0.1999984658005633,-0.20665541913530328,0.0,"{""0.2425"": 4}"
c3_w2_tcop_cm0_states_L0.4_km0_4221_ucp0_2425_s31415,cm0,stageC,-0.2,-0.4221,0.5,0.24248438819907564,31415,275,11,2,True,,0.4399,0.0020634183354102855,2.2078377986423936,-0.028893028231463287,-2.8797903933103144,0.002422065342652056,0.021803952641618177,0.13184814700648292,0.24629599200000002,0.046166113113408194,True,True,False,False,False,-0.1999984658005633,-0.20665541913530328,0.0,"{""0.2425"": 4}"
c3_w2_tcop_cm0_states_L0.4_km0_4221_ucp0_2425_s31415,cm0,stageC,-0.2,-0.4221,0.5,0.24248438819907564,31415,300,12,0,False,EXITS_PRIMARY_BLOCK_SET,0.44120000000000004,0.0007234439952826019,1.1461399614842784,-0.029388565780970835,-2.7587739574135672,0.006002776147962965,0.021802238326333864,0.12330009038236606,0.24645003199999999,0.04587548364867667,True,True,False,False,False,-0.1999984658005633,-0.20665541913530328,0.0,"{""0.2425"": 4}"
c3_w2_tcop_cm0_states_L0.4_kp0_7599_ucp0_0498_s42,cm0,stageC,0.35,0.7599,0.1,0.04977134874876729,42,0,0,0,False,PRE_PRIMARY_PHASE_IMBALANCE,0.37716,0.003941879385967951,4.05391549753894,0.06367376502014672,5.976977513016329,0.06293852403871142,0.08272793122129982,0.8049634086197809,0.23393679039999998,0.05166831137167151,False,True,False,False,False,0.34999882961319734,0.3528683234799969,0.0,"{""0.0498"": 4}"
c3_w2_tcop_cm0_states_L0.4_kp0_7599_ucp0_0498_s42,cm0,stageC,0.35,0.7599,0.1,0.04977134874876729,42,25,1,1,False,PRE_PRIMARY_PHASE_IMBALANCE,0.3812879999999999,0.004303792451632362,5.159296693406879,0.056445369604358996,5.735398502180515,0.004717536007611529,0.0238786697103514,0.12274186409553449,0.2358245664,0.05103588008450525,True,True,False,False,False,0.34999882961319734,0.3528683234799969,0.0,"{""0.0498"": 4}"
c3_w2_tcop_cm0_states_L0.4_kp0_7599_ucp0_0498_s42,cm0,stageC,0.35,0.7599,0.1,0.04977134874876729,42,50,2,2,False,PRE_PRIMARY_PHASE_IMBALANCE,0.3823279999999999,0.0050654112032471185,5.708318384781966,0.06588252175523741,6.558137678646271,0.012784438419613586,0.02526983941998696,0.13391642742902327,0.23605995840000002,0.05080020094448446,True,True,False,False,False,0.34999882961319734,0.3528683234799969,0.0,"{""0.0498"": 4}"
c3_w2_tcop_cm0_states_L0.4_kp0_7599_ucp0_0498_s42,cm0,stageC,0.35,0.7599,0.1,0.04977134874876729,42,75,3,0,True,,0.382336,0.004432598613533575,4.888085158821304,0.04938290801933073,4.80613603079383,0.001545601492833347,0.02533132200356788,0.13077502476676264,0.23606138240000005,0.05008615681004084,True,True,False,False,False,0.34999882961319734,0.3528683234799969,0.0,"{""0.0498"": 4}"
c3_w2_tcop_cm0_states_L0.4_kp0_7599_ucp0_0498_s42,cm0,stageC,0.35,0.7599,0.1,0.04977134874876729,42,100,4,1,True,,0.38170800000000005,0.004638706100123527,5.155830786144725,0.05007177633790091,5.2894254815411195,0.009517126355252559,0.027868743344996238,0.13099018063286544,0.2358938416,0.05043810797403091,True,True,False,False,False,0.34999882961319734,0.3528683234799969,0.0,"{""0.0498"": 4}"
c3_w2_tcop_cm0_states_L0.4_kp0_7599_ucp0_0498_s42,cm0,stageC,0.35,0.7599,0.1,0.04977134874876729,42,125,5,2,True,,0.381644,0.0035678321369674504,3.8825553345566224,0.058140061288712006,5.3509106083056945,0.020187741541482715,0.026982302554231844,0.13101214710302753,0.23588581600000003,0.05113723950312531,True,True,False,False,False,0.34999882961319734,0.3528683234799969,0.0,"{""0.0498"": 4}"
c3_w2_tcop_cm0_states_L0.4_kp0_7599_ucp0_0498_s42,cm0,stageC,0.35,0.7599,0.1,0.04977134874876729,42,150,6,0,True,,0.38119600000000003,0.0035183640350632457,3.7048970395060845,0.06422329623931515,6.5338331238096785,0.007008749209615069,0.027644389497846433,0.15949800060992758,0.23577456159999996,0.05056688228475234,True,True,False,False,False,0.34999882961319734,0.3528683234799969,0.0,"{""0.0498"": 4}"
c3_w2_tcop_cm0_states_L0.4_kp0_7599_ucp0_0498_s42,cm0,stageC,0.35,0.7599,0.1,0.04977134874876729,42,175,7,1,True,,0.38154,0.003712759655344919,4.375577090183464,0.0795680458617673,7.5732912485713415,0.009900030706800017,0.02708578852688388,0.15830581286809808,0.2358604304,0.05124361813923759,True,True,False,False,False,0.34999882961319734,0.3528683234799969,0.0,"{""0.0498"": 4}"
c3_w2_tcop_cm0_states_L0.4_kp0_7599_ucp0_0498_s42,cm0,stageC,0.35,0.7599,0.1,0.04977134874876729,42,200,8,2,True,,0.381376,0.003860271737652057,3.8790416176465277,0.06860198741908297,7.011389744801671,0.006688871588199199,0.026533344961386738,0.14264138240832833,0.23582594880000002,0.0509818264090254,True,True,False,False,False,0.34999882961319734,0.3528683234799969,0.0,"{""0.0498"": 4}"
c3_w2_tcop_cm0_states_L0.4_kp0_7599_ucp0_0498_s42,cm0,stageC,0.35,0.7599,0.1,0.04977134874876729,42,225,9,0,True,,0.38265200000000005,0.0041299689950968785,4.514966074599349,0.07619359578064988,8.252307455616672,0.0016440601607913966,0.026332787328311156,0.14216572723475707,0.23612791519999998,0.05090822031853009,True,True,False,False,False,0.34999882961319734,0.3528683234799969,0.0,"{""0.0498"": 4}"
c3_w2_tcop_cm0_states_L0.4_kp0_7599_ucp0_0498_s42,cm0,stageC,0.35,0.7599,0.1,0.04977134874876729,42,250,10,1,True,,0.382164,0.0028249368738933,3.336546217594143,0.056174980676997936,5.6201330963308544,0.0023382876424725553,0.026068663923936423,0.12560052719355946,0.23601542560000002,0.05153403830479424,True,True,False,False,False,0.34999882961319734,0.3528683234799969,0.0,"{""0.0498"": 4}"
c3_w2_tcop_cm0_states_L0.4_kp0_7599_ucp0_0498_s42,cm0,stageC,0.35,0.7599,0.1,0.04977134874876729,42,275,11,2,True,,0.381548,0.0027683921475904877,3.1482307852384697,0.03871470303352633,4.060598413663252,0.006320361123095586,0.02675504682833739,0.12056150177550001,0.2358649136,0.050297949222607476,True,True,False,False,False,0.34999882961319734,0.3528683234799969,0.0,"{""0.0498"": 4}"
c3_w2_tcop_cm0_states_L0.4_kp0_7599_ucp0_0498_s42,cm0,stageC,0.35,0.7599,0.1,0.04977134874876729,42,300,12,0,False,EXITS_PRIMARY_BLOCK_SET,0.38237199999999993,0.0015726973741849247,2.0233188680191065,0.053608338742154316,5.431742267227548,0.013948650380747805,0.025285927023614773,0.1203016954162394,0.2360701712,0.04977804351317958,True,True,False,False,False,0.34999882961319734,0.3528683234799969,0.0,"{""0.0498"": 4}"
c3_w2_tcop_cm0_states_L0.4_kp0_7599_ucp0_0498_s137,cm0,stageC,0.35,0.7599,0.1,0.04977134874876729,137,0,0,0,False,PRE_PRIMARY_PHASE_IMBALANCE,0.378084,0.004809173037618548,5.363780138825059,0.054420258933825696,5.539301101403479,0.054597137609171315,0.08197690600127057,0.7871266681818678,0.23417585119999998,0.05053522478430268,False,True,False,False,False,0.34999882961319734,0.3528683234799969,0.0,"{""0.0498"": 4}"
c3_w2_tcop_cm0_states_L0.4_kp0_7599_ucp0_0498_s137,cm0,stageC,0.35,0.7599,0.1,0.04977134874876729,137,25,1,1,False,PRE_PRIMARY_PHASE_IMBALANCE,0.380856,0.004880856822107444,5.3674085721123355,0.05805610152840945,5.770658315623854,0.005276222359155406,0.02295113924063826,0.10187577430347487,0.23572830079999998,0.05029659296612445,True,True,False,False,False,0.34999882961319734,0.3528683234799969,0.0,"{""0.0498"": 4}"
c3_w2_tcop_cm0_states_L0.4_kp0_7599_ucp0_0498_s137,cm0,stageC,0.35,0.7599,0.1,0.04977134874876729,137,50,2,2,False,PRE_PRIMARY_PHASE_IMBALANCE,0.38053200000000004,0.006159341701421769,6.292580210222147,0.06361591286222555,6.084256089590549,0.0022133334968129506,0.02423467678245193,0.10406483527255297,0.23564235040000003,0.05152161658954424,True,True,False,False,False,0.34999882961319734,0.3528683234799969,0.0,"{""0.0498"": 4}"
c3_w2_tcop_cm0_states_L0.4_kp0_7599_ucp0_0498_s137,cm0,stageC,0.35,0.7599,0.1,0.04977134874876729,137,75,3,0,True,,0.38033599999999995,0.006166297539974242,6.465938051320478,0.06915520462664704,6.594799309045887,0.005222852000972056,0.02552309816519939,0.10411846340047091,0.2355862944,0.05014426292209309,True,True,False,False,False,0.34999882961319734,0.3528683234799969,0.0,"{""0.0498"": 4}"
c3_w2_tcop_cm0_states_L0.4_kp0_7599_ucp0_0498_s137,cm0,stageC,0.35,0.7599,0.1,0.04977134874876729,137,100,4,1,True,,0.380668,0.00569065920364943,6.395735783143439,0.06613707797902875,6.461533924656287,0.013655468298692384,0.025180291666225908,0.10402765637240931,0.23566799520000004,0.049769807875859835,True,True,False,False,False,0.34999882961319734,0.3528683234799969,0.0,"{""0.0498"": 4}"
c3_w2_tcop_cm0_states_L0.4_kp0_7599_ucp0_0498_s137,cm0,stageC,0.35,0.7599,0.1,0.04977134874876729,137,125,5,2,True,,0.380504,0.005406866514717642,6.124792073821142,0.07509293204664999,6.884060677997738,0.000826355156103645,0.023838121896519997,0.10197001844403733,0.23563843199999998,0.049860465140229085,True,True,False,False,False,0.34999882961319734,0.3528683234799969,0.0,"{""0.0498"": 4}"
c3_w2_tcop_cm0_states_L0.4_kp0_7599_ucp0_0498_s137,cm0,stageC,0.35,0.7599,0.1,0.04977134874876729,137,150,6,0,True,,0.38032399999999994,0.005717412534515408,6.2336215808025575,0.06621710326563658,7.118724425367195,0.00233066711155063,0.02164157249102015,0.09360440021243893,0.23560990880000002,0.05031197694386497,True,True,False,False,False,0.34999882961319734,0.3528683234799969,0.0,"{""0.0498"": 4}"
c3_w2_tcop_cm0_states_L0.4_kp0_7599_ucp0_0498_s137,cm0,stageC,0.35,0.7599,0.1,0.04977134874876729,137,175,7,1,True,,0.380704,0.004948849590290154,5.024401654403001,0.06904618701464564,7.559508392396294,0.0038559794350044637,0.019984637177268325,0.085105488555136,0.23571057919999994,0.05134884988001191,True,True,False,False,False,0.34999882961319734,0.3528683234799969,0.0,"{""0.0498"": 4}"
c3_w2_tcop_cm0_states_L0.4_kp0_7599_ucp0_0498_s137,cm0,stageC,0.35,0.7599,0.1,0.04977134874876729,137,200,8,2,True,,0.3802040000000001,0.004836652048333232,5.36290841364444,0.08180856650793236,7.995638047032895,0.010514354792325669,0.022614539511818854,0.11257114572026819,0.2355749904,0.05036743376428861,True,True,False,False,False,0.34999882961319734,0.3528683234799969,0.0,"{""0.0498"": 4}"
c3_w2_tcop_cm0_states_L0.4_kp0_7599_ucp0_0498_s137,cm0,stageC,0.35,0.7599,0.1,0.04977134874876729,137,225,9,0,True,,0.38122799999999996,0.0050812186622081115,5.985432636111351,0.08180262112856057,8.71625582487778,0.009505184180414582,0.02159104961176556,0.11226877324784967,0.2358254608,0.05027496410739644,True,True,False,False,False,0.34999882961319734,0.3528683234799969,0.0,"{""0.0498"": 4}"
c3_w2_tcop_cm0_states_L0.4_kp0_7599_ucp0_0498_s137,cm0,stageC,0.35,0.7599,0.1,0.04977134874876729,137,250,10,1,True,,0.380864,0.004442268584849407,4.8526324989842005,0.044870295947626884,4.702382645224089,0.0015414917354476846,0.022565686771320877,0.11237607095347403,0.2357327488,0.05014193358856437,True,True,False,False,False,0.34999882961319734,0.3528683234799969,0.0,"{""0.0498"": 4}"
c3_w2_tcop_cm0_states_L0.4_kp0_7599_ucp0_0498_s137,cm0,stageC,0.35,0.7599,0.1,0.04977134874876729,137,275,11,2,True,,0.38108800000000004,0.005560373932343009,6.10100590964939,0.04142170274951351,4.500341772677781,0.000736911374988195,0.022770399204154655,0.11231001733901351,0.23578463679999997,0.05089063033604516,True,True,False,False,False,0.34999882961319734,0.3528683234799969,0.0,"{""0.0498"": 4}"
c3_w2_tcop_cm0_states_L0.4_kp0_7599_ucp0_0498_s137,cm0,stageC,0.35,0.7599,0.1,0.04977134874876729,137,300,12,0,False,EXITS_PRIMARY_BLOCK_SET,0.381008,0.00581838596143835,6.655221725443497,0.05405187564337482,5.690363108548263,0.0035013789784971907,0.021008206720422654,0.09973543836419338,0.23577683519999998,0.050091355900993534,True,True,False,False,False,0.34999882961319734,0.3528683234799969,0.0,"{""0.0498"": 4}"
c3_w2_tcop_cm0_states_L0.4_kp0_7599_ucp0_0498_s256,cm0,stageC,0.35,0.7599,0.1,0.04977134874876729,256,0,0,0,False,PRE_PRIMARY_PHASE_IMBALANCE,0.37942,0.0043596362087539335,4.6962299159107825,0.07243683318585965,7.068567598254969,0.0718889028961889,0.08353450510673967,0.8086026018433329,0.23445591200000002,0.04958571971848346,False,True,False,False,False,0.34999882961319734,0.3528683234799969,0.0,"{""0.0498"": 4}"
c3_w2_tcop_cm0_states_L0.4_kp0_7599_ucp0_0498_s256,cm0,stageC,0.35,0.7599,0.1,0.04977134874876729,256,25,1,1,False,PRE_PRIMARY_PHASE_IMBALANCE,0.3834679999999999,0.004123629103692084,4.394868323882674,0.06840259262716097,6.367316652727779,0.013007444639115183,0.027340298782004037,0.12725964062904957,0.236310376,0.04871399158352762,True,True,False,False,False,0.34999882961319734,0.3528683234799969,0.0,"{""0.0498"": 4}"
c3_w2_tcop_cm0_states_L0.4_kp0_7599_ucp0_0498_s256,cm0,stageC,0.35,0.7599,0.1,0.04977134874876729,256,50,2,2,False,PRE_PRIMARY_PHASE_IMBALANCE,0.38220800000000005,0.004426368364145078,4.646127354016322,0.07588348322443696,7.810636818855607,0.03443537579846432,0.02639071023368296,0.11616711289097265,0.23602330240000005,0.0485024198983927,True,True,False,False,False,0.34999882961319734,0.3528683234799969,0.0,"{""0.0498"": 4}"
c3_w2_tcop_cm0_states_L0.4_kp0_7599_ucp0_0498_s256,cm0,stageC,0.35,0.7599,0.1,0.04977134874876729,256,75,3,0,True,,0.38095200000000007,0.0034337968526277477,3.90607036185415,0.04792153084030919,4.750946116156214,0.019029181895521944,0.02732940337567999,0.1302001298583544,0.23571918079999996,0.04957876255010808,True,True,False,False,False,0.34999882961319734,0.3528683234799969,0.0,"{""0.0498"": 4}"
c3_w2_tcop_cm0_states_L0.4_kp0_7599_ucp0_0498_s256,cm0,stageC,0.35,0.7599,0.1,0.04977134874876729,256,100,4,1,True,,0.380768,0.003403371089701941,3.4744800564410427,0.044491913227218176,4.5200962064850145,0.005366954027304994,0.027169276128470737,0.13026304697279426,0.23567670720000003,0.050638820839352096,True,True,False,False,False,0.34999882961319734,0.3528683234799969,0.0,"{""0.0498"": 4}"
c3_w2_tcop_cm0_states_L0.4_kp0_7599_ucp0_0498_s256,cm0,stageC,0.35,0.7599,0.1,0.04977134874876729,256,125,5,2,True,,0.380848,0.003861934961888849,4.329856473669813,0.04189472194451183,4.288186799469303,0.013068567251771874,0.026777716625406827,0.14178884977264195,0.23569879679999997,0.05075668326437416,True,True,False,False,False,0.34999882961319734,0.3528683234799969,0.0,"{""0.0498"": 4}"
c3_w2_tcop_cm0_states_L0.4_kp0_7599_ucp0_0498_s256,cm0,stageC,0.35,0.7599,0.1,0.04977134874876729,256,150,6,0,True,,0.382312,0.0038243701655332556,4.395453042013407,0.06758444153164075,7.035188828159392,0.006122523136298535,0.027684590446587005,0.1412458930369805,0.2360375104,0.051027195258998896,True,True,False,False,False,0.34999882961319734,0.3528683234799969,0.0,"{""0.0498"": 4}"
c3_w2_tcop_cm0_states_L0.4_kp0_7599_ucp0_0498_s256,cm0,stageC,0.35,0.7599,0.1,0.04977134874876729,256,175,7,1,True,,0.38243199999999994,0.005139280233470636,5.293437858562794,0.06701731759126486,6.9865655312941515,0.00979346530536166,0.026853387548943012,0.12760438423666332,0.2360723008,0.051120302972498116,True,True,False,False,False,0.34999882961319734,0.3528683234799969,0.0,"{""0.0498"": 4}"
c3_w2_tcop_cm0_states_L0.4_kp0_7599_ucp0_0498_s256,cm0,stageC,0.35,0.7599,0.1,0.04977134874876729,256,200,8,2,True,,0.381644,0.004632875194736572,4.584108260596691,0.05574558981701112,5.6315226988851155,0.010238208185732301,0.02593268405347205,0.13101214710302753,0.23589390559999998,0.0504132647623619,True,True,False,False,False,0.34999882961319734,0.3528683234799969,0.0,"{""0.0498"": 4}"
c3_w2_tcop_cm0_states_L0.4_kp0_7599_ucp0_0498_s256,cm0,stageC,0.35,0.7599,0.1,0.04977134874876729,256,225,9,0,True,,0.381724,0.002824471536111077,3.1652887419016174,0.06067814495799686,6.250171539663506,0.010110304629741168,0.0254272592491953,0.12155379247426465,0.23591657759999995,0.05002347273030931,True,True,False,False,False,0.34999882961319734,0.3528683234799969,0.0,"{""0.0498"": 4}"
c3_w2_tcop_cm0_states_L0.4_kp0_7599_ucp0_0498_s256,cm0,stageC,0.35,0.7599,0.1,0.04977134874876729,256,250,10,1,True,,0.38017199999999995,0.004692685884507231,5.651997583628495,0.05435216206457579,5.505958780215876,0.014836242589057354,0.025013985780054978,0.1241543298187286,0.23555081759999996,0.05071972413174188,True,True,False,False,False,0.34999882961319734,0.3528683234799969,0.0,"{""0.0498"": 4}"
c3_w2_tcop_cm0_states_L0.4_kp0_7599_ucp0_0498_s256,cm0,stageC,0.35,0.7599,0.1,0.04977134874876729,256,275,11,2,True,,0.37998800000000005,0.0038033897180767577,4.435095287459065,0.06932988102124507,6.929674214392938,0.004808843241008376,0.024001891290206002,0.10105582254951251,0.23551393759999997,0.05094663733751228,True,True,False,False,False,0.34999882961319734,0.3528683234799969,0.0,"{""0.0498"": 4}"
c3_w2_tcop_cm0_states_L0.4_kp0_7599_ucp0_0498_s256,cm0,stageC,0.35,0.7599,0.1,0.04977134874876729,256,300,12,0,False,EXITS_PRIMARY_BLOCK_SET,0.38055199999999995,0.003991048524216059,4.032746703353705,0.06828553876563595,6.467837306623925,0.007224334430690016,0.023128498065284085,0.10405936612063703,0.2356547072,0.05038824561343647,True,True,False,False,False,0.34999882961319734,0.3528683234799969,0.0,"{""0.0498"": 4}"
c3_w2_tcop_cm0_states_L0.4_kp0_7599_ucp0_0498_s1024,cm0,stageC,0.35,0.7599,0.1,0.04977134874876729,1024,0,0,0,False,PRE_PRIMARY_PHASE_IMBALANCE,0.37632800000000005,0.0035305393392322604,4.0419868393869764,0.07137820047944514,6.97847089923334,0.051205562587676653,0.08093029522108745,0.8194978826462609,0.23377764799999998,0.04976702136957766,False,True,False,False,False,0.34999882961319734,0.3528683234799969,0.0,"{""0.0498"": 4}"
c3_w2_tcop_cm0_states_L0.4_kp0_7599_ucp0_0498_s1024,cm0,stageC,0.35,0.7599,0.1,0.04977134874876729,1024,25,1,1,False,PRE_PRIMARY_PHASE_IMBALANCE,0.3798719999999999,0.004419905464468803,4.704351477436429,0.05253610817947826,5.085984932892185,0.00235302781617414,0.02212568458873328,0.12214640688930377,0.2354986208,0.04972387370267928,True,True,False,False,False,0.34999882961319734,0.3528683234799969,0.0,"{""0.0498"": 4}"
c3_w2_tcop_cm0_states_L0.4_kp0_7599_ucp0_0498_s1024,cm0,stageC,0.35,0.7599,0.1,0.04977134874876729,1024,50,2,2,False,PRE_PRIMARY_PHASE_IMBALANCE,0.3801440000000001,0.004850668420646504,5.078174180307437,0.05425945297475585,5.53392719564816,0.013115499823072786,0.021621538799145378,0.12205900889647336,0.23556698239999996,0.05043866834086721,True,True,False,False,False,0.34999882961319734,0.3528683234799969,0.0,"{""0.0498"": 4}"
c3_w2_tcop_cm0_states_L0.4_kp0_7599_ucp0_0498_s1024,cm0,stageC,0.35,0.7599,0.1,0.04977134874876729,1024,75,3,0,True,,0.38223199999999996,0.003952633850811981,4.771006035117091,0.05542181745063489,5.53397517259569,0.023493004129179925,0.025174510766086608,0.13395006139216473,0.23603810560000002,0.04988685373923675,True,True,False,False,False,0.34999882961319734,0.3528683234799969,0.0,"{""0.0498"": 4}"
c3_w2_tcop_cm0_states_L0.4_kp0_7599_ucp0_0498_s1024,cm0,stageC,0.35,0.7599,0.1,0.04977134874876729,1024,100,4,1,True,,0.3823360000000001,0.0039986946269557596,4.655575973562071,0.04893498028855188,4.494454137406473,0.0017590476778713755,0.026151539708743305,0.13495982555929897,0.2360552096,0.05096256571249136,True,True,False,False,False,0.34999882961319734,0.3528683234799969,0.0,"{""0.0498"": 4}"
c3_w2_tcop_cm0_states_L0.4_kp0_7599_ucp0_0498_s1024,cm0,stageC,0.35,0.7599,0.1,0.04977134874876729,1024,125,5,2,True,,0.3816400000000001,0.004066680448905532,3.746476347435205,0.07995720536526417,8.109789000927986,0.02626654022109112,0.028019795141397713,0.14987946716832745,0.23587655999999999,0.050798724393433345,True,True,False,False,False,0.34999882961319734,0.3528683234799969,0.0,"{""0.0498"": 4}"
c3_w2_tcop_cm0_states_L0.4_kp0_7599_ucp0_0498_s1024,cm0,stageC,0.35,0.7599,0.1,0.04977134874876729,1024,150,6,0,True,,0.38181999999999994,0.0036728215769297134,4.100755445352179,0.09104329898049868,9.052636148759788,0.021105038529878505,0.02826243523924757,0.14980881004188143,0.2359170384,0.0509745779776547,True,True,False,False,False,0.34999882961319734,0.3528683234799969,0.0,"{""0.0498"": 4}"
c3_w2_tcop_cm0_states_L0.4_kp0_7599_ucp0_0498_s1024,cm0,stageC,0.35,0.7599,0.1,0.04977134874876729,1024,175,7,1,True,,0.38028400000000007,0.004889899288578771,4.985776780627636,0.07701055619663984,7.855033638986099,0.0037283235120330427,0.0261248832753681,0.1251696097517391,0.23556937759999996,0.050079530189489595,True,True,False,False,False,0.34999882961319734,0.3528683234799969,0.0,"{""0.0498"": 4}"
c3_w2_tcop_cm0_states_L0.4_kp0_7599_ucp0_0498_s1024,cm0,stageC,0.35,0.7599,0.1,0.04977134874876729,1024,200,8,2,True,,0.38051199999999996,0.004423378527980104,4.418352058170117,0.07961200570895989,7.965603257114643,0.002373040258011572,0.024611047076703186,0.12509460903967645,0.2356349184,0.051951302736312585,True,True,False,False,False,0.34999882961319734,0.3528683234799969,0.0,"{""0.0498"": 4}"
c3_w2_tcop_cm0_states_L0.4_kp0_7599_ucp0_0498_s1024,cm0,stageC,0.35,0.7599,0.1,0.04977134874876729,1024,225,9,0,True,,0.3812520000000001,0.003855133169338187,4.38556948915794,0.06329494836992751,6.955276353115871,0.010209701815899213,0.022770069311904794,0.11960592962238646,0.2358235504,0.05106537472691256,True,True,False,False,False,0.34999882961319734,0.3528683234799969,0.0,"{""0.0498"": 4}"
c3_w2_tcop_cm0_states_L0.4_kp0_7599_ucp0_0498_s1024,cm0,stageC,0.35,0.7599,0.1,0.04977134874876729,1024,250,10,1,True,,0.381276,0.004042345226425544,4.387814700659449,0.060773272257266774,5.800845094627211,0.0024646029829636104,0.023407446034978744,0.11959840084453684,0.23582496160000002,0.05146738602260659,True,True,False,False,False,0.34999882961319734,0.3528683234799969,0.0,"{""0.0498"": 4}"
c3_w2_tcop_cm0_states_L0.4_kp0_7599_ucp0_0498_s1024,cm0,stageC,0.35,0.7599,0.1,0.04977134874876729,1024,275,11,2,True,,0.382504,0.0037362119211184447,4.467772165598424,0.06179353661711162,6.484266479114351,0.015160573177873154,0.0234999225075582,0.11503147649428111,0.23611389119999998,0.051008724587074325,True,True,False,False,False,0.34999882961319734,0.3528683234799969,0.0,"{""0.0498"": 4}"
c3_w2_tcop_cm0_states_L0.4_kp0_7599_ucp0_0498_s1024,cm0,stageC,0.35,0.7599,0.1,0.04977134874876729,1024,300,12,0,False,EXITS_PRIMARY_BLOCK_SET,0.3824680000000001,0.004019815462518391,4.563349095099604,0.06620182131257585,6.5443650312301385,0.0015959009289872414,0.024722564096566417,0.11713398214456114,0.23609682080000002,0.051431789546932935,True,True,False,False,False,0.34999882961319734,0.3528683234799969,0.0,"{""0.0498"": 4}"
c3_w2_tcop_cm0_states_L0.4_kp0_7599_ucp0_0498_s31415,cm0,stageC,0.35,0.7599,0.1,0.04977134874876729,31415,0,0,0,False,PRE_PRIMARY_PHASE_IMBALANCE,0.375,0.004322301988046674,4.475920509186465,0.07390225750434136,7.168127388363372,0.07592823262080661,0.08255703676371472,0.8191999978154667,0.23341654720000002,0.04917926392291775,False,True,False,False,False,0.34999882961319734,0.3528683234799969,0.0,"{""0.0498"": 4}"
c3_w2_tcop_cm0_states_L0.4_kp0_7599_ucp0_0498_s31415,cm0,stageC,0.35,0.7599,0.1,0.04977134874876729,31415,25,1,1,False,PRE_PRIMARY_PHASE_IMBALANCE,0.380376,0.004778092082873,5.022403320507346,0.0630329720795331,6.895437592513277,0.006467931778383649,0.02607471708045914,0.13144888181312991,0.235591728,0.05018783342604062,True,True,False,False,False,0.34999882961319734,0.3528683234799969,0.0,"{""0.0498"": 4}"
c3_w2_tcop_cm0_states_L0.4_kp0_7599_ucp0_0498_s31415,cm0,stageC,0.35,0.7599,0.1,0.04977134874876729,31415,50,2,2,False,PRE_PRIMARY_PHASE_IMBALANCE,0.38106399999999996,0.0047385839300592295,5.380384504723015,0.05450464241534532,5.398097650376259,0.0012572373867219327,0.026088276264948487,0.13016186223269102,0.23575539839999998,0.05016600346848451,True,True,False,False,False,0.34999882961319734,0.3528683234799969,0.0,"{""0.0498"": 4}"
c3_w2_tcop_cm0_states_L0.4_kp0_7599_ucp0_0498_s31415,cm0,stageC,0.35,0.7599,0.1,0.04977134874876729,31415,75,3,0,True,,0.38040399999999996,0.004263284054687388,4.776021009589127,0.05834519802628412,6.402835930103313,0.0015995122146063255,0.025589398654620635,0.11461498797432478,0.23560204,0.05026048929328086,True,True,False,False,False,0.34999882961319734,0.3528683234799969,0.0,"{""0.0498"": 4}"
c3_w2_tcop_cm0_states_L0.4_kp0_7599_ucp0_0498_s31415,cm0,stageC,0.35,0.7599,0.1,0.04977134874876729,31415,100,4,1,True,,0.380616,0.0036999845495133622,4.149733185970335,0.05765174666944291,5.782940924043524,0.00038467810359928785,0.02611779917614457,0.1145511483633081,0.23564864000000008,0.04942975363078395,True,True,False,False,False,0.34999882961319734,0.3528683234799969,0.0,"{""0.0498"": 4}"
c3_w2_tcop_cm0_states_L0.4_kp0_7599_ucp0_0498_s31415,cm0,stageC,0.35,0.7599,0.1,0.04977134874876729,31415,125,5,2,True,,0.3803039999999999,0.004668711642348638,5.477614233611855,0.06989528858001112,7.291757547617539,0.002038573156512609,0.025739056316467418,0.11780049613519583,0.23557704960000003,0.05005424641326647,True,True,False,False,False,0.34999882961319734,0.3528683234799969,0.0,"{""0.0498"": 4}"
c3_w2_tcop_cm0_states_L0.4_kp0_7599_ucp0_0498_s31415,cm0,stageC,0.35,0.7599,0.1,0.04977134874876729,31415,150,6,0,True,,0.37955599999999995,0.0040872131502705635,4.959933863700873,0.059116308009598856,5.565227979819296,0.007323604328408881,0.025511274684002543,0.11803264836273794,0.23539948320000004,0.04968302390152999,True,True,False,False,False,0.34999882961319734,0.3528683234799969,0.0,"{""0.0498"": 4}"
c3_w2_tcop_cm0_states_L0.4_kp0_7599_ucp0_0498_s31415,cm0,stageC,0.35,0.7599,0.1,0.04977134874876729,31415,175,7,1,True,,0.380136,0.0044007835975148095,4.90310412092076,0.06314629610503913,5.97829696063287,0.0018967740527423935,0.027016621500259297,0.15152471707093074,0.2355271488,0.05064446173077566,True,True,False,False,False,0.34999882961319734,0.3528683234799969,0.0,"{""0.0498"": 4}"
c3_w2_tcop_cm0_states_L0.4_kp0_7599_ucp0_0498_s31415,cm0,stageC,0.35,0.7599,0.1,0.04977134874876729,31415,200,8,2,True,,0.37972400000000006,0.006132998556023423,6.241398537810577,0.05035184815422978,5.259525534942495,0.0010360138913998206,0.026568032015581302,0.1516891211730386,0.23543190559999996,0.050113908488562335,True,True,False,False,False,0.34999882961319734,0.3528683234799969,0.0,"{""0.0498"": 4}"
c3_w2_tcop_cm0_states_L0.4_kp0_7599_ucp0_0498_s31415,cm0,stageC,0.35,0.7599,0.1,0.04977134874876729,31415,225,9,0,True,,0.380432,0.004665251062586135,5.051758221182076,0.04578040517599044,4.448744444163265,0.011203963450549517,0.026359689455840385,0.15140682132048097,0.23560293120000003,0.04886935006729678,True,True,False,False,False,0.34999882961319734,0.3528683234799969,0.0,"{""0.0498"": 4}"
c3_w2_tcop_cm0_states_L0.4_kp0_7599_ucp0_0498_s31415,cm0,stageC,0.35,0.7599,0.1,0.04977134874876729,31415,250,10,1,True,,0.38162800000000013,0.003863314719772468,4.206914385727126,0.05369726800713698,5.713447778732561,0.005615872818073252,0.02845746761970053,0.16455815567893822,0.23587012640000005,0.0495898136314304,True,True,False,False,False,0.34999882961319734,0.3528683234799969,0.0,"{""0.0498"": 4}"
c3_w2_tcop_cm0_states_L0.4_kp0_7599_ucp0_0498_s31415,cm0,stageC,0.35,0.7599,0.1,0.04977134874876729,31415,275,11,2,True,,0.3811280000000001,0.004056583257365995,3.9291545242414263,0.05259890535243861,5.062717259891124,0.0027571447905980666,0.027224934965498857,0.16477403873561106,0.23576178239999998,0.04985346142445878,True,True,False,False,False,0.34999882961319734,0.3528683234799969,0.0,"{""0.0498"": 4}"
c3_w2_tcop_cm0_states_L0.4_kp0_7599_ucp0_0498_s31415,cm0,stageC,0.35,0.7599,0.1,0.04977134874876729,31415,300,12,0,False,EXITS_PRIMARY_BLOCK_SET,0.383184,0.003077119845090731,3.4697904729115647,0.06464988193665647,6.212979575291204,0.009463554372831754,0.02702630757103246,0.1503194283938801,0.2362467744,0.05037561060672119,True,True,False,False,False,0.34999882961319734,0.3528683234799969,0.0,"{""0.0498"": 4}"
c3_w2_tcop_cm0_states_L0.4_kp0_7599_ucp0_1234_s42,cm0,stageC,0.35,0.7599,0.25,0.12339551870278656,42,0,0,0,False,PRE_PRIMARY_PHASE_IMBALANCE,0.3908920000000001,0.0022627033735727314,2.5255663401449566,0.06128286747803686,5.611190126849092,0.06544395404963799,0.08272685385005207,0.8032909325253751,0.23704974559999997,0.05086024317676824,False,True,False,False,False,0.34999882961319734,0.3564652879819238,0.0,"{""0.1234"": 4}"
c3_w2_tcop_cm0_states_L0.4_kp0_7599_ucp0_1234_s42,cm0,stageC,0.35,0.7599,0.25,0.12339551870278656,42,25,1,1,False,PRE_PRIMARY_PHASE_IMBALANCE,0.39530399999999993,0.0028102965430041754,3.41265033781406,0.05220400718273783,5.304275652875739,0.00538333232119371,0.022787121096397536,0.11636613817121469,0.2389576064,0.04995545599831914,True,True,False,False,False,0.34999882961319734,0.3564652879819238,0.0,"{""0.1234"": 4}"
c3_w2_tcop_cm0_states_L0.4_kp0_7599_ucp0_1234_s42,cm0,stageC,0.35,0.7599,0.25,0.12339551870278656,42,50,2,2,False,PRE_PRIMARY_PHASE_IMBALANCE,0.39615599999999995,0.00353558594453457,4.166828172799045,0.05318579601166856,5.327092031194544,0.01012611481837749,0.024005849146637708,0.1363099381649907,0.23912598239999996,0.04992457975787076,True,True,False,False,False,0.34999882961319734,0.3564652879819238,0.0,"{""0.1234"": 4}"
c3_w2_tcop_cm0_states_L0.4_kp0_7599_ucp0_1234_s42,cm0,stageC,0.35,0.7599,0.25,0.12339551870278656,42,75,3,0,True,,0.395984,0.003081741302239098,3.601974991448963,0.037735375472045404,3.8358377601507456,0.004354550761871345,0.024415326339225843,0.13636914588374996,0.2390872,0.04932050024077209,True,True,False,False,False,0.34999882961319734,0.3564652879819238,0.0,"{""0.1234"": 4}"
c3_w2_tcop_cm0_states_L0.4_kp0_7599_ucp0_1234_s42,cm0,stageC,0.35,0.7599,0.25,0.12339551870278656,42,100,4,1,True,,0.395708,0.003429673240407263,3.7786953908024423,0.03843241963455298,4.053782775751149,0.005739957567128794,0.027091382623058016,0.13646426118131483,0.23900825439999998,0.0497202045048087,True,True,False,False,False,0.34999882961319734,0.3564652879819238,0.0,"{""0.1234"": 4}"
c3_w2_tcop_cm0_states_L0.4_kp0_7599_ucp0_1234_s42,cm0,stageC,0.35,0.7599,0.25,0.12339551870278656,42,125,5,2,True,,0.3955560000000001,0.002411277277638989,2.710283781975744,0.05526194918564557,5.181427882106779,0.018017759015796702,0.026680849501365185,0.13651670019790693,0.2389800688,0.05068225393567259,True,True,False,False,False,0.34999882961319734,0.3564652879819238,0.0,"{""0.1234"": 4}"
c3_w2_tcop_cm0_states_L0.4_kp0_7599_ucp0_1234_s42,cm0,stageC,0.35,0.7599,0.25,0.12339551870278656,42,150,6,0,True,,0.3951199999999999,0.0021752868956017844,2.5170925677285294,0.06524097623094319,6.595257001374917,0.005012851950784361,0.027291817649655433,0.15691435473548707,0.23888390079999997,0.05007859422947094,True,True,False,False,False,0.34999882961319734,0.3564652879819238,0.0,"{""0.1234"": 4}"
c3_w2_tcop_cm0_states_L0.4_kp0_7599_ucp0_1234_s42,cm0,stageC,0.35,0.7599,0.25,0.12339551870278656,42,175,7,1,True,,0.395404,0.002370733625492432,2.8963969879127074,0.07921897819153928,7.362710851127163,0.0034461367567852684,0.02658106864009257,0.14972028570848978,0.23894921119999998,0.05052481354740461,True,True,False,False,False,0.34999882961319734,0.3564652879819238,0.0,"{""0.1234"": 4}"
c3_w2_tcop_cm0_states_L0.4_kp0_7599_ucp0_1234_s42,cm0,stageC,0.35,0.7599,0.25,0.12339551870278656,42,200,8,2,True,,0.3949240000000001,0.002754089235832825,2.8589531798736356,0.07749306328991766,7.628828312677812,0.0036849255119157432,0.025892097403313497,0.14382514067561064,0.23885447519999997,0.05041144933445179,True,True,False,False,False,0.34999882961319734,0.3564652879819238,0.0,"{""0.1234"": 4}"
c3_w2_tcop_cm0_states_L0.4_kp0_7599_ucp0_1234_s42,cm0,stageC,0.35,0.7599,0.25,0.12339551870278656,42,225,9,0,True,,0.39628800000000003,0.002675184270075049,3.020233720925588,0.07696321793951176,8.415620876954657,0.0012682954309941774,0.026090555445033938,0.1433301029974915,0.23913691839999998,0.05015477101931579,True,True,False,False,False,0.34999882961319734,0.3564652879819238,0.0,"{""0.1234"": 4}"
c3_w2_tcop_cm0_states_L0.4_kp0_7599_ucp0_1234_s42,cm0,stageC,0.35,0.7599,0.25,0.12339551870278656,42,250,10,1,True,,0.39594,0.00130379358714213,1.794064766940614,0.05898763070505552,6.01464067944192,0.005186152789179768,0.025603663339576824,0.12224074323826653,0.2390687472,0.05091675951982804,True,True,False,False,False,0.34999882961319734,0.3564652879819238,0.0,"{""0.1234"": 4}"
c3_w2_tcop_cm0_states_L0.4_kp0_7599_ucp0_1234_s42,cm0,stageC,0.35,0.7599,0.25,0.12339551870278656,42,275,11,2,True,,0.39565200000000006,0.0014716257528797675,1.8709619886956728,0.04193963073533812,4.366169783302815,0.003492509018849024,0.02568058685048265,0.11221982926354512,0.23900825759999997,0.049454776270851736,True,True,False,False,False,0.34999882961319734,0.3564652879819238,0.0,"{""0.1234"": 4}"
c3_w2_tcop_cm0_states_L0.4_kp0_7599_ucp0_1234_s42,cm0,stageC,0.35,0.7599,0.25,0.12339551870278656,42,300,12,0,False,EXITS_PRIMARY_BLOCK_SET,0.396548,0.00013477728083031507,0.5803929559951077,0.05416030582750356,5.495903756343861,0.010129421079008669,0.02502550653170169,0.12205331984513015,0.23919920160000005,0.04910441625760355,True,True,False,False,False,0.34999882961319734,0.3564652879819238,0.0,"{""0.1234"": 4}"
c3_w2_tcop_cm0_states_L0.4_kp0_7599_ucp0_1234_s137,cm0,stageC,0.35,0.7599,0.25,0.12339551870278656,137,0,0,0,False,PRE_PRIMARY_PHASE_IMBALANCE,0.39208800000000005,0.003050928390915746,3.6541227097038593,0.05415077253777479,5.258274098244026,0.05565960266719414,0.08266619034510224,0.7977800881491395,0.23730443519999994,0.04969869471122959,False,True,False,False,False,0.34999882961319734,0.3564652879819238,0.0,"{""0.1234"": 4}"
c3_w2_tcop_cm0_states_L0.4_kp0_7599_ucp0_1234_s137,cm0,stageC,0.35,0.7599,0.25,0.12339551870278656,137,25,1,1,False,PRE_PRIMARY_PHASE_IMBALANCE,0.39531600000000006,0.002644667150222003,3.127430451330942,0.054679742142027796,5.553548925326685,0.0003649091488265586,0.02376888272067709,0.09410193340491675,0.23895297119999998,0.049596170658630485,True,True,False,False,False,0.34999882961319734,0.3564652879819238,0.0,"{""0.1234"": 4}"
c3_w2_tcop_cm0_states_L0.4_kp0_7599_ucp0_1234_s137,cm0,stageC,0.35,0.7599,0.25,0.12339551870278656,137,50,2,2,False,PRE_PRIMARY_PHASE_IMBALANCE,0.39498399999999995,0.0038661322604774174,4.1253558233894845,0.0538842441137375,5.114759601434963,0.0007826922465441504,0.02477800861953983,0.10025722535531262,0.23887585599999997,0.05054067415458563,True,True,False,False,False,0.34999882961319734,0.3564652879819238,0.0,"{""0.1234"": 4}"
c3_w2_tcop_cm0_states_L0.4_kp0_7599_ucp0_1234_s137,cm0,stageC,0.35,0.7599,0.25,0.12339551870278656,137,75,3,0,True,,0.39494799999999997,0.004069757303819232,4.292115383531983,0.06469558436257765,6.2676332985058965,0.009212665574132473,0.025241746439557827,0.10026636392571595,0.23886469279999997,0.0491548298339034,True,True,False,False,False,0.34999882961319734,0.3564652879819238,0.0,"{""0.1234"": 4}"
c3_w2_tcop_cm0_states_L0.4_kp0_7599_ucp0_1234_s137,cm0,stageC,0.35,0.7599,0.25,0.12339551870278656,137,100,4,1,True,,0.395056,0.004042613066447213,4.569373548205191,0.06936775482666191,7.069445217664175,0.008767228812796304,0.024311538006348065,0.10023895321109176,0.238894512,0.049207691106167545,True,True,False,False,False,0.34999882961319734,0.3564652879819238,0.0,"{""0.1234"": 4}"
c3_w2_tcop_cm0_states_L0.4_kp0_7599_ucp0_1234_s137,cm0,stageC,0.35,0.7599,0.25,0.12339551870278656,137,125,5,2,True,,0.39464,0.004388701186611925,5.0956119423991355,0.07675237780871581,7.00530613244991,0.0016348685303493066,0.023080755447578153,0.10034461762531777,0.23881630399999998,0.049032952185239675,True,True,False,False,False,0.34999882961319734,0.3564652879819238,0.0,"{""0.1234"": 4}"
c3_w2_tcop_cm0_states_L0.4_kp0_7599_ucp0_1234_s137,cm0,stageC,0.35,0.7599,0.25,0.12339551870278656,137,150,6,0,True,,0.3946319999999999,0.004766050626346595,5.297701304662239,0.06657766158624003,7.414750583261752,0.0006155210165766238,0.021118564064143707,0.0932514340113031,0.23882812800000003,0.049535286170567336,True,True,False,False,False,0.34999882961319734,0.3564652879819238,0.0,"{""0.1234"": 4}"
c3_w2_tcop_cm0_states_L0.4_kp0_7599_ucp0_1234_s137,cm0,stageC,0.35,0.7599,0.25,0.12339551870278656,137,175,7,1,True,,0.394852,0.003961206173274152,4.14046674112746,0.06558872846042375,6.971599010193793,0.004756688111052362,0.01977560571547826,0.08408213689158943,0.23888292639999997,0.05011365179270016,True,True,False,False,False,0.34999882961319734,0.3564652879819238,0.0,"{""0.1234"": 4}"
c3_w2_tcop_cm0_states_L0.4_kp0_7599_ucp0_1234_s137,cm0,stageC,0.35,0.7599,0.25,0.12339551870278656,137,200,8,2,True,,0.39435599999999993,0.004098341945960027,4.446281147608887,0.07973688858026219,8.013248985149282,0.007745046158288369,0.02255739219357631,0.13490348787668133,0.23876021279999995,0.04924089016254682,True,True,False,False,False,0.34999882961319734,0.3564652879819238,0.0,"{""0.1234"": 4}"
c3_w2_tcop_cm0_states_L0.4_kp0_7599_ucp0_1234_s137,cm0,stageC,0.35,0.7599,0.25,0.12339551870278656,137,225,9,0,True,,0.395228,0.004086100637530741,5.24808439715108,0.08118755262816324,8.609461719726145,0.008414212922265369,0.021529959803010507,0.13460584742324475,0.2389504208,0.049499777938895845,True,True,False,False,False,0.34999882961319734,0.3564652879819238,0.0,"{""0.1234"": 4}"
c3_w2_tcop_cm0_states_L0.4_kp0_7599_ucp0_1234_s137,cm0,stageC,0.35,0.7599,0.25,0.12339551870278656,137,250,10,1,True,,0.39476,0.0034835215035747824,3.8196666389141956,0.049589682365954985,4.977931886430742,0.0009205500524708797,0.022447847461339245,0.1347654267535581,0.23884601600000002,0.04963126434013141,True,True,False,False,False,0.34999882961319734,0.3564652879819238,0.0,"{""0.1234"": 4}"
c3_w2_tcop_cm0_states_L0.4_kp0_7599_ucp0_1234_s137,cm0,stageC,0.35,0.7599,0.25,0.12339551870278656,137,275,11,2,True,,0.39477600000000007,0.004598144527724665,4.9768185768644715,0.04486988654456486,4.960679216209983,0.0027092501874133737,0.02235863922043719,0.13475996480343294,0.23885000000000006,0.050400692693652535,True,True,False,False,False,0.34999882961319734,0.3564652879819238,0.0,"{""0.1234"": 4}"
c3_w2_tcop_cm0_states_L0.4_kp0_7599_ucp0_1234_s137,cm0,stageC,0.35,0.7599,0.25,0.12339551870278656,137,300,12,0,False,EXITS_PRIMARY_BLOCK_SET,0.39440800000000004,0.00489328723335547,5.638621500321941,0.05391653147409208,5.505498650966467,0.006879250208548445,0.020536034422927278,0.10750289013533486,0.23878472639999998,0.04951696210390941,True,True,False,False,False,0.34999882961319734,0.3564652879819238,0.0,"{""0.1234"": 4}"
c3_w2_tcop_cm0_states_L0.4_kp0_7599_ucp0_1234_s256,cm0,stageC,0.35,0.7599,0.25,0.12339551870278656,256,0,0,0,False,PRE_PRIMARY_PHASE_IMBALANCE,0.39292400000000005,0.0030025307300624838,3.323514275632276,0.07036957222853445,6.777054903696523,0.07217445571005215,0.0837933848241453,0.8174608809401795,0.23745071199999998,0.048827555990444575,False,True,False,False,False,0.34999882961319734,0.3564652879819238,0.0,"{""0.1234"": 4}"
c3_w2_tcop_cm0_states_L0.4_kp0_7599_ucp0_1234_s256,cm0,stageC,0.35,0.7599,0.25,0.12339551870278656,256,25,1,1,False,PRE_PRIMARY_PHASE_IMBALANCE,0.39715199999999995,0.0028734565480283253,3.1213185154176046,0.06718427593446485,6.218099492798272,0.010218570779864085,0.0270129510780907,0.12992506614614802,0.23930719360000005,0.04787367644123438,True,True,False,False,False,0.34999882961319734,0.3564652879819238,0.0,"{""0.1234"": 4}"
c3_w2_tcop_cm0_states_L0.4_kp0_7599_ucp0_1234_s256,cm0,stageC,0.35,0.7599,0.25,0.12339551870278656,256,50,2,2,False,PRE_PRIMARY_PHASE_IMBALANCE,0.39586,0.003362755692517282,3.6357136542214286,0.07988166251803158,8.205152611145467,0.03216913407562217,0.025629561671034088,0.11721315587022392,0.23905192479999995,0.047733640129367885,True,True,False,False,False,0.34999882961319734,0.3564652879819238,0.0,"{""0.1234"": 4}"
c3_w2_tcop_cm0_states_L0.4_kp0_7599_ucp0_1234_s256,cm0,stageC,0.35,0.7599,0.25,0.12339551870278656,256,75,3,0,True,,0.394596,0.0025425356621463463,3.005876749857004,0.05561376568490825,5.562177360648397,0.01863945779204873,0.02668945403851139,0.13380774226346,0.2387790832,0.04889863785423884,True,True,False,False,False,0.34999882961319734,0.3564652879819238,0.0,"{""0.1234"": 4}"
c3_w2_tcop_cm0_states_L0.4_kp0_7599_ucp0_1234_s256,cm0,stageC,0.35,0.7599,0.25,0.12339551870278656,256,100,4,1,True,,0.39446800000000004,0.002514444227011568,2.5974857180370408,0.047934008906943264,4.816442577375828,0.006334835481342267,0.026679451852656983,0.1348651851737906,0.2387522384,0.04996075435779568,True,True,False,False,False,0.34999882961319734,0.3564652879819238,0.0,"{""0.1234"": 4}"
c3_w2_tcop_cm0_states_L0.4_kp0_7599_ucp0_1234_s256,cm0,stageC,0.35,0.7599,0.25,0.12339551870278656,256,125,5,2,True,,0.39458799999999994,0.0026896580341653474,3.0997179143306095,0.0438544829042016,4.442141187037877,0.015291806595861004,0.025878335871493942,0.13482417069240793,0.23878404,0.05016483086785004,True,True,False,False,False,0.34999882961319734,0.3564652879819238,0.0,"{""0.1234"": 4}"
c3_w2_tcop_cm0_states_L0.4_kp0_7599_ucp0_1234_s256,cm0,stageC,0.35,0.7599,0.25,0.12339551870278656,256,150,6,0,True,,0.39614000000000005,0.0022132502067131795,2.628259515839191,0.06434624608958672,6.36598651908795,0.0073720705554386305,0.027136154511509664,0.134295955636149,0.239097544,0.05047712749354899,True,True,False,False,False,0.34999882961319734,0.3564652879819238,0.0,"{""0.1234"": 4}"
c3_w2_tcop_cm0_states_L0.4_kp0_7599_ucp0_1234_s256,cm0,stageC,0.35,0.7599,0.25,0.12339551870278656,256,175,7,1,True,,0.39636000000000005,0.003211513080222185,3.576681571304245,0.06342235963310297,6.509253412615347,0.009214363738287908,0.025698141745332442,0.12312039528933194,0.2391550016,0.05067415909514434,True,True,False,False,False,0.34999882961319734,0.3564652879819238,0.0,"{""0.1234"": 4}"
c3_w2_tcop_cm0_states_L0.4_kp0_7599_ucp0_1234_s256,cm0,stageC,0.35,0.7599,0.25,0.12339551870278656,256,200,8,2,True,,0.395604,0.002878527613947163,3.027049942244218,0.05468317506652805,5.464296211144985,0.008886744204481439,0.025146216120090683,0.12942235131742263,0.23900251360000002,0.04997754679853744,True,True,False,False,False,0.34999882961319734,0.3564652879819238,0.0,"{""0.1234"": 4}"
c3_w2_tcop_cm0_states_L0.4_kp0_7599_ucp0_1234_s256,cm0,stageC,0.35,0.7599,0.25,0.12339551870278656,256,225,9,0,True,,0.39568000000000003,0.0010172024607623088,1.4006062027487631,0.05867033000370642,6.068791894481166,0.008966929828430621,0.025197217650770633,0.12939749259654904,0.23901793600000001,0.04925502613947129,True,True,False,False,False,0.34999882961319734,0.3564652879819238,0.0,"{""0.1234"": 4}"
c3_w2_tcop_cm0_states_L0.4_kp0_7599_ucp0_1234_s256,cm0,stageC,0.35,0.7599,0.25,0.12339551870278656,256,250,10,1,True,,0.3943359999999999,0.002941790853477893,3.626226548860717,0.04874052323960239,5.047125877409509,0.01351875831724866,0.024402016019380166,0.12983851301976365,0.2387425248,0.04974654866420383,True,True,False,False,False,0.34999882961319734,0.3564652879819238,0.0,"{""0.1234"": 4}"
c3_w2_tcop_cm0_states_L0.4_kp0_7599_ucp0_1234_s256,cm0,stageC,0.35,0.7599,0.25,0.12339551870278656,256,275,11,2,True,,0.3941199999999999,0.00231830926427196,2.9516662653300694,0.0669303975655022,6.447898475982502,0.0067271519430279255,0.02419193826154234,0.11468588218135121,0.2386985184,0.050147638030120616,True,True,False,False,False,0.34999882961319734,0.3564652879819238,0.0,"{""0.1234"": 4}"
c3_w2_tcop_cm0_states_L0.4_kp0_7599_ucp0_1234_s256,cm0,stageC,0.35,0.7599,0.25,0.12339551870278656,256,300,12,0,False,EXITS_PRIMARY_BLOCK_SET,0.3941639999999999,0.0025765991910802082,2.654384549848765,0.06903095550188355,6.5271445759354165,0.00014310195862902035,0.023081470063745817,0.1045250197772374,0.23871596960000002,0.04949970812035157,True,True,False,False,False,0.34999882961319734,0.3564652879819238,0.0,"{""0.1234"": 4}"
c3_w2_tcop_cm0_states_L0.4_kp0_7599_ucp0_1234_s1024,cm0,stageC,0.35,0.7599,0.25,0.12339551870278656,1024,0,0,0,False,PRE_PRIMARY_PHASE_IMBALANCE,0.39022,0.002349186704613049,2.8306353008402345,0.06244889559587548,6.21171700471978,0.04908183902015569,0.08155344030876993,0.8282507282347119,0.2369355984,0.049034595950206414,False,True,False,False,False,0.34999882961319734,0.3564652879819238,0.0,"{""0.1234"": 4}"
c3_w2_tcop_cm0_states_L0.4_kp0_7599_ucp0_1234_s1024,cm0,stageC,0.35,0.7599,0.25,0.12339551870278656,1024,25,1,1,False,PRE_PRIMARY_PHASE_IMBALANCE,0.3940399999999999,0.0033273940439122207,3.5211829286105134,0.05211933655320585,5.025619213793903,0.0012877137848600723,0.02152329116545865,0.1076032887331152,0.23870055040000004,0.04910558420383572,True,True,False,False,False,0.34999882961319734,0.3564652879819238,0.0,"{""0.1234"": 4}"
c3_w2_tcop_cm0_states_L0.4_kp0_7599_ucp0_1234_s1024,cm0,stageC,0.35,0.7599,0.25,0.12339551870278656,1024,50,2,2,False,PRE_PRIMARY_PHASE_IMBALANCE,0.39399200000000006,0.0036554139955800994,3.916769498138968,0.05056049627765194,5.124739145192965,0.011823554353287061,0.02087514969190409,0.10558589995333423,0.23869465920000002,0.049812286998289886,True,True,False,False,False,0.34999882961319734,0.3564652879819238,0.0,"{""0.1234"": 4}"
c3_w2_tcop_cm0_states_L0.4_kp0_7599_ucp0_1234_s1024,cm0,stageC,0.35,0.7599,0.25,0.12339551870278656,1024,75,3,0,True,,0.39634800000000003,0.002431225950013952,3.0087127277609143,0.04893836709359698,4.973380126235346,0.022848268601608247,0.024367309360331085,0.12514255117941173,0.23916298719999993,0.04895449822028615,True,True,False,False,False,0.34999882961319734,0.3564652879819238,0.0,"{""0.1234"": 4}"
c3_w2_tcop_cm0_states_L0.4_kp0_7599_ucp0_1234_s1024,cm0,stageC,0.35,0.7599,0.25,0.12339551870278656,1024,100,4,1,True,,0.39632799999999996,0.0025116625924616644,3.0773668790643307,0.04895669734259641,4.4411455293753175,0.005553531661797137,0.024739299592771997,0.1312044565834248,0.2391559808,0.050164094888675105,True,True,False,False,False,0.34999882961319734,0.3564652879819238,0.0,"{""0.1234"": 4}"
c3_w2_tcop_cm0_states_L0.4_kp0_7599_ucp0_1234_s1024,cm0,stageC,0.35,0.7599,0.25,0.12339551870278656,1024,125,5,2,True,,0.395268,0.00249020416236009,2.435682518171769,0.07924306089964316,8.029359217687066,0.02417862230029223,0.027398486437761133,0.1578675729938483,0.2389139248,0.0500492574969899,True,True,False,False,False,0.34999882961319734,0.3564652879819238,0.0,"{""0.1234"": 4}"
c3_w2_tcop_cm0_states_L0.4_kp0_7599_ucp0_1234_s1024,cm0,stageC,0.35,0.7599,0.25,0.12339551870278656,1024,150,6,0,True,,0.3957,0.0020951528405073853,2.5398058616317267,0.09077823013154589,8.922056595213737,0.021131453501353786,0.02803597699871182,0.1576952232557614,0.2389984368,0.05007863816039729,True,True,False,False,False,0.34999882961319734,0.3564652879819238,0.0,"{""0.1234"": 4}"
c3_w2_tcop_cm0_states_L0.4_kp0_7599_ucp0_1234_s1024,cm0,stageC,0.35,0.7599,0.25,0.12339551870278656,1024,175,7,1,True,,0.39380000000000004,0.0030565762976483457,3.1716888557891654,0.0777680571680866,7.519278736586653,0.005219821105474508,0.025491128040920717,0.13204672389018096,0.2386207904,0.04945826523443781,True,True,False,False,False,0.34999882961319734,0.3564652879819238,0.0,"{""0.1234"": 4}"
c3_w2_tcop_cm0_states_L0.4_kp0_7599_ucp0_1234_s1024,cm0,stageC,0.35,0.7599,0.25,0.12339551870278656,1024,200,8,2,True,,0.39396800000000004,0.00264057778892787,2.8135719385596247,0.07942276994268423,7.942791813786529,0.0003826074024404782,0.024533020609234246,0.13199041513018714,0.23866379840000004,0.050987204041798566,True,True,False,False,False,0.34999882961319734,0.3564652879819238,0.0,"{""0.1234"": 4}"
c3_w2_tcop_cm0_states_L0.4_kp0_7599_ucp0_1234_s1024,cm0,stageC,0.35,0.7599,0.25,0.12339551870278656,1024,225,9,0,True,,0.39468799999999993,0.002238616134375002,2.6768311817124664,0.058965243376909185,6.58197717125109,0.010187495130385091,0.02279722643274766,0.12060158879772997,0.23882842240000002,0.050329540589995454,True,True,False,False,False,0.34999882961319734,0.3564652879819238,0.0,"{""0.1234"": 4}"
c3_w2_tcop_cm0_states_L0.4_kp0_7599_ucp0_1234_s1024,cm0,stageC,0.35,0.7599,0.25,0.12339551870278656,1024,250,10,1,True,,0.3947279999999999,0.0023436526194706374,2.831321922268028,0.0569298162797202,5.416722882712118,0.004690686117591224,0.02375466486873063,0.1276828597725957,0.2388298848,0.05062692975087468,True,True,False,False,False,0.34999882961319734,0.3564652879819238,0.0,"{""0.1234"": 4}"
c3_w2_tcop_cm0_states_L0.4_kp0_7599_ucp0_1234_s1024,cm0,stageC,0.35,0.7599,0.25,0.12339551870278656,1024,275,11,2,True,,0.39603600000000005,0.0020784784642242523,2.730632468941943,0.06199434691100173,6.315356664722894,0.016010448684959537,0.023837113429664627,0.1272611577552011,0.23910236640000002,0.0503857787872729,True,True,False,False,False,0.34999882961319734,0.3564652879819238,0.0,"{""0.1234"": 4}"
c3_w2_tcop_cm0_states_L0.4_kp0_7599_ucp0_1234_s1024,cm0,stageC,0.35,0.7599,0.25,0.12339551870278656,1024,300,12,0,False,EXITS_PRIMARY_BLOCK_SET,0.3962039999999999,0.00228055912046164,2.6509581752992815,0.06450535861369654,6.355802885620805,0.0012570539513063416,0.02531995738273661,0.12720719597175398,0.23912575200000002,0.05071834366380669,True,True,False,False,False,0.34999882961319734,0.3564652879819238,0.0,"{""0.1234"": 4}"
c3_w2_tcop_cm0_states_L0.4_kp0_7599_ucp0_1234_s31415,cm0,stageC,0.35,0.7599,0.25,0.12339551870278656,31415,0,0,0,False,PRE_PRIMARY_PHASE_IMBALANCE,0.3886,0.0029185821542950362,3.2147204839912864,0.07218300983110662,7.160940253154586,0.07083611070620963,0.08262042811343409,0.8265568686913102,0.23655922560000003,0.048787293427694875,False,True,False,False,False,0.34999882961319734,0.3564652879819238,0.0,"{""0.1234"": 4}"
c3_w2_tcop_cm0_states_L0.4_kp0_7599_ucp0_1234_s31415,cm0,stageC,0.35,0.7599,0.25,0.12339551870278656,31415,25,1,1,False,PRE_PRIMARY_PHASE_IMBALANCE,0.39398000000000005,0.003230275918117837,3.454544615290891,0.06855419084279049,7.5561441762768,0.005371571206130488,0.025668468121246568,0.13300167487435482,0.23865748960000005,0.04964634528341437,True,True,False,False,False,0.34999882961319734,0.3564652879819238,0.0,"{""0.1234"": 4}"
c3_w2_tcop_cm0_states_L0.4_kp0_7599_ucp0_1234_s31415,cm0,stageC,0.35,0.7599,0.25,0.12339551870278656,31415,50,2,2,False,PRE_PRIMARY_PHASE_IMBALANCE,0.39449199999999995,0.0030651496458964206,3.700699499766676,0.057178221277839544,5.454291613226863,0.0027617009828668922,0.02558395965372992,0.12674528221929662,0.23876620000000004,0.04950900863479292,True,True,False,False,False,0.34999882961319734,0.3564652879819238,0.0,"{""0.1234"": 4}"
c3_w2_tcop_cm0_states_L0.4_kp0_7599_ucp0_1234_s31415,cm0,stageC,0.35,0.7599,0.25,0.12339551870278656,31415,75,3,0,True,,0.3938080000000001,0.003038854552636765,3.5249645041081137,0.05505319475962075,6.181890209653517,0.0037288903296924187,0.02536685755673445,0.119855360683746,0.23862346560000003,0.04956509997972363,True,True,False,False,False,0.34999882961319734,0.3564652879819238,0.0,"{""0.1234"": 4}"
c3_w2_tcop_cm0_states_L0.4_kp0_7599_ucp0_1234_s31415,cm0,stageC,0.35,0.7599,0.25,0.12339551870278656,31415,100,4,1,True,,0.3944879999999999,0.0025343902983899214,3.0424008748410984,0.05432661405475982,5.448090492141778,0.0027866752048387633,0.026238811725743574,0.11964875960828028,0.2387600768,0.04858495503754223,True,True,False,False,False,0.34999882961319734,0.3564652879819238,0.0,"{""0.1234"": 4}"
c3_w2_tcop_cm0_states_L0.4_kp0_7599_ucp0_1234_s31415,cm0,stageC,0.35,0.7599,0.25,0.12339551870278656,31415,125,5,2,True,,0.3942,0.003784291181310068,4.396430132480407,0.06544839733470696,6.948583245002926,0.0025853422415174064,0.02517000481741766,0.11364789418151221,0.23870791360000002,0.04906363215254248,True,True,False,False,False,0.34999882961319734,0.3564652879819238,0.0,"{""0.1234"": 4}"
c3_w2_tcop_cm0_states_L0.4_kp0_7599_ucp0_1234_s31415,cm0,stageC,0.35,0.7599,0.25,0.12339551870278656,31415,150,6,0,True,,0.393636,0.002880502823777067,3.6287015422168922,0.05097319850998186,4.975687629633109,0.006592129488555367,0.025650965188003663,0.11787539727597221,0.2385847472,0.048640924168851886,True,True,False,False,False,0.34999882961319734,0.3564652879819238,0.0,"{""0.1234"": 4}"
c3_w2_tcop_cm0_states_L0.4_kp0_7599_ucp0_1234_s31415,cm0,stageC,0.35,0.7599,0.25,0.12339551870278656,31415,175,7,1,True,,0.39431600000000006,0.0029816037417611995,3.4450133362943935,0.055987683996519585,5.38077341145567,0.0009197604629460304,0.026592878538812408,0.14810456550557277,0.238720936,0.04992366316687909,True,True,False,False,False,0.34999882961319734,0.3564652879819238,0.0,"{""0.1234"": 4}"
c3_w2_tcop_cm0_states_L0.4_kp0_7599_ucp0_1234_s31415,cm0,stageC,0.35,0.7599,0.25,0.12339551870278656,31415,200,8,2,True,,0.39380000000000004,0.004843872521957182,4.9194800285367535,0.05183443937622474,5.1884471764882765,0.0007911405645617475,0.025671812611698968,0.1482986283689725,0.2386193568,0.049285697722564505,True,True,False,False,False,0.34999882961319734,0.3564652879819238,0.0,"{""0.1234"": 4}"
c3_w2_tcop_cm0_states_L0.4_kp0_7599_ucp0_1234_s31415,cm0,stageC,0.35,0.7599,0.25,0.12339551870278656,31415,225,9,0,True,,0.3945119999999999,0.0032674674082027043,3.7653607067498216,0.05217176027615961,5.155037498107134,0.010055756736463067,0.025770925438749898,0.14803098474056312,0.23876891520000001,0.048306126485157135,True,True,False,False,False,0.34999882961319734,0.3564652879819238,0.0,"{""0.1234"": 4}"
c3_w2_tcop_cm0_states_L0.4_kp0_7599_ucp0_1234_s31415,cm0,stageC,0.35,0.7599,0.25,0.12339551870278656,31415,250,10,1,True,,0.39556399999999997,0.0030922980118876743,3.267782813915552,0.056050992766724775,6.129767301932843,0.0013598148163612043,0.025943155343556974,0.14561486852793776,0.2389878096,0.04916057265736436,True,True,False,False,False,0.34999882961319734,0.3564652879819238,0.0,"{""0.1234"": 4}"
c3_w2_tcop_cm0_states_L0.4_kp0_7599_ucp0_1234_s31415,cm0,stageC,0.35,0.7599,0.25,0.12339551870278656,31415,275,11,2,True,,0.39482,0.0030831791220304744,3.0384077444455717,0.05295075135286882,5.304552524789524,0.0011666229153529583,0.02481931818236942,0.14386302582477328,0.23884114399999995,0.04934620147488558,True,True,False,False,False,0.34999882961319734,0.3564652879819238,0.0,"{""0.1234"": 4}"
c3_w2_tcop_cm0_states_L0.4_kp0_7599_ucp0_1234_s31415,cm0,stageC,0.35,0.7599,0.25,0.12339551870278656,31415,300,12,0,False,EXITS_PRIMARY_BLOCK_SET,0.3968,0.0017661666201660223,2.1387385480196404,0.0670523582440554,6.540016684457975,0.008621023370935095,0.024995528283191293,0.12903225773933394,0.23925138880000002,0.049490201050308935,True,True,False,False,False,0.34999882961319734,0.3564652879819238,0.0,"{""0.1234"": 4}"
c3_w2_tcop_cm0_states_L0.4_kp0_7599_ucp0_2425_s42,cm0,stageC,0.35,0.7599,0.5,0.24248438819907564,42,0,0,0,False,PRE_PRIMARY_PHASE_IMBALANCE,0.41190799999999994,0.0006656487172595115,0.9259993846223888,0.05382247398184772,4.840162965919193,0.0641059666526299,0.08290496564873952,0.8215426725833375,0.24107363040000002,0.049217878215136415,False,True,False,False,False,0.34999882961319734,0.36057987865255786,0.0,"{""0.2425"": 4}"
c3_w2_tcop_cm0_states_L0.4_kp0_7599_ucp0_2425_s42,cm0,stageC,0.35,0.7599,0.5,0.24248438819907564,42,25,1,1,False,PRE_PRIMARY_PHASE_IMBALANCE,0.4166479999999999,0.0012614821782434321,1.749629278056476,0.047030789948132125,4.926811332842852,0.003868976201135921,0.022329527196597438,0.12864576302143363,0.242965888,0.0481228022459208,True,True,False,False,False,0.34999882961319734,0.36057987865255786,0.0,"{""0.2425"": 4}"
c3_w2_tcop_cm0_states_L0.4_kp0_7599_ucp0_2425_s42,cm0,stageC,0.35,0.7599,0.5,0.24248438819907564,42,50,2,2,False,PRE_PRIMARY_PHASE_IMBALANCE,0.41761999999999994,0.002040522695523231,2.5172813892418757,0.055329721394835954,5.494081549501397,0.015012851280312224,0.023330208517714616,0.13313538591749594,0.24311860640000002,0.04832944857951516,True,True,False,False,False,0.34999882961319734,0.36057987865255786,0.0,"{""0.2425"": 4}"
c3_w2_tcop_cm0_states_L0.4_kp0_7599_ucp0_2425_s42,cm0,stageC,0.35,0.7599,0.5,0.24248438819907564,42,75,3,0,True,,0.417884,0.001322317997533199,1.851608385259281,0.034299405625597766,3.3983918869912784,0.009512298853839961,0.023082815389332195,0.11582161529079453,0.24316391839999998,0.04817180237441817,True,True,False,False,False,0.34999882961319734,0.36057987865255786,0.0,"{""0.2425"": 4}"
c3_w2_tcop_cm0_states_L0.4_kp0_7599_ucp0_2425_s42,cm0,stageC,0.35,0.7599,0.5,0.24248438819907564,42,100,4,1,True,,0.4171039999999999,0.0017611821000182654,2.1058255554157688,0.041989530587460515,4.474567268873217,0.011449224990184529,0.02548438047400715,0.11795619289684069,0.243015264,0.048601370186446384,True,True,False,False,False,0.34999882961319734,0.36057987865255786,0.0,"{""0.2425"": 4}"
c3_w2_tcop_cm0_states_L0.4_kp0_7599_ucp0_2425_s42,cm0,stageC,0.35,0.7599,0.5,0.24248438819907564,42,125,5,2,True,,0.41653599999999996,0.0007901819457490435,1.1060485958889696,0.05710589553475993,5.370054535615218,0.017924468955234116,0.02509427680136128,0.11811704122064595,0.24292450240000002,0.049476466163217436,True,True,False,False,False,0.34999882961319734,0.36057987865255786,0.0,"{""0.2425"": 4}"
c3_w2_tcop_cm0_states_L0.4_kp0_7599_ucp0_2425_s42,cm0,stageC,0.35,0.7599,0.5,0.24248438819907564,42,150,6,0,True,,0.415892,0.0005600790287469751,0.9349380050173044,0.06517430811814094,6.363843501579516,0.0036468882967698522,0.0252409770899618,0.13561212974615494,0.2428156464,0.04856134610984337,True,True,False,False,False,0.34999882961319734,0.36057987865255786,0.0,"{""0.2425"": 4}"
c3_w2_tcop_cm0_states_L0.4_kp0_7599_ucp0_2425_s42,cm0,stageC,0.35,0.7599,0.5,0.24248438819907564,42,175,7,1,True,,0.416396,0.000758769150523586,1.109219009099632,0.06627279988839166,6.449150561267039,0.006207596796416322,0.024646884919359523,0.13544798668707678,0.2429050448,0.04891064489454213,True,True,False,False,False,0.34999882961319734,0.36057987865255786,0.0,"{""0.2425"": 4}"
c3_w2_tcop_cm0_states_L0.4_kp0_7599_ucp0_2425_s42,cm0,stageC,0.35,0.7599,0.5,0.24248438819907564,42,200,8,2,True,,0.41617999999999994,0.0008635909833981366,1.2378168046143148,0.06830396803961021,7.052298897842212,0.0002508780835048732,0.023832109748959513,0.1316737946761647,0.24287583200000004,0.04863257755866946,True,True,False,False,False,0.34999882961319734,0.36057987865255786,0.0,"{""0.2425"": 4}"
c3_w2_tcop_cm0_states_L0.4_kp0_7599_ucp0_2425_s42,cm0,stageC,0.35,0.7599,0.5,0.24248438819907564,42,225,9,0,True,,0.417604,0.0005264323562826777,0.8986753815910604,0.06663895009674715,7.061577060467072,0.005293007329457916,0.024031225839294654,0.13122479638311707,0.24311018720000002,0.048586203638481575,True,True,False,False,False,0.34999882961319734,0.36057987865255786,0.0,"{""0.2425"": 4}"
c3_w2_tcop_cm0_states_L0.4_kp0_7599_ucp0_2425_s42,cm0,stageC,0.35,0.7599,0.5,0.24248438819907564,42,250,10,1,True,,0.417836,-0.0009352729354945463,-0.5987994455735608,0.049066546256288104,4.787572560241224,0.008040513391750442,0.02423538451364268,0.1215788009611934,0.24314653280000006,0.04951683657100885,True,True,False,False,False,0.34999882961319734,0.36057987865255786,0.0,"{""0.2425"": 4}"
c3_w2_tcop_cm0_states_L0.4_kp0_7599_ucp0_2425_s42,cm0,stageC,0.35,0.7599,0.5,0.24248438819907564,42,275,11,2,True,,0.41728800000000005,-0.000768509699431464,-0.35177605571679244,0.03914617681908668,4.114513730747341,0.0034511991980363563,0.024535879284012185,0.12653131619761096,0.2430538976,0.048101611781727234,True,True,False,False,False,0.34999882961319734,0.36057987865255786,0.0,"{""0.2425"": 4}"
c3_w2_tcop_cm0_states_L0.4_kp0_7599_ucp0_2425_s42,cm0,stageC,0.35,0.7599,0.5,0.24248438819907564,42,300,12,0,False,EXITS_PRIMARY_BLOCK_SET,0.41827200000000014,-0.0019251637073332461,-1.4878200963124422,0.05414871282877247,5.459779922605396,0.00964291974287254,0.02355484101774177,0.12623364670302184,0.2432234656,0.04773483021861501,True,True,False,False,False,0.34999882961319734,0.36057987865255786,0.0,"{""0.2425"": 4}"
c3_w2_tcop_cm0_states_L0.4_kp0_7599_ucp0_2425_s137,cm0,stageC,0.35,0.7599,0.5,0.24248438819907564,137,0,0,0,False,PRE_PRIMARY_PHASE_IMBALANCE,0.41309599999999996,0.0005426870685717275,1.0002404749387164,0.05641312810042436,5.560185320080854,0.05662901423713396,0.0828259449133747,0.813370255791946,0.241277024,0.04781479670562241,False,True,False,False,False,0.34999882961319734,0.36057987865255786,0.0,"{""0.2425"": 4}"
c3_w2_tcop_cm0_states_L0.4_kp0_7599_ucp0_2425_s137,cm0,stageC,0.35,0.7599,0.5,0.24248438819907564,137,25,1,1,False,PRE_PRIMARY_PHASE_IMBALANCE,0.4162800000000001,0.0006808091546610509,1.1088374394160927,0.04997981027917414,5.264661149505587,0.002252171017399815,0.02318777227488118,0.09608917051962813,0.24289778879999996,0.047980846178449166,True,True,False,False,False,0.34999882961319734,0.36057987865255786,0.0,"{""0.2425"": 4}"
c3_w2_tcop_cm0_states_L0.4_kp0_7599_ucp0_2425_s137,cm0,stageC,0.35,0.7599,0.5,0.24248438819907564,137,50,2,2,False,PRE_PRIMARY_PHASE_IMBALANCE,0.4161800000000001,0.001860983874207801,2.1873075504900865,0.046871784104435134,4.409609416636183,0.0069098168240849306,0.02315103724228813,0.09611225888771134,0.2428813744,0.04911056505478226,True,True,False,False,False,0.34999882961319734,0.36057987865255786,0.0,"{""0.2425"": 4}"
c3_w2_tcop_cm0_states_L0.4_kp0_7599_ucp0_2425_s137,cm0,stageC,0.35,0.7599,0.5,0.24248438819907564,137,75,3,0,True,,0.4158199999999999,0.0023690835048641003,2.672464929747335,0.05560527259543386,5.13174701772505,0.011964257336794036,0.024115486525098748,0.11158674399599168,0.24281317279999995,0.04785235208430198,True,True,False,False,False,0.34999882961319734,0.36057987865255786,0.0,"{""0.2425"": 4}"
c3_w2_tcop_cm0_states_L0.4_kp0_7599_ucp0_2425_s137,cm0,stageC,0.35,0.7599,0.5,0.24248438819907564,137,100,4,1,True,,0.415636,0.002204343190698682,2.713471984459936,0.06017881593496581,6.695577173553102,0.006945425011120914,0.023636228733092922,0.11163614289513865,0.2427862032,0.048173389999044074,True,True,False,False,False,0.34999882961319734,0.36057987865255786,0.0,"{""0.2425"": 4}"
c3_w2_tcop_cm0_states_L0.4_kp0_7599_ucp0_2425_s137,cm0,stageC,0.35,0.7599,0.5,0.24248438819907564,137,125,5,2,True,,0.41547999999999996,0.0022744697624061862,2.8194274760942544,0.06988648212551635,6.523129979977875,0.004411339361501404,0.022267659999160857,0.11167805884355911,0.24277077440000003,0.04773562191906585,True,True,False,False,False,0.34999882961319734,0.36057987865255786,0.0,"{""0.2425"": 4}"
c3_w2_tcop_cm0_states_L0.4_kp0_7599_ucp0_2425_s137,cm0,stageC,0.35,0.7599,0.5,0.24248438819907564,137,150,6,0,True,,0.4154920000000001,0.002701190713267875,3.1290710804707875,0.06663547295325535,6.992926911167953,0.0015152709481306996,0.021888085359126064,0.1116748334223647,0.24277569119999998,0.048018724847709145,True,True,False,False,False,0.34999882961319734,0.36057987865255786,0.0,"{""0.2425"": 4}"
c3_w2_tcop_cm0_states_L0.4_kp0_7599_ucp0_2425_s137,cm0,stageC,0.35,0.7599,0.5,0.24248438819907564,137,175,7,1,True,,0.415816,0.001946679086888946,2.241539354419109,0.06492595887422767,6.76657945225248,0.0033953026788845946,0.0205857676652961,0.09138657461139893,0.24283978240000004,0.048972789832722415,True,True,False,False,False,0.34999882961319734,0.36057987865255786,0.0,"{""0.2425"": 4}"
c3_w2_tcop_cm0_states_L0.4_kp0_7599_ucp0_2425_s137,cm0,stageC,0.35,0.7599,0.5,0.24248438819907564,137,200,8,2,True,,0.41532800000000003,0.0017832839566249345,2.120527920616735,0.07733165331464144,7.463015681022154,0.0038639351938325344,0.022821017130163636,0.1252022494866653,0.242740816,0.04804177781889425,True,True,False,False,False,0.34999882961319734,0.36057987865255786,0.0,"{""0.2425"": 4}"
c3_w2_tcop_cm0_states_L0.4_kp0_7599_ucp0_2425_s137,cm0,stageC,0.35,0.7599,0.5,0.24248438819907564,137,225,9,0,True,,0.41614399999999996,0.0019381625835890584,2.6075774892153687,0.08079583028115316,8.645040680882367,0.00928617600964506,0.02148956806137924,0.12495674544158572,0.24288819839999998,0.04817728991962914,True,True,False,False,False,0.34999882961319734,0.36057987865255786,0.0,"{""0.2425"": 4}"
c3_w2_tcop_cm0_states_L0.4_kp0_7599_ucp0_2425_s137,cm0,stageC,0.35,0.7599,0.5,0.24248438819907564,137,250,10,1,True,,0.4158799999999999,0.0010655745365295087,1.4550098966651115,0.04837277121223668,4.75899847252934,0.00109657979095887,0.021988592575451358,0.12503606779591211,0.24284020159999997,0.04827158170186679,True,True,False,False,False,0.34999882961319734,0.36057987865255786,0.0,"{""0.2425"": 4}"
c3_w2_tcop_cm0_states_L0.4_kp0_7599_ucp0_2425_s137,cm0,stageC,0.35,0.7599,0.5,0.24248438819907564,137,275,11,2,True,,0.416124,0.0018693367755343354,2.3332327786010283,0.039646574171842225,4.406727446674653,0.0020263294556565844,0.02185392896563,0.12496275118723563,0.2428821168,0.04852027023832411,True,True,False,False,False,0.34999882961319734,0.36057987865255786,0.0,"{""0.2425"": 4}"
c3_w2_tcop_cm0_states_L0.4_kp0_7599_ucp0_2425_s137,cm0,stageC,0.35,0.7599,0.5,0.24248438819907564,137,300,12,0,False,EXITS_PRIMARY_BLOCK_SET,0.416028,0.0024641510676762348,3.0501184611968215,0.05491670455297971,5.57883589255249,0.005208054901254159,0.01955754586601905,0.09614737446482594,0.24288250079999998,0.04811842906828941,True,True,False,False,False,0.34999882961319734,0.36057987865255786,0.0,"{""0.2425"": 4}"
c3_w2_tcop_cm0_states_L0.4_kp0_7599_ucp0_2425_s256,cm0,stageC,0.35,0.7599,0.5,0.24248438819907564,256,0,0,0,False,PRE_PRIMARY_PHASE_IMBALANCE,0.4143279999999999,0.00016730793686634368,0.4830684632248996,0.06748403475550706,6.594070407425177,0.07270793289505248,0.08407709239907679,0.839914268792082,0.24144679680000003,0.04748713948007397,False,True,False,False,False,0.34999882961319734,0.36057987865255786,0.0,"{""0.2425"": 4}"
c3_w2_tcop_cm0_states_L0.4_kp0_7599_ucp0_2425_s256,cm0,stageC,0.35,0.7599,0.5,0.24248438819907564,256,25,1,1,False,PRE_PRIMARY_PHASE_IMBALANCE,0.4184239999999999,0.000406473859574111,0.6833305679961963,0.0641002258926379,5.913705554816231,0.012760008739056297,0.026206369230323715,0.13957134356640316,0.24322511679999997,0.04657634833260332,True,True,False,False,False,0.34999882961319734,0.36057987865255786,0.0,"{""0.2425"": 4}"
c3_w2_tcop_cm0_states_L0.4_kp0_7599_ucp0_2425_s256,cm0,stageC,0.35,0.7599,0.5,0.24248438819907564,256,50,2,2,False,PRE_PRIMARY_PHASE_IMBALANCE,0.41704399999999997,0.0008909591794792019,1.2491209366743823,0.07517095696811331,7.687138166863176,0.030720406348963687,0.025296677691133487,0.12276882026172586,0.24300700320000004,0.04642178436897918,True,True,False,False,False,0.34999882961319734,0.36057987865255786,0.0,"{""0.2425"": 4}"
c3_w2_tcop_cm0_states_L0.4_kp0_7599_ucp0_2425_s256,cm0,stageC,0.35,0.7599,0.5,0.24248438819907564,256,75,3,0,True,,0.41586000000000006,0.00040632398108814285,0.7750033660575761,0.05155659593529416,5.328131591389776,0.020330989910589497,0.02605505996970927,0.13177511630891378,0.24280305759999998,0.04764389152871541,True,True,False,False,False,0.34999882961319734,0.36057987865255786,0.0,"{""0.2425"": 4}"
c3_w2_tcop_cm0_states_L0.4_kp0_7599_ucp0_2425_s256,cm0,stageC,0.35,0.7599,0.5,0.24248438819907564,256,100,4,1,True,,0.41544799999999993,0.000868725502571793,1.0190473264956685,0.04956962332940673,4.89695117125617,0.008376181804756353,0.025496190518982966,0.12709171755047155,0.24273876159999996,0.04888925542488861,True,True,False,False,False,0.34999882961319734,0.36057987865255786,0.0,"{""0.2425"": 4}"
c3_w2_tcop_cm0_states_L0.4_kp0_7599_ucp0_2425_s256,cm0,stageC,0.35,0.7599,0.5,0.24248438819907564,256,125,5,2,True,,0.41601600000000005,0.0010178610164543703,1.3615151076031875,0.04369779020740165,4.504123400620575,0.015762508484798356,0.024833526464047958,0.13172570254094626,0.2428399552,0.04909549616818227,True,True,False,False,False,0.34999882961319734,0.36057987865255786,0.0,"{""0.2425"": 4}"
c3_w2_tcop_cm0_states_L0.4_kp0_7599_ucp0_2425_s256,cm0,stageC,0.35,0.7599,0.5,0.24248438819907564,256,150,6,0,True,,0.417508,0.00043626367937397244,0.860981486282466,0.053646685270172995,5.294092810730691,0.008542391147289885,0.025033154462912398,0.13125496965027028,0.2430858352,0.04916411227714785,True,True,False,False,False,0.34999882961319734,0.36057987865255786,0.0,"{""0.2425"": 4}"
c3_w2_tcop_cm0_states_L0.4_kp0_7599_ucp0_2425_s256,cm0,stageC,0.35,0.7599,0.5,0.24248438819907564,256,175,7,1,True,,0.41777200000000003,0.0007578132456122563,1.1273856378561324,0.05653006091384414,5.6850001530626715,0.008546185544166147,0.02358356653159129,0.11106536553176058,0.24314148319999998,0.04889290353415309,True,True,False,False,False,0.34999882961319734,0.36057987865255786,0.0,"{""0.2425"": 4}"
c3_w2_tcop_cm0_states_L0.4_kp0_7599_ucp0_2425_s256,cm0,stageC,0.35,0.7599,0.5,0.24248438819907564,256,200,8,2,True,,0.417428,0.0006690582419855048,0.999260485384827,0.0493778417207092,5.278706534553003,0.005019235681201555,0.023186956880158257,0.1178646374515734,0.24308818400000004,0.04825002399999403,True,True,False,False,False,0.34999882961319734,0.36057987865255786,0.0,"{""0.2425"": 4}"
c3_w2_tcop_cm0_states_L0.4_kp0_7599_ucp0_2425_s256,cm0,stageC,0.35,0.7599,0.5,0.24248438819907564,256,225,9,0,True,,0.41716000000000003,-0.001246291915677995,-0.7971586734808068,0.054053744549893624,5.689075636957717,0.008388987310879878,0.022904425841287483,0.11506376422700215,0.24304624,0.04764886567380172,True,True,False,False,False,0.34999882961319734,0.36057987865255786,0.0,"{""0.2425"": 4}"
c3_w2_tcop_cm0_states_L0.4_kp0_7599_ucp0_2425_s256,cm0,stageC,0.35,0.7599,0.5,0.24248438819907564,256,250,10,1,True,,0.4158799999999999,0.0006039866979243211,1.037487832795493,0.046819856347763034,4.665732520759306,0.012707628335435319,0.022713318770060702,0.1154179087346881,0.24283459840000002,0.04854920802649617,True,True,False,False,False,0.34999882961319734,0.36057987865255786,0.0,"{""0.2425"": 4}"
c3_w2_tcop_cm0_states_L0.4_kp0_7599_ucp0_2425_s256,cm0,stageC,0.35,0.7599,0.5,0.24248438819907564,256,275,11,2,True,,0.416148,0.0002734608799997831,0.7376200923096324,0.06091241755745787,5.461408896728691,0.003803834914563516,0.022691426790627574,0.11245998992555536,0.24287967199999994,0.04871798534422375,True,True,False,False,False,0.34999882961319734,0.36057987865255786,0.0,"{""0.2425"": 4}"
c3_w2_tcop_cm0_states_L0.4_kp0_7599_ucp0_2425_s256,cm0,stageC,0.35,0.7599,0.5,0.24248438819907564,256,300,12,0,False,EXITS_PRIMARY_BLOCK_SET,0.41592799999999996,0.0004703472290164887,0.7955326263050441,0.06796430959058512,6.36785935361889,0.005698094367298761,0.021112163086476066,0.1077109497131452,0.2428547904,0.04832368793873249,True,True,False,False,False,0.34999882961319734,0.36057987865255786,0.0,"{""0.2425"": 4}"
c3_w2_tcop_cm0_states_L0.4_kp0_7599_ucp0_2425_s1024,cm0,stageC,0.35,0.7599,0.5,0.24248438819907564,1024,0,0,0,False,PRE_PRIMARY_PHASE_IMBALANCE,0.4115399999999999,0.00039629139670763344,0.8671938802527982,0.056998644959193975,5.664279143805771,0.047483972658627485,0.08157143670937363,0.849492149367031,0.2410478896,0.04782121286625842,False,True,False,False,False,0.34999882961319734,0.36057987865255786,0.0,"{""0.2425"": 4}"
c3_w2_tcop_cm0_states_L0.4_kp0_7599_ucp0_2425_s1024,cm0,stageC,0.35,0.7599,0.5,0.24248438819907564,1024,25,1,1,False,PRE_PRIMARY_PHASE_IMBALANCE,0.4156559999999999,0.0008579106459726092,1.1991777988743986,0.05251651085765202,5.276300192192375,0.0073163964987748836,0.018993864606169718,0.08853474967633151,0.24282375999999994,0.0479467377826688,True,True,False,False,False,0.34999882961319734,0.36057987865255786,0.0,"{""0.2425"": 4}"
c3_w2_tcop_cm0_states_L0.4_kp0_7599_ucp0_2425_s1024,cm0,stageC,0.35,0.7599,0.5,0.24248438819907564,1024,50,2,2,False,PRE_PRIMARY_PHASE_IMBALANCE,0.41591199999999995,0.0005700537169690116,0.9853449120322354,0.049188623705442816,5.040662460075438,0.01174404305983204,0.019449826588154896,0.09040373903517158,0.24286376960000003,0.04846945693939638,True,True,False,False,False,0.34999882961319734,0.36057987865255786,0.0,"{""0.2425"": 4}"
c3_w2_tcop_cm0_states_L0.4_kp0_7599_ucp0_2425_s1024,cm0,stageC,0.35,0.7599,0.5,0.24248438819907564,1024,75,3,0,True,,0.41824400000000006,-0.00048783193232182205,-0.006202547391388392,0.0365774303864601,3.6227322045398362,0.016971504208095966,0.021960062997051156,0.11380916375654117,0.2432315984,0.04768056694293808,True,True,False,False,False,0.34999882961319734,0.36057987865255786,0.0,"{""0.2425"": 4}"
c3_w2_tcop_cm0_states_L0.4_kp0_7599_ucp0_2425_s1024,cm0,stageC,0.35,0.7599,0.5,0.24248438819907564,1024,100,4,1,True,,0.418056,-0.0001735673755850946,0.2555693077908377,0.04037228566279772,3.8421108870923573,0.009654791737728395,0.023322622404026133,0.11386034379638046,0.24319011520000003,0.048608444369265716,True,True,False,False,False,0.34999882961319734,0.36057987865255786,0.0,"{""0.2425"": 4}"
c3_w2_tcop_cm0_states_L0.4_kp0_7599_ucp0_2425_s1024,cm0,stageC,0.35,0.7599,0.5,0.24248438819907564,1024,125,5,2,True,,0.41665199999999997,-0.00018059698989479172,0.08181929753771908,0.06640307675619624,6.705469510971128,0.02314968970100741,0.02645991590469177,0.1449651024236891,0.24293156959999995,0.04830932514535884,True,True,False,False,False,0.34999882961319734,0.36057987865255786,0.0,"{""0.2425"": 4}"
c3_w2_tcop_cm0_states_L0.4_kp0_7599_ucp0_2425_s1024,cm0,stageC,0.35,0.7599,0.5,0.24248438819907564,1024,150,6,0,True,,0.41696000000000005,-0.00020000146926729142,0.24273736913900562,0.08121542682960256,8.106847917254253,0.01872251687294424,0.027397075390477213,0.14485801960653774,0.24297386239999993,0.048319337743806055,True,True,False,False,False,0.34999882961319734,0.36057987865255786,0.0,"{""0.2425"": 4}"
c3_w2_tcop_cm0_states_L0.4_kp0_7599_ucp0_2425_s1024,cm0,stageC,0.35,0.7599,0.5,0.24248438819907564,1024,175,7,1,True,,0.41548399999999996,0.000886834236457031,1.1954317727861863,0.06450958935994533,6.213437233710693,0.010023626555109189,0.02541114280028722,0.1424844274569312,0.242745576,0.04832438043058596,True,True,False,False,False,0.34999882961319734,0.36057987865255786,0.0,"{""0.2425"": 4}"
c3_w2_tcop_cm0_states_L0.4_kp0_7599_ucp0_2425_s1024,cm0,stageC,0.35,0.7599,0.5,0.24248438819907564,1024,200,8,2,True,,0.41567600000000005,0.0009007446055351632,1.181817259510197,0.06812787005428451,7.085155378079669,0.003849729164427071,0.023723742885300617,0.14241861415521082,0.24279221600000003,0.049669135527005095,True,True,False,False,False,0.34999882961319734,0.36057987865255786,0.0,"{""0.2425"": 4}"
c3_w2_tcop_cm0_states_L0.4_kp0_7599_ucp0_2425_s1024,cm0,stageC,0.35,0.7599,0.5,0.24248438819907564,1024,225,9,0,True,,0.41646,0.0010110301426097667,1.4298200261377314,0.04752137075888665,5.228743092776973,0.007484972654485797,0.021505825734781162,0.10757335612646268,0.24294085280000005,0.04863567003753521,True,True,False,False,False,0.34999882961319734,0.36057987865255786,0.0,"{""0.2425"": 4}"
c3_w2_tcop_cm0_states_L0.4_kp0_7599_ucp0_2425_s1024,cm0,stageC,0.35,0.7599,0.5,0.24248438819907564,1024,250,10,1,True,,0.416636,0.0011273228621065418,1.5971188148788154,0.05476722827902799,5.242862947904342,0.003064275928394557,0.02198083608139065,0.11904876170314425,0.2429665744,0.048921196878244914,True,True,False,False,False,0.34999882961319734,0.36057987865255786,0.0,"{""0.2425"": 4}"
c3_w2_tcop_cm0_states_L0.4_kp0_7599_ucp0_2425_s1024,cm0,stageC,0.35,0.7599,0.5,0.24248438819907564,1024,275,11,2,True,,0.41770399999999996,0.0005732490624135679,1.10922840744634,0.05809584856534956,5.914649043438453,0.01786515383323688,0.022217770696297788,0.11970198963930917,0.24314124159999995,0.04856427065240453,True,True,False,False,False,0.34999882961319734,0.36057987865255786,0.0,"{""0.2425"": 4}"
c3_w2_tcop_cm0_states_L0.4_kp0_7599_ucp0_2425_s1024,cm0,stageC,0.35,0.7599,0.5,0.24248438819907564,1024,300,12,0,False,EXITS_PRIMARY_BLOCK_SET,0.41816,0.0005823553870311062,0.9712200319702446,0.06442344961885646,6.736007469986369,0.005066127415626104,0.02349469264931578,0.11957145561610037,0.2432056928,0.049014838569559724,True,True,False,False,False,0.34999882961319734,0.36057987865255786,0.0,"{""0.2425"": 4}"
c3_w2_tcop_cm0_states_L0.4_kp0_7599_ucp0_2425_s31415,cm0,stageC,0.35,0.7599,0.5,0.24248438819907564,31415,0,0,0,False,PRE_PRIMARY_PHASE_IMBALANCE,0.410084,0.0003278132502157717,0.7879925072046964,0.06573651742522453,6.575572938891208,0.06786312777487698,0.08290390908583443,0.8359262959883187,0.2407592784,0.04765745423330961,False,True,False,False,False,0.34999882961319734,0.36057987865255786,0.0,"{""0.2425"": 4}"
c3_w2_tcop_cm0_states_L0.4_kp0_7599_ucp0_2425_s31415,cm0,stageC,0.35,0.7599,0.5,0.24248438819907564,31415,25,1,1,False,PRE_PRIMARY_PHASE_IMBALANCE,0.41542399999999996,0.0007061397505282208,1.014288957009829,0.052150149658212554,5.757650474923347,0.007575861558061226,0.025076224876354226,0.12806193159744766,0.2427383808,0.04803519776164141,True,True,False,False,False,0.34999882961319734,0.36057987865255786,0.0,"{""0.2425"": 4}"
c3_w2_tcop_cm0_states_L0.4_kp0_7599_ucp0_2425_s31415,cm0,stageC,0.35,0.7599,0.5,0.24248438819907564,31415,50,2,2,False,PRE_PRIMARY_PHASE_IMBALANCE,0.415612,0.0005957994153549385,1.0786471890882645,0.041502222787645676,3.919248054607807,0.006019484930651646,0.025151626798585975,0.12511669507830223,0.2427693936,0.047898073614708145,True,True,False,False,False,0.34999882961319734,0.36057987865255786,0.0,"{""0.2425"": 4}"
c3_w2_tcop_cm0_states_L0.4_kp0_7599_ucp0_2425_s31415,cm0,stageC,0.35,0.7599,0.5,0.24248438819907564,31415,75,3,0,True,,0.415276,0.0009166211771622015,1.3197346570971342,0.044294174414615285,4.982903667476236,0.003648829991388263,0.0245628071050374,0.12425471222932537,0.24271779679999997,0.048269698818202714,True,True,False,False,False,0.34999882961319734,0.36057987865255786,0.0,"{""0.2425"": 4}"
c3_w2_tcop_cm0_states_L0.4_kp0_7599_ucp0_2425_s31415,cm0,stageC,0.35,0.7599,0.5,0.24248438819907564,31415,100,4,1,True,,0.41565199999999997,0.0010587928487523078,1.5549231225537072,0.048019109092377055,4.790641175021347,0.0013899554732986026,0.025929989700993746,0.12414231105794685,0.24276925279999997,0.04777797500941203,True,True,False,False,False,0.34999882961319734,0.36057987865255786,0.0,"{""0.2425"": 4}"
c3_w2_tcop_cm0_states_L0.4_kp0_7599_ucp0_2425_s31415,cm0,stageC,0.35,0.7599,0.5,0.24248438819907564,31415,125,5,2,True,,0.41520399999999996,0.0024786186167884564,3.0929699792186343,0.06064046804634731,6.1854838201798925,0.004018282185782511,0.02459681787883009,0.11560582240150437,0.2427053392,0.0477593800629782,True,True,False,False,False,0.34999882961319734,0.36057987865255786,0.0,"{""0.2425"": 4}"
c3_w2_tcop_cm0_states_L0.4_kp0_7599_ucp0_2425_s31415,cm0,stageC,0.35,0.7599,0.5,0.24248438819907564,31415,150,6,0,True,,0.414952,0.0016272643432772916,2.329128767066412,0.04997585640265417,5.001593641428496,0.01023141120954787,0.02502706886852832,0.11567602971988088,0.24265898880000003,0.04737549678895198,True,True,False,False,False,0.34999882961319734,0.36057987865255786,0.0,"{""0.2425"": 4}"
c3_w2_tcop_cm0_states_L0.4_kp0_7599_ucp0_2425_s31415,cm0,stageC,0.35,0.7599,0.5,0.24248438819907564,31415,175,7,1,True,,0.415084,0.0014067541550772105,1.7993170204103814,0.056263032558121824,5.500972062698899,5.956016658717078e-05,0.02581793235202495,0.12720316820883687,0.2426744272,0.04884294159855649,True,True,False,False,False,0.34999882961319734,0.36057987865255786,0.0,"{""0.2425"": 4}"
c3_w2_tcop_cm0_states_L0.4_kp0_7599_ucp0_2425_s31415,cm0,stageC,0.35,0.7599,0.5,0.24248438819907564,31415,200,8,2,True,,0.414552,0.002686933938774953,2.939193982648651,0.04857850268868977,4.925125935763281,0.0016767727794689455,0.02501402489163943,0.13798027717154845,0.2425911104,0.048172183840884765,True,True,False,False,False,0.34999882961319734,0.36057987865255786,0.0,"{""0.2425"": 4}"
c3_w2_tcop_cm0_states_L0.4_kp0_7599_ucp0_2425_s31415,cm0,stageC,0.35,0.7599,0.5,0.24248438819907564,31415,225,9,0,True,,0.41522800000000004,0.0008053894584566629,1.280598374985065,0.04272478766184853,4.143327027966545,0.009561583067954914,0.0248703337349865,0.13775564235129706,0.24270706400000006,0.04754437943648019,True,True,False,False,False,0.34999882961319734,0.36057987865255786,0.0,"{""0.2425"": 4}"
c3_w2_tcop_cm0_states_L0.4_kp0_7599_ucp0_2425_s31415,cm0,stageC,0.35,0.7599,0.5,0.24248438819907564,31415,250,10,1,True,,0.41657200000000005,-3.6695699652182806e-06,0.37539480012736526,0.05377977934034923,5.629406155475682,0.006332887961860257,0.024767023337224713,0.14403272388918906,0.24293332320000005,0.04830702656964098,True,True,False,False,False,0.34999882961319734,0.36057987865255786,0.0,"{""0.2425"": 4}"
c3_w2_tcop_cm0_states_L0.4_kp0_7599_ucp0_2425_s31415,cm0,stageC,0.35,0.7599,0.5,0.24248438819907564,31415,275,11,2,True,,0.41589999999999994,0.0002913756645715071,0.5239094907065135,0.04973016155572826,4.873953108397061,0.000711588348756442,0.024628205498282325,0.14426544807822686,0.24282227359999997,0.04799197849641125,True,True,False,False,False,0.34999882961319734,0.36057987865255786,0.0,"{""0.2425"": 4}"
c3_w2_tcop_cm0_states_L0.4_kp0_7599_ucp0_2425_s31415,cm0,stageC,0.35,0.7599,0.5,0.24248438819907564,31415,300,12,0,False,EXITS_PRIMARY_BLOCK_SET,0.4178159999999999,-0.0009137475080913701,-0.5291502274645584,0.06267077247361236,6.154156905720597,0.005315023993556989,0.02446475989440184,0.14264652348726106,0.24314130560000002,0.04798781245274679,True,True,False,False,False,0.34999882961319734,0.36057987865255786,0.0,"{""0.2425"": 4}"
c3_w2_tcop_cm0_states_L0.4_km0_7599_ucp0_0498_s42,cm0,stageC,-0.35,-0.7599,0.1,0.04977134874876729,42,0,0,0,False,PRE_PRIMARY_PHASE_IMBALANCE,0.42148800000000003,0.003615997483561788,3.861383824856071,-0.054499805345259875,-5.046195772635735,0.03194488670305906,0.08428377039518534,1.0372774526504254,0.24257386879999998,0.04888379952499601,False,True,False,False,False,-0.34999882961319734,-0.3528683234799969,0.0,"{""0.0498"": 4}"
c3_w2_tcop_cm0_states_L0.4_km0_7599_ucp0_0498_s42,cm0,stageC,-0.35,-0.7599,0.1,0.04977134874876729,42,25,1,1,False,PRE_PRIMARY_PHASE_IMBALANCE,0.4238960000000001,0.004737206698205117,5.328525902112532,-0.0481156849973023,-4.734175324736923,0.0020995928218247363,0.02344477865452934,0.1283333644848421,0.24410941439999997,0.04821391068975841,True,True,False,False,False,-0.34999882961319734,-0.3528683234799969,0.0,"{""0.0498"": 4}"
c3_w2_tcop_cm0_states_L0.4_km0_7599_ucp0_0498_s42,cm0,stageC,-0.35,-0.7599,0.1,0.04977134874876729,42,50,2,2,False,PRE_PRIMARY_PHASE_IMBALANCE,0.42441600000000007,0.005407513549248147,5.840991695091272,-0.04145946958910781,-3.9265572867755747,0.007616685649715657,0.025257857336906133,0.13760084413028525,0.24417214399999998,0.04878215804984441,True,True,False,False,False,-0.34999882961319734,-0.3528683234799969,0.0,"{""0.0498"": 4}"
c3_w2_tcop_cm0_states_L0.4_km0_7599_ucp0_0498_s42,cm0,stageC,-0.35,-0.7599,0.1,0.04977134874876729,42,75,3,0,True,,0.424708,0.005516355316133974,6.182231097184971,-0.050344442402027054,-4.97605686120564,0.0035384082133832445,0.023350712179961857,0.13468076858763964,0.24423276319999998,0.04829942790551458,True,True,False,False,False,-0.34999882961319734,-0.3528683234799969,0.0,"{""0.0498"": 4}"
c3_w2_tcop_cm0_states_L0.4_km0_7599_ucp0_0498_s42,cm0,stageC,-0.35,-0.7599,0.1,0.04977134874876729,42,100,4,1,True,,0.4247120000000001,0.005923399072566008,6.081060624882242,-0.046267868095905815,-4.862927657197224,0.00030743905752168176,0.02520496703372038,0.1346795001443814,0.24421712319999997,0.04797788090359974,True,True,False,False,False,-0.34999882961319734,-0.3528683234799969,0.0,"{""0.0498"": 4}"
c3_w2_tcop_cm0_states_L0.4_km0_7599_ucp0_0498_s42,cm0,stageC,-0.35,-0.7599,0.1,0.04977134874876729,42,125,5,2,True,,0.424356,0.0046694031319861095,5.063436314294495,-0.04617919626853206,-4.368440373807907,0.006713337098509957,0.024615847564841933,0.13479248523694148,0.2441688688,0.04816165761266944,True,True,False,False,False,-0.34999882961319734,-0.3528683234799969,0.0,"{""0.0498"": 4}"
c3_w2_tcop_cm0_states_L0.4_km0_7599_ucp0_0498_s42,cm0,stageC,-0.35,-0.7599,0.1,0.04977134874876729,42,150,6,0,True,,0.42416799999999993,0.005070783019568776,4.949971300365157,-0.04489605257079353,-4.246103632805099,0.0017111912769155614,0.02416758411180175,0.13579525061816247,0.2441444224,0.04765110466715331,True,True,False,False,False,-0.34999882961319734,-0.3528683234799969,0.0,"{""0.0498"": 4}"
c3_w2_tcop_cm0_states_L0.4_km0_7599_ucp0_0498_s42,cm0,stageC,-0.35,-0.7599,0.1,0.04977134874876729,42,175,7,1,True,,0.4242839999999999,0.005611128906034273,6.3662601352860335,-0.03675287351179939,-3.3330888828546144,0.0003252863672796033,0.023971189327239288,0.13575812395527964,0.24416364640000002,0.048309081382282563,True,True,False,False,False,-0.34999882961319734,-0.3528683234799969,0.0,"{""0.0498"": 4}"
c3_w2_tcop_cm0_states_L0.4_km0_7599_ucp0_0498_s42,cm0,stageC,-0.35,-0.7599,0.1,0.04977134874876729,42,200,8,2,True,,0.42361599999999994,0.005291560172382862,5.072178007336266,-0.032986032380753386,-3.3029461278109946,0.0005416767679992667,0.023722301347663136,0.14447046347524545,0.2440644992,0.04781510790534724,True,True,False,False,False,-0.34999882961319734,-0.3528683234799969,0.0,"{""0.0498"": 4}"
c3_w2_tcop_cm0_states_L0.4_km0_7599_ucp0_0498_s42,cm0,stageC,-0.35,-0.7599,0.1,0.04977134874876729,42,225,9,0,True,,0.42447599999999996,0.005410075071635755,6.255943352496155,-0.03595872544405941,-3.718474690735248,0.002717033068573965,0.023015712006561682,0.14417776236070418,0.24420068000000003,0.04811159344690217,True,True,False,False,False,-0.34999882961319734,-0.3528683234799969,0.0,"{""0.0498"": 4}"
c3_w2_tcop_cm0_states_L0.4_km0_7599_ucp0_0498_s42,cm0,stageC,-0.35,-0.7599,0.1,0.04977134874876729,42,250,10,1,True,,0.42414,0.0036762852329532392,4.376693168161508,-0.051604827566003666,-5.322824816929834,0.002525645117618182,0.021868335512306564,0.10939784007780957,0.24415923040000004,0.04916116760208203,True,True,False,False,False,-0.34999882961319734,-0.3528683234799969,0.0,"{""0.0498"": 4}"
c3_w2_tcop_cm0_states_L0.4_km0_7599_ucp0_0498_s42,cm0,stageC,-0.35,-0.7599,0.1,0.04977134874876729,42,275,11,2,True,,0.423836,0.003038978051574855,3.388961228061405,-0.05928150860000885,-6.098370078617956,0.000679009754243257,0.023288959037742234,0.12646400936573574,0.2441016144,0.047650866770710475,True,True,False,False,False,-0.34999882961319734,-0.3528683234799969,0.0,"{""0.0498"": 4}"
c3_w2_tcop_cm0_states_L0.4_km0_7599_ucp0_0498_s42,cm0,stageC,-0.35,-0.7599,0.1,0.04977134874876729,42,300,12,0,False,EXITS_PRIMARY_BLOCK_SET,0.424456,0.002604449934142649,3.196411370498177,-0.05133084343572268,-5.317449507449385,0.0040341784050387745,0.02141844158126381,0.12627928424553003,0.2442104543999999,0.0471667686406436,True,True,False,False,False,-0.34999882961319734,-0.3528683234799969,0.0,"{""0.0498"": 4}"
c3_w2_tcop_cm0_states_L0.4_km0_7599_ucp0_0498_s137,cm0,stageC,-0.35,-0.7599,0.1,0.04977134874876729,137,0,0,0,False,PRE_PRIMARY_PHASE_IMBALANCE,0.4221000000000001,0.005146805134275231,6.119986689743932,-0.0494635042607401,-5.12892939689741,0.026555036393114528,0.08463031944449843,1.0319829399858256,0.24265549600000003,0.04700755258466452,False,True,False,False,False,-0.34999882961319734,-0.3528683234799969,0.0,"{""0.0498"": 4}"
c3_w2_tcop_cm0_states_L0.4_km0_7599_ucp0_0498_s137,cm0,stageC,-0.35,-0.7599,0.1,0.04977134874876729,137,25,1,1,False,PRE_PRIMARY_PHASE_IMBALANCE,0.423804,0.0051881227875566404,5.39660695859555,-0.05186607934561536,-5.76564005426474,0.003167629947468192,0.025204921647431214,0.1142037354196663,0.24408006559999998,0.04747514701399038,True,True,False,False,False,-0.34999882961319734,-0.3528683234799969,0.0,"{""0.0498"": 4}"
c3_w2_tcop_cm0_states_L0.4_km0_7599_ucp0_0498_s137,cm0,stageC,-0.35,-0.7599,0.1,0.04977134874876729,137,50,2,2,False,PRE_PRIMARY_PHASE_IMBALANCE,0.4238,0.006247639816729577,6.411656693843868,-0.058583997658361864,-5.601953730766179,0.0005278489138958347,0.02667800825426921,0.13213780053766444,0.2440657312,0.048199170117337084,True,True,False,False,False,-0.34999882961319734,-0.3528683234799969,0.0,"{""0.0498"": 4}"
c3_w2_tcop_cm0_states_L0.4_km0_7599_ucp0_0498_s137,cm0,stageC,-0.35,-0.7599,0.1,0.04977134874876729,137,75,3,0,True,,0.42395199999999994,0.005910173849611407,6.163311118940171,-0.05360204560922103,-4.9999472701187075,0.00592881115599568,0.026624605828455394,0.13209042501960028,0.2440892928,0.04757038675478685,True,True,False,False,False,-0.34999882961319734,-0.3528683234799969,0.0,"{""0.0498"": 4}"
c3_w2_tcop_cm0_states_L0.4_km0_7599_ucp0_0498_s137,cm0,stageC,-0.35,-0.7599,0.1,0.04977134874876729,137,100,4,1,True,,0.423728,0.0055389243581109105,6.128430480083914,-0.04795897700239321,-4.934791803115056,0.00013934860205416154,0.02532736977560065,0.13216025343578838,0.24406740799999999,0.047158689718863056,True,True,False,False,False,-0.34999882961319734,-0.3528683234799969,0.0,"{""0.0498"": 4}"
c3_w2_tcop_cm0_states_L0.4_km0_7599_ucp0_0498_s137,cm0,stageC,-0.35,-0.7599,0.1,0.04977134874876729,137,125,5,2,True,,0.423528,0.004718802927231633,5.661785464483849,-0.033217044435364045,-3.09121442492151,0.00020855488344250514,0.022531511006361783,0.1227781867485073,0.24406096959999996,0.04694883615170881,True,True,False,False,False,-0.34999882961319734,-0.3528683234799969,0.0,"{""0.0498"": 4}"
c3_w2_tcop_cm0_states_L0.4_km0_7599_ucp0_0498_s137,cm0,stageC,-0.35,-0.7599,0.1,0.04977134874876729,137,150,6,0,True,,0.423592,0.004397546796534219,5.153364997804037,-0.040833623022330734,-4.078517813876288,0.0020999663610152637,0.020058414143864816,0.10198492865307897,0.2440896256,0.04729373675234386,True,True,False,False,False,-0.34999882961319734,-0.3528683234799969,0.0,"{""0.0498"": 4}"
c3_w2_tcop_cm0_states_L0.4_km0_7599_ucp0_0498_s137,cm0,stageC,-0.35,-0.7599,0.1,0.04977134874876729,137,175,7,1,True,,0.423872,0.004380502893178701,4.625903942435043,-0.04996276067863506,-5.369119281609628,0.0036558087248979754,0.019174095388524836,0.10569228421388466,0.24413847360000002,0.04861077674754848,True,True,False,False,False,-0.34999882961319734,-0.3528683234799969,0.0,"{""0.0498"": 4}"
c3_w2_tcop_cm0_states_L0.4_km0_7599_ucp0_0498_s137,cm0,stageC,-0.35,-0.7599,0.1,0.04977134874876729,137,200,8,2,True,,0.423764,0.004793780500423548,5.171564670478859,-0.04262299013115426,-4.238989160997343,0.001248933189330624,0.019725972181590654,0.10571922082640522,0.24411819680000002,0.047741306056705235,True,True,False,False,False,-0.34999882961319734,-0.3528683234799969,0.0,"{""0.0498"": 4}"
c3_w2_tcop_cm0_states_L0.4_km0_7599_ucp0_0498_s137,cm0,stageC,-0.35,-0.7599,0.1,0.04977134874876729,137,225,9,0,True,,0.424156,0.004687214491133874,5.37035978641604,-0.036701445681666243,-3.6510728141987023,0.0018057426745192475,0.01894092533208953,0.10562151636279692,0.24418314399999996,0.04753575142984488,True,True,False,False,False,-0.34999882961319734,-0.3528683234799969,0.0,"{""0.0498"": 4}"
c3_w2_tcop_cm0_states_L0.4_km0_7599_ucp0_0498_s137,cm0,stageC,-0.35,-0.7599,0.1,0.04977134874876729,137,250,10,1,True,,0.42373999999999995,0.004227145000139373,4.284277472610061,-0.05887581897305072,-5.906103607201764,0.0029857141493982763,0.020787769396534244,0.1010053332208304,0.24410682079999999,0.048102103904091344,True,True,False,False,False,-0.34999882961319734,-0.3528683234799969,0.0,"{""0.0498"": 4}"
c3_w2_tcop_cm0_states_L0.4_km0_7599_ucp0_0498_s137,cm0,stageC,-0.35,-0.7599,0.1,0.04977134874876729,137,275,11,2,True,,0.42370800000000003,0.004597466482723047,5.075430196213363,-0.061339918549471864,-5.9640950367209085,0.0007460600470486486,0.022781798887303785,0.11139747158090592,0.24408635359999997,0.048367455339308474,True,True,False,False,False,-0.34999882961319734,-0.3528683234799969,0.0,"{""0.0498"": 4}"
c3_w2_tcop_cm0_states_L0.4_km0_7599_ucp0_0498_s137,cm0,stageC,-0.35,-0.7599,0.1,0.04977134874876729,137,300,12,0,False,EXITS_PRIMARY_BLOCK_SET,0.4236719999999999,0.0035590789822899293,4.309960919778128,-0.049219456513279844,-5.263751664058635,0.0032756915222215397,0.023812354910390836,0.11140693717921656,0.24407225600000002,0.047649936159453565,True,True,False,False,False,-0.34999882961319734,-0.3528683234799969,0.0,"{""0.0498"": 4}"
c3_w2_tcop_cm0_states_L0.4_km0_7599_ucp0_0498_s256,cm0,stageC,-0.35,-0.7599,0.1,0.04977134874876729,256,0,0,0,False,PRE_PRIMARY_PHASE_IMBALANCE,0.42348800000000003,0.004719596805262685,5.154956646271832,-0.040762156419363454,-4.175288039338013,0.03509834124588864,0.08582467791987557,1.0626038965387357,0.24282490240000001,0.04579512917330838,False,True,False,False,False,-0.34999882961319734,-0.3528683234799969,0.0,"{""0.0498"": 4}"
c3_w2_tcop_cm0_states_L0.4_km0_7599_ucp0_0498_s256,cm0,stageC,-0.35,-0.7599,0.1,0.04977134874876729,256,25,1,1,False,PRE_PRIMARY_PHASE_IMBALANCE,0.42553599999999997,0.004498001027906977,4.5273706408588525,-0.03488533078939548,-3.142021450181816,0.006649033063348449,0.023965795738671736,0.10433899810042158,0.24435110719999997,0.045715563039297684,True,True,False,False,False,-0.34999882961319734,-0.3528683234799969,0.0,"{""0.0498"": 4}"
c3_w2_tcop_cm0_states_L0.4_km0_7599_ucp0_0498_s256,cm0,stageC,-0.35,-0.7599,0.1,0.04977134874876729,256,50,2,2,False,PRE_PRIMARY_PHASE_IMBALANCE,0.4244799999999999,0.005754691751871167,6.11858143605953,-0.031740019267212725,-2.994757841735106,0.019358890234676976,0.024060606569685235,0.1045985674128379,0.2441924192,0.04607135335542033,True,True,False,False,False,-0.34999882961319734,-0.3528683234799969,0.0,"{""0.0498"": 4}"
c3_w2_tcop_cm0_states_L0.4_km0_7599_ucp0_0498_s256,cm0,stageC,-0.35,-0.7599,0.1,0.04977134874876729,256,75,3,0,True,,0.423544,0.004552367455030352,5.179610802996952,-0.046095628975258617,-4.863345686226414,0.013651894972352597,0.024974301178514558,0.12466237244616295,0.24404259200000003,0.04718304848141968,True,True,False,False,False,-0.34999882961319734,-0.3528683234799969,0.0,"{""0.0498"": 4}"
c3_w2_tcop_cm0_states_L0.4_km0_7599_ucp0_0498_s256,cm0,stageC,-0.35,-0.7599,0.1,0.04977134874876729,256,100,4,1,True,,0.42339600000000005,0.004600403288924975,4.422806234700928,-0.047854570922075984,-4.960640384427194,0.002718294666909694,0.025707573074062233,0.12470594874607709,0.2440133552,0.048181606282895965,True,True,False,False,False,-0.34999882961319734,-0.3528683234799969,0.0,"{""0.0498"": 4}"
c3_w2_tcop_cm0_states_L0.4_km0_7599_ucp0_0498_s256,cm0,stageC,-0.35,-0.7599,0.1,0.04977134874876729,256,125,5,2,True,,0.423844,0.0045529585242054865,5.330351683206242,-0.05857585834795866,-5.640968249992331,0.013797965300166633,0.025031768094572426,0.13401156997854977,0.2440877008,0.048136302973950953,True,True,False,False,False,-0.34999882961319734,-0.3528683234799969,0.0,"{""0.0498"": 4}"
c3_w2_tcop_cm0_states_L0.4_km0_7599_ucp0_0498_s256,cm0,stageC,-0.35,-0.7599,0.1,0.04977134874876729,256,150,6,0,True,,0.42500400000000005,0.0035800780344803847,4.225487993274479,-0.055586333573942596,-5.651988845999777,0.006093163725054345,0.023912509428500796,0.13364580066623893,0.24427231519999995,0.048072861200473604,True,True,False,False,False,-0.34999882961319734,-0.3528683234799969,0.0,"{""0.0498"": 4}"
c3_w2_tcop_cm0_states_L0.4_km0_7599_ucp0_0498_s256,cm0,stageC,-0.35,-0.7599,0.1,0.04977134874876729,256,175,7,1,True,,0.425216,0.004303185793118432,4.6198987712258495,-0.05289655223960767,-5.140692608610163,0.009518185390377448,0.0237730392207886,0.14110475583913878,0.244305168,0.04790400133600533,True,True,False,False,False,-0.34999882961319734,-0.3528683234799969,0.0,"{""0.0498"": 4}"
c3_w2_tcop_cm0_states_L0.4_km0_7599_ucp0_0498_s256,cm0,stageC,-0.35,-0.7599,0.1,0.04977134874876729,256,200,8,2,True,,0.42483999999999994,0.003956519292842834,4.087223489637287,-0.04727930454651855,-4.8089895005690755,0.009105137966239534,0.0225568881922093,0.1412296390612239,0.24425913919999995,0.04727720803939252,True,True,False,False,False,-0.34999882961319734,-0.3528683234799969,0.0,"{""0.0498"": 4}"
c3_w2_tcop_cm0_states_L0.4_km0_7599_ucp0_0498_s256,cm0,stageC,-0.35,-0.7599,0.1,0.04977134874876729,256,225,9,0,True,,0.42423599999999995,0.0031833602315469566,3.6758110195813796,-0.04748513740219258,-4.778761032619828,0.007981450404677754,0.021985325321463016,0.11974467013703526,0.24417282399999998,0.04717643801729842,True,True,False,False,False,-0.34999882961319734,-0.3528683234799969,0.0,"{""0.0498"": 4}"
c3_w2_tcop_cm0_states_L0.4_km0_7599_ucp0_0498_s256,cm0,stageC,-0.35,-0.7599,0.1,0.04977134874876729,256,250,10,1,True,,0.423572,0.005405074796823291,5.804460147427012,-0.055083087763256,-5.03949756132042,0.005746563518349845,0.02294526536019924,0.11993238429373888,0.24406430240000002,0.04750916559991346,True,True,False,False,False,-0.34999882961319734,-0.3528683234799969,0.0,"{""0.0498"": 4}"
c3_w2_tcop_cm0_states_L0.4_km0_7599_ucp0_0498_s256,cm0,stageC,-0.35,-0.7599,0.1,0.04977134874876729,256,275,11,2,True,,0.42369599999999996,0.00529072033186842,5.812996238888953,-0.041583184653764364,-4.182256306983373,0.0013437392195103487,0.021577851905059127,0.1104565534948252,0.2440941152,0.04817322476230961,True,True,False,False,False,-0.34999882961319734,-0.3528683234799969,0.0,"{""0.0498"": 4}"
c3_w2_tcop_cm0_states_L0.4_km0_7599_ucp0_0498_s256,cm0,stageC,-0.35,-0.7599,0.1,0.04977134874876729,256,300,12,0,False,EXITS_PRIMARY_BLOCK_SET,0.4236519999999999,0.005675596580920864,5.749365457680805,-0.046288606074226184,-4.230146548043524,0.0028424282599861304,0.021646719130603568,0.10197048496886486,0.2440868816,0.04741542888132512,True,True,False,False,False,-0.34999882961319734,-0.3528683234799969,0.0,"{""0.0498"": 4}"
c3_w2_tcop_cm0_states_L0.4_km0_7599_ucp0_0498_s1024,cm0,stageC,-0.35,-0.7599,0.1,0.04977134874876729,1024,0,0,0,False,PRE_PRIMARY_PHASE_IMBALANCE,0.42201200000000005,0.0047259400190608645,4.8529382280794735,-0.043135732006454444,-4.616425438145736,0.025929248977506206,0.08518331974678689,1.0710595881845548,0.2426255856,0.04743239247602844,False,True,False,False,False,-0.34999882961319734,-0.3528683234799969,0.0,"{""0.0498"": 4}"
c3_w2_tcop_cm0_states_L0.4_km0_7599_ucp0_0498_s1024,cm0,stageC,-0.35,-0.7599,0.1,0.04977134874876729,1024,25,1,1,False,PRE_PRIMARY_PHASE_IMBALANCE,0.42417199999999994,0.005740592665322856,6.226647393026546,-0.04413873204563266,-4.174638010549755,0.005776913692387014,0.021184568843096427,0.09713040913325162,0.244169368,0.04780370713658095,True,True,False,False,False,-0.34999882961319734,-0.3528683234799969,0.0,"{""0.0498"": 4}"
c3_w2_tcop_cm0_states_L0.4_km0_7599_ucp0_0498_s1024,cm0,stageC,-0.35,-0.7599,0.1,0.04977134874876729,1024,50,2,2,False,PRE_PRIMARY_PHASE_IMBALANCE,0.4242719999999999,0.005520170711179891,5.638609347301252,-0.04829860850939875,-5.153824805466374,0.007465391843459478,0.02154185751639747,0.08767960155824663,0.24418173760000003,0.04805819405678911,True,True,False,False,False,-0.34999882961319734,-0.3528683234799969,0.0,"{""0.0498"": 4}"
c3_w2_tcop_cm0_states_L0.4_km0_7599_ucp0_0498_s1024,cm0,stageC,-0.35,-0.7599,0.1,0.04977134874876729,1024,75,3,0,True,,0.425596,0.004927025256723758,5.347380003910079,-0.054941315017674026,-5.108981058126381,0.00843644922289886,0.023319286084108753,0.10714386388231131,0.2443655472,0.047542873114695114,True,True,False,False,False,-0.34999882961319734,-0.3528683234799969,0.0,"{""0.0498"": 4}"
c3_w2_tcop_cm0_states_L0.4_km0_7599_ucp0_0498_s1024,cm0,stageC,-0.35,-0.7599,0.1,0.04977134874876729,1024,100,4,1,True,,0.4251599999999999,0.004672770383757118,5.135896528300242,-0.05354814244287013,-5.647424386503436,0.007147200732053256,0.023394336215561442,0.10631291723983231,0.2443000448,0.04804096585207254,True,True,False,False,False,-0.34999882961319734,-0.3528683234799969,0.0,"{""0.0498"": 4}"
c3_w2_tcop_cm0_states_L0.4_km0_7599_ucp0_0498_s1024,cm0,stageC,-0.35,-0.7599,0.1,0.04977134874876729,1024,125,5,2,True,,0.42401200000000006,0.004151697461731224,3.9977114556135698,-0.04766945763955387,-4.814349848275716,0.01636136176573486,0.02465154897089676,0.1141477125313724,0.244116568,0.04796190004576549,True,True,False,False,False,-0.34999882961319734,-0.3528683234799969,0.0,"{""0.0498"": 4}"
c3_w2_tcop_cm0_states_L0.4_km0_7599_ucp0_0498_s1024,cm0,stageC,-0.35,-0.7599,0.1,0.04977134874876729,1024,150,6,0,True,,0.42376799999999987,0.0032981362210001914,3.5241821457299864,-0.04147609685163488,-4.132649344636268,0.013849717045272276,0.024570459279856606,0.11138169915760117,0.2440802688,0.04790117092514545,True,True,False,False,False,-0.34999882961319734,-0.3528683234799969,0.0,"{""0.0498"": 4}"
c3_w2_tcop_cm0_states_L0.4_km0_7599_ucp0_0498_s1024,cm0,stageC,-0.35,-0.7599,0.1,0.04977134874876729,1024,175,7,1,True,,0.422852,0.003936205543484508,4.067440817151649,-0.050436139119114105,-4.876796876101498,0.006442046855160273,0.023501152941606214,0.10878510658862882,0.243949432,0.04760993694597799,True,True,False,False,False,-0.34999882961319734,-0.3528683234799969,0.0,"{""0.0498"": 4}"
c3_w2_tcop_cm0_states_L0.4_km0_7599_ucp0_0498_s1024,cm0,stageC,-0.35,-0.7599,0.1,0.04977134874876729,1024,200,8,2,True,,0.42330799999999996,0.004073494857819452,4.183049495106163,-0.040758243556345934,-4.3636022830044325,0.008246168413212816,0.02327805729593772,0.11717236594353901,0.24402124,0.0486059372505047,True,True,False,False,False,-0.34999882961319734,-0.3528683234799969,0.0,"{""0.0498"": 4}"
c3_w2_tcop_cm0_states_L0.4_km0_7599_ucp0_0498_s1024,cm0,stageC,-0.35,-0.7599,0.1,0.04977134874876729,1024,225,9,0,True,,0.4238959999999999,0.004195459359749652,4.686365179095998,-0.04489007848268937,-4.572019725525628,0.0010713132737039264,0.02218734168048624,0.1037990448039164,0.24411972480000002,0.04834729758735228,True,True,False,False,False,-0.34999882961319734,-0.3528683234799969,0.0,"{""0.0498"": 4}"
c3_w2_tcop_cm0_states_L0.4_km0_7599_ucp0_0498_s1024,cm0,stageC,-0.35,-0.7599,0.1,0.04977134874876729,1024,250,10,1,True,,0.424684,0.0047746944156281,5.542054171634142,-0.05507487151517444,-5.411157309669309,0.0047808795045795405,0.022403324790596632,0.12338585837143415,0.2442369776,0.048915643142046085,True,True,False,False,False,-0.34999882961319734,-0.3528683234799969,0.0,"{""0.0498"": 4}"
c3_w2_tcop_cm0_states_L0.4_km0_7599_ucp0_0498_s1024,cm0,stageC,-0.35,-0.7599,0.1,0.04977134874876729,1024,275,11,2,True,,0.42501999999999995,0.0043157762153465205,4.8942037516544925,-0.04815700762605278,-4.884446153555617,0.005879464220765401,0.02245951363234551,0.13175850517208965,0.2442868784,0.04861398564199401,True,True,False,False,False,-0.34999882961319734,-0.3528683234799969,0.0,"{""0.0498"": 4}"
c3_w2_tcop_cm0_states_L0.4_km0_7599_ucp0_0498_s1024,cm0,stageC,-0.35,-0.7599,0.1,0.04977134874876729,1024,300,12,0,False,EXITS_PRIMARY_BLOCK_SET,0.42492,0.00439376705529461,5.133469987917941,-0.048550127738007605,-4.9318814170875065,0.0007241616547888271,0.02296073319738953,0.13178951301000313,0.24426780480000002,0.04852003297608112,True,True,False,False,False,-0.34999882961319734,-0.3528683234799969,0.0,"{""0.0498"": 4}"
c3_w2_tcop_cm0_states_L0.4_km0_7599_ucp0_0498_s31415,cm0,stageC,-0.35,-0.7599,0.1,0.04977134874876729,31415,0,0,0,False,PRE_PRIMARY_PHASE_IMBALANCE,0.420592,0.0031369768540859444,3.3589453609716213,-0.03575080822330786,-3.47107233627048,0.04032890820864679,0.08694886652807464,1.0794308948353015,0.2423570048,0.046838120542993605,False,True,False,False,False,-0.34999882961319734,-0.3528683234799969,0.0,"{""0.0498"": 4}"
c3_w2_tcop_cm0_states_L0.4_km0_7599_ucp0_0498_s31415,cm0,stageC,-0.35,-0.7599,0.1,0.04977134874876729,31415,25,1,1,False,PRE_PRIMARY_PHASE_IMBALANCE,0.4237520000000001,0.004400718545534376,4.571791942545111,-0.04461033912213657,-4.506305286529351,0.005168067626185986,0.022476985927517963,0.12932092325388217,0.2440955232,0.047484760671187974,True,True,False,False,False,-0.34999882961319734,-0.3528683234799969,0.0,"{""0.0498"": 4}"
c3_w2_tcop_cm0_states_L0.4_km0_7599_ucp0_0498_s31415,cm0,stageC,-0.35,-0.7599,0.1,0.04977134874876729,31415,50,2,2,False,PRE_PRIMARY_PHASE_IMBALANCE,0.42361999999999994,0.00453036273544722,4.600920822279318,-0.05445431991119213,-5.663949653752385,0.005696051391420408,0.02281762488362481,0.11142061255035034,0.24407266400000005,0.04795055369857579,True,True,False,False,False,-0.34999882961319734,-0.3528683234799969,0.0,"{""0.0498"": 4}"
c3_w2_tcop_cm0_states_L0.4_km0_7599_ucp0_0498_s31415,cm0,stageC,-0.35,-0.7599,0.1,0.04977134874876729,31415,75,3,0,True,,0.42348800000000003,0.004741962939350207,5.503619778023454,-0.05800637913342741,-6.143896200196711,0.0011573622198124715,0.02356201138600549,0.10767719484925861,0.2440463488,0.048069885125720864,True,True,False,False,False,-0.34999882961319734,-0.3528683234799969,0.0,"{""0.0498"": 4}"
c3_w2_tcop_cm0_states_L0.4_km0_7599_ucp0_0498_s31415,cm0,stageC,-0.35,-0.7599,0.1,0.04977134874876729,31415,100,4,1,True,,0.42354400000000003,0.005103617186168676,5.569841129660983,-0.05197711336761131,-5.1896798551765615,0.0012694165520160685,0.024818462256343068,0.10766295802168621,0.244043984,0.04729228334517165,True,True,False,False,False,-0.34999882961319734,-0.3528683234799969,0.0,"{""0.0498"": 4}"
c3_w2_tcop_cm0_states_L0.4_km0_7599_ucp0_0498_s31415,cm0,stageC,-0.35,-0.7599,0.1,0.04977134874876729,31415,125,5,2,True,,0.42314800000000014,0.005720711986394519,6.5839355737918845,-0.04827865778008805,-5.298330513210143,0.002260428141700902,0.024520415586881412,0.10398253068906727,0.24398611360000003,0.04725981481131723,True,True,False,False,False,-0.34999882961319734,-0.3528683234799969,0.0,"{""0.0498"": 4}"
c3_w2_tcop_cm0_states_L0.4_km0_7599_ucp0_0498_s31415,cm0,stageC,-0.35,-0.7599,0.1,0.04977134874876729,31415,150,6,0,True,,0.42323600000000006,0.005744278191601436,6.950721857052972,-0.0462547369121842,-4.904295450730078,0.006720894360887696,0.023695087935590785,0.10396091045194422,0.2440067152,0.04677059229900772,True,True,False,False,False,-0.34999882961319734,-0.3528683234799969,0.0,"{""0.0498"": 4}"
c3_w2_tcop_cm0_states_L0.4_km0_7599_ucp0_0498_s31415,cm0,stageC,-0.35,-0.7599,0.1,0.04977134874876729,31415,175,7,1,True,,0.42356,0.005015076999785254,5.191623886823755,-0.04886640977767546,-4.530444184808013,0.002334731531670323,0.024176216121743702,0.13410142569151604,0.2440520672,0.04846572397065786,True,True,False,False,False,-0.34999882961319734,-0.3528683234799969,0.0,"{""0.0498"": 4}"
c3_w2_tcop_cm0_states_L0.4_km0_7599_ucp0_0498_s31415,cm0,stageC,-0.35,-0.7599,0.1,0.04977134874876729,31415,200,8,2,True,,0.423112,0.0061656178945759844,6.12801468224027,-0.05462644038645257,-5.336239881362641,0.0014874145209923897,0.02391468358526097,0.13424341513773314,0.24398584960000005,0.04802577907749128,True,True,False,False,False,-0.34999882961319734,-0.3528683234799969,0.0,"{""0.0498"": 4}"
c3_w2_tcop_cm0_states_L0.4_km0_7599_ucp0_0498_s31415,cm0,stageC,-0.35,-0.7599,0.1,0.04977134874876729,31415,225,9,0,True,,0.42333999999999994,0.00439104485855043,4.604140998460246,-0.05005404071191625,-4.5466014020753445,0.002529283961303398,0.024191317273886948,0.1388954501372526,0.24401836319999998,0.047392872881900715,True,True,False,False,False,-0.34999882961319734,-0.3528683234799969,0.0,"{""0.0498"": 4}"
c3_w2_tcop_cm0_states_L0.4_km0_7599_ucp0_0498_s31415,cm0,stageC,-0.35,-0.7599,0.1,0.04977134874876729,31415,250,10,1,True,,0.4238679999999999,0.002899888254856966,3.0662650085354346,-0.04336670572622982,-4.671583933290317,0.00024859280909406254,0.02462146928477582,0.14249719218601742,0.2440950032,0.047936192756621795,True,True,False,False,False,-0.34999882961319734,-0.3528683234799969,0.0,"{""0.0498"": 4}"
c3_w2_tcop_cm0_states_L0.4_km0_7599_ucp0_0498_s31415,cm0,stageC,-0.35,-0.7599,0.1,0.04977134874876729,31415,275,11,2,True,,0.4234599999999999,0.003341789655763334,3.36616835898614,-0.04459941161661922,-4.392103931098712,0.004303835653712448,0.023108293906746652,0.13413309371810073,0.24404587360000002,0.047982375931168726,True,True,False,False,False,-0.34999882961319734,-0.3528683234799969,0.0,"{""0.0498"": 4}"
c3_w2_tcop_cm0_states_L0.4_km0_7599_ucp0_0498_s31415,cm0,stageC,-0.35,-0.7599,0.1,0.04977134874876729,31415,300,12,0,False,EXITS_PRIMARY_BLOCK_SET,0.42483200000000004,0.002424291977623661,2.7426195117857617,-0.04429589628847671,-4.1458465805712255,0.008588912501646652,0.023515233787191607,0.12993371466854264,0.2442499712,0.04772181656223912,True,True,False,False,False,-0.34999882961319734,-0.3528683234799969,0.0,"{""0.0498"": 4}"
c3_w2_tcop_cm0_states_L0.4_km0_7599_ucp0_1234_s42,cm0,stageC,-0.35,-0.7599,0.25,0.12339551870278656,42,0,0,0,False,PRE_PRIMARY_PHASE_IMBALANCE,0.42949999999999994,0.004158663650196092,4.513965196121081,-0.052402837661470594,-4.779155640214387,0.0332965542577699,0.0854174589760113,1.0579743863609445,0.24368382880000003,0.0481832958607026,False,True,False,False,False,-0.34999882961319734,-0.3564652879819238,0.0,"{""0.1234"": 4}"
c3_w2_tcop_cm0_states_L0.4_km0_7599_ucp0_1234_s42,cm0,stageC,-0.35,-0.7599,0.25,0.12339551870278656,42,25,1,1,False,PRE_PRIMARY_PHASE_IMBALANCE,0.43218,0.005450895254579959,6.15946347987224,-0.046484450954605794,-4.718194158321445,0.0062430232883014525,0.024296578282475185,0.13883104229989576,0.24529018719999995,0.04754795053417129,True,True,False,False,False,-0.34999882961319734,-0.3564652879819238,0.0,"{""0.1234"": 4}"
c3_w2_tcop_cm0_states_L0.4_km0_7599_ucp0_1234_s42,cm0,stageC,-0.35,-0.7599,0.25,0.12339551870278656,42,50,2,2,False,PRE_PRIMARY_PHASE_IMBALANCE,0.4326920000000001,0.006309951378825992,6.7240895795322535,-0.039966072245362194,-3.87407994494455,0.007410538305895037,0.02555111905355843,0.1414401002527431,0.24534740319999998,0.04821196050774123,True,True,False,False,False,-0.34999882961319734,-0.3564652879819238,0.0,"{""0.1234"": 4}"
c3_w2_tcop_cm0_states_L0.4_km0_7599_ucp0_1234_s42,cm0,stageC,-0.35,-0.7599,0.25,0.12339551870278656,42,75,3,0,True,,0.4331199999999999,0.0065869697127825975,6.996933585479698,-0.04855488830271876,-4.869747749573984,0.004996436093101872,0.02355928886321207,0.1219061689095259,0.24542294400000003,0.04770603316143568,True,True,False,False,False,-0.34999882961319734,-0.3564652879819238,0.0,"{""0.1234"": 4}"
c3_w2_tcop_cm0_states_L0.4_km0_7599_ucp0_1234_s42,cm0,stageC,-0.35,-0.7599,0.25,0.12339551870278656,42,100,4,1,True,,0.43307600000000007,0.007155330275320511,7.286564307759502,-0.04831611003619163,-5.056272949954584,0.0007265964089908412,0.025226878271495896,0.12191855442943374,0.24540181919999998,0.047486610997206365,True,True,False,False,False,-0.34999882961319734,-0.3564652879819238,0.0,"{""0.1234"": 4}"
c3_w2_tcop_cm0_states_L0.4_km0_7599_ucp0_1234_s42,cm0,stageC,-0.35,-0.7599,0.25,0.12339551870278656,42,125,5,2,True,,0.43245599999999995,0.005723127740170335,6.112959132399133,-0.047008217395349265,-4.423619889908555,0.005615745534042825,0.0243920342705418,0.12209334563032233,0.24532653759999998,0.04772554938395157,True,True,False,False,False,-0.34999882961319734,-0.3564652879819238,0.0,"{""0.1234"": 4}"
c3_w2_tcop_cm0_states_L0.4_km0_7599_ucp0_1234_s42,cm0,stageC,-0.35,-0.7599,0.25,0.12339551870278656,42,150,6,0,True,,0.43250400000000006,0.005965844882527691,5.904926378431783,-0.04721332168449606,-4.456674585004095,0.0018657878174623843,0.02429079093573635,0.1304034179327742,0.24533391680000005,0.047284352422339464,True,True,False,False,False,-0.34999882961319734,-0.3564652879819238,0.0,"{""0.1234"": 4}"
c3_w2_tcop_cm0_states_L0.4_km0_7599_ucp0_1234_s42,cm0,stageC,-0.35,-0.7599,0.25,0.12339551870278656,42,175,7,1,True,,0.4324920000000001,0.006568815559403047,7.513578819475522,-0.03665294587214412,-3.3341567212294567,0.0003812706114047808,0.02402421505865636,0.1304070361292069,0.24533471199999998,0.047863868794739105,True,True,False,False,False,-0.34999882961319734,-0.3564652879819238,0.0,"{""0.1234"": 4}"
c3_w2_tcop_cm0_states_L0.4_km0_7599_ucp0_1234_s42,cm0,stageC,-0.35,-0.7599,0.25,0.12339551870278656,42,200,8,2,True,,0.43178399999999995,0.005983692294435014,5.600644185879124,-0.03498701496871918,-3.5982660022728497,0.0003279745453469545,0.02401990325964036,0.14266392422446425,0.24523901119999997,0.047705108154158925,True,True,False,False,False,-0.34999882961319734,-0.3564652879819238,0.0,"{""0.1234"": 4}"
c3_w2_tcop_cm0_states_L0.4_km0_7599_ucp0_1234_s42,cm0,stageC,-0.35,-0.7599,0.25,0.12339551870278656,42,225,9,0,True,,0.4326239999999999,0.005944277813897263,6.705042497094438,-0.03796126476632799,-3.8820976295092895,0.0013437491504613255,0.023523629595890633,0.14238692226416721,0.24535690559999995,0.047473725617440225,True,True,False,False,False,-0.34999882961319734,-0.3564652879819238,0.0,"{""0.1234"": 4}"
c3_w2_tcop_cm0_states_L0.4_km0_7599_ucp0_1234_s42,cm0,stageC,-0.35,-0.7599,0.25,0.12339551870278656,42,250,10,1,True,,0.4321479999999999,0.003996085170336009,4.812102962394083,-0.054110330743248246,-5.649211792745582,0.0022622290500336076,0.022050347006460858,0.1082962315958972,0.24530530399999997,0.04822350149045588,True,True,False,False,False,-0.34999882961319734,-0.3564652879819238,0.0,"{""0.1234"": 4}"
c3_w2_tcop_cm0_states_L0.4_km0_7599_ucp0_1234_s42,cm0,stageC,-0.35,-0.7599,0.25,0.12339551870278656,42,275,11,2,True,,0.43188000000000004,0.0034285036855839345,3.797050293359324,-0.058220128135396246,-6.013635121624753,0.0012493608320513008,0.022941129652318967,0.11947763239909788,0.2452615008,0.04687670636894192,True,True,False,False,False,-0.34999882961319734,-0.3564652879819238,0.0,"{""0.1234"": 4}"
c3_w2_tcop_cm0_states_L0.4_km0_7599_ucp0_1234_s42,cm0,stageC,-0.35,-0.7599,0.25,0.12339551870278656,42,300,12,0,False,EXITS_PRIMARY_BLOCK_SET,0.432584,0.0029574939303293026,3.62181395339243,-0.0533323329839642,-5.554332686937217,0.0030672717488430716,0.02088106546425098,0.1192831909657242,0.24537349120000002,0.046550219591318796,True,True,False,False,False,-0.34999882961319734,-0.3564652879819238,0.0,"{""0.1234"": 4}"
c3_w2_tcop_cm0_states_L0.4_km0_7599_ucp0_1234_s137,cm0,stageC,-0.35,-0.7599,0.25,0.12339551870278656,137,0,0,0,False,PRE_PRIMARY_PHASE_IMBALANCE,0.43002799999999985,0.005494078426822313,6.353366186589431,-0.05193209657361705,-5.299644691826639,0.025026175436467468,0.08521718303738737,1.0501641729139404,0.24376100639999998,0.046148880983183115,False,True,False,False,False,-0.34999882961319734,-0.3564652879819238,0.0,"{""0.1234"": 4}"
c3_w2_tcop_cm0_states_L0.4_km0_7599_ucp0_1234_s137,cm0,stageC,-0.35,-0.7599,0.25,0.12339551870278656,137,25,1,1,False,PRE_PRIMARY_PHASE_IMBALANCE,0.43172400000000005,0.0055815264069679045,5.792348382078847,-0.053503266650584774,-5.9096204252471365,0.00354762106292062,0.024431520699221426,0.11488821535312331,0.2452271344,0.04657926388426507,True,True,False,False,False,-0.34999882961319734,-0.3564652879819238,0.0,"{""0.1234"": 4}"
c3_w2_tcop_cm0_states_L0.4_km0_7599_ucp0_1234_s137,cm0,stageC,-0.35,-0.7599,0.25,0.12339551870278656,137,50,2,2,False,PRE_PRIMARY_PHASE_IMBALANCE,0.43190799999999996,0.0069753259480288925,7.235656431614921,-0.05547754604911475,-5.194726887480184,0.0012487241082463137,0.025978655806515462,0.12965724151982078,0.24523758239999996,0.04737256100317989,True,True,False,False,False,-0.34999882961319734,-0.3564652879819238,0.0,"{""0.1234"": 4}"
c3_w2_tcop_cm0_states_L0.4_km0_7599_ucp0_1234_s137,cm0,stageC,-0.35,-0.7599,0.25,0.12339551870278656,137,75,3,0,True,,0.4320920000000001,0.006771986426810925,6.884423799570416,-0.04990072933110593,-4.553021565693611,0.0037145804604950877,0.02630759455984736,0.13330494400890325,0.24525928799999996,0.0471523439078059,True,True,False,False,False,-0.34999882961319734,-0.3564652879819238,0.0,"{""0.1234"": 4}"
c3_w2_tcop_cm0_states_L0.4_km0_7599_ucp0_1234_s137,cm0,stageC,-0.35,-0.7599,0.25,0.12339551870278656,137,100,4,1,True,,0.43212000000000006,0.006613330889381821,7.26753113448551,-0.04397636229165926,-4.663959182278386,0.0008953963967732371,0.025454881982442983,0.1332963062730345,0.24527131520000003,0.046905709673769995,True,True,False,False,False,-0.34999882961319734,-0.3564652879819238,0.0,"{""0.1234"": 4}"
c3_w2_tcop_cm0_states_L0.4_km0_7599_ucp0_1234_s137,cm0,stageC,-0.35,-0.7599,0.25,0.12339551870278656,137,125,5,2,True,,0.431908,0.006142017190506464,7.21819406108215,-0.033987899857661596,-3.1459098579189124,0.001117571954465859,0.02268410253720357,0.13336173413467275,0.24526748959999994,0.04663903446684976,True,True,False,False,False,-0.34999882961319734,-0.3564652879819238,0.0,"{""0.1234"": 4}"
c3_w2_tcop_cm0_states_L0.4_km0_7599_ucp0_1234_s137,cm0,stageC,-0.35,-0.7599,0.25,0.12339551870278656,137,150,6,0,True,,0.431952,0.005781781779555899,6.82330290643864,-0.042670590684750966,-4.351650573726753,0.0007257087509932021,0.020500312064678033,0.11204948672063217,0.245291056,0.04662477555978152,True,True,False,False,False,-0.34999882961319734,-0.3564652879819238,0.0,"{""0.1234"": 4}"
c3_w2_tcop_cm0_states_L0.4_km0_7599_ucp0_1234_s137,cm0,stageC,-0.35,-0.7599,0.25,0.12339551870278656,137,175,7,1,True,,0.43215600000000004,0.005407090964453235,5.648756266998413,-0.05066762797806005,-5.5796633056295635,0.002060017731658328,0.01914695294838172,0.09718712664596314,0.24532872479999998,0.04782082876738963,True,True,False,False,False,-0.34999882961319734,-0.3564652879819238,0.0,"{""0.1234"": 4}"
c3_w2_tcop_cm0_states_L0.4_km0_7599_ucp0_1234_s137,cm0,stageC,-0.35,-0.7599,0.25,0.12339551870278656,137,200,8,2,True,,0.4319239999999999,0.005860633949254116,6.330952415845479,-0.041664112992300426,-4.001385779459493,0.00043956572327347117,0.020054772044440325,0.10186977315020748,0.24529062559999995,0.04703720042689615,True,True,False,False,False,-0.34999882961319734,-0.3564652879819238,0.0,"{""0.1234"": 4}"
c3_w2_tcop_cm0_states_L0.4_km0_7599_ucp0_1234_s137,cm0,stageC,-0.35,-0.7599,0.25,0.12339551870278656,137,225,9,0,True,,0.432364,0.0054939008205719475,6.114907170460342,-0.0380089508009951,-3.756843323753651,0.0009154313935528897,0.018650866572879295,0.1017661042506635,0.245360344,0.04733932302008553,True,True,False,False,False,-0.34999882961319734,-0.3564652879819238,0.0,"{""0.1234"": 4}"
c3_w2_tcop_cm0_states_L0.4_km0_7599_ucp0_1234_s137,cm0,stageC,-0.35,-0.7599,0.25,0.12339551870278656,137,250,10,1,True,,0.43194399999999994,0.0047543159881340636,4.990830744329017,-0.060956084406047946,-6.296223703600729,0.0024294467247250114,0.02065311720715847,0.10001296441202344,0.24528879680000004,0.047780130430964705,True,True,False,False,False,-0.34999882961319734,-0.3564652879819238,0.0,"{""0.1234"": 4}"
c3_w2_tcop_cm0_states_L0.4_km0_7599_ucp0_1234_s137,cm0,stageC,-0.35,-0.7599,0.25,0.12339551870278656,137,275,11,2,True,,0.43199199999999993,0.005532811123200093,5.849014604238377,-0.0630477513269303,-6.1310020312916995,0.0015212914059758204,0.022501742625154017,0.11944665614306128,0.24528042239999995,0.048076937672859324,True,True,False,False,False,-0.34999882961319734,-0.3564652879819238,0.0,"{""0.1234"": 4}"
c3_w2_tcop_cm0_states_L0.4_km0_7599_ucp0_1234_s137,cm0,stageC,-0.35,-0.7599,0.25,0.12339551870278656,137,300,12,0,False,EXITS_PRIMARY_BLOCK_SET,0.432084,0.004733778426422406,5.708933116761179,-0.051581277032057254,-5.501509799518715,0.0018337157360362336,0.023023096241915085,0.11942122337457242,0.24528845600000002,0.04711535783584796,True,True,False,False,False,-0.34999882961319734,-0.3564652879819238,0.0,"{""0.1234"": 4}"
c3_w2_tcop_cm0_states_L0.4_km0_7599_ucp0_1234_s256,cm0,stageC,-0.35,-0.7599,0.25,0.12339551870278656,256,0,0,0,False,PRE_PRIMARY_PHASE_IMBALANCE,0.43150799999999995,0.006017866392944938,6.527134183886443,-0.0404191865746838,-4.179389673176729,0.03758600496074384,0.08695303884149222,1.0873494788338818,0.2439010256,0.045531592724173404,False,True,False,False,False,-0.34999882961319734,-0.3564652879819238,0.0,"{""0.1234"": 4}"
c3_w2_tcop_cm0_states_L0.4_km0_7599_ucp0_1234_s256,cm0,stageC,-0.35,-0.7599,0.25,0.12339551870278656,256,25,1,1,False,PRE_PRIMARY_PHASE_IMBALANCE,0.4336440000000001,0.006002273277035346,5.980552425824016,-0.037429690372969275,-3.372151824340453,0.0057071871928167615,0.023861127059395682,0.1079226275287501,0.24548981599999997,0.045226112634185134,True,True,False,False,False,-0.34999882961319734,-0.3564652879819238,0.0,"{""0.1234"": 4}"
c3_w2_tcop_cm0_states_L0.4_km0_7599_ucp0_1234_s256,cm0,stageC,-0.35,-0.7599,0.25,0.12339551870278656,256,50,2,2,False,PRE_PRIMARY_PHASE_IMBALANCE,0.43278,0.007364045328931225,7.6973219036206855,-0.03273100410356186,-3.0912060310110387,0.018104125634841817,0.02348026978421423,0.10628956951270949,0.2453782096,0.04583352048446639,True,True,False,False,False,-0.34999882961319734,-0.3564652879819238,0.0,"{""0.1234"": 4}"
c3_w2_tcop_cm0_states_L0.4_km0_7599_ucp0_1234_s256,cm0,stageC,-0.35,-0.7599,0.25,0.12339551870278656,256,75,3,0,True,,0.43170400000000003,0.005703767906636249,6.240890836428909,-0.04591846303904802,-4.7882914882213985,0.014598127866367732,0.024838957122128337,0.13064507132052255,0.24522067200000003,0.0469141384232941,True,True,False,False,False,-0.34999882961319734,-0.3564652879819238,0.0,"{""0.1234"": 4}"
c3_w2_tcop_cm0_states_L0.4_km0_7599_ucp0_1234_s256,cm0,stageC,-0.35,-0.7599,0.25,0.12339551870278656,256,100,4,1,True,,0.4314679999999999,0.005256957944511427,4.902239583767867,-0.04752668835398299,-5.06116471796541,0.0023370002682613386,0.025371878702414606,0.1307165302392841,0.2451835248,0.04784271079276341,True,True,False,False,False,-0.34999882961319734,-0.3564652879819238,0.0,"{""0.1234"": 4}"
c3_w2_tcop_cm0_states_L0.4_km0_7599_ucp0_1234_s256,cm0,stageC,-0.35,-0.7599,0.25,0.12339551870278656,256,125,5,2,True,,0.43196399999999996,0.005482924896382825,6.290497477045152,-0.05782651219620287,-5.658403671606296,0.01235948799675177,0.024648419428078886,0.1314924388803408,0.24525773919999996,0.04786922501983921,True,True,False,False,False,-0.34999882961319734,-0.3564652879819238,0.0,"{""0.1234"": 4}"
c3_w2_tcop_cm0_states_L0.4_km0_7599_ucp0_1234_s256,cm0,stageC,-0.35,-0.7599,0.25,0.12339551870278656,256,150,6,0,True,,0.43302000000000007,0.004390542946323763,4.927566080792304,-0.058532652693395956,-5.561507577226443,0.007358363642567475,0.023712145497530913,0.13117177005410416,0.2454082512,0.047555016559770014,True,True,False,False,False,-0.34999882961319734,-0.3564652879819238,0.0,"{""0.1234"": 4}"
c3_w2_tcop_cm0_states_L0.4_km0_7599_ucp0_1234_s256,cm0,stageC,-0.35,-0.7599,0.25,0.12339551870278656,256,175,7,1,True,,0.43331600000000003,0.0051253351724626665,5.275555790302644,-0.05474271483512223,-5.480719654980842,0.00911481447807404,0.023390799563886785,0.12923593837006722,0.24545051359999998,0.047462028443799154,True,True,False,False,False,-0.34999882961319734,-0.3564652879819238,0.0,"{""0.1234"": 4}"
c3_w2_tcop_cm0_states_L0.4_km0_7599_ucp0_1234_s256,cm0,stageC,-0.35,-0.7599,0.25,0.12339551870278656,256,200,8,2,True,,0.43306399999999995,0.004943007338150427,4.938121225170692,-0.04473304572199103,-4.548245830055585,0.007538854472108827,0.021790420908481305,0.129311140779859,0.2454305216,0.04684583123395293,True,True,False,False,False,-0.34999882961319734,-0.3564652879819238,0.0,"{""0.1234"": 4}"
c3_w2_tcop_cm0_states_L0.4_km0_7599_ucp0_1234_s256,cm0,stageC,-0.35,-0.7599,0.25,0.12339551870278656,256,225,9,0,True,,0.43258,0.0036202101515954237,4.054859271469143,-0.04122291893851797,-4.063900230874934,0.006041937574770871,0.021316483687632073,0.11835960950954831,0.2453695152,0.0467840100889182,True,True,False,False,False,-0.34999882961319734,-0.3564652879819238,0.0,"{""0.1234"": 4}"
c3_w2_tcop_cm0_states_L0.4_km0_7599_ucp0_1234_s256,cm0,stageC,-0.35,-0.7599,0.25,0.12339551870278656,256,250,10,1,True,,0.4318639999999999,0.005615758996453264,6.028638165767267,-0.05142516493117674,-4.7902306900277285,0.005318872834159278,0.022113225334851317,0.11855584137933282,0.24526628479999998,0.04710462295783717,True,True,False,False,False,-0.34999882961319734,-0.3564652879819238,0.0,"{""0.1234"": 4}"
c3_w2_tcop_cm0_states_L0.4_km0_7599_ucp0_1234_s256,cm0,stageC,-0.35,-0.7599,0.25,0.12339551870278656,256,275,11,2,True,,0.43186800000000003,0.005823512662892454,6.733328021750111,-0.03666962376232368,-3.58697050157891,0.003847671429161902,0.0210992976546895,0.10836644505180647,0.24527499999999997,0.04760998399495635,True,True,False,False,False,-0.34999882961319734,-0.3564652879819238,0.0,"{""0.1234"": 4}"
c3_w2_tcop_cm0_states_L0.4_km0_7599_ucp0_1234_s256,cm0,stageC,-0.35,-0.7599,0.25,0.12339551870278656,256,300,12,0,False,EXITS_PRIMARY_BLOCK_SET,0.4315919999999999,0.0060816843718318955,6.195532376546982,-0.04450973033788017,-4.219294425713457,0.0003514781765314259,0.021450585860248464,0.10194813596649592,0.24523463679999996,0.04703642775551732,True,True,False,False,False,-0.34999882961319734,-0.3564652879819238,0.0,"{""0.1234"": 4}"
c3_w2_tcop_cm0_states_L0.4_km0_7599_ucp0_1234_s1024,cm0,stageC,-0.35,-0.7599,0.25,0.12339551870278656,1024,0,0,0,False,PRE_PRIMARY_PHASE_IMBALANCE,0.43021599999999993,0.005437586894837818,5.47583101763023,-0.04290787468227083,-4.557396253868783,0.02646191310267713,0.08593321407119574,1.0831768202875374,0.24376342399999998,0.0469437252889031,False,True,False,False,False,-0.34999882961319734,-0.3564652879819238,0.0,"{""0.1234"": 4}"
c3_w2_tcop_cm0_states_L0.4_km0_7599_ucp0_1234_s1024,cm0,stageC,-0.35,-0.7599,0.25,0.12339551870278656,1024,25,1,1,False,PRE_PRIMARY_PHASE_IMBALANCE,0.432528,0.006423245212312805,7.0736535613730664,-0.04402487371644146,-4.268448411655646,0.0050032747027643956,0.021275879423221556,0.09802833551116148,0.24536284479999995,0.047065159258202885,True,True,False,False,False,-0.34999882961319734,-0.3564652879819238,0.0,"{""0.1234"": 4}"
c3_w2_tcop_cm0_states_L0.4_km0_7599_ucp0_1234_s1024,cm0,stageC,-0.35,-0.7599,0.25,0.12339551870278656,1024,50,2,2,False,PRE_PRIMARY_PHASE_IMBALANCE,0.432536,0.005721718163796633,5.904750368638826,-0.047017989560445,-4.972651749117604,0.0070763729990829805,0.021158730292591618,0.0906282943139339,0.24536485119999998,0.047510511510612044,True,True,False,False,False,-0.34999882961319734,-0.3564652879819238,0.0,"{""0.1234"": 4}"
c3_w2_tcop_cm0_states_L0.4_km0_7599_ucp0_1234_s1024,cm0,stageC,-0.35,-0.7599,0.25,0.12339551870278656,1024,75,3,0,True,,0.43392,0.005075834576396761,5.396360516839297,-0.05555047879576637,-5.242909662844363,0.008373624953818715,0.022695719724206656,0.09494837736230557,0.24553644800000002,0.04659521005425343,True,True,False,False,False,-0.34999882961319734,-0.3564652879819238,0.0,"{""0.1234"": 4}"
c3_w2_tcop_cm0_states_L0.4_km0_7599_ucp0_1234_s1024,cm0,stageC,-0.35,-0.7599,0.25,0.12339551870278656,1024,100,4,1,True,,0.433572,0.005015275919015478,5.398842081664732,-0.05350782298824179,-5.535140557513452,0.006509742874804792,0.023169615124635237,0.10425027422377307,0.2454864048,0.04729736584631326,True,True,False,False,False,-0.34999882961319734,-0.3564652879819238,0.0,"{""0.1234"": 4}"
c3_w2_tcop_cm0_states_L0.4_km0_7599_ucp0_1234_s1024,cm0,stageC,-0.35,-0.7599,0.25,0.12339551870278656,1024,125,5,2,True,,0.43232,0.004557763831005564,4.388134191368462,-0.04766155780713121,-4.921504074819931,0.016900283623619568,0.024395489947533745,0.11658031061116693,0.2453081856,0.047483656135558897,True,True,False,False,False,-0.34999882961319734,-0.3564652879819238,0.0,"{""0.1234"": 4}"
c3_w2_tcop_cm0_states_L0.4_km0_7599_ucp0_1234_s1024,cm0,stageC,-0.35,-0.7599,0.25,0.12339551870278656,1024,150,6,0,True,,0.43200799999999995,0.004316784582537212,4.280538870253233,-0.03689037452412815,-3.7420642087422533,0.016186874478578722,0.02402371271289327,0.11666450594279619,0.24526937599999996,0.04757360545512606,True,True,False,False,False,-0.34999882961319734,-0.3564652879819238,0.0,"{""0.1234"": 4}"
c3_w2_tcop_cm0_states_L0.4_km0_7599_ucp0_1234_s1024,cm0,stageC,-0.35,-0.7599,0.25,0.12339551870278656,1024,175,7,1,True,,0.43099600000000005,0.004840090505949753,4.768135432240965,-0.043602144276573454,-4.182551561215986,0.004341077630345758,0.02300803133657837,0.11044185999303512,0.2451401136,0.04701582695220834,True,True,False,False,False,-0.34999882961319734,-0.3564652879819238,0.0,"{""0.1234"": 4}"
c3_w2_tcop_cm0_states_L0.4_km0_7599_ucp0_1234_s1024,cm0,stageC,-0.35,-0.7599,0.25,0.12339551870278656,1024,200,8,2,True,,0.43129999999999996,0.005205605310004889,5.233209613593852,-0.03865149797359814,-4.294867419525906,0.008101157882770365,0.022280449153453234,0.11592858772100952,0.24518796639999998,0.047980308460867566,True,True,False,False,False,-0.34999882961319734,-0.3564652879819238,0.0,"{""0.1234"": 4}"
c3_w2_tcop_cm0_states_L0.4_km0_7599_ucp0_1234_s1024,cm0,stageC,-0.35,-0.7599,0.25,0.12339551870278656,1024,225,9,0,True,,0.431824,0.005147267702102137,5.7643081266311915,-0.044919358646459816,-4.3273999646681665,0.0017998020442866588,0.020667286134511943,0.09448293727425308,0.245272384,0.04783338817186171,True,True,False,False,False,-0.34999882961319734,-0.3564652879819238,0.0,"{""0.1234"": 4}"
c3_w2_tcop_cm0_states_L0.4_km0_7599_ucp0_1234_s1024,cm0,stageC,-0.35,-0.7599,0.25,0.12339551870278656,1024,250,10,1,True,,0.4326480000000001,0.005494063647583438,6.259309530639242,-0.05403317352342048,-5.50260053094832,0.004204114860082256,0.021535919724931227,0.12481278054027108,0.24537689280000002,0.04821149340147015,True,True,False,False,False,-0.34999882961319734,-0.3564652879819238,0.0,"{""0.1234"": 4}"
c3_w2_tcop_cm0_states_L0.4_km0_7599_ucp0_1234_s1024,cm0,stageC,-0.35,-0.7599,0.25,0.12339551870278656,1024,275,11,2,True,,0.43304400000000015,0.00500620163419896,5.634637613995924,-0.047602664834528255,-4.644143044134359,0.007096339622841775,0.021890134766362868,0.13301188763032873,0.2454270352,0.04790129501380939,True,True,False,False,False,-0.34999882961319734,-0.3564652879819238,0.0,"{""0.1234"": 4}"
c3_w2_tcop_cm0_states_L0.4_km0_7599_ucp0_1234_s1024,cm0,stageC,-0.35,-0.7599,0.25,0.12339551870278656,1024,300,12,0,False,EXITS_PRIMARY_BLOCK_SET,0.43298799999999993,0.0048662661969194245,5.33140840976873,-0.0456983708341477,-4.473591973934334,0.0024906644994628488,0.02325788491516806,0.13302909056826262,0.24540797919999996,0.04786054592250281,True,True,False,False,False,-0.34999882961319734,-0.3564652879819238,0.0,"{""0.1234"": 4}"
c3_w2_tcop_cm0_states_L0.4_km0_7599_ucp0_1234_s31415,cm0,stageC,-0.35,-0.7599,0.25,0.12339551870278656,31415,0,0,0,False,PRE_PRIMARY_PHASE_IMBALANCE,0.4287760000000001,0.003733203934572016,3.8802996621097448,-0.0395710911031208,-3.6656800848288214,0.041836375640305734,0.08769076249405976,1.09241188617737,0.24351340479999997,0.0462508575488066,False,True,False,False,False,-0.34999882961319734,-0.3564652879819238,0.0,"{""0.1234"": 4}"
c3_w2_tcop_cm0_states_L0.4_km0_7599_ucp0_1234_s31415,cm0,stageC,-0.35,-0.7599,0.25,0.12339551870278656,31415,25,1,1,False,PRE_PRIMARY_PHASE_IMBALANCE,0.43196399999999996,0.0050310239836899385,5.195093615982711,-0.04991426837424168,-5.0613160569502975,0.0046636327274530995,0.022486472649629777,0.1314924388803409,0.24527675359999995,0.04705680295132682,True,True,False,False,False,-0.34999882961319734,-0.3564652879819238,0.0,"{""0.1234"": 4}"
c3_w2_tcop_cm0_states_L0.4_km0_7599_ucp0_1234_s31415,cm0,stageC,-0.35,-0.7599,0.25,0.12339551870278656,31415,50,2,2,False,PRE_PRIMARY_PHASE_IMBALANCE,0.43196799999999996,0.0055200026540482275,5.781959757907428,-0.05654609880320786,-5.687183252155398,0.006411115946743464,0.022496018605829816,0.10278539127253547,0.24527721600000002,0.04758200264806012,True,True,False,False,False,-0.34999882961319734,-0.3564652879819238,0.0,"{""0.1234"": 4}"
c3_w2_tcop_cm0_states_L0.4_km0_7599_ucp0_1234_s31415,cm0,stageC,-0.35,-0.7599,0.25,0.12339551870278656,31415,75,3,0,True,,0.431944,0.006166631358853786,7.233797736268641,-0.059980838284903484,-6.513016514590889,0.0012558439153428015,0.022872405565376997,0.09908691844524528,0.24527077439999995,0.04754514553558544,True,True,False,False,False,-0.34999882961319734,-0.3564652879819238,0.0,"{""0.1234"": 4}"
c3_w2_tcop_cm0_states_L0.4_km0_7599_ucp0_1234_s31415,cm0,stageC,-0.35,-0.7599,0.25,0.12339551870278656,31415,100,4,1,True,,0.431992,0.006450079140149088,6.79550055526766,-0.05240135141216948,-5.379668677482608,0.0032059355049243988,0.02408483833542247,0.10740939622166752,0.2452666592,0.04659905509771631,True,True,False,False,False,-0.34999882961319734,-0.3564652879819238,0.0,"{""0.1234"": 4}"
c3_w2_tcop_cm0_states_L0.4_km0_7599_ucp0_1234_s31415,cm0,stageC,-0.35,-0.7599,0.25,0.12339551870278656,31415,125,5,2,True,,0.43171200000000004,0.0072721873144654505,8.070333442456405,-0.04658331658792624,-5.256360339443367,0.0013143409040279037,0.023745590322962865,0.10747905986519006,0.2452316608,0.04648988122161639,True,True,False,False,False,-0.34999882961319734,-0.3564652879819238,0.0,"{""0.1234"": 4}"
c3_w2_tcop_cm0_states_L0.4_km0_7599_ucp0_1234_s31415,cm0,stageC,-0.35,-0.7599,0.25,0.12339551870278656,31415,150,6,0,True,,0.43163199999999996,0.0067186734775428756,8.354589088897361,-0.04408874578178811,-4.948905511549776,0.00901858356634474,0.022792179183047004,0.1102791264079606,0.24522903360000003,0.04610137282120783,True,True,False,False,False,-0.34999882961319734,-0.3564652879819238,0.0,"{""0.1234"": 4}"
c3_w2_tcop_cm0_states_L0.4_km0_7599_ucp0_1234_s31415,cm0,stageC,-0.35,-0.7599,0.25,0.12339551870278656,31415,175,7,1,True,,0.431708,0.005807596618473837,5.975864598277012,-0.05055188597974721,-4.6800796466074095,0.0014628015900841175,0.023176719501734916,0.12786420421242095,0.24523609119999995,0.04780295739805227,True,True,False,False,False,-0.34999882961319734,-0.3564652879819238,0.0,"{""0.1234"": 4}"
c3_w2_tcop_cm0_states_L0.4_km0_7599_ucp0_1234_s31415,cm0,stageC,-0.35,-0.7599,0.25,0.12339551870278656,31415,200,8,2,True,,0.43128,0.006974238802568526,7.209340093039538,-0.0567325183310697,-5.581961272389683,0.001737513758477434,0.023583327825581698,0.12799109597479347,0.24517411199999997,0.047135990495586276,True,True,False,False,False,-0.34999882961319734,-0.3564652879819238,0.0,"{""0.1234"": 4}"
c3_w2_tcop_cm0_states_L0.4_km0_7599_ucp0_1234_s31415,cm0,stageC,-0.35,-0.7599,0.25,0.12339551870278656,31415,225,9,0,True,,0.43150799999999995,0.005193312498457009,5.409863222911368,-0.05293304687010388,-4.837052038334102,0.003934318170329245,0.02396775732673059,0.13441233966829735,0.24520188320000003,0.04645520354061534,True,True,False,False,False,-0.34999882961319734,-0.3564652879819238,0.0,"{""0.1234"": 4}"
c3_w2_tcop_cm0_states_L0.4_km0_7599_ucp0_1234_s31415,cm0,stageC,-0.35,-0.7599,0.25,0.12339551870278656,31415,250,10,1,True,,0.43211999999999995,0.0039059507968498093,4.110662097191434,-0.043681982524747934,-4.777512442257433,5.443476853776168e-05,0.02453895420001457,0.13792465024084835,0.24527986559999998,0.0470343023760319,True,True,False,False,False,-0.34999882961319734,-0.3564652879819238,0.0,"{""0.1234"": 4}"
c3_w2_tcop_cm0_states_L0.4_km0_7599_ucp0_1234_s31415,cm0,stageC,-0.35,-0.7599,0.25,0.12339551870278656,31415,275,11,2,True,,0.431736,0.004366242750663737,4.347844660383417,-0.04364957642955335,-4.380128065310675,0.0030966463076339506,0.023457719139286598,0.1324883722170763,0.2452374592,0.04701261856140328,True,True,False,False,False,-0.34999882961319734,-0.3564652879819238,0.0,"{""0.1234"": 4}"
c3_w2_tcop_cm0_states_L0.4_km0_7599_ucp0_1234_s31415,cm0,stageC,-0.35,-0.7599,0.25,0.12339551870278656,31415,300,12,0,False,EXITS_PRIMARY_BLOCK_SET,0.43294000000000005,0.003318987162338209,3.5021812342021623,-0.044595545425672484,-4.280654318568793,0.006854106192128535,0.02279147236180258,0.12103293730994377,0.24540559199999998,0.04682602267970236,True,True,False,False,False,-0.34999882961319734,-0.3564652879819238,0.0,"{""0.1234"": 4}"
c3_w2_tcop_cm0_states_L0.4_km0_7599_ucp0_2425_s42,cm0,stageC,-0.35,-0.7599,0.5,0.24248438819907564,42,0,0,0,False,PRE_PRIMARY_PHASE_IMBALANCE,0.4424119999999999,0.004959633011210318,5.440140597278146,-0.04869922336117047,-4.315723732548297,0.03433866881906385,0.08659773262879146,1.0867697958311038,0.2452158224,0.047276868085777426,False,True,False,False,False,-0.34999882961319734,-0.36057987865255786,0.0,"{""0.2425"": 4}"
c3_w2_tcop_cm0_states_L0.4_km0_7599_ucp0_2425_s42,cm0,stageC,-0.35,-0.7599,0.5,0.24248438819907564,42,25,1,1,False,PRE_PRIMARY_PHASE_IMBALANCE,0.44508799999999993,0.006386777414957044,7.138250264346493,-0.043045447506061124,-4.3853904465239495,0.004287221436648093,0.023367230327468704,0.14109569311889858,0.2468765024,0.046747323516967254,True,True,False,False,False,-0.34999882961319734,-0.36057987865255786,0.0,"{""0.2425"": 4}"
c3_w2_tcop_cm0_states_L0.4_km0_7599_ucp0_2425_s42,cm0,stageC,-0.35,-0.7599,0.5,0.24248438819907564,42,50,2,2,False,PRE_PRIMARY_PHASE_IMBALANCE,0.445456,0.0074512474428588635,7.509743739963844,-0.036737557145722896,-3.6545052224321064,0.004882856005684076,0.024759348825107743,0.14097913118023078,0.24690330879999997,0.047243963254578886,True,True,False,False,False,-0.34999882961319734,-0.36057987865255786,0.0,"{""0.2425"": 4}"
c3_w2_tcop_cm0_states_L0.4_km0_7599_ucp0_2425_s42,cm0,stageC,-0.35,-0.7599,0.5,0.24248438819907564,42,75,3,0,True,,0.4457919999999999,0.0076972106232882,7.963962304301356,-0.04301397457846556,-4.159229704666525,0.006708732016721333,0.02245798502673947,0.11395448973073884,0.24696126079999994,0.04709620723582739,True,True,False,False,False,-0.34999882961319734,-0.36057987865255786,0.0,"{""0.2425"": 4}"
c3_w2_tcop_cm0_states_L0.4_km0_7599_ucp0_2425_s42,cm0,stageC,-0.35,-0.7599,0.5,0.24248438819907564,42,100,4,1,True,,0.44552400000000003,0.00835506452119897,8.347745250962207,-0.04601155132095699,-4.655982051291613,0.001025232480276169,0.024214067179617566,0.11402303778466921,0.2469159856,0.046639097589897684,True,True,False,False,False,-0.34999882961319734,-0.36057987865255786,0.0,"{""0.2425"": 4}"
c3_w2_tcop_cm0_states_L0.4_km0_7599_ucp0_2425_s42,cm0,stageC,-0.35,-0.7599,0.5,0.24248438819907564,42,125,5,2,True,,0.44511599999999996,0.007086885557636143,7.401980131576733,-0.04577920003185996,-4.2320836978419445,0.003914337452504739,0.023373437008060927,0.1114316265615443,0.24687950560000002,0.04650877921425158,True,True,False,False,False,-0.34999882961319734,-0.36057987865255786,0.0,"{""0.2425"": 4}"
c3_w2_tcop_cm0_states_L0.4_km0_7599_ucp0_2425_s42,cm0,stageC,-0.35,-0.7599,0.5,0.24248438819907564,42,150,6,0,True,,0.44517599999999996,0.006776322778538159,6.603259322856367,-0.04334727674468374,-4.088828124654871,0.0028597393073106193,0.022744057562101738,0.11860477627139657,0.24689181120000003,0.04611473760090151,True,True,False,False,False,-0.34999882961319734,-0.36057987865255786,0.0,"{""0.2425"": 4}"
c3_w2_tcop_cm0_states_L0.4_km0_7599_ucp0_2425_s42,cm0,stageC,-0.35,-0.7599,0.5,0.24248438819907564,42,175,7,1,True,,0.445244,0.007280914965671432,8.216856789310182,-0.04091159985990553,-3.8879512676597616,0.0013256080274557877,0.022361599460344595,0.1185866623276526,0.2469026512,0.046504843446677685,True,True,False,False,False,-0.34999882961319734,-0.36057987865255786,0.0,"{""0.2425"": 4}"
c3_w2_tcop_cm0_states_L0.4_km0_7599_ucp0_2425_s42,cm0,stageC,-0.35,-0.7599,0.5,0.24248438819907564,42,200,8,2,True,,0.44465200000000005,0.006708179435648173,6.33221281116943,-0.03538650601151042,-3.673272910134045,0.00010850018525489674,0.023072656543144467,0.13313782433647467,0.24683134559999995,0.046550605753308945,True,True,False,False,False,-0.34999882961319734,-0.36057987865255786,0.0,"{""0.2425"": 4}"
c3_w2_tcop_cm0_states_L0.4_km0_7599_ucp0_2425_s42,cm0,stageC,-0.35,-0.7599,0.5,0.24248438819907564,42,225,9,0,True,,0.445352,0.006503876587037676,6.950664718508726,-0.03557357453345026,-3.590528151173889,0.0025761975446313016,0.022823942991338796,0.13292855958224373,0.24691027520000003,0.04608249229371172,True,True,False,False,False,-0.34999882961319734,-0.36057987865255786,0.0,"{""0.2425"": 4}"
c3_w2_tcop_cm0_states_L0.4_km0_7599_ucp0_2425_s42,cm0,stageC,-0.35,-0.7599,0.5,0.24248438819907564,42,250,10,1,True,,0.445044,0.005009197054222458,5.863679707488525,-0.0520758433354991,-5.205571104052435,0.003496453393516748,0.02212364920594309,0.11055086663217367,0.24688289440000002,0.04723767631880298,True,True,False,False,False,-0.34999882961319734,-0.36057987865255786,0.0,"{""0.2425"": 4}"
c3_w2_tcop_cm0_states_L0.4_km0_7599_ucp0_2425_s42,cm0,stageC,-0.35,-0.7599,0.5,0.24248438819907564,42,275,11,2,True,,0.44485600000000003,0.0046826894171847775,5.244498682911268,-0.056021608169544955,-5.5264308883572255,0.0007057371248980712,0.023461900948544175,0.12138759481408004,0.24685020479999997,0.0462880034566193,True,True,False,False,False,-0.34999882961319734,-0.36057987865255786,0.0,"{""0.2425"": 4}"
c3_w2_tcop_cm0_states_L0.4_km0_7599_ucp0_2425_s42,cm0,stageC,-0.35,-0.7599,0.5,0.24248438819907564,42,300,12,0,False,EXITS_PRIMARY_BLOCK_SET,0.44569200000000003,0.004474537606773078,5.1581317921549426,-0.04904851036446653,-5.0896459218181835,0.0011777920448906639,0.021051560769497667,0.12115990387720686,0.24696260959999997,0.045631142172862606,True,True,False,False,False,-0.34999882961319734,-0.36057987865255786,0.0,"{""0.2425"": 4}"
c3_w2_tcop_cm0_states_L0.4_km0_7599_ucp0_2425_s137,cm0,stageC,-0.35,-0.7599,0.5,0.24248438819907564,137,0,0,0,False,PRE_PRIMARY_PHASE_IMBALANCE,0.44306399999999996,0.006621183724974481,7.644118517968444,-0.0485680074917251,-4.994110838813085,0.024491913412109285,0.08651946470304162,1.0752396920642624,0.24528882240000002,0.04540717899187308,False,True,False,False,False,-0.34999882961319734,-0.36057987865255786,0.0,"{""0.2425"": 4}"
c3_w2_tcop_cm0_states_L0.4_km0_7599_ucp0_2425_s137,cm0,stageC,-0.35,-0.7599,0.5,0.24248438819907564,137,25,1,1,False,PRE_PRIMARY_PHASE_IMBALANCE,0.44454400000000005,0.006696595995024024,7.222780696917746,-0.05552260654952977,-6.015944293490492,0.001142498353225307,0.02368283177011773,0.11247480539052417,0.24681379199999998,0.04589457554003524,True,True,False,False,False,-0.34999882961319734,-0.36057987865255786,0.0,"{""0.2425"": 4}"
c3_w2_tcop_cm0_states_L0.4_km0_7599_ucp0_2425_s137,cm0,stageC,-0.35,-0.7599,0.5,0.24248438819907564,137,50,2,2,False,PRE_PRIMARY_PHASE_IMBALANCE,0.4447279999999999,0.007644878842564661,7.917290538634717,-0.05933165326488492,-5.577389733836747,0.0001230538046266373,0.024466831896184784,0.12052310598720316,0.246826608,0.04662923992518,True,True,False,False,False,-0.34999882961319734,-0.36057987865255786,0.0,"{""0.2425"": 4}"
c3_w2_tcop_cm0_states_L0.4_km0_7599_ucp0_2425_s137,cm0,stageC,-0.35,-0.7599,0.5,0.24248438819907564,137,75,3,0,True,,0.44475200000000004,0.007109358567111487,7.360218845101068,-0.04866003735124179,-4.403180734753371,0.004891664462136721,0.024495546573825612,0.12051660224008745,0.24682896959999998,0.04627546321756272,True,True,False,False,False,-0.34999882961319734,-0.36057987865255786,0.0,"{""0.2425"": 4}"
c3_w2_tcop_cm0_states_L0.4_km0_7599_ucp0_2425_s137,cm0,stageC,-0.35,-0.7599,0.5,0.24248438819907564,137,100,4,1,True,,0.4446840000000001,0.0070693029012047085,8.22016296500114,-0.04395823920596422,-4.704629089936925,0.0014384685865876086,0.024123545968528136,0.12053503134690013,0.24682506399999998,0.04565106947268596,True,True,False,False,False,-0.34999882961319734,-0.36057987865255786,0.0,"{""0.2425"": 4}"
c3_w2_tcop_cm0_states_L0.4_km0_7599_ucp0_2425_s137,cm0,stageC,-0.35,-0.7599,0.5,0.24248438819907564,137,125,5,2,True,,0.4447519999999999,0.006665124096913111,7.626418644386931,-0.03483212201111142,-3.1709452263451143,0.0003691414929498031,0.022150734350554445,0.11691909172545802,0.24685060479999998,0.045250176751036014,True,True,False,False,False,-0.34999882961319734,-0.36057987865255786,0.0,"{""0.2425"": 4}"
c3_w2_tcop_cm0_states_L0.4_km0_7599_ucp0_2425_s137,cm0,stageC,-0.35,-0.7599,0.5,0.24248438819907564,137,150,6,0,True,,0.44477599999999995,0.0066804152902709656,7.951834219063071,-0.03944567112817665,-4.0492366917397105,0.0029313865363834865,0.020725514684877735,0.10342284632394091,0.24686533439999994,0.04544083872465384,True,True,False,False,False,-0.34999882961319734,-0.36057987865255786,0.0,"{""0.2425"": 4}"
c3_w2_tcop_cm0_states_L0.4_km0_7599_ucp0_2425_s137,cm0,stageC,-0.35,-0.7599,0.5,0.24248438819907564,137,175,7,1,True,,0.44505599999999995,0.006614895177939811,6.712805989053634,-0.04513488006145126,-4.8794624313782196,0.0019199504031511506,0.019829708610825458,0.10335777946290402,0.24690327039999999,0.046867866006465454,True,True,False,False,False,-0.34999882961319734,-0.36057987865255786,0.0,"{""0.2425"": 4}"
c3_w2_tcop_cm0_states_L0.4_km0_7599_ucp0_2425_s137,cm0,stageC,-0.35,-0.7599,0.5,0.24248438819907564,137,200,8,2,True,,0.44479599999999997,0.007140690407465435,7.547895863088358,-0.04165796035785228,-4.141605858592795,0.000542325294899835,0.020361092836908543,0.10341819597429336,0.24687049759999996,0.04586761803276904,True,True,False,False,False,-0.34999882961319734,-0.36057987865255786,0.0,"{""0.2425"": 4}"
c3_w2_tcop_cm0_states_L0.4_km0_7599_ucp0_2425_s137,cm0,stageC,-0.35,-0.7599,0.5,0.24248438819907564,137,225,9,0,True,,0.445124,0.006725275773516606,7.479101733160511,-0.03680625412711916,-3.557218834869339,0.0012418455897360273,0.018934241717259534,0.10334198986497693,0.24691759200000005,0.045867904072455716,True,True,False,False,False,-0.34999882961319734,-0.36057987865255786,0.0,"{""0.2425"": 4}"
c3_w2_tcop_cm0_states_L0.4_km0_7599_ucp0_2425_s137,cm0,stageC,-0.35,-0.7599,0.5,0.24248438819907564,137,250,10,1,True,,0.4446560000000001,0.005932194681791134,6.0689886281478245,-0.0577479069682888,-5.922151468573464,0.0018461059478849754,0.019900886848567882,0.09445503918882221,0.24685873600000005,0.04626533976963749,True,True,False,False,False,-0.34999882961319734,-0.36057987865255786,0.0,"{""0.2425"": 4}"
c3_w2_tcop_cm0_states_L0.4_km0_7599_ucp0_2425_s137,cm0,stageC,-0.35,-0.7599,0.5,0.24248438819907564,137,275,11,2,True,,0.44479199999999997,0.0067844043771177155,7.139230595822941,-0.06271844694520015,-6.304919252543012,0.0020085103484892147,0.021097271705774405,0.11421068698580308,0.2468640192,0.04680081982187919,True,True,False,False,False,-0.34999882961319734,-0.36057987865255786,0.0,"{""0.2425"": 4}"
c3_w2_tcop_cm0_states_L0.4_km0_7599_ucp0_2425_s137,cm0,stageC,-0.35,-0.7599,0.5,0.24248438819907564,137,300,12,0,False,EXITS_PRIMARY_BLOCK_SET,0.4449639999999999,0.006084220255089694,7.080608505546204,-0.050765858474372684,-5.505501919605618,0.0014569826525875698,0.02143087741536427,0.1141665390589654,0.24688010399999996,0.04598302625969718,True,True,False,False,False,-0.34999882961319734,-0.36057987865255786,0.0,"{""0.2425"": 4}"
c3_w2_tcop_cm0_states_L0.4_km0_7599_ucp0_2425_s256,cm0,stageC,-0.35,-0.7599,0.5,0.24248438819907564,256,0,0,0,False,PRE_PRIMARY_PHASE_IMBALANCE,0.44444,0.007571364302882077,8.177953662677169,-0.043675727304970484,-4.299098907108113,0.0362963124764174,0.08820799894131424,1.109711094614096,0.24537619839999997,0.04470398639942528,False,True,False,False,False,-0.34999882961319734,-0.36057987865255786,0.0,"{""0.2425"": 4}"
c3_w2_tcop_cm0_states_L0.4_km0_7599_ucp0_2425_s256,cm0,stageC,-0.35,-0.7599,0.5,0.24248438819907564,256,25,1,1,False,PRE_PRIMARY_PHASE_IMBALANCE,0.4465200000000001,0.007495956348383406,7.56061291496403,-0.03712550600787779,-3.38087049227523,0.005421665508347105,0.023686344607258113,0.10212308496344369,0.24702802879999997,0.04464582399284395,True,True,False,False,False,-0.34999882961319734,-0.36057987865255786,0.0,"{""0.2425"": 4}"
c3_w2_tcop_cm0_states_L0.4_km0_7599_ucp0_2425_s256,cm0,stageC,-0.35,-0.7599,0.5,0.24248438819907564,256,50,2,2,False,PRE_PRIMARY_PHASE_IMBALANCE,0.44558400000000004,0.008616481109196161,8.842340817541546,-0.03471534281822823,-3.289821175788774,0.01635733967226896,0.023232848231786098,0.09605371805079689,0.2469317312,0.045186048112221544,True,True,False,False,False,-0.34999882961319734,-0.36057987865255786,0.0,"{""0.2425"": 4}"
c3_w2_tcop_cm0_states_L0.4_km0_7599_ucp0_2425_s256,cm0,stageC,-0.35,-0.7599,0.5,0.24248438819907564,256,75,3,0,True,,0.44486800000000004,0.0071371741371590355,7.743600127660323,-0.047280963945387396,-4.85826747285437,0.014006993338036944,0.023845117743187677,0.12138432046947784,0.2468479344,0.04592888607401664,True,True,False,False,False,-0.34999882961319734,-0.36057987865255786,0.0,"{""0.2425"": 4}"
c3_w2_tcop_cm0_states_L0.4_km0_7599_ucp0_2425_s256,cm0,stageC,-0.35,-0.7599,0.5,0.24248438819907564,256,100,4,1,True,,0.444624,0.006849033805484547,6.405048691001765,-0.04826129619604641,-5.218104233067824,0.003381532143234811,0.02500838140385319,0.12145093354958134,0.24680985919999998,0.04667310386078903,True,True,False,False,False,-0.34999882961319734,-0.36057987865255786,0.0,"{""0.2425"": 4}"
c3_w2_tcop_cm0_states_L0.4_km0_7599_ucp0_2425_s256,cm0,stageC,-0.35,-0.7599,0.5,0.24248438819907564,256,125,5,2,True,,0.444924,0.006641663963767438,7.307117557020072,-0.051570319881478185,-5.061435235678572,0.009237377583277103,0.024263049394773382,0.12136904253002972,0.24685009760000004,0.046641121598863806,True,True,False,False,False,-0.34999882961319734,-0.36057987865255786,0.0,"{""0.2425"": 4}"
c3_w2_tcop_cm0_states_L0.4_km0_7599_ucp0_2425_s256,cm0,stageC,-0.35,-0.7599,0.5,0.24248438819907564,256,150,6,0,True,,0.4459160000000001,0.005729467900530238,6.181074305045436,-0.05150391256313294,-4.995907810791132,0.0034777740113163635,0.023513923131401368,0.12109904080342697,0.2469649808,0.046465481209172904,True,True,False,False,False,-0.34999882961319734,-0.36057987865255786,0.0,"{""0.2425"": 4}"
c3_w2_tcop_cm0_states_L0.4_km0_7599_ucp0_2425_s256,cm0,stageC,-0.35,-0.7599,0.5,0.24248438819907564,256,175,7,1,True,,0.4459280000000001,0.006160074757860623,6.339272155748372,-0.0536314852526273,-5.255100782538234,0.010139691042222294,0.023645378953623952,0.11840476462925682,0.24696504,0.04642907296080765,True,True,False,False,False,-0.34999882961319734,-0.36057987865255786,0.0,"{""0.2425"": 4}"
c3_w2_tcop_cm0_states_L0.4_km0_7599_ucp0_2425_s256,cm0,stageC,-0.35,-0.7599,0.5,0.24248438819907564,256,200,8,2,True,,0.445564,0.005983229269025617,5.92445453056125,-0.04491669481458302,-4.633017175513463,0.004287489632950827,0.021734210582409253,0.11850149446880474,0.24694294239999995,0.0463530139688888,True,True,False,False,False,-0.34999882961319734,-0.36057987865255786,0.0,"{""0.2425"": 4}"
c3_w2_tcop_cm0_states_L0.4_km0_7599_ucp0_2425_s256,cm0,stageC,-0.35,-0.7599,0.5,0.24248438819907564,256,225,9,0,True,,0.44514399999999993,0.00487350082303931,5.780860318774297,-0.04108402260686056,-3.9718605626375614,0.005848220630143981,0.02152071110821086,0.11771471677094443,0.24689904640000002,0.045885283741086316,True,True,False,False,False,-0.34999882961319734,-0.36057987865255786,0.0,"{""0.2425"": 4}"
c3_w2_tcop_cm0_states_L0.4_km0_7599_ucp0_2425_s256,cm0,stageC,-0.35,-0.7599,0.5,0.24248438819907564,256,250,10,1,True,,0.44443599999999994,0.006699129210642582,6.833797257664302,-0.04907534174015352,-4.544976522376535,0.005013416575768196,0.022005407010273474,0.11790223987727765,0.24681699359999995,0.04620434940565661,True,True,False,False,False,-0.34999882961319734,-0.36057987865255786,0.0,"{""0.2425"": 4}"
c3_w2_tcop_cm0_states_L0.4_km0_7599_ucp0_2425_s256,cm0,stageC,-0.35,-0.7599,0.5,0.24248438819907564,256,275,11,2,True,,0.44461599999999996,0.006941734168926057,7.5536336325562035,-0.03705087098496121,-3.6340794458054337,0.00285254427602761,0.021168972162543476,0.10166075871839804,0.24684402560000002,0.04681936078162537,True,True,False,False,False,-0.34999882961319734,-0.36057987865255786,0.0,"{""0.2425"": 4}"
c3_w2_tcop_cm0_states_L0.4_km0_7599_ucp0_2425_s256,cm0,stageC,-0.35,-0.7599,0.5,0.24248438819907564,256,300,12,0,False,EXITS_PRIMARY_BLOCK_SET,0.44443200000000005,0.007117438799236629,7.158874599804342,-0.04199443372982351,-3.999965075335949,0.0028515649859184276,0.021357231958890364,0.09990279705353618,0.2468221024,0.046248431065280475,True,True,False,False,False,-0.34999882961319734,-0.36057987865255786,0.0,"{""0.2425"": 4}"
c3_w2_tcop_cm0_states_L0.4_km0_7599_ucp0_2425_s1024,cm0,stageC,-0.35,-0.7599,0.5,0.24248438819907564,1024,0,0,0,False,PRE_PRIMARY_PHASE_IMBALANCE,0.44307199999999997,0.006643145272761355,6.530697762401251,-0.04020816050159219,-4.243660647506547,0.024737415185042327,0.08696230998963718,1.105915063226936,0.24527459840000002,0.045801340766401154,False,True,False,False,False,-0.34999882961319734,-0.36057987865255786,0.0,"{""0.2425"": 4}"
c3_w2_tcop_cm0_states_L0.4_km0_7599_ucp0_2425_s1024,cm0,stageC,-0.35,-0.7599,0.5,0.24248438819907564,1024,25,1,1,False,PRE_PRIMARY_PHASE_IMBALANCE,0.4451720000000001,0.007483699907593959,7.952766340254516,-0.04211735294665323,-4.05884000434043,0.003029603987800301,0.02040165886126648,0.0934470270065344,0.24691140319999996,0.04589128910806495,True,True,False,False,False,-0.34999882961319734,-0.36057987865255786,0.0,"{""0.2425"": 4}"
c3_w2_tcop_cm0_states_L0.4_km0_7599_ucp0_2425_s1024,cm0,stageC,-0.35,-0.7599,0.5,0.24248438819907564,1024,50,2,2,False,PRE_PRIMARY_PHASE_IMBALANCE,0.44529599999999997,0.006995810778231202,7.428725685198919,-0.04256892412196418,-4.68371169656691,0.006372309093284885,0.020616281496391362,0.0943192840395619,0.24692319360000003,0.046125398469823546,True,True,False,False,False,-0.34999882961319734,-0.36057987865255786,0.0,"{""0.2425"": 4}"
c3_w2_tcop_cm0_states_L0.4_km0_7599_ucp0_2425_s1024,cm0,stageC,-0.35,-0.7599,0.5,0.24248438819907564,1024,75,3,0,True,,0.446512,0.0062421084135871165,6.662585425730642,-0.048639321978146015,-4.7347939401344075,0.0087105137738358,0.022512000147673284,0.09585408657358797,0.2470379936,0.04560168698633857,True,True,False,False,False,-0.34999882961319734,-0.36057987865255786,0.0,"{""0.2425"": 4}"
c3_w2_tcop_cm0_states_L0.4_km0_7599_ucp0_2425_s1024,cm0,stageC,-0.35,-0.7599,0.5,0.24248438819907564,1024,100,4,1,True,,0.44631600000000005,0.00606427959081217,6.321665653445266,-0.053497280297713674,-5.37792434667866,0.004594334614736764,0.02269533551154071,0.09679240695652319,0.2470154256,0.04629803607065855,True,True,False,False,False,-0.34999882961319734,-0.36057987865255786,0.0,"{""0.2425"": 4}"
c3_w2_tcop_cm0_states_L0.4_km0_7599_ucp0_2425_s1024,cm0,stageC,-0.35,-0.7599,0.5,0.24248438819907564,1024,125,5,2,True,,0.445312,0.0057788411225674,5.684769908615986,-0.047156126508902094,-4.74417476754804,0.015623508277229968,0.023828463142341345,0.11497556743367449,0.24689662719999997,0.04648723110704702,True,True,False,False,False,-0.34999882961319734,-0.36057987865255786,0.0,"{""0.2425"": 4}"
c3_w2_tcop_cm0_states_L0.4_km0_7599_ucp0_2425_s1024,cm0,stageC,-0.35,-0.7599,0.5,0.24248438819907564,1024,150,6,0,True,,0.4449679999999999,0.0054234440985886315,5.322519331667145,-0.03806457748315623,-3.8346074105501216,0.015225628531768306,0.023435370641058786,0.11146868963280797,0.24686273599999997,0.04672428678963436,True,True,False,False,False,-0.34999882961319734,-0.36057987865255786,0.0,"{""0.2425"": 4}"
c3_w2_tcop_cm0_states_L0.4_km0_7599_ucp0_2425_s1024,cm0,stageC,-0.35,-0.7599,0.5,0.24248438819907564,1024,175,7,1,True,,0.44412800000000013,0.006401474760066836,6.132718009260034,-0.0450140777081562,-4.334300614255361,0.0034836684829333154,0.023138201272368878,0.10897759180016209,0.24677271679999993,0.04616405112205817,True,True,False,False,False,-0.34999882961319734,-0.36057987865255786,0.0,"{""0.2425"": 4}"
c3_w2_tcop_cm0_states_L0.4_km0_7599_ucp0_2425_s1024,cm0,stageC,-0.35,-0.7599,0.5,0.24248438819907564,1024,200,8,2,True,,0.444488,0.006756644298536495,6.623932420401882,-0.03848615950649172,-4.31129433703255,0.007996336053045797,0.022477837067975924,0.11968827028021385,0.24681859519999996,0.0467300530280033,True,True,False,False,False,-0.34999882961319734,-0.36057987865255786,0.0,"{""0.2425"": 4}"
c3_w2_tcop_cm0_states_L0.4_km0_7599_ucp0_2425_s1024,cm0,stageC,-0.35,-0.7599,0.5,0.24248438819907564,1024,225,9,0,True,,0.4449719999999999,0.006876366201779838,7.273505253944288,-0.04388707715176558,-4.31382006443505,0.0014440105287107485,0.021198911170846962,0.10247835795852688,0.24688293919999998,0.04674825361443997,True,True,False,False,False,-0.34999882961319734,-0.36057987865255786,0.0,"{""0.2425"": 4}"
c3_w2_tcop_cm0_states_L0.4_km0_7599_ucp0_2425_s1024,cm0,stageC,-0.35,-0.7599,0.5,0.24248438819907564,1024,250,10,1,True,,0.4458519999999999,0.007126276689196291,8.107769243083737,-0.052354496578809404,-5.2759419293473915,0.003379217004044494,0.021587306826163628,0.12111642401264001,0.24697535839999993,0.047005043303883894,True,True,False,False,False,-0.34999882961319734,-0.36057987865255786,0.0,"{""0.2425"": 4}"
c3_w2_tcop_cm0_states_L0.4_km0_7599_ucp0_2425_s1024,cm0,stageC,-0.35,-0.7599,0.5,0.24248438819907564,1024,275,11,2,True,,0.4461920000000001,0.006560136728159107,7.0312778312263315,-0.04321728736261224,-4.258851308305523,0.005502038340103442,0.020870540073575874,0.12102413283737908,0.24701798079999995,0.04676899759456044,True,True,False,False,False,-0.34999882961319734,-0.36057987865255786,0.0,"{""0.2425"": 4}"
c3_w2_tcop_cm0_states_L0.4_km0_7599_ucp0_2425_s1024,cm0,stageC,-0.35,-0.7599,0.5,0.24248438819907564,1024,300,12,0,False,EXITS_PRIMARY_BLOCK_SET,0.446192,0.0064394071966258895,7.070131096284969,-0.04114026815382104,-3.8260979512460263,0.0033621176794732684,0.02230241129000059,0.1210241328373791,0.24700567359999998,0.04656929391777376,True,True,False,False,False,-0.34999882961319734,-0.36057987865255786,0.0,"{""0.2425"": 4}"
c3_w2_tcop_cm0_states_L0.4_km0_7599_ucp0_2425_s31415,cm0,stageC,-0.35,-0.7599,0.5,0.24248438819907564,31415,0,0,0,False,PRE_PRIMARY_PHASE_IMBALANCE,0.44151199999999996,0.004735491432197711,4.966715358348657,-0.03984235414393995,-3.8951535778607904,0.03853327033375251,0.08929379029829133,1.1270361821942867,0.24502488,0.0450265905438109,False,True,False,False,False,-0.34999882961319734,-0.36057987865255786,0.0,"{""0.2425"": 4}"
c3_w2_tcop_cm0_states_L0.4_km0_7599_ucp0_2425_s31415,cm0,stageC,-0.35,-0.7599,0.5,0.24248438819907564,31415,25,1,1,False,PRE_PRIMARY_PHASE_IMBALANCE,0.4447399999999999,0.005911066062199579,6.03713729146096,-0.05234489927009074,-5.21874667455669,0.005076911870986084,0.02204484318392125,0.12951387298306002,0.24685020960000004,0.045884773073428184,True,True,False,False,False,-0.34999882961319734,-0.36057987865255786,0.0,"{""0.2425"": 4}"
c3_w2_tcop_cm0_states_L0.4_km0_7599_ucp0_2425_s31415,cm0,stageC,-0.35,-0.7599,0.5,0.24248438819907564,31415,50,2,2,False,PRE_PRIMARY_PHASE_IMBALANCE,0.44476,0.006605822471329525,6.6941773536386595,-0.059195050609017495,-5.928459617728957,0.006537572530216084,0.022352162907581147,0.11062145851555572,0.24684971199999997,0.04650056343744665,True,True,False,False,False,-0.34999882961319734,-0.36057987865255786,0.0,"{""0.2425"": 4}"
c3_w2_tcop_cm0_states_L0.4_km0_7599_ucp0_2425_s31415,cm0,stageC,-0.35,-0.7599,0.5,0.24248438819907564,31415,75,3,0,True,,0.4447,0.007194511486331921,7.949200515764237,-0.057818623265002776,-6.0719502617182055,0.002733801595285499,0.022239018620726737,0.1007420730813086,0.246844104,0.04654492453533468,True,True,False,False,False,-0.34999882961319734,-0.36057987865255786,0.0,"{""0.2425"": 4}"
c3_w2_tcop_cm0_states_L0.4_km0_7599_ucp0_2425_s31415,cm0,stageC,-0.35,-0.7599,0.5,0.24248438819907564,31415,100,4,1,True,,0.444856,0.0078059060002717996,8.082144486977207,-0.050409489860729344,-5.0781512911783295,0.0016013973904418592,0.023302497893391116,0.10070674532723682,0.24685167999999996,0.04582160259091775,True,True,False,False,False,-0.34999882961319734,-0.36057987865255786,0.0,"{""0.2425"": 4}"
c3_w2_tcop_cm0_states_L0.4_km0_7599_ucp0_2425_s31415,cm0,stageC,-0.35,-0.7599,0.5,0.24248438819907564,31415,125,5,2,True,,0.44457599999999997,0.008455422146659588,9.506667628691062,-0.04623153821077899,-4.89709972570957,0.0030655192420707654,0.0233505834171967,0.09987043812560645,0.2468204128,0.0457604657318957,True,True,False,False,False,-0.34999882961319734,-0.36057987865255786,0.0,"{""0.2425"": 4}"
c3_w2_tcop_cm0_states_L0.4_km0_7599_ucp0_2425_s31415,cm0,stageC,-0.35,-0.7599,0.5,0.24248438819907564,31415,150,6,0,True,,0.44453199999999987,0.008101467394972967,9.956855330305729,-0.042910731001693146,-4.668114992296902,0.008512274457919038,0.02254879465541,0.10167996881736312,0.2468228272,0.04550847147510011,True,True,False,False,False,-0.34999882961319734,-0.36057987865255786,0.0,"{""0.2425"": 4}"
c3_w2_tcop_cm0_states_L0.4_km0_7599_ucp0_2425_s31415,cm0,stageC,-0.35,-0.7599,0.5,0.24248438819907564,31415,175,7,1,True,,0.44435600000000003,0.00694166896650649,7.416212452588166,-0.051122593968360504,-4.836087530841933,5.563663412131852e-05,0.022338555982980502,0.11162221256915135,0.2468052144,0.04682590377131017,True,True,False,False,False,-0.34999882961319734,-0.36057987865255786,0.0,"{""0.2425"": 4}"
c3_w2_tcop_cm0_states_L0.4_km0_7599_ucp0_2425_s31415,cm0,stageC,-0.35,-0.7599,0.5,0.24248438819907564,31415,200,8,2,True,,0.4439639999999999,0.008366992159149494,8.367912766439122,-0.060029424797883146,-5.807920108279519,0.000608218238624031,0.022480011451797885,0.11172076990089122,0.24676036000000004,0.046085211337260894,True,True,False,False,False,-0.34999882961319734,-0.36057987865255786,0.0,"{""0.2425"": 4}"
c3_w2_tcop_cm0_states_L0.4_km0_7599_ucp0_2425_s31415,cm0,stageC,-0.35,-0.7599,0.5,0.24248438819907564,31415,225,9,0,True,,0.4440799999999999,0.007116313847058263,7.417153901445055,-0.056676864419798786,-5.068246048177736,0.004419105204479442,0.022581069473189667,0.11529454126442418,0.2467723968,0.04541094141283574,True,True,False,False,False,-0.34999882961319734,-0.36057987865255786,0.0,"{""0.2425"": 4}"
c3_w2_tcop_cm0_states_L0.4_km0_7599_ucp0_2425_s31415,cm0,stageC,-0.35,-0.7599,0.5,0.24248438819907564,31415,250,10,1,True,,0.44473199999999996,0.005558029974633851,5.598438262276944,-0.04646505300686218,-4.994717942909425,0.0025339141072262786,0.022663927415631325,0.12232085812956825,0.2468438544,0.045946579589780136,True,True,False,False,False,-0.34999882961319734,-0.36057987865255786,0.0,"{""0.2425"": 4}"
c3_w2_tcop_cm0_states_L0.4_km0_7599_ucp0_2425_s31415,cm0,stageC,-0.35,-0.7599,0.5,0.24248438819907564,31415,275,11,2,True,,0.44465599999999994,0.006243107657454157,5.890493020958968,-0.04311396700860241,-4.4636297286712345,0.004609866899104332,0.022377658169708752,0.11694433423377995,0.24683803199999993,0.04579259398636421,True,True,False,False,False,-0.34999882961319734,-0.36057987865255786,0.0,"{""0.2425"": 4}"
c3_w2_tcop_cm0_states_L0.4_km0_7599_ucp0_2425_s31415,cm0,stageC,-0.35,-0.7599,0.5,0.24248438819907564,31415,300,12,0,False,EXITS_PRIMARY_BLOCK_SET,0.446004,0.004977299839023719,5.236104956420199,-0.04233730877494803,-4.105256346503633,0.00804180827935423,0.02211519878022772,0.116590882331569,0.246987144,0.04577151935428843,True,True,False,False,False,-0.34999882961319734,-0.36057987865255786,0.0,"{""0.2425"": 4}"
