run_id,mode,stage,c_label,kappa,tier,u_const,seed,window_start_tick,window_start_block,window_start_schedule_phase,window_in_primary_family,primary_exclusion_reason,window_mean_rho,raw_Psi_meanI_state,Psi_meanI_state_z,raw_Psi_persistence_I,Psi_persistence_I_z,relative_drift,rho_cv,rho_range_over_mean,mean_active_state_variance,persistence_std,Steady_State_Candidate_APPARATUS_ONLY,Lifted_Activation_Candidate_APPARATUS_ONLY,extinction_degenerate_APPARATUS_ONLY,saturation_degenerate_APPARATUS_ONLY,LowLow_Nondegenerate_Candidate_APPARATUS_ONLY,analytic_realized_delta_p_u0_convention,driven_realized_contrast_mean,driven_realized_contrast_range,window_schedule_composition
c3_w2_tcop_cm1_states_L0.4_kp0_0000_up0_0000_s42,cm1,stageA,0.0,0.0,0.0,,42,0,0,0,False,PRE_PRIMARY_PHASE_IMBALANCE,0.396228,-0.0007203546128484952,-0.3644237320235745,-0.009950916913568421,-0.8501489080657559,0.04651908287602705,0.07863209747609472,0.8116538941931062,0.23826066079999997,0.05037114269102896,False,True,False,False,True,0.0,0.0,0.0,"{""0.0000"": 4}"
c3_w2_tcop_cm1_states_L0.4_kp0_0000_up0_0000_s42,cm1,stageA,0.0,0.0,0.0,,42,25,1,1,False,PRE_PRIMARY_PHASE_IMBALANCE,0.3995599999999999,-0.00014018514903069252,0.3265070426918929,-0.009902343711989845,-1.0012221984386884,0.00227432893886533,0.023000722387226672,0.1181299426415808,0.23982734719999996,0.04966333053672498,True,True,False,False,True,0.0,0.0,0.0,"{""0.0000"": 4}"
c3_w2_tcop_cm1_states_L0.4_kp0_0000_up0_0000_s42,cm1,stageA,0.0,0.0,0.0,,42,50,2,2,False,PRE_PRIMARY_PHASE_IMBALANCE,0.40022800000000003,0.0005665835640573953,0.9771063427245031,-0.0014506495729117797,-0.08906506275252464,0.009821584390615564,0.024053385305124055,0.1219304993105666,0.239952872,0.04989897810576886,True,True,False,False,True,0.0,0.0,0.0,"{""0.0000"": 4}"
c3_w2_tcop_cm1_states_L0.4_kp0_0000_up0_0000_s42,cm1,stageA,0.0,0.0,0.0,,42,75,3,0,True,,0.40025199999999983,0.0003286567615824068,0.6927146521594317,-0.016231747400149762,-1.6018859984837286,0.005989026178463371,0.023764706474426682,0.12692004005746363,0.23995986079999995,0.04949481281912277,True,True,False,False,True,0.0,0.0,0.0,"{""0.0000"": 4}"
c3_w2_tcop_cm1_states_L0.4_kp0_0000_up0_0000_s42,cm1,stageA,0.0,0.0,0.0,,42,100,4,1,True,,0.400032,0.0005802258186397682,0.8933269757820443,-0.013452325853031593,-1.4324087569979633,0.0045084901946017214,0.026083802136309578,0.12798976049918556,0.23989752320000005,0.04925118248326633,True,True,False,False,True,0.0,0.0,0.0,"{""0.0000"": 4}"
c3_w2_tcop_cm1_states_L0.4_kp0_0000_up0_0000_s42,cm1,stageA,0.0,0.0,0.0,,42,125,5,2,True,,0.399516,-0.0003510956758580718,-0.05297506805477021,-0.002757418256946416,-0.3136125899543671,0.01106949967749731,0.02577309478885072,0.12815506731105863,0.23979694240000002,0.04938224118040817,True,True,False,False,True,0.0,0.0,0.0,"{""0.0000"": 4}"
c3_w2_tcop_cm1_states_L0.4_kp0_0000_up0_0000_s42,cm1,stageA,0.0,0.0,0.0,,42,150,6,0,True,,0.39924800000000005,-0.00012991869160740047,0.2503100264470372,0.001906600665146019,0.33633863907943506,0.004644795810872424,0.026047153134778348,0.1392618118581387,0.23974088960000006,0.04876796587925315,True,True,False,False,True,0.0,0.0,0.0,"{""0.0000"": 4}"
c3_w2_tcop_cm1_states_L0.4_kp0_0000_up0_0000_s42,cm1,stageA,0.0,0.0,0.0,,42,175,7,1,True,,0.39949599999999996,0.00037846711949500336,0.7404783584953815,0.010559347381534788,1.0788614668848948,0.0023552027731283554,0.025722338069104088,0.13717283743223257,0.2397933504,0.0492534870237631,True,True,False,False,True,0.0,0.0,0.0,"{""0.0000"": 4}"
c3_w2_tcop_cm1_states_L0.4_kp0_0000_up0_0000_s42,cm1,stageA,0.0,0.0,0.0,,42,200,8,2,True,,0.398936,0.00016717313286873547,0.5635657303885572,0.007695869627299081,0.7883719280504395,0.0014572215401872546,0.025439393141281855,0.14538672833390134,0.23968307199999997,0.04917222695790786,True,True,False,False,True,0.0,0.0,0.0,"{""0.0000"": 4}"
c3_w2_tcop_cm1_states_L0.4_kp0_0000_up0_0000_s42,cm1,stageA,0.0,0.0,0.0,,42,225,9,0,True,,0.40012800000000004,0.0005582549705338492,0.9651843001050099,0.00800854880712386,1.0356331906812655,0.002509847907501132,0.02512475930119923,0.144953614480982,0.23992451839999998,0.04892998687921345,True,True,False,False,True,0.0,0.0,0.0,"{""0.0000"": 4}"
c3_w2_tcop_cm1_states_L0.4_kp0_0000_up0_0000_s42,cm1,stageA,0.0,0.0,0.0,,42,250,10,1,True,,0.39994799999999997,-0.0006540444375909979,-0.30901197973850403,-0.011028075721178577,-1.077865780884691,0.0056911088668286335,0.024323793191878607,0.11901547171378406,0.2398949584,0.04966565509484396,True,True,False,False,True,0.0,0.0,0.0,"{""0.0000"": 4}"
c3_w2_tcop_cm1_states_L0.4_kp0_0000_up0_0000_s42,cm1,stageA,0.0,0.0,0.0,,42,275,11,2,True,,0.39939199999999997,-0.001057701775709404,-0.6600455910259676,-0.017537515742347375,-1.7235444367672348,0.005500109327344752,0.025075078729240856,0.12318724430337308,0.23977773439999997,0.0484688594460402,True,True,False,False,True,0.0,0.0,0.0,"{""0.0000"": 4}"
c3_w2_tcop_cm1_states_L0.4_kp0_0000_up0_0000_s42,cm1,stageA,0.0,0.0,0.0,,42,300,12,0,False,EXITS_PRIMARY_BLOCK_SET,0.400152,-0.0018599555658438006,-1.569607950739489,-0.005413572160394481,-0.530165407923591,0.01017675087103327,0.0235184002400176,0.12295327744718691,0.23994181120000005,0.04824994192742619,True,True,False,False,True,0.0,0.0,0.0,"{""0.0000"": 4}"
c3_w2_tcop_cm1_states_L0.4_kp0_0000_up0_0000_s137,cm1,stageA,0.0,0.0,0.0,,137,0,0,0,False,PRE_PRIMARY_PHASE_IMBALANCE,0.39750800000000014,-3.20675769220706e-05,0.40115214659304205,-0.00558018107202153,-0.6172734078985311,0.034598386143003146,0.0784889674814411,0.8030027048436691,0.2385219504,0.04858137437331307,False,True,False,False,True,0.0,0.0,0.0,"{""0.0000"": 4}"
c3_w2_tcop_cm1_states_L0.4_kp0_0000_up0_0000_s137,cm1,stageA,0.0,0.0,0.0,,137,25,1,1,False,PRE_PRIMARY_PHASE_IMBALANCE,0.39932399999999996,2.0335117601935237e-05,0.4628203473263773,-0.007885595221811991,-0.7639485482637718,0.0024854485266083914,0.02396734951723123,0.1061794429932099,0.23977274400000004,0.0488751779945608,True,True,False,False,True,0.0,0.0,0.0,"{""0.0000"": 4}"
c3_w2_tcop_cm1_states_L0.4_kp0_0000_up0_0000_s137,cm1,stageA,0.0,0.0,0.0,,137,50,2,2,False,PRE_PRIMARY_PHASE_IMBALANCE,0.399264,0.0013183204086672478,1.656459261289567,-0.007132400805572664,-0.6699194539535941,0.0028062435891999566,0.025326917919369866,0.11721567655181617,0.2397500032,0.04973387481385298,True,True,False,False,True,0.0,0.0,0.0,"{""0.0000"": 4}"
c3_w2_tcop_cm1_states_L0.4_kp0_0000_up0_0000_s137,cm1,stageA,0.0,0.0,0.0,,137,75,3,0,True,,0.3996080000000001,0.001644989522410869,1.9129404054918666,-0.005492549694371236,-0.44103598518918713,0.003870579837232456,0.026007781531969174,0.11711477218395333,0.23981343360000001,0.048563425908805066,True,True,False,False,True,0.0,0.0,0.0,"{""0.0000"": 4}"
c3_w2_tcop_cm1_states_L0.4_kp0_0000_up0_0000_s137,cm1,stageA,0.0,0.0,0.0,,137,100,4,1,True,,0.399556,0.0013934717309686748,1.697657661677849,0.0005027530606440333,0.19394336605473542,0.006602588382550928,0.02488275810105297,0.11713001402274022,0.23981215839999998,0.04829992612830789,True,True,False,False,True,0.0,0.0,0.0,"{""0.0000"": 4}"
c3_w2_tcop_cm1_states_L0.4_kp0_0000_up0_0000_s137,cm1,stageA,0.0,0.0,0.0,,137,125,5,2,True,,0.39936000000000005,0.0009843114546582896,1.655000943105989,0.011738085455469146,1.197159857118404,0.00040869471460191044,0.023277726226482123,0.1091746792138053,0.23978517120000004,0.048014064606113065,True,True,False,False,True,0.0,0.0,0.0,"{""0.0000"": 4}"
c3_w2_tcop_cm1_states_L0.4_kp0_0000_up0_0000_s137,cm1,stageA,0.0,0.0,0.0,,137,150,6,0,True,,0.399524,0.001511375120678607,1.906246118496155,0.004616754344073815,0.6796077277316892,0.003552382141348642,0.02154990738950549,0.10412390718924536,0.23983044639999998,0.04839641953698641,True,True,False,False,True,0.0,0.0,0.0,"{""0.0000"": 4}"
c3_w2_tcop_cm1_states_L0.4_kp0_0000_up0_0000_s137,cm1,stageA,0.0,0.0,0.0,,137,175,7,1,True,,0.39958400000000005,0.0004714121555017222,0.8438793924671413,0.00017489197255021746,-0.012370331412386412,0.0011965639554752925,0.019891227836464645,0.09810202586164092,0.23985345280000003,0.04940836916960526,True,True,False,False,True,0.0,0.0,0.0,"{""0.0000"": 4}"
c3_w2_tcop_cm1_states_L0.4_kp0_0000_up0_0000_s137,cm1,stageA,0.0,0.0,0.0,,137,200,8,2,True,,0.3990320000000001,0.00036895618146254696,0.727707088725227,0.009345034956424527,0.9724281927724812,0.002070416944483584,0.023173250315038724,0.12229595590755624,0.2397199584,0.04892957159019482,True,True,False,False,True,0.0,0.0,0.0,"{""0.0000"": 4}"
c3_w2_tcop_cm1_states_L0.4_kp0_0000_up0_0000_s137,cm1,stageA,0.0,0.0,0.0,,137,225,9,0,True,,0.39993199999999995,0.00044574689630033485,0.9179171296700223,0.01448415632485818,1.582971012536859,0.006715212976558929,0.0216074020491381,0.12202074322129565,0.23991171999999994,0.048829861519361285,True,True,False,False,True,0.0,0.0,0.0,"{""0.0000"": 4}"
c3_w2_tcop_cm1_states_L0.4_kp0_0000_up0_0000_s137,cm1,stageA,0.0,0.0,0.0,,137,250,10,1,True,,0.39971599999999996,-0.00045821525889594905,0.004203666097623314,-0.015205748420225507,-1.502804876178796,0.002535853855237999,0.022257338123001694,0.11808383923064407,0.2398639696,0.04914182886299614,True,True,False,False,True,0.0,0.0,0.0,"{""0.0000"": 4}"
c3_w2_tcop_cm1_states_L0.4_kp0_0000_up0_0000_s137,cm1,stageA,0.0,0.0,0.0,,137,275,11,2,True,,0.399812,0.000436032371625856,0.8776981934493212,-0.022837296913806253,-2.021599655018022,0.005801106343461993,0.023127727459480277,0.11805548578317929,0.23987686239999997,0.04968465211712768,True,True,False,False,False,0.0,0.0,0.0,"{""0.0000"": 4}"
c3_w2_tcop_cm1_states_L0.4_kp0_0000_up0_0000_s137,cm1,stageA,0.0,0.0,0.0,,137,300,12,0,False,EXITS_PRIMARY_BLOCK_SET,0.400056,0.0005535405323467526,1.0720197806320897,-0.01073272257629906,-1.109141456774664,0.005681772794430526,0.02131978235218865,0.09198712157301196,0.23993845119999996,0.0487080780158692,True,True,False,False,True,0.0,0.0,0.0,"{""0.0000"": 4}"
c3_w2_tcop_cm1_states_L0.4_kp0_0000_up0_0000_s256,cm1,stageA,0.0,0.0,0.0,,256,0,0,0,False,PRE_PRIMARY_PHASE_IMBALANCE,0.39845999999999987,-0.0005616543422737213,-0.2017906549720091,0.003935805787730374,0.36736518345836777,0.0496751977821128,0.0794640534894789,0.8131305505869334,0.23868706720000002,0.04701136458347066,False,True,False,False,True,0.0,0.0,0.0,"{""0.0000"": 4}"
c3_w2_tcop_cm1_states_L0.4_kp0_0000_up0_0000_s256,cm1,stageA,0.0,0.0,0.0,,256,25,1,1,False,PRE_PRIMARY_PHASE_IMBALANCE,0.40128800000000003,-0.0005076476900443728,-0.18539819596936893,0.005228933431165373,0.46410905209155806,0.00798269653727781,0.025425219938882616,0.11263730758797334,0.24015184320000002,0.04679680604485738,True,True,False,False,True,0.0,0.0,0.0,"{""0.0000"": 4}"
c3_w2_tcop_cm1_states_L0.4_kp0_0000_up0_0000_s256,cm1,stageA,0.0,0.0,0.0,,256,50,2,2,False,PRE_PRIMARY_PHASE_IMBALANCE,0.400188,0.00035357399676037426,0.716544902923235,0.019194367356868698,2.036719290898004,0.024728251647304113,0.02443210701046479,0.10694973335794744,0.23994196639999998,0.0471186232396491,True,True,False,False,False,0.0,0.0,0.0,"{""0.0000"": 4}"
c3_w2_tcop_cm1_states_L0.4_kp0_0000_up0_0000_s256,cm1,stageA,0.0,0.0,0.0,,256,75,3,0,True,,0.39930400000000005,-0.00037255525067135623,0.05664979632941014,-0.001515640496083106,-0.18766490558535887,0.01771218729843265,0.025071056524341266,0.1262196218264289,0.239760096,0.048494902659970356,True,True,False,False,True,0.0,0.0,0.0,"{""0.0000"": 4}"
c3_w2_tcop_cm1_states_L0.4_kp0_0000_up0_0000_s256,cm1,stageA,0.0,0.0,0.0,,256,100,4,1,True,,0.39908399999999994,-0.0005770321022735008,-0.33851972703614636,-0.0051432139967572624,-0.6571223751649103,0.004541453021375959,0.02528856472487603,0.126289201956758,0.23971410720000003,0.049650789963504104,True,True,False,False,True,0.0,0.0,0.0,"{""0.0000"": 4}"
c3_w2_tcop_cm1_states_L0.4_kp0_0000_up0_0000_s256,cm1,stageA,0.0,0.0,0.0,,256,125,5,2,True,,0.399536,-0.000207523356784065,0.08170121822033063,-0.018798743734068816,-1.8634536593613353,0.01566413495384526,0.02519337335155424,0.13816026556265207,0.23980566720000007,0.04958250401099162,True,True,False,False,True,0.0,0.0,0.0,"{""0.0000"": 4}"
c3_w2_tcop_cm1_states_L0.4_kp0_0000_up0_0000_s256,cm1,stageA,0.0,0.0,0.0,,256,150,6,0,True,,0.400732,-0.0010118100391957167,-0.5036565578357095,-0.01203135291738656,-1.1494262250176677,0.004931269793352672,0.024728142441023903,0.13774792096027297,0.24004766880000003,0.049471448088771366,True,True,False,False,True,0.0,0.0,0.0,"{""0.0000"": 4}"
c3_w2_tcop_cm1_states_L0.4_kp0_0000_up0_0000_s256,cm1,stageA,0.0,0.0,0.0,,256,175,7,1,True,,0.40084,-5.410554549673926e-05,0.3254879315732195,-0.011083773075327923,-1.0167928489613207,0.012355691181446148,0.024369103280878247,0.1427003289524491,0.24007187839999997,0.049260272025233476,True,True,False,False,True,0.0,0.0,0.0,"{""0.0000"": 4}"
c3_w2_tcop_cm1_states_L0.4_kp0_0000_up0_0000_s256,cm1,stageA,0.0,0.0,0.0,,256,200,8,2,True,,0.4002200000000001,-0.00035489754332477435,0.05657515221518741,-0.006866842579881181,-0.7297059442144824,0.011535809491361737,0.023192577463086953,0.14292139287661443,0.2399577936,0.04888263086209661,True,True,False,False,True,0.0,0.0,0.0,"{""0.0000"": 4}"
c3_w2_tcop_cm1_states_L0.4_kp0_0000_up0_0000_s256,cm1,stageA,0.0,0.0,0.0,,256,225,9,0,True,,0.399452,-0.001990247078984684,-1.5116864158760337,-0.005320313885544258,-0.5342548245207001,0.01142579432376044,0.023161649257030938,0.11816188148222599,0.23980450080000004,0.0486076094454356,True,True,False,False,True,0.0,0.0,0.0,"{""0.0000"": 4}"
c3_w2_tcop_cm1_states_L0.4_kp0_0000_up0_0000_s256,cm1,stageA,0.0,0.0,0.0,,256,250,10,1,True,,0.3985040000000001,0.00019340420712245926,0.579846585707293,-0.013090737802545322,-1.1092087633967282,0.01030316025624708,0.024002787741626536,0.11543171432298877,0.23960706880000004,0.04935506036872005,True,True,False,False,True,0.0,0.0,0.0,"{""0.0000"": 4}"
c3_w2_tcop_cm1_states_L0.4_kp0_0000_up0_0000_s256,cm1,stageA,0.0,0.0,0.0,,256,275,11,2,True,,0.398752,-0.00048756547997658785,-0.058843211538633686,0.0034706881195926353,0.3567107725930236,0.0005381326177868555,0.023343103305897676,0.11636305243268233,0.2396622016,0.04952456457153359,True,True,False,False,True,0.0,0.0,0.0,"{""0.0000"": 4}"
c3_w2_tcop_cm1_states_L0.4_kp0_0000_up0_0000_s256,cm1,stageA,0.0,0.0,0.0,,256,300,12,0,False,EXITS_PRIMARY_BLOCK_SET,0.3987719999999999,8.24410461145516e-05,0.43288373707906397,0.0021921542798594503,0.27838307903737836,0.006065425521655656,0.0228931893862271,0.11635721636334244,0.23966955040000001,0.048619872644835256,True,True,False,False,True,0.0,0.0,0.0,"{""0.0000"": 4}"
c3_w2_tcop_cm1_states_L0.4_kp0_0000_up0_0000_s1024,cm1,stageA,0.0,0.0,0.0,,1024,0,0,0,False,PRE_PRIMARY_PHASE_IMBALANCE,0.3965159999999999,-0.0002303657430655486,0.18500141912467544,0.0034657322627181623,0.3957117124936547,0.039327843952358464,0.07834840373966503,0.8261961665451176,0.2383259408,0.0487358363424698,False,True,False,False,True,0.0,0.0,0.0,"{""0.0000"": 4}"
c3_w2_tcop_cm1_states_L0.4_kp0_0000_up0_0000_s1024,cm1,stageA,0.0,0.0,0.0,,1024,25,1,1,False,PRE_PRIMARY_PHASE_IMBALANCE,0.39976400000000006,0.0007776583375316546,1.115236221424074,9.777723121762374e-05,0.03116351858882509,0.00763186551784924,0.02127994564577655,0.09705726354284697,0.23988037599999998,0.04895206128448525,True,True,False,False,True,0.0,0.0,0.0,"{""0.0000"": 4}"
c3_w2_tcop_cm1_states_L0.4_kp0_0000_up0_0000_s1024,cm1,stageA,0.0,0.0,0.0,,1024,50,2,2,False,PRE_PRIMARY_PHASE_IMBALANCE,0.39996000000000004,0.0005360141609037642,0.9467900515344461,-0.0040083492371152905,-0.539749195705029,0.010318463563734866,0.020704968792932814,0.09600960072004797,0.2399234208,0.04914629589297652,True,True,False,False,True,0.0,0.0,0.0,"{""0.0000"": 4}"
c3_w2_tcop_cm1_states_L0.4_kp0_0000_up0_0000_s1024,cm1,stageA,0.0,0.0,0.0,,1024,75,3,0,True,,0.40153200000000006,-0.0002192745314211573,0.2660842972112206,-0.008259874578150023,-0.7676232122750325,0.010399414142228782,0.02286153827275246,0.12153452247508412,0.2402197872,0.04844721845472658,True,True,False,False,True,0.0,0.0,0.0,"{""0.0000"": 4}"
c3_w2_tcop_cm1_states_L0.4_kp0_0000_up0_0000_s1024,cm1,stageA,0.0,0.0,0.0,,1024,100,4,1,True,,0.40067600000000003,7.358070612702528e-05,0.4888347988022634,-0.00653841488428967,-0.6772633056772404,0.016813469383127826,0.024663659880836193,0.12179416755235112,0.2400370864,0.049215272263800396,True,True,False,False,True,0.0,0.0,0.0,"{""0.0000"": 4}"
c3_w2_tcop_cm1_states_L0.4_kp0_0000_up0_0000_s1024,cm1,stageA,0.0,0.0,0.0,,1024,125,5,2,True,,0.3995439999999999,-0.0005733525481614518,-0.25781698985294343,0.00426664309429499,0.43594581984029,0.020195840489396644,0.026100051268063657,0.1291472275165007,0.2397998464,0.04909044778773157,True,True,False,False,True,0.0,0.0,0.0,"{""0.0000"": 4}"
c3_w2_tcop_cm1_states_L0.4_kp0_0000_up0_0000_s1024,cm1,stageA,0.0,0.0,0.0,,1024,150,6,0,True,,0.3995720000000001,-0.0009359229969641035,-0.44861371337705774,0.01452137211385672,1.5220460695527076,0.01179960424491329,0.02678581119720562,0.12913817752710846,0.23979966560000002,0.04921805376078985,True,True,False,False,True,0.0,0.0,0.0,"{""0.0000"": 4}"
c3_w2_tcop_cm1_states_L0.4_kp0_0000_up0_0000_s1024,cm1,stageA,0.0,0.0,0.0,,1024,175,7,1,True,,0.39837999999999985,-0.0003372473984611265,0.0663859543844389,0.001956344862137559,0.23504042247390244,0.00985147962597218,0.024916380243645266,0.12048797600158649,0.2395748464,0.04883498336233975,True,True,False,False,True,0.0,0.0,0.0,"{""0.0000"": 4}"
c3_w2_tcop_cm1_states_L0.4_kp0_0000_up0_0000_s1024,cm1,stageA,0.0,0.0,0.0,,1024,200,8,2,True,,0.39902400000000005,-0.0009944588422691803,-0.59871272561745,0.006407086711071633,0.5391697426185963,0.00018767665243492332,0.023189381257637535,0.12330085377495865,0.2397182272,0.050264176348568564,True,True,False,False,True,0.0,0.0,0.0,"{""0.0000"": 4}"
c3_w2_tcop_cm1_states_L0.4_kp0_0000_up0_0000_s1024,cm1,stageA,0.0,0.0,0.0,,1024,225,9,0,True,,0.39931599999999995,-0.001019366656309748,-0.6801555432693905,-0.004964271794720329,-0.3474541469334828,0.007819552032488382,0.021610221605703563,0.1101884219260224,0.23978826720000002,0.04963035506622938,True,True,False,False,True,0.0,0.0,0.0,"{""0.0000"": 4}"
c3_w2_tcop_cm1_states_L0.4_kp0_0000_up0_0000_s1024,cm1,stageA,0.0,0.0,0.0,,1024,250,10,1,True,,0.39949999999999997,-0.0004993707359980977,-0.13855509092163884,-0.010880847560757367,-1.1970481484459663,0.002688629306764232,0.022063175116245712,0.12215269055781557,0.2398220592,0.050144890068679976,True,True,False,False,True,0.0,0.0,0.0,"{""0.0000"": 4}"
c3_w2_tcop_cm1_states_L0.4_kp0_0000_up0_0000_s1024,cm1,stageA,0.0,0.0,0.0,,1024,275,11,2,True,,0.40008799999999994,-0.0006601268403497234,-0.22552762644659569,-0.012275246264290357,-1.2761437841816954,0.00868455802238816,0.021908454600906922,0.12197316559863541,0.23994076160000002,0.05005669042196058,True,True,False,False,True,0.0,0.0,0.0,"{""0.0000"": 4}"
c3_w2_tcop_cm1_states_L0.4_kp0_0000_up0_0000_s1024,cm1,stageA,0.0,0.0,0.0,,1024,300,12,0,False,EXITS_PRIMARY_BLOCK_SET,0.40035200000000004,-0.0004829687737245785,-0.08233125008895095,-0.005353849627859648,-0.40735962725217456,0.0029808751722307783,0.023375275484231805,0.12189273408926961,0.23998269759999996,0.04973646646073683,True,True,False,False,True,0.0,0.0,0.0,"{""0.0000"": 4}"
c3_w2_tcop_cm1_states_L0.4_kp0_0000_up0_0000_s31415,cm1,stageA,0.0,0.0,0.0,,31415,0,0,0,False,PRE_PRIMARY_PHASE_IMBALANCE,0.39502399999999993,-0.0011081021680304478,-0.6217785387809089,0.011248887185576232,1.068271463092122,0.05611237929225844,0.07968117194551412,0.8323544877466825,0.23798930240000007,0.048517619727270214,False,True,False,False,True,0.0,0.0,0.0,"{""0.0000"": 4}"
c3_w2_tcop_cm1_states_L0.4_kp0_0000_up0_0000_s31415,cm1,stageA,0.0,0.0,0.0,,31415,25,1,1,False,PRE_PRIMARY_PHASE_IMBALANCE,0.399108,-0.0001724412929203787,0.15889805420538028,0.0010404172162630993,0.13741437274696797,0.004429319315193743,0.024172301714518004,0.1413151323919462,0.2397277328,0.04935467896765209,True,True,False,False,True,0.0,0.0,0.0,"{""0.0000"": 4}"
c3_w2_tcop_cm1_states_L0.4_kp0_0000_up0_0000_s31415,cm1,stageA,0.0,0.0,0.0,,31415,50,2,2,False,PRE_PRIMARY_PHASE_IMBALANCE,0.399164,0.0002685009317544982,0.6645762132281205,-0.011626485136657056,-1.1657166466554838,0.007363123683568264,0.02470730489691879,0.13929111808857741,0.23973483680000005,0.0492046857931234,True,True,False,False,True,0.0,0.0,0.0,"{""0.0000"": 4}"
c3_w2_tcop_cm1_states_L0.4_kp0_0000_up0_0000_s31415,cm1,stageA,0.0,0.0,0.0,,31415,75,3,0,True,,0.39870399999999995,6.0361925960135275e-05,0.42199753086420194,-0.012569096354737078,-1.2364215405768677,0.0017374023566095018,0.0244600297501022,0.12640956668001935,0.2396440128,0.04925200893364655,True,True,False,False,True,0.0,0.0,0.0,"{""0.0000"": 4}"
c3_w2_tcop_cm1_states_L0.4_kp0_0000_up0_0000_s31415,cm1,stageA,0.0,0.0,0.0,,31415,100,4,1,True,,0.39886000000000005,-0.0003581138483973255,0.05485019160463662,-0.011145113222245605,-1.0926373588006955,0.0016699258010099524,0.02587971573940056,0.12636012604332314,0.23966414880000003,0.04838285233427231,True,True,False,False,True,0.0,0.0,0.0,"{""0.0000"": 4}"
c3_w2_tcop_cm1_states_L0.4_kp0_0000_up0_0000_s31415,cm1,stageA,0.0,0.0,0.0,,31415,125,5,2,True,,0.39848799999999995,0.0004116806093033098,0.9147258444164152,-0.0015310859376828645,-0.10392741147428047,0.0005071676173784074,0.025655765869520453,0.12045532081152939,0.23959079359999996,0.04846394387583412,True,True,False,False,True,0.0,0.0,0.0,"{""0.0000"": 4}"
c3_w2_tcop_cm1_states_L0.4_kp0_0000_up0_0000_s31415,cm1,stageA,0.0,0.0,0.0,,31415,150,6,0,True,,0.3983720000000001,-0.000279613682418741,0.1543073854287426,-0.007865030422073137,-0.883743028982223,0.008347806936500423,0.024710837164340794,0.11245770256830874,0.2395748432,0.04819740258561658,True,True,False,False,True,0.0,0.0,0.0,"{""0.0000"": 4}"
c3_w2_tcop_cm1_states_L0.4_kp0_0000_up0_0000_s31415,cm1,stageA,0.0,0.0,0.0,,31415,175,7,1,True,,0.398984,-0.0002340913399502395,0.15869160293265872,-0.006441927129749669,-0.5882633395029624,0.005407073286563735,0.02606097120004156,0.15439215568947096,0.23968765120000002,0.04949674478185409,True,True,False,False,True,0.0,0.0,0.0,"{""0.0000"": 4}"
c3_w2_tcop_cm1_states_L0.4_kp0_0000_up0_0000_s31415,cm1,stageA,0.0,0.0,0.0,,31415,200,8,2,True,,0.39859599999999995,0.001526444637827781,1.8632866018473682,-0.00987118897650184,-1.0083262725056399,0.002650166163015053,0.02474633849396214,0.15454244359064717,0.2396199344,0.04879332724871301,True,True,False,False,True,0.0,0.0,0.0,"{""0.0000"": 4}"
c3_w2_tcop_cm1_states_L0.4_kp0_0000_up0_0000_s31415,cm1,stageA,0.0,0.0,0.0,,31415,225,9,0,True,,0.3990560000000001,-7.903509718944865e-05,0.28891394630852546,-0.007408405526993979,-0.6353545464416447,0.004066001393688083,0.02410830714557788,0.1543642993605803,0.23971775360000003,0.04831137406449955,True,True,False,False,True,0.0,0.0,0.0,"{""0.0000"": 4}"
c3_w2_tcop_cm1_states_L0.4_kp0_0000_up0_0000_s31415,cm1,stageA,0.0,0.0,0.0,,31415,250,10,1,True,,0.40005599999999997,-0.0010371431449938497,-0.6010649870554283,-0.0015922596587185855,-0.16895354913311086,0.0009527619004809328,0.02467326345345483,0.15397844263308538,0.23991376640000006,0.049192650507977304,True,True,False,False,True,0.0,0.0,0.0,"{""0.0000"": 4}"
c3_w2_tcop_cm1_states_L0.4_kp0_0000_up0_0000_s31415,cm1,stageA,0.0,0.0,0.0,,31415,275,11,2,True,,0.399072,-0.00115699584350509,-0.7789648216945471,-0.009249522155045512,-0.8764954376860762,0.0008071531212762945,0.022189175188082416,0.12428834865816601,0.23973512640000003,0.04905852439688744,True,True,False,False,True,0.0,0.0,0.0,"{""0.0000"": 4}"
c3_w2_tcop_cm1_states_L0.4_kp0_0000_up0_0000_s31415,cm1,stageA,0.0,0.0,0.0,,31415,300,12,0,False,EXITS_PRIMARY_BLOCK_SET,0.40057199999999993,-0.0024203825956709297,-2.0449173307721082,-0.006091319477589669,-0.5250706278956538,0.005965067298586276,0.022944680209766897,0.12382293289640077,0.24002959840000002,0.04896971325217251,True,True,False,False,False,0.0,0.0,0.0,"{""0.0000"": 4}"
c3_w2_tcop_cm1_states_L0.4_kp0_1042_up0_0000_s42,cm1,stageA,0.05,0.1042,0.0,,42,0,0,0,False,PRE_PRIMARY_PHASE_IMBALANCE,0.392924,-0.00034467520575485257,-0.015692296551270666,0.0009291023805044505,0.12413230212609604,0.048361668408300064,0.07865322822299968,0.8113528295259316,0.23757962720000003,0.0505083183644041,False,True,False,False,True,0.04997621087120674,0.04997621087120674,0.0,"{""0.0000"": 4}"
c3_w2_tcop_cm1_states_L0.4_kp0_1042_up0_0000_s42,cm1,stageA,0.05,0.1042,0.0,,42,25,1,1,False,PRE_PRIMARY_PHASE_IMBALANCE,0.396472,0.0004692103293425412,0.9357486833383225,0.0007763067873754166,0.074867450315342,0.0016321574003682368,0.02273779647471995,0.12005891936868457,0.2392006848,0.0499026373651734,True,True,False,False,True,0.04997621087120674,0.04997621087120674,0.0,"{""0.0000"": 4}"
c3_w2_tcop_cm1_states_L0.4_kp0_1042_up0_0000_s42,cm1,stageA,0.05,0.1042,0.0,,42,50,2,2,False,PRE_PRIMARY_PHASE_IMBALANCE,0.397016,0.0011318589538561004,1.6048721156079888,0.006230221970696357,0.6274700637809163,0.00910361652688851,0.023742953571166858,0.12190944414857476,0.23930544000000004,0.05008049264933403,True,True,False,False,True,0.04997621087120674,0.04997621087120674,0.0,"{""0.0000"": 4}"
c3_w2_tcop_cm1_states_L0.4_kp0_1042_up0_0000_s42,cm1,stageA,0.05,0.1042,0.0,,42,75,3,0,True,,0.39702,0.0006984162827000269,1.0814557376422673,-0.010077949558558707,-0.9869692606781026,0.0061550661485118875,0.023626550787281066,0.12493073365339101,0.23930713120000002,0.049526958315648656,True,True,False,False,True,0.04997621087120674,0.04997621087120674,0.0,"{""0.0000"": 4}"
c3_w2_tcop_cm1_states_L0.4_kp0_1042_up0_0000_s42,cm1,stageA,0.05,0.1042,0.0,,42,100,4,1,True,,0.396764,0.0007057920108156201,1.0131557383489054,-0.007478409662372852,-0.8118370821206419,0.005896487447195226,0.025974095512904374,0.13005212133648192,0.23923612320000007,0.049483414433525094,True,True,False,False,True,0.04997621087120674,0.04997621087120674,0.0,"{""0.0000"": 4}"
c3_w2_tcop_cm1_states_L0.4_kp0_1042_up0_0000_s42,cm1,stageA,0.05,0.1042,0.0,,42,125,5,2,True,,0.39626400000000006,-0.0004345028393325375,-0.14295093903319506,0.004468162346732608,0.3829206593070242,0.010600054588365547,0.025584260239120984,0.13021621916142725,0.23913606080000002,0.0498024327116658,True,True,False,False,True,0.04997621087120674,0.04997621087120674,0.0,"{""0.0000"": 4}"
c3_w2_tcop_cm1_states_L0.4_kp0_1042_up0_0000_s42,cm1,stageA,0.05,0.1042,0.0,,42,150,6,0,True,,0.396072,-0.00037095195386075574,-0.013686406323252256,0.009775648480186153,1.117073882804786,0.005162001977627628,0.02594382432561414,0.14643802100012618,0.23909338240000003,0.04908289738799045,True,True,False,False,True,0.04997621087120674,0.04997621087120674,0.0,"{""0.0000"": 4}"
c3_w2_tcop_cm1_states_L0.4_kp0_1042_up0_0000_s42,cm1,stageA,0.05,0.1042,0.0,,42,175,7,1,True,,0.39632799999999996,0.00014461097771036665,0.49299207332452033,0.01793188353195421,1.8196154640764135,0.002875481824450812,0.025925887781600487,0.1463434323430506,0.23914653760000001,0.04966242458841493,True,True,False,False,True,0.04997621087120674,0.04997621087120674,0.0,"{""0.0000"": 4}"
c3_w2_tcop_cm1_states_L0.4_kp0_1042_up0_0000_s42,cm1,stageA,0.05,0.1042,0.0,,42,200,8,2,True,,0.39578800000000003,0.00012829339773722518,0.5460548962728528,0.015807760882086103,1.5748073972467282,0.002973404147662166,0.025616319430473565,0.14654309846043057,0.23903706720000004,0.049586883910969846,True,True,False,False,True,0.04997621087120674,0.04997621087120674,0.0,"{""0.0000"": 4}"
c3_w2_tcop_cm1_states_L0.4_kp0_1042_up0_0000_s42,cm1,stageA,0.05,0.1042,0.0,,42,225,9,0,True,,0.39704800000000007,0.00045001117234138514,0.8546150242290129,0.01824611242567918,2.083637157092263,0.003294641478578697,0.025425620331376103,0.14607805568576576,0.23929897279999998,0.04919355339879403,True,True,False,False,False,0.04997621087120674,0.04997621087120674,0.0,"{""0.0000"": 4}"
c3_w2_tcop_cm1_states_L0.4_kp0_1042_up0_0000_s42,cm1,stageA,0.05,0.1042,0.0,,42,250,10,1,True,,0.396772,-0.0008258009668923209,-0.5016029730931557,-0.0003928074946148865,-0.019484198509034434,0.005333772604491087,0.02484609781644697,0.11996814261094994,0.23924679519999997,0.0499481732999316,True,True,False,False,True,0.04997621087120674,0.04997621087120674,0.0,"{""0.0000"": 4}"
c3_w2_tcop_cm1_states_L0.4_kp0_1042_up0_0000_s42,cm1,stageA,0.05,0.1042,0.0,,42,275,11,2,True,,0.396248,-0.001118434953581055,-0.7339759123463839,-0.008386651587113467,-0.8173254832986976,0.00535233510290591,0.025205520615375652,0.12618360187008235,0.2391357696,0.04876968829098664,True,True,False,False,True,0.04997621087120674,0.04997621087120674,0.0,"{""0.0000"": 4}"
c3_w2_tcop_cm1_states_L0.4_kp0_1042_up0_0000_s42,cm1,stageA,0.05,0.1042,0.0,,42,300,12,0,False,EXITS_PRIMARY_BLOCK_SET,0.39718,-0.002066390876179632,-1.7372058682445015,0.001857527913183805,0.18546092211632118,0.009779718065017129,0.023830368672032604,0.12588750660685957,0.23933846239999998,0.04865642403629761,True,True,False,False,True,0.04997621087120674,0.04997621087120674,0.0,"{""0.0000"": 4}"
c3_w2_tcop_cm1_states_L0.4_kp0_1042_up0_0000_s137,cm1,stageA,0.05,0.1042,0.0,,137,0,0,0,False,PRE_PRIMARY_PHASE_IMBALANCE,0.3944,-6.18872358038417e-05,0.3487417854437878,0.004775636751566873,0.4364847662955919,0.038154322434903645,0.07839894334298379,0.7991886389472905,0.23789256000000003,0.04898652876046638,False,True,False,False,True,0.04997621087120674,0.04997621087120674,0.0,"{""0.0000"": 4}"
c3_w2_tcop_cm1_states_L0.4_kp0_1042_up0_0000_s137,cm1,stageA,0.05,0.1042,0.0,,137,25,1,1,False,PRE_PRIMARY_PHASE_IMBALANCE,0.3963519999999999,2.3639434138874002e-05,0.49099410785526826,-0.0003048016097680735,0.03378179773024238,0.0013637727374694276,0.024091572993899746,0.1039480055507529,0.23916591360000003,0.04920296836573988,True,True,False,False,True,0.04997621087120674,0.04997621087120674,0.0,"{""0.0000"": 4}"
c3_w2_tcop_cm1_states_L0.4_kp0_1042_up0_0000_s137,cm1,stageA,0.05,0.1042,0.0,,137,50,2,2,False,PRE_PRIMARY_PHASE_IMBALANCE,0.39618000000000003,0.0012841809304335958,1.6227093122145886,0.000711186340791188,0.08579463595602875,0.002789920057203848,0.025242011125090273,0.11408955496468892,0.2391214,0.05027531799998882,True,True,False,False,True,0.04997621087120674,0.04997621087120674,0.0,"{""0.0000"": 4}"
c3_w2_tcop_cm1_states_L0.4_kp0_1042_up0_0000_s137,cm1,stageA,0.05,0.1042,0.0,,137,75,3,0,True,,0.3965159999999999,0.001760754436826745,2.035811660018015,0.001186930072168704,0.18476282567219526,0.004144711286025297,0.026047913257156184,0.11399287767960724,0.23918438559999994,0.04901654561472075,True,True,False,False,False,0.04997621087120674,0.04997621087120674,0.0,"{""0.0000"": 4}"
c3_w2_tcop_cm1_states_L0.4_kp0_1042_up0_0000_s137,cm1,stageA,0.05,0.1042,0.0,,137,100,4,1,True,,0.39642000000000005,0.001450467775251819,1.7600072210237736,0.006369161397418635,0.7819951827109904,0.007900896017909803,0.024745902363086315,0.11402048303814016,0.23917495200000005,0.04859983127542729,True,True,False,False,True,0.04997621087120674,0.04997621087120674,0.0,"{""0.0000"": 4}"
c3_w2_tcop_cm1_states_L0.4_kp0_1042_up0_0000_s137,cm1,stageA,0.05,0.1042,0.0,,137,125,5,2,True,,0.39632399999999995,0.001132814669738931,1.7454249403035265,0.01815859026130312,1.7600933812841901,0.001234870811909352,0.023186413269572933,0.11001100082253164,0.2391668432,0.0483028676581422,True,True,False,False,True,0.04997621087120674,0.04997621087120674,0.0,"{""0.0000"": 4}"
c3_w2_tcop_cm1_states_L0.4_kp0_1042_up0_0000_s137,cm1,stageA,0.05,0.1042,0.0,,137,150,6,0,True,,0.39645600000000003,0.0016539552205247234,2.0660972828849626,0.010342816336566935,1.2821245982405536,0.003832334310393077,0.021765987300904947,0.10593861587177748,0.23920417599999996,0.04867032015510068,True,True,False,False,False,0.04997621087120674,0.04997621087120674,0.0,"{""0.0000"": 4}"
c3_w2_tcop_cm1_states_L0.4_kp0_1042_up0_0000_s137,cm1,stageA,0.05,0.1042,0.0,,137,175,7,1,True,,0.396552,0.00038708574444404104,0.7538680938960093,0.009015144859952426,0.9957917723274451,0.0010277611890691027,0.019915930128509656,0.09582602005329428,0.2392361376,0.04970343344277134,True,True,False,False,True,0.04997621087120674,0.04997621087120674,0.0,"{""0.0000"": 4}"
c3_w2_tcop_cm1_states_L0.4_kp0_1042_up0_0000_s137,cm1,stageA,0.05,0.1042,0.0,,137,200,8,2,True,,0.39592,0.00040286190433631755,0.7607396179413777,0.01610916915662779,1.6772894356845305,0.0019763544298047934,0.023380651892802425,0.1303293591373778,0.239081664,0.04894643602960281,True,True,False,False,True,0.04997621087120674,0.04997621087120674,0.0,"{""0.0000"": 4}"
c3_w2_tcop_cm1_states_L0.4_kp0_1042_up0_0000_s137,cm1,stageA,0.05,0.1042,0.0,,137,225,9,0,True,,0.39663600000000004,0.000681842128720391,1.1855634566945323,0.02308103360227314,2.4653914414640297,0.005789463450553388,0.02174772850631863,0.1300940909799057,0.23924147680000002,0.04903798021941768,True,True,False,False,False,0.04997621087120674,0.04997621087120674,0.0,"{""0.0000"": 4}"
c3_w2_tcop_cm1_states_L0.4_kp0_1042_up0_0000_s137,cm1,stageA,0.05,0.1042,0.0,,137,250,10,1,True,,0.39660000000000006,-9.497660090539053e-05,0.3386439526667543,-0.006918538725739923,-0.7059118758603559,0.0038987257175078214,0.022106159530735647,0.13010589982323265,0.2392315744,0.04933599091940893,True,True,False,False,True,0.04997621087120674,0.04997621087120674,0.0,"{""0.0000"": 4}"
c3_w2_tcop_cm1_states_L0.4_kp0_1042_up0_0000_s137,cm1,stageA,0.05,0.1042,0.0,,137,275,11,2,True,,0.39665200000000006,0.0008057699687471487,1.2902238706190983,-0.01402044141228071,-1.1488602232951481,0.007361344407282634,0.023012631001368022,0.1300888432931414,0.23923587040000002,0.04998430649713968,True,True,False,False,True,0.04997621087120674,0.04997621087120674,0.0,"{""0.0000"": 4}"
c3_w2_tcop_cm1_states_L0.4_kp0_1042_up0_0000_s137,cm1,stageA,0.05,0.1042,0.0,,137,300,12,0,False,EXITS_PRIMARY_BLOCK_SET,0.39697199999999994,0.0009290631545667427,1.5062636262661857,-0.004844568929372834,-0.4813720893761074,0.004708309155261437,0.021171817430515195,0.09370937977058995,0.23931459360000001,0.04897255574298731,True,True,False,False,True,0.04997621087120674,0.04997621087120674,0.0,"{""0.0000"": 4}"
c3_w2_tcop_cm1_states_L0.4_kp0_1042_up0_0000_s256,cm1,stageA,0.05,0.1042,0.0,,256,0,0,0,False,PRE_PRIMARY_PHASE_IMBALANCE,0.39514399999999994,-0.0006221647955007903,-0.27021832670138807,0.010691919483705317,1.0188569382036918,0.05334609126153437,0.07946412355863,0.8118559289477864,0.2380192736,0.0474562879289984,False,True,False,False,True,0.04997621087120674,0.04997621087120674,0.0,"{""0.0000"": 4}"
c3_w2_tcop_cm1_states_L0.4_kp0_1042_up0_0000_s256,cm1,stageA,0.05,0.1042,0.0,,256,25,1,1,False,PRE_PRIMARY_PHASE_IMBALANCE,0.39819599999999994,-0.000614973648426266,-0.29284829607673907,0.011213266415842806,1.0299304434887824,0.008344263269551717,0.0258617310206531,0.11250740812939508,0.239529896,0.04714727546741168,True,True,False,False,True,0.04997621087120674,0.04997621087120674,0.0,"{""0.0000"": 4}"
c3_w2_tcop_cm1_states_L0.4_kp0_1042_up0_0000_s256,cm1,stageA,0.05,0.1042,0.0,,256,50,2,2,False,PRE_PRIMARY_PHASE_IMBALANCE,0.39706399999999986,0.00018213199805916847,0.553816354973055,0.025006904427153982,2.6388864832735166,0.026874728184461537,0.02520307194629333,0.11282815840058998,0.2393040352,0.047237484098965304,True,True,False,False,False,0.04997621087120674,0.04997621087120674,0.0,"{""0.0000"": 4}"
c3_w2_tcop_cm1_states_L0.4_kp0_1042_up0_0000_s256,cm1,stageA,0.05,0.1042,0.0,,256,75,3,0,True,,0.39616399999999996,-0.00044012255169279994,-0.003820785138988549,0.004173972375372714,0.4047112136773769,0.017545398037083472,0.025538029254498874,0.12419099129605171,0.2391157264,0.04859099817867503,True,True,False,False,True,0.04997621087120674,0.04997621087120674,0.0,"{""0.0000"": 4}"
c3_w2_tcop_cm1_states_L0.4_kp0_1042_up0_0000_s256,cm1,stageA,0.05,0.1042,0.0,,256,100,4,1,True,,0.39600799999999997,-0.0005093393507054505,-0.25088551581430596,-0.002637620590863124,-0.3515126746588231,0.005864710413325052,0.025927799087208693,0.12626007523519706,0.23908023999999997,0.049741571507140786,True,True,False,False,True,0.04997621087120674,0.04997621087120674,0.0,"{""0.0000"": 4}"
c3_w2_tcop_cm1_states_L0.4_kp0_1042_up0_0000_s256,cm1,stageA,0.05,0.1042,0.0,,256,125,5,2,True,,0.396484,6.350227564589066e-05,0.3988776006041822,-0.011861351505508816,-1.1713264725805772,0.016688546467143572,0.02552427730591052,0.1321617010215754,0.239182024,0.04970309591967084,True,True,False,False,True,0.04997621087120674,0.04997621087120674,0.0,"{""0.0000"": 4}"
c3_w2_tcop_cm1_states_L0.4_kp0_1042_up0_0000_s256,cm1,stageA,0.05,0.1042,0.0,,256,150,6,0,True,,0.3977920000000001,-0.0004714480736215561,0.033720586400822726,-0.0012055220208404796,-0.06386697403083123,0.004691966248623701,0.02520844652318153,0.1317271334473113,0.2394529696,0.049762684171977704,True,True,False,False,True,0.04997621087120674,0.04997621087120674,0.0,"{""0.0000"": 4}"
c3_w2_tcop_cm1_states_L0.4_kp0_1042_up0_0000_s256,cm1,stageA,0.05,0.1042,0.0,,256,175,7,1,True,,0.3977959999999999,0.00045678209228117134,0.8400061227360941,0.0013009452865827822,0.24694572061618172,0.01375535995576381,0.024734455418538047,0.1377590520323004,0.2394575312,0.04961433647646615,True,True,False,False,True,0.04997621087120674,0.04997621087120674,0.0,"{""0.0000"": 4}"
c3_w2_tcop_cm1_states_L0.4_kp0_1042_up0_0000_s256,cm1,stageA,0.05,0.1042,0.0,,256,200,8,2,True,,0.397072,0.00010001800292542268,0.4673358273746729,0.002191537333158101,0.17840733289941513,0.01251283605283738,0.02350092726010689,0.13801023457204178,0.23931874879999998,0.049255119693286706,True,True,False,False,True,0.04997621087120674,0.04997621087120674,0.0,"{""0.0000"": 4}"
c3_w2_tcop_cm1_states_L0.4_kp0_1042_up0_0000_s256,cm1,stageA,0.05,0.1042,0.0,,256,225,9,0,True,,0.39644400000000013,-0.0015926441132752015,-1.1230455420625476,0.0034480959476086695,0.3553488339375286,0.010025520491469339,0.023529942264715286,0.11603151992202809,0.2391891376,0.048810192214331624,True,True,False,False,True,0.04997621087120674,0.04997621087120674,0.0,"{""0.0000"": 4}"
c3_w2_tcop_cm1_states_L0.4_kp0_1042_up0_0000_s256,cm1,stageA,0.05,0.1042,0.0,,256,250,10,1,True,,0.39534400000000003,0.0004751161785821833,0.8762719337498796,-0.005444407311018637,-0.38999286171330033,0.0100698077971103,0.023926557847488414,0.11331903326389414,0.2389576448,0.049459495185454526,True,True,False,False,True,0.04997621087120674,0.04997621087120674,0.0,"{""0.0000"": 4}"
c3_w2_tcop_cm1_states_L0.4_kp0_1042_up0_0000_s256,cm1,stageA,0.05,0.1042,0.0,,256,275,11,2,True,,0.39559200000000005,-0.00014971622183939493,0.31373154860633173,0.011075160901489172,1.0776663448385806,0.0003737557511398664,0.023826944277464616,0.11729256375939712,0.23901012480000003,0.04988396070882904,True,True,False,False,True,0.04997621087120674,0.04997621087120674,0.0,"{""0.0000"": 4}"
c3_w2_tcop_cm1_states_L0.4_kp0_1042_up0_0000_s256,cm1,stageA,0.05,0.1042,0.0,,256,300,12,0,False,EXITS_PRIMARY_BLOCK_SET,0.39556800000000003,0.000183030006107894,0.5114177809445634,0.0094850062394166,0.9553834788868696,0.003944090552465377,0.023522912287596738,0.11527727188428462,0.23900737600000002,0.04917598373189905,True,True,False,False,True,0.04997621087120674,0.04997621087120674,0.0,"{""0.0000"": 4}"
c3_w2_tcop_cm1_states_L0.4_kp0_1042_up0_0000_s1024,cm1,stageA,0.05,0.1042,0.0,,1024,0,0,0,False,PRE_PRIMARY_PHASE_IMBALANCE,0.393128,-0.00024040250517206045,0.17239823345834318,0.010398728270779884,1.0666413303997375,0.03955870638559855,0.07818664292328674,0.8272114913534232,0.23763359040000004,0.048653629011616385,False,True,False,False,True,0.04997621087120674,0.04997621087120674,0.0,"{""0.0000"": 4}"
c3_w2_tcop_cm1_states_L0.4_kp0_1042_up0_0000_s1024,cm1,stageA,0.05,0.1042,0.0,,1024,25,1,1,False,PRE_PRIMARY_PHASE_IMBALANCE,0.396336,0.0008788663122248506,1.1999671551526758,0.009085288470750373,0.8744948011323567,0.0056006569390531745,0.021170922522583128,0.10395220190961156,0.2391833696,0.04882146151028254,True,True,False,False,True,0.04997621087120674,0.04997621087120674,0.0,"{""0.0000"": 4}"
c3_w2_tcop_cm1_states_L0.4_kp0_1042_up0_0000_s1024,cm1,stageA,0.05,0.1042,0.0,,1024,50,2,2,False,PRE_PRIMARY_PHASE_IMBALANCE,0.39659999999999995,0.0007371045609323956,1.1529731453230976,0.004024578081783404,0.31688931728295416,0.011492828527704663,0.020631910484299555,0.10388300528521686,0.23924148480000004,0.049144277388115096,True,True,False,False,True,0.04997621087120674,0.04997621087120674,0.0,"{""0.0000"": 4}"
c3_w2_tcop_cm1_states_L0.4_kp0_1042_up0_0000_s1024,cm1,stageA,0.05,0.1042,0.0,,1024,75,3,0,True,,0.39833199999999996,-3.624133550025094e-05,0.43400520218721694,0.000870913896728645,0.09210927624796315,0.013650080115889454,0.0229842934982961,0.1235150574809078,0.23957979679999997,0.04860841260522709,True,True,False,False,True,0.04997621087120674,0.04997621087120674,0.0,"{""0.0000"": 4}"
c3_w2_tcop_cm1_states_L0.4_kp0_1042_up0_0000_s1024,cm1,stageA,0.05,0.1042,0.0,,1024,100,4,1,True,,0.397516,0.0002830482098984959,0.7169807996009583,0.00034982280854591795,0.000570830437609491,0.015842154114886296,0.024519578643028433,0.12376860271342893,0.23940202719999998,0.0492855936760429,True,True,False,False,True,0.04997621087120674,0.04997621087120674,0.0,"{""0.0000"": 4}"
c3_w2_tcop_cm1_states_L0.4_kp0_1042_up0_0000_s1024,cm1,stageA,0.05,0.1042,0.0,,1024,125,5,2,True,,0.396568,-0.00020608684599479426,0.06703468080474105,0.014261619161187148,1.4837411083719152,0.021412643318430246,0.02603898335800421,0.13717697812940788,0.23919519040000004,0.049213629981947074,True,True,False,False,True,0.04997621087120674,0.04997621087120674,0.0,"{""0.0000"": 4}"
c3_w2_tcop_cm1_states_L0.4_kp0_1042_up0_0000_s1024,cm1,stageA,0.05,0.1042,0.0,,1024,150,6,0,True,,0.39659200000000006,-0.0005189909078615625,-0.034414850430217636,0.025873002460913636,2.6523128870335055,0.012518297023460377,0.026870816096732527,0.13716867678327177,0.23919321920000006,0.04932408677309697,True,True,False,False,False,0.04997621087120674,0.04997621087120674,0.0,"{""0.0000"": 4}"
c3_w2_tcop_cm1_states_L0.4_kp0_1042_up0_0000_s1024,cm1,stageA,0.05,0.1042,0.0,,1024,175,7,1,True,,0.395292,0.000463021155489359,0.8446524192539627,0.011462159506386167,1.2296290229032516,0.010557505133358614,0.024823315875123503,0.12142922163507171,0.2389399504,0.048959112900460115,True,True,False,False,True,0.04997621087120674,0.04997621087120674,0.0,"{""0.0000"": 4}"
c3_w2_tcop_cm1_states_L0.4_kp0_1042_up0_0000_s1024,cm1,stageA,0.05,0.1042,0.0,,1024,200,8,2,True,,0.39592000000000005,-0.00019785080923818749,0.14509441492072508,0.013240858494565228,1.2474157115624818,0.0014755971417626053,0.023582347874176283,0.12527783358941738,0.23908017919999996,0.050437224348689136,True,True,False,False,True,0.04997621087120674,0.04997621087120674,0.0,"{""0.0000"": 4}"
c3_w2_tcop_cm1_states_L0.4_kp0_1042_up0_0000_s1024,cm1,stageA,0.05,0.1042,0.0,,1024,225,9,0,True,,0.3961600000000001,-0.00044191959446697487,-0.07499217811695708,0.0025651360410627756,0.456041283854893,0.009016652854158841,0.022257262841159732,0.11712439388851874,0.2391395072,0.0498499187562026,True,True,False,False,True,0.04997621087120674,0.04997621087120674,0.0,"{""0.0000"": 4}"
c3_w2_tcop_cm1_states_L0.4_kp0_1042_up0_0000_s1024,cm1,stageA,0.05,0.1042,0.0,,1024,250,10,1,True,,0.39632799999999996,-9.105796716173293e-07,0.38686456692137705,-0.0034643829046100525,-0.47246238381526284,0.003332118997078123,0.02285328220393105,0.12716739638085778,0.23917007999999998,0.050352720045693654,True,True,False,False,True,0.04997621087120674,0.04997621087120674,0.0,"{""0.0000"": 4}"
c3_w2_tcop_cm1_states_L0.4_kp0_1042_up0_0000_s1024,cm1,stageA,0.05,0.1042,0.0,,1024,275,11,2,True,,0.39698800000000006,-0.0004728705194522289,-0.04352124640833189,-0.006684240099125953,-0.7312264957902991,0.010823172630264541,0.02257375455094011,0.1269559781984443,0.23930821920000003,0.05024109728101089,True,True,False,False,True,0.04997621087120674,0.04997621087120674,0.0,"{""0.0000"": 4}"
c3_w2_tcop_cm1_states_L0.4_kp0_1042_up0_0000_s1024,cm1,stageA,0.05,0.1042,0.0,,1024,300,12,0,False,EXITS_PRIMARY_BLOCK_SET,0.3972839999999999,-0.0003034241654979722,0.1054970363255469,-0.00022770223925440837,0.15060498953804385,0.003040748686178346,0.02311355001698816,0.12686138851083512,0.2393651024,0.049885702801504166,True,True,False,False,True,0.04997621087120674,0.04997621087120674,0.0,"{""0.0000"": 4}"
c3_w2_tcop_cm1_states_L0.4_kp0_1042_up0_0000_s31415,cm1,stageA,0.05,0.1042,0.0,,31415,0,0,0,False,PRE_PRIMARY_PHASE_IMBALANCE,0.391748,-0.0008583246808877786,-0.3616550913718131,0.02052035994423118,2.045551230091911,0.05652708981517854,0.07971247112872873,0.8270622930377122,0.2373063664,0.048713288700312565,False,True,False,False,False,0.04997621087120674,0.04997621087120674,0.0,"{""0.0000"": 4}"
c3_w2_tcop_cm1_states_L0.4_kp0_1042_up0_0000_s31415,cm1,stageA,0.05,0.1042,0.0,,31415,25,1,1,False,PRE_PRIMARY_PHASE_IMBALANCE,0.39583199999999996,-6.8470900288255e-05,0.27183945497900636,0.010678869683967796,1.1363952915508344,0.002694745912336366,0.025054282373983286,0.13945310096340588,0.2390506752,0.04954904414819725,True,True,False,False,True,0.04997621087120674,0.04997621087120674,0.0,"{""0.0000"": 4}"
c3_w2_tcop_cm1_states_L0.4_kp0_1042_up0_0000_s31415,cm1,stageA,0.05,0.1042,0.0,,31415,50,2,2,False,PRE_PRIMARY_PHASE_IMBALANCE,0.395904,0.00025970486532843524,0.663530669751217,-0.0020659714411304787,-0.2214404083442343,0.007333420035412457,0.025598314232252544,0.14144843158581769,0.23906131519999999,0.049377958483517725,True,True,False,False,True,0.04997621087120674,0.04997621087120674,0.0,"{""0.0000"": 4}"
c3_w2_tcop_cm1_states_L0.4_kp0_1042_up0_0000_s31415,cm1,stageA,0.05,0.1042,0.0,,31415,75,3,0,True,,0.3953560000000001,8.666500984323967e-05,0.4594271042645306,-0.0021016454821591586,-0.12358557050812799,0.0018620018755234361,0.02468947034504101,0.12849178935316072,0.2389543536,0.04934200304000639,True,True,False,False,True,0.04997621087120674,0.04997621087120674,0.0,"{""0.0000"": 4}"
c3_w2_tcop_cm1_states_L0.4_kp0_1042_up0_0000_s31415,cm1,stageA,0.05,0.1042,0.0,,31415,100,4,1,True,,0.3955639999999999,-0.00048578762951631034,-0.054502513295232945,-0.0053616409413765834,-0.4957773017919167,0.0017687908030757774,0.026229308125764524,0.12842422432672285,0.23898547360000003,0.04851187384548241,True,True,False,False,True,0.04997621087120674,0.04997621087120674,0.0,"{""0.0000"": 4}"
c3_w2_tcop_cm1_states_L0.4_kp0_1042_up0_0000_s31415,cm1,stageA,0.05,0.1042,0.0,,31415,125,5,2,True,,0.395228,0.00043694061100786564,0.9420993314228443,0.004391105976678622,0.5323143507319126,8.684463716226948e-05,0.025566542790923096,0.12853340317858705,0.23892072479999996,0.04852121202113566,True,True,False,False,True,0.04997621087120674,0.04997621087120674,0.0,"{""0.0000"": 4}"
c3_w2_tcop_cm1_states_L0.4_kp0_1042_up0_0000_s31415,cm1,stageA,0.05,0.1042,0.0,,31415,150,6,0,True,,0.39501200000000003,-0.000336978182266463,0.09860851388726818,-0.0013325066160512448,-0.22566074649821152,0.008179404899421962,0.024664684558114658,0.11341427573487824,0.23888259679999999,0.048389666830843135,True,True,False,False,True,0.04997621087120674,0.04997621087120674,0.0,"{""0.0000"": 4}"
c3_w2_tcop_cm1_states_L0.4_kp0_1042_up0_0000_s31415,cm1,stageA,0.05,0.1042,0.0,,31415,175,7,1,True,,0.39573599999999987,4.4441170768320556e-05,0.46172731174120296,0.004550324726474617,0.45361757252798673,0.0057898930628568785,0.02630510058510715,0.15161622861802765,0.2390206528,0.04971899339286748,True,True,False,False,True,0.04997621087120674,0.04997621087120674,0.0,"{""0.0000"": 4}"
c3_w2_tcop_cm1_states_L0.4_kp0_1042_up0_0000_s31415,cm1,stageA,0.05,0.1042,0.0,,31415,200,8,2,True,,0.395352,0.0017248799636781728,2.078017456213761,-0.0001926642767631363,0.0019247455627135449,0.0033597726226836243,0.024812092673023124,0.15176349139054945,0.23895256959999994,0.049069706500039306,True,True,False,False,False,0.04997621087120674,0.04997621087120674,0.0,"{""0.0000"": 4}"
c3_w2_tcop_cm1_states_L0.4_kp0_1042_up0_0000_s31415,cm1,stageA,0.05,0.1042,0.0,,31415,225,9,0,True,,0.39593199999999995,0.00020341622571578134,0.5615989734471913,-0.0002128496451047667,0.04006352704140875,0.005546355415609971,0.02436419104000009,0.15154117335415887,0.23907679520000005,0.04840053074089167,True,True,False,False,True,0.04997621087120674,0.04997621087120674,0.0,"{""0.0000"": 4}"
c3_w2_tcop_cm1_states_L0.4_kp0_1042_up0_0000_s31415,cm1,stageA,0.05,0.1042,0.0,,31415,250,10,1,True,,0.397008,-0.0006835766761990594,-0.2556779275954238,0.00541800685898496,0.5696283204626665,0.0008439968628002074,0.024792962344815154,0.15113045542878112,0.23929576319999998,0.049317825742828524,True,True,False,False,True,0.04997621087120674,0.04997621087120674,0.0,"{""0.0000"": 4}"
c3_w2_tcop_cm1_states_L0.4_kp0_1042_up0_0000_s31415,cm1,stageA,0.05,0.1042,0.0,,31415,275,11,2,True,,0.395932,-0.001093892420141708,-0.7404919759483358,-0.002238657509794458,-0.16401633095000642,0.00021278508589822506,0.022432669005037698,0.1373973305077707,0.2390909648,0.04901643985439987,True,True,False,False,True,0.04997621087120674,0.04997621087120674,0.0,"{""0.0000"": 4}"
c3_w2_tcop_cm1_states_L0.4_kp0_1042_up0_0000_s31415,cm1,stageA,0.05,0.1042,0.0,,31415,300,12,0,False,EXITS_PRIMARY_BLOCK_SET,0.39746000000000004,-0.0022567702694439966,-1.9270374175360059,0.0011742002742955743,0.17712524767801655,0.004867995467418136,0.02293439152229077,0.1298243845171227,0.23940245600000004,0.04907940912439757,True,True,False,False,True,0.04997621087120674,0.04997621087120674,0.0,"{""0.0000"": 4}"
c3_w2_tcop_cm1_states_L0.4_km0_1042_up0_0000_s42,cm1,stageA,-0.05,-0.1042,0.0,,42,0,0,0,False,PRE_PRIMARY_PHASE_IMBALANCE,0.399452,-0.0006677399500683684,-0.32190214371432513,-0.01753879681450781,-1.530550580577157,0.04525311576737946,0.07880696852016227,0.8121125922210615,0.23889913440000005,0.05037677734829809,False,True,False,False,True,-0.04997621087120674,-0.04997621087120674,0.0,"{""0.0000"": 4}"
c3_w2_tcop_cm1_states_L0.4_km0_1042_up0_0000_s42,cm1,stageA,-0.05,-0.1042,0.0,,42,25,1,1,False,PRE_PRIMARY_PHASE_IMBALANCE,0.40264000000000005,-0.00016105170545868374,0.29070264475015384,-0.014472813898448726,-1.4547020343158996,0.0028423267449880145,0.02329237866169775,0.1162328628148399,0.24043307519999998,0.04976977395970369,True,True,False,False,True,-0.04997621087120674,-0.04997621087120674,0.0,"{""0.0000"": 4}"
c3_w2_tcop_cm1_states_L0.4_km0_1042_up0_0000_s42,cm1,stageA,-0.05,-0.1042,0.0,,42,50,2,2,False,PRE_PRIMARY_PHASE_IMBALANCE,0.40342,0.0005284252983832345,0.9234870465659225,-0.005618684743378676,-0.47804239919856295,0.009761721772889517,0.023967120690776368,0.1169996526771116,0.2405788176,0.05007058617591769,True,True,False,False,True,-0.04997621087120674,-0.04997621087120674,0.0,"{""0.0000"": 4}"
c3_w2_tcop_cm1_states_L0.4_km0_1042_up0_0000_s42,cm1,stageA,-0.05,-0.1042,0.0,,42,75,3,0,True,,0.40350400000000003,0.0007019296999649723,1.0680616253523223,-0.018977406968562264,-1.8580914405998616,0.006367265046505295,0.023478550435972658,0.12094056038864409,0.2405987712,0.0494566677405585,True,True,False,False,True,-0.04997621087120674,-0.04997621087120674,0.0,"{""0.0000"": 4}"
c3_w2_tcop_cm1_states_L0.4_km0_1042_up0_0000_s42,cm1,stageA,-0.05,-0.1042,0.0,,42,100,4,1,True,,0.403168,0.0007672097108086788,1.0737289704218167,-0.018116452349643423,-1.9362116674617265,0.0047472800182362905,0.02572832752474189,0.12302563665016665,0.24051596800000002,0.049055517283991615,True,True,False,False,True,-0.04997621087120674,-0.04997621087120674,0.0,"{""0.0000"": 4}"
c3_w2_tcop_cm1_states_L0.4_km0_1042_up0_0000_s42,cm1,stageA,-0.05,-0.1042,0.0,,42,125,5,2,True,,0.402596,-0.00027681641588009635,0.042716566137138735,-0.012158817323376054,-1.2043619438158766,0.012422826172120325,0.025442880251495197,0.12320042890838359,0.24040753760000008,0.049264396718116825,True,True,False,False,True,-0.04997621087120674,-0.04997621087120674,0.0,"{""0.0000"": 4}"
c3_w2_tcop_cm1_states_L0.4_km0_1042_up0_0000_s42,cm1,stageA,-0.05,-0.1042,0.0,,42,150,6,0,True,,0.40232,-0.00011504508220102563,0.2730719938529379,-0.0063874738112897,-0.46782004465532595,0.004867060565505012,0.025992312437721644,0.14217538242648783,0.24034926400000003,0.04862486606665359,True,True,False,False,True,-0.04997621087120674,-0.04997621087120674,0.0,"{""0.0000"": 4}"
c3_w2_tcop_cm1_states_L0.4_km0_1042_up0_0000_s42,cm1,stageA,-0.05,-0.1042,0.0,,42,175,7,1,True,,0.40255199999999997,0.0002648520255929817,0.6399639630429482,0.001995086839027219,0.2750106589657181,0.003923363768830341,0.02561092280210058,0.1410997830315094,0.2403975968,0.049087343541894785,True,True,False,False,True,-0.04997621087120674,-0.04997621087120674,0.0,"{""0.0000"": 4}"
c3_w2_tcop_cm1_states_L0.4_km0_1042_up0_0000_s42,cm1,stageA,-0.05,-0.1042,0.0,,42,200,8,2,True,,0.4019879999999999,0.00012083885947263913,0.5281049135143161,0.000698685168536091,0.09985411334395157,0.0006812824911627117,0.02544712932717535,0.15522851389785627,0.24028900639999995,0.04900456974609613,True,True,False,False,True,-0.04997621087120674,-0.04997621087120674,0.0,"{""0.0000"": 4}"
c3_w2_tcop_cm1_states_L0.4_km0_1042_up0_0000_s42,cm1,stageA,-0.05,-0.1042,0.0,,42,225,9,0,True,,0.40330800000000006,0.00046933539985439713,0.8797147913160688,0.0013594208762303705,0.3018933354980418,0.0027310892525901037,0.025089487952305995,0.15472046139744186,0.24054826720000005,0.048873480907338694,True,True,False,False,True,-0.04997621087120674,-0.04997621087120674,0.0,"{""0.0000"": 4}"
c3_w2_tcop_cm1_states_L0.4_km0_1042_up0_0000_s42,cm1,stageA,-0.05,-0.1042,0.0,,42,250,10,1,True,,0.40309599999999995,-0.0007191483282731655,-0.3813835299858519,-0.01595643745090871,-1.5767962377529356,0.005948557609179959,0.024406870884206185,0.12602456951687785,0.2405128224,0.049435359652782944,True,True,False,False,True,-0.04997621087120674,-0.04997621087120674,0.0,"{""0.0000"": 4}"
c3_w2_tcop_cm1_states_L0.4_km0_1042_up0_0000_s42,cm1,stageA,-0.05,-0.1042,0.0,,42,275,11,2,True,,0.40251200000000004,-0.0013479229289146204,-0.9726630822422703,-0.023284444074962253,-2.336273618560279,0.0050173956333681895,0.025143906416762576,0.13316373143368704,0.24039366080000002,0.048504122051635984,True,True,False,False,False,-0.04997621087120674,-0.04997621087120674,0.0,"{""0.0000"": 4}"
c3_w2_tcop_cm1_states_L0.4_km0_1042_up0_0000_s42,cm1,stageA,-0.05,-0.1042,0.0,,42,300,12,0,False,EXITS_PRIMARY_BLOCK_SET,0.4032439999999999,-0.0022678937697930843,-2.0197979198558316,-0.013473359611187544,-1.3506020301232264,0.011317158708669714,0.023446219267460575,0.1329220022296128,0.24054888800000004,0.048170493707247804,True,True,False,False,False,-0.04997621087120674,-0.04997621087120674,0.0,"{""0.0000"": 4}"
c3_w2_tcop_cm1_states_L0.4_km0_1042_up0_0000_s137,cm1,stageA,-0.05,-0.1042,0.0,,137,0,0,0,False,PRE_PRIMARY_PHASE_IMBALANCE,0.400448,-0.00010318323848109858,0.3169502925425941,-0.00956943643840118,-1.0335202792560998,0.0333907450962968,0.07896145607734681,0.8070960504058053,0.2390895776,0.04833921075069389,False,True,False,False,True,-0.04997621087120674,-0.04997621087120674,0.0,"{""0.0000"": 4}"
c3_w2_tcop_cm1_states_L0.4_km0_1042_up0_0000_s137,cm1,stageA,-0.05,-0.1042,0.0,,137,25,1,1,False,PRE_PRIMARY_PHASE_IMBALANCE,0.40224399999999993,-4.014946699877167e-05,0.42241911567358637,-0.014138069216239705,-1.4170412035885611,0.0037049875876286205,0.024263836782167612,0.10441423587570169,0.24034850719999998,0.048724988086196595,True,True,False,False,True,-0.04997621087120674,-0.04997621087120674,0.0,"{""0.0000"": 4}"
c3_w2_tcop_cm1_states_L0.4_km0_1042_up0_0000_s137,cm1,stageA,-0.05,-0.1042,0.0,,137,50,2,2,False,PRE_PRIMARY_PHASE_IMBALANCE,0.40226800000000007,0.0012885614419433041,1.5928694639789593,-0.015283202578202213,-1.4252301634474984,0.0018407480723399122,0.025371260020352573,0.11335726402955928,0.24034429279999994,0.04961628942192271,True,True,False,False,True,-0.04997621087120674,-0.04997621087120674,0.0,"{""0.0000"": 4}"
c3_w2_tcop_cm1_states_L0.4_km0_1042_up0_0000_s137,cm1,stageA,-0.05,-0.1042,0.0,,137,75,3,0,True,,0.40267600000000003,0.0016535288478469802,1.9213616854770177,-0.013808387626915022,-1.1751891432031933,0.0033922473508916384,0.02592928954751729,0.11324240800732503,0.24041902240000007,0.048455330191837516,True,True,False,False,True,-0.04997621087120674,-0.04997621087120674,0.0,"{""0.0000"": 4}"
c3_w2_tcop_cm1_states_L0.4_km0_1042_up0_0000_s137,cm1,stageA,-0.05,-0.1042,0.0,,137,100,4,1,True,,0.40259600000000006,0.0013503691893994236,1.6387605172275093,-0.009817050937851428,-0.8212951281600758,0.005561863289326799,0.024864414590130855,0.11326491044803005,0.24041225439999997,0.04810676443079497,True,True,False,False,True,-0.04997621087120674,-0.04997621087120674,0.0,"{""0.0000"": 4}"
c3_w2_tcop_cm1_states_L0.4_km0_1042_up0_0000_s137,cm1,stageA,-0.05,-0.1042,0.0,,137,125,5,2,True,,0.40236799999999995,0.0010288446463036858,1.7161886950319143,0.003123081129549616,0.3600237253473656,0.00037939216127280304,0.02339136792179129,0.10935263214432413,0.24037940799999993,0.04788979615742794,True,True,False,False,True,-0.04997621087120674,-0.04997621087120674,0.0,"{""0.0000"": 4}"
c3_w2_tcop_cm1_states_L0.4_km0_1042_up0_0000_s137,cm1,stageA,-0.05,-0.1042,0.0,,137,150,6,0,True,,0.40247600000000006,0.0013778227024391684,1.7482136507902628,-0.0034625343753255694,-0.15714829198544672,0.0038424021398104,0.021623309105589836,0.10634174433670145,0.24041332960000003,0.048427981828690736,True,True,False,False,True,-0.04997621087120674,-0.04997621087120674,0.0,"{""0.0000"": 4}"
c3_w2_tcop_cm1_states_L0.4_km0_1042_up0_0000_s137,cm1,stageA,-0.05,-0.1042,0.0,,137,175,7,1,True,,0.40242400000000006,0.00029994768171553223,0.6647566660776314,-0.007699899720978812,-0.8694750054958533,0.0007085773068771013,0.020180817258754147,0.10436753249217863,0.2404129696,0.04938060574760095,True,True,False,False,True,-0.04997621087120674,-0.04997621087120674,0.0,"{""0.0000"": 4}"
c3_w2_tcop_cm1_states_L0.4_km0_1042_up0_0000_s137,cm1,stageA,-0.05,-0.1042,0.0,,137,200,8,2,True,,0.40206800000000004,8.834808845866764e-05,0.4678472866398056,0.0017883263265982842,0.23682803602421998,0.0033639465218850925,0.02301757402573202,0.12037764726270767,0.2403236752,0.04882625703450962,True,True,False,False,True,-0.04997621087120674,-0.04997621087120674,0.0,"{""0.0000"": 4}"
c3_w2_tcop_cm1_states_L0.4_km0_1042_up0_0000_s137,cm1,stageA,-0.05,-0.1042,0.0,,137,225,9,0,True,,0.40301200000000004,-8.579283449360357e-05,0.32989752572208575,0.0062151977935953895,0.7229233054361562,0.007965819936223906,0.02154420202782139,0.12009567923512032,0.24051794079999997,0.04874513161332114,True,True,False,False,True,-0.04997621087120674,-0.04997621087120674,0.0,"{""0.0000"": 4}"
c3_w2_tcop_cm1_states_L0.4_km0_1042_up0_0000_s137,cm1,stageA,-0.05,-0.1042,0.0,,137,250,10,1,True,,0.40284800000000004,-0.000761729606815888,-0.2753591117184841,-0.02263060342191049,-2.207092038184099,0.0028682668020858252,0.022329358558560584,0.11319405802388471,0.24048057280000001,0.04897069425687163,True,True,False,False,False,-0.04997621087120674,-0.04997621087120674,0.0,"{""0.0000"": 4}"
c3_w2_tcop_cm1_states_L0.4_km0_1042_up0_0000_s137,cm1,stageA,-0.05,-0.1042,0.0,,137,275,11,2,True,,0.403104,0.00038809240596867327,0.7924170865264799,-0.03091828978811793,-2.876384692120558,0.004787332734258508,0.022982879021036986,0.11312217166507352,0.2405253344,0.049387905240048394,True,True,False,False,False,-0.04997621087120674,-0.04997621087120674,0.0,"{""0.0000"": 4}"
c3_w2_tcop_cm1_states_L0.4_km0_1042_up0_0000_s137,cm1,stageA,-0.05,-0.1042,0.0,,137,300,12,0,False,EXITS_PRIMARY_BLOCK_SET,0.403256,0.0005257782083356191,1.0466059337618228,-0.018519026730632566,-1.9209477372122685,0.005750966893090938,0.021622169719896722,0.09324101788134337,0.24056457280000004,0.0484722442641147,True,True,False,False,True,-0.04997621087120674,-0.04997621087120674,0.0,"{""0.0000"": 4}"
c3_w2_tcop_cm1_states_L0.4_km0_1042_up0_0000_s256,cm1,stageA,-0.05,-0.1042,0.0,,256,0,0,0,False,PRE_PRIMARY_PHASE_IMBALANCE,0.40151600000000004,-3.8526691850194224e-05,0.29933667778094425,-0.0017656586009136964,-0.2103431868608884,0.04689517446227913,0.07968876572311591,0.8228812778995575,0.23927713760000002,0.04668513407927624,False,True,False,False,True,-0.04997621087120674,-0.04997621087120674,0.0,"{""0.0000"": 4}"
c3_w2_tcop_cm1_states_L0.4_km0_1042_up0_0000_s256,cm1,stageA,-0.05,-0.1042,0.0,,256,25,1,1,False,PRE_PRIMARY_PHASE_IMBALANCE,0.404116,-8.630209266039933e-05,0.2129365957409748,-0.0006828077618312989,-0.09377691134886021,0.008586710236945728,0.02564605952864956,0.11778796158086309,0.24069884640000003,0.046736479798975016,True,True,False,False,True,-0.04997621087120674,-0.04997621087120674,0.0,"{""0.0000"": 4}"
c3_w2_tcop_cm1_states_L0.4_km0_1042_up0_0000_s256,cm1,stageA,-0.05,-0.1042,0.0,,256,50,2,2,False,PRE_PRIMARY_PHASE_IMBALANCE,0.40291999999999994,0.000636519517293908,1.0060887880779605,0.009283998869673508,1.0504887301319796,0.02381058113801011,0.024607258647380042,0.105231807541865,0.2404771712000001,0.047051818243294276,True,True,False,False,True,-0.04997621087120674,-0.04997621087120674,0.0,"{""0.0000"": 4}"
c3_w2_tcop_cm1_states_L0.4_km0_1042_up0_0000_s256,cm1,stageA,-0.05,-0.1042,0.0,,256,75,3,0,True,,0.4021,-0.00021555193344780288,0.23372360931650737,-0.009931229000208127,-1.094927281434572,0.01677063996683452,0.02507011786982017,0.12235762217767307,0.2403139696,0.04851999587798828,True,True,False,False,True,-0.04997621087120674,-0.04997621087120674,0.0,"{""0.0000"": 4}"
c3_w2_tcop_cm1_states_L0.4_km0_1042_up0_0000_s256,cm1,stageA,-0.05,-0.1042,0.0,,256,100,4,1,True,,0.40194,-0.0004430432113013537,-0.16972889318234577,-0.013658600153941379,-1.5729961267868398,0.005914907045477865,0.025190815219193637,0.12240632899834211,0.24028171679999996,0.049615687035452806,True,True,False,False,True,-0.04997621087120674,-0.04997621087120674,0.0,"{""0.0000"": 4}"
c3_w2_tcop_cm1_states_L0.4_km0_1042_up0_0000_s256,cm1,stageA,-0.05,-0.1042,0.0,,256,125,5,2,True,,0.40240799999999993,-0.0002102181037525362,0.08700984111561068,-0.02628692188623945,-2.6757557781995747,0.01554637478134992,0.024730423422428285,0.13419216284419752,0.24037676480000003,0.04961090138265984,True,True,False,False,False,-0.04997621087120674,-0.04997621087120674,0.0,"{""0.0000"": 4}"
c3_w2_tcop_cm1_states_L0.4_km0_1042_up0_0000_s256,cm1,stageA,-0.05,-0.1042,0.0,,256,150,6,0,True,,0.40379600000000004,-0.0008606074826752577,-0.3684161618704639,-0.02066942481696601,-1.9947474523525972,0.006351366678459234,0.02447220968487071,0.13373089348648598,0.24064714080000002,0.049463020368756286,True,True,False,False,True,-0.04997621087120674,-0.04997621087120674,0.0,"{""0.0000"": 4}"
c3_w2_tcop_cm1_states_L0.4_km0_1042_up0_0000_s256,cm1,stageA,-0.05,-0.1042,0.0,,256,175,7,1,True,,0.40401200000000004,-2.7576377903302077e-05,0.32909783943663823,-0.01815436499562653,-1.7637263163455559,0.010873833710527608,0.023994620157683264,0.13365939592472648,0.240692328,0.04907161965943247,True,True,False,False,True,-0.04997621087120674,-0.04997621087120674,0.0,"{""0.0000"": 4}"
c3_w2_tcop_cm1_states_L0.4_km0_1042_up0_0000_s256,cm1,stageA,-0.05,-0.1042,0.0,,256,200,8,2,True,,0.40341999999999983,-0.00033792569872191007,0.08679475961413519,-0.009911856564644234,-1.036828167078409,0.010641091845439916,0.022744313277018077,0.13385553484245818,0.24058811359999996,0.04869849689672156,True,True,False,False,True,-0.04997621087120674,-0.04997621087120674,0.0,"{""0.0000"": 4}"
c3_w2_tcop_cm1_states_L0.4_km0_1042_up0_0000_s256,cm1,stageA,-0.05,-0.1042,0.0,,256,225,9,0,True,,0.4027920000000001,-0.002044363493697798,-1.5708881147200902,-0.01147830377023567,-1.166127826115993,0.012641435714406346,0.022528421050131198,0.11420286372568747,0.24046826240000002,0.04829787506712898,True,True,False,False,True,-0.04997621087120674,-0.04997621087120674,0.0,"{""0.0000"": 4}"
c3_w2_tcop_cm1_states_L0.4_km0_1042_up0_0000_s256,cm1,stageA,-0.05,-0.1042,0.0,,256,250,10,1,True,,0.40171999999999997,0.00012259247067699687,0.5082379890044606,-0.017637338248047994,-1.5648693578204786,0.011170687886349699,0.02335654868531146,0.1095290249190256,0.24025300480000003,0.049179686863582206,True,True,False,False,True,-0.04997621087120674,-0.04997621087120674,0.0,"{""0.0000"": 4}"
c3_w2_tcop_cm1_states_L0.4_km0_1042_up0_0000_s256,cm1,stageA,-0.05,-0.1042,0.0,,256,275,11,2,True,,0.40178,-0.00046972775861633736,-0.08224083288028555,-0.001574152404396407,-0.11484036912093969,0.001742620372490153,0.022783705853593208,0.11349494720121728,0.2402690352,0.0493800729039559,True,True,False,False,True,-0.04997621087120674,-0.04997621087120674,0.0,"{""0.0000"": 4}"
c3_w2_tcop_cm1_states_L0.4_km0_1042_up0_0000_s256,cm1,stageA,-0.05,-0.1042,0.0,,256,300,12,0,False,EXITS_PRIMARY_BLOCK_SET,0.4018,0.00011639621588493055,0.4656730432293889,-0.0008852721360595246,-0.010151981997877518,0.004934291326260577,0.02210615217669707,0.11050273740541876,0.2402778656,0.048472260108230976,True,True,False,False,True,-0.04997621087120674,-0.04997621087120674,0.0,"{""0.0000"": 4}"
c3_w2_tcop_cm1_states_L0.4_km0_1042_up0_0000_s1024,cm1,stageA,-0.05,-0.1042,0.0,,1024,0,0,0,False,PRE_PRIMARY_PHASE_IMBALANCE,0.39952000000000004,-0.00011039800888650413,0.31649850465329804,-0.0028950040228343786,-0.23373193761277683,0.03657914841199855,0.07873773018027051,0.8279935902383018,0.23891420800000007,0.048359586433301925,False,True,False,False,True,-0.04997621087120674,-0.04997621087120674,0.0,"{""0.0000"": 4}"
c3_w2_tcop_cm1_states_L0.4_km0_1042_up0_0000_s1024,cm1,stageA,-0.05,-0.1042,0.0,,1024,25,1,1,False,PRE_PRIMARY_PHASE_IMBALANCE,0.4026240000000001,0.0009448917549251464,1.2616397964555566,-0.00800049345855355,-0.748373781496327,0.007670056447731369,0.02145799472458381,0.09934827506718848,0.24044327360000003,0.04888020687353931,True,True,False,False,True,-0.04997621087120674,-0.04997621087120674,0.0,"{""0.0000"": 4}"
c3_w2_tcop_cm1_states_L0.4_km0_1042_up0_0000_s1024,cm1,stageA,-0.05,-0.1042,0.0,,1024,50,2,2,False,PRE_PRIMARY_PHASE_IMBALANCE,0.402896,0.0007370852539733523,1.1308248183869805,-0.010495627337786391,-1.2430230968692244,0.011260805970047666,0.02131617155744472,0.09828839179766385,0.240497056,0.049055205473017845,True,True,False,False,True,-0.04997621087120674,-0.04997621087120674,0.0,"{""0.0000"": 4}"
c3_w2_tcop_cm1_states_L0.4_km0_1042_up0_0000_s1024,cm1,stageA,-0.05,-0.1042,0.0,,1024,75,3,0,True,,0.4044119999999999,-9.336794878988916e-05,0.40030380540079086,-0.013818180928632975,-1.3272494617774089,0.010781173636833462,0.023447264073041853,0.12363629139680254,0.24077301919999997,0.04838940231083662,True,True,False,False,True,-0.04997621087120674,-0.04997621087120674,0.0,"{""0.0000"": 4}"
c3_w2_tcop_cm1_states_L0.4_km0_1042_up0_0000_s1024,cm1,stageA,-0.05,-0.1042,0.0,,1024,100,4,1,True,,0.4036040000000001,-1.680251891679459e-05,0.4146207325833198,-0.016133184237889207,-1.6523906483904691,0.01656898522884833,0.02461787684354042,0.1238838065928885,0.2406090896,0.04889428580110359,True,True,False,False,True,-0.04997621087120674,-0.04997621087120674,0.0,"{""0.0000"": 4}"
c3_w2_tcop_cm1_states_L0.4_km0_1042_up0_0000_s1024,cm1,stageA,-0.05,-0.1042,0.0,,1024,125,5,2,True,,0.4023840000000001,-0.0005621340024702916,-0.24974382071918674,-0.005304129277744154,-0.5299012810513384,0.02135487311765315,0.02566059413016151,0.1252534888930636,0.2403645024,0.048881044833350276,True,True,False,False,True,-0.04997621087120674,-0.04997621087120674,0.0,"{""0.0000"": 4}"
c3_w2_tcop_cm1_states_L0.4_km0_1042_up0_0000_s1024,cm1,stageA,-0.05,-0.1042,0.0,,1024,150,6,0,True,,0.40230399999999994,-0.0012550761893777853,-0.7507208024260268,0.006728420856557315,0.7638191860126382,0.011828656587453034,0.026063655911124674,0.12527839612512331,0.24034554559999996,0.04887342410758632,True,True,False,False,True,-0.04997621087120674,-0.04997621087120674,0.0,"{""0.0000"": 4}"
c3_w2_tcop_cm1_states_L0.4_km0_1042_up0_0000_s1024,cm1,stageA,-0.05,-0.1042,0.0,,1024,175,7,1,True,,0.4011840000000001,-0.0005862715482442652,-0.17858898464800957,-0.0066136745966641685,-0.6022611161217025,0.010338435109918886,0.02410092629657197,0.11366355559129093,0.24014191040000005,0.048787274406344935,True,True,False,False,True,-0.04997621087120674,-0.04997621087120674,0.0,"{""0.0000"": 4}"
c3_w2_tcop_cm1_states_L0.4_km0_1042_up0_0000_s1024,cm1,stageA,-0.05,-0.1042,0.0,,1024,200,8,2,True,,0.401888,-0.0009103017138322549,-0.5284856961056315,-0.0008678335741566363,-0.2255746876850542,0.0019123657680077141,0.02291490826975826,0.12043156272286913,0.24028922560000002,0.050057121930850164,True,True,False,False,True,-0.04997621087120674,-0.04997621087120674,0.0,"{""0.0000"": 4}"
c3_w2_tcop_cm1_states_L0.4_km0_1042_up0_0000_s1024,cm1,stageA,-0.05,-0.1042,0.0,,1024,225,9,0,True,,0.402316,-0.0009697522299403836,-0.6288443572447764,-0.012619990814442919,-1.165496207563738,0.006767297975866366,0.021591474435965485,0.10837252282192965,0.24038237919999997,0.04953338413635798,True,True,False,False,True,-0.04997621087120674,-0.04997621087120674,0.0,"{""0.0000"": 4}"
c3_w2_tcop_cm1_states_L0.4_km0_1042_up0_0000_s1024,cm1,stageA,-0.05,-0.1042,0.0,,1024,250,10,1,True,,0.40267200000000003,-0.0002973974890037917,0.0998326763806031,-0.01995612325122385,-2.0842237012129345,0.004419323790519079,0.022053529200502266,0.12317717615533932,0.24044840000000003,0.049984601788950964,True,True,False,False,False,-0.04997621087120674,-0.04997621087120674,0.0,"{""0.0000"": 4}"
c3_w2_tcop_cm1_states_L0.4_km0_1042_up0_0000_s1024,cm1,stageA,-0.05,-0.1042,0.0,,1024,275,11,2,True,,0.40318400000000004,-0.0006636266618494539,-0.24477836645777276,-0.02098952938837059,-2.097469737489447,0.007927297730153179,0.022467973634838455,0.12302075448673364,0.24054460160000002,0.049801427128145635,True,True,False,False,False,-0.04997621087120674,-0.04997621087120674,0.0,"{""0.0000"": 4}"
c3_w2_tcop_cm1_states_L0.4_km0_1042_up0_0000_s1024,cm1,stageA,-0.05,-0.1042,0.0,,1024,300,12,0,False,EXITS_PRIMARY_BLOCK_SET,0.40346,-0.00048073162275208636,-0.0717232175518565,-0.012646214808434066,-1.2050015348010061,0.002931141270249179,0.02383643320301832,0.12293659811892971,0.2405875408,0.049464213326403966,True,True,False,False,True,-0.04997621087120674,-0.04997621087120674,0.0,"{""0.0000"": 4}"
c3_w2_tcop_cm1_states_L0.4_km0_1042_up0_0000_s31415,cm1,stageA,-0.05,-0.1042,0.0,,31415,0,0,0,False,PRE_PRIMARY_PHASE_IMBALANCE,0.3982840000000001,-0.0015489937638012412,-1.0214187401680266,0.005665048288497134,0.5334166417686286,0.0532672201114976,0.08011125130698947,0.8295588052004126,0.23863579680000002,0.04826235949474497,False,True,False,False,True,-0.04997621087120674,-0.04997621087120674,0.0,"{""0.0000"": 4}"
c3_w2_tcop_cm1_states_L0.4_km0_1042_up0_0000_s31415,cm1,stageA,-0.05,-0.1042,0.0,,31415,25,1,1,False,PRE_PRIMARY_PHASE_IMBALANCE,0.40227199999999996,-0.00041425211186240545,-0.0733149550705349,-0.0032101530728872707,-0.34625165394355417,0.003435631121193425,0.024163320175593007,0.13423753049121606,0.24035475520000002,0.04910924572827401,True,True,False,False,True,-0.04997621087120674,-0.04997621087120674,0.0,"{""0.0000"": 4}"
c3_w2_tcop_cm1_states_L0.4_km0_1042_up0_0000_s31415,cm1,stageA,-0.05,-0.1042,0.0,,31415,50,2,2,False,PRE_PRIMARY_PHASE_IMBALANCE,0.4022119999999999,-3.168452850405659e-05,0.35242888345730455,-0.018151584938557456,-1.824623430931713,0.008363590308781789,0.02446893635373095,0.12829055292161703,0.240340648,0.04889363001455302,True,True,False,False,True,-0.04997621087120674,-0.04997621087120674,0.0,"{""0.0000"": 4}"
c3_w2_tcop_cm1_states_L0.4_km0_1042_up0_0000_s31415,cm1,stageA,-0.05,-0.1042,0.0,,31415,75,3,0,True,,0.4017160000000001,4.665471503259814e-05,0.4365189654232036,-0.021694617700042114,-2.2447338439994593,0.0020619612617401293,0.02458150338434565,0.12147885540660837,0.24024274400000004,0.04922332113947615,True,True,False,False,False,-0.04997621087120674,-0.04997621087120674,0.0,"{""0.0000"": 4}"
c3_w2_tcop_cm1_states_L0.4_km0_1042_up0_0000_s31415,cm1,stageA,-0.05,-0.1042,0.0,,31415,100,4,1,True,,0.401864,-0.00020232067762025554,0.21612158726191638,-0.0205817233145317,-2.03798539176268,0.0012291954385323513,0.02596509848946683,0.12143411671253418,0.24026044800000004,0.048415343683588574,True,True,False,False,False,-0.04997621087120674,-0.04997621087120674,0.0,"{""0.0000"": 4}"
c3_w2_tcop_cm1_states_L0.4_km0_1042_up0_0000_s31415,cm1,stageA,-0.05,-0.1042,0.0,,31415,125,5,2,True,,0.401608,0.0006605873882771467,1.1681991789676178,-0.010884043615201231,-1.126019610914785,0.002623716081137101,0.02560077327868869,0.11553554681297296,0.24021330559999998,0.048294661568334854,True,True,False,False,True,-0.04997621087120674,-0.04997621087120674,0.0,"{""0.0000"": 4}"
c3_w2_tcop_cm1_states_L0.4_km0_1042_up0_0000_s31415,cm1,stageA,-0.05,-0.1042,0.0,,31415,150,6,0,True,,0.40158,0.00011506041425403997,0.630163135261271,-0.01402873202731739,-1.4544780382034714,0.0070367114229334116,0.024358385112036102,0.11155934032681075,0.24021781920000002,0.04804022897530777,True,True,False,False,True,-0.04997621087120674,-0.04997621087120674,0.0,"{""0.0000"": 4}"
c3_w2_tcop_cm1_states_L0.4_km0_1042_up0_0000_s31415,cm1,stageA,-0.05,-0.1042,0.0,,31415,175,7,1,True,,0.40210799999999997,-1.1740291650461019e-05,0.4021706863781099,-0.012194247848228194,-1.1181296468320105,0.005111376862539181,0.025112795630613558,0.1452346132252166,0.24031518559999998,0.04953701985384264,True,True,False,False,True,-0.04997621087120674,-0.04997621087120674,0.0,"{""0.0000"": 4}"
c3_w2_tcop_cm1_states_L0.4_km0_1042_up0_0000_s31415,cm1,stageA,-0.05,-0.1042,0.0,,31415,200,8,2,True,,0.4017720000000001,0.0016710271622821726,1.9909201900532623,-0.015948381144167186,-1.6319377634875512,0.0011297088582807324,0.02362014090327708,0.14535607223660166,0.2402612016,0.0488256081989769,True,True,False,False,True,-0.04997621087120674,-0.04997621087120674,0.0,"{""0.0000"": 4}"
c3_w2_tcop_cm1_states_L0.4_km0_1042_up0_0000_s31415,cm1,stageA,-0.05,-0.1042,0.0,,31415,225,9,0,True,,0.40197199999999994,1.6443271753794325e-05,0.3828775906861543,-0.014134743234326426,-1.2542293527053776,0.002987372456342485,0.02299303086338718,0.14528375074561478,0.24030508639999998,0.04847835822302566,True,True,False,False,True,-0.04997621087120674,-0.04997621087120674,0.0,"{""0.0000"": 4}"
c3_w2_tcop_cm1_states_L0.4_km0_1042_up0_0000_s31415,cm1,stageA,-0.05,-0.1042,0.0,,31415,250,10,1,True,,0.402888,-0.0008970196420981616,-0.4821296018254939,-0.00828665374514378,-0.872987355516581,0.0012320288410962753,0.023961446703756814,0.1449534358309172,0.24047606400000002,0.04926316530634222,True,True,False,False,True,-0.04997621087120674,-0.04997621087120674,0.0,"{""0.0000"": 4}"
c3_w2_tcop_cm1_states_L0.4_km0_1042_up0_0000_s31415,cm1,stageA,-0.05,-0.1042,0.0,,31415,275,11,2,True,,0.4020120000000001,-0.0010191828772417712,-0.6608837703952535,-0.01740807867802353,-1.7187609658723915,0.0018335614597011047,0.02209088943696993,0.12934937233378754,0.2403194832,0.04911203371883514,True,True,False,False,True,-0.04997621087120674,-0.04997621087120674,0.0,"{""0.0000"": 4}"
c3_w2_tcop_cm1_states_L0.4_km0_1042_up0_0000_s31415,cm1,stageA,-0.05,-0.1042,0.0,,31415,300,12,0,False,EXITS_PRIMARY_BLOCK_SET,0.403416,-0.0022269875512529037,-1.849715878997424,-0.014152525228859405,-1.2962899695505021,0.0072254235774561444,0.022696527645077753,0.12889920050543555,0.24058769600000002,0.04905681343095982,True,True,False,False,True,-0.04997621087120674,-0.04997621087120674,0.0,"{""0.0000"": 4}"
c3_w2_tcop_cm1_states_L0.4_kp0_2090_up0_0000_s42,cm1,stageA,0.1,0.209,0.0,,42,0,0,0,False,PRE_PRIMARY_PHASE_IMBALANCE,0.3897,-8.007933625437748e-05,0.22884512821767414,0.008401585618301146,0.7578952912206779,0.049133781612369774,0.07875517341049151,0.8078008703931205,0.2368919792,0.05055165674832032,False,True,False,False,True,0.09999977978965197,0.09999977978965197,0.0,"{""0.0000"": 4}"
c3_w2_tcop_cm1_states_L0.4_kp0_2090_up0_0000_s42,cm1,stageA,0.1,0.209,0.0,,42,25,1,1,False,PRE_PRIMARY_PHASE_IMBALANCE,0.39307999999999993,0.000527053914580281,1.006836283260547,0.009691950135707186,0.9734457723339377,0.0013458148467094778,0.022286004437294525,0.11600691941587747,0.23849137280000002,0.04994190224651039,True,True,False,False,True,0.09999977978965197,0.09999977978965197,0.0,"{""0.0000"": 4}"
c3_w2_tcop_cm1_states_L0.4_kp0_2090_up0_0000_s42,cm1,stageA,0.1,0.209,0.0,,42,50,2,2,False,PRE_PRIMARY_PHASE_IMBALANCE,0.3935680000000001,0.0011215988222488362,1.5959962240897259,0.015040569515322432,1.4896018677724967,0.009711516699807549,0.023492991667563915,0.1189121063732008,0.2385867392,0.0502241911433126,True,True,False,False,True,0.09999977978965197,0.09999977978965197,0.0,"{""0.0000"": 4}"
c3_w2_tcop_cm1_states_L0.4_kp0_2090_up0_0000_s42,cm1,stageA,0.1,0.209,0.0,,42,75,3,0,True,,0.39355199999999996,0.0006579943541493016,1.0514061179872003,-0.0005872046504565003,-0.01944773560165912,0.006285541332406895,0.023686015558471593,0.11891694078821367,0.2385819296,0.049807060704281675,True,True,False,False,True,0.09999977978965197,0.09999977978965197,0.0,"{""0.0000"": 4}"
c3_w2_tcop_cm1_states_L0.4_kp0_2090_up0_0000_s42,cm1,stageA,0.1,0.209,0.0,,42,100,4,1,True,,0.39337200000000005,0.0008703770529676473,1.1922618676309582,-0.00031866858139183466,-0.06880889251732536,0.0038739726959852393,0.02585288018856877,0.1260892993754275,0.23852704480000003,0.04980230532816729,True,True,False,False,True,0.09999977978965197,0.09999977978965197,0.0,"{""0.0000"": 4}"
c3_w2_tcop_cm1_states_L0.4_kp0_2090_up0_0000_s42,cm1,stageA,0.1,0.209,0.0,,42,125,5,2,True,,0.39313599999999993,-0.00023115591173798487,0.06256047479495887,0.011264791951518577,1.0299112521822067,0.009924886484812656,0.02547744854305509,0.12616499092892788,0.23847976320000006,0.050109535060704764,True,True,False,False,True,0.09999977978965197,0.09999977978965197,0.0,"{""0.0000"": 4}"
c3_w2_tcop_cm1_states_L0.4_kp0_2090_up0_0000_s42,cm1,stageA,0.1,0.209,0.0,,42,150,6,0,True,,0.39291599999999993,-0.00019498222384812717,0.1908147856571344,0.013800869580130826,1.4901409421362848,0.00563779920520956,0.026008723955328467,0.14354213077720906,0.238428584,0.04935440146532019,True,True,False,False,True,0.09999977978965197,0.09999977978965197,0.0,"{""0.0000"": 4}"
c3_w2_tcop_cm1_states_L0.4_kp0_2090_up0_0000_s42,cm1,stageA,0.1,0.209,0.0,,42,175,7,1,True,,0.393364,0.00032449841559325273,0.6762749136277052,0.023248400827277062,2.325333944204202,0.0031930873220916687,0.025931615196228604,0.14337865146943124,0.238524712,0.04987187086925855,True,True,False,False,False,0.09999977978965197,0.09999977978965197,0.0,"{""0.0000"": 4}"
c3_w2_tcop_cm1_states_L0.4_kp0_2090_up0_0000_s42,cm1,stageA,0.1,0.209,0.0,,42,200,8,2,True,,0.39270000000000005,0.0003052424964088887,0.7115647832026601,0.023256379396282372,2.3013823990057305,0.0038182580574890766,0.025752537008991553,0.14463967368311773,0.23838443680000004,0.04967605056765282,True,True,False,False,False,0.09999977978965197,0.09999977978965197,0.0,"{""0.0000"": 4}"
c3_w2_tcop_cm1_states_L0.4_kp0_2090_up0_0000_s42,cm1,stageA,0.1,0.209,0.0,,42,225,9,0,True,,0.394028,0.000547889079433018,0.9221608329906797,0.024024561426663045,2.7650654288590286,0.0043414454322153505,0.025687768957384196,0.14415219186415135,0.23866748639999996,0.04931424962422119,True,True,False,False,False,0.09999977978965197,0.09999977978965197,0.0,"{""0.0000"": 4}"
c3_w2_tcop_cm1_states_L0.4_kp0_2090_up0_0000_s42,cm1,stageA,0.1,0.209,0.0,,42,250,10,1,True,,0.3938640000000001,-0.0007908133089160554,-0.46443750398773004,0.00862892322795559,0.8844509770645959,0.005763783968419439,0.02530288887569125,0.11780716156387198,0.23863583039999997,0.05005466515720588,True,True,False,False,True,0.09999977978965197,0.09999977978965197,0.0,"{""0.0000"": 4}"
c3_w2_tcop_cm1_states_L0.4_kp0_2090_up0_0000_s42,cm1,stageA,0.1,0.209,0.0,,42,275,11,2,True,,0.393204,-0.000831141724859031,-0.4123234051713286,-0.001383330057969399,-0.12547907942927536,0.005274736267855242,0.02576339674002659,0.12716045582659263,0.238491992,0.04910493237954819,True,True,False,False,True,0.09999977978965197,0.09999977978965197,0.0,"{""0.0000"": 4}"
c3_w2_tcop_cm1_states_L0.4_kp0_2090_up0_0000_s42,cm1,stageA,0.1,0.209,0.0,,42,300,12,0,False,EXITS_PRIMARY_BLOCK_SET,0.39415200000000006,-0.0019054385349616598,-1.5841953459084168,0.008152317640982641,0.8283656428645445,0.01261406049723099,0.024088979252634497,0.1268546141416138,0.2387060512,0.049008987910382315,True,True,False,False,True,0.09999977978965197,0.09999977978965197,0.0,"{""0.0000"": 4}"
c3_w2_tcop_cm1_states_L0.4_kp0_2090_up0_0000_s137,cm1,stageA,0.1,0.209,0.0,,137,0,0,0,False,PRE_PRIMARY_PHASE_IMBALANCE,0.390732,0.0005538594360311341,0.9946501174212056,0.012898666997797488,1.282230102596317,0.040746680749115555,0.07865179039327433,0.7964538333270532,0.23711606240000002,0.049208781492737656,False,True,False,False,True,0.09999977978965197,0.09999977978965197,0.0,"{""0.0000"": 4}"
c3_w2_tcop_cm1_states_L0.4_kp0_2090_up0_0000_s137,cm1,stageA,0.1,0.209,0.0,,137,25,1,1,False,PRE_PRIMARY_PHASE_IMBALANCE,0.39289999999999997,0.0005390629992635384,0.9972389415977042,0.0070187399123581564,0.7970310817096612,0.0014789974760294584,0.024429190579999455,0.09366250930602568,0.23843746400000004,0.04934480722426626,True,True,False,False,True,0.09999977978965197,0.09999977978965197,0.0,"{""0.0000"": 4}"
c3_w2_tcop_cm1_states_L0.4_kp0_2090_up0_0000_s137,cm1,stageA,0.1,0.209,0.0,,137,50,2,2,False,PRE_PRIMARY_PHASE_IMBALANCE,0.39272000000000007,0.0018382117117793928,2.1776269858221666,0.00831837161145289,0.8483465150823307,0.0005280625828726985,0.02529215150074759,0.1069464246614728,0.23839234239999998,0.050449594646538046,True,True,False,False,False,0.09999977978965197,0.09999977978965197,0.0,"{""0.0000"": 4}"
c3_w2_tcop_cm1_states_L0.4_kp0_2090_up0_0000_s137,cm1,stageA,0.1,0.209,0.0,,137,75,3,0,True,,0.39313999999999993,0.0022867568318180455,2.554615240572739,0.008876027863876602,0.9088586630988142,0.004076512845169564,0.02570600184077091,0.10683217147369352,0.238478808,0.04901041113885906,True,True,False,False,False,0.09999977978965197,0.09999977978965197,0.0,"{""0.0000"": 4}"
c3_w2_tcop_cm1_states_L0.4_kp0_2090_up0_0000_s137,cm1,stageA,0.1,0.209,0.0,,137,100,4,1,True,,0.393168,0.0018269036654246546,2.2102461557400366,0.014618182459106588,1.5773613536920519,0.008740954649477162,0.024519700978758063,0.10682456327365267,0.2384939872,0.048843052484462926,True,True,False,False,False,0.09999977978965197,0.09999977978965197,0.0,"{""0.0000"": 4}"
c3_w2_tcop_cm1_states_L0.4_kp0_2090_up0_0000_s137,cm1,stageA,0.1,0.209,0.0,,137,125,5,2,True,,0.39315200000000006,0.001279174562176169,1.8928796270574388,0.02800630867257592,2.6533158229231217,0.0021660964673965956,0.023220452392863203,0.10479407428985718,0.23850016319999998,0.048498916441504135,True,True,False,False,False,0.09999977978965197,0.09999977978965197,0.0,"{""0.0000"": 4}"
c3_w2_tcop_cm1_states_L0.4_kp0_2090_up0_0000_s137,cm1,stageA,0.1,0.209,0.0,,137,150,6,0,True,,0.39333599999999996,0.0016624004189646836,2.1007339220623127,0.019499012944625135,2.19172122436888,0.0021040605440944015,0.021750785457608134,0.09966034103244979,0.23854959679999996,0.048923523012963814,True,True,False,False,False,0.09999977978965197,0.09999977978965197,0.0,"{""0.0000"": 4}"
c3_w2_tcop_cm1_states_L0.4_kp0_2090_up0_0000_s137,cm1,stageA,0.1,0.209,0.0,,137,175,7,1,True,,0.3935039999999999,0.00044696815260379907,0.7757790007993242,0.01905580069607877,2.1250262943095417,0.00015493132586861567,0.020070369817492047,0.0925022360827279,0.23859622719999998,0.049727678248637344,True,True,False,False,False,0.09999977978965197,0.09999977978965197,0.0,"{""0.0000"": 4}"
c3_w2_tcop_cm1_states_L0.4_kp0_2090_up0_0000_s137,cm1,stageA,0.1,0.209,0.0,,137,200,8,2,True,,0.3926760000000001,0.0005048369307044775,0.880201422668475,0.02486845419334422,2.505896527739962,0.0008025739142421557,0.023866765676917465,0.13955525639571745,0.23839372639999998,0.0490860369555335,True,True,False,False,False,0.09999977978965197,0.09999977978965197,0.0,"{""0.0000"": 4}"
c3_w2_tcop_cm1_states_L0.4_kp0_2090_up0_0000_s137,cm1,stageA,0.1,0.209,0.0,,137,225,9,0,True,,0.39325999999999994,0.0009108824873500295,1.4592696712847024,0.030830667660972,3.2411130699151833,0.00345882118227968,0.02215326174383362,0.13934801368217467,0.23853067359999996,0.04905886668075406,True,True,False,False,False,0.09999977978965197,0.09999977978965197,0.0,"{""0.0000"": 4}"
c3_w2_tcop_cm1_states_L0.4_kp0_2090_up0_0000_s137,cm1,stageA,0.1,0.209,0.0,,137,250,10,1,True,,0.39305200000000007,6.422284948445088e-05,0.4698852366789658,0.0016259110125217933,0.12061961043863523,0.002886624305332014,0.022408155556181607,0.1394217555452669,0.238484552,0.04944659033745401,True,True,False,False,True,0.09999977978965197,0.09999977978965197,0.0,"{""0.0000"": 4}"
c3_w2_tcop_cm1_states_L0.4_kp0_2090_up0_0000_s137,cm1,stageA,0.1,0.209,0.0,,137,275,11,2,True,,0.393064,0.0009272598468765969,1.42798291848987,-0.006787639395993367,-0.40881449629911476,0.008641899724539463,0.023509260857985395,0.13941749908560058,0.2384793024,0.05008684362185343,True,True,False,False,True,0.09999977978965197,0.09999977978965197,0.0,"{""0.0000"": 4}"
c3_w2_tcop_cm1_states_L0.4_kp0_2090_up0_0000_s137,cm1,stageA,0.1,0.209,0.0,,137,300,12,0,False,EXITS_PRIMARY_BLOCK_SET,0.39344,0.0011300879894609987,1.7022895364062105,0.00417961896216061,0.47945951959451644,0.004472997105341504,0.021487676403826914,0.09963399730674566,0.2385734944,0.048953921191259034,True,True,False,False,True,0.09999977978965197,0.09999977978965197,0.0,"{""0.0000"": 4}"
c3_w2_tcop_cm1_states_L0.4_kp0_2090_up0_0000_s256,cm1,stageA,0.1,0.209,0.0,,256,0,0,0,False,PRE_PRIMARY_PHASE_IMBALANCE,0.39184399999999997,-0.0005360681001695148,-0.1732967296940391,0.019110295834228193,1.8976006441147415,0.057119665332889126,0.07969637299456908,0.8115474504865521,0.23732705759999997,0.047972488615872326,False,True,False,False,True,0.09999977978965197,0.09999977978965197,0.0,"{""0.0000"": 4}"
c3_w2_tcop_cm1_states_L0.4_kp0_2090_up0_0000_s256,cm1,stageA,0.1,0.209,0.0,,256,25,1,1,False,PRE_PRIMARY_PHASE_IMBALANCE,0.3949000000000001,-0.00024979187556894907,0.049459586784431714,0.020795375456048662,1.8607305042099551,0.01019600564717133,0.026268443366349627,0.11851101514684471,0.23884638239999997,0.04749515764791185,True,True,False,False,True,0.09999977978965197,0.09999977978965197,0.0,"{""0.0000"": 4}"
c3_w2_tcop_cm1_states_L0.4_kp0_2090_up0_0000_s256,cm1,stageA,0.1,0.209,0.0,,256,50,2,2,False,PRE_PRIMARY_PHASE_IMBALANCE,0.3937280000000001,0.0007181646860039413,1.039699126413787,0.03596549988665292,3.6998059281317324,0.028903247858666953,0.025300886157501833,0.11378413495158043,0.23860702720000002,0.047565765167817915,True,True,False,False,False,0.09999977978965197,0.09999977978965197,0.0,"{""0.0000"": 4}"
c3_w2_tcop_cm1_states_L0.4_kp0_2090_up0_0000_s256,cm1,stageA,0.1,0.209,0.0,,256,75,3,0,True,,0.392788,3.3981389931545153e-06,0.44829483275316323,0.013959126587300764,1.4187228006790957,0.017175561927268636,0.025689135889901786,0.13035021403314206,0.23840377120000003,0.048876446843034736,True,True,False,False,True,0.09999977978965197,0.09999977978965197,0.0,"{""0.0000"": 4}"
c3_w2_tcop_cm1_states_L0.4_kp0_2090_up0_0000_s256,cm1,stageA,0.1,0.209,0.0,,256,100,4,1,True,,0.39257600000000004,-0.00015946281850061472,0.056077745563629995,0.004783771078422773,0.4238310546715234,0.007500750055900764,0.02616452311782814,0.1304206061236026,0.23835457920000003,0.05009355471515272,True,True,False,False,True,0.09999977978965197,0.09999977978965197,0.0,"{""0.0000"": 4}"
c3_w2_tcop_cm1_states_L0.4_kp0_2090_up0_0000_s256,cm1,stageA,0.1,0.209,0.0,,256,125,5,2,True,,0.39321200000000006,0.0002041015917961423,0.5664156513198982,-0.00258393174820995,-0.24278031253527416,0.016928744905132877,0.025690856466228068,0.1373304982113198,0.2384942736,0.04983375418328424,True,True,False,False,True,0.09999977978965197,0.09999977978965197,0.0,"{""0.0000"": 4}"
c3_w2_tcop_cm1_states_L0.4_kp0_2090_up0_0000_s256,cm1,stageA,0.1,0.209,0.0,,256,150,6,0,True,,0.394516,-0.00047884367177511455,0.035713268644493534,0.008329594146295017,0.8741697415640343,0.00371063882561951,0.025337898729386323,0.1368765775358247,0.23877320159999996,0.04988191800642794,True,True,False,False,True,0.09999977978965197,0.09999977978965197,0.0,"{""0.0000"": 4}"
c3_w2_tcop_cm1_states_L0.4_kp0_2090_up0_0000_s256,cm1,stageA,0.1,0.209,0.0,,256,175,7,1,True,,0.394488,0.0005484896731659489,0.9497312109431207,0.011361250172892245,1.3107679704241297,0.013674178723482094,0.024847739988880176,0.1389142378502913,0.23877113599999997,0.05007452302319015,True,True,False,False,True,0.09999977978965197,0.09999977978965197,0.0,"{""0.0000"": 4}"
c3_w2_tcop_cm1_states_L0.4_kp0_2090_up0_0000_s256,cm1,stageA,0.1,0.209,0.0,,256,200,8,2,True,,0.39376399999999995,0.0002489968902393749,0.6080125853186977,0.0066860823451224405,0.6055545971626534,0.012992837329386091,0.024209375343052394,0.13916965456677174,0.23862303840000001,0.049559986924937745,True,True,False,False,True,0.09999977978965197,0.09999977978965197,0.0,"{""0.0000"": 4}"
c3_w2_tcop_cm1_states_L0.4_kp0_2090_up0_0000_s256,cm1,stageA,0.1,0.209,0.0,,256,225,9,0,True,,0.39310800000000007,-0.0014448195513971404,-1.0017430131173777,0.008462662476488749,0.8879003690596762,0.010039771923816148,0.02431150315270027,0.11294606033724555,0.23848276320000003,0.04889315224037002,True,True,False,False,True,0.09999977978965197,0.09999977978965197,0.0,"{""0.0000"": 4}"
c3_w2_tcop_cm1_states_L0.4_kp0_2090_up0_0000_s256,cm1,stageA,0.1,0.209,0.0,,256,250,10,1,True,,0.39203999999999994,0.0005756555406586914,1.0110422301799586,0.0012343895616718696,0.26277503144694025,0.009946510389367981,0.024842046491894868,0.11325374932850282,0.2382497888,0.04953138802819884,True,True,False,False,True,0.09999977978965197,0.09999977978965197,0.0,"{""0.0000"": 4}"
c3_w2_tcop_cm1_states_L0.4_kp0_2090_up0_0000_s256,cm1,stageA,0.1,0.209,0.0,,256,275,11,2,True,,0.3922880000000001,-0.00010036204214240145,0.38065583706791084,0.016771556249905156,1.6385669797553513,0.00035977168063139727,0.024337652534225634,0.11828044671700265,0.2383069728,0.05013466920206016,True,True,False,False,True,0.09999977978965197,0.09999977978965197,0.0,"{""0.0000"": 4}"
c3_w2_tcop_cm1_states_L0.4_kp0_2090_up0_0000_s256,cm1,stageA,0.1,0.209,0.0,,256,300,12,0,False,EXITS_PRIMARY_BLOCK_SET,0.39239199999999996,0.00020410607435382706,0.5210272937476499,0.018424372937322537,1.8319287538436593,0.006140188714228031,0.02361419315744314,0.11315215368011554,0.23833465920000002,0.04956246902647203,True,True,False,False,True,0.09999977978965197,0.09999977978965197,0.0,"{""0.0000"": 4}"
c3_w2_tcop_cm1_states_L0.4_kp0_2090_up0_0000_s1024,cm1,stageA,0.1,0.209,0.0,,1024,0,0,0,False,PRE_PRIMARY_PHASE_IMBALANCE,0.38952800000000004,0.00010329894587370408,0.49124292229989924,0.01659531288678886,1.6982715176773753,0.04160651005438019,0.0783170269233708,0.8245877040300371,0.23686527999999998,0.0487731198099937,False,True,False,False,True,0.09999977978965197,0.09999977978965197,0.0,"{""0.0000"": 4}"
c3_w2_tcop_cm1_states_L0.4_kp0_2090_up0_0000_s1024,cm1,stageA,0.1,0.209,0.0,,1024,25,1,1,False,PRE_PRIMARY_PHASE_IMBALANCE,0.39282399999999995,0.0011576496634409673,1.4774303241955022,0.013545606993890355,1.2653303584672113,0.004621768398911321,0.021464358959102498,0.10997291379861492,0.2384422112,0.04893367985345063,True,True,False,False,True,0.09999977978965197,0.09999977978965197,0.0,"{""0.0000"": 4}"
c3_w2_tcop_cm1_states_L0.4_kp0_2090_up0_0000_s1024,cm1,stageA,0.1,0.209,0.0,,1024,50,2,2,False,PRE_PRIMARY_PHASE_IMBALANCE,0.39299999999999996,0.0008658747007121765,1.275613855541738,0.008896724033071976,0.8782635027347634,0.011220664022587016,0.020751131406551368,0.10992366384243347,0.2384844928,0.04933031522299447,True,True,False,False,True,0.09999977978965197,0.09999977978965197,0.0,"{""0.0000"": 4}"
c3_w2_tcop_cm1_states_L0.4_kp0_2090_up0_0000_s1024,cm1,stageA,0.1,0.209,0.0,,1024,75,3,0,True,,0.3949400000000001,-2.803170138298592e-05,0.4583392519625128,0.00814438575493508,0.7903187643533786,0.015873770453279146,0.023693471520610222,0.13369119326051754,0.2388748336,0.04868794922770932,True,True,False,False,True,0.09999977978965197,0.09999977978965197,0.0,"{""0.0000"": 4}"
c3_w2_tcop_cm1_states_L0.4_kp0_2090_up0_0000_s1024,cm1,stageA,0.1,0.209,0.0,,1024,100,4,1,True,,0.39421599999999996,0.00041992712664920323,0.8465488908057001,0.00563950209512062,0.4991031228999481,0.013180691780089853,0.024798479569366587,0.13393672470438361,0.238714176,0.04949490220214603,True,True,False,False,True,0.09999977978965197,0.09999977978965197,0.0,"{""0.0000"": 4}"
c3_w2_tcop_cm1_states_L0.4_kp0_2090_up0_0000_s1024,cm1,stageA,0.1,0.209,0.0,,1024,125,5,2,True,,0.39320399999999994,-5.332654876801009e-06,0.25135725640970197,0.024027802660483533,2.430405638997148,0.02301386784335234,0.026444872948671164,0.14241971052578378,0.23848649119999998,0.04935275457357978,True,True,False,False,False,0.09999977978965197,0.09999977978965197,0.0,"{""0.0000"": 4}"
c3_w2_tcop_cm1_states_L0.4_kp0_2090_up0_0000_s1024,cm1,stageA,0.1,0.209,0.0,,1024,150,6,0,True,,0.39342000000000005,-0.00033237286760195257,0.15540685331143886,0.03744078777923126,3.7241404291024978,0.014209747917478427,0.027400836455408195,0.1423415176088111,0.2385244944,0.04936338319037705,True,True,False,False,False,0.09999977978965197,0.09999977978965197,0.0,"{""0.0000"": 4}"
c3_w2_tcop_cm1_states_L0.4_kp0_2090_up0_0000_s1024,cm1,stageA,0.1,0.209,0.0,,1024,175,7,1,True,,0.391844,0.0007679571646973084,1.133817424934059,0.025006470423991015,2.614811320865006,0.00905532512537491,0.025085418868071245,0.1255601715847119,0.23820565920000003,0.04921544131672497,True,True,False,False,False,0.09999977978965197,0.09999977978965197,0.0,"{""0.0000"": 4}"
c3_w2_tcop_cm1_states_L0.4_kp0_2090_up0_0000_s1024,cm1,stageA,0.1,0.209,0.0,,1024,200,8,2,True,,0.3924079999999999,1.7520263398380433e-05,0.33755540087345937,0.02450416261495605,2.445553272244523,0.0011132384743814583,0.02412559478637366,0.12639905372367774,0.23833433600000004,0.050838189739604224,True,True,False,False,False,0.09999977978965197,0.09999977978965197,0.0,"{""0.0000"": 4}"
c3_w2_tcop_cm1_states_L0.4_kp0_2090_up0_0000_s1024,cm1,stageA,0.1,0.209,0.0,,1024,225,9,0,True,,0.392828,-0.000245320473625522,0.12298790418688539,0.013422564439354735,1.6815799657987143,0.010514965956578508,0.022909774397775348,0.11709959545373645,0.2384331696,0.050026816968502,True,True,False,False,True,0.09999977978965197,0.09999977978965197,0.0,"{""0.0000"": 4}"
c3_w2_tcop_cm1_states_L0.4_kp0_2090_up0_0000_s1024,cm1,stageA,0.1,0.209,0.0,,1024,250,10,1,True,,0.3928400000000001,0.00022294810889265297,0.6222978436798122,0.0056104590026641145,0.40493189123606227,0.003789402451625597,0.023342267637872314,0.12524182841553336,0.2384326496,0.050634517870717405,True,True,False,False,True,0.09999977978965197,0.09999977978965197,0.0,"{""0.0000"": 4}"
c3_w2_tcop_cm1_states_L0.4_kp0_2090_up0_0000_s1024,cm1,stageA,0.1,0.209,0.0,,1024,275,11,2,True,,0.393792,-0.0003279368801817583,0.11311710835757559,0.003025954355812508,0.21058509852215526,0.012102624176104814,0.02307708229040934,0.12493905380266972,0.23863727680000005,0.050348592194817125,True,True,False,False,True,0.09999977978965197,0.09999977978965197,0.0,"{""0.0000"": 4}"
c3_w2_tcop_cm1_states_L0.4_kp0_2090_up0_0000_s1024,cm1,stageA,0.1,0.209,0.0,,1024,300,12,0,False,EXITS_PRIMARY_BLOCK_SET,0.394124,-0.00015994777881752457,0.2403591910893978,0.00848220300676631,1.0198489517458644,0.004146723945246879,0.0235326280680693,0.12483380833231714,0.23870425119999997,0.05007906372926715,True,True,False,False,True,0.09999977978965197,0.09999977978965197,0.0,"{""0.0000"": 4}"
c3_w2_tcop_cm1_states_L0.4_kp0_2090_up0_0000_s31415,cm1,stageA,0.1,0.209,0.0,,31415,0,0,0,False,PRE_PRIMARY_PHASE_IMBALANCE,0.38832399999999995,-0.00039144737774089597,0.08208352894800562,0.03073450513542477,3.085398086323077,0.058644938930087896,0.0797753590530687,0.8281744089261174,0.236568792,0.04884619764116752,False,True,False,False,False,0.09999977978965197,0.09999977978965197,0.0,"{""0.0000"": 4}"
c3_w2_tcop_cm1_states_L0.4_kp0_2090_up0_0000_s31415,cm1,stageA,0.1,0.209,0.0,,31415,25,1,1,False,PRE_PRIMARY_PHASE_IMBALANCE,0.39255599999999985,0.0003149420179195958,0.6572047572888908,0.020046659099765735,2.1407190288890976,0.0024133492675195035,0.025531841217681754,0.13857895398725534,0.23835533279999996,0.049845229099684155,True,True,False,False,False,0.09999977978965197,0.09999977978965197,0.0,"{""0.0000"": 4}"
c3_w2_tcop_cm1_states_L0.4_kp0_2090_up0_0000_s31415,cm1,stageA,0.1,0.209,0.0,,31415,50,2,2,False,PRE_PRIMARY_PHASE_IMBALANCE,0.3927240000000001,0.0004779498996387075,0.8828407315999771,0.005864816786190974,0.5530795265546667,0.006655109836631448,0.025936143686223233,0.13953819950006047,0.2383881104,0.049585278299108096,True,True,False,False,True,0.09999977978965197,0.09999977978965197,0.0,"{""0.0000"": 4}"
c3_w2_tcop_cm1_states_L0.4_kp0_2090_up0_0000_s31415,cm1,stageA,0.1,0.209,0.0,,31415,75,3,0,True,,0.39210400000000006,0.00036388542686220925,0.7431564975523826,0.006946264487226465,0.8366617786951936,0.0018866269497655856,0.024867772253524906,0.12547691396803665,0.238263376,0.04962069310277719,True,True,False,False,True,0.09999977978965197,0.09999977978965197,0.0,"{""0.0000"": 4}"
c3_w2_tcop_cm1_states_L0.4_kp0_2090_up0_0000_s31415,cm1,stageA,0.1,0.209,0.0,,31415,100,4,1,True,,0.392352,-0.0002494841737695386,0.17372387547278967,0.005044840801694499,0.5397770042446471,0.0013421944068687122,0.02621713435204843,0.12539760183356363,0.23830609920000004,0.04893003265888957,True,True,False,False,True,0.09999977978965197,0.09999977978965197,0.0,"{""0.0000"": 4}"
c3_w2_tcop_cm1_states_L0.4_kp0_2090_up0_0000_s31415,cm1,stageA,0.1,0.209,0.0,,31415,125,5,2,True,,0.39203199999999994,0.0006646646236361779,1.1274756949670008,0.014656150509971353,1.6351649367951935,0.0007420544500626111,0.025757365210301152,0.12549995886687823,0.23824094719999997,0.048651731479979206,True,True,False,False,True,0.09999977978965197,0.09999977978965197,0.0,"{""0.0000"": 4}"
c3_w2_tcop_cm1_states_L0.4_kp0_2090_up0_0000_s31415,cm1,stageA,0.1,0.209,0.0,,31415,150,6,0,True,,0.39156399999999997,-0.00017857065453876238,0.28355239475152544,0.008171936283806308,0.7068704149778687,0.009189301904140038,0.025152030125806295,0.11441296923513662,0.2381446384,0.048652994810186145,True,True,False,False,True,0.09999977978965197,0.09999977978965197,0.0,"{""0.0000"": 4}"
c3_w2_tcop_cm1_states_L0.4_kp0_2090_up0_0000_s31415,cm1,stageA,0.1,0.209,0.0,,31415,175,7,1,True,,0.392356,0.00020984945684966358,0.6104705762687752,0.013905329785104021,1.365600155968944,0.005073247374405099,0.02664689412644033,0.1478249341214995,0.2383034608,0.05015505222806572,True,True,False,False,True,0.09999977978965197,0.09999977978965197,0.0,"{""0.0000"": 4}"
c3_w2_tcop_cm1_states_L0.4_kp0_2090_up0_0000_s31415,cm1,stageA,0.1,0.209,0.0,,31415,200,8,2,True,,0.3920159999999999,0.0018809472325133213,2.197848389797035,0.009195005865883524,1.0128528925624944,0.00453822777961169,0.02509185613800076,0.15101424393133392,0.23824270079999998,0.04960499716762415,True,True,False,False,False,0.09999977978965197,0.09999977978965197,0.0,"{""0.0000"": 4}"
c3_w2_tcop_cm1_states_L0.4_kp0_2090_up0_0000_s31415,cm1,stageA,0.1,0.209,0.0,,31415,225,9,0,True,,0.392592,0.0004060931012412891,0.787432097099768,0.0067546652605628265,0.7082898877673076,0.007767007271482287,0.024630726132433115,0.15079268005768673,0.23837001599999996,0.04870237710830961,True,True,False,False,True,0.09999977978965197,0.09999977978965197,0.0,"{""0.0000"": 4}"
c3_w2_tcop_cm1_states_L0.4_kp0_2090_up0_0000_s31415,cm1,stageA,0.1,0.209,0.0,,31415,250,10,1,True,,0.3936760000000001,-6.31365802314843e-05,0.35243205584671655,0.014438181716376479,1.5299928731767067,0.0016260681697014097,0.02448975334144897,0.15037746738338773,0.23860225760000003,0.04956981968900028,True,True,False,False,True,0.09999977978965197,0.09999977978965197,0.0,"{""0.0000"": 4}"
c3_w2_tcop_cm1_states_L0.4_kp0_2090_up0_0000_s31415,cm1,stageA,0.1,0.209,0.0,,31415,275,11,2,True,,0.3926720000000001,-0.0003393259841799134,-0.03854408361753469,0.006922454388892599,0.7315507538917565,0.0006564913666406399,0.022485391492044475,0.13751935422561481,0.23840274240000003,0.04924936970155049,True,True,False,False,True,0.09999977978965197,0.09999977978965197,0.0,"{""0.0000"": 4}"
c3_w2_tcop_cm1_states_L0.4_kp0_2090_up0_0000_s31415,cm1,stageA,0.1,0.209,0.0,,31415,300,12,0,False,EXITS_PRIMARY_BLOCK_SET,0.3942239999999999,-0.001389716480222245,-1.0243909023668794,0.00897970613984926,0.9725525040693949,0.006428257566544649,0.023188426979461704,0.12987540045792387,0.23872787199999998,0.04915605582224839,True,True,False,False,True,0.09999977978965197,0.09999977978965197,0.0,"{""0.0000"": 4}"
c3_w2_tcop_cm1_states_L0.4_km0_2090_up0_0000_s42,cm1,stageA,-0.1,-0.209,0.0,,42,0,0,0,False,PRE_PRIMARY_PHASE_IMBALANCE,0.402256,-0.00041642202772206786,-0.08944334778985161,-0.024720929348641524,-2.1967133341406657,0.0439203061651076,0.07904750743019423,0.8144067439282279,0.23943504000000004,0.05005547386650136,False,True,False,False,False,-0.09999977978965197,-0.09999977978965197,0.0,"{""0.0000"": 4}"
c3_w2_tcop_cm1_states_L0.4_km0_2090_up0_0000_s42,cm1,stageA,-0.1,-0.209,0.0,,42,25,1,1,False,PRE_PRIMARY_PHASE_IMBALANCE,0.4053360000000001,6.091356073712787e-05,0.5224399988399973,-0.022782979636320536,-2.2678866390392045,0.0036240227639917784,0.02339454864605197,0.1194071088691675,0.24094880640000002,0.049477339297904856,True,True,False,False,False,-0.09999977978965197,-0.09999977978965197,0.0,"{""0.0000"": 4}"
c3_w2_tcop_cm1_states_L0.4_km0_2090_up0_0000_s42,cm1,stageA,-0.1,-0.209,0.0,,42,50,2,2,False,PRE_PRIMARY_PHASE_IMBALANCE,0.40612000000000004,0.000848602973093574,1.2577727037051134,-0.012136863612947796,-1.1035429961535526,0.009231692377277903,0.024020798596515416,0.11819166719641576,0.2410913792,0.04987810742199427,True,True,False,False,True,-0.09999977978965197,-0.09999977978965197,0.0,"{""0.0000"": 4}"
c3_w2_tcop_cm1_states_L0.4_km0_2090_up0_0000_s42,cm1,stageA,-0.1,-0.209,0.0,,42,75,3,0,True,,0.40624800000000005,0.0009980893828392175,1.4490300818897364,-0.024042468113167063,-2.3433983799305897,0.004938167343896298,0.02304506960183911,0.11421594662812873,0.24112291519999998,0.04933480005026877,True,True,False,False,False,-0.09999977978965197,-0.09999977978965197,0.0,"{""0.0000"": 4}"
c3_w2_tcop_cm1_states_L0.4_km0_2090_up0_0000_s42,cm1,stageA,-0.1,-0.209,0.0,,42,100,4,1,True,,0.405988,0.0009717804050704326,1.2922276218991335,-0.023134820241851397,-2.4971977644913483,0.002757992769340628,0.025326677974911227,0.11921534597274956,0.24105601759999998,0.048858406195863575,True,True,False,False,False,-0.09999977978965197,-0.09999977978965197,0.0,"{""0.0000"": 4}"
c3_w2_tcop_cm1_states_L0.4_km0_2090_up0_0000_s42,cm1,stageA,-0.1,-0.209,0.0,,42,125,5,2,True,,0.405428,0.00022635825768748834,0.5581238497302768,-0.018214069671483344,-1.7562796604953659,0.011414857333149762,0.024869760297314338,0.1193800129261422,0.24095447199999995,0.049168453463577635,True,True,False,False,True,-0.09999977978965197,-0.09999977978965197,0.0,"{""0.0000"": 4}"
c3_w2_tcop_cm1_states_L0.4_km0_2090_up0_0000_s42,cm1,stageA,-0.1,-0.209,0.0,,42,150,6,0,True,,0.40512399999999993,0.0002010983360506974,0.5650544105213522,-0.012750790948663597,-1.097901094013752,0.002840895845884947,0.025668758032334427,0.14020398658138258,0.24089040479999999,0.04825872588454859,True,True,False,False,True,-0.09999977978965197,-0.09999977978965197,0.0,"{""0.0000"": 4}"
c3_w2_tcop_cm1_states_L0.4_km0_2090_up0_0000_s42,cm1,stageA,-0.1,-0.209,0.0,,42,175,7,1,True,,0.4052799999999999,0.0006725062529779146,1.1117531352728354,-0.003801114094787924,-0.27531241140147056,0.0026840425784488207,0.02511606113663738,0.13521515955582528,0.24092450880000002,0.04884384915217063,True,True,False,False,True,-0.09999977978965197,-0.09999977978965197,0.0,"{""0.0000"": 4}"
c3_w2_tcop_cm1_states_L0.4_km0_2090_up0_0000_s42,cm1,stageA,-0.1,-0.209,0.0,,42,200,8,2,True,,0.4046040000000001,0.0005187110299360794,0.8727768860678267,-0.0028916015445045393,-0.25337808924686467,0.0009295943955866214,0.025209832800655488,0.1552134923154157,0.24079556320000006,0.04876682462494355,True,True,False,False,True,-0.09999977978965197,-0.09999977978965197,0.0,"{""0.0000"": 4}"
c3_w2_tcop_cm1_states_L0.4_km0_2090_up0_0000_s42,cm1,stageA,-0.1,-0.209,0.0,,42,225,9,0,True,,0.40582799999999997,0.0007144213778524697,1.1491713209109153,-0.004971418141016551,-0.35751168756904617,0.0024870164887738546,0.024857366173505837,0.15474535972198716,0.2410298704,0.04877206593942889,True,True,False,False,True,-0.09999977978965197,-0.09999977978965197,0.0,"{""0.0000"": 4}"
c3_w2_tcop_cm1_states_L0.4_km0_2090_up0_0000_s42,cm1,stageA,-0.1,-0.209,0.0,,42,250,10,1,True,,0.40565200000000007,-0.00051678783539693,-0.1698859061150298,-0.022910347837583035,-2.283839352577709,0.00531050115919923,0.024053829582760738,0.13016082718645322,0.24100324640000004,0.04964045624286707,True,True,False,False,False,-0.09999977978965197,-0.09999977978965197,0.0,"{""0.0000"": 4}"
c3_w2_tcop_cm1_states_L0.4_km0_2090_up0_0000_s42,cm1,stageA,-0.1,-0.209,0.0,,42,275,11,2,True,,0.40518399999999993,-0.0012015623496375652,-0.8240066050060654,-0.030613025717879067,-3.1069374509508703,0.0028789800406390114,0.025299032213134617,0.13722160762216273,0.24090484799999998,0.048427328482996045,True,True,False,False,False,-0.09999977978965197,-0.09999977978965197,0.0,"{""0.0000"": 4}"
c3_w2_tcop_cm1_states_L0.4_km0_2090_up0_0000_s42,cm1,stageA,-0.1,-0.209,0.0,,42,300,12,0,False,EXITS_PRIMARY_BLOCK_SET,0.40584399999999987,-0.002093304496435832,-1.7728421576513387,-0.02103902325972203,-2.127947589208619,0.010899267524799762,0.023250935390924907,0.13699845226984148,0.24104560479999995,0.04803881414023456,True,True,False,False,False,-0.09999977978965197,-0.09999977978965197,0.0,"{""0.0000"": 4}"
c3_w2_tcop_cm1_states_L0.4_km0_2090_up0_0000_s137,cm1,stageA,-0.1,-0.209,0.0,,137,0,0,0,False,PRE_PRIMARY_PHASE_IMBALANCE,0.40346400000000004,0.0001416305674116484,0.5871721064448165,-0.01749960493924315,-1.8405999457833726,0.03182282410468071,0.07939368672863953,0.8337794677250523,0.23965472000000004,0.04816057208962534,False,True,False,False,True,-0.09999977978965197,-0.09999977978965197,0.0,"{""0.0000"": 4}"
c3_w2_tcop_cm1_states_L0.4_km0_2090_up0_0000_s137,cm1,stageA,-0.1,-0.209,0.0,,137,25,1,1,False,PRE_PRIMARY_PHASE_IMBALANCE,0.405104,0.0003556657441040989,0.8404761544470802,-0.02242405820790666,-2.2912572311654515,0.002785933628155192,0.02438384936673412,0.10071487790613058,0.24089717439999994,0.04844656008428256,True,True,False,False,False,-0.09999977978965197,-0.09999977978965197,0.0,"{""0.0000"": 4}"
c3_w2_tcop_cm1_states_L0.4_km0_2090_up0_0000_s137,cm1,stageA,-0.1,-0.209,0.0,,137,50,2,2,False,PRE_PRIMARY_PHASE_IMBALANCE,0.405092,0.0015970842460630353,1.8656970376723678,-0.029020229180956758,-2.7301899264335088,0.0028399352262312443,0.025196247996598985,0.11750417160174924,0.2408882928,0.04929129269962394,True,True,False,False,False,-0.09999977978965197,-0.09999977978965197,0.0,"{""0.0000"": 4}"
c3_w2_tcop_cm1_states_L0.4_km0_2090_up0_0000_s137,cm1,stageA,-0.1,-0.209,0.0,,137,75,3,0,True,,0.40550400000000003,0.0018672456330137144,2.106841050013171,-0.021249769058408332,-1.858743843548907,0.0030530988629642428,0.025618671053790874,0.11738478506405654,0.2409625856,0.04818325418649097,True,True,False,False,False,-0.09999977978965197,-0.09999977978965197,0.0,"{""0.0000"": 4}"
c3_w2_tcop_cm1_states_L0.4_km0_2090_up0_0000_s137,cm1,stageA,-0.1,-0.209,0.0,,137,100,4,1,True,,0.40539200000000003,0.0016622936278238782,1.9967328551204666,-0.015191397218215366,-1.3501636894236282,0.0065436547045416935,0.024679114692532565,0.11741721563963461,0.24094923199999996,0.048042963438988645,True,True,False,False,True,-0.09999977978965197,-0.09999977978965197,0.0,"{""0.0000"": 4}"
c3_w2_tcop_cm1_states_L0.4_km0_2090_up0_0000_s137,cm1,stageA,-0.1,-0.209,0.0,,137,125,5,2,True,,0.40537600000000007,0.0009389893553276793,1.5887123834143246,-0.0032831959828419767,-0.26145296971745435,0.001733675099893145,0.023121835163849733,0.11051468239235997,0.24095844479999998,0.04779935798732029,True,True,False,False,True,-0.09999977978965197,-0.09999977978965197,0.0,"{""0.0000"": 4}"
c3_w2_tcop_cm1_states_L0.4_km0_2090_up0_0000_s137,cm1,stageA,-0.1,-0.209,0.0,,137,150,6,0,True,,0.40557200000000004,0.0013918905238507846,1.7774663110735527,-0.010858576832510777,-0.9238265956891528,0.002698089178356887,0.021275034132858313,0.1025711831621237,0.24100890080000004,0.04802783376335018,True,True,False,False,True,-0.09999977978965197,-0.09999977978965197,0.0,"{""0.0000"": 4}"
c3_w2_tcop_cm1_states_L0.4_km0_2090_up0_0000_s137,cm1,stageA,-0.1,-0.209,0.0,,137,175,7,1,True,,0.4055160000000001,0.0003275148463434682,0.6996731861554252,-0.017021321133657917,-1.8913143592436632,0.0013927353698862245,0.020289263008051797,0.10455814294736049,0.24100508,0.04905276489658865,True,True,False,False,True,-0.09999977978965197,-0.09999977978965197,0.0,"{""0.0000"": 4}"
c3_w2_tcop_cm1_states_L0.4_km0_2090_up0_0000_s137,cm1,stageA,-0.1,-0.209,0.0,,137,200,8,2,True,,0.40514399999999995,8.028487449124799e-05,0.4704715406144866,-0.007342991635624611,-0.7062543038858873,0.001321143899530172,0.02279752322077941,0.123412909673072,0.24091703039999998,0.04862364922545406,True,True,False,False,True,-0.09999977978965197,-0.09999977978965197,0.0,"{""0.0000"": 4}"
c3_w2_tcop_cm1_states_L0.4_km0_2090_up0_0000_s137,cm1,stageA,-0.1,-0.209,0.0,,137,225,9,0,True,,0.405744,0.00012449543314632514,0.5528583019650359,-0.0013433284878241326,-0.0868832642122734,0.004881595446698383,0.021501113285079254,0.12323041099010601,0.2410396992,0.04868147968170237,True,True,False,False,True,-0.09999977978965197,-0.09999977978965197,0.0,"{""0.0000"": 4}"
c3_w2_tcop_cm1_states_L0.4_km0_2090_up0_0000_s137,cm1,stageA,-0.1,-0.209,0.0,,137,250,10,1,True,,0.405556,-0.0007071261302274498,-0.21940421271595817,-0.03024282169351916,-2.960763507845754,0.002005743577036837,0.022424354217053143,0.11638343381337356,0.240997624,0.04883984913981615,True,True,False,False,False,-0.09999977978965197,-0.09999977978965197,0.0,"{""0.0000"": 4}"
c3_w2_tcop_cm1_states_L0.4_km0_2090_up0_0000_s137,cm1,stageA,-0.1,-0.209,0.0,,137,275,11,2,True,,0.4057839999999999,0.0004084651663772414,0.7776701491635635,-0.03650444888982808,-3.436502326852037,0.005715138855834455,0.023138558485457168,0.11631804083867754,0.24103518719999997,0.04915837002993488,True,True,False,False,False,-0.09999977978965197,-0.09999977978965197,0.0,"{""0.0000"": 4}"
c3_w2_tcop_cm1_states_L0.4_km0_2090_up0_0000_s137,cm1,stageA,-0.1,-0.209,0.0,,137,300,12,0,False,EXITS_PRIMARY_BLOCK_SET,0.40597600000000006,0.00045911296954996426,0.939305988086659,-0.023338518712223807,-2.4290075575208987,0.0033889135770809866,0.021918357271996425,0.09261631206619036,0.24108030719999998,0.04837817094516906,True,True,False,False,False,-0.09999977978965197,-0.09999977978965197,0.0,"{""0.0000"": 4}"
c3_w2_tcop_cm1_states_L0.4_km0_2090_up0_0000_s256,cm1,stageA,-0.1,-0.209,0.0,,256,0,0,0,False,PRE_PRIMARY_PHASE_IMBALANCE,0.404644,9.771476248444258e-05,0.42014414800465877,-0.008901248102528873,-0.9441128255776702,0.044749584129078354,0.08020681626232057,0.8422218027643513,0.23985389279999997,0.046716948359241096,False,True,False,False,True,-0.09999977978965197,-0.09999977978965197,0.0,"{""0.0000"": 4}"
c3_w2_tcop_cm1_states_L0.4_km0_2090_up0_0000_s256,cm1,stageA,-0.1,-0.209,0.0,,256,25,1,1,False,PRE_PRIMARY_PHASE_IMBALANCE,0.4069400000000001,7.269320629051998e-05,0.3837702635095246,-0.0065807097278393,-0.6532078715473468,0.009475562955433853,0.025386421067933863,0.1081240475054699,0.241233112,0.046962499933457545,True,True,False,False,True,-0.09999977978965197,-0.09999977978965197,0.0,"{""0.0000"": 4}"
c3_w2_tcop_cm1_states_L0.4_km0_2090_up0_0000_s256,cm1,stageA,-0.1,-0.209,0.0,,256,50,2,2,False,PRE_PRIMARY_PHASE_IMBALANCE,0.405792,0.0006673823544860089,1.017106491418343,0.003394878748726481,0.46013121831760223,0.023650342264807913,0.024483545753956348,0.10054412087832161,0.241026144,0.04710469972306373,True,True,False,False,True,-0.09999977978965197,-0.09999977978965197,0.0,"{""0.0000"": 4}"
c3_w2_tcop_cm1_states_L0.4_km0_2090_up0_0000_s256,cm1,stageA,-0.1,-0.209,0.0,,256,75,3,0,True,,0.4049839999999999,-0.00022752300142063578,0.2161491722945787,-0.015579230698155347,-1.7030065413151003,0.01627960433412242,0.025033465183637107,0.12247397397804854,0.24086917759999998,0.048263855461411286,True,True,False,False,True,-0.09999977978965197,-0.09999977978965197,0.0,"{""0.0000"": 4}"
c3_w2_tcop_cm1_states_L0.4_km0_2090_up0_0000_s256,cm1,stageA,-0.1,-0.209,0.0,,256,100,4,1,True,,0.404748,-0.00048435484708584807,-0.18635012614919094,-0.020776662303928113,-2.320292234572407,0.005771871904468314,0.025334665112446184,0.12056884747900201,0.2408219088,0.04928829978808358,True,True,False,False,False,-0.09999977978965197,-0.09999977978965197,0.0,"{""0.0000"": 4}"
c3_w2_tcop_cm1_states_L0.4_km0_2090_up0_0000_s256,cm1,stageA,-0.1,-0.209,0.0,,256,125,5,2,True,,0.40529200000000004,-4.073825439771818e-05,0.3049441349774054,-0.03221170898804641,-3.2280303878308407,0.013742578096668394,0.024885387026031693,0.1371850415572351,0.24092867040000004,0.04929213665484587,True,True,False,False,False,-0.09999977978965197,-0.09999977978965197,0.0,"{""0.0000"": 4}"
c3_w2_tcop_cm1_states_L0.4_km0_2090_up0_0000_s256,cm1,stageA,-0.1,-0.209,0.0,,256,150,6,0,True,,0.406604,-0.000726347747054027,-0.2179609202629679,-0.027575170080082045,-2.7211097126992136,0.0049698529066063025,0.024513743081450146,0.13674238291619756,0.24117783840000004,0.04924172198451228,True,True,False,False,False,-0.09999977978965197,-0.09999977978965197,0.0,"{""0.0000"": 4}"
c3_w2_tcop_cm1_states_L0.4_km0_2090_up0_0000_s256,cm1,stageA,-0.1,-0.209,0.0,,256,175,7,1,True,,0.406764,0.00024353973854049485,0.5895021755320432,-0.025195976930796466,-2.446934930944042,0.010829769854810569,0.024144954972279337,0.1337384819361141,0.24121059040000004,0.04889302919639977,True,True,False,False,False,-0.09999977978965197,-0.09999977978965197,0.0,"{""0.0000"": 4}"
c3_w2_tcop_cm1_states_L0.4_km0_2090_up0_0000_s256,cm1,stageA,-0.1,-0.209,0.0,,256,200,8,2,True,,0.40620000000000006,-1.0514923661759326e-06,0.39159038576783106,-0.017174588995207095,-1.8526962703808538,0.010427039724095515,0.02247767751580909,0.13392417495341166,0.24111819520000008,0.04825391175853,True,True,False,False,True,-0.09999977978965197,-0.09999977978965197,0.0,"{""0.0000"": 4}"
c3_w2_tcop_cm1_states_L0.4_km0_2090_up0_0000_s256,cm1,stageA,-0.1,-0.209,0.0,,256,225,9,0,True,,0.405648,-0.0018475435626301615,-1.3303398585958763,-0.01789279107534027,-1.8651277727823417,0.011812801177635987,0.022037556677716418,0.11339880853991927,0.2410177856,0.04807847851170002,True,True,False,False,True,-0.09999977978965197,-0.09999977978965197,0.0,"{""0.0000"": 4}"
c3_w2_tcop_cm1_states_L0.4_km0_2090_up0_0000_s256,cm1,stageA,-0.1,-0.209,0.0,,256,250,10,1,True,,0.40471599999999996,0.0004967254927536212,0.9007575585760101,-0.024028155843884066,-2.1705512705568673,0.009420880984954342,0.02292296776826283,0.10970655939051936,0.24083489120000004,0.04877826712789211,True,True,False,False,False,-0.09999977978965197,-0.09999977978965197,0.0,"{""0.0000"": 4}"
c3_w2_tcop_cm1_states_L0.4_km0_2090_up0_0000_s256,cm1,stageA,-0.1,-0.209,0.0,,256,275,11,2,True,,0.4047879999999999,-0.00018018727911869737,0.21885812155649356,-0.009477236050726999,-0.8865662360187809,0.0015648273683245687,0.02256082724499894,0.10968704578770358,0.24085127519999996,0.04930065979274517,True,True,False,False,True,-0.09999977978965197,-0.09999977978965197,0.0,"{""0.0000"": 4}"
c3_w2_tcop_cm1_states_L0.4_km0_2090_up0_0000_s256,cm1,stageA,-0.1,-0.209,0.0,,256,300,12,0,False,EXITS_PRIMARY_BLOCK_SET,0.404812,0.0002495747825553464,0.5965512814710691,-0.00891843206775303,-0.7454334012824871,0.003805999001020422,0.022192522996809697,0.10177563881066845,0.240858536,0.0486350147116252,True,True,False,False,True,-0.09999977978965197,-0.09999977978965197,0.0,"{""0.0000"": 4}"
c3_w2_tcop_cm1_states_L0.4_km0_2090_up0_0000_s1024,cm1,stageA,-0.1,-0.209,0.0,,1024,0,0,0,False,PRE_PRIMARY_PHASE_IMBALANCE,0.40242399999999995,0.00038181044020576,0.8033100132116296,-0.008353762265667586,-0.8023364653598137,0.033990238690522,0.07909840158168092,0.8528318369360877,0.23946570559999997,0.0481726501658358,False,True,False,False,True,-0.09999977978965197,-0.09999977978965197,0.0,"{""0.0000"": 4}"
c3_w2_tcop_cm1_states_L0.4_km0_2090_up0_0000_s1024,cm1,stageA,-0.1,-0.209,0.0,,1024,25,1,1,False,PRE_PRIMARY_PHASE_IMBALANCE,0.405448,0.001229216913418169,1.5464008608900235,-0.016061234286161064,-1.5446274780941553,0.009782158515714305,0.020940147898305495,0.09668317491593703,0.24098783679999997,0.048519679471323796,True,True,False,False,True,-0.09999977978965197,-0.09999977978965197,0.0,"{""0.0000"": 4}"
c3_w2_tcop_cm1_states_L0.4_km0_2090_up0_0000_s1024,cm1,stageA,-0.1,-0.209,0.0,,1024,50,2,2,False,PRE_PRIMARY_PHASE_IMBALANCE,0.40590400000000004,0.000912559152643938,1.3074367110230218,-0.02111838720466044,-2.3948460400627836,0.014640196294652788,0.02130958661519532,0.09657455926382949,0.24107112639999997,0.048904220513162254,True,True,False,False,False,-0.09999977978965197,-0.09999977978965197,0.0,"{""0.0000"": 4}"
c3_w2_tcop_cm1_states_L0.4_km0_2090_up0_0000_s1024,cm1,stageA,-0.1,-0.209,0.0,,1024,75,3,0,True,,0.407488,0.000194350432851319,0.6769438217964472,-0.024560087946606253,-2.3269173405849233,0.010699200881740303,0.02332966505720657,0.12270299954181974,0.24135115519999992,0.048390183467310804,True,True,False,False,False,-0.09999977978965197,-0.09999977978965197,0.0,"{""0.0000"": 4}"
c3_w2_tcop_cm1_states_L0.4_km0_2090_up0_0000_s1024,cm1,stageA,-0.1,-0.209,0.0,,1024,100,4,1,True,,0.4067359999999999,0.00021271706997336374,0.6547060608020218,-0.02531192942568998,-2.607263401594756,0.016478576340785457,0.0244802098929266,0.12292986083619398,0.2412026848,0.048773623035407165,True,True,False,False,False,-0.09999977978965197,-0.09999977978965197,0.0,"{""0.0000"": 4}"
c3_w2_tcop_cm1_states_L0.4_km0_2090_up0_0000_s1024,cm1,stageA,-0.1,-0.209,0.0,,1024,125,5,2,True,,0.40537600000000007,-0.00013849685826042003,0.12251178789691035,-0.014955965151533825,-1.491335687028993,0.022443039954352845,0.025812710136186825,0.1302494471052814,0.24093680640000004,0.04876206131820106,True,True,False,False,True,-0.09999977978965197,-0.09999977978965197,0.0,"{""0.0000"": 4}"
c3_w2_tcop_cm1_states_L0.4_km0_2090_up0_0000_s1024,cm1,stageA,-0.1,-0.209,0.0,,1024,150,6,0,True,,0.405156,-0.000749855605960258,-0.24671642187193568,-0.0027773407301785393,-0.19638761916391087,0.01119739966375777,0.02579446660393284,0.12735835054310346,0.24089539680000002,0.048800980154091164,True,True,False,False,True,-0.09999977978965197,-0.09999977978965197,0.0,"{""0.0000"": 4}"
c3_w2_tcop_cm1_states_L0.4_km0_2090_up0_0000_s1024,cm1,stageA,-0.1,-0.209,0.0,,1024,175,7,1,True,,0.40407200000000004,-7.340337453062364e-05,0.31569014603288975,-0.013702099620816408,-1.3156654625868067,0.00964083022163151,0.023656200554030733,0.1227504006148646,0.240706448,0.04857549604481667,True,True,False,False,True,-0.09999977978965197,-0.09999977978965197,0.0,"{""0.0000"": 4}"
c3_w2_tcop_cm1_states_L0.4_km0_2090_up0_0000_s1024,cm1,stageA,-0.1,-0.209,0.0,,1024,200,8,2,True,,0.40477199999999997,-0.0003591359142942686,0.0026839110765636237,-0.006215654108332318,-0.8209530221106897,0.003339102393882494,0.022629054947572558,0.12649096250113412,0.24084772959999998,0.0497303530653061,True,True,False,False,True,-0.09999977978965197,-0.09999977978965197,0.0,"{""0.0000"": 4}"
c3_w2_tcop_cm1_states_L0.4_km0_2090_up0_0000_s1024,cm1,stageA,-0.1,-0.209,0.0,,1024,225,9,0,True,,0.40524799999999994,-0.00047588229416786266,-0.11263712026442133,-0.016706171117692393,-1.5992106899859453,0.005932368332745567,0.021103154622191395,0.1066013895032144,0.2409489216,0.04943175594696187,True,True,False,False,True,-0.09999977978965197,-0.09999977978965197,0.0,"{""0.0000"": 4}"
c3_w2_tcop_cm1_states_L0.4_km0_2090_up0_0000_s1024,cm1,stageA,-0.1,-0.209,0.0,,1024,250,10,1,True,,0.40563599999999994,8.503763078562782e-05,0.5332623800899564,-0.024315562597169646,-2.5062642743476764,0.005297692729914588,0.02153240240520004,0.1281937497456001,0.24101914720000003,0.04972600430358345,True,True,False,False,False,-0.09999977978965197,-0.09999977978965197,0.0,"{""0.0000"": 4}"
c3_w2_tcop_cm1_states_L0.4_km0_2090_up0_0000_s1024,cm1,stageA,-0.1,-0.209,0.0,,1024,275,11,2,True,,0.40613199999999994,-0.0004223349230839287,-0.0035925535159429044,-0.024840503920271362,-2.4659594456487497,0.007542932679747866,0.022334931130010453,0.12803718956389254,0.2411065168,0.049672915920046405,True,True,False,False,False,-0.09999977978965197,-0.09999977978965197,0.0,"{""0.0000"": 4}"
c3_w2_tcop_cm1_states_L0.4_km0_2090_up0_0000_s1024,cm1,stageA,-0.1,-0.209,0.0,,1024,300,12,0,False,EXITS_PRIMARY_BLOCK_SET,0.406344,-0.0003478475262947405,0.06194205098002083,-0.017818544072771662,-1.7585019289175798,0.0035630519434645676,0.02385552025075886,0.12797038930568583,0.24113458880000002,0.04923082026535816,True,True,False,False,True,-0.09999977978965197,-0.09999977978965197,0.0,"{""0.0000"": 4}"
c3_w2_tcop_cm1_states_L0.4_km0_2090_up0_0000_s31415,cm1,stageA,-0.1,-0.209,0.0,,31415,0,0,0,False,PRE_PRIMARY_PHASE_IMBALANCE,0.4012,-0.0014951520623409128,-0.9428727826196047,-0.0024441824989599238,-0.2785224950551342,0.04984865373415775,0.08059237387550414,0.8544366878005066,0.23919309440000003,0.04803665267272481,False,True,False,False,True,-0.09999977978965197,-0.09999977978965197,0.0,"{""0.0000"": 4}"
c3_w2_tcop_cm1_states_L0.4_km0_2090_up0_0000_s31415,cm1,stageA,-0.1,-0.209,0.0,,31415,25,1,1,False,PRE_PRIMARY_PHASE_IMBALANCE,0.405064,-0.00024715670750505227,0.08546479017219982,-0.008585532214980936,-0.9370416245860224,0.004352932665650336,0.024078852932686506,0.1372622594521797,0.24089202560000003,0.048821674530888426,True,True,False,False,True,-0.09999977978965197,-0.09999977978965197,0.0,"{""0.0000"": 4}"
c3_w2_tcop_cm1_states_L0.4_km0_2090_up0_0000_s31415,cm1,stageA,-0.1,-0.209,0.0,,31415,50,2,2,False,PRE_PRIMARY_PHASE_IMBALANCE,0.405024,-8.762347803483079e-05,0.28682710825188007,-0.023842673798926826,-2.3552844512843696,0.007751426936783433,0.02463782129888695,0.12048668691117889,0.24087998080000003,0.0485720024705591,True,True,False,False,False,-0.09999977978965197,-0.09999977978965197,0.0,"{""0.0000"": 4}"
c3_w2_tcop_cm1_states_L0.4_km0_2090_up0_0000_s31415,cm1,stageA,-0.1,-0.209,0.0,,31415,75,3,0,True,,0.4045639999999999,0.00019735295327713104,0.6100504390811732,-0.026254578786615322,-2.732670998548898,0.0022456047667097656,0.02447996263381264,0.11271393373430681,0.2407938864,0.049094296043430546,True,True,False,False,False,-0.09999977978965197,-0.09999977978965197,0.0,"{""0.0000"": 4}"
c3_w2_tcop_cm1_states_L0.4_km0_2090_up0_0000_s31415,cm1,stageA,-0.1,-0.209,0.0,,31415,100,4,1,True,,0.40485199999999993,0.0001569847614547076,0.578023363584957,-0.024626735222870972,-2.4710097308425656,0.0014803926682171596,0.025675345027880218,0.11263375230298055,0.240838808,0.04818234215975807,True,True,False,False,False,-0.09999977978965197,-0.09999977978965197,0.0,"{""0.0000"": 4}"
c3_w2_tcop_cm1_states_L0.4_km0_2090_up0_0000_s31415,cm1,stageA,-0.1,-0.209,0.0,,31415,125,5,2,True,,0.40448,0.0010088308527702334,1.509522574548712,-0.014851896588025394,-1.5963961942802825,0.0029219694049070783,0.025239077692267745,0.10977056934886639,0.240771712,0.04806422370121045,True,True,False,False,True,-0.09999977978965197,-0.09999977978965197,0.0,"{""0.0000"": 4}"
c3_w2_tcop_cm1_states_L0.4_km0_2090_up0_0000_s31415,cm1,stageA,-0.1,-0.209,0.0,,31415,150,6,0,True,,0.40448399999999984,0.0006756067593274385,1.25068520577751,-0.019587171089193885,-2.0311981006616535,0.0066752454888822435,0.023731591597795476,0.10284708393200462,0.240784552,0.047758703332481715,True,True,False,False,False,-0.09999977978965197,-0.09999977978965197,0.0,"{""0.0000"": 4}"
c3_w2_tcop_cm1_states_L0.4_km0_2090_up0_0000_s31415,cm1,stageA,-0.1,-0.209,0.0,,31415,175,7,1,True,,0.404988,0.0003563837866184394,0.7546683047217376,-0.018035060252641736,-1.642445265239326,0.004520289642622535,0.02466855371671628,0.1471648539039061,0.2408729104,0.04929218859007987,True,True,False,False,True,-0.09999977978965197,-0.09999977978965197,0.0,"{""0.0000"": 4}"
c3_w2_tcop_cm1_states_L0.4_km0_2090_up0_0000_s31415,cm1,stageA,-0.1,-0.209,0.0,,31415,200,8,2,True,,0.404636,0.00202648231323391,2.3615418817491083,-0.023130382881878957,-2.409107188511698,0.00236621492701665,0.023547701302525797,0.14729287520810583,0.24081491999999996,0.048639772861311756,True,True,False,False,False,-0.09999977978965197,-0.09999977978965197,0.0,"{""0.0000"": 4}"
c3_w2_tcop_cm1_states_L0.4_km0_2090_up0_0000_s31415,cm1,stageA,-0.1,-0.209,0.0,,31415,225,9,0,True,,0.404792,0.0002424848613722455,0.6117043514293727,-0.019956815862665993,-1.778064094744766,0.0018132606314514943,0.023120444229321916,0.1472361110218677,0.2408478464,0.04828246820534344,True,True,False,False,True,-0.09999977978965197,-0.09999977978965197,0.0,"{""0.0000"": 4}"
c3_w2_tcop_cm1_states_L0.4_km0_2090_up0_0000_s31415,cm1,stageA,-0.1,-0.209,0.0,,31415,250,10,1,True,,0.4055520000000001,-0.0007497654120202751,-0.3229776245446447,-0.015578972830726763,-1.631474343928192,0.0010605865862835036,0.024190257995689347,0.14696019216534448,0.24098333120000004,0.04914361907714978,True,True,False,False,True,-0.09999977978965197,-0.09999977978965197,0.0,"{""0.0000"": 4}"
c3_w2_tcop_cm1_states_L0.4_km0_2090_up0_0000_s31415,cm1,stageA,-0.1,-0.209,0.0,,31415,275,11,2,True,,0.40470800000000007,-0.0008829379315151713,-0.5386903194198671,-0.024327956817536203,-2.3696197630281532,0.0008688614078477886,0.02216052423553293,0.13244116713175624,0.240839,0.04890925000447257,True,True,False,False,False,-0.09999977978965197,-0.09999977978965197,0.0,"{""0.0000"": 4}"
c3_w2_tcop_cm1_states_L0.4_km0_2090_up0_0000_s31415,cm1,stageA,-0.1,-0.209,0.0,,31415,300,12,0,False,EXITS_PRIMARY_BLOCK_SET,0.4060079999999999,-0.0023564436871063308,-1.9427789157310782,-0.022622602768000932,-2.106700710411308,0.008168931787052367,0.022759656349122866,0.13201710278610984,0.24108011519999997,0.048687410446644215,True,True,False,False,False,-0.09999977978965197,-0.09999977978965197,0.0,"{""0.0000"": 4}"
c3_w2_tcop_cm1_states_L0.4_kp0_4221_up0_0000_s42,cm1,stageA,0.2,0.4221,0.0,,42,0,0,0,False,PRE_PRIMARY_PHASE_IMBALANCE,0.382336,0.0009021965804187562,1.1405415503958214,0.026781018851609138,2.4251453494797914,0.05211476942568482,0.07956952209358574,0.7961583507800511,0.23522966720000002,0.05088480228909217,False,True,False,False,False,0.1999984658005633,0.1999984658005633,0.0,"{""0.0000"": 4}"
c3_w2_tcop_cm1_states_L0.4_kp0_4221_up0_0000_s42,cm1,stageA,0.2,0.4221,0.0,,42,25,1,1,False,PRE_PRIMARY_PHASE_IMBALANCE,0.38566800000000007,0.0014335047661899003,1.9115949624843274,0.021682073326122712,2.1404668190681595,0.0012366275955808114,0.023140118895751037,0.12549654074100897,0.23684854879999995,0.05029824823987412,True,True,False,False,False,0.1999984658005633,0.1999984658005633,0.0,"{""0.0000"": 4}"
c3_w2_tcop_cm1_states_L0.4_kp0_4221_up0_0000_s42,cm1,stageA,0.2,0.4221,0.0,,42,50,2,2,False,PRE_PRIMARY_PHASE_IMBALANCE,0.386536,0.002186009935231368,2.7948060715608167,0.025851755619004994,2.5514439003317655,0.011702641765662714,0.024313595058574715,0.13038888970137608,0.23703759679999997,0.05041270379576957,True,True,False,False,False,0.1999984658005633,0.1999984658005633,0.0,"{""0.0000"": 4}"
c3_w2_tcop_cm1_states_L0.4_kp0_4221_up0_0000_s42,cm1,stageA,0.2,0.4221,0.0,,42,75,3,0,True,,0.386476,0.0018559355757522265,2.3337641822538497,0.014071376559555714,1.465281634097439,0.0045331021563733125,0.02425450440268829,0.12523416686874692,0.2370244336,0.04978133610099271,True,True,False,False,False,0.1999984658005633,0.1999984658005633,0.0,"{""0.0000"": 4}"
c3_w2_tcop_cm1_states_L0.4_kp0_4221_up0_0000_s42,cm1,stageA,0.2,0.4221,0.0,,42,100,4,1,True,,0.386212,0.0022396597680833,2.573193721876542,0.01624504498691116,1.6272373436636025,0.004646824700682276,0.027008345172443958,0.1356767782055535,0.2369434864,0.05007285747787917,True,True,False,False,False,0.1999984658005633,0.1999984658005633,0.0,"{""0.0000"": 4}"
c3_w2_tcop_cm1_states_L0.4_kp0_4221_up0_0000_s42,cm1,stageA,0.2,0.4221,0.0,,42,125,5,2,True,,0.386008,0.0011526271882980608,1.4691827346168853,0.030370414390805765,2.8062639776518803,0.014695880028474665,0.02625696906241848,0.13574848154507552,0.23690309759999995,0.05061130245310824,True,True,False,False,False,0.1999984658005633,0.1999984658005633,0.0,"{""0.0000"": 4}"
c3_w2_tcop_cm1_states_L0.4_kp0_4221_up0_0000_s42,cm1,stageA,0.2,0.4221,0.0,,42,150,6,0,True,,0.38562399999999997,0.0009332330121602539,1.30278861695228,0.030312024469753094,3.1180493494193975,0.005848353631268006,0.02690409565863621,0.15559197519969717,0.2368104928,0.04993085843443912,True,True,False,False,False,0.1999984658005633,0.1999984658005633,0.0,"{""0.0000"": 4}"
c3_w2_tcop_cm1_states_L0.4_kp0_4221_up0_0000_s42,cm1,stageA,0.2,0.4221,0.0,,42,175,7,1,True,,0.38605200000000006,0.001127468815787665,1.5801515096841756,0.04327143851045073,4.137685201196332,0.004070532310786336,0.026509804776923673,0.15541947676629186,0.23691111520000002,0.050387828847847774,True,True,False,False,False,0.1999984658005633,0.1999984658005633,0.0,"{""0.0000"": 4}"
c3_w2_tcop_cm1_states_L0.4_kp0_4221_up0_0000_s42,cm1,stageA,0.2,0.4221,0.0,,42,200,8,2,True,,0.385436,0.0011474039427192585,1.4360605379026223,0.04120385585381936,4.167402929457339,0.004764535844082145,0.025513112224750542,0.14944115196961058,0.23677838879999996,0.05029045539662571,True,True,False,False,False,0.1999984658005633,0.1999984658005633,0.0,"{""0.0000"": 4}"
c3_w2_tcop_cm1_states_L0.4_kp0_4221_up0_0000_s42,cm1,stageA,0.2,0.4221,0.0,,42,225,9,0,True,,0.386888,0.0013629856542712114,1.6916779413504532,0.045021588581468666,4.9213886963544375,0.0030151275011112174,0.02570153068663297,0.14888029572155168,0.2371068,0.04985574646918848,True,True,False,False,False,0.1999984658005633,0.1999984658005633,0.0,"{""0.0000"": 4}"
c3_w2_tcop_cm1_states_L0.4_kp0_4221_up0_0000_s42,cm1,stageA,0.2,0.4221,0.0,,42,250,10,1,True,,0.38650400000000007,3.7588871393349195e-05,0.38352620565352274,0.02330253099563406,2.300453362480158,0.0035981492204703834,0.025995042326272238,0.12936476691220586,0.237017712,0.050462044984324606,True,True,False,False,False,0.1999984658005633,0.1999984658005633,0.0,"{""0.0000"": 4}"
c3_w2_tcop_cm1_states_L0.4_kp0_4221_up0_0000_s42,cm1,stageA,0.2,0.4221,0.0,,42,275,11,2,True,,0.38588400000000006,-5.372542383592131e-05,0.34565772801019884,0.01216215973975533,1.2647292138769046,0.006906185516227251,0.02663722391032929,0.1285360364033336,0.23687188320000005,0.04918189244020608,True,True,False,False,True,0.1999984658005633,0.1999984658005633,0.0,"{""0.0000"": 4}"
c3_w2_tcop_cm1_states_L0.4_kp0_4221_up0_0000_s42,cm1,stageA,0.2,0.4221,0.0,,42,300,12,0,False,EXITS_PRIMARY_BLOCK_SET,0.3868,-0.0011979175495599676,-0.8153481457931813,0.024696430967395676,2.4696198075698206,0.013603428560017696,0.02555024192400695,0.12823164392908062,0.23708808960000002,0.04883605225650411,True,True,False,False,False,0.1999984658005633,0.1999984658005633,0.0,"{""0.0000"": 4}"
c3_w2_tcop_cm1_states_L0.4_kp0_4221_up0_0000_s137,cm1,stageA,0.2,0.4221,0.0,,137,0,0,0,False,PRE_PRIMARY_PHASE_IMBALANCE,0.38321600000000006,0.001681064059420378,2.1648290417567075,0.02393032718028126,2.3750230158373373,0.047576883989043126,0.07933342490879793,0.7943300885288449,0.23543722560000002,0.049736680066124236,False,True,False,False,False,0.1999984658005633,0.1999984658005633,0.0,"{""0.0000"": 4}"
c3_w2_tcop_cm1_states_L0.4_kp0_4221_up0_0000_s137,cm1,stageA,0.2,0.4221,0.0,,137,25,1,1,False,PRE_PRIMARY_PHASE_IMBALANCE,0.385732,0.0014026642871709206,1.8058895261564076,0.0227398257316627,2.486844386254905,0.0032575094866584314,0.024399924502770825,0.10369894096497317,0.23685424160000002,0.049613548310920075,True,True,False,False,False,0.1999984658005633,0.1999984658005633,0.0,"{""0.0000"": 4}"
c3_w2_tcop_cm1_states_L0.4_kp0_4221_up0_0000_s137,cm1,stageA,0.2,0.4221,0.0,,137,50,2,2,False,PRE_PRIMARY_PHASE_IMBALANCE,0.385652,0.0026945356929827845,3.0130162472040474,0.024267950964669372,2.3834649348368075,0.001405967608144527,0.0256152372653918,0.10475765689077804,0.2368269488,0.050750516214123374,True,True,False,False,False,0.1999984658005633,0.1999984658005633,0.0,"{""0.0000"": 4}"
c3_w2_tcop_cm1_states_L0.4_kp0_4221_up0_0000_s137,cm1,stageA,0.2,0.4221,0.0,,137,75,3,0,True,,0.385868,0.003192744920013022,3.576901420619548,0.028499169662095567,2.775675976995589,0.004958253387619867,0.02627184414463374,0.10469901597256309,0.2368711184,0.04921794973381154,True,True,False,False,False,0.1999984658005633,0.1999984658005633,0.0,"{""0.0000"": 4}"
c3_w2_tcop_cm1_states_L0.4_kp0_4221_up0_0000_s137,cm1,stageA,0.2,0.4221,0.0,,137,100,4,1,True,,0.385916,0.002793417363320691,3.1923046156038404,0.03246010927252786,3.2580589641633178,0.00938598609758577,0.02494716395734304,0.10261300360023157,0.236892152,0.04913004115609918,True,True,False,False,False,0.1999984658005633,0.1999984658005633,0.0,"{""0.0000"": 4}"
c3_w2_tcop_cm1_states_L0.4_kp0_4221_up0_0000_s137,cm1,stageA,0.2,0.4221,0.0,,137,125,5,2,True,,0.38565599999999994,0.002869196172563067,3.5140487983722326,0.04137706809661356,3.8725092356963153,0.0007966444766207772,0.023742006457747808,0.1006077952874899,0.23684161280000005,0.049190341165720734,True,True,False,False,False,0.1999984658005633,0.1999984658005633,0.0,"{""0.0000"": 4}"
c3_w2_tcop_cm1_states_L0.4_kp0_4221_up0_0000_s137,cm1,stageA,0.2,0.4221,0.0,,137,150,6,0,True,,0.3856799999999999,0.0030739653720632545,3.552171289012567,0.031222016180794235,3.5017954512769176,0.004144782855841701,0.0216673149368713,0.09023024245428792,0.23686110400000004,0.0497278352635624,True,True,False,False,False,0.1999984658005633,0.1999984658005633,0.0,"{""0.0000"": 4}"
c3_w2_tcop_cm1_states_L0.4_kp0_4221_up0_0000_s137,cm1,stageA,0.2,0.4221,0.0,,137,175,7,1,True,,0.38562799999999997,0.001917092564249653,2.1717320797912425,0.032197347387491616,3.5672406042873117,0.0036592288590350896,0.020207990297654164,0.08609333324838102,0.23685831839999996,0.0505597232587363,True,True,False,False,False,0.1999984658005633,0.1999984658005633,0.0,"{""0.0000"": 4}"
c3_w2_tcop_cm1_states_L0.4_kp0_4221_up0_0000_s137,cm1,stageA,0.2,0.4221,0.0,,137,200,8,2,True,,0.38501200000000013,0.0020155349299233747,2.403945234017708,0.04281762372844649,4.20109353223659,0.004474281998359169,0.023320861373989525,0.14025536829954546,0.2366971408,0.04968742150685623,True,True,False,False,False,0.1999984658005633,0.1999984658005633,0.0,"{""0.0000"": 4}"
c3_w2_tcop_cm1_states_L0.4_kp0_4221_up0_0000_s137,cm1,stageA,0.2,0.4221,0.0,,137,225,9,0,True,,0.38578,0.0022928738547889492,2.918541977755363,0.04934472645345261,5.268431399565957,0.0074655192009304054,0.02170254300272466,0.13997615184826542,0.23688369439999996,0.0497521014631543,True,True,False,False,False,0.1999984658005633,0.1999984658005633,0.0,"{""0.0000"": 4}"
c3_w2_tcop_cm1_states_L0.4_kp0_4221_up0_0000_s137,cm1,stageA,0.2,0.4221,0.0,,137,250,10,1,True,,0.3855239999999999,0.001431277146548965,1.8069677234917108,0.01843080174780339,1.8233645440258626,0.0033016032242527025,0.022678310197833257,0.1400691003930518,0.2368188048,0.04989594596758338,True,True,False,False,True,0.1999984658005633,0.1999984658005633,0.0,"{""0.0000"": 4}"
c3_w2_tcop_cm1_states_L0.4_kp0_4221_up0_0000_s137,cm1,stageA,0.2,0.4221,0.0,,137,275,11,2,True,,0.38587999999999995,0.0026244116083129847,3.1498468028050426,0.011658701891962957,1.447444699582734,0.005970121201066178,0.02340104291359672,0.1399398773195297,0.23689508480000002,0.05073130788773338,True,True,False,False,False,0.1999984658005633,0.1999984658005633,0.0,"{""0.0000"": 4}"
c3_w2_tcop_cm1_states_L0.4_kp0_4221_up0_0000_s137,cm1,stageA,0.2,0.4221,0.0,,137,300,12,0,False,EXITS_PRIMARY_BLOCK_SET,0.38607600000000014,0.002707732577802078,3.332682753144872,0.024585150679135012,2.5610627546264846,0.002987275377246931,0.021466163218441615,0.10982293613220465,0.2369526384,0.04977551831975233,True,True,False,False,False,0.1999984658005633,0.1999984658005633,0.0,"{""0.0000"": 4}"
c3_w2_tcop_cm1_states_L0.4_kp0_4221_up0_0000_s256,cm1,stageA,0.2,0.4221,0.0,,256,0,0,0,False,PRE_PRIMARY_PHASE_IMBALANCE,0.384284,0.0012355911037699183,1.5768104756149404,0.03933261329174265,3.892172547358827,0.06338134187263308,0.08113445895652645,0.812940427358567,0.2356376976,0.048849230741128354,False,True,False,False,False,0.1999984658005633,0.1999984658005633,0.0,"{""0.0000"": 4}"
c3_w2_tcop_cm1_states_L0.4_kp0_4221_up0_0000_s256,cm1,stageA,0.2,0.4221,0.0,,256,25,1,1,False,PRE_PRIMARY_PHASE_IMBALANCE,0.38768,0.0014605879266682408,1.721940464813639,0.03830113136582851,3.458049393994924,0.013774386070022527,0.027367239359053323,0.12794056921187422,0.2372716512,0.04817694054213073,True,True,False,False,False,0.1999984658005633,0.1999984658005633,0.0,"{""0.0000"": 4}"
c3_w2_tcop_cm1_states_L0.4_kp0_4221_up0_0000_s256,cm1,stageA,0.2,0.4221,0.0,,256,50,2,2,False,PRE_PRIMARY_PHASE_IMBALANCE,0.38628,0.002280282466231247,2.510516189401357,0.05571076943193112,5.645702921394636,0.03448993539074706,0.025699010106487497,0.12633322945445474,0.23696921600000004,0.04796333599740535,True,True,False,False,False,0.1999984658005633,0.1999984658005633,0.0,"{""0.0000"": 4}"
c3_w2_tcop_cm1_states_L0.4_kp0_4221_up0_0000_s256,cm1,stageA,0.2,0.4221,0.0,,256,75,3,0,True,,0.3851280000000001,0.0015969902119104251,2.1676234838944173,0.02883731364904132,2.972431107272642,0.017985222168424016,0.02589066325459564,0.12671111909102656,0.23670499839999998,0.04952275856613805,True,True,False,False,False,0.1999984658005633,0.1999984658005633,0.0,"{""0.0000"": 4}"
c3_w2_tcop_cm1_states_L0.4_kp0_4221_up0_0000_s256,cm1,stageA,0.2,0.4221,0.0,,256,100,4,1,True,,0.38498,0.0009692577246297021,1.1349364960652595,0.02114225045012488,2.1122077726482154,0.008203012601633574,0.026021207355386686,0.12779884636137248,0.23667004639999997,0.05047731767833945,True,True,False,False,False,0.1999984658005633,0.1999984658005633,0.0,"{""0.0000"": 4}"
c3_w2_tcop_cm1_states_L0.4_kp0_4221_up0_0000_s256,cm1,stageA,0.2,0.4221,0.0,,256,125,5,2,True,,0.38561599999999996,0.0010729293798736968,1.479307261710358,0.013321936420179117,1.396054665172761,0.018151684421404607,0.025930011012894678,0.14107298415762579,0.23681632,0.0502662963027912,True,True,False,False,True,0.1999984658005633,0.1999984658005633,0.0,"{""0.0000"": 4}"
c3_w2_tcop_cm1_states_L0.4_kp0_4221_up0_0000_s256,cm1,stageA,0.2,0.4221,0.0,,256,150,6,0,True,,0.38705600000000007,0.0007278413100909874,1.2925159891190587,0.0327562925507868,3.267572585780973,0.004468637501620959,0.026262659520886772,0.14054813737405403,0.23714032319999995,0.05035050013654283,True,True,False,False,False,0.1999984658005633,0.1999984658005633,0.0,"{""0.0000"": 4}"
c3_w2_tcop_cm1_states_L0.4_kp0_4221_up0_0000_s256,cm1,stageA,0.2,0.4221,0.0,,256,175,7,1,True,,0.38712399999999997,0.0021174377472741434,2.4539034831130957,0.034453936996673026,3.748958206851197,0.01213686011419536,0.025573439247398983,0.12915758224972465,0.2371609968,0.0503452939608063,True,True,False,False,False,0.1999984658005633,0.1999984658005633,0.0,"{""0.0000"": 4}"
c3_w2_tcop_cm1_states_L0.4_kp0_4221_up0_0000_s256,cm1,stageA,0.2,0.4221,0.0,,256,200,8,2,True,,0.386308,0.0016857933690437455,1.9144972573105763,0.023798398942293953,2.298188691254659,0.013384027828363693,0.025300374386919625,0.13150128878640532,0.2369786032,0.04994245824946946,True,True,False,False,False,0.1999984658005633,0.1999984658005633,0.0,"{""0.0000"": 4}"
c3_w2_tcop_cm1_states_L0.4_kp0_4221_up0_0000_s256,cm1,stageA,0.2,0.4221,0.0,,256,225,9,0,True,,0.38577999999999996,-0.0001349874810096817,0.28763123511154126,0.02740750231812089,2.8075626356032233,0.010361137699233011,0.025231470701922165,0.11094406109455116,0.2368590448,0.04925110760175856,True,True,False,False,False,0.1999984658005633,0.1999984658005633,0.0,"{""0.0000"": 4}"
c3_w2_tcop_cm1_states_L0.4_kp0_4221_up0_0000_s256,cm1,stageA,0.2,0.4221,0.0,,256,250,10,1,True,,0.3846319999999999,0.0017009624401357973,2.289863772250941,0.01861317447758929,1.889307757682458,0.012163698919023469,0.02532762698328147,0.11855487812102258,0.23659532160000002,0.0499686359229467,True,True,False,False,False,0.1999984658005633,0.1999984658005633,0.0,"{""0.0000"": 4}"
c3_w2_tcop_cm1_states_L0.4_kp0_4221_up0_0000_s256,cm1,stageA,0.2,0.4221,0.0,,256,275,11,2,True,,0.38464400000000004,0.0006159123699723501,1.1259475800125167,0.03451759992369079,3.4097132581652607,0.001163789798651818,0.0251148936110754,0.11647133422990782,0.23659967199999998,0.05034911383530002,True,True,False,False,False,0.1999984658005633,0.1999984658005633,0.0,"{""0.0000"": 4}"
c3_w2_tcop_cm1_states_L0.4_kp0_4221_up0_0000_s256,cm1,stageA,0.2,0.4221,0.0,,256,300,12,0,False,EXITS_PRIMARY_BLOCK_SET,0.384924,0.0013138915848350662,1.5325941304828938,0.033526581762861225,3.2204189092665314,0.005666308424896303,0.023780197903181557,0.1163866110806637,0.2366737264,0.049963528938616816,True,True,False,False,False,0.1999984658005633,0.1999984658005633,0.0,"{""0.0000"": 4}"
c3_w2_tcop_cm1_states_L0.4_kp0_4221_up0_0000_s1024,cm1,stageA,0.2,0.4221,0.0,,1024,0,0,0,False,PRE_PRIMARY_PHASE_IMBALANCE,0.38162799999999997,0.001202036141136541,1.5950081271745895,0.038687424644047015,3.7732955624853615,0.04501314836115144,0.07873629597636998,0.8196463550377687,0.2350851888,0.049517164862298,False,True,False,False,False,0.1999984658005633,0.1999984658005633,0.0,"{""0.0000"": 4}"
c3_w2_tcop_cm1_states_L0.4_kp0_4221_up0_0000_s1024,cm1,stageA,0.2,0.4221,0.0,,1024,25,1,1,False,PRE_PRIMARY_PHASE_IMBALANCE,0.38504000000000005,0.0021087674443969764,2.3821738798992067,0.029068093025195408,2.7961635156435554,0.002441133365255783,0.02209511362239027,0.11739040069242054,0.2367118208,0.04955359119175925,True,True,False,False,False,0.1999984658005633,0.1999984658005633,0.0,"{""0.0000"": 4}"
c3_w2_tcop_cm1_states_L0.4_kp0_4221_up0_0000_s1024,cm1,stageA,0.2,0.4221,0.0,,1024,50,2,2,False,PRE_PRIMARY_PHASE_IMBALANCE,0.385136,0.0022034802870443963,2.5406670992563485,0.027993407174772025,2.8958030900351157,0.012582787887597965,0.02147792626168723,0.11736113965622241,0.23673783680000005,0.05008494288705938,True,True,False,False,False,0.1999984658005633,0.1999984658005633,0.0,"{""0.0000"": 4}"
c3_w2_tcop_cm1_states_L0.4_kp0_4221_up0_0000_s1024,cm1,stageA,0.2,0.4221,0.0,,1024,75,3,0,True,,0.38731999999999994,0.0013488035983756116,1.9093413523958787,0.027010683759283498,2.5690286953795254,0.01942030405813903,0.024622729975436835,0.13632138764762633,0.23721226560000003,0.04941191759079989,True,True,False,False,False,0.1999984658005633,0.1999984658005633,0.0,"{""0.0000"": 4}"
c3_w2_tcop_cm1_states_L0.4_kp0_4221_up0_0000_s1024,cm1,stageA,0.2,0.4221,0.0,,1024,100,4,1,True,,0.386792,0.00152984533673064,1.9466452227893531,0.02383365468451832,2.150472281769547,0.010806267882974513,0.02583671487251247,0.14064406673187638,0.23708408000000003,0.05024050891461988,True,True,False,False,False,0.1999984658005633,0.1999984658005633,0.0,"{""0.0000"": 4}"
c3_w2_tcop_cm1_states_L0.4_kp0_4221_up0_0000_s1024,cm1,stageA,0.2,0.4221,0.0,,1024,125,5,2,True,,0.385824,0.0012759635196632998,1.3312307118142337,0.04667410762582268,4.79097529674226,0.025773913477824383,0.027543536410775282,0.14618064157185495,0.2368509088,0.049964797848085,True,True,False,False,False,0.1999984658005633,0.1999984658005633,0.0,"{""0.0000"": 4}"
c3_w2_tcop_cm1_states_L0.4_kp0_4221_up0_0000_s1024,cm1,stageA,0.2,0.4221,0.0,,1024,150,6,0,True,,0.386044,0.0009186410639314159,1.3364531417715408,0.05700592050373699,5.6702141154869325,0.019128229980819273,0.028430940481873383,0.1460973356765101,0.2368935664,0.05011656476655199,True,True,False,False,False,0.1999984658005633,0.1999984658005633,0.0,"{""0.0000"": 4}"
c3_w2_tcop_cm1_states_L0.4_kp0_4221_up0_0000_s1024,cm1,stageA,0.2,0.4221,0.0,,1024,175,7,1,True,,0.384296,0.0018285102579576054,2.1147876342775604,0.042459859605457305,4.36545453691279,0.007498720167054541,0.025933869543503876,0.12594458405514344,0.2365132576,0.049625239384813044,True,True,False,False,False,0.1999984658005633,0.1999984658005633,0.0,"{""0.0000"": 4}"
c3_w2_tcop_cm1_states_L0.4_kp0_4221_up0_0000_s1024,cm1,stageA,0.2,0.4221,0.0,,1024,200,8,2,True,,0.3849119999999999,0.0011744611563666097,1.4182887953569279,0.04357812840778924,4.288691640812066,0.0012359385301606491,0.024532606016371195,0.12574302665091497,0.23666558399999998,0.05165841902342734,True,True,False,False,False,0.1999984658005633,0.1999984658005633,0.0,"{""0.0000"": 4}"
c3_w2_tcop_cm1_states_L0.4_kp0_4221_up0_0000_s1024,cm1,stageA,0.2,0.4221,0.0,,1024,225,9,0,True,,0.385604,0.0007026037360776823,1.1427816302157514,0.030484001961809597,3.5031188065920973,0.008024163149026634,0.02307525063216817,0.12033070165161484,0.23683438240000004,0.05074086305927403,True,True,False,False,False,0.1999984658005633,0.1999984658005633,0.0,"{""0.0000"": 4}"
c3_w2_tcop_cm1_states_L0.4_kp0_4221_up0_0000_s1024,cm1,stageA,0.2,0.4221,0.0,,1024,250,10,1,True,,0.38564,0.0013380864526968898,1.8200110913510053,0.022389721150676258,2.075935617741404,0.004354340619327892,0.023259326936826377,0.12343117901817445,0.23684133440000005,0.05114636252950937,True,True,False,False,False,0.1999984658005633,0.1999984658005633,0.0,"{""0.0000"": 4}"
c3_w2_tcop_cm1_states_L0.4_kp0_4221_up0_0000_s1024,cm1,stageA,0.2,0.4221,0.0,,1024,275,11,2,True,,0.3867759999999999,0.0010803709098875943,1.612324365136734,0.025417846384217346,2.6160767829934612,0.012298580230596502,0.022931906062741883,0.12306864923607291,0.23710165760000007,0.050785094506163905,True,True,False,False,False,0.1999984658005633,0.1999984658005633,0.0,"{""0.0000"": 4}"
c3_w2_tcop_cm1_states_L0.4_kp0_4221_up0_0000_s1024,cm1,stageA,0.2,0.4221,0.0,,1024,300,12,0,False,EXITS_PRIMARY_BLOCK_SET,0.38688799999999995,0.0012144562707165727,1.6596724318844887,0.027247836578683734,2.812381784286799,0.0014554504357214824,0.023932098765392443,0.12303302215878227,0.23711994560000002,0.05051331958998537,True,True,False,False,False,0.1999984658005633,0.1999984658005633,0.0,"{""0.0000"": 4}"
c3_w2_tcop_cm1_states_L0.4_kp0_4221_up0_0000_s31415,cm1,stageA,0.2,0.4221,0.0,,31415,0,0,0,False,PRE_PRIMARY_PHASE_IMBALANCE,0.380724,0.000809892591223298,1.1756669729629354,0.04641405794887106,4.470033429813801,0.06810590581941198,0.08028897845826817,0.8257950619719401,0.23483883679999995,0.048994650973346064,False,True,False,False,False,0.1999984658005633,0.1999984658005633,0.0,"{""0.0000"": 4}"
c3_w2_tcop_cm1_states_L0.4_kp0_4221_up0_0000_s31415,cm1,stageA,0.2,0.4221,0.0,,31415,25,1,1,False,PRE_PRIMARY_PHASE_IMBALANCE,0.38554,0.0013211717624840391,1.6388699433345149,0.03768934684758076,4.068084064370171,0.002626604926856068,0.025926178857762702,0.13383825249302725,0.2367989968,0.049919018419836744,True,True,False,False,False,0.1999984658005633,0.1999984658005633,0.0,"{""0.0000"": 4}"
c3_w2_tcop_cm1_states_L0.4_kp0_4221_up0_0000_s31415,cm1,stageA,0.2,0.4221,0.0,,31415,50,2,2,False,PRE_PRIMARY_PHASE_IMBALANCE,0.38569200000000003,0.0015324850679599056,2.0413806949110307,0.023839389485204723,2.3447536287599555,0.0058180734695602665,0.02635322544329596,0.1410451859487747,0.23683036960000003,0.04960525310891982,True,True,False,False,False,0.1999984658005633,0.1999984658005633,0.0,"{""0.0000"": 4}"
c3_w2_tcop_cm1_states_L0.4_kp0_4221_up0_0000_s31415,cm1,stageA,0.2,0.4221,0.0,,31415,75,3,0,True,,0.38504,0.0012233579552210867,1.6152701186519987,0.024715273889254565,2.811251043497704,0.0009412950412506751,0.02575433968494752,0.11946810689936613,0.23668586239999997,0.04974453135772816,True,True,False,False,False,0.1999984658005633,0.1999984658005633,0.0,"{""0.0000"": 4}"
c3_w2_tcop_cm1_states_L0.4_kp0_4221_up0_0000_s31415,cm1,stageA,0.2,0.4221,0.0,,31415,100,4,1,True,,0.38512800000000014,0.0008859594645162546,1.2863427745151255,0.026013693635108352,2.6502210224045384,0.001028332406192401,0.026323686485658304,0.11944080897924642,0.2367016448,0.04909199136315413,True,True,False,False,False,0.1999984658005633,0.1999984658005633,0.0,"{""0.0000"": 4}"
c3_w2_tcop_cm1_states_L0.4_kp0_4221_up0_0000_s31415,cm1,stageA,0.2,0.4221,0.0,,31415,125,5,2,True,,0.38473599999999997,0.0019192799094846166,2.424350856023034,0.03346458242003249,3.564792731290845,0.0006101416912827157,0.025375167838342663,0.11956250488760484,0.23661889920000004,0.04947696740908844,True,True,False,False,False,0.1999984658005633,0.1999984658005633,0.0,"{""0.0000"": 4}"
c3_w2_tcop_cm1_states_L0.4_kp0_4221_up0_0000_s31415,cm1,stageA,0.2,0.4221,0.0,,31415,150,6,0,True,,0.3842520000000001,0.0012559446872956416,1.8600574044607154,0.026498541191713364,2.549566914835796,0.007390264631042042,0.025007299439016098,0.1113852364818264,0.2365100656,0.049241044830507,True,True,False,False,False,0.1999984658005633,0.1999984658005633,0.0,"{""0.0000"": 4}"
c3_w2_tcop_cm1_states_L0.4_kp0_4221_up0_0000_s31415,cm1,stageA,0.2,0.4221,0.0,,31415,175,7,1,True,,0.384884,0.001776499292585517,2.2218370404644388,0.030140349545319,3.002508785332597,0.0030077523632281787,0.026288211542390943,0.14965548022350775,0.2366459344,0.050628317609812,True,True,False,False,False,0.1999984658005633,0.1999984658005633,0.0,"{""0.0000"": 4}"
c3_w2_tcop_cm1_states_L0.4_kp0_4221_up0_0000_s31415,cm1,stageA,0.2,0.4221,0.0,,31415,200,8,2,True,,0.3846399999999999,0.0033042380636896873,3.4641318717741187,0.02538505840009645,2.6466794818866237,0.0048935841876274425,0.025583630842356177,0.1539101493502753,0.2365952352,0.04994787683175332,True,True,False,False,False,0.1999984658005633,0.1999984658005633,0.0,"{""0.0000"": 4}"
c3_w2_tcop_cm1_states_L0.4_kp0_4221_up0_0000_s31415,cm1,stageA,0.2,0.4221,0.0,,31415,225,9,0,True,,0.3851680000000001,0.0018881837058405534,2.297281576596819,0.020538793682548715,2.0115957560154114,0.008157256530298551,0.02505740228521706,0.15369916464062655,0.23672046400000002,0.04875501795712929,True,True,False,False,False,0.1999984658005633,0.1999984658005633,0.0,"{""0.0000"": 4}"
c3_w2_tcop_cm1_states_L0.4_kp0_4221_up0_0000_s31415,cm1,stageA,0.2,0.4221,0.0,,31415,250,10,1,True,,0.386144,0.0010700338574237743,1.528220965288103,0.031066105938323194,3.3371427163020058,0.0005855396165041244,0.026113506731858905,0.15745421356422942,0.23693513279999998,0.04969196377685229,True,True,False,False,False,0.1999984658005633,0.1999984658005633,0.0,"{""0.0000"": 4}"
c3_w2_tcop_cm1_states_L0.4_kp0_4221_up0_0000_s31415,cm1,stageA,0.2,0.4221,0.0,,31415,275,11,2,True,,0.38535600000000003,0.0008728728916072935,1.080919113057241,0.024333501964819416,2.448518882198057,0.0014456650684700856,0.02457889360323843,0.15777618576647004,0.23676704160000003,0.04958299369743622,True,True,False,False,False,0.1999984658005633,0.1999984658005633,0.0,"{""0.0000"": 4}"
c3_w2_tcop_cm1_states_L0.4_kp0_4221_up0_0000_s31415,cm1,stageA,0.2,0.4221,0.0,,31415,300,12,0,False,EXITS_PRIMARY_BLOCK_SET,0.386908,-0.00011448574829261826,0.2762735226375414,0.03171557101964464,3.129665235664427,0.009349513917583242,0.024714924953568727,0.14266957482742784,0.23711876,0.049690235821537414,True,True,False,False,False,0.1999984658005633,0.1999984658005633,0.0,"{""0.0000"": 4}"
c3_w2_tcop_cm1_states_L0.4_km0_4221_up0_0000_s42,cm1,stageA,-0.2,-0.4221,0.0,,42,0,0,0,False,PRE_PRIMARY_PHASE_IMBALANCE,0.40788399999999997,0.00042048835117634387,0.736714774690654,-0.03745096619913204,-3.3146311727754894,0.04087982706323962,0.08004609838946275,0.8963332690266517,0.24044865119999997,0.04990914288985536,False,True,False,False,False,-0.1999984658005633,-0.1999984658005633,0.0,"{""0.0000"": 4}"
c3_w2_tcop_cm1_states_L0.4_km0_4221_up0_0000_s42,cm1,stageA,-0.2,-0.4221,0.0,,42,25,1,1,False,PRE_PRIMARY_PHASE_IMBALANCE,0.4107119999999999,0.000942471505803103,1.4711048945969318,-0.037214277887260984,-3.8130217073238515,0.004621510465629312,0.022973570161901283,0.12758331841391704,0.241938624,0.04928583017460495,True,True,False,False,False,-0.1999984658005633,-0.1999984658005633,0.0,"{""0.0000"": 4}"
c3_w2_tcop_cm1_states_L0.4_km0_4221_up0_0000_s42,cm1,stageA,-0.2,-0.4221,0.0,,42,50,2,2,False,PRE_PRIMARY_PHASE_IMBALANCE,0.411496,0.0019902117928069733,2.399226526358985,-0.026264236668090905,-2.4080904094411073,0.009015424140411031,0.024267962779185432,0.1273402411509705,0.24206731839999995,0.04948617972727335,True,True,False,False,False,-0.1999984658005633,-0.1999984658005633,0.0,"{""0.0000"": 4}"
c3_w2_tcop_cm1_states_L0.4_km0_4221_up0_0000_s42,cm1,stageA,-0.2,-0.4221,0.0,,42,75,3,0,True,,0.41164,0.0022747278701105186,2.889527179389939,-0.03970594731300547,-4.009564420872574,0.005369111380653501,0.02293327716191673,0.11855018919796366,0.242103392,0.04926287039952098,True,True,False,False,False,-0.1999984658005633,-0.1999984658005633,0.0,"{""0.0000"": 4}"
c3_w2_tcop_cm1_states_L0.4_km0_4221_up0_0000_s42,cm1,stageA,-0.2,-0.4221,0.0,,42,100,4,1,True,,0.4114960000000001,0.002501728802532492,2.791303647465728,-0.03572553145168012,-3.887364661381094,0.0009239409833339424,0.02509602884910661,0.11859167496502582,0.24206039680000002,0.04855843885464194,True,True,False,False,False,-0.1999984658005633,-0.1999984658005633,0.0,"{""0.0000"": 4}"
c3_w2_tcop_cm1_states_L0.4_km0_4221_up0_0000_s42,cm1,stageA,-0.2,-0.4221,0.0,,42,125,5,2,True,,0.41098799999999996,0.0016247434977383058,1.9769741123903366,-0.031047083671434054,-2.9957814397812084,0.009404426652959734,0.024311535548642432,0.1187382597089494,0.24197702879999997,0.048869048036564,True,True,False,False,False,-0.1999984658005633,-0.1999984658005633,0.0,"{""0.0000"": 4}"
c3_w2_tcop_cm1_states_L0.4_km0_4221_up0_0000_s42,cm1,stageA,-0.2,-0.4221,0.0,,42,150,6,0,True,,0.41080399999999995,0.0015048023389480673,1.815866354989105,-0.02568814162375039,-2.3524159067519483,0.003458345261362233,0.02504416928171978,0.1460550526624496,0.2419382256,0.04824306772998583,True,True,False,False,False,-0.1999984658005633,-0.1999984658005633,0.0,"{""0.0000"": 4}"
c3_w2_tcop_cm1_states_L0.4_km0_4221_up0_0000_s42,cm1,stageA,-0.2,-0.4221,0.0,,42,175,7,1,True,,0.4108760000000001,0.0020393888859099145,2.677405680196968,-0.01698285312155149,-1.5026852866048175,0.000180510461942525,0.024644610296463566,0.14116181003231673,0.24195437920000004,0.04883843388152409,True,True,False,False,False,-0.1999984658005633,-0.1999984658005633,0.0,"{""0.0000"": 4}"
c3_w2_tcop_cm1_states_L0.4_km0_4221_up0_0000_s42,cm1,stageA,-0.2,-0.4221,0.0,,42,200,8,2,True,,0.41003199999999995,0.0015614143529473939,1.8354269801096614,-0.01729934205083711,-1.7273932773082215,0.002666985387161342,0.0247903342252105,0.15413431109246514,0.2418024352,0.04841568935789307,True,True,False,False,True,-0.1999984658005633,-0.1999984658005633,0.0,"{""0.0000"": 4}"
c3_w2_tcop_cm1_states_L0.4_km0_4221_up0_0000_s42,cm1,stageA,-0.2,-0.4221,0.0,,42,225,9,0,True,,0.411128,0.0018600607123459782,2.4724757360927616,-0.021467604914371524,-2.078425096636972,0.0013486200020329795,0.02413947754070888,0.15372341423176372,0.24200327360000004,0.04853130552540288,True,True,False,False,False,-0.1999984658005633,-0.1999984658005633,0.0,"{""0.0000"": 4}"
c3_w2_tcop_cm1_states_L0.4_km0_4221_up0_0000_s42,cm1,stageA,-0.2,-0.4221,0.0,,42,250,10,1,True,,0.41080399999999995,0.00038446231081198956,0.8130285577937363,-0.0367096747163839,-3.6980252532226303,0.00586791036659229,0.023076696266446803,0.12268624423645767,0.2419542032,0.04917106449935775,True,True,False,False,False,-0.1999984658005633,-0.1999984658005633,0.0,"{""0.0000"": 4}"
c3_w2_tcop_cm1_states_L0.4_km0_4221_up0_0000_s42,cm1,stageA,-0.2,-0.4221,0.0,,42,275,11,2,True,,0.41058,-0.0006011976770524549,-0.20940491966239347,-0.04487790230829286,-4.584742616463351,0.00034082028607942337,0.024233263769257028,0.13444395700120806,0.24190506720000005,0.047978574384823065,True,True,False,False,False,-0.1999984658005633,-0.1999984658005633,0.0,"{""0.0000"": 4}"
c3_w2_tcop_cm1_states_L0.4_km0_4221_up0_0000_s42,cm1,stageA,-0.2,-0.4221,0.0,,42,300,12,0,False,EXITS_PRIMARY_BLOCK_SET,0.41127600000000003,-0.0011315968379955706,-0.7832192564454228,-0.033710500584867555,-3.494193025876108,0.008577288134243079,0.022339657274934248,0.13421643826963772,0.2420436368,0.04763372569934037,True,True,False,False,False,-0.1999984658005633,-0.1999984658005633,0.0,"{""0.0000"": 4}"
c3_w2_tcop_cm1_states_L0.4_km0_4221_up0_0000_s137,cm1,stageA,-0.2,-0.4221,0.0,,137,0,0,0,False,PRE_PRIMARY_PHASE_IMBALANCE,0.40860399999999997,0.0011005446304030184,1.6174718097862573,-0.03365535702924015,-3.501995848306291,0.030393931233656017,0.08059875584551679,0.8967117284786449,0.2405621904,0.04771342771170397,False,True,False,False,False,-0.1999984658005633,-0.1999984658005633,0.0,"{""0.0000"": 4}"
c3_w2_tcop_cm1_states_L0.4_km0_4221_up0_0000_s137,cm1,stageA,-0.2,-0.4221,0.0,,137,25,1,1,False,PRE_PRIMARY_PHASE_IMBALANCE,0.41028400000000004,0.0015475277753166383,2.0052524277249657,-0.03867055588733545,-4.0233921758294615,0.005709202000845021,0.024696570989356525,0.1052929187945596,0.24184836959999997,0.04810862026705817,True,True,False,False,False,-0.1999984658005633,-0.1999984658005633,0.0,"{""0.0000"": 4}"
c3_w2_tcop_cm1_states_L0.4_km0_4221_up0_0000_s137,cm1,stageA,-0.2,-0.4221,0.0,,137,50,2,2,False,PRE_PRIMARY_PHASE_IMBALANCE,0.410324,0.0029073955274775297,3.140511642911694,-0.041368689615938516,-4.00250984024966,0.0019332998459745394,0.0251854789765102,0.11015685139022617,0.2418514192,0.04900709156846589,True,True,False,False,False,-0.1999984658005633,-0.1999984658005633,0.0,"{""0.0000"": 4}"
c3_w2_tcop_cm1_states_L0.4_km0_4221_up0_0000_s137,cm1,stageA,-0.2,-0.4221,0.0,,137,75,3,0,True,,0.41070799999999996,0.003135505141781423,3.2559284366938526,-0.03133996405118129,-2.7488160076032524,0.005137594105698216,0.025441285395646156,0.11297564178692492,0.2419177584,0.048104248627330204,True,True,False,False,False,-0.1999984658005633,-0.1999984658005633,0.0,"{""0.0000"": 4}"
c3_w2_tcop_cm1_states_L0.4_km0_4221_up0_0000_s137,cm1,stageA,-0.2,-0.4221,0.0,,137,100,4,1,True,,0.41054399999999996,0.003058681813501626,3.390512698738301,-0.02600137079359715,-2.491615169348688,0.004564936781870142,0.024544868899425556,0.11302077216322544,0.24189608320000006,0.04793937905313334,True,True,False,False,False,-0.1999984658005633,-0.1999984658005633,0.0,"{""0.0000"": 4}"
c3_w2_tcop_cm1_states_L0.4_km0_4221_up0_0000_s137,cm1,stageA,-0.2,-0.4221,0.0,,137,125,5,2,True,,0.410476,0.002152809775821679,2.922802770965642,-0.013762342753275219,-1.257371700726633,0.0031102614176139404,0.022445051404595576,0.1101160601104179,0.24190057120000003,0.047664383180735695,True,True,False,False,False,-0.1999984658005633,-0.1999984658005633,0.0,"{""0.0000"": 4}"
c3_w2_tcop_cm1_states_L0.4_km0_4221_up0_0000_s137,cm1,stageA,-0.2,-0.4221,0.0,,137,150,6,0,True,,0.4107839999999999,0.002256625717295582,2.7618067495095433,-0.02492773608126819,-2.4202353258986125,7.245407860362015e-05,0.020843170272840977,0.11003349665509482,0.24196719679999998,0.04792520572725797,True,True,False,False,False,-0.1999984658005633,-0.1999984658005633,0.0,"{""0.0000"": 4}"
c3_w2_tcop_cm1_states_L0.4_km0_4221_up0_0000_s137,cm1,stageA,-0.2,-0.4221,0.0,,137,175,7,1,True,,0.4110040000000001,0.0013673584964864912,1.7006836596465629,-0.03161580802903594,-3.3782331106949663,0.003731139715438211,0.01944334907614221,0.10218878623519781,0.24201585120000005,0.04878926094951634,True,True,False,False,False,-0.1999984658005633,-0.1999984658005633,0.0,"{""0.0000"": 4}"
c3_w2_tcop_cm1_states_L0.4_km0_4221_up0_0000_s137,cm1,stageA,-0.2,-0.4221,0.0,,137,200,8,2,True,,0.4107160000000001,0.001118412779751759,1.4975240211671028,-0.022959553995110845,-2.286901828643558,0.0010151094458314817,0.02144515499545743,0.11686907713147503,0.24195078880000004,0.04804255763383128,True,True,False,False,False,-0.1999984658005633,-0.1999984658005633,0.0,"{""0.0000"": 4}"
c3_w2_tcop_cm1_states_L0.4_km0_4221_up0_0000_s137,cm1,stageA,-0.2,-0.4221,0.0,,137,225,9,0,True,,0.4112159999999999,0.000863306407494917,1.4117013945653611,-0.016646595403917105,-1.6105462718473766,0.002767873372178722,0.020404474048283827,0.11672697532020403,0.24204699839999996,0.04789030532372914,True,True,False,False,True,-0.1999984658005633,-0.1999984658005633,0.0,"{""0.0000"": 4}"
c3_w2_tcop_cm1_states_L0.4_km0_4221_up0_0000_s137,cm1,stageA,-0.2,-0.4221,0.0,,137,250,10,1,True,,0.41084400000000004,0.00019665120472919586,0.5744670533628804,-0.041931857683154855,-4.1613942023868375,0.0022171215519561564,0.02178610537775687,0.11293824392485163,0.24197109280000004,0.04823575089080712,True,True,False,False,False,-0.1999984658005633,-0.1999984658005633,0.0,"{""0.0000"": 4}"
c3_w2_tcop_cm1_states_L0.4_km0_4221_up0_0000_s137,cm1,stageA,-0.2,-0.4221,0.0,,137,275,11,2,True,,0.41088,0.0013430364189837005,1.7789573065407693,-0.04438661132067274,-4.251324713134798,0.00410905575538848,0.022968064109301134,0.11390186888166394,0.2419685664,0.04854550030641357,True,True,False,False,False,-0.1999984658005633,-0.1999984658005633,0.0,"{""0.0000"": 4}"
c3_w2_tcop_cm1_states_L0.4_km0_4221_up0_0000_s137,cm1,stageA,-0.2,-0.4221,0.0,,137,300,12,0,False,EXITS_PRIMARY_BLOCK_SET,0.41098,0.0008803266936342955,1.3747595105605948,-0.029755776503982444,-3.1125507472496126,0.0034019655715108376,0.022661153382368772,0.09732833690853969,0.24198870239999998,0.04798707742715741,True,True,False,False,False,-0.1999984658005633,-0.1999984658005633,0.0,"{""0.0000"": 4}"
c3_w2_tcop_cm1_states_L0.4_km0_4221_up0_0000_s256,cm1,stageA,-0.2,-0.4221,0.0,,256,0,0,0,False,PRE_PRIMARY_PHASE_IMBALANCE,0.41000400000000004,0.0014578201952781178,1.8085622413411762,-0.019816713455653306,-2.0106486037057234,0.04393391592325177,0.08137751632064828,0.9219422227052851,0.2407874896,0.04645729204333804,False,True,False,False,False,-0.1999984658005633,-0.1999984658005633,0.0,"{""0.0000"": 4}"
c3_w2_tcop_cm1_states_L0.4_km0_4221_up0_0000_s256,cm1,stageA,-0.2,-0.4221,0.0,,256,25,1,1,False,PRE_PRIMARY_PHASE_IMBALANCE,0.41245599999999993,0.0017232995166098942,1.9181455219752483,-0.01885367635888012,-1.7697231014828843,0.007153187322648614,0.02437578241474438,0.101829043335946,0.24223496640000003,0.04653738351046393,True,True,False,False,True,-0.1999984658005633,-0.1999984658005633,0.0,"{""0.0000"": 4}"
c3_w2_tcop_cm1_states_L0.4_km0_4221_up0_0000_s256,cm1,stageA,-0.2,-0.4221,0.0,,256,50,2,2,False,PRE_PRIMARY_PHASE_IMBALANCE,0.41135200000000005,0.0025746259520152614,2.914871482642068,-0.010758171977139809,-0.9849163893035621,0.02068975246605855,0.02401768176536317,0.09821272268467703,0.2420439232,0.04671543744844952,True,True,False,False,False,-0.1999984658005633,-0.1999984658005633,0.0,"{""0.0000"": 4}"
c3_w2_tcop_cm1_states_L0.4_km0_4221_up0_0000_s256,cm1,stageA,-0.2,-0.4221,0.0,,256,75,3,0,True,,0.41060399999999997,0.0013199025163083255,1.8713151602002742,-0.02884330283619715,-3.026785394108229,0.016585812616331352,0.025236010195259673,0.1246943524059816,0.24190098400000004,0.04805408602814125,True,True,False,False,False,-0.1999984658005633,-0.1999984658005633,0.0,"{""0.0000"": 4}"
c3_w2_tcop_cm1_states_L0.4_km0_4221_up0_0000_s256,cm1,stageA,-0.2,-0.4221,0.0,,256,100,4,1,True,,0.41028400000000004,0.0009167834479250975,1.1153620286056918,-0.034735696437499734,-3.6831519083042106,0.0030824659639769846,0.02551956572278564,0.12576654189350178,0.2418414128,0.04920527760311896,True,True,False,False,False,-0.1999984658005633,-0.1999984658005633,0.0,"{""0.0000"": 4}"
c3_w2_tcop_cm1_states_L0.4_km0_4221_up0_0000_s256,cm1,stageA,-0.2,-0.4221,0.0,,256,125,5,2,True,,0.4107239999999999,0.0007138230844761188,1.07616250588171,-0.04446997047910371,-4.5012722397885465,0.013000978682514706,0.024965303229164112,0.14413572096070432,0.2419246544,0.049073779393888135,True,True,False,False,False,-0.1999984658005633,-0.1999984658005633,0.0,"{""0.0000"": 4}"
c3_w2_tcop_cm1_states_L0.4_km0_4221_up0_0000_s256,cm1,stageA,-0.2,-0.4221,0.0,,256,150,6,0,True,,0.41183600000000004,-0.0001766164494530377,0.34900571637288025,-0.03986975357028864,-4.144684312105017,0.004407826236037902,0.024293975897854293,0.14374653953577027,0.2421270064,0.04899580700427334,True,True,False,False,False,-0.1999984658005633,-0.1999984658005633,0.0,"{""0.0000"": 4}"
c3_w2_tcop_cm1_states_L0.4_km0_4221_up0_0000_s256,cm1,stageA,-0.2,-0.4221,0.0,,256,175,7,1,True,,0.411984,0.0010565748718180913,1.4318742051989208,-0.0372398242922209,-3.6197531762396915,0.01030278954557265,0.02398167888068114,0.13981125446665107,0.242155568,0.04862410661390088,True,True,False,False,False,-0.1999984658005633,-0.1999984658005633,0.0,"{""0.0000"": 4}"
c3_w2_tcop_cm1_states_L0.4_km0_4221_up0_0000_s256,cm1,stageA,-0.2,-0.4221,0.0,,256,200,8,2,True,,0.4115160000000001,0.0006611903590491397,1.0137536511689353,-0.03355681718140141,-3.589247521978069,0.009299037366634937,0.022707457268753457,0.13997025598039872,0.24208326240000003,0.04790471525852127,True,True,False,False,False,-0.1999984658005633,-0.1999984658005633,0.0,"{""0.0000"": 4}"
c3_w2_tcop_cm1_states_L0.4_km0_4221_up0_0000_s256,cm1,stageA,-0.2,-0.4221,0.0,,256,225,9,0,True,,0.41096400000000005,-0.000597750760776251,-0.07759221315872193,-0.03334253434114283,-3.410129114745313,0.008524226712089784,0.022084783829275388,0.11387858762840884,0.24199021600000006,0.04770482893795973,True,True,False,False,False,-0.1999984658005633,-0.1999984658005633,0.0,"{""0.0000"": 4}"
c3_w2_tcop_cm1_states_L0.4_km0_4221_up0_0000_s256,cm1,stageA,-0.2,-0.4221,0.0,,256,250,10,1,True,,0.410244,0.0016485939457689652,2.0580017788267173,-0.039196758019897075,-3.5289310329055414,0.007322228680289868,0.02293740871778596,0.1170035390718609,0.2418553136,0.04822012509316001,True,True,False,False,False,-0.1999984658005633,-0.1999984658005633,0.0,"{""0.0000"": 4}"
c3_w2_tcop_cm1_states_L0.4_km0_4221_up0_0000_s256,cm1,stageA,-0.2,-0.4221,0.0,,256,275,11,2,True,,0.41032,0.00093982450595011,1.4053971625188573,-0.019834787782358965,-1.8878652230405706,0.0017233152401730687,0.021668853898369606,0.10723337856494103,0.24187844480000006,0.04875712870955384,True,True,False,False,True,-0.1999984658005633,-0.1999984658005633,0.0,"{""0.0000"": 4}"
c3_w2_tcop_cm1_states_L0.4_km0_4221_up0_0000_s256,cm1,stageA,-0.2,-0.4221,0.0,,256,300,12,0,False,EXITS_PRIMARY_BLOCK_SET,0.410204,0.001585690402719067,1.865386863597545,-0.022350963125198,-1.9893723709415798,0.001926843809365804,0.021538334203568068,0.09848758154847931,0.24185861920000004,0.04801164841994076,True,True,False,False,True,-0.1999984658005633,-0.1999984658005633,0.0,"{""0.0000"": 4}"
c3_w2_tcop_cm1_states_L0.4_km0_4221_up0_0000_s1024,cm1,stageA,-0.2,-0.4221,0.0,,1024,0,0,0,False,PRE_PRIMARY_PHASE_IMBALANCE,0.40827199999999997,0.0013258065474807319,1.7074311361287071,-0.021950616129660618,-2.2072435719072923,0.029707873328518684,0.08043148528880904,0.9268330893942442,0.2405076448,0.0481145925473759,False,True,False,False,False,-0.1999984658005633,-0.1999984658005633,0.0,"{""0.0000"": 4}"
c3_w2_tcop_cm1_states_L0.4_km0_4221_up0_0000_s1024,cm1,stageA,-0.2,-0.4221,0.0,,1024,25,1,1,False,PRE_PRIMARY_PHASE_IMBALANCE,0.41093599999999997,0.002108067100922602,2.4333285219152065,-0.026682492439214625,-2.616673877111298,0.005484614093322655,0.020970672529279616,0.09539198294772916,0.2419933408,0.048477663970121335,True,True,False,False,False,-0.1999984658005633,-0.1999984658005633,0.0,"{""0.0000"": 4}"
c3_w2_tcop_cm1_states_L0.4_km0_4221_up0_0000_s1024,cm1,stageA,-0.2,-0.4221,0.0,,1024,50,2,2,False,PRE_PRIMARY_PHASE_IMBALANCE,0.411156,0.001842392852982689,2.2371861375792585,-0.031884052597298304,-3.4642900620971964,0.011757881243579817,0.021445873712008658,0.0982595411516321,0.24202899360000005,0.048628218803488985,True,True,False,False,False,-0.1999984658005633,-0.1999984658005633,0.0,"{""0.0000"": 4}"
c3_w2_tcop_cm1_states_L0.4_km0_4221_up0_0000_s1024,cm1,stageA,-0.2,-0.4221,0.0,,1024,75,3,0,True,,0.412744,0.0013279421044455817,1.8576661016124674,-0.038201817211733095,-3.5486582950117125,0.011481775366591269,0.02341312241282136,0.11920221706626336,0.24229300480000002,0.04819118658012064,True,True,False,False,False,-0.1999984658005633,-0.1999984658005633,0.0,"{""0.0000"": 4}"
c3_w2_tcop_cm1_states_L0.4_km0_4221_up0_0000_s1024,cm1,stageA,-0.2,-0.4221,0.0,,1024,100,4,1,True,,0.41218400000000005,0.0012105899334818142,1.652375066705349,-0.033930976225848876,-3.492577679295716,0.011426331356072182,0.0240283155412808,0.11936416716960349,0.24219025919999995,0.048644322834221876,True,True,False,False,False,-0.1999984658005633,-0.1999984658005633,0.0,"{""0.0000"": 4}"
c3_w2_tcop_cm1_states_L0.4_km0_4221_up0_0000_s1024,cm1,stageA,-0.2,-0.4221,0.0,,1024,125,5,2,True,,0.41095600000000004,0.001009616100532932,1.147591139581838,-0.02544624572849712,-2.5419516285053545,0.02044394080040637,0.025367380313641354,0.1245875467821676,0.241962488,0.04864078601338593,True,True,False,False,False,-0.1999984658005633,-0.1999984658005633,0.0,"{""0.0000"": 4}"
c3_w2_tcop_cm1_states_L0.4_km0_4221_up0_0000_s1024,cm1,stageA,-0.2,-0.4221,0.0,,1024,150,6,0,True,,0.410712,0.0002927879338850971,0.6846599544899742,-0.016999540007683563,-1.6291531440726976,0.012639609047880243,0.02559593349419888,0.12466156303039223,0.24191713920000002,0.04840881175984389,True,True,False,False,True,-0.1999984658005633,-0.1999984658005633,0.0,"{""0.0000"": 4}"
c3_w2_tcop_cm1_states_L0.4_km0_4221_up0_0000_s1024,cm1,stageA,-0.2,-0.4221,0.0,,1024,175,7,1,True,,0.4094960000000001,0.0006509246474668472,0.9730889548592719,-0.02868992519356244,-2.796754953441325,0.0070958704504107215,0.023605943349520285,0.1133100198455906,0.24171558400000007,0.04832293434798843,True,True,False,False,False,-0.1999984658005633,-0.1999984658005633,0.0,"{""0.0000"": 4}"
c3_w2_tcop_cm1_states_L0.4_km0_4221_up0_0000_s1024,cm1,stageA,-0.2,-0.4221,0.0,,1024,200,8,2,True,,0.40998799999999996,0.00048456468904192003,0.8128740659635817,-0.016183836854769252,-1.9136758357608223,0.004376175433343572,0.0230049865410447,0.11805223538724978,0.2418088816,0.04939109085655023,True,True,False,False,True,-0.1999984658005633,-0.1999984658005633,0.0,"{""0.0000"": 4}"
c3_w2_tcop_cm1_states_L0.4_km0_4221_up0_0000_s1024,cm1,stageA,-0.2,-0.4221,0.0,,1024,225,9,0,True,,0.410404,0.00044712010206313053,0.8481080139935344,-0.025257414648940747,-2.505467500319076,0.005013902806901395,0.021985417491465452,0.10623678105906177,0.241891144,0.04908886619183621,True,True,False,False,False,-0.1999984658005633,-0.1999984658005633,0.0,"{""0.0000"": 4}"
c3_w2_tcop_cm1_states_L0.4_km0_4221_up0_0000_s1024,cm1,stageA,-0.2,-0.4221,0.0,,1024,250,10,1,True,,0.411016,0.001115549676901412,1.683891527432555,-0.0372604920823656,-3.7198252274106087,0.00692129861009354,0.022048219583318554,0.12164976516327886,0.24199972479999998,0.04963393742188907,True,True,False,False,False,-0.1999984658005633,-0.1999984658005633,0.0,"{""0.0000"": 4}"
c3_w2_tcop_cm1_states_L0.4_km0_4221_up0_0000_s1024,cm1,stageA,-0.2,-0.4221,0.0,,1024,275,11,2,True,,0.41156,0.0008664875045717782,1.3203373077132454,-0.03431637885944051,-3.3622567875685543,0.007931593023402777,0.022910951314121904,0.1302361742389053,0.242089456,0.049561743310743214,True,True,False,False,False,-0.1999984658005633,-0.1999984658005633,0.0,"{""0.0000"": 4}"
c3_w2_tcop_cm1_states_L0.4_km0_4221_up0_0000_s1024,cm1,stageA,-0.2,-0.4221,0.0,,1024,300,12,0,False,EXITS_PRIMARY_BLOCK_SET,0.41175599999999996,0.0010672664730271293,1.5186786104979448,-0.031950735677165526,-3.2247274523664666,0.003443354264988898,0.024348280375027613,0.13017418050939356,0.24211248479999997,0.04898077647404132,True,True,False,False,False,-0.1999984658005633,-0.1999984658005633,0.0,"{""0.0000"": 4}"
c3_w2_tcop_cm1_states_L0.4_km0_4221_up0_0000_s31415,cm1,stageA,-0.2,-0.4221,0.0,,31415,0,0,0,False,PRE_PRIMARY_PHASE_IMBALANCE,0.40671999999999997,-0.00043786115266666105,0.07305276298020201,-0.018975216472496125,-1.9602609182506894,0.04696968505130093,0.08207920241090036,0.9372541283014011,0.2401844,0.04780169034668126,False,True,False,False,True,-0.1999984658005633,-0.1999984658005633,0.0,"{""0.0000"": 4}"
c3_w2_tcop_cm1_states_L0.4_km0_4221_up0_0000_s31415,cm1,stageA,-0.2,-0.4221,0.0,,31415,25,1,1,False,PRE_PRIMARY_PHASE_IMBALANCE,0.41035200000000005,0.0009381688392339261,1.2193384405695398,-0.026732255528537103,-2.834555736242391,0.005466683045205068,0.023295758396157037,0.13159433819843852,0.2418718528,0.04847799599818458,True,True,False,False,False,-0.1999984658005633,-0.1999984658005633,0.0,"{""0.0000"": 4}"
c3_w2_tcop_cm1_states_L0.4_km0_4221_up0_0000_s31415,cm1,stageA,-0.2,-0.4221,0.0,,31415,50,2,2,False,PRE_PRIMARY_PHASE_IMBALANCE,0.410348,0.0013230000132805977,1.654485137246491,-0.04066656571443249,-4.130361056188468,0.005882620084066865,0.023650741678031974,0.10820084389786024,0.24186833119999998,0.048531215686401265,True,True,False,False,False,-0.1999984658005633,-0.1999984658005633,0.0,"{""0.0000"": 4}"
c3_w2_tcop_cm1_states_L0.4_km0_4221_up0_0000_s31415,cm1,stageA,-0.2,-0.4221,0.0,,31415,75,3,0,True,,0.41020399999999996,0.0017180211228893624,2.118440065685605,-0.043640395655544194,-4.687758707557573,0.002674644109508432,0.024045272876048525,0.11116420095570943,0.24183939040000002,0.04901426714743371,True,True,False,False,False,-0.1999984658005633,-0.1999984658005633,0.0,"{""0.0000"": 4}"
c3_w2_tcop_cm1_states_L0.4_km0_4221_up0_0000_s31415,cm1,stageA,-0.2,-0.4221,0.0,,31415,100,4,1,True,,0.410324,0.0016915655611314023,2.0726296860693076,-0.038956030442335705,-3.922985373254145,0.001128391952460706,0.025133732250297584,0.11113169078306005,0.24185185760000005,0.04809090375528412,True,True,False,False,False,-0.1999984658005633,-0.1999984658005633,0.0,"{""0.0000"": 4}"
c3_w2_tcop_cm1_states_L0.4_km0_4221_up0_0000_s31415,cm1,stageA,-0.2,-0.4221,0.0,,31415,125,5,2,True,,0.4101080000000001,0.0022981802590889095,2.7780453145459525,-0.02781407275779828,-2.95530520013629,0.003385788256994603,0.025075809147281906,0.1072888114660313,0.24181367200000004,0.04784922503029699,True,True,False,False,False,-0.1999984658005633,-0.1999984658005633,0.0,"{""0.0000"": 4}"
c3_w2_tcop_cm1_states_L0.4_km0_4221_up0_0000_s31415,cm1,stageA,-0.2,-0.4221,0.0,,31415,150,6,0,True,,0.410192,0.0018244218878055018,2.6051061774556286,-0.03003631546107264,-3.1348684366078228,0.006427291697393469,0.02405506425468475,0.11116745301915328,0.24183716160000002,0.04750961098556796,True,True,False,False,False,-0.1999984658005633,-0.1999984658005633,0.0,"{""0.0000"": 4}"
c3_w2_tcop_cm1_states_L0.4_km0_4221_up0_0000_s31415,cm1,stageA,-0.2,-0.4221,0.0,,31415,175,7,1,True,,0.410548,0.0010453750915871089,1.4158956551697588,-0.03233598471334408,-3.0619420265231283,0.004162073299407329,0.025056436891333723,0.1441975112673852,0.24189252,0.04933700128706649,True,True,False,False,False,-0.1999984658005633,-0.1999984658005633,0.0,"{""0.0000"": 4}"
c3_w2_tcop_cm1_states_L0.4_km0_4221_up0_0000_s31415,cm1,stageA,-0.2,-0.4221,0.0,,31415,200,8,2,True,,0.41019999999999995,0.0024896504442743104,2.76211185481384,-0.03862028799567837,-3.9568277557857354,0.0003815106025926861,0.024480138494778578,0.144319843626719,0.24183512320000006,0.048677304773374626,True,True,False,False,False,-0.1999984658005633,-0.1999984658005633,0.0,"{""0.0000"": 4}"
c3_w2_tcop_cm1_states_L0.4_km0_4221_up0_0000_s31415,cm1,stageA,-0.2,-0.4221,0.0,,31415,225,9,0,True,,0.41024800000000006,0.000872697812099839,1.223875811083262,-0.036846951278700246,-3.3460258269661907,0.001186522970693147,0.024005609838952655,0.14430295785889755,0.24184759040000003,0.048168231190277265,True,True,False,False,False,-0.1999984658005633,-0.1999984658005633,0.0,"{""0.0000"": 4}"
c3_w2_tcop_cm1_states_L0.4_km0_4221_up0_0000_s31415,cm1,stageA,-0.2,-0.4221,0.0,,31415,250,10,1,True,,0.41082799999999997,-0.0002498773427201656,0.17119551507984218,-0.02941668143272901,-3.170937491800717,0.001476385866077657,0.024747502307347905,0.1440992333918349,0.24194498720000004,0.04863655431874261,True,True,False,False,False,-0.1999984658005633,-0.1999984658005633,0.0,"{""0.0000"": 4}"
c3_w2_tcop_cm1_states_L0.4_km0_4221_up0_0000_s31415,cm1,stageA,-0.2,-0.4221,0.0,,31415,275,11,2,True,,0.40993999999999986,1.044566246206729e-05,0.3131707828173306,-0.0358627715217848,-3.564095057481389,0.0008261547215700109,0.02248061659223568,0.13465385145471578,0.2418042672,0.04861066138204664,True,True,False,False,False,-0.1999984658005633,-0.1999984658005633,0.0,"{""0.0000"": 4}"
c3_w2_tcop_cm1_states_L0.4_km0_4221_up0_0000_s31415,cm1,stageA,-0.2,-0.4221,0.0,,31415,300,12,0,False,EXITS_PRIMARY_BLOCK_SET,0.411264,-0.0012402059174328242,-0.8155299697082885,-0.03307054290966145,-3.203543228806892,0.007932632646405558,0.02281668912492803,0.13422035448222958,0.2420378688,0.04843059264555824,True,True,False,False,False,-0.1999984658005633,-0.1999984658005633,0.0,"{""0.0000"": 4}"
c3_w2_tcop_cm1_states_L0.4_kp0_7599_up0_0000_s42,cm1,stageA,0.35,0.7599,0.0,,42,0,0,0,False,PRE_PRIMARY_PHASE_IMBALANCE,0.36728399999999994,0.005364851904296733,5.519693923315119,0.06521647592058227,5.941457836855857,0.06386302023147096,0.08249145345864974,0.7939360255444396,0.23146850720000006,0.052533640117547534,False,True,False,False,False,0.34999882961319734,0.34999882961319734,0.0,"{""0.0000"": 4}"
c3_w2_tcop_cm1_states_L0.4_kp0_7599_up0_0000_s42,cm1,stageA,0.35,0.7599,0.0,,42,25,1,1,False,PRE_PRIMARY_PHASE_IMBALANCE,0.37150800000000006,0.005494760483148998,6.367028135716969,0.05618342757206461,5.835056254085057,0.0009116193096120453,0.024367466492030695,0.13243321777072578,0.2334078544,0.051693770765924976,True,True,False,False,False,0.34999882961319734,0.34999882961319734,0.0,"{""0.0000"": 4}"
c3_w2_tcop_cm1_states_L0.4_kp0_7599_up0_0000_s42,cm1,stageA,0.35,0.7599,0.0,,42,50,2,2,False,PRE_PRIMARY_PHASE_IMBALANCE,0.3724079999999999,0.00607734443092386,6.7354364773615485,0.05719958928870352,5.634129692380075,0.01329384723264086,0.025910747605956026,0.14392816442200995,0.23362717119999998,0.051276130275207,True,True,False,False,False,0.34999882961319734,0.34999882961319734,0.0,"{""0.0000"": 4}"
c3_w2_tcop_cm1_states_L0.4_kp0_7599_up0_0000_s42,cm1,stageA,0.35,0.7599,0.0,,42,75,3,0,True,,0.372672,0.005321247777352217,5.835883928946051,0.04501409752401267,4.547533587275856,0.002859636806085329,0.025561878212651858,0.13094624728730295,0.23369683199999997,0.05060178273539382,True,True,False,False,False,0.34999882961319734,0.34999882961319734,0.0,"{""0.0000"": 4}"
c3_w2_tcop_cm1_states_L0.4_kp0_7599_up0_0000_s42,cm1,stageA,0.35,0.7599,0.0,,42,100,4,1,True,,0.3720400000000001,0.005057316728872763,5.669678209464147,0.04736398729700664,4.8503428469715635,0.0099354091684451,0.028468424640813134,0.1322438443924206,0.23351406079999998,0.05098233419528768,True,True,False,False,False,0.34999882961319734,0.34999882961319734,0.0,"{""0.0000"": 4}"
c3_w2_tcop_cm1_states_L0.4_kp0_7599_up0_0000_s42,cm1,stageA,0.35,0.7599,0.0,,42,125,5,2,True,,0.37189999999999995,0.0037447342002169433,3.978675153043144,0.0594706446697643,5.544253052356428,0.017599393664567746,0.028033660050139315,0.13229362696344824,0.23348169440000002,0.0515553101047797,True,True,False,False,False,0.34999882961319734,0.34999882961319734,0.0,"{""0.0000"": 4}"
c3_w2_tcop_cm1_states_L0.4_kp0_7599_up0_0000_s42,cm1,stageA,0.35,0.7599,0.0,,42,150,6,0,True,,0.371456,0.003950609137967794,4.061874171987305,0.06544280272906736,6.8407868154787135,0.004072168060427619,0.02887086449741087,0.16260337654364615,0.23336143040000004,0.05086098764278963,True,True,False,False,False,0.34999882961319734,0.34999882961319734,0.0,"{""0.0000"": 4}"
c3_w2_tcop_cm1_states_L0.4_kp0_7599_up0_0000_s42,cm1,stageA,0.35,0.7599,0.0,,42,175,7,1,True,,0.371892,0.003949235144348298,4.663709459930186,0.07720291135085851,7.423368554829099,0.010807443853012107,0.027918262445057455,0.16241274304794742,0.23348054240000005,0.051407979302828075,True,True,False,False,False,0.34999882961319734,0.34999882961319734,0.0,"{""0.0000"": 4}"
c3_w2_tcop_cm1_states_L0.4_kp0_7599_up0_0000_s42,cm1,stageA,0.35,0.7599,0.0,,42,200,8,2,True,,0.37178399999999995,0.004288500078758004,4.346704138374031,0.06788192862731497,6.976388022104119,0.004657363277220025,0.026756855536563068,0.14632151962881265,0.23346169919999998,0.051332030390390755,True,True,False,False,False,0.34999882961319734,0.34999882961319734,0.0,"{""0.0000"": 4}"
c3_w2_tcop_cm1_states_L0.4_kp0_7599_up0_0000_s42,cm1,stageA,0.35,0.7599,0.0,,42,225,9,0,True,,0.37307199999999996,0.00500036059568237,5.288942895165418,0.07797601807312354,8.41826972253385,0.002545178815216057,0.026248415796331605,0.14581635677344762,0.23379338880000003,0.05115782262762949,True,True,False,False,False,0.34999882961319734,0.34999882961319734,0.0,"{""0.0000"": 4}"
c3_w2_tcop_cm1_states_L0.4_kp0_7599_up0_0000_s42,cm1,stageA,0.35,0.7599,0.0,,42,250,10,1,True,,0.3728000000000001,0.003479748560420272,3.9842309244850633,0.052703637950230205,5.27767674917587,0.0010468858016520243,0.025962561373625872,0.12875536446149305,0.23372648000000001,0.05156200151274192,True,True,False,False,False,0.34999882961319734,0.34999882961319734,0.0,"{""0.0000"": 4}"
c3_w2_tcop_cm1_states_L0.4_kp0_7599_up0_0000_s42,cm1,stageA,0.35,0.7599,0.0,,42,275,11,2,True,,0.3720880000000001,0.003598076366229555,4.005315830545012,0.03627258917022574,3.7343966236478674,0.006938407481237764,0.0268579762866706,0.12900174117681362,0.23353864959999998,0.050054772559667074,True,True,False,False,False,0.34999882961319734,0.34999882961319734,0.0,"{""0.0000"": 4}"
c3_w2_tcop_cm1_states_L0.4_kp0_7599_up0_0000_s42,cm1,stageA,0.35,0.7599,0.0,,42,300,12,0,False,EXITS_PRIMARY_BLOCK_SET,0.3726,0.002427628546425327,2.926411847665205,0.05420480319140379,5.412921416096691,0.016635479928471204,0.025714972140571262,0.12560386439719845,0.2336774368,0.0498666221033669,True,True,False,False,False,0.34999882961319734,0.34999882961319734,0.0,"{""0.0000"": 4}"
c3_w2_tcop_cm1_states_L0.4_kp0_7599_up0_0000_s137,cm1,stageA,0.35,0.7599,0.0,,137,0,0,0,False,PRE_PRIMARY_PHASE_IMBALANCE,0.368808,0.005275982096845039,5.865474238435838,0.04959469181671302,5.101067753127047,0.06169029718940022,0.0817299147108984,0.7863169974991947,0.23188008000000004,0.05089380253036709,False,True,False,False,False,0.34999882961319734,0.34999882961319734,0.0,"{""0.0000"": 4}"
c3_w2_tcop_cm1_states_L0.4_kp0_7599_up0_0000_s137,cm1,stageA,0.35,0.7599,0.0,,137,25,1,1,False,PRE_PRIMARY_PHASE_IMBALANCE,0.371796,0.0052233962577183934,5.710991156085965,0.05889891318411154,5.932014973614833,0.004850241329069791,0.024293689801923504,0.11619275055085923,0.23348215200000005,0.05082297102688901,True,True,False,False,False,0.34999882961319734,0.34999882961319734,0.0,"{""0.0000"": 4}"
c3_w2_tcop_cm1_states_L0.4_kp0_7599_up0_0000_s137,cm1,stageA,0.35,0.7599,0.0,,137,50,2,2,False,PRE_PRIMARY_PHASE_IMBALANCE,0.371564,0.0067382770789397705,7.020524164906315,0.06588784595303603,6.4063114653019415,0.003987652632733732,0.02595715641019137,0.11841836098648313,0.23341117279999998,0.05178256370632879,True,True,False,False,False,0.34999882961319734,0.34999882961319734,0.0,"{""0.0000"": 4}"
c3_w2_tcop_cm1_states_L0.4_kp0_7599_up0_0000_s137,cm1,stageA,0.35,0.7599,0.0,,137,75,3,0,True,,0.37134,0.0069816390701831045,7.179476887319224,0.06967271022622827,6.656668323480573,0.007016374586735238,0.02681999596200964,0.11848979340095381,0.23334741600000006,0.05039210652473262,True,True,False,False,False,0.34999882961319734,0.34999882961319734,0.0,"{""0.0000"": 4}"
c3_w2_tcop_cm1_states_L0.4_kp0_7599_up0_0000_s137,cm1,stageA,0.35,0.7599,0.0,,137,100,4,1,True,,0.37143999999999994,0.00660479271673525,7.230635297982088,0.06557043304386011,6.326891847581055,0.013469363268794898,0.025770315999403836,0.11845789328435843,0.23338070079999998,0.050791400846993774,True,True,False,False,False,0.34999882961319734,0.34999882961319734,0.0,"{""0.0000"": 4}"
c3_w2_tcop_cm1_states_L0.4_kp0_7599_up0_0000_s137,cm1,stageA,0.35,0.7599,0.0,,137,125,5,2,True,,0.3712,0.006160397597236519,6.914043566595797,0.07263776463262765,6.614857569164756,0.0033520593348354624,0.02454816111954752,0.10668103419536351,0.23332752639999998,0.05069122211981084,True,True,False,False,False,0.34999882961319734,0.34999882961319734,0.0,"{""0.0000"": 4}"
c3_w2_tcop_cm1_states_L0.4_kp0_7599_up0_0000_s137,cm1,stageA,0.35,0.7599,0.0,,137,150,6,0,True,,0.37089200000000005,0.0064383350670626505,7.0506907537826935,0.06665167711971867,7.344175107981862,0.00484653146772891,0.02191777885934244,0.1013772200495636,0.23326504160000006,0.05075868729587084,True,True,False,False,False,0.34999882961319734,0.34999882961319734,0.0,"{""0.0000"": 4}"
c3_w2_tcop_cm1_states_L0.4_kp0_7599_up0_0000_s137,cm1,stageA,0.35,0.7599,0.0,,137,175,7,1,True,,0.371164,0.005459125847787262,5.392419164999587,0.0681901179892536,7.369622701069215,0.004218287774241542,0.02048241588666987,0.08837063915581618,0.2333434896,0.05151820167668899,True,True,False,False,False,0.34999882961319734,0.34999882961319734,0.0,"{""0.0000"": 4}"
c3_w2_tcop_cm1_states_L0.4_kp0_7599_up0_0000_s137,cm1,stageA,0.35,0.7599,0.0,,137,200,8,2,True,,0.3705,0.0055329960968012485,6.16179636268915,0.08356900616157445,8.08960755472354,0.00973376687268475,0.02376854995505033,0.12091767848605216,0.2331522,0.05091041150884561,True,True,False,False,False,0.34999882961319734,0.34999882961319734,0.0,"{""0.0000"": 4}"
c3_w2_tcop_cm1_states_L0.4_kp0_7599_up0_0000_s137,cm1,stageA,0.35,0.7599,0.0,,137,225,9,0,True,,0.37153600000000003,0.005687779533337546,6.466608122770761,0.08152663309254685,8.844202911435602,0.00935841396099277,0.0226051128188232,0.12058050869745998,0.23342646400000003,0.05074682949702375,True,True,False,False,False,0.34999882961319734,0.34999882961319734,0.0,"{""0.0000"": 4}"
c3_w2_tcop_cm1_states_L0.4_kp0_7599_up0_0000_s137,cm1,stageA,0.35,0.7599,0.0,,137,250,10,1,True,,0.371332,0.00519140453318346,5.535479833822758,0.04495917484806151,4.649088361862641,0.0004789724163272787,0.023505774736754463,0.12064675244620246,0.23336836000000002,0.05090329828213492,True,True,False,False,False,0.34999882961319734,0.34999882961319734,0.0,"{""0.0000"": 4}"
c3_w2_tcop_cm1_states_L0.4_kp0_7599_up0_0000_s137,cm1,stageA,0.35,0.7599,0.0,,137,275,11,2,True,,0.37177600000000005,0.006295624705762579,6.946601281533834,0.043716691619697816,4.593682915614682,0.006816398612405045,0.023473395260449996,0.12050266794924183,0.233482448,0.05145294767066314,True,True,False,False,False,0.34999882961319734,0.34999882961319734,0.0,"{""0.0000"": 4}"
c3_w2_tcop_cm1_states_L0.4_kp0_7599_up0_0000_s137,cm1,stageA,0.35,0.7599,0.0,,137,300,12,0,False,EXITS_PRIMARY_BLOCK_SET,0.37190000000000006,0.0064215370007532835,7.21640665433177,0.05346837317954232,5.954804027534719,0.0017109535591611506,0.020960069078340547,0.10002688867968018,0.23352962720000003,0.05038362829332561,True,True,False,False,False,0.34999882961319734,0.34999882961319734,0.0,"{""0.0000"": 4}"
c3_w2_tcop_cm1_states_L0.4_kp0_7599_up0_0000_s256,cm1,stageA,0.35,0.7599,0.0,,256,0,0,0,False,PRE_PRIMARY_PHASE_IMBALANCE,0.3698,0.0054900991110035866,5.93038621767549,0.07370635388611771,7.182010105461944,0.0705273337757777,0.08340358495808564,0.8058409929533775,0.23209669120000004,0.05009950099551891,False,True,False,False,False,0.34999882961319734,0.34999882961319734,0.0,"{""0.0000"": 4}"
c3_w2_tcop_cm1_states_L0.4_kp0_7599_up0_0000_s256,cm1,stageA,0.35,0.7599,0.0,,256,25,1,1,False,PRE_PRIMARY_PHASE_IMBALANCE,0.37365200000000004,0.005151958754846742,5.47063045644586,0.07370725736888827,6.87254933188161,0.013558569484716183,0.02862127196688271,0.13702589538654716,0.23392181279999996,0.04940832820486846,True,True,False,False,False,0.34999882961319734,0.34999882961319734,0.0,"{""0.0000"": 4}"
c3_w2_tcop_cm1_states_L0.4_kp0_7599_up0_0000_s256,cm1,stageA,0.35,0.7599,0.0,,256,50,2,2,False,PRE_PRIMARY_PHASE_IMBALANCE,0.372252,0.005290200816492864,5.538171457488678,0.08282401949813888,8.641902976031652,0.03515196292753819,0.027347289666412235,0.1278703670420296,0.23357681439999997,0.04878615065774302,True,True,False,False,False,0.34999882961319734,0.34999882961319734,0.0,"{""0.0000"": 4}"
c3_w2_tcop_cm1_states_L0.4_kp0_7599_up0_0000_s256,cm1,stageA,0.35,0.7599,0.0,,256,75,3,0,True,,0.37129199999999996,0.004274006026984114,5.035939686604011,0.05186739317811457,5.239893210930592,0.01809107572767463,0.02878029751478838,0.1314329419124761,0.23332006239999997,0.049708457389060066,True,True,False,False,False,0.34999882961319734,0.34999882961319734,0.0,"{""0.0000"": 4}"
c3_w2_tcop_cm1_states_L0.4_kp0_7599_up0_0000_s256,cm1,stageA,0.35,0.7599,0.0,,256,100,4,1,True,,0.37108399999999997,0.004074775442172428,3.941655754609657,0.05006674934094399,5.107162739102379,0.005493429646365149,0.028850221419326468,0.1336624588134695,0.2332660496,0.05101200784129164,True,True,False,False,False,0.34999882961319734,0.34999882961319734,0.0,"{""0.0000"": 4}"
c3_w2_tcop_cm1_states_L0.4_kp0_7599_up0_0000_s256,cm1,stageA,0.35,0.7599,0.0,,256,125,5,2,True,,0.371288,0.004415456690370702,4.964070861671392,0.04213806550026766,4.582444300650634,0.015551316999711606,0.028101025276502607,0.14867165071677074,0.23332436160000003,0.050876527554462675,True,True,False,False,False,0.34999882961319734,0.34999882961319734,0.0,"{""0.0000"": 4}"
c3_w2_tcop_cm1_states_L0.4_kp0_7599_up0_0000_s256,cm1,stageA,0.35,0.7599,0.0,,256,150,6,0,True,,0.37268,0.004413178549170932,4.952968051936229,0.0725050339698512,7.610581099912252,0.002976792251039275,0.02831883069685192,0.14811634606601823,0.23367823359999998,0.051447231218016,True,True,False,False,False,0.34999882961319734,0.34999882961319734,0.0,"{""0.0000"": 4}"
c3_w2_tcop_cm1_states_L0.4_kp0_7599_up0_0000_s256,cm1,stageA,0.35,0.7599,0.0,,256,175,7,1,True,,0.37254799999999993,0.005774066947298301,5.9567836300239785,0.07157288345789233,7.45754076329001,0.012134951933908164,0.027306992544371852,0.1352845804157194,0.23365249440000002,0.051218235971185105,True,True,False,False,False,0.34999882961319734,0.34999882961319734,0.0,"{""0.0000"": 4}"
c3_w2_tcop_cm1_states_L0.4_kp0_7599_up0_0000_s256,cm1,stageA,0.35,0.7599,0.0,,256,200,8,2,True,,0.37182000000000004,0.005332739096818556,5.182067050053627,0.06170177237617711,6.408996775932493,0.011205897064332126,0.025776045459752924,0.13554945905128968,0.2334780336,0.050651037501713625,True,True,False,False,False,0.34999882961319734,0.34999882961319734,0.0,"{""0.0000"": 4}"
c3_w2_tcop_cm1_states_L0.4_kp0_7599_up0_0000_s256,cm1,stageA,0.35,0.7599,0.0,,256,225,9,0,True,,0.37166400000000005,0.0038351675370319003,4.1474423654495665,0.06433340044861231,6.612416407762792,0.008926373693039091,0.02534071770533406,0.12053898112128417,0.23344116800000003,0.05027555175231794,True,True,False,False,False,0.34999882961319734,0.34999882961319734,0.0,"{""0.0000"": 4}"
c3_w2_tcop_cm1_states_L0.4_kp0_7599_up0_0000_s256,cm1,stageA,0.35,0.7599,0.0,,256,250,10,1,True,,0.37021999999999994,0.005778177144736541,6.7091777539785005,0.05442655350186144,5.282988925117571,0.014960169197842895,0.025374154148005024,0.136135270552279,0.23306890399999997,0.051041077574831825,True,True,False,False,False,0.34999882961319734,0.34999882961319734,0.0,"{""0.0000"": 4}"
c3_w2_tcop_cm1_states_L0.4_kp0_7599_up0_0000_s256,cm1,stageA,0.35,0.7599,0.0,,256,275,11,2,True,,0.37026400000000004,0.004768446060775301,5.24298437924451,0.07103360495411556,7.021494396244253,0.003003995052500088,0.024651543984948798,0.1220750596275224,0.2330852576,0.05153571872012652,True,True,False,False,False,0.34999882961319734,0.34999882961319734,0.0,"{""0.0000"": 4}"
c3_w2_tcop_cm1_states_L0.4_kp0_7599_up0_0000_s256,cm1,stageA,0.35,0.7599,0.0,,256,300,12,0,False,EXITS_PRIMARY_BLOCK_SET,0.3709119999999999,0.004943090533031831,5.00718000964739,0.06685292011931535,6.418736196596494,0.010740872177492734,0.02425808246069592,0.12833232645928877,0.2332553312,0.05099615922792617,True,True,False,False,False,0.34999882961319734,0.34999882961319734,0.0,"{""0.0000"": 4}"
c3_w2_tcop_cm1_states_L0.4_kp0_7599_up0_0000_s1024,cm1,stageA,0.35,0.7599,0.0,,1024,0,0,0,False,PRE_PRIMARY_PHASE_IMBALANCE,0.36694000000000004,0.004612844431153351,5.0276371997286935,0.07686472583855807,7.461822996609351,0.053051361567600354,0.08065010426601352,0.8055812917491105,0.23141924640000003,0.05035192548453336,False,True,False,False,False,0.34999882961319734,0.34999882961319734,0.0,"{""0.0000"": 4}"
c3_w2_tcop_cm1_states_L0.4_kp0_7599_up0_0000_s1024,cm1,stageA,0.35,0.7599,0.0,,1024,25,1,1,False,PRE_PRIMARY_PHASE_IMBALANCE,0.370436,0.005396079304589359,5.746596680186798,0.05950631885020681,5.902918567759955,0.002247738508348126,0.02292253205930358,0.12525780397893885,0.23314106720000002,0.05043738597508796,True,True,False,False,False,0.34999882961319734,0.34999882961319734,0.0,"{""0.0000"": 4}"
c3_w2_tcop_cm1_states_L0.4_kp0_7599_up0_0000_s1024,cm1,stageA,0.35,0.7599,0.0,,1024,50,2,2,False,PRE_PRIMARY_PHASE_IMBALANCE,0.37079200000000007,0.005375471926736947,5.547231075338201,0.05935120207392911,6.137418253812846,0.016102928508720242,0.022216406142951638,0.1251375430830828,0.23323743360000004,0.05094715630925832,True,True,False,False,False,0.34999882961319734,0.34999882961319734,0.0,"{""0.0000"": 4}"
c3_w2_tcop_cm1_states_L0.4_kp0_7599_up0_0000_s1024,cm1,stageA,0.35,0.7599,0.0,,1024,75,3,0,True,,0.37290799999999996,0.004922459848124072,5.726125541541109,0.05809624639988323,5.691873857799279,0.022958520918445538,0.025126531206737197,0.13729927988324397,0.23375982879999999,0.050285420710181994,True,True,False,False,False,0.34999882961319734,0.34999882961319734,0.0,"{""0.0000"": 4}"
c3_w2_tcop_cm1_states_L0.4_kp0_7599_up0_0000_s1024,cm1,stageA,0.35,0.7599,0.0,,1024,100,4,1,True,,0.37281600000000004,0.005044690763927232,5.696926252336249,0.050066002543735666,4.5480553855322805,0.0036002055110886592,0.02629930599135584,0.14484356855702657,0.23372809600000008,0.05143841117297462,True,True,False,False,False,0.34999882961319734,0.34999882961319734,0.0,"{""0.0000"": 4}"
c3_w2_tcop_cm1_states_L0.4_kp0_7599_up0_0000_s1024,cm1,stageA,0.35,0.7599,0.0,,1024,125,5,2,True,,0.372128,0.005053893603758487,4.6305305091409705,0.08024510719583759,8.01391352956877,0.029783698902124726,0.028022465304299842,0.14941095496869095,0.23354000960000004,0.0512697924318014,True,True,False,False,False,0.34999882961319734,0.34999882961319734,0.0,"{""0.0000"": 4}"
c3_w2_tcop_cm1_states_L0.4_kp0_7599_up0_0000_s1024,cm1,stageA,0.35,0.7599,0.0,,1024,150,6,0,True,,0.372076,0.00479743482208066,5.482412901733472,0.090510893283401,9.125274394022325,0.02111328210753765,0.02859780151364905,0.14943183610490368,0.23352222879999998,0.051345595955252094,True,True,False,False,False,0.34999882961319734,0.34999882961319734,0.0,"{""0.0000"": 4}"
c3_w2_tcop_cm1_states_L0.4_kp0_7599_up0_0000_s1024,cm1,stageA,0.35,0.7599,0.0,,1024,175,7,1,True,,0.370508,0.005732155778939674,6.023770990319323,0.07613325985759557,7.8709890986617,0.003380993838583018,0.026279686150037878,0.12523346290705337,0.23313701599999997,0.050501702307942056,True,True,False,False,False,0.34999882961319734,0.34999882961319734,0.0,"{""0.0000"": 4}"
c3_w2_tcop_cm1_states_L0.4_kp0_7599_up0_0000_s1024,cm1,stageA,0.35,0.7599,0.0,,1024,200,8,2,True,,0.37071200000000004,0.005342320785205467,5.1438052604380475,0.08044869650446143,8.023898436900284,0.0013039997074013264,0.02506710741043039,0.12516454788308834,0.23319825920000004,0.052203956325167535,True,True,False,False,False,0.34999882961319734,0.34999882961319734,0.0,"{""0.0000"": 4}"
c3_w2_tcop_cm1_states_L0.4_kp0_7599_up0_0000_s1024,cm1,stageA,0.35,0.7599,0.0,,1024,225,9,0,True,,0.37160799999999994,0.004634892970260276,5.382526553127717,0.06640428397821217,7.351296888881079,0.008232723532218888,0.023424064634949008,0.12486275826983607,0.23343972479999997,0.05147712439521073,True,True,False,False,False,0.34999882961319734,0.34999882961319734,0.0,"{""0.0000"": 4}"
c3_w2_tcop_cm1_states_L0.4_kp0_7599_up0_0000_s1024,cm1,stageA,0.35,0.7599,0.0,,1024,250,10,1,True,,0.37175199999999997,0.005039496071036216,5.253569480318722,0.060168020292911614,5.736373551006321,0.005113597489445473,0.023928915702433474,0.12481439205487961,0.2334733184,0.051698070524923846,True,True,False,False,False,0.34999882961319734,0.34999882961319734,0.0,"{""0.0000"": 4}"
c3_w2_tcop_cm1_states_L0.4_kp0_7599_up0_0000_s1024,cm1,stageA,0.35,0.7599,0.0,,1024,275,11,2,True,,0.37304800000000005,0.004905162656358007,5.7181127254742155,0.06393242301107942,6.6645805853923195,0.015562878113524687,0.02488159911698276,0.11901953604088603,0.23379703360000004,0.051202243075865336,True,True,False,False,False,0.34999882961319734,0.34999882961319734,0.0,"{""0.0000"": 4}"
c3_w2_tcop_cm1_states_L0.4_kp0_7599_up0_0000_s1024,cm1,stageA,0.35,0.7599,0.0,,1024,300,12,0,False,EXITS_PRIMARY_BLOCK_SET,0.373092,0.005021805537499143,5.494202361364487,0.06751041877452552,6.53542868994584,0.00026569830692021594,0.025674058144180757,0.11900549966494724,0.23380260640000003,0.05181041918378966,True,True,False,False,False,0.34999882961319734,0.34999882961319734,0.0,"{""0.0000"": 4}"
c3_w2_tcop_cm1_states_L0.4_kp0_7599_up0_0000_s31415,cm1,stageA,0.35,0.7599,0.0,,31415,0,0,0,False,PRE_PRIMARY_PHASE_IMBALANCE,0.36600399999999994,0.004700623668993521,4.743153613111634,0.07237737429189105,7.074806722730661,0.07874865343951057,0.08227908595787907,0.8185702866127958,0.2311381904,0.04961282076237956,False,True,False,False,False,0.34999882961319734,0.34999882961319734,0.0,"{""0.0000"": 4}"
c3_w2_tcop_cm1_states_L0.4_kp0_7599_up0_0000_s31415,cm1,stageA,0.35,0.7599,0.0,,31415,25,1,1,False,PRE_PRIMARY_PHASE_IMBALANCE,0.37132,0.005035022903641381,5.245949203073209,0.06383611986585769,7.021883606631203,0.0026463919615966076,0.025546897495312682,0.13680922078851337,0.23335147199999995,0.050677979438805566,True,True,False,False,False,0.34999882961319734,0.34999882961319734,0.0,"{""0.0000"": 4}"
c3_w2_tcop_cm1_states_L0.4_kp0_7599_up0_0000_s31415,cm1,stageA,0.35,0.7599,0.0,,31415,50,2,2,False,PRE_PRIMARY_PHASE_IMBALANCE,0.3717280000000001,0.005304140001874808,6.07618982968551,0.05397699500844899,5.561425626495703,0.00450955437377286,0.02584768893126565,0.1366590621727202,0.23345397440000004,0.05083988607382987,True,True,False,False,False,0.34999882961319734,0.34999882961319734,0.0,"{""0.0000"": 4}"
c3_w2_tcop_cm1_states_L0.4_kp0_7599_up0_0000_s31415,cm1,stageA,0.35,0.7599,0.0,,31415,75,3,0,True,,0.3709319999999999,0.005142562158227547,5.7363294622461325,0.05627564737278333,6.207900557172072,0.001078688306542912,0.025051532211593678,0.1164633945939866,0.2332551024,0.051105883966525815,True,True,False,False,False,0.34999882961319734,0.34999882961319734,0.0,"{""0.0000"": 4}"
c3_w2_tcop_cm1_states_L0.4_kp0_7599_up0_0000_s31415,cm1,stageA,0.35,0.7599,0.0,,31415,100,4,1,True,,0.371204,0.004314954735918459,4.757958322181419,0.057204877750787475,5.541188345444011,0.0017374395014922474,0.025678172945674132,0.11637805595743031,0.23332073439999995,0.05007305047627915,True,True,False,False,False,0.34999882961319734,0.34999882961319734,0.0,"{""0.0000"": 4}"
c3_w2_tcop_cm1_states_L0.4_kp0_7599_up0_0000_s31415,cm1,stageA,0.35,0.7599,0.0,,31415,125,5,2,True,,0.37089600000000006,0.005325405681612345,6.255285219115005,0.06338779699443849,6.810606012200411,0.0016450460842292452,0.025845096384855423,0.11755316822625979,0.2332402688,0.05053629570912375,True,True,False,False,False,0.34999882961319734,0.34999882961319734,0.0,"{""0.0000"": 4}"
c3_w2_tcop_cm1_states_L0.4_kp0_7599_up0_0000_s31415,cm1,stageA,0.35,0.7599,0.0,,31415,150,6,0,True,,0.37021199999999993,0.004520556158269195,5.495388712186744,0.05533025693159306,5.38396649536661,0.008107517157486425,0.025486289410966912,0.11777035828722374,0.2330660496,0.05006311073035714,True,True,False,False,False,0.34999882961319734,0.34999882961319734,0.0,"{""0.0000"": 4}"
c3_w2_tcop_cm1_states_L0.4_kp0_7599_up0_0000_s31415,cm1,stageA,0.35,0.7599,0.0,,31415,175,7,1,True,,0.37085999999999997,0.00511296669474611,5.542540731664848,0.05749685839973887,5.656486424676431,0.0013351925675897797,0.02750612495144606,0.15747182182637165,0.2332188016,0.05100529776405584,True,True,False,False,False,0.34999882961319734,0.34999882961319734,0.0,"{""0.0000"": 4}"
c3_w2_tcop_cm1_states_L0.4_kp0_7599_up0_0000_s31415,cm1,stageA,0.35,0.7599,0.0,,31415,200,8,2,True,,0.37018799999999996,0.006878345108420717,7.122296037979585,0.051955976222374,5.39985508964878,0.0010458435033701761,0.027009607765556477,0.15775767945541813,0.23304887200000002,0.050561691585626366,True,True,False,False,False,0.34999882961319734,0.34999882961319734,0.0,"{""0.0000"": 4}"
c3_w2_tcop_cm1_states_L0.4_kp0_7599_up0_0000_s31415,cm1,stageA,0.35,0.7599,0.0,,31415,225,9,0,True,,0.37096399999999996,0.0056297609875576235,6.135014517337426,0.046098237122811504,4.589669580559317,0.010601549661763257,0.026252803721698022,0.1574276744982595,0.23325486559999997,0.04924703751496124,True,True,False,False,False,0.34999882961319734,0.34999882961319734,0.0,"{""0.0000"": 4}"
c3_w2_tcop_cm1_states_L0.4_kp0_7599_up0_0000_s31415,cm1,stageA,0.35,0.7599,0.0,,31415,250,10,1,True,,0.3721,0.004926593209697996,5.287675733777879,0.05739869588250992,6.103196104160169,0.00529394512874152,0.02849340480284469,0.16554689555080127,0.23352917920000002,0.05010498977147885,True,True,False,False,False,0.34999882961319734,0.34999882961319734,0.0,"{""0.0000"": 4}"
c3_w2_tcop_cm1_states_L0.4_kp0_7599_up0_0000_s31415,cm1,stageA,0.35,0.7599,0.0,,31415,275,11,2,True,,0.37145199999999995,0.004701590422816072,4.680624560679599,0.05102507170563331,5.226701635129118,0.004195631853884645,0.026818517008603306,0.16583569299442286,0.23337617440000005,0.05054751918739434,True,True,False,False,False,0.34999882961319734,0.34999882961319734,0.0,"{""0.0000"": 4}"
c3_w2_tcop_cm1_states_L0.4_kp0_7599_up0_0000_s31415,cm1,stageA,0.35,0.7599,0.0,,31415,300,12,0,False,EXITS_PRIMARY_BLOCK_SET,0.37374,0.0036587012587709095,3.989116385543901,0.06418256563398754,6.310752302816966,0.010998049526692309,0.026987338889573304,0.14234494530329928,0.23395668,0.05092869917836111,True,True,False,False,False,0.34999882961319734,0.34999882961319734,0.0,"{""0.0000"": 4}"
c3_w2_tcop_cm1_states_L0.4_km0_7599_up0_0000_s42,cm1,stageA,-0.35,-0.7599,0.0,,42,0,0,0,False,PRE_PRIMARY_PHASE_IMBALANCE,0.41612800000000005,0.0034005548547679522,3.688969914319966,-0.0515324429386999,-4.662268621608681,0.0319964324177886,0.08376587610509836,1.0246847099337588,0.24175045439999998,0.04913702897001405,False,True,False,False,False,-0.34999882961319734,-0.34999882961319734,0.0,"{""0.0000"": 4}"
c3_w2_tcop_cm1_states_L0.4_km0_7599_up0_0000_s42,cm1,stageA,-0.35,-0.7599,0.0,,42,25,1,1,False,PRE_PRIMARY_PHASE_IMBALANCE,0.4183879999999999,0.004261484508021846,4.861196453304993,-0.04794548855386658,-4.852045955888173,0.0021507547607666254,0.02403490645859485,0.14053940327987566,0.24323836,0.04850403546097994,True,True,False,False,False,-0.34999882961319734,-0.34999882961319734,0.0,"{""0.0000"": 4}"
c3_w2_tcop_cm1_states_L0.4_km0_7599_up0_0000_s42,cm1,stageA,-0.35,-0.7599,0.0,,42,50,2,2,False,PRE_PRIMARY_PHASE_IMBALANCE,0.4189359999999999,0.005035968951915104,5.553238480248491,-0.046489760321689826,-4.346236396580609,0.0070677527988564125,0.025658090488642878,0.14226516665489436,0.2433130848,0.04919499877020021,True,True,False,False,False,-0.34999882961319734,-0.34999882961319734,0.0,"{""0.0000"": 4}"
c3_w2_tcop_cm1_states_L0.4_km0_7599_up0_0000_s42,cm1,stageA,-0.35,-0.7599,0.0,,42,75,3,0,True,,0.419204,0.004995050033448218,5.6769114485047485,-0.05287073143495059,-5.191176877679371,0.0031920826380219757,0.02350426021952926,0.12690718569739978,0.24337492319999998,0.048802934174084246,True,True,False,False,False,-0.34999882961319734,-0.34999882961319734,0.0,"{""0.0000"": 4}"
c3_w2_tcop_cm1_states_L0.4_km0_7599_up0_0000_s42,cm1,stageA,-0.35,-0.7599,0.0,,42,100,4,1,True,,0.419112,0.0053218499342195524,5.649304937269188,-0.04921643247669494,-5.1970630730306215,0.0005165722996438483,0.025464598251919105,0.12693504331315955,0.24334322879999998,0.04824781296597805,True,True,False,False,False,-0.34999882961319734,-0.34999882961319734,0.0,"{""0.0000"": 4}"
c3_w2_tcop_cm1_states_L0.4_km0_7599_up0_0000_s42,cm1,stageA,-0.35,-0.7599,0.0,,42,125,5,2,True,,0.41868,0.004172786131011432,4.647491700832484,-0.04778511887733748,-4.530730996881988,0.008326427349132174,0.02458048048929538,0.1270660167023358,0.24328114560000003,0.048409271839183865,True,True,False,False,False,-0.34999882961319734,-0.34999882961319734,0.0,"{""0.0000"": 4}"
c3_w2_tcop_cm1_states_L0.4_km0_7599_up0_0000_s42,cm1,stageA,-0.35,-0.7599,0.0,,42,150,6,0,True,,0.41856000000000004,0.0043251353474264035,4.3932905576433985,-0.04834732420264601,-4.670726470566556,0.0017042988661819297,0.02477347355857965,0.14239296602065896,0.2432600064,0.047892446168472116,True,True,False,False,False,-0.34999882961319734,-0.34999882961319734,0.0,"{""0.0000"": 4}"
c3_w2_tcop_cm1_states_L0.4_km0_7599_up0_0000_s42,cm1,stageA,-0.35,-0.7599,0.0,,42,175,7,1,True,,0.41868,0.005135651546238644,5.913472834729626,-0.039038962670360555,-3.5073674399701327,0.002571767632071424,0.02514184071214662,0.14235215404998525,0.24327625280000004,0.04841092438696043,True,True,False,False,False,-0.34999882961319734,-0.34999882961319734,0.0,"{""0.0000"": 4}"
c3_w2_tcop_cm1_states_L0.4_km0_7599_up0_0000_s42,cm1,stageA,-0.35,-0.7599,0.0,,42,200,8,2,True,,0.41806400000000005,0.004785725352139304,4.535910910731728,-0.0351648946895966,-3.588449284606936,0.000949614649958635,0.02537345592526404,0.15500019098750376,0.24317396799999996,0.04831244046826862,True,True,False,False,False,-0.34999882961319734,-0.34999882961319734,0.0,"{""0.0000"": 4}"
c3_w2_tcop_cm1_states_L0.4_km0_7599_up0_0000_s42,cm1,stageA,-0.35,-0.7599,0.0,,42,225,9,0,True,,0.418944,0.004873570900755826,5.72448845171755,-0.037736027841831304,-3.770416647527801,0.00076084601862437,0.024653901572713688,0.154674610079928,0.2433232448,0.04870733891314531,True,True,False,False,False,-0.34999882961319734,-0.34999882961319734,0.0,"{""0.0000"": 4}"
c3_w2_tcop_cm1_states_L0.4_km0_7599_up0_0000_s42,cm1,stageA,-0.35,-0.7599,0.0,,42,250,10,1,True,,0.41847999999999996,0.0033134976712188057,4.073684660409422,-0.0514800020568861,-5.387394645162576,0.0010450289890277537,0.023714084756883882,0.11470082174846867,0.2432560064,0.04926428320801999,True,True,False,False,False,-0.34999882961319734,-0.34999882961319734,0.0,"{""0.0000"": 4}"
c3_w2_tcop_cm1_states_L0.4_km0_7599_up0_0000_s42,cm1,stageA,-0.35,-0.7599,0.0,,42,275,11,2,True,,0.4180559999999999,0.002266369675718731,2.676346048699005,-0.058240521437151846,-6.054970781122264,0.0018544824757888761,0.024445697275816428,0.12247163030198907,0.24318073919999997,0.04798979958282802,True,True,False,False,False,-0.34999882961319734,-0.34999882961319734,0.0,"{""0.0000"": 4}"
c3_w2_tcop_cm1_states_L0.4_km0_7599_up0_0000_s42,cm1,stageA,-0.35,-0.7599,0.0,,42,300,12,0,False,EXITS_PRIMARY_BLOCK_SET,0.41865199999999997,0.0018127144462844946,2.371760403004613,-0.051825154559564025,-5.3209687978961595,0.0038556161496566452,0.022060558199702884,0.12134183015645005,0.2432972048,0.04761494404071058,True,True,False,False,False,-0.34999882961319734,-0.34999882961319734,0.0,"{""0.0000"": 4}"
c3_w2_tcop_cm1_states_L0.4_km0_7599_up0_0000_s137,cm1,stageA,-0.35,-0.7599,0.0,,137,0,0,0,False,PRE_PRIMARY_PHASE_IMBALANCE,0.41638,0.004338604307096988,5.2287720588851005,-0.05348482523439633,-5.5586823528511005,0.026600479283727867,0.08435296373675784,1.0279071976850302,0.24177407839999993,0.047539200666397406,False,True,False,False,False,-0.34999882961319734,-0.34999882961319734,0.0,"{""0.0000"": 4}"
c3_w2_tcop_cm1_states_L0.4_km0_7599_up0_0000_s137,cm1,stageA,-0.35,-0.7599,0.0,,137,25,1,1,False,PRE_PRIMARY_PHASE_IMBALANCE,0.41803599999999996,0.004583741507037856,4.861438554524072,-0.054188053890933695,-5.970068789705079,0.003965796679263955,0.025601951132588473,0.12152063429580079,0.2431673584,0.04789762733163303,True,True,False,False,False,-0.34999882961319734,-0.34999882961319734,0.0,"{""0.0000"": 4}"
c3_w2_tcop_cm1_states_L0.4_km0_7599_up0_0000_s137,cm1,stageA,-0.35,-0.7599,0.0,,137,50,2,2,False,PRE_PRIMARY_PHASE_IMBALANCE,0.41806,0.005579197296467704,5.7905294336208755,-0.059471545178917125,-5.545263475343931,0.0005184463322222064,0.026860500719757315,0.1253408598637974,0.24315973920000006,0.048482949580239035,True,True,False,False,False,-0.34999882961319734,-0.34999882961319734,0.0,"{""0.0000"": 4}"
c3_w2_tcop_cm1_states_L0.4_km0_7599_up0_0000_s137,cm1,stageA,-0.35,-0.7599,0.0,,137,75,3,0,True,,0.41836,0.005445579799199705,5.537784004228453,-0.05389463944948822,-4.878289622335551,0.004090666251609199,0.026302877778204045,0.1252509797178244,0.24321382079999998,0.04792191982798686,True,True,False,False,False,-0.34999882961319734,-0.34999882961319734,0.0,"{""0.0000"": 4}"
c3_w2_tcop_cm1_states_L0.4_km0_7599_up0_0000_s137,cm1,stageA,-0.35,-0.7599,0.0,,137,100,4,1,True,,0.418156,0.005177815320681125,5.714485990147803,-0.04917180667302012,-5.0470642366355705,0.0010808530678474487,0.025284475241420915,0.1253120841855382,0.24318977439999998,0.04781714822111415,True,True,False,False,False,-0.34999882961319734,-0.34999882961319734,0.0,"{""0.0000"": 4}"
c3_w2_tcop_cm1_states_L0.4_km0_7599_up0_0000_s137,cm1,stageA,-0.35,-0.7599,0.0,,137,125,5,2,True,,0.418044,0.004342442064237842,5.3459570882758145,-0.03523475224100413,-3.2786680196140754,0.0007182737374163184,0.022047110544688546,0.11482044924739868,0.2431982672,0.0474633970971316,True,True,False,False,False,-0.34999882961319734,-0.34999882961319734,0.0,"{""0.0000"": 4}"
c3_w2_tcop_cm1_states_L0.4_km0_7599_up0_0000_s137,cm1,stageA,-0.35,-0.7599,0.0,,137,150,6,0,True,,0.418252,0.004474343492265113,5.0623654799809366,-0.043819496858157704,-4.45944392917216,0.0018714035317359495,0.01981937465673756,0.097548845916938,0.24324854879999996,0.04774625111985233,True,True,False,False,False,-0.34999882961319734,-0.34999882961319734,0.0,"{""0.0000"": 4}"
c3_w2_tcop_cm1_states_L0.4_km0_7599_up0_0000_s137,cm1,stageA,-0.35,-0.7599,0.0,,137,175,7,1,True,,0.41848399999999997,0.004049706717624078,4.389623759871785,-0.0511854388719946,-5.328785732890304,0.004653259686916718,0.019051175433104292,0.10800890808726525,0.24329157919999997,0.04890461884116878,True,True,False,False,False,-0.34999882961319734,-0.34999882961319734,0.0,"{""0.0000"": 4}"
c3_w2_tcop_cm1_states_L0.4_km0_7599_up0_0000_s137,cm1,stageA,-0.35,-0.7599,0.0,,137,200,8,2,True,,0.418516,0.004435721082603382,4.786290599350772,-0.04221248358285068,-4.252527391773895,0.0023152684613593068,0.020219327924475037,0.10991216558049828,0.24328875040000003,0.04796412976381412,True,True,False,False,False,-0.34999882961319734,-0.34999882961319734,0.0,"{""0.0000"": 4}"
c3_w2_tcop_cm1_states_L0.4_km0_7599_up0_0000_s137,cm1,stageA,-0.35,-0.7599,0.0,,137,225,9,0,True,,0.418852,0.004123498143298533,4.7082933348749965,-0.038279463741730156,-3.8792996469375165,0.0014996772434698598,0.01965642759977056,0.1098239948482423,0.24334721759999994,0.047623545605089086,True,True,False,False,False,-0.34999882961319734,-0.34999882961319734,0.0,"{""0.0000"": 4}"
c3_w2_tcop_cm1_states_L0.4_km0_7599_up0_0000_s137,cm1,stageA,-0.35,-0.7599,0.0,,137,250,10,1,True,,0.41839999999999994,0.0034411913483066046,3.5136355270074824,-0.060953130949496344,-6.087213993863792,0.003241241898470326,0.02125856261864369,0.102294454822432,0.2432623264,0.04807410945613033,True,True,False,False,False,-0.34999882961319734,-0.34999882961319734,0.0,"{""0.0000"": 4}"
c3_w2_tcop_cm1_states_L0.4_km0_7599_up0_0000_s137,cm1,stageA,-0.35,-0.7599,0.0,,137,275,11,2,True,,0.4184440000000001,0.004233034907611479,4.74203605145999,-0.06010275242798743,-5.882462873538636,0.0017030504952229766,0.02263049966277073,0.10897515531594384,0.24325894560000003,0.04828932453451798,True,True,False,False,False,-0.34999882961319734,-0.34999882961319734,0.0,"{""0.0000"": 4}"
c3_w2_tcop_cm1_states_L0.4_km0_7599_up0_0000_s137,cm1,stageA,-0.35,-0.7599,0.0,,137,300,12,0,False,EXITS_PRIMARY_BLOCK_SET,0.418288,0.0031381196843457905,3.717870085126592,-0.047963502635724735,-5.080092996653284,0.002497285257880515,0.02341422341383281,0.10232184499119783,0.2432272288,0.04792023639340691,True,True,False,False,False,-0.34999882961319734,-0.34999882961319734,0.0,"{""0.0000"": 4}"
c3_w2_tcop_cm1_states_L0.4_km0_7599_up0_0000_s256,cm1,stageA,-0.35,-0.7599,0.0,,256,0,0,0,False,PRE_PRIMARY_PHASE_IMBALANCE,0.417688,0.004327746454697211,4.727847176753706,-0.03783158714714342,-3.989092531332677,0.035060486294514026,0.0856921523413633,1.0591637752122067,0.24194362560000002,0.04597232489226535,False,True,False,False,False,-0.34999882961319734,-0.34999882961319734,0.0,"{""0.0000"": 4}"
c3_w2_tcop_cm1_states_L0.4_km0_7599_up0_0000_s256,cm1,stageA,-0.35,-0.7599,0.0,,256,25,1,1,False,PRE_PRIMARY_PHASE_IMBALANCE,0.41964400000000013,0.004126294214232128,4.066748028098255,-0.03411884400876921,-3.102551787477361,0.006062315666082873,0.024716426887448593,0.09722526689950224,0.2434353328,0.04587279437749569,True,True,False,False,False,-0.34999882961319734,-0.34999882961319734,0.0,"{""0.0000"": 4}"
c3_w2_tcop_cm1_states_L0.4_km0_7599_up0_0000_s256,cm1,stageA,-0.35,-0.7599,0.0,,256,50,2,2,False,PRE_PRIMARY_PHASE_IMBALANCE,0.4185999999999999,0.005140210678318908,5.410248396250936,-0.02923617697930033,-2.883025983848429,0.019263847026695438,0.024407748944680292,0.10129001409151932,0.2432696512,0.046376287044134955,True,True,False,False,False,-0.34999882961319734,-0.34999882961319734,0.0,"{""0.0000"": 4}"
c3_w2_tcop_cm1_states_L0.4_km0_7599_up0_0000_s256,cm1,stageA,-0.35,-0.7599,0.0,,256,75,3,0,True,,0.4177719999999999,0.004094863027515114,4.669957751479818,-0.04525284952792205,-4.701777339748732,0.014130650988824899,0.02528030158640299,0.13308694662857515,0.2431270128,0.04744466267136905,True,True,False,False,False,-0.34999882961319734,-0.34999882961319734,0.0,"{""0.0000"": 4}"
c3_w2_tcop_cm1_states_L0.4_km0_7599_up0_0000_s256,cm1,stageA,-0.35,-0.7599,0.0,,256,100,4,1,True,,0.417708,0.0038649157989868402,3.811367612584312,-0.04802322177542821,-4.986610755552359,0.004321728378988079,0.025498913593612015,0.13310733782185807,0.2431145808,0.04860521305374558,True,True,False,False,False,-0.34999882961319734,-0.34999882961319734,0.0,"{""0.0000"": 4}"
c3_w2_tcop_cm1_states_L0.4_km0_7599_up0_0000_s256,cm1,stageA,-0.35,-0.7599,0.0,,256,125,5,2,True,,0.41822400000000004,0.004085542752907198,4.8187016608609445,-0.0582464713511154,-5.770390072979342,0.014731187303641353,0.024760267039684362,0.14633306518436762,0.24320545279999997,0.048362442287378335,True,True,False,False,False,-0.34999882961319734,-0.34999882961319734,0.0,"{""0.0000"": 4}"
c3_w2_tcop_cm1_states_L0.4_km0_7599_up0_0000_s256,cm1,stageA,-0.35,-0.7599,0.0,,256,150,6,0,True,,0.41943199999999997,0.003013887802918346,3.577070575057947,-0.05643594872397897,-5.833080250168013,0.0053208700552095116,0.02401098840783198,0.14591161345364306,0.24340737280000002,0.04832636315718368,True,True,False,False,False,-0.34999882961319734,-0.34999882961319734,0.0,"{""0.0000"": 4}"
c3_w2_tcop_cm1_states_L0.4_km0_7599_up0_0000_s256,cm1,stageA,-0.35,-0.7599,0.0,,256,175,7,1,True,,0.4196519999999999,0.003918654313241074,4.349454178668413,-0.052469263899626264,-5.306841582476465,0.011232715135173465,0.02386380684926011,0.14106926658023974,0.2434439088,0.0482103608781349,True,True,False,False,False,-0.34999882961319734,-0.34999882961319734,0.0,"{""0.0000"": 4}"
c3_w2_tcop_cm1_states_L0.4_km0_7599_up0_0000_s256,cm1,stageA,-0.35,-0.7599,0.0,,256,200,8,2,True,,0.4191839999999999,0.0035947941742948786,3.7138813078237187,-0.04711059215264458,-4.929070347840148,0.009899077597418532,0.022622782187644644,0.1412267640434112,0.24337884479999997,0.0475787152411664,True,True,False,False,False,-0.34999882961319734,-0.34999882961319734,0.0,"{""0.0000"": 4}"
c3_w2_tcop_cm1_states_L0.4_km0_7599_up0_0000_s256,cm1,stageA,-0.35,-0.7599,0.0,,256,225,9,0,True,,0.418508,0.0025254521725905765,3.100873839145353,-0.05065914616609993,-5.005839013624928,0.009078297009651242,0.022132300382746845,0.12329513384858808,0.2432732592,0.04778926590773288,True,True,False,False,False,-0.34999882961319734,-0.34999882961319734,0.0,"{""0.0000"": 4}"
c3_w2_tcop_cm1_states_L0.4_km0_7599_up0_0000_s256,cm1,stageA,-0.35,-0.7599,0.0,,256,250,10,1,True,,0.4178119999999999,0.0048921396452219264,5.23832626166655,-0.05891680017187831,-5.635875026330983,0.006993126511984236,0.022848215754368927,0.12350052147018162,0.2431540016,0.048058845762252764,True,True,False,False,False,-0.34999882961319734,-0.34999882961319734,0.0,"{""0.0000"": 4}"
c3_w2_tcop_cm1_states_L0.4_km0_7599_up0_0000_s256,cm1,stageA,-0.35,-0.7599,0.0,,256,275,11,2,True,,0.4180839999999999,0.004721856986521194,5.2602329524681855,-0.04287194940842206,-4.404485417696966,3.61685979728959e-05,0.021319457185130397,0.1061987540633014,0.24321032159999997,0.0485902144881045,True,True,False,False,False,-0.34999882961319734,-0.34999882961319734,0.0,"{""0.0000"": 4}"
c3_w2_tcop_cm1_states_L0.4_km0_7599_up0_0000_s256,cm1,stageA,-0.35,-0.7599,0.0,,256,300,12,0,False,EXITS_PRIMARY_BLOCK_SET,0.417984,0.005062622702269026,5.154482946275835,-0.04516092281989976,-4.2136437241310505,0.00356489483649067,0.02145626300574884,0.10431021258155769,0.24319294399999997,0.04786915232171968,True,True,False,False,False,-0.34999882961319734,-0.34999882961319734,0.0,"{""0.0000"": 4}"
c3_w2_tcop_cm1_states_L0.4_km0_7599_up0_0000_s1024,cm1,stageA,-0.35,-0.7599,0.0,,1024,0,0,0,False,PRE_PRIMARY_PHASE_IMBALANCE,0.416424,0.004306399373103222,4.45309324686254,-0.04187148395924667,-4.530410609200839,0.025369374522781027,0.08446391035591483,1.053733691973244,0.2417779264,0.04810334940521294,False,True,False,False,False,-0.34999882961319734,-0.34999882961319734,0.0,"{""0.0000"": 4}"
c3_w2_tcop_cm1_states_L0.4_km0_7599_up0_0000_s1024,cm1,stageA,-0.35,-0.7599,0.0,,1024,25,1,1,False,PRE_PRIMARY_PHASE_IMBALANCE,0.41858399999999996,0.005298035403574212,5.720142230387506,-0.04247068864372304,-4.017094629454786,0.003547169684700026,0.021003451637856385,0.09747147502658614,0.2432941408,0.04842308276018783,True,True,False,False,False,-0.34999882961319734,-0.34999882961319734,0.0,"{""0.0000"": 4}"
c3_w2_tcop_cm1_states_L0.4_km0_7599_up0_0000_s1024,cm1,stageA,-0.35,-0.7599,0.0,,1024,50,2,2,False,PRE_PRIMARY_PHASE_IMBALANCE,0.4186559999999999,0.005177034023464464,5.4156003661280705,-0.045759674111337835,-5.0635874455958,0.00942079988826149,0.021926642005008778,0.09841015034202273,0.24329888639999997,0.048585117721376365,True,True,False,False,False,-0.34999882961319734,-0.34999882961319734,0.0,"{""0.0000"": 4}"
c3_w2_tcop_cm1_states_L0.4_km0_7599_up0_0000_s1024,cm1,stageA,-0.35,-0.7599,0.0,,1024,75,3,0,True,,0.420048,0.004372487135459064,4.822037625889801,-0.05044634744817216,-4.617429184742618,0.009834145315473213,0.023679727834908713,0.1190340148767902,0.2435087424,0.04800080932651032,True,True,False,False,False,-0.34999882961319734,-0.34999882961319734,0.0,"{""0.0000"": 4}"
c3_w2_tcop_cm1_states_L0.4_km0_7599_up0_0000_s1024,cm1,stageA,-0.35,-0.7599,0.0,,1024,100,4,1,True,,0.4195080000000001,0.004095208870482628,4.5639831244795595,-0.052737793841323946,-5.592297490361357,0.008844958962071417,0.02385188111553755,0.11918723809989973,0.2434209168,0.04847058836036551,True,True,False,False,False,-0.34999882961319734,-0.34999882961319734,0.0,"{""0.0000"": 4}"
c3_w2_tcop_cm1_states_L0.4_km0_7599_up0_0000_s1024,cm1,stageA,-0.35,-0.7599,0.0,,1024,125,5,2,True,,0.418332,0.003656281557831978,3.5385409160224928,-0.04614731741544303,-4.675875729332026,0.018918732997294872,0.025306431813749086,0.12812789810932962,0.24321826400000002,0.04826984333929415,True,True,False,False,False,-0.34999882961319734,-0.34999882961319734,0.0,"{""0.0000"": 4}"
c3_w2_tcop_cm1_states_L0.4_km0_7599_up0_0000_s1024,cm1,stageA,-0.35,-0.7599,0.0,,1024,150,6,0,True,,0.41801199999999994,0.0028005241698257927,3.0858354884225143,-0.04135267324533849,-4.026800491825105,0.012997098842454981,0.025068659968250827,0.11961379070549698,0.24316815839999995,0.048046725757329184,True,True,False,False,False,-0.34999882961319734,-0.34999882961319734,0.0,"{""0.0000"": 4}"
c3_w2_tcop_cm1_states_L0.4_km0_7599_up0_0000_s1024,cm1,stageA,-0.35,-0.7599,0.0,,1024,175,7,1,True,,0.417168,0.0037013042205863815,3.766250303126444,-0.05135899991467782,-4.961859417776591,0.009641972113347679,0.023741731780934246,0.11122617240242258,0.2430407648,0.047877967542492864,True,True,False,False,False,-0.34999882961319734,-0.34999882961319734,0.0,"{""0.0000"": 4}"
c3_w2_tcop_cm1_states_L0.4_km0_7599_up0_0000_s1024,cm1,stageA,-0.35,-0.7599,0.0,,1024,200,8,2,True,,0.41769599999999996,0.0038756528122036765,3.9716674724284013,-0.04098405049891495,-4.3814261125997565,0.008424193352972356,0.023634801505374912,0.11874664799579918,0.24312859200000003,0.048771831870455716,True,True,False,False,False,-0.34999882961319734,-0.34999882961319734,0.0,"{""0.0000"": 4}"
c3_w2_tcop_cm1_states_L0.4_km0_7599_up0_0000_s1024,cm1,stageA,-0.35,-0.7599,0.0,,1024,225,9,0,True,,0.418388,0.004030314570002024,4.679962752659026,-0.04801167077904211,-4.918114435713068,0.0013579185166006592,0.02259454879826836,0.1003852880570541,0.24325011679999997,0.048554314494182696,True,True,False,False,False,-0.34999882961319734,-0.34999882961319734,0.0,"{""0.0000"": 4}"
c3_w2_tcop_cm1_states_L0.4_km0_7599_up0_0000_s1024,cm1,stageA,-0.35,-0.7599,0.0,,1024,250,10,1,True,,0.41918,0.0046888908483989685,5.3985267811981466,-0.05489216537687331,-5.35927793140668,0.005147134291780199,0.022721579557368067,0.12023474373721374,0.2433774128,0.04902904853247715,True,True,False,False,False,-0.34999882961319734,-0.34999882961319734,0.0,"{""0.0000"": 4}"
c3_w2_tcop_cm1_states_L0.4_km0_7599_up0_0000_s1024,cm1,stageA,-0.35,-0.7599,0.0,,1024,275,11,2,True,,0.4194240000000001,0.004129942669604674,4.713008161488634,-0.05015106160534496,-5.015683210050149,0.006656651000569346,0.023250973677295814,0.12588693034760307,0.24341240640000003,0.0489774256571331,True,True,False,False,False,-0.34999882961319734,-0.34999882961319734,0.0,"{""0.0000"": 4}"
c3_w2_tcop_cm1_states_L0.4_km0_7599_up0_0000_s1024,cm1,stageA,-0.35,-0.7599,0.0,,1024,300,12,0,False,EXITS_PRIMARY_BLOCK_SET,0.419476,0.004180958569026057,4.936480586390719,-0.04998249516984038,-5.178452955944928,0.0012628445299242013,0.02358490581822349,0.12587132487705777,0.243418008,0.048804973353132775,True,True,False,False,False,-0.34999882961319734,-0.34999882961319734,0.0,"{""0.0000"": 4}"
c3_w2_tcop_cm1_states_L0.4_km0_7599_up0_0000_s31415,cm1,stageA,-0.35,-0.7599,0.0,,31415,0,0,0,False,PRE_PRIMARY_PHASE_IMBALANCE,0.41490799999999994,0.0023950599843913564,2.672211095132338,-0.04032877581251153,-3.9376693483855103,0.04081717753462552,0.08612303859991025,1.065296400490479,0.2414824944,0.047480854415227196,False,True,False,False,False,-0.34999882961319734,-0.34999882961319734,0.0,"{""0.0000"": 4}"
c3_w2_tcop_cm1_states_L0.4_km0_7599_up0_0000_s31415,cm1,stageA,-0.35,-0.7599,0.0,,31415,25,1,1,False,PRE_PRIMARY_PHASE_IMBALANCE,0.41803199999999996,0.00371244727065156,3.8869687399092596,-0.04672188057596848,-4.732618443130694,0.004475128866288557,0.02263411655040835,0.13204730706728832,0.24319172159999997,0.04817932104129322,True,True,False,False,False,-0.34999882961319734,-0.34999882961319734,0.0,"{""0.0000"": 4}"
c3_w2_tcop_cm1_states_L0.4_km0_7599_up0_0000_s31415,cm1,stageA,-0.35,-0.7599,0.0,,31415,50,2,2,False,PRE_PRIMARY_PHASE_IMBALANCE,0.41788000000000003,0.003776380253078138,4.03197804538078,-0.054254987733485645,-5.674589815006563,0.006866198233527025,0.023078353969436922,0.11677993654451055,0.24316329920000002,0.04839406575190805,True,True,False,False,False,-0.34999882961319734,-0.34999882961319734,0.0,"{""0.0000"": 4}"
c3_w2_tcop_cm1_states_L0.4_km0_7599_up0_0000_s31415,cm1,stageA,-0.35,-0.7599,0.0,,31415,75,3,0,True,,0.41770399999999996,0.003917924464229197,4.558706046243873,-0.05839617314189101,-6.262265179329636,0.0006838061454340426,0.02359221257099735,0.10821059863393556,0.24313025600000004,0.04871476556445695,True,True,False,False,False,-0.34999882961319734,-0.34999882961319734,0.0,"{""0.0000"": 4}"
c3_w2_tcop_cm1_states_L0.4_km0_7599_up0_0000_s31415,cm1,stageA,-0.35,-0.7599,0.0,,31415,100,4,1,True,,0.417684,0.004324858404325128,4.629478045884539,-0.05350957646148395,-5.247521363797937,0.0005522430012982195,0.025078415523338383,0.1082157800916105,0.2431143536,0.047976203934867546,True,True,False,False,False,-0.34999882961319734,-0.34999882961319734,0.0,"{""0.0000"": 4}"
c3_w2_tcop_cm1_states_L0.4_km0_7599_up0_0000_s31415,cm1,stageA,-0.35,-0.7599,0.0,,31415,125,5,2,True,,0.417524,0.0050161795908058235,5.833770957953055,-0.046493192716538144,-4.859086477753274,0.00379244867370898,0.024718885277465987,0.10825724962335762,0.24309119199999998,0.04770565400453074,True,True,False,False,False,-0.34999882961319734,-0.34999882961319734,0.0,"{""0.0000"": 4}"
c3_w2_tcop_cm1_states_L0.4_km0_7599_up0_0000_s31415,cm1,stageA,-0.35,-0.7599,0.0,,31415,150,6,0,True,,0.417592,0.004915769390371636,6.04850457901187,-0.046409871864502225,-4.72273036122477,0.006465138155263127,0.023683674541534666,0.10823962118948732,0.2431111072,0.047251259623421686,True,True,False,False,False,-0.34999882961319734,-0.34999882961319734,0.0,"{""0.0000"": 4}"
c3_w2_tcop_cm1_states_L0.4_km0_7599_up0_0000_s31415,cm1,stageA,-0.35,-0.7599,0.0,,31415,175,7,1,True,,0.41794400000000004,0.0041298692483049005,4.345789953124828,-0.04799587724509142,-4.464346504171661,0.004381886410456326,0.024366690260193623,0.12824684616061752,0.24316310079999998,0.04895725547863156,True,True,False,False,False,-0.34999882961319734,-0.34999882961319734,0.0,"{""0.0000"": 4}"
c3_w2_tcop_cm1_states_L0.4_km0_7599_up0_0000_s31415,cm1,stageA,-0.35,-0.7599,0.0,,31415,200,8,2,True,,0.41760400000000003,0.005272726053887904,5.209659086343657,-0.056456054293722024,-5.510886895099127,0.0002753122500611268,0.024000663894288572,0.12835126069589542,0.24311044319999997,0.04833941646317216,True,True,False,False,False,-0.34999882961319734,-0.34999882961319734,0.0,"{""0.0000"": 4}"
c3_w2_tcop_cm1_states_L0.4_km0_7599_up0_0000_s31415,cm1,stageA,-0.35,-0.7599,0.0,,31415,225,9,0,True,,0.417816,0.003592839478233084,3.902655538292151,-0.052403085903924874,-4.745706743138778,0.004509612878233645,0.02408759170147642,0.13403029052494328,0.2431445024,0.04761544018488121,True,True,False,False,False,-0.34999882961319734,-0.34999882961319734,0.0,"{""0.0000"": 4}"
c3_w2_tcop_cm1_states_L0.4_km0_7599_up0_0000_s31415,cm1,stageA,-0.35,-0.7599,0.0,,31415,250,10,1,True,,0.418396,0.002336280878101364,2.546016209259822,-0.04413713997236053,-4.722681908346856,0.00040329466171810826,0.024781891426600658,0.13480052358339822,0.24323327839999995,0.04812512009335665,True,True,False,False,False,-0.34999882961319734,-0.34999882961319734,0.0,"{""0.0000"": 4}"
c3_w2_tcop_cm1_states_L0.4_km0_7599_up0_0000_s31415,cm1,stageA,-0.35,-0.7599,0.0,,31415,275,11,2,True,,0.41784,0.002745315567155579,2.8313853309954586,-0.04578227724254149,-4.450274352743381,0.003299583253128904,0.023147370793141515,0.12827876668514554,0.24315618879999998,0.04805303736497829,True,True,False,False,False,-0.34999882961319734,-0.34999882961319734,0.0,"{""0.0000"": 4}"
c3_w2_tcop_cm1_states_L0.4_km0_7599_up0_0000_s31415,cm1,stageA,-0.35,-0.7599,0.0,,31415,300,12,0,False,EXITS_PRIMARY_BLOCK_SET,0.41921600000000014,0.001689893096659684,2.029547818347524,-0.04638709636957514,-4.254947366522692,0.006610714107052923,0.023662418626182118,0.12785771504938323,0.24337554559999997,0.04781072415264173,True,True,False,False,False,-0.34999882961319734,-0.34999882961319734,0.0,"{""0.0000"": 4}"
