run_id,mode,stage,c_label,kappa,tier,u_const,seed,window_start_tick,window_start_block,window_start_schedule_phase,window_in_primary_family,primary_exclusion_reason,window_mean_rho,raw_Psi_meanI_state,Psi_meanI_state_z,raw_Psi_persistence_I,Psi_persistence_I_z,relative_drift,rho_cv,rho_range_over_mean,mean_active_state_variance,persistence_std,Steady_State_Candidate_APPARATUS_ONLY,Lifted_Activation_Candidate_APPARATUS_ONLY,extinction_degenerate_APPARATUS_ONLY,saturation_degenerate_APPARATUS_ONLY,LowLow_Nondegenerate_Candidate_APPARATUS_ONLY,analytic_realized_delta_p_u0_convention,driven_realized_contrast_mean,driven_realized_contrast_range,window_schedule_composition
c3_w2_tcop_cm1_states_L0.4_kp0_0000_up0_1000_s42,cm1,stageB,0.0,0.0,0.1,,42,0,0,0,False,PRE_PRIMARY_PHASE_IMBALANCE,0.4016,-0.0008988786021518485,-0.5339368491998775,-0.013142327247146096,-1.212152496647414,0.05416796646257565,0.08026405387105447,0.8326693206357836,0.23927840639999995,0.050018396615645326,False,True,False,False,True,0.0,0.0,0.0,"{""0.0000"": 2, ""0.0500"": 1, ""0.1000"": 1}"
c3_w2_tcop_cm1_states_L0.4_kp0_0000_up0_1000_s42,cm1,stageB,0.0,0.0,0.1,,42,25,1,1,False,PRE_PRIMARY_PHASE_IMBALANCE,0.406664,-0.00037006735287460277,0.08406570791978321,-0.010287093876692226,-1.0325240877717117,0.009837900729273525,0.0257527166831807,0.13672220767827437,0.24117871360000007,0.04938492790315684,True,True,False,False,True,0.0,0.0,0.0,"{""0.0000"": 1, ""0.0500"": 2, ""0.1000"": 1}"
c3_w2_tcop_cm1_states_L0.4_kp0_0000_up0_1000_s42,cm1,stageB,0.0,0.0,0.1,,42,50,2,2,False,PRE_PRIMARY_PHASE_IMBALANCE,0.40927600000000003,0.00037584074776869826,0.753019739212943,-0.0005709353231170177,-0.008849020642087941,0.01617867194273913,0.02824303522226021,0.14366833104392054,0.24163554080000008,0.049415744697414,True,True,False,False,True,0.0,0.0,0.0,"{""0.0000"": 1, ""0.0500"": 1, ""0.1000"": 2}"
c3_w2_tcop_cm1_states_L0.4_kp0_0000_up0_1000_s42,cm1,stageB,0.0,0.0,0.1,,42,75,3,0,True,,0.4059439999999999,0.0003007866179156402,0.6718941675071074,-0.015161524505493856,-1.4387571696723254,0.00015727879826158843,0.029516688641490634,0.15075971032763208,0.24100989759999997,0.049307492980276334,True,True,False,False,True,0.0,0.0,0.0,"{""0.0000"": 2, ""0.0500"": 1, ""0.1000"": 1}"
c3_w2_tcop_cm1_states_L0.4_kp0_0000_up0_1000_s42,cm1,stageB,0.0,0.0,0.1,,42,100,4,1,True,,0.40732399999999996,0.0004810322743661017,0.8193796059390888,-0.013341819367636423,-1.436755943206912,0.017045826664733907,0.030006334624259598,0.15024894150541346,0.2412617744,0.048936683827165886,True,True,False,False,True,0.0,0.0,0.0,"{""0.0000"": 1, ""0.0500"": 2, ""0.1000"": 1}"
c3_w2_tcop_cm1_states_L0.4_kp0_0000_up0_1000_s42,cm1,stageB,0.0,0.0,0.1,,42,125,5,2,True,,0.4085319999999999,-0.00022714075676045386,0.09926052095605833,-0.003952758603623399,-0.4248925360724642,0.007028597842238717,0.0297783300807497,0.14980466609762594,0.24148560799999996,0.04921752712195118,True,True,False,False,True,0.0,0.0,0.0,"{""0.0000"": 1, ""0.0500"": 1, ""0.1000"": 2}"
c3_w2_tcop_cm1_states_L0.4_kp0_0000_up0_1000_s42,cm1,stageB,0.0,0.0,0.1,,42,150,6,0,True,,0.40479600000000004,-8.636777607596121e-05,0.2713532348328692,0.002490032027611537,0.3916644649333204,0.010374855383013899,0.028898166829533955,0.13735313556123785,0.24079935840000005,0.04846357791166475,True,True,False,False,True,0.0,0.0,0.0,"{""0.0000"": 2, ""0.0500"": 1, ""0.1000"": 1}"
c3_w2_tcop_cm1_states_L0.4_kp0_0000_up0_1000_s42,cm1,stageB,0.0,0.0,0.1,,42,175,7,1,True,,0.40669199999999994,0.0004127036011283378,0.7843447461382029,0.010906630461885183,1.1250529217309357,0.00908945750562231,0.027233321083141755,0.12294316061554403,0.24117094880000003,0.0489160212609325,True,True,False,False,True,0.0,0.0,0.0,"{""0.0000"": 1, ""0.0500"": 2, ""0.1000"": 1}"
c3_w2_tcop_cm1_states_L0.4_kp0_0000_up0_1000_s42,cm1,stageB,0.0,0.0,0.1,,42,200,8,2,True,,0.407704,0.00040713846486225565,0.8028785601675571,0.009558678298199475,0.9637991872180759,0.003778412877053616,0.02689499916633951,0.12263799196809938,0.2413612128,0.048612018925364535,True,True,False,False,True,0.0,0.0,0.0,"{""0.0000"": 1, ""0.0500"": 1, ""0.1000"": 2}"
c3_w2_tcop_cm1_states_L0.4_kp0_0000_up0_1000_s42,cm1,stageB,0.0,0.0,0.1,,42,225,9,0,True,,0.40560000000000007,0.0006970440997695901,1.1377338643880475,0.01122214391193449,1.3646568137546886,0.007682425028297456,0.026814666321905288,0.12327416143176977,0.240970352,0.04882294542528134,True,True,False,False,True,0.0,0.0,0.0,"{""0.0000"": 2, ""0.0500"": 1, ""0.1000"": 1}"
c3_w2_tcop_cm1_states_L0.4_kp0_0000_up0_1000_s42,cm1,stageB,0.0,0.0,0.1,,42,250,10,1,True,,0.4070039999999999,-0.0006070682953751392,-0.2513917530927062,-0.008734300677237666,-0.8642053347769915,0.00615269238358641,0.025273026785712124,0.11400379329440548,0.24124593760000004,0.049517107993096686,True,True,False,False,True,0.0,0.0,0.0,"{""0.0000"": 1, ""0.0500"": 2, ""0.1000"": 1}"
c3_w2_tcop_cm1_states_L0.4_kp0_0000_up0_1000_s42,cm1,stageB,0.0,0.0,0.1,,42,275,11,2,True,,0.40824799999999994,-0.0010096490472072516,-0.5879226132166241,-0.018661454066732443,-1.8625136561468858,0.003813357752528763,0.026303033229952037,0.11659579442741712,0.24146626240000002,0.04840217449660707,True,True,False,False,True,0.0,0.0,0.0,"{""0.0000"": 1, ""0.0500"": 1, ""0.1000"": 2}"
c3_w2_tcop_cm1_states_L0.4_kp0_0000_up0_1000_s42,cm1,stageB,0.0,0.0,0.1,,42,300,12,0,False,EXITS_PRIMARY_BLOCK_SET,0.4058,-0.001975597677079325,-1.632463993856403,-0.006786863247716209,-0.6870594427569372,0.003675478430851908,0.026424125249766856,0.12419911255741962,0.24101137920000004,0.04821908335918467,True,True,False,False,True,0.0,0.0,0.0,"{""0.0000"": 2, ""0.0500"": 1, ""0.1000"": 1}"
c3_w2_tcop_cm1_states_L0.4_kp0_0000_up0_1000_s137,cm1,stageB,0.0,0.0,0.1,,137,0,0,0,False,PRE_PRIMARY_PHASE_IMBALANCE,0.4029560000000001,-4.01928661776102e-07,0.4358069257227528,-0.007616867155716832,-0.8426691815436219,0.04353724554516766,0.07948220789990702,0.826889286108435,0.23955667999999997,0.04831171766766319,False,True,False,False,True,0.0,0.0,0.0,"{""0.0000"": 2, ""0.0500"": 1, ""0.1000"": 1}"
c3_w2_tcop_cm1_states_L0.4_kp0_0000_up0_1000_s137,cm1,stageB,0.0,0.0,0.1,,137,25,1,1,False,PRE_PRIMARY_PHASE_IMBALANCE,0.4064319999999999,0.0001092500592345623,0.570432230324722,-0.00944545453900399,-0.8968788987139452,0.009824618371845516,0.026570406947642154,0.13483190266801842,0.2411284096,0.048426329367400954,True,True,False,False,True,0.0,0.0,0.0,"{""0.0000"": 1, ""0.0500"": 2, ""0.1000"": 1}"
c3_w2_tcop_cm1_states_L0.4_kp0_0000_up0_1000_s137,cm1,stageB,0.0,0.0,0.1,,137,50,2,2,False,PRE_PRIMARY_PHASE_IMBALANCE,0.408316,0.0015192655596698388,1.8114287364487949,-0.011624907646230044,-1.0848960686320486,0.0038732700847918513,0.027360828175699566,0.1342097783721191,0.24146923359999992,0.04904777409832173,True,True,False,False,True,0.0,0.0,0.0,"{""0.0000"": 1, ""0.0500"": 1, ""0.1000"": 2}"
c3_w2_tcop_cm1_states_L0.4_kp0_0000_up0_1000_s137,cm1,stageB,0.0,0.0,0.1,,137,75,3,0,True,,0.405204,0.0019316952955002408,2.1587128910575784,-0.006802952364286027,-0.535211877424679,0.002556005290670934,0.028250116067453767,0.13524052049031954,0.2408826832,0.04825596734083775,True,True,False,False,False,0.0,0.0,0.0,"{""0.0000"": 2, ""0.0500"": 1, ""0.1000"": 1}"
c3_w2_tcop_cm1_states_L0.4_kp0_0000_up0_1000_s137,cm1,stageB,0.0,0.0,0.1,,137,100,4,1,True,,0.40677599999999997,0.0014400277983899273,1.7565819633815365,-0.0016023705165812874,-0.010503496437763167,0.004680390146808955,0.026822294286629602,0.1347178787963943,0.2411902432,0.048144842132880644,True,True,False,False,True,0.0,0.0,0.0,"{""0.0000"": 1, ""0.0500"": 2, ""0.1000"": 1}"
c3_w2_tcop_cm1_states_L0.4_kp0_0000_up0_1000_s137,cm1,stageB,0.0,0.0,0.1,,137,125,5,2,True,,0.40842400000000006,0.0007790218616492695,1.4341649031109902,0.008420826324162592,0.9050878672295534,0.005307956399161482,0.02538330552181092,0.1341742891353732,0.24150635840000004,0.04807989417625625,True,True,False,False,True,0.0,0.0,0.0,"{""0.0000"": 1, ""0.0500"": 1, ""0.1000"": 2}"
c3_w2_tcop_cm1_states_L0.4_kp0_0000_up0_1000_s137,cm1,stageB,0.0,0.0,0.1,,137,150,6,0,True,,0.40508399999999994,0.0011112389035439999,1.47325082108073,0.003914699207925378,0.6159104260940939,0.0022664232774306206,0.025638074609294594,0.13528058344619728,0.2408830928,0.04827455793686773,True,True,False,False,True,0.0,0.0,0.0,"{""0.0000"": 2, ""0.0500"": 1, ""0.1000"": 1}"
c3_w2_tcop_cm1_states_L0.4_kp0_0000_up0_1000_s137,cm1,stageB,0.0,0.0,0.1,,137,175,7,1,True,,0.40669200000000005,0.00015448207063760793,0.5425150018611755,-0.000724258982356029,-0.09968066929538295,0.012593983099310077,0.02340914435541394,0.12982797761001438,0.24120298080000002,0.049195702413930426,True,True,False,False,True,0.0,0.0,0.0,"{""0.0000"": 1, ""0.0500"": 2, ""0.1000"": 1}"
c3_w2_tcop_cm1_states_L0.4_kp0_0000_up0_1000_s137,cm1,stageB,0.0,0.0,0.1,,137,200,8,2,True,,0.40792400000000006,0.0002290155988321883,0.6232929831121237,0.012156292072189689,1.2563470177970106,0.008407700850867889,0.026596072217685854,0.14904737120383352,0.24140430559999995,0.04837737305807334,True,True,False,False,True,0.0,0.0,0.0,"{""0.0000"": 1, ""0.0500"": 1, ""0.1000"": 2}"
c3_w2_tcop_cm1_states_L0.4_kp0_0000_up0_1000_s137,cm1,stageB,0.0,0.0,0.1,,137,225,9,0,True,,0.40547199999999994,0.0005303107427118546,1.0057098879331894,0.014804450309075175,1.6007508049910164,0.013000668671852504,0.025411209961597438,0.14994870139011143,0.24095829439999997,0.0484187692532555,True,True,False,False,True,0.0,0.0,0.0,"{""0.0000"": 2, ""0.0500"": 1, ""0.1000"": 1}"
c3_w2_tcop_cm1_states_L0.4_kp0_0000_up0_1000_s137,cm1,stageB,0.0,0.0,0.1,,137,250,10,1,True,,0.40691999999999995,-0.00040031304518408294,0.044754902612261234,-0.015141506509292623,-1.490132667997119,0.008978780486478103,0.024633567864134488,0.1405681703023489,0.24123563520000005,0.048458988846239864,True,True,False,False,True,0.0,0.0,0.0,"{""0.0000"": 1, ""0.0500"": 2, ""0.1000"": 1}"
c3_w2_tcop_cm1_states_L0.4_kp0_0000_up0_1000_s137,cm1,stageB,0.0,0.0,0.1,,137,275,11,2,True,,0.409064,0.0006994423042302213,1.1438988696495318,-0.019635984915198718,-1.770668101836488,0.013168156202203093,0.026630437526454605,0.13983141968046212,0.24161197439999996,0.048864751140264694,True,True,False,False,True,0.0,0.0,0.0,"{""0.0000"": 1, ""0.0500"": 1, ""0.1000"": 2}"
c3_w2_tcop_cm1_states_L0.4_kp0_0000_up0_1000_s137,cm1,stageB,0.0,0.0,0.1,,137,300,12,0,False,EXITS_PRIMARY_BLOCK_SET,0.40584400000000004,0.0008345173880470253,1.332110778831107,-0.008926925626089032,-0.9308502906705386,0.0006203989165725503,0.026662228124085894,0.12418564738129514,0.24101755999999994,0.04807543722110076,True,True,False,False,True,0.0,0.0,0.0,"{""0.0000"": 2, ""0.0500"": 1, ""0.1000"": 1}"
c3_w2_tcop_cm1_states_L0.4_kp0_0000_up0_1000_s256,cm1,stageB,0.0,0.0,0.1,,256,0,0,0,False,PRE_PRIMARY_PHASE_IMBALANCE,0.40401600000000004,-0.000609725186885899,-0.24946383839738875,0.004717193181051408,0.4615597844902391,0.05735871184898503,0.08095879691648109,0.8296701100212115,0.23971721599999998,0.046686526364680424,False,True,False,False,True,0.0,0.0,0.0,"{""0.0000"": 2, ""0.0500"": 1, ""0.1000"": 1}"
c3_w2_tcop_cm1_states_L0.4_kp0_0000_up0_1000_s256,cm1,stageB,0.0,0.0,0.1,,256,25,1,1,False,PRE_PRIMARY_PHASE_IMBALANCE,0.4085000000000001,-0.00035590080774302376,-0.04318176183465168,0.005605324367270797,0.5154315894458671,0.021913574412737818,0.027657758918910178,0.1184822518519406,0.2415001008,0.046595600650705206,True,True,False,False,True,0.0,0.0,0.0,"{""0.0000"": 1, ""0.0500"": 2, ""0.1000"": 1}"
c3_w2_tcop_cm1_states_L0.4_kp0_0000_up0_1000_s256,cm1,stageB,0.0,0.0,0.1,,256,50,2,2,False,PRE_PRIMARY_PHASE_IMBALANCE,0.4090639999999999,0.0005485515851552302,0.92586313561137,0.016395053571164896,1.7402610215967704,0.018093452662469214,0.02641629879262754,0.1124518410017704,0.2416138752,0.04669222530571872,True,True,False,False,True,0.0,0.0,0.0,"{""0.0000"": 1, ""0.0500"": 1, ""0.1000"": 2}"
c3_w2_tcop_cm1_states_L0.4_kp0_0000_up0_1000_s256,cm1,stageB,0.0,0.0,0.1,,256,75,3,0,True,,0.40481200000000006,-0.0001672962993232798,0.28862353249615214,-0.003911211506223082,-0.42299811384358765,0.010925867517028365,0.02655670369247548,0.12647846376471436,0.240823672,0.04830242909005716,True,True,False,False,True,0.0,0.0,0.0,"{""0.0000"": 2, ""0.0500"": 1, ""0.1000"": 1}"
c3_w2_tcop_cm1_states_L0.4_kp0_0000_up0_1000_s256,cm1,stageB,0.0,0.0,0.1,,256,100,4,1,True,,0.406196,-0.00040006238013044017,-0.15250304302144277,-0.007453862577346778,-0.950932588098197,0.006827928736144259,0.02722658556806417,0.14180346398831248,0.24107850080000007,0.049128093632869574,True,True,False,False,True,0.0,0.0,0.0,"{""0.0000"": 1, ""0.0500"": 2, ""0.1000"": 1}"
c3_w2_tcop_cm1_states_L0.4_kp0_0000_up0_1000_s256,cm1,stageB,0.0,0.0,0.1,,256,125,5,2,True,,0.40832,-0.00031622586546148953,-0.030576512749871453,-0.01632050192058734,-1.614899221773211,0.019299735568928566,0.02797267751389881,0.16947492121503996,0.24146432000000004,0.049041794420677555,True,True,False,False,True,0.0,0.0,0.0,"{""0.0000"": 1, ""0.0500"": 1, ""0.1000"": 2}"
c3_w2_tcop_cm1_states_L0.4_kp0_0000_up0_1000_s256,cm1,stageB,0.0,0.0,0.1,,256,150,6,0,True,,0.406112,-0.001098919250323297,-0.6191441316206298,-0.009159003645379055,-0.8796176743139936,0.009918650023545538,0.029041189086161528,0.17039634344615204,0.24104594560000003,0.04920653875248695,True,True,False,False,True,0.0,0.0,0.0,"{""0.0000"": 2, ""0.0500"": 1, ""0.1000"": 1}"
c3_w2_tcop_cm1_states_L0.4_kp0_0000_up0_1000_s256,cm1,stageB,0.0,0.0,0.1,,256,175,7,1,True,,0.40778,-0.00011231674835461345,0.2520843066876278,-0.009673798209418685,-0.8479407426668115,0.023693379138073963,0.026551768928646295,0.15008092562146036,0.2413782416,0.048959489376422215,True,True,False,False,True,0.0,0.0,0.0,"{""0.0000"": 1, ""0.0500"": 2, ""0.1000"": 1}"
c3_w2_tcop_cm1_states_L0.4_kp0_0000_up0_1000_s256,cm1,stageB,0.0,0.0,0.1,,256,200,8,2,True,,0.408932,-0.00021862116468466495,0.17480322726837424,-0.0062009803612974815,-0.6903402330061946,0.002863745328923247,0.02570789649181563,0.1496581335046949,0.2415961008,0.04822384654919182,True,True,False,False,True,0.0,0.0,0.0,"{""0.0000"": 1, ""0.0500"": 1, ""0.1000"": 2}"
c3_w2_tcop_cm1_states_L0.4_kp0_0000_up0_1000_s256,cm1,stageB,0.0,0.0,0.1,,256,225,9,0,True,,0.404948,-0.0017734576251944517,-1.3035089161941564,-0.004086709333795315,-0.4025615769924168,0.00540152989636226,0.026249958221936986,0.11952151851713919,0.2408521232,0.04824642262385886,True,True,False,False,True,0.0,0.0,0.0,"{""0.0000"": 2, ""0.0500"": 1, ""0.1000"": 1}"
c3_w2_tcop_cm1_states_L0.4_kp0_0000_up0_1000_s256,cm1,stageB,0.0,0.0,0.1,,256,250,10,1,True,,0.4054960000000001,0.00041583837451531993,0.8223215415501631,-0.011945682874216252,-1.0197178341513622,0.023682996410200302,0.026086838562052246,0.11935999339238856,0.24095709760000006,0.04893540624128914,True,True,False,False,True,0.0,0.0,0.0,"{""0.0000"": 1, ""0.0500"": 2, ""0.1000"": 1}"
c3_w2_tcop_cm1_states_L0.4_kp0_0000_up0_1000_s256,cm1,stageB,0.0,0.0,0.1,,256,275,11,2,True,,0.40737199999999996,-0.0004682715326014242,-0.055707302337449166,0.001835814173580049,0.2177702360216196,0.0037278749139811156,0.027518274787168114,0.13648458868924582,0.2412943856,0.049032373142649334,True,True,False,False,True,0.0,0.0,0.0,"{""0.0000"": 1, ""0.0500"": 1, ""0.1000"": 2}"
c3_w2_tcop_cm1_states_L0.4_kp0_0000_up0_1000_s256,cm1,stageB,0.0,0.0,0.1,,256,300,12,0,False,EXITS_PRIMARY_BLOCK_SET,0.4039719999999999,-0.00012534521314160637,0.2374580584478134,0.003165789194403804,0.36468334288192705,0.011627116956975315,0.026816640738702584,0.13763330097721316,0.2406612656,0.04842337468619881,True,True,False,False,True,0.0,0.0,0.0,"{""0.0000"": 2, ""0.0500"": 1, ""0.1000"": 1}"
c3_w2_tcop_cm1_states_L0.4_kp0_0000_up0_1000_s1024,cm1,stageB,0.0,0.0,0.1,,1024,0,0,0,False,PRE_PRIMARY_PHASE_IMBALANCE,0.401948,-0.00012242003840270946,0.29468054703233654,0.0041067313006692184,0.4345654525712314,0.04863384014561347,0.07940435959319585,0.8150307979762784,0.23936714720000005,0.048513145599929926,False,True,False,False,True,0.0,0.0,0.0,"{""0.0000"": 2, ""0.0500"": 1, ""0.1000"": 1}"
c3_w2_tcop_cm1_states_L0.4_kp0_0000_up0_1000_s1024,cm1,stageB,0.0,0.0,0.1,,1024,25,1,1,False,PRE_PRIMARY_PHASE_IMBALANCE,0.40687599999999996,0.0007886072192272129,1.1337854725861536,-0.0027129466262874285,-0.23686694927191906,0.003873999989894931,0.022929939833211704,0.11010725599419173,0.24124087839999994,0.04864360825432258,True,True,False,False,True,0.0,0.0,0.0,"{""0.0000"": 1, ""0.0500"": 2, ""0.1000"": 1}"
c3_w2_tcop_cm1_states_L0.4_kp0_0000_up0_1000_s1024,cm1,stageB,0.0,0.0,0.1,,1024,50,2,2,False,PRE_PRIMARY_PHASE_IMBALANCE,0.409044,0.0005076494438899955,0.9342081843308453,-0.005444631279693448,-0.6938434395385591,0.014320673972132917,0.024181339045104715,0.1202804585318928,0.24162916959999997,0.048814813981003756,True,True,False,False,True,0.0,0.0,0.0,"{""0.0000"": 1, ""0.0500"": 1, ""0.1000"": 2}"
c3_w2_tcop_cm1_states_L0.4_kp0_0000_up0_1000_s1024,cm1,stageB,0.0,0.0,0.1,,1024,75,3,0,True,,0.4071240000000001,-0.00033361412900719987,0.15183582743743018,-0.00730977696823798,-0.7082107578606062,0.016622642563572883,0.026528161154006438,0.14442774156171648,0.24125740320000005,0.04824115073254368,True,True,False,False,True,0.0,0.0,0.0,"{""0.0000"": 2, ""0.0500"": 1, ""0.1000"": 1}"
c3_w2_tcop_cm1_states_L0.4_kp0_0000_up0_1000_s1024,cm1,stageB,0.0,0.0,0.1,,1024,100,4,1,True,,0.40790400000000004,-0.00022395191075681337,0.2115016225394671,-0.01123915622004537,-1.1249849693693643,0.027144394768324736,0.025781663037161725,0.1441515647207393,0.24140773120000003,0.0488344835541444,True,True,False,False,True,0.0,0.0,0.0,"{""0.0000"": 1, ""0.0500"": 2, ""0.1000"": 1}"
c3_w2_tcop_cm1_states_L0.4_kp0_0000_up0_1000_s1024,cm1,stageB,0.0,0.0,0.1,,1024,125,5,2,True,,0.40853199999999995,-0.0007120386955018745,-0.40817885527113673,0.005023192570351796,0.5133880229949369,0.014820394597548789,0.02787266929301606,0.14392997330948384,0.241503944,0.04876438224770206,True,True,False,False,True,0.0,0.0,0.0,"{""0.0000"": 1, ""0.0500"": 1, ""0.1000"": 2}"
c3_w2_tcop_cm1_states_L0.4_kp0_0000_up0_1000_s1024,cm1,stageB,0.0,0.0,0.1,,1024,150,6,0,True,,0.4051760000000001,-0.001120173757644109,-0.6054176877338376,0.017069627470506523,1.811678405818454,0.006734339774694829,0.027764672164186124,0.14216044350563603,0.24088185600000003,0.04896701975820052,True,True,False,False,True,0.0,0.0,0.0,"{""0.0000"": 2, ""0.0500"": 1, ""0.1000"": 1}"
c3_w2_tcop_cm1_states_L0.4_kp0_0000_up0_1000_s1024,cm1,stageB,0.0,0.0,0.1,,1024,175,7,1,True,,0.40556799999999993,-0.0004290217599568169,-0.011170280605209155,0.0021765667020320813,0.26660096983945947,0.0024560606544525715,0.026244701869246316,0.11539371914107201,0.24096930240000006,0.048535732980969803,True,True,False,False,True,0.0,0.0,0.0,"{""0.0000"": 1, ""0.0500"": 2, ""0.1000"": 1}"
c3_w2_tcop_cm1_states_L0.4_kp0_0000_up0_1000_s1024,cm1,stageB,0.0,0.0,0.1,,1024,200,8,2,True,,0.40793999999999997,-0.0007633537401173036,-0.3880194553812843,0.003073460938932475,0.17824369818857108,0.007695430503743959,0.025834620915873022,0.1215865075217274,0.24141388640000003,0.04958423539795687,True,True,False,False,True,0.0,0.0,0.0,"{""0.0000"": 1, ""0.0500"": 1, ""0.1000"": 2}"
c3_w2_tcop_cm1_states_L0.4_kp0_0000_up0_1000_s1024,cm1,stageB,0.0,0.0,0.1,,1024,225,9,0,True,,0.40493199999999996,-0.0008521404266820249,-0.5118472254376637,-0.00454236046269717,-0.32426561527656494,0.0016958616981894202,0.0253287013199077,0.12644098237125984,0.2408568816,0.049354588196033,True,True,False,False,True,0.0,0.0,0.0,"{""0.0000"": 2, ""0.0500"": 1, ""0.1000"": 1}"
c3_w2_tcop_cm1_states_L0.4_kp0_0000_up0_1000_s1024,cm1,stageB,0.0,0.0,0.1,,1024,250,10,1,True,,0.40671199999999996,-0.0005497747845759949,-0.16001914472888634,-0.009993454209785816,-1.1234794567166158,0.009408285560436833,0.024731214641459755,0.12588760566226806,0.241196176,0.04966597483187057,True,True,False,False,True,0.0,0.0,0.0,"{""0.0000"": 1, ""0.0500"": 2, ""0.1000"": 1}"
c3_w2_tcop_cm1_states_L0.4_kp0_0000_up0_1000_s1024,cm1,stageB,0.0,0.0,0.1,,1024,275,11,2,True,,0.4091039999999999,-0.000927486429265468,-0.5231681043106968,-0.011359576561808629,-1.1735381344513929,0.015336509560908141,0.027136338741739728,0.13981774771251865,0.241614672,0.049329881248590085,True,True,False,False,True,0.0,0.0,0.0,"{""0.0000"": 1, ""0.0500"": 1, ""0.1000"": 2}"
c3_w2_tcop_cm1_states_L0.4_kp0_0000_up0_1000_s1024,cm1,stageB,0.0,0.0,0.1,,1024,300,12,0,False,EXITS_PRIMARY_BLOCK_SET,0.40598799999999996,-0.0008219347674482001,-0.42322723539377793,-0.004218946844933712,-0.307490601820686,0.009444573309800457,0.02930436487391143,0.14384661580183009,0.2410202,0.04942493152246141,True,True,False,False,True,0.0,0.0,0.0,"{""0.0000"": 2, ""0.0500"": 1, ""0.1000"": 1}"
c3_w2_tcop_cm1_states_L0.4_kp0_0000_up0_1000_s31415,cm1,stageB,0.0,0.0,0.1,,31415,0,0,0,False,PRE_PRIMARY_PHASE_IMBALANCE,0.400348,-0.0013706645334189526,-0.8812127358124011,0.0113502431812446,1.0827716324049177,0.06325190138073827,0.0818638324199016,0.8532576636994373,0.23899534240000006,0.04818131272599368,False,True,False,False,True,0.0,0.0,0.0,"{""0.0000"": 2, ""0.0500"": 1, ""0.1000"": 1}"
c3_w2_tcop_cm1_states_L0.4_kp0_0000_up0_1000_s31415,cm1,stageB,0.0,0.0,0.1,,31415,25,1,1,False,PRE_PRIMARY_PHASE_IMBALANCE,0.40621199999999996,-0.00037866536025985594,-0.049007932636165305,0.003930899728688921,0.4335678481902852,0.0072129158914230355,0.027594468030557227,0.1565684909442151,0.24107816480000005,0.04872136139313022,True,True,False,False,True,0.0,0.0,0.0,"{""0.0000"": 1, ""0.0500"": 2, ""0.1000"": 1}"
c3_w2_tcop_cm1_states_L0.4_kp0_0000_up0_1000_s31415,cm1,stageB,0.0,0.0,0.1,,31415,50,2,2,False,PRE_PRIMARY_PHASE_IMBALANCE,0.4080960000000001,0.000261840176048421,0.6593893269887325,-0.01099436345046966,-1.0856327122197973,0.0003952406522429373,0.028185096516115386,0.13918293700702056,0.24142135359999997,0.04858780488970457,True,True,False,False,True,0.0,0.0,0.0,"{""0.0000"": 1, ""0.0500"": 1, ""0.1000"": 2}"
c3_w2_tcop_cm1_states_L0.4_kp0_0000_up0_1000_s31415,cm1,stageB,0.0,0.0,0.1,,31415,75,3,0,True,,0.40434,0.00027843205029698913,0.6532010305707785,-0.01262765058419846,-1.2405643079826485,0.008180666688670655,0.028209666316824547,0.1365187709934245,0.24071906080000002,0.04892447649183382,True,True,False,False,True,0.0,0.0,0.0,"{""0.0000"": 2, ""0.0500"": 1, ""0.1000"": 1}"
c3_w2_tcop_cm1_states_L0.4_kp0_0000_up0_1000_s31415,cm1,stageB,0.0,0.0,0.1,,31415,100,4,1,True,,0.40604400000000007,7.806522405005118e-05,0.5024712150340028,-0.006964430363771153,-0.7032136436923507,0.011626897803153114,0.028716359880166353,0.13594585774953985,0.24103631200000003,0.04803571654508757,True,True,False,False,True,0.0,0.0,0.0,"{""0.0000"": 1, ""0.0500"": 2, ""0.1000"": 1}"
c3_w2_tcop_cm1_states_L0.4_kp0_0000_up0_1000_s31415,cm1,stageB,0.0,0.0,0.1,,31415,125,5,2,True,,0.40758399999999995,0.0007997749623265064,1.3123930574455185,0.0004385637676083841,0.10480445441939656,0.008293991033776737,0.029591204338872638,0.13543220505360323,0.24131381760000004,0.04782136493242325,True,True,False,False,True,0.0,0.0,0.0,"{""0.0000"": 1, ""0.0500"": 1, ""0.1000"": 2}"
c3_w2_tcop_cm1_states_L0.4_kp0_0000_up0_1000_s31415,cm1,stageB,0.0,0.0,0.1,,31415,150,6,0,True,,0.40403200000000006,-2.9853343149034185e-05,0.45061426752584455,-0.004870227822559628,-0.56644677865156,0.0013532954719292238,0.02979375799679425,0.13563282082698197,0.2406452384,0.04779856667307086,True,True,False,False,True,0.0,0.0,0.0,"{""0.0000"": 2, ""0.0500"": 1, ""0.1000"": 1}"
c3_w2_tcop_cm1_states_L0.4_kp0_0000_up0_1000_s31415,cm1,stageB,0.0,0.0,0.1,,31415,175,7,1,True,,0.4061040000000001,-8.075923153793454e-05,0.3413426674940717,-0.002841806075433435,-0.20088869774373547,0.007846656639725369,0.028873086266104735,0.14774540475408904,0.24104605440000004,0.04912780459169736,True,True,False,False,True,0.0,0.0,0.0,"{""0.0000"": 1, ""0.0500"": 2, ""0.1000"": 1}"
c3_w2_tcop_cm1_states_L0.4_kp0_0000_up0_1000_s31415,cm1,stageB,0.0,0.0,0.1,,31415,200,8,2,True,,0.407572,0.0013924188217760488,1.716804512595544,-0.008425398961285056,-0.8630995457828444,0.006793098792099801,0.028435583593292107,0.1472132527572717,0.24132274720000002,0.04843454155868516,True,True,False,False,True,0.0,0.0,0.0,"{""0.0000"": 1, ""0.0500"": 1, ""0.1000"": 2}"
c3_w2_tcop_cm1_states_L0.4_kp0_0000_up0_1000_s31415,cm1,stageB,0.0,0.0,0.1,,31415,225,9,0,True,,0.40446400000000005,-0.00023899352038142923,0.16146623705716495,-0.007556217759647914,-0.6314680490915203,0.01042313176879679,0.027849006157323202,0.15625618063348973,0.24074599680000006,0.04818954973850658,True,True,False,False,True,0.0,0.0,0.0,"{""0.0000"": 2, ""0.0500"": 1, ""0.1000"": 1}"
c3_w2_tcop_cm1_states_L0.4_kp0_0000_up0_1000_s31415,cm1,stageB,0.0,0.0,0.1,,31415,250,10,1,True,,0.40701599999999993,-0.001242466371964701,-0.7944897645838797,-0.0011116577449114835,-0.10236020405073239,0.011401576476120487,0.026620497836447356,0.15527645066710777,0.2412365792,0.04886364439949194,True,True,False,False,True,0.0,0.0,0.0,"{""0.0000"": 1, ""0.0500"": 2, ""0.1000"": 1}"
c3_w2_tcop_cm1_states_L0.4_kp0_0000_up0_1000_s31415,cm1,stageB,0.0,0.0,0.1,,31415,275,11,2,True,,0.40786800000000006,-0.0012059908614045095,-0.8064691140350759,-0.0091004709515787,-0.875413294915665,0.005386398757890185,0.025792865300820055,0.1451449975356119,0.24140102239999997,0.048577922722158474,True,True,False,False,True,0.0,0.0,0.0,"{""0.0000"": 1, ""0.0500"": 1, ""0.1000"": 2}"
c3_w2_tcop_cm1_states_L0.4_kp0_0000_up0_1000_s31415,cm1,stageB,0.0,0.0,0.1,,31415,300,12,0,False,EXITS_PRIMARY_BLOCK_SET,0.40596400000000005,-0.0023681172259216758,-1.9998294136503416,-0.0051124390545834964,-0.40694538004814357,0.012006403042475204,0.025162676725228535,0.1458257378835912,0.24105288160000002,0.048688301510732536,True,True,False,False,True,0.0,0.0,0.0,"{""0.0000"": 2, ""0.0500"": 1, ""0.1000"": 1}"
c3_w2_tcop_cm1_states_L0.4_kp0_0000_up0_2500_s42,cm1,stageB,0.0,0.0,0.25,,42,0,0,0,False,PRE_PRIMARY_PHASE_IMBALANCE,0.40903600000000007,-0.0008086148189211424,-0.45652982508126133,-0.01088631758281538,-1.0249497051322571,0.06411245554457426,0.08616528403053422,0.8722948569996408,0.24048336159999997,0.04929087850708283,False,True,False,False,True,0.0,0.0,0.0,"{""0.0000"": 2, ""0.1250"": 1, ""0.2500"": 1}"
c3_w2_tcop_cm1_states_L0.4_kp0_0000_up0_2500_s42,cm1,stageB,0.0,0.0,0.25,,42,25,1,1,False,PRE_PRIMARY_PHASE_IMBALANCE,0.41658800000000007,-0.0003315043036982797,0.09035236877565192,-0.010234070920410229,-1.0639068800348297,0.024949732951952373,0.03589523260630933,0.18723534958463658,0.2428188304,0.04842807301555577,True,True,False,False,True,0.0,0.0,0.0,"{""0.0000"": 1, ""0.1250"": 2, ""0.2500"": 1}"
c3_w2_tcop_cm1_states_L0.4_kp0_0000_up0_2500_s42,cm1,stageB,0.0,0.0,0.25,,42,50,2,2,False,PRE_PRIMARY_PHASE_IMBALANCE,0.42187999999999987,0.000605752076962016,0.9968985210754339,-0.004981984964681367,-0.46121297626465324,0.026242882119253446,0.0415124830364111,0.19152365556195208,0.24359055039999997,0.048012348411632606,True,True,False,False,True,0.0,0.0,0.0,"{""0.0000"": 1, ""0.1250"": 1, ""0.2500"": 2}"
c3_w2_tcop_cm1_states_L0.4_kp0_0000_up0_2500_s42,cm1,stageB,0.0,0.0,0.25,,42,75,3,0,True,,0.41394799999999987,0.00026946405970585926,0.6900404089266013,-0.013077764487663011,-1.2261005306824118,0.009824245226074863,0.04498970021088266,0.20099142838957693,0.24224822239999994,0.04846414443689272,True,True,False,False,True,0.0,0.0,0.0,"{""0.0000"": 2, ""0.1250"": 1, ""0.2500"": 1}"
c3_w2_tcop_cm1_states_L0.4_kp0_0000_up0_2500_s42,cm1,stageB,0.0,0.0,0.25,,42,100,4,1,True,,0.417736,0.0003646417197924851,0.6601499692798686,-0.011737002491122526,-1.2963807658900266,0.031814660410131985,0.04155673376332004,0.19916885257873668,0.2429312736,0.04797660163037812,True,True,False,False,True,0.0,0.0,0.0,"{""0.0000"": 1, ""0.1250"": 2, ""0.2500"": 1}"
c3_w2_tcop_cm1_states_L0.4_kp0_0000_up0_2500_s42,cm1,stageB,0.0,0.0,0.25,,42,125,5,2,True,,0.4219280000000001,-0.0005286999012688301,-0.1994564635644613,-0.008475321522040977,-0.8443825271077254,0.006264443952918785,0.04354031854175271,0.19719004143552912,0.24356727360000005,0.04826968837686856,True,True,False,False,True,0.0,0.0,0.0,"{""0.0000"": 1, ""0.1250"": 1, ""0.2500"": 2}"
c3_w2_tcop_cm1_states_L0.4_kp0_0000_up0_2500_s42,cm1,stageB,0.0,0.0,0.25,,42,150,6,0,True,,0.41329200000000005,-0.00047515535879418756,-0.10202442658849187,-0.0016744891859825314,0.0001435079740973934,0.018414198740092758,0.04310455395783995,0.17227529162849675,0.24216435680000006,0.047870687649124076,True,True,False,False,True,0.0,0.0,0.0,"{""0.0000"": 2, ""0.1250"": 1, ""0.2500"": 1}"
c3_w2_tcop_cm1_states_L0.4_kp0_0000_up0_2500_s42,cm1,stageB,0.0,0.0,0.25,,42,175,7,1,True,,0.41723600000000005,0.0001651795358483738,0.5087361566361588,0.009110305451777222,0.975182695145288,0.030516430089467805,0.037708362795628995,0.15722516715425996,0.24290258399999998,0.04837603026293084,True,True,False,False,True,0.0,0.0,0.0,"{""0.0000"": 1, ""0.1250"": 2, ""0.2500"": 1}"
c3_w2_tcop_cm1_states_L0.4_kp0_0000_up0_2500_s42,cm1,stageB,0.0,0.0,0.25,,42,200,8,2,True,,0.42070799999999997,0.00028480496118945506,0.7194991611516103,0.010862673637378303,1.1230097473202714,0.007225686184177911,0.03914917572265915,0.15592762639187363,0.2434415056,0.047905101356744875,True,True,False,False,True,0.0,0.0,0.0,"{""0.0000"": 1, ""0.1250"": 1, ""0.2500"": 2}"
c3_w2_tcop_cm1_states_L0.4_kp0_0000_up0_2500_s42,cm1,stageB,0.0,0.0,0.25,,42,225,9,0,True,,0.41333200000000003,0.0007280723107736387,1.2067667007843779,0.01229403594789772,1.4388070653027478,0.017404312655524456,0.0390396211699195,0.15871018900373016,0.24222827679999998,0.04832284941929646,True,True,False,False,True,0.0,0.0,0.0,"{""0.0000"": 2, ""0.1250"": 1, ""0.2500"": 1}"
c3_w2_tcop_cm1_states_L0.4_kp0_0000_up0_2500_s42,cm1,stageB,0.0,0.0,0.25,,42,250,10,1,True,,0.41700000000000004,-0.0007058626723449021,-0.3447865613917509,-0.006516716612814116,-0.6560786311506984,0.022231863420803438,0.034828598819928815,0.15059952002254315,0.24290006719999999,0.04887985270026906,True,True,False,False,True,0.0,0.0,0.0,"{""0.0000"": 1, ""0.1250"": 2, ""0.2500"": 1}"
c3_w2_tcop_cm1_states_L0.4_kp0_0000_up0_2500_s42,cm1,stageB,0.0,0.0,0.25,,42,275,11,2,True,,0.421232,-0.0010728051447360428,-0.6567436917329199,-0.02053916429744445,-2.0091456914361454,0.014844801191947261,0.038172481197725365,0.15858244350243472,0.24353705280000004,0.047266924757170314,True,True,False,False,False,0.0,0.0,0.0,"{""0.0000"": 1, ""0.1250"": 1, ""0.2500"": 2}"
c3_w2_tcop_cm1_states_L0.4_kp0_0000_up0_2500_s42,cm1,stageB,0.0,0.0,0.25,,42,300,12,0,False,EXITS_PRIMARY_BLOCK_SET,0.41396800000000006,-0.0020168673348960236,-1.6703033252385877,-0.006771999726251158,-0.7357106895265529,0.006391857815261705,0.040920251256733604,0.1748927449104937,0.24231154240000002,0.04749331506643856,True,True,False,False,True,0.0,0.0,0.0,"{""0.0000"": 2, ""0.1250"": 1, ""0.2500"": 1}"
c3_w2_tcop_cm1_states_L0.4_kp0_0000_up0_2500_s137,cm1,stageB,0.0,0.0,0.25,,137,0,0,0,False,PRE_PRIMARY_PHASE_IMBALANCE,0.41084000000000004,0.00014996934324847732,0.6008577631765881,-0.009739070693572651,-1.0948096390448137,0.053360997541299214,0.08505166774744999,0.8538603815259944,0.24082950719999996,0.0478465714550165,False,True,False,False,True,0.0,0.0,0.0,"{""0.0000"": 2, ""0.1250"": 1, ""0.2500"": 1}"
c3_w2_tcop_cm1_states_L0.4_kp0_0000_up0_2500_s137,cm1,stageB,0.0,0.0,0.25,,137,25,1,1,False,PRE_PRIMARY_PHASE_IMBALANCE,0.41695600000000005,0.0003380599590530995,0.858062161311854,-0.010047987702049874,-0.9538542142816158,0.027140541481651605,0.036969070494026424,0.17363942436698482,0.24286608800000004,0.04774572299169843,True,True,False,False,True,0.0,0.0,0.0,"{""0.0000"": 1, ""0.1250"": 2, ""0.2500"": 1}"
c3_w2_tcop_cm1_states_L0.4_kp0_0000_up0_2500_s137,cm1,stageB,0.0,0.0,0.25,,137,50,2,2,False,PRE_PRIMARY_PHASE_IMBALANCE,0.421292,0.001762027528117647,2.050809229001719,-0.012117226300054611,-1.1306528607656072,0.011304074656815748,0.03966150181721931,0.17754906293604178,0.24352585759999998,0.04812120879612232,True,True,False,False,False,0.0,0.0,0.0,"{""0.0000"": 1, ""0.1250"": 1, ""0.2500"": 2}"
c3_w2_tcop_cm1_states_L0.4_kp0_0000_up0_2500_s137,cm1,stageB,0.0,0.0,0.25,,137,75,3,0,True,,0.41324800000000006,0.0021045030265805786,2.2821669555180946,-0.009368479948537576,-0.7361489322673955,0.01118549207022921,0.04145329246010422,0.18487687735965588,0.24218063679999996,0.047715097149644364,True,True,False,False,False,0.0,0.0,0.0,"{""0.0000"": 2, ""0.1250"": 1, ""0.2500"": 1}"
c3_w2_tcop_cm1_states_L0.4_kp0_0000_up0_2500_s137,cm1,stageB,0.0,0.0,0.25,,137,100,4,1,True,,0.41714400000000007,0.0017704171125795254,2.1394199349290592,-0.003583114239557981,-0.2449694177050565,0.023694907262593063,0.037265635627573235,0.18315018271112557,0.24289323199999996,0.047565568050849556,True,True,False,False,False,0.0,0.0,0.0,"{""0.0000"": 1, ""0.1250"": 2, ""0.2500"": 1}"
c3_w2_tcop_cm1_states_L0.4_kp0_0000_up0_2500_s137,cm1,stageB,0.0,0.0,0.25,,137,125,5,2,True,,0.42125599999999996,0.0013684803548416982,2.063401493420202,0.008800538110835112,0.926231570910807,0.014059935690336539,0.038603737204874596,0.18136240152932556,0.243534928,0.047111171329101975,True,True,False,False,False,0.0,0.0,0.0,"{""0.0000"": 1, ""0.1250"": 1, ""0.2500"": 2}"
c3_w2_tcop_cm1_states_L0.4_kp0_0000_up0_2500_s137,cm1,stageB,0.0,0.0,0.25,,137,150,6,0,True,,0.413052,0.0015807635791247711,1.969384784140435,0.0057989496811909295,0.8684622483658957,0.010782287348212757,0.04052122780192641,0.17915419806911903,0.24215990559999998,0.04762945827951437,True,True,False,False,True,0.0,0.0,0.0,"{""0.0000"": 2, ""0.1250"": 1, ""0.2500"": 1}"
c3_w2_tcop_cm1_states_L0.4_kp0_0000_up0_2500_s137,cm1,stageB,0.0,0.0,0.25,,137,175,7,1,True,,0.41691600000000006,0.0005122978520639813,0.8434592949906996,-0.0006452577629582724,-0.13151716948760864,0.02966592020938519,0.03524301662840786,0.17269665790543726,0.24288115359999995,0.04823161767969223,True,True,False,False,True,0.0,0.0,0.0,"{""0.0000"": 1, ""0.1250"": 2, ""0.2500"": 1}"
c3_w2_tcop_cm1_states_L0.4_kp0_0000_up0_2500_s137,cm1,stageB,0.0,0.0,0.25,,137,200,8,2,True,,0.420696,0.00041757583277708,0.7946209993103998,0.008789830524684836,0.9090629408627151,0.015519835933243105,0.039786316955539504,0.18730864998167637,0.24343071679999997,0.04727616295766821,True,True,False,False,True,0.0,0.0,0.0,"{""0.0000"": 1, ""0.1250"": 1, ""0.2500"": 2}"
c3_w2_tcop_cm1_states_L0.4_kp0_0000_up0_2500_s137,cm1,stageB,0.0,0.0,0.25,,137,225,9,0,True,,0.41335599999999995,0.00037048840398835734,0.8187511024186219,0.011402171128069972,1.274974056929168,0.021422709478341587,0.039690557190919316,0.19063470666777615,0.2422236496,0.04765770938683478,True,True,False,False,True,0.0,0.0,0.0,"{""0.0000"": 2, ""0.1250"": 1, ""0.2500"": 1}"
c3_w2_tcop_cm1_states_L0.4_kp0_0000_up0_2500_s137,cm1,stageB,0.0,0.0,0.25,,137,250,10,1,True,,0.41702,-0.0006668260744864724,-0.20062523452307515,-0.017940718316042208,-1.83488615297825,0.026622968213515976,0.0354897424506941,0.1803270822015081,0.24289528160000004,0.04764157428129343,True,True,False,False,True,0.0,0.0,0.0,"{""0.0000"": 1, ""0.1250"": 2, ""0.2500"": 1}"
c3_w2_tcop_cm1_states_L0.4_kp0_0000_up0_2500_s137,cm1,stageB,0.0,0.0,0.25,,137,275,11,2,True,,0.42144000000000004,0.0005418479988860004,0.9661293754083469,-0.020781883116249986,-1.885593497919296,0.018272897861466245,0.039827604394620506,0.1784358386046985,0.243546592,0.0479308501906653,True,True,False,False,True,0.0,0.0,0.0,"{""0.0000"": 1, ""0.1250"": 1, ""0.2500"": 2}"
c3_w2_tcop_cm1_states_L0.4_kp0_0000_up0_2500_s137,cm1,stageB,0.0,0.0,0.25,,137,300,12,0,False,EXITS_PRIMARY_BLOCK_SET,0.413376,0.0007347098609822081,1.2968633135565515,-0.006357430342957529,-0.6873098658623988,0.008411198740030086,0.041517892852023106,0.1741755685521763,0.24220173119999994,0.04747254600292678,True,True,False,False,True,0.0,0.0,0.0,"{""0.0000"": 2, ""0.1250"": 1, ""0.2500"": 1}"
c3_w2_tcop_cm1_states_L0.4_kp0_0000_up0_2500_s256,cm1,stageB,0.0,0.0,0.25,,256,0,0,0,False,PRE_PRIMARY_PHASE_IMBALANCE,0.41171199999999997,-0.0005443654630153764,-0.1935917494080227,0.00488285249648299,0.4671590599633037,0.06711964511410859,0.08705277747772781,0.86565365870887,0.24092067519999996,0.04637013107594155,False,True,False,False,True,0.0,0.0,0.0,"{""0.0000"": 2, ""0.1250"": 1, ""0.2500"": 1}"
c3_w2_tcop_cm1_states_L0.4_kp0_0000_up0_2500_s256,cm1,stageB,0.0,0.0,0.25,,256,25,1,1,False,PRE_PRIMARY_PHASE_IMBALANCE,0.4186200000000001,-0.00021841268961633544,0.08464680669802871,0.00430264630437045,0.40852862622567226,0.03932341053292265,0.03730481695514636,0.1662605700485868,0.24313341920000003,0.04610396512231892,True,True,False,False,True,0.0,0.0,0.0,"{""0.0000"": 1, ""0.1250"": 2, ""0.2500"": 1}"
c3_w2_tcop_cm1_states_L0.4_kp0_0000_up0_2500_s256,cm1,stageB,0.0,0.0,0.25,,256,50,2,2,False,PRE_PRIMARY_PHASE_IMBALANCE,0.42166000000000003,0.0009013489059779746,1.2373689662058527,0.01123192622758942,1.2751412457866762,0.007575960348074754,0.03871402040604436,0.16506189782037206,0.24359636640000001,0.0461233606754755,True,True,False,False,True,0.0,0.0,0.0,"{""0.0000"": 1, ""0.1250"": 1, ""0.2500"": 2}"
c3_w2_tcop_cm1_states_L0.4_kp0_0000_up0_2500_s256,cm1,stageB,0.0,0.0,0.25,,256,75,3,0,True,,0.4127080000000001,4.976123603149286e-06,0.455694597804614,-0.005962806422959654,-0.5824518464110875,0.0015592243156807874,0.03938608933981767,0.18124194301723753,0.2421158832,0.047798606004778005,True,True,False,False,True,0.0,0.0,0.0,"{""0.0000"": 2, ""0.1250"": 1, ""0.2500"": 1}"
c3_w2_tcop_cm1_states_L0.4_kp0_0000_up0_2500_s256,cm1,stageB,0.0,0.0,0.25,,256,100,4,1,True,,0.41622,-0.00024742721702676845,-0.011077377443514332,-0.00985518364091357,-1.2704953287452132,0.02523821642354629,0.037530998723564496,0.17971265153113108,0.2427368912,0.048590447620905905,True,True,False,False,True,0.0,0.0,0.0,"{""0.0000"": 1, ""0.1250"": 2, ""0.2500"": 1}"
c3_w2_tcop_cm1_states_L0.4_kp0_0000_up0_2500_s256,cm1,stageB,0.0,0.0,0.25,,256,125,5,2,True,,0.42094800000000004,-0.00018361247425418433,0.11205953317536436,-0.015189189185105898,-1.4456706340011654,0.026007332847453636,0.04115491334434885,0.2014500598614316,0.24345065760000004,0.04826863677378925,True,True,False,False,True,0.0,0.0,0.0,"{""0.0000"": 1, ""0.1250"": 1, ""0.2500"": 2}"
c3_w2_tcop_cm1_states_L0.4_kp0_0000_up0_2500_s256,cm1,stageB,0.0,0.0,0.25,,256,150,6,0,True,,0.41386399999999995,-0.0010912303061454047,-0.6400756097943314,-0.007581363495150119,-0.7146756105786303,0.018729184260491485,0.04310772901579123,0.20489822694194654,0.24226229759999998,0.04871334010309702,True,True,False,False,True,0.0,0.0,0.0,"{""0.0000"": 2, ""0.1250"": 1, ""0.2500"": 1}"
c3_w2_tcop_cm1_states_L0.4_kp0_0000_up0_2500_s256,cm1,stageB,0.0,0.0,0.25,,256,175,7,1,True,,0.41806799999999994,-0.0002635388100531204,0.08787311304610129,-0.009266641315326458,-0.8137173679642005,0.034928146136741604,0.037152740309734,0.1683936580451178,0.24304589280000002,0.04824922150667304,True,True,False,False,True,0.0,0.0,0.0,"{""0.0000"": 1, ""0.1250"": 2, ""0.2500"": 1}"
c3_w2_tcop_cm1_states_L0.4_kp0_0000_up0_2500_s256,cm1,stageB,0.0,0.0,0.25,,256,200,8,2,True,,0.42209599999999986,-0.00018865934585933977,0.19363278515120566,-0.0028724296529177794,-0.3194646955920278,0.009049462598905881,0.03909545628034346,0.16678670215593913,0.2436586496,0.04743507967738644,True,True,False,False,True,0.0,0.0,0.0,"{""0.0000"": 1, ""0.1250"": 1, ""0.2500"": 2}"
c3_w2_tcop_cm1_states_L0.4_kp0_0000_up0_2500_s256,cm1,stageB,0.0,0.0,0.25,,256,225,9,0,True,,0.4133239999999999,-0.0018971093358936069,-1.3770343687926463,5.704952891851912e-05,0.028090157286293497,0.003583600553628796,0.041370446213184905,0.17710077281478762,0.24219488160000002,0.047923595691475404,True,True,False,False,True,0.0,0.0,0.0,"{""0.0000"": 2, ""0.1250"": 1, ""0.2500"": 1}"
c3_w2_tcop_cm1_states_L0.4_kp0_0000_up0_2500_s256,cm1,stageB,0.0,0.0,0.25,,256,250,10,1,True,,0.41632399999999997,0.00022307329597543176,0.5991781421820357,-0.011814597676448683,-0.988189827591623,0.04162616845455323,0.03768299202548949,0.17582459772719192,0.24275220320000002,0.04803714212981451,True,True,False,False,True,0.0,0.0,0.0,"{""0.0000"": 1, ""0.1250"": 2, ""0.2500"": 1}"
c3_w2_tcop_cm1_states_L0.4_kp0_0000_up0_2500_s256,cm1,stageB,0.0,0.0,0.25,,256,275,11,2,True,,0.42032400000000003,-0.0005468744965745438,-0.12855843633991595,0.0018256558348731936,0.18486378631793826,0.009177267378015856,0.04149544528180331,0.1846194835778602,0.243347528,0.04799265593817454,True,True,False,False,True,0.0,0.0,0.0,"{""0.0000"": 1, ""0.1250"": 1, ""0.2500"": 2}"
c3_w2_tcop_cm1_states_L0.4_kp0_0000_up0_2500_s256,cm1,stageB,0.0,0.0,0.25,,256,300,12,0,False,EXITS_PRIMARY_BLOCK_SET,0.41194399999999987,-0.00029255859766104056,0.07240561021324332,0.006296016186421382,0.6156646172374126,0.018177880509740757,0.0411988077288173,0.18837511849092328,0.24195810560000003,0.04799146657479848,True,True,False,False,True,0.0,0.0,0.0,"{""0.0000"": 2, ""0.1250"": 1, ""0.2500"": 1}"
c3_w2_tcop_cm1_states_L0.4_kp0_0000_up0_2500_s1024,cm1,stageB,0.0,0.0,0.25,,1024,0,0,0,False,PRE_PRIMARY_PHASE_IMBALANCE,0.40963199999999994,-0.00040612165045757713,-0.008513113920566789,0.002403971351067583,0.2765756303996321,0.0584860453213898,0.08538093889185251,0.8475900299595978,0.24061039040000004,0.0478082061575207,False,True,False,False,True,0.0,0.0,0.0,"{""0.0000"": 2, ""0.1250"": 1, ""0.2500"": 1}"
c3_w2_tcop_cm1_states_L0.4_kp0_0000_up0_2500_s1024,cm1,stageB,0.0,0.0,0.25,,1024,25,1,1,False,PRE_PRIMARY_PHASE_IMBALANCE,0.417028,0.0003710193671157302,0.751046702614957,-0.0024481673241436015,-0.20470829118599665,0.021352644051943835,0.03420917616804807,0.15826275415976204,0.2429121232,0.04788159579629735,True,True,False,False,True,0.0,0.0,0.0,"{""0.0000"": 1, ""0.1250"": 2, ""0.2500"": 1}"
c3_w2_tcop_cm1_states_L0.4_kp0_0000_up0_2500_s1024,cm1,stageB,0.0,0.0,0.25,,1024,50,2,2,False,PRE_PRIMARY_PHASE_IMBALANCE,0.421564,2.4490125674525163e-05,0.44448542101522387,-0.0068813269614903935,-0.8445960154632282,0.021691117832051226,0.03819417420442395,0.1698437243933454,0.24358854239999997,0.04801743333415479,True,True,False,False,True,0.0,0.0,0.0,"{""0.0000"": 1, ""0.1250"": 1, ""0.2500"": 2}"
c3_w2_tcop_cm1_states_L0.4_kp0_0000_up0_2500_s1024,cm1,stageB,0.0,0.0,0.25,,1024,75,3,0,True,,0.4148560000000001,-0.0006013593485552936,-0.16447121501136958,-0.010187720689665882,-1.0094189939091605,0.025035960928194746,0.040094775846212724,0.19573056627906887,0.24247382400000003,0.04782404483102616,True,True,False,False,True,0.0,0.0,0.0,"{""0.0000"": 2, ""0.1250"": 1, ""0.2500"": 1}"
c3_w2_tcop_cm1_states_L0.4_kp0_0000_up0_2500_s1024,cm1,stageB,0.0,0.0,0.25,,1024,100,4,1,True,,0.41806,-0.0005243471086119491,-0.11242804002150851,-0.010985429108552028,-1.0814614686724986,0.04144642555572028,0.03491086128263581,0.19423049276603718,0.24307282720000006,0.04824890050560738,True,True,False,False,True,0.0,0.0,0.0,"{""0.0000"": 1, ""0.1250"": 2, ""0.2500"": 1}"
c3_w2_tcop_cm1_states_L0.4_kp0_0000_up0_2500_s1024,cm1,stageB,0.0,0.0,0.25,,1024,125,5,2,True,,0.421096,-0.000883919841350494,-0.5470255983089942,0.004163512607089076,0.42748567693431494,0.00606364185713022,0.03889257661133485,0.1928301380378105,0.243505936,0.047814629393105205,True,True,False,False,True,0.0,0.0,0.0,"{""0.0000"": 1, ""0.1250"": 1, ""0.2500"": 2}"
c3_w2_tcop_cm1_states_L0.4_kp0_0000_up0_2500_s1024,cm1,stageB,0.0,0.0,0.25,,1024,150,6,0,True,,0.41298000000000007,-0.001162276188496816,-0.685405234375065,0.012765047345728036,1.3905730797428715,0.0008514580915898783,0.03887245836504486,0.19080827112497395,0.2421698032,0.04848628259621478,True,True,False,False,True,0.0,0.0,0.0,"{""0.0000"": 2, ""0.1250"": 1, ""0.2500"": 1}"
c3_w2_tcop_cm1_states_L0.4_kp0_0000_up0_2500_s1024,cm1,stageB,0.0,0.0,0.25,,1024,175,7,1,True,,0.41566000000000003,-0.0004731123528256047,-0.0270003120437189,0.0005067826190822645,0.11712612800840738,0.019849937599621264,0.035620163537053814,0.15204734602307818,0.24266755040000004,0.048139011207128046,True,True,False,False,True,0.0,0.0,0.0,"{""0.0000"": 1, ""0.1250"": 2, ""0.2500"": 1}"
c3_w2_tcop_cm1_states_L0.4_kp0_0000_up0_2500_s1024,cm1,stageB,0.0,0.0,0.25,,1024,200,8,2,True,,0.4206040000000001,-0.0004972676922122516,-0.15583699907796567,0.000288601185220586,-0.15799361526878652,0.018730938868988373,0.03877464341087448,0.15977023480573124,0.2434302992,0.04872530332383781,True,True,False,False,True,0.0,0.0,0.0,"{""0.0000"": 1, ""0.1250"": 1, ""0.2500"": 2}"
c3_w2_tcop_cm1_states_L0.4_kp0_0000_up0_2500_s1024,cm1,stageB,0.0,0.0,0.25,,1024,225,9,0,True,,0.41291599999999995,-0.0005880841916377327,-0.2222745449065189,-0.006778431490427427,-0.5688697177871883,0.007870087283192861,0.04042158757616366,0.17824448512955546,0.24213779680000003,0.049042195546284424,True,True,False,False,True,0.0,0.0,0.0,"{""0.0000"": 2, ""0.1250"": 1, ""0.2500"": 1}"
c3_w2_tcop_cm1_states_L0.4_kp0_0000_up0_2500_s1024,cm1,stageB,0.0,0.0,0.25,,1024,250,10,1,True,,0.417128,-0.00038463466028471787,0.03999332046423437,-0.011341074315241655,-1.2615596533181859,0.025835229555270782,0.03653627261336825,0.17644464007104618,0.24289996479999995,0.04903459611335654,True,True,False,False,True,0.0,0.0,0.0,"{""0.0000"": 1, ""0.1250"": 2, ""0.2500"": 1}"
c3_w2_tcop_cm1_states_L0.4_kp0_0000_up0_2500_s1024,cm1,stageB,0.0,0.0,0.25,,1024,275,11,2,True,,0.422108,-0.0006080273899085536,-0.15120492418111484,-0.005728592406946331,-0.6336655373294603,0.02305403618566562,0.04182126026152507,0.18099633226331563,0.24362120480000002,0.04860531180848447,True,True,False,False,True,0.0,0.0,0.0,"{""0.0000"": 1, ""0.1250"": 1, ""0.2500"": 2}"
c3_w2_tcop_cm1_states_L0.4_kp0_0000_up0_2500_s1024,cm1,stageB,0.0,0.0,0.25,,1024,300,12,0,False,EXITS_PRIMARY_BLOCK_SET,0.41403599999999996,-0.0007274768904202953,-0.29590862314445665,0.003727777027665037,0.5164779290751419,0.01768428874671525,0.04478246021946028,0.18742331539425724,0.24226640160000001,0.04886379747829675,True,True,False,False,True,0.0,0.0,0.0,"{""0.0000"": 2, ""0.1250"": 1, ""0.2500"": 1}"
c3_w2_tcop_cm1_states_L0.4_kp0_0000_up0_2500_s31415,cm1,stageB,0.0,0.0,0.25,,31415,0,0,0,False,PRE_PRIMARY_PHASE_IMBALANCE,0.4078479999999999,-0.0012742456841977634,-0.7619888212015434,0.0075377039144721375,0.7058513796390669,0.07321930268483409,0.0884861580357306,0.8787587511063957,0.24020560000000007,0.047544599020288306,False,True,False,False,True,0.0,0.0,0.0,"{""0.0000"": 2, ""0.1250"": 1, ""0.2500"": 1}"
c3_w2_tcop_cm1_states_L0.4_kp0_0000_up0_2500_s31415,cm1,stageB,0.0,0.0,0.25,,31415,25,1,1,False,PRE_PRIMARY_PHASE_IMBALANCE,0.416148,-0.00021540372440870652,0.10249226422064768,-6.412313817889206e-05,-0.03782690852781575,0.02353532732202608,0.03774814688778084,0.17686015509659986,0.24272207520000005,0.048026681084580476,True,True,False,False,True,0.0,0.0,0.0,"{""0.0000"": 1, ""0.1250"": 2, ""0.2500"": 1}"
c3_w2_tcop_cm1_states_L0.4_kp0_0000_up0_2500_s31415,cm1,stageB,0.0,0.0,0.25,,31415,50,2,2,False,PRE_PRIMARY_PHASE_IMBALANCE,0.42034800000000005,0.0002370407642779117,0.6255642433876814,-0.012307478744978277,-1.239745271297901,0.008832993815352987,0.04030298189494547,0.1750930177493576,0.24336855200000002,0.047527664533406226,True,True,False,False,True,0.0,0.0,0.0,"{""0.0000"": 1, ""0.1250"": 1, ""0.2500"": 2}"
c3_w2_tcop_cm1_states_L0.4_kp0_0000_up0_2500_s31415,cm1,stageB,0.0,0.0,0.25,,31415,75,3,0,True,,0.4120479999999999,0.0002306805015657757,0.6009986699919588,-0.011428771795958928,-1.1013849064974832,0.015761681748689235,0.041512768950483385,0.18056148754377777,0.24197185600000004,0.0483020257960264,True,True,False,False,True,0.0,0.0,0.0,"{""0.0000"": 2, ""0.1250"": 1, ""0.2500"": 1}"
c3_w2_tcop_cm1_states_L0.4_kp0_0000_up0_2500_s31415,cm1,stageB,0.0,0.0,0.25,,31415,100,4,1,True,,0.416148,-9.010067871599105e-05,0.35270433797683354,-0.004794460516973203,-0.47077659906863384,0.025993544821020693,0.038161233148487926,0.17878254808678035,0.24271664480000002,0.04714829897249741,True,True,False,False,True,0.0,0.0,0.0,"{""0.0000"": 1, ""0.1250"": 2, ""0.2500"": 1}"
c3_w2_tcop_cm1_states_L0.4_kp0_0000_up0_2500_s31415,cm1,stageB,0.0,0.0,0.25,,31415,125,5,2,True,,0.4204240000000001,0.0006687904002874602,1.183971863525421,0.002892886374708418,0.3425375426997466,0.020444264612648425,0.04190568580234474,0.1769642071409715,0.24335726079999997,0.0468151708744078,True,True,False,False,True,0.0,0.0,0.0,"{""0.0000"": 1, ""0.1250"": 1, ""0.2500"": 2}"
c3_w2_tcop_cm1_states_L0.4_kp0_0000_up0_2500_s31415,cm1,stageB,0.0,0.0,0.25,,31415,150,6,0,True,,0.41225200000000006,-1.610921721604954e-05,0.4680311915856539,-0.007425990455161707,-0.8163710510518364,0.006883662840918174,0.04424258093846135,0.17465045609323795,0.24196762400000002,0.04709658688270309,True,True,False,False,True,0.0,0.0,0.0,"{""0.0000"": 2, ""0.1250"": 1, ""0.2500"": 1}"
c3_w2_tcop_cm1_states_L0.4_kp0_0000_up0_2500_s31415,cm1,stageB,0.0,0.0,0.25,,31415,175,7,1,True,,0.416564,-0.0002775773161873917,0.14586238000510793,-0.007007492428955372,-0.628872079636753,0.02706121327254999,0.03956619808640756,0.1728425879988607,0.2427667824,0.048327154933846456,True,True,False,False,True,0.0,0.0,0.0,"{""0.0000"": 1, ""0.1250"": 2, ""0.2500"": 1}"
c3_w2_tcop_cm1_states_L0.4_kp0_0000_up0_2500_s31415,cm1,stageB,0.0,0.0,0.25,,31415,200,8,2,True,,0.42040400000000006,0.001082730182348431,1.3964568836955467,-0.013393902310460355,-1.3654885753338344,0.012667368837087118,0.04194215810260194,0.17126383152571376,0.24335356639999997,0.047581054885321744,True,True,False,False,True,0.0,0.0,0.0,"{""0.0000"": 1, ""0.1250"": 1, ""0.2500"": 2}"
c3_w2_tcop_cm1_states_L0.4_kp0_0000_up0_2500_s31415,cm1,stageB,0.0,0.0,0.25,,31415,225,9,0,True,,0.4123240000000001,-0.0006165099752119665,-0.197996481160507,-0.00840246632205189,-0.7111902064711433,0.018105825827622317,0.04242406912265234,0.17753029128178247,0.24200693280000002,0.04775352368150439,True,True,False,False,True,0.0,0.0,0.0,"{""0.0000"": 2, ""0.1250"": 1, ""0.2500"": 1}"
c3_w2_tcop_cm1_states_L0.4_kp0_0000_up0_2500_s31415,cm1,stageB,0.0,0.0,0.25,,31415,250,10,1,True,,0.417236,-0.001425183399832031,-0.9657780820813826,-0.003071312145674644,-0.30211062948084394,0.027485899546528463,0.0374572100665287,0.17544027798310718,0.24290587039999997,0.04821452378692545,True,True,False,False,True,0.0,0.0,0.0,"{""0.0000"": 1, ""0.1250"": 2, ""0.2500"": 1}"
c3_w2_tcop_cm1_states_L0.4_kp0_0000_up0_2500_s31415,cm1,stageB,0.0,0.0,0.25,,31415,275,11,2,True,,0.42076399999999997,-0.001411027641453021,-0.9541562947941281,-0.00658650487137482,-0.5940230344954367,0.016298271136026336,0.03955627097944848,0.1739692555114761,0.2434446384,0.047807282959816906,True,True,False,False,True,0.0,0.0,0.0,"{""0.0000"": 1, ""0.1250"": 1, ""0.2500"": 2}"
c3_w2_tcop_cm1_states_L0.4_kp0_0000_up0_2500_s31415,cm1,stageB,0.0,0.0,0.25,,31415,300,12,0,False,EXITS_PRIMARY_BLOCK_SET,0.41406,-0.002215310120215356,-1.7913122861906337,-0.0028424050761805225,-0.17551375748815148,0.020840223372097205,0.039085357440126055,0.17581992905419516,0.24235240479999998,0.0483458002312507,True,True,False,False,True,0.0,0.0,0.0,"{""0.0000"": 2, ""0.1250"": 1, ""0.2500"": 1}"
c3_w2_tcop_cm1_states_L0.4_kp0_0000_up0_5000_s42,cm1,stageB,0.0,0.0,0.5,,42,0,0,0,False,PRE_PRIMARY_PHASE_IMBALANCE,0.42111600000000005,-0.000662478725972285,-0.3045302487361227,-0.01250151685846188,-1.1864060079426362,0.07712109636216237,0.10182948589735227,0.9185117617983838,0.24193844639999995,0.04820118820112218,False,True,False,False,True,0.0,0.0,0.0,"{""0.0000"": 2, ""0.2500"": 1, ""0.5000"": 1}"
c3_w2_tcop_cm1_states_L0.4_kp0_0000_up0_5000_s42,cm1,stageB,0.0,0.0,0.5,,42,25,1,1,False,PRE_PRIMARY_PHASE_IMBALANCE,0.43271199999999993,-0.00020039575085433356,0.25458573921517813,-0.011582458106660145,-1.237586388821537,0.05136382287270379,0.05675267160890794,0.2495886403668291,0.24486925120000003,0.046852161700395425,True,True,False,False,True,0.0,0.0,0.0,"{""0.0000"": 1, ""0.2500"": 2, ""0.5000"": 1}"
c3_w2_tcop_cm1_states_L0.4_kp0_0000_up0_5000_s42,cm1,stageB,0.0,0.0,0.5,,42,50,2,2,False,PRE_PRIMARY_PHASE_IMBALANCE,0.441404,0.0005935181334027132,0.9595542264349282,-0.006913852784366824,-0.625213130109995,0.03819522685431052,0.06557170711394057,0.25554820469332346,0.24572877599999998,0.0468126989608589,False,True,False,False,True,0.0,0.0,0.0,"{""0.0000"": 1, ""0.2500"": 1, ""0.5000"": 2}"
c3_w2_tcop_cm1_states_L0.4_kp0_0000_up0_5000_s42,cm1,stageB,0.0,0.0,0.5,,42,75,3,0,True,,0.42615999999999987,0.0003055297538357426,0.7329061862447478,-0.01137408471205235,-1.0645005462221793,0.020948593777750334,0.07169946643272031,0.2703210055605383,0.24361401919999998,0.04799973333259259,False,True,False,False,True,0.0,0.0,0.0,"{""0.0000"": 2, ""0.2500"": 1, ""0.5000"": 1}"
c3_w2_tcop_cm1_states_L0.4_kp0_0000_up0_5000_s42,cm1,stageB,0.0,0.0,0.5,,42,100,4,1,True,,0.4336999999999999,0.0005028342891445818,0.7716754782954367,-0.00831823311735902,-0.8910205423511408,0.0562149826783246,0.06275689029210632,0.26562139666677104,0.24486350880000005,0.04715962255998239,False,True,False,False,True,0.0,0.0,0.0,"{""0.0000"": 1, ""0.2500"": 2, ""0.5000"": 1}"
c3_w2_tcop_cm1_states_L0.4_kp0_0000_up0_5000_s42,cm1,stageB,0.0,0.0,0.5,,42,125,5,2,True,,0.4415840000000001,-0.00048081083182989265,-0.10011976078700617,-0.0021939536123864313,-0.24550448764648516,0.020512576954933803,0.06815103608802939,0.2608790167649211,0.2456818976,0.04652537956857526,False,True,False,False,True,0.0,0.0,0.0,"{""0.0000"": 1, ""0.2500"": 1, ""0.5000"": 2}"
c3_w2_tcop_cm1_states_L0.4_kp0_0000_up0_5000_s42,cm1,stageB,0.0,0.0,0.5,,42,150,6,0,True,,0.42566000000000004,-0.00030613805234897906,0.06364481989865868,0.005055329953890055,0.6418613093880877,0.03051021629319089,0.06994770839852907,0.25184419430568,0.24358707680000005,0.04718309443010282,False,True,False,False,True,0.0,0.0,0.0,"{""0.0000"": 2, ""0.2500"": 1, ""0.5000"": 1}"
c3_w2_tcop_cm1_states_L0.4_kp0_0000_up0_5000_s42,cm1,stageB,0.0,0.0,0.5,,42,175,7,1,True,,0.43345200000000006,-4.9602496587224965e-05,0.2687666325316102,0.013623071036561381,1.4465499358918994,0.053451816639988284,0.0590354607470635,0.2343973491080964,0.24491656479999996,0.04721063117561552,True,True,False,False,True,0.0,0.0,0.0,"{""0.0000"": 1, ""0.2500"": 2, ""0.5000"": 1}"
c3_w2_tcop_cm1_states_L0.4_kp0_0000_up0_5000_s42,cm1,stageB,0.0,0.0,0.5,,42,200,8,2,True,,0.44109200000000004,-0.00030659955316927054,0.15859553174596036,0.012957359318682726,1.3007958820085106,0.024735817136497647,0.06461653657250185,0.23033743475207558,0.24571749280000002,0.046359114918212145,True,True,False,False,True,0.0,0.0,0.0,"{""0.0000"": 1, ""0.2500"": 1, ""0.5000"": 2}"
c3_w2_tcop_cm1_states_L0.4_kp0_0000_up0_5000_s42,cm1,stageB,0.0,0.0,0.5,,42,225,9,0,True,,0.42630400000000007,0.00014216891580615782,0.6003056342506744,0.014105702831847691,1.5436213717763374,0.029817198734458653,0.06712692685031563,0.23738928033190096,0.24374999679999998,0.047398096839430165,True,True,False,False,True,0.0,0.0,0.0,"{""0.0000"": 2, ""0.2500"": 1, ""0.5000"": 1}"
c3_w2_tcop_cm1_states_L0.4_kp0_0000_up0_5000_s42,cm1,stageB,0.0,0.0,0.5,,42,250,10,1,True,,0.43379200000000007,-0.001594437843641188,-1.2766545588324048,-0.006122768908571481,-0.604613186837727,0.04775890679269182,0.05733754862772486,0.22683682449921436,0.244997856,0.04773112963255741,True,True,False,False,True,0.0,0.0,0.0,"{""0.0000"": 1, ""0.2500"": 2, ""0.5000"": 1}"
c3_w2_tcop_cm1_states_L0.4_kp0_0000_up0_5000_s42,cm1,stageB,0.0,0.0,0.5,,42,275,11,2,True,,0.441868,-0.0018230167339507134,-1.5161434606900066,-0.01678447180028464,-1.6935299637567962,0.025763572795670337,0.06376299868366514,0.22269093887158406,0.2458268496,0.04615095422632126,True,True,False,False,True,0.0,0.0,0.0,"{""0.0000"": 1, ""0.2500"": 1, ""0.5000"": 2}"
c3_w2_tcop_cm1_states_L0.4_kp0_0000_up0_5000_s42,cm1,stageB,0.0,0.0,0.5,,42,300,12,0,False,EXITS_PRIMARY_BLOCK_SET,0.426744,-0.0024854321258631507,-2.26299523155231,-0.00490929094476398,-0.534452361905759,0.019039078375346838,0.06855286884337282,0.24089383742737133,0.24377773120000004,0.04679784678807349,True,True,False,False,False,0.0,0.0,0.0,"{""0.0000"": 2, ""0.2500"": 1, ""0.5000"": 1}"
c3_w2_tcop_cm1_states_L0.4_kp0_0000_up0_5000_s137,cm1,stageB,0.0,0.0,0.5,,137,0,0,0,False,PRE_PRIMARY_PHASE_IMBALANCE,0.42278800000000005,-0.00018595886187720435,0.2554713415562697,-0.006678601379726684,-0.7595076353910367,0.06682201265810164,0.10033694670589667,0.9177176246305059,0.24223874399999995,0.04699986229767062,False,True,False,False,True,0.0,0.0,0.0,"{""0.0000"": 2, ""0.2500"": 1, ""0.5000"": 1}"
c3_w2_tcop_cm1_states_L0.4_kp0_0000_up0_5000_s137,cm1,stageB,0.0,0.0,0.5,,137,25,1,1,False,PRE_PRIMARY_PHASE_IMBALANCE,0.433044,-0.00017963073414110578,0.31533969085358365,-0.009117781500825305,-0.8844749658322693,0.05117534492207877,0.05794275136217013,0.2530920639632645,0.24488729760000005,0.046453999440306544,False,True,False,False,True,0.0,0.0,0.0,"{""0.0000"": 1, ""0.2500"": 2, ""0.5000"": 1}"
c3_w2_tcop_cm1_states_L0.4_kp0_0000_up0_5000_s137,cm1,stageB,0.0,0.0,0.5,,137,50,2,2,False,PRE_PRIMARY_PHASE_IMBALANCE,0.440772,0.0010789185070270227,1.3928134755342947,-0.016217403651263014,-1.4762995451677896,0.023474074233374814,0.06344334161533018,0.2522846273078039,0.24571005600000007,0.04649993565586946,False,True,False,False,True,0.0,0.0,0.0,"{""0.0000"": 1, ""0.2500"": 1, ""0.5000"": 2}"
c3_w2_tcop_cm1_states_L0.4_kp0_0000_up0_5000_s137,cm1,stageB,0.0,0.0,0.5,,137,75,3,0,True,,0.425432,0.001862614134985211,2.037356090065746,-0.007565097888339768,-0.5397188859973617,0.021175136888881573,0.066883366353454,0.2651422547783375,0.2436299648,0.04662631634602931,False,True,False,False,False,0.0,0.0,0.0,"{""0.0000"": 2, ""0.2500"": 1, ""0.5000"": 1}"
c3_w2_tcop_cm1_states_L0.4_kp0_0000_up0_5000_s137,cm1,stageB,0.0,0.0,0.5,,137,100,4,1,True,,0.4330800000000001,0.0016411279596753442,2.0741086416951,-0.003548957541382265,-0.2232209280315226,0.047912798927653266,0.05771097970298954,0.2604599606066777,0.24489704,0.04580604326942025,False,True,False,False,False,0.0,0.0,0.0,"{""0.0000"": 1, ""0.2500"": 2, ""0.5000"": 1}"
c3_w2_tcop_cm1_states_L0.4_kp0_0000_up0_5000_s137,cm1,stageB,0.0,0.0,0.5,,137,125,5,2,True,,0.44075600000000004,0.0016175813820122468,2.2189474645207468,0.006412434431578443,0.7252599728369952,0.029995648490801913,0.06305730397238488,0.25592391196960684,0.24571770399999995,0.04512680427417834,False,True,False,False,False,0.0,0.0,0.0,"{""0.0000"": 1, ""0.2500"": 1, ""0.5000"": 2}"
c3_w2_tcop_cm1_states_L0.4_kp0_0000_up0_5000_s137,cm1,stageB,0.0,0.0,0.5,,137,150,6,0,True,,0.42538800000000004,0.0018555150496846664,2.2886065251213394,0.009628890691888789,1.2602278567401324,0.023702333505234464,0.06800020157532402,0.2520052275757537,0.24359630880000002,0.046932818538843374,False,True,False,False,False,0.0,0.0,0.0,"{""0.0000"": 2, ""0.2500"": 1, ""0.5000"": 1}"
c3_w2_tcop_cm1_states_L0.4_kp0_0000_up0_5000_s137,cm1,stageB,0.0,0.0,0.5,,137,175,7,1,True,,0.433112,0.0009029187240931866,1.2006038034864996,0.005697209674183899,0.5933451450176565,0.05283152658893783,0.05797805344375059,0.24289329262894277,0.2448954336,0.047704878744212316,True,True,False,False,True,0.0,0.0,0.0,"{""0.0000"": 1, ""0.2500"": 2, ""0.5000"": 1}"
c3_w2_tcop_cm1_states_L0.4_kp0_0000_up0_5000_s137,cm1,stageB,0.0,0.0,0.5,,137,200,8,2,True,,0.44060000000000005,0.0011524221099955619,1.53677919069279,0.012803209060877776,1.3237363163986695,0.028248308198396924,0.06500081132476757,0.24875170165966468,0.2456514272,0.04603259714593561,True,True,False,False,True,0.0,0.0,0.0,"{""0.0000"": 1, ""0.2500"": 1, ""0.5000"": 2}"
c3_w2_tcop_cm1_states_L0.4_kp0_0000_up0_5000_s137,cm1,stageB,0.0,0.0,0.5,,137,225,9,0,True,,0.425864,0.0009035926873129939,1.4408267019545895,0.00907058645122959,1.0368010437598931,0.031672996090797066,0.06743311942489279,0.25735915630962186,0.243679168,0.04676081162683129,False,True,False,False,True,0.0,0.0,0.0,"{""0.0000"": 2, ""0.2500"": 1, ""0.5000"": 1}"
c3_w2_tcop_cm1_states_L0.4_kp0_0000_up0_5000_s137,cm1,stageB,0.0,0.0,0.5,,137,250,10,1,True,,0.43321600000000005,-0.00036323080621822605,0.0773179484710674,-0.019979263628779,-2.089550645464574,0.052828816516550685,0.05721572020366914,0.2446816363091814,0.24492551359999998,0.04694057247200976,True,True,False,False,False,0.0,0.0,0.0,"{""0.0000"": 1, ""0.2500"": 2, ""0.5000"": 1}"
c3_w2_tcop_cm1_states_L0.4_kp0_0000_up0_5000_s137,cm1,stageB,0.0,0.0,0.5,,137,275,11,2,True,,0.4413039999999999,0.0009859122268556745,1.3932689641729803,-0.02519283507186296,-2.2961521362259765,0.029320409269056765,0.06456956247627196,0.2401972331087023,0.2457428256,0.04660965118942643,True,True,False,False,False,0.0,0.0,0.0,"{""0.0000"": 1, ""0.2500"": 1, ""0.5000"": 2}"
c3_w2_tcop_cm1_states_L0.4_kp0_0000_up0_5000_s137,cm1,stageB,0.0,0.0,0.5,,137,300,12,0,False,EXITS_PRIMARY_BLOCK_SET,0.42576,0.0007501502528628015,1.3661582736352114,-0.010294695321764368,-1.16668056377178,0.019671640173060504,0.06875124192143739,0.24708756048692312,0.24363159999999998,0.046549998925886134,True,True,False,False,True,0.0,0.0,0.0,"{""0.0000"": 2, ""0.2500"": 1, ""0.5000"": 1}"
c3_w2_tcop_cm1_states_L0.4_kp0_0000_up0_5000_s256,cm1,stageB,0.0,0.0,0.5,,256,0,0,0,False,PRE_PRIMARY_PHASE_IMBALANCE,0.423904,-0.0003742333886511964,-0.010470340062443247,0.0008968000462821904,0.014419941210225985,0.08199808411714626,0.10306389527671989,0.912470745941367,0.2423006528,0.04613500605830675,False,True,False,False,True,0.0,0.0,0.0,"{""0.0000"": 2, ""0.2500"": 1, ""0.5000"": 1}"
c3_w2_tcop_cm1_states_L0.4_kp0_0000_up0_5000_s256,cm1,stageB,0.0,0.0,0.5,,256,25,1,1,False,PRE_PRIMARY_PHASE_IMBALANCE,0.43492,-5.373145882029563e-05,0.24828405215426022,0.00534906493769472,0.44775482524402016,0.06326209724058984,0.058155529584429114,0.229927342430959,0.24512485759999997,0.045499380215558986,True,True,False,False,True,0.0,0.0,0.0,"{""0.0000"": 1, ""0.2500"": 2, ""0.5000"": 1}"
c3_w2_tcop_cm1_states_L0.4_kp0_0000_up0_5000_s256,cm1,stageB,0.0,0.0,0.5,,256,50,2,2,False,PRE_PRIMARY_PHASE_IMBALANCE,0.441736,0.000945643781001166,1.3297973146127078,0.016375882740332737,1.8160120490764355,0.006266088318392337,0.06292396830493074,0.22637955650800584,0.24583270079999997,0.04481993199459366,True,True,False,False,True,0.0,0.0,0.0,"{""0.0000"": 1, ""0.2500"": 1, ""0.5000"": 2}"
c3_w2_tcop_cm1_states_L0.4_kp0_0000_up0_5000_s256,cm1,stageB,0.0,0.0,0.5,,256,75,3,0,True,,0.42530400000000007,7.881592463943401e-05,0.5326692093441867,-0.003113353895019492,-0.29927138099025924,0.008878490672276885,0.06598471496750494,0.2492334888709406,0.24363294399999996,0.046948776171482895,True,True,False,False,True,0.0,0.0,0.0,"{""0.0000"": 2, ""0.2500"": 1, ""0.5000"": 1}"
c3_w2_tcop_cm1_states_L0.4_kp0_0000_up0_5000_s256,cm1,stageB,0.0,0.0,0.5,,256,100,4,1,True,,0.43266,-6.714768824848654e-05,0.11767589467811987,-0.008176369391575494,-0.9964324109913544,0.04985826542286926,0.058197278624811916,0.24499607025147682,0.2448313104,0.04707020713784888,True,True,False,False,True,0.0,0.0,0.0,"{""0.0000"": 1, ""0.2500"": 2, ""0.5000"": 1}"
c3_w2_tcop_cm1_states_L0.4_kp0_0000_up0_5000_s256,cm1,stageB,0.0,0.0,0.5,,256,125,5,2,True,,0.44092000000000003,-7.634125455067872e-05,0.25706544781910595,-0.015087014558013756,-1.4609875756188264,0.03576189961425952,0.06497048634756923,0.2621790795106163,0.24568891520000002,0.04661709557662296,False,True,False,False,True,0.0,0.0,0.0,"{""0.0000"": 1, ""0.2500"": 1, ""0.5000"": 2}"
c3_w2_tcop_cm1_states_L0.4_kp0_0000_up0_5000_s256,cm1,stageB,0.0,0.0,0.5,,256,150,6,0,True,,0.426276,-0.000979154113020753,-0.5322121362741781,-0.007222493394370032,-0.6517832777325172,0.029089979278480508,0.0693702860286623,0.2711858038660732,0.2436903344,0.04796761223992706,False,True,False,False,True,0.0,0.0,0.0,"{""0.0000"": 2, ""0.2500"": 1, ""0.5000"": 1}"
c3_w2_tcop_cm1_states_L0.4_kp0_0000_up0_5000_s256,cm1,stageB,0.0,0.0,0.5,,256,175,7,1,True,,0.43424399999999996,-0.0005801623628218792,-0.20409734567935925,-0.006504593288346295,-0.5342626906727271,0.060143079966619314,0.05785292633598753,0.2330487001937881,0.24504501920000002,0.047102743699279345,True,True,False,False,True,0.0,0.0,0.0,"{""0.0000"": 1, ""0.2500"": 2, ""0.5000"": 1}"
c3_w2_tcop_cm1_states_L0.4_kp0_0000_up0_5000_s256,cm1,stageB,0.0,0.0,0.5,,256,200,8,2,True,,0.44187599999999994,-0.000671632954428669,-0.22252337817826012,-0.002827577299401271,-0.33572904735542697,0.023482781649788387,0.06435318683546393,0.23264445176329007,0.2458129872,0.0460239136102092,True,True,False,False,True,0.0,0.0,0.0,"{""0.0000"": 1, ""0.2500"": 1, ""0.5000"": 2}"
c3_w2_tcop_cm1_states_L0.4_kp0_0000_up0_5000_s256,cm1,stageB,0.0,0.0,0.5,,256,225,9,0,True,,0.4257879999999999,-0.0023320088163936146,-1.7825226357641395,0.0017659437052425766,0.20809933789581786,0.016579485373035104,0.0690983980297237,0.2621022662402364,0.24362696800000003,0.04704868814324157,False,True,False,False,True,0.0,0.0,0.0,"{""0.0000"": 2, ""0.2500"": 1, ""0.5000"": 1}"
c3_w2_tcop_cm1_states_L0.4_kp0_0000_up0_5000_s256,cm1,stageB,0.0,0.0,0.5,,256,250,10,1,True,,0.43274000000000007,-0.00018405579875561403,0.20582921209231822,-0.009968245675110505,-0.8415064391674335,0.06258184615296676,0.05977579395996067,0.2578915740216029,0.24480697119999997,0.04685864274602925,False,True,False,False,True,0.0,0.0,0.0,"{""0.0000"": 1, ""0.2500"": 2, ""0.5000"": 1}"
c3_w2_tcop_cm1_states_L0.4_kp0_0000_up0_5000_s256,cm1,stageB,0.0,0.0,0.5,,256,275,11,2,True,,0.4406920000000001,-0.0002862282311034933,0.12592643484546578,0.003380475405770527,0.3322764941950294,0.02441622715906787,0.06703705394745683,0.2532380886123685,0.2456097904,0.0463780242787465,False,True,False,False,True,0.0,0.0,0.0,"{""0.0000"": 1, ""0.2500"": 1, ""0.5000"": 2}"
c3_w2_tcop_cm1_states_L0.4_kp0_0000_up0_5000_s256,cm1,stageB,0.0,0.0,0.5,,256,300,12,0,False,EXITS_PRIMARY_BLOCK_SET,0.4248519999999999,-6.347664852656719e-05,0.2943655504001504,0.004670788521132919,0.4437685627904318,0.02948239042248584,0.06921198794703844,0.26079670035495495,0.24348813279999998,0.04720527614578693,False,True,False,False,True,0.0,0.0,0.0,"{""0.0000"": 2, ""0.2500"": 1, ""0.5000"": 1}"
c3_w2_tcop_cm1_states_L0.4_kp0_0000_up0_5000_s1024,cm1,stageB,0.0,0.0,0.5,,1024,0,0,0,False,PRE_PRIMARY_PHASE_IMBALANCE,0.42169199999999996,0.0002919720810886814,0.6808933285412176,0.004580942019424127,0.5142076602205693,0.07356189344982259,0.10129700495955643,0.8906974737706729,0.24204318880000003,0.04659846709925124,False,True,False,False,True,0.0,0.0,0.0,"{""0.0000"": 2, ""0.2500"": 1, ""0.5000"": 1}"
c3_w2_tcop_cm1_states_L0.4_kp0_0000_up0_5000_s1024,cm1,stageB,0.0,0.0,0.5,,1024,25,1,1,False,PRE_PRIMARY_PHASE_IMBALANCE,0.433204,0.0008573032340090871,1.2415277448330826,0.0015141139302425042,0.15831248287776015,0.044299311685965445,0.056439652107703034,0.2179111914527309,0.24494049760000003,0.046503487869191056,True,True,False,False,True,0.0,0.0,0.0,"{""0.0000"": 1, ""0.2500"": 2, ""0.5000"": 1}"
c3_w2_tcop_cm1_states_L0.4_kp0_0000_up0_5000_s1024,cm1,stageB,0.0,0.0,0.5,,1024,50,2,2,False,PRE_PRIMARY_PHASE_IMBALANCE,0.441352,0.0004973371474400013,0.9023675774073343,-0.002076846750986253,-0.33205061033838235,0.03233225851104482,0.06321298481105478,0.2329206614382156,0.24578204800000003,0.04638202341424962,True,True,False,False,True,0.0,0.0,0.0,"{""0.0000"": 1, ""0.2500"": 1, ""0.5000"": 2}"
c3_w2_tcop_cm1_states_L0.4_kp0_0000_up0_5000_s1024,cm1,stageB,0.0,0.0,0.5,,1024,75,3,0,True,,0.42722400000000005,-0.0007052068871874513,-0.26444463725951894,-0.009799963700238345,-0.9403390303731852,0.03445881347667118,0.06659461445669598,0.263093833063934,0.24389420480000001,0.046791172500804036,False,True,False,False,True,0.0,0.0,0.0,"{""0.0000"": 2, ""0.2500"": 1, ""0.5000"": 1}"
c3_w2_tcop_cm1_states_L0.4_kp0_0000_up0_5000_s1024,cm1,stageB,0.0,0.0,0.5,,1024,100,4,1,True,,0.4343039999999999,-0.0009592153923876908,-0.5788965783879786,-0.009926997271721402,-1.0131527359191155,0.0637044251145891,0.055438473066211906,0.25880489182967487,0.24510432640000002,0.04674821476805291,False,True,False,False,True,0.0,0.0,0.0,"{""0.0000"": 1, ""0.2500"": 2, ""0.5000"": 1}"
c3_w2_tcop_cm1_states_L0.4_kp0_0000_up0_5000_s1024,cm1,stageB,0.0,0.0,0.5,,1024,125,5,2,True,,0.44106000000000006,-0.0008670255418777588,-0.49487621026534034,0.003419071286671129,0.3634617241720944,0.01026085465695306,0.062166593189207406,0.26481657764291344,0.245774264,0.04597343145774525,False,True,False,False,True,0.0,0.0,0.0,"{""0.0000"": 1, ""0.2500"": 1, ""0.5000"": 2}"
c3_w2_tcop_cm1_states_L0.4_kp0_0000_up0_5000_s1024,cm1,stageB,0.0,0.0,0.5,,1024,150,6,0,True,,0.42565200000000014,-0.0011429710188206328,-0.6902616205997156,0.010050596020710493,1.1081674083322566,0.013283728048402704,0.06489746986487496,0.27440256295188886,0.24370930400000002,0.047456241907677436,False,True,False,False,True,0.0,0.0,0.0,"{""0.0000"": 2, ""0.2500"": 1, ""0.5000"": 1}"
c3_w2_tcop_cm1_states_L0.4_kp0_0000_up0_5000_s1024,cm1,stageB,0.0,0.0,0.5,,1024,175,7,1,True,,0.43210800000000005,-0.0004106015654679862,0.03428318905589296,-0.0032422663488443013,-0.2506806846973648,0.04549595441670986,0.056935984639801575,0.23420070853999297,0.24478539359999998,0.04680765253673805,True,True,False,False,True,0.0,0.0,0.0,"{""0.0000"": 1, ""0.2500"": 2, ""0.5000"": 1}"
c3_w2_tcop_cm1_states_L0.4_kp0_0000_up0_5000_s1024,cm1,stageB,0.0,0.0,0.5,,1024,200,8,2,True,,0.4407920000000001,4.4770797406368644e-05,0.33983374246852677,-0.004892826972500941,-0.6909297331366404,0.03298211807927632,0.06415589379714923,0.22958674334019957,0.245694688,0.04708473994831022,True,True,False,False,True,0.0,0.0,0.0,"{""0.0000"": 1, ""0.2500"": 1, ""0.5000"": 2}"
c3_w2_tcop_cm1_states_L0.4_kp0_0000_up0_5000_s1024,cm1,stageB,0.0,0.0,0.5,,1024,225,9,0,True,,0.42561199999999993,-0.00024663942636623707,0.16377854487368734,-0.009093478446354133,-0.7381767971030211,0.02076972445238507,0.06904745017394878,0.24623365824686874,0.2436028048,0.048118036701428286,True,True,False,False,True,0.0,0.0,0.0,"{""0.0000"": 2, ""0.2500"": 1, ""0.5000"": 1}"
c3_w2_tcop_cm1_states_L0.4_kp0_0000_up0_5000_s1024,cm1,stageB,0.0,0.0,0.5,,1024,250,10,1,True,,0.43386399999999997,5.6270146700063625e-05,0.5134174520084541,-0.009150158640001918,-1.0585561767513125,0.047603823573590505,0.0597975742198207,0.2415503470176129,0.2449529376,0.047240972724955616,True,True,False,False,True,0.0,0.0,0.0,"{""0.0000"": 1, ""0.2500"": 2, ""0.5000"": 1}"
c3_w2_tcop_cm1_states_L0.4_kp0_0000_up0_5000_s1024,cm1,stageB,0.0,0.0,0.5,,1024,275,11,2,True,,0.4424120000000001,8.34043895712525e-05,0.5178301855497885,-0.0061795139695970305,-0.642445969265416,0.03305720110935489,0.06728844723083903,0.24592461270054908,0.245797416,0.046839964304000066,True,True,False,False,True,0.0,0.0,0.0,"{""0.0000"": 1, ""0.2500"": 1, ""0.5000"": 2}"
c3_w2_tcop_cm1_states_L0.4_kp0_0000_up0_5000_s1024,cm1,stageB,0.0,0.0,0.5,,1024,300,12,0,False,EXITS_PRIMARY_BLOCK_SET,0.42672,-0.0001703525001324908,0.24713853139047073,9.381997406397471e-06,0.13529416108869607,0.027508937555955466,0.0720744382622328,0.2577802768612198,0.2436841344,0.04798209666115061,False,True,False,False,True,0.0,0.0,0.0,"{""0.0000"": 2, ""0.2500"": 1, ""0.5000"": 1}"
c3_w2_tcop_cm1_states_L0.4_kp0_0000_up0_5000_s31415,cm1,stageB,0.0,0.0,0.5,,31415,0,0,0,False,PRE_PRIMARY_PHASE_IMBALANCE,0.41973999999999995,-0.0008215537433829808,-0.35712659143123365,0.003685626278860303,0.35753821588060486,0.08755495055021718,0.10506895122630615,0.9339114667796459,0.2416133776,0.046567503690878684,False,True,False,False,True,0.0,0.0,0.0,"{""0.0000"": 2, ""0.2500"": 1, ""0.5000"": 1}"
c3_w2_tcop_cm1_states_L0.4_kp0_0000_up0_5000_s31415,cm1,stageB,0.0,0.0,0.5,,31415,25,1,1,False,PRE_PRIMARY_PHASE_IMBALANCE,0.43211599999999994,0.0003508068224611222,0.6819156901485336,-0.006822662472615425,-0.6951804691860527,0.046623810835157965,0.05891589835190174,0.24808153308814876,0.24474362719999998,0.046555370732064845,True,True,False,False,True,0.0,0.0,0.0,"{""0.0000"": 1, ""0.2500"": 2, ""0.5000"": 1}"
c3_w2_tcop_cm1_states_L0.4_kp0_0000_up0_5000_s31415,cm1,stageB,0.0,0.0,0.5,,31415,50,2,2,False,PRE_PRIMARY_PHASE_IMBALANCE,0.4403,-0.00012049943721769388,0.2941643489626628,-0.016431671046878444,-1.715205526307132,0.023562474295214516,0.06487330951733189,0.24347036056445526,0.24562002400000002,0.04611930181605095,True,True,False,False,True,0.0,0.0,0.0,"{""0.0000"": 1, ""0.2500"": 1, ""0.5000"": 2}"
c3_w2_tcop_cm1_states_L0.4_kp0_0000_up0_5000_s31415,cm1,stageB,0.0,0.0,0.5,,31415,75,3,0,True,,0.424692,-0.0003491041422535576,-0.039826775834775105,-0.012442608020591609,-1.1747688042861748,0.026997698434769745,0.0687736228452205,0.24582520922026968,0.24347562080000004,0.047492579799374976,True,True,False,False,True,0.0,0.0,0.0,"{""0.0000"": 2, ""0.2500"": 1, ""0.5000"": 1}"
c3_w2_tcop_cm1_states_L0.4_kp0_0000_up0_5000_s31415,cm1,stageB,0.0,0.0,0.5,,31415,100,4,1,True,,0.43268400000000007,-0.0006707527632766091,-0.18671640924072594,-0.009161471641766547,-0.8782874518179427,0.0494660774804847,0.05936620881595672,0.2412846321073008,0.24480874399999994,0.04603342420459291,True,True,False,False,True,0.0,0.0,0.0,"{""0.0000"": 1, ""0.2500"": 2, ""0.5000"": 1}"
c3_w2_tcop_cm1_states_L0.4_kp0_0000_up0_5000_s31415,cm1,stageB,0.0,0.0,0.5,,31415,125,5,2,True,,0.44044400000000006,-0.00045474522842062383,0.021793835854137657,-0.0038679174624530748,-0.35474767835898113,0.029434880284915418,0.06601708797870662,0.23975806177457734,0.24560762079999995,0.04561231044356337,True,True,False,False,True,0.0,0.0,0.0,"{""0.0000"": 1, ""0.2500"": 1, ""0.5000"": 2}"
c3_w2_tcop_cm1_states_L0.4_kp0_0000_up0_5000_s31415,cm1,stageB,0.0,0.0,0.5,,31415,150,6,0,True,,0.42466800000000005,-0.00041503706437325157,-0.006387345089098413,-0.008196099470845274,-0.9462129673766282,0.016490953642705825,0.07075661697001251,0.2533744001116769,0.2434222032,0.04627407239480874,False,True,False,False,True,0.0,0.0,0.0,"{""0.0000"": 2, ""0.2500"": 1, ""0.5000"": 1}"
c3_w2_tcop_cm1_states_L0.4_kp0_0000_up0_5000_s31415,cm1,stageB,0.0,0.0,0.5,,31415,175,7,1,True,,0.432516,-0.0008629794850906749,-0.4061159527955397,-0.007339168757106755,-0.6683374519741951,0.05472511281425387,0.06002001660666507,0.24877692328427872,0.244772008,0.0470985110592681,True,True,False,False,True,0.0,0.0,0.0,"{""0.0000"": 1, ""0.2500"": 2, ""0.5000"": 1}"
c3_w2_tcop_cm1_states_L0.4_kp0_0000_up0_5000_s31415,cm1,stageB,0.0,0.0,0.5,,31415,200,8,2,True,,0.43975200000000003,0.0006077984678718673,0.976534631692479,-0.017123395667357256,-1.7641901966547564,0.025144685453231844,0.06600160136958846,0.2446833664322542,0.2455277664,0.045986285955706405,True,True,False,False,True,0.0,0.0,0.0,"{""0.0000"": 1, ""0.2500"": 1, ""0.5000"": 2}"
c3_w2_tcop_cm1_states_L0.4_kp0_0000_up0_5000_s31415,cm1,stageB,0.0,0.0,0.5,,31415,225,9,0,True,,0.4244200000000001,-0.0006472188630203765,-0.16632446122449276,-0.013120361528899902,-1.1891882653536718,0.02999197231351007,0.06880692243564543,0.2563498415335049,0.2434348464,0.04668558235686902,False,True,False,False,True,0.0,0.0,0.0,"{""0.0000"": 2, ""0.2500"": 1, ""0.5000"": 1}"
c3_w2_tcop_cm1_states_L0.4_kp0_0000_up0_5000_s31415,cm1,stageB,0.0,0.0,0.5,,31415,250,10,1,True,,0.433052,-0.0015561547295231575,-1.0981266251177435,-0.005017117358478186,-0.5200048081724268,0.050473813140463876,0.05822059785506509,0.2512400352584908,0.24488229279999998,0.046791508802345755,False,True,False,False,True,0.0,0.0,0.0,"{""0.0000"": 1, ""0.2500"": 2, ""0.5000"": 1}"
c3_w2_tcop_cm1_states_L0.4_kp0_0000_up0_5000_s31415,cm1,stageB,0.0,0.0,0.5,,31415,275,11,2,True,,0.44086,-0.0009468461874678849,-0.5618125941070363,-0.007392920345026685,-0.6823435855921233,0.033028753056711165,0.0654390923786833,0.24679036372818955,0.24567016799999997,0.04619978787830092,True,True,False,False,True,0.0,0.0,0.0,"{""0.0000"": 1, ""0.2500"": 1, ""0.5000"": 2}"
c3_w2_tcop_cm1_states_L0.4_kp0_0000_up0_5000_s31415,cm1,stageB,0.0,0.0,0.5,,31415,300,12,0,False,EXITS_PRIMARY_BLOCK_SET,0.426836,-0.0019563476435454437,-1.5253870051524432,-0.002321415856446178,-0.14279264987240048,0.0334436351697273,0.06748273453879208,0.24740181182608345,0.2438173552,0.04751451466657321,True,True,False,False,True,0.0,0.0,0.0,"{""0.0000"": 2, ""0.2500"": 1, ""0.5000"": 1}"
c3_w2_tcop_cm1_states_L0.4_kp0_1042_up0_1000_s42,cm1,stageB,0.05,0.1042,0.1,,42,0,0,0,False,PRE_PRIMARY_PHASE_IMBALANCE,0.3983880000000001,-0.0006668242095871597,-0.3031869650360113,-0.0019918143660876283,-0.16255655320540707,0.0567489501524438,0.08050027950015354,0.8243220156623139,0.23864649440000002,0.049944784072012964,False,True,False,False,True,0.04997621087120674,0.05031493730444553,0.0008842517127437,"{""0.0000"": 2, ""0.0500"": 1, ""0.1000"": 1}"
c3_w2_tcop_cm1_states_L0.4_kp0_1042_up0_1000_s42,cm1,stageB,0.05,0.1042,0.1,,42,25,1,1,False,PRE_PRIMARY_PHASE_IMBALANCE,0.403628,1.9447573892862196e-05,0.5013527782871209,-0.002071874253056097,-0.22510484080690776,0.010979325382125373,0.025768683632965934,0.12883149799114157,0.2406042576,0.04923492272767369,True,True,False,False,True,0.04997621087120674,0.05043260080949839,0.0008842517127437,"{""0.0000"": 1, ""0.0500"": 2, ""0.1000"": 1}"
c3_w2_tcop_cm1_states_L0.4_kp0_1042_up0_1000_s42,cm1,stageB,0.05,0.1042,0.1,,42,50,2,2,False,PRE_PRIMARY_PHASE_IMBALANCE,0.4063800000000001,0.0006161769621899954,1.0206629064195092,0.00533054921648423,0.5612783506814922,0.017646530592218344,0.028757537022827597,0.13780205684875713,0.2410987216,0.04943253584432018,True,True,False,False,True,0.04997621087120674,0.05053600023263145,0.0008842517127437,"{""0.0000"": 1, ""0.0500"": 1, ""0.1000"": 2}"
c3_w2_tcop_cm1_states_L0.4_kp0_1042_up0_1000_s42,cm1,stageB,0.05,0.1042,0.1,,42,75,3,0,True,,0.40297199999999994,0.0005089127564642053,0.9017187872438217,-0.00982901559363614,-0.9310883103489107,0.0010679725520275438,0.030098392219934204,0.14492322011225792,0.24043845919999998,0.04928293027002351,True,True,False,False,True,0.04997621087120674,0.05031493730444553,0.0008842517127437,"{""0.0000"": 2, ""0.0500"": 1, ""0.1000"": 1}"
c3_w2_tcop_cm1_states_L0.4_kp0_1042_up0_1000_s42,cm1,stageB,0.05,0.1042,0.1,,42,100,4,1,True,,0.40434799999999993,0.0004530102646241422,0.79701218551267,-0.00791711555841295,-0.8733907212489828,0.018039138046687254,0.030703219375462897,0.14443004504923967,0.240696568,0.04918795478569932,True,True,False,False,True,0.04997621087120674,0.05043260080949839,0.0008842517127437,"{""0.0000"": 1, ""0.0500"": 2, ""0.1000"": 1}"
c3_w2_tcop_cm1_states_L0.4_kp0_1042_up0_1000_s42,cm1,stageB,0.05,0.1042,0.1,,42,125,5,2,True,,0.40576799999999996,-0.0004320970492255945,-0.1590802093612959,0.004774921736994638,0.4081288025771478,0.007200104862916234,0.030425860104029107,0.14392460680998848,0.24096791039999996,0.04960655376056675,True,True,False,False,True,0.04997621087120674,0.05053600023263145,0.0008842517127437,"{""0.0000"": 1, ""0.0500"": 1, ""0.1000"": 2}"
c3_w2_tcop_cm1_states_L0.4_kp0_1042_up0_1000_s42,cm1,stageB,0.05,0.1042,0.1,,42,150,6,0,True,,0.40185599999999994,-0.00034209120458919914,0.030199349818335126,0.01023305465836226,1.1261752513442627,0.011341315660919237,0.02930938432666094,0.13935339987619097,0.2402290304,0.04879585293854386,True,True,False,False,True,0.04997621087120674,0.05031493730444553,0.0008842517127437,"{""0.0000"": 2, ""0.0500"": 1, ""0.1000"": 1}"
c3_w2_tcop_cm1_states_L0.4_kp0_1042_up0_1000_s42,cm1,stageB,0.05,0.1042,0.1,,42,175,7,1,True,,0.40370799999999996,0.00015277391957747535,0.4906190964273658,0.01668678845047958,1.68041446276592,0.010280338797403218,0.027642092806350993,0.12583352292787484,0.24060331999999998,0.049459991265668454,True,True,False,False,True,0.04997621087120674,0.05043260080949839,0.0008842517127437,"{""0.0000"": 1, ""0.0500"": 2, ""0.1000"": 1}"
c3_w2_tcop_cm1_states_L0.4_kp0_1042_up0_1000_s42,cm1,stageB,0.05,0.1042,0.1,,42,200,8,2,True,,0.4048240000000001,0.0003154020415971524,0.721732323232424,0.012831402658800468,1.2785709769989757,0.0017301099669822459,0.027308610259266203,0.12548663091741935,0.240819312,0.04894495912757513,True,True,False,False,True,0.04997621087120674,0.05053600023263145,0.0008842517127437,"{""0.0000"": 1, ""0.0500"": 1, ""0.1000"": 2}"
c3_w2_tcop_cm1_states_L0.4_kp0_1042_up0_1000_s42,cm1,stageB,0.05,0.1042,0.1,,42,225,9,0,True,,0.402632,0.0005510134366788688,0.9565370942592777,0.018524463324238093,2.160206826152804,0.008747720505258906,0.027179949696111868,0.12616980238488298,0.24039971199999996,0.04886504452059774,True,True,False,False,False,0.04997621087120674,0.05031493730444553,0.0008842517127437,"{""0.0000"": 2, ""0.0500"": 1, ""0.1000"": 1}"
c3_w2_tcop_cm1_states_L0.4_kp0_1042_up0_1000_s42,cm1,stageB,0.05,0.1042,0.1,,42,250,10,1,True,,0.404064,-0.0005018494321624936,-0.15063453999945076,-0.00140959872502017,-0.12831009015794578,0.00554937887283633,0.02563996889016372,0.11780312000622899,0.24068895040000002,0.04958753778924701,True,True,False,False,True,0.04997621087120674,0.05043260080949839,0.0008842517127437,"{""0.0000"": 1, ""0.0500"": 2, ""0.1000"": 1}"
c3_w2_tcop_cm1_states_L0.4_kp0_1042_up0_1000_s42,cm1,stageB,0.05,0.1042,0.1,,42,275,11,2,True,,0.40546399999999994,-0.0008854136468830014,-0.4666902339526026,-0.011283916541272481,-1.1217647666214592,0.003871507635267077,0.026309774135765927,0.11838288943436927,0.24094914560000003,0.04846591280477445,True,True,False,False,True,0.04997621087120674,0.05053600023263145,0.0008842517127437,"{""0.0000"": 1, ""0.0500"": 1, ""0.1000"": 2}"
c3_w2_tcop_cm1_states_L0.4_kp0_1042_up0_1000_s42,cm1,stageB,0.05,0.1042,0.1,,42,300,12,0,False,EXITS_PRIMARY_BLOCK_SET,0.403088,-0.0019944690152415047,-1.6496323704005014,-3.2350646345953634e-05,-0.016282278102838117,0.0035501505843890282,0.026360039351168058,0.12305005328104514,0.24049516479999997,0.04838743903121966,True,True,False,False,True,0.04997621087120674,0.05031493730444553,0.0008842517127437,"{""0.0000"": 2, ""0.0500"": 1, ""0.1000"": 1}"
c3_w2_tcop_cm1_states_L0.4_kp0_1042_up0_1000_s137,cm1,stageB,0.05,0.1042,0.1,,137,0,0,0,False,PRE_PRIMARY_PHASE_IMBALANCE,0.400108,-0.0002030373550077801,0.24025318450752728,0.0023754081102274113,0.19341103405775312,0.046651070460984254,0.07940272048964547,0.8207783877833525,0.2390122768,0.04871989671581827,False,True,False,False,True,0.04997621087120674,0.05031493730444553,0.0008842517127437,"{""0.0000"": 2, ""0.0500"": 1, ""0.1000"": 1}"
c3_w2_tcop_cm1_states_L0.4_kp0_1042_up0_1000_s137,cm1,stageB,0.05,0.1042,0.1,,137,25,1,1,False,PRE_PRIMARY_PHASE_IMBALANCE,0.4037800000000001,7.658983608930265e-06,0.46877539621734055,-0.0015289884930098944,-0.08258467815657897,0.012835797392126199,0.02631944819132752,0.13175491571708628,0.24062877279999997,0.04857974475025574,True,True,False,False,True,0.04997621087120674,0.05043260080949839,0.0008842517127437,"{""0.0000"": 1, ""0.0500"": 2, ""0.1000"": 1}"
c3_w2_tcop_cm1_states_L0.4_kp0_1042_up0_1000_s137,cm1,stageB,0.05,0.1042,0.1,,137,50,2,2,False,PRE_PRIMARY_PHASE_IMBALANCE,0.40548399999999996,0.0014736390416706362,1.7733508080841156,-0.005668301613189383,-0.534421850563815,0.003622108066075927,0.027699869686485933,0.1312012307977597,0.24094057119999998,0.04927763939151306,True,True,False,False,True,0.04997621087120674,0.05053600023263145,0.0008842517127437,"{""0.0000"": 1, ""0.0500"": 1, ""0.1000"": 2}"
c3_w2_tcop_cm1_states_L0.4_kp0_1042_up0_1000_s137,cm1,stageB,0.05,0.1042,0.1,,137,75,3,0,True,,0.40226,0.0020680400269308882,2.3346978661807554,-0.0014219662773812423,-0.04004839633779029,0.0023443899544724357,0.02860999746948732,0.13623029847305154,0.24031444319999992,0.04844762532880224,True,True,False,False,False,0.04997621087120674,0.05031493730444553,0.0008842517127437,"{""0.0000"": 2, ""0.0500"": 1, ""0.1000"": 1}"
c3_w2_tcop_cm1_states_L0.4_kp0_1042_up0_1000_s137,cm1,stageB,0.05,0.1042,0.1,,137,100,4,1,True,,0.403764,0.0017097084434750018,2.0518317843944893,0.007614858657119842,0.9109024428467708,0.004677853573398302,0.027070019900267937,0.13572284766417303,0.24061916960000002,0.048201579891119756,True,True,False,False,False,0.04997621087120674,0.05043260080949839,0.0008842517127437,"{""0.0000"": 1, ""0.0500"": 2, ""0.1000"": 1}"
c3_w2_tcop_cm1_states_L0.4_kp0_1042_up0_1000_s137,cm1,stageB,0.05,0.1042,0.1,,137,125,5,2,True,,0.405528,0.0012140487552035973,1.919596104350971,0.01614849070992163,1.6505574541638315,0.006020605596641002,0.025601297403082573,0.13513246894139871,0.24096725439999997,0.04812568146011025,True,True,False,False,True,0.04997621087120674,0.05053600023263145,0.0008842517127437,"{""0.0000"": 1, ""0.0500"": 1, ""0.1000"": 2}"
c3_w2_tcop_cm1_states_L0.4_kp0_1042_up0_1000_s137,cm1,stageB,0.05,0.1042,0.1,,137,150,6,0,True,,0.40212000000000003,0.001579688843737169,1.974749828636081,0.011439440733167936,1.3953133417964465,0.002589336814440775,0.02607952056015383,0.13428827182361414,0.2403095264,0.04852448454131172,True,True,False,False,True,0.04997621087120674,0.05031493730444553,0.0008842517127437,"{""0.0000"": 2, ""0.0500"": 1, ""0.1000"": 1}"
c3_w2_tcop_cm1_states_L0.4_kp0_1042_up0_1000_s137,cm1,stageB,0.05,0.1042,0.1,,137,175,7,1,True,,0.403708,0.00035031637444536966,0.7156844543319778,0.008785746674100375,0.9531386217100672,0.013514682852570174,0.023668603622883852,0.12583352292787467,0.24063654880000002,0.04933123489230733,True,True,False,False,True,0.04997621087120674,0.05043260080949839,0.0008842517127437,"{""0.0000"": 1, ""0.0500"": 2, ""0.1000"": 1}"
c3_w2_tcop_cm1_states_L0.4_kp0_1042_up0_1000_s137,cm1,stageB,0.05,0.1042,0.1,,137,200,8,2,True,,0.405092,0.00042112689040851365,0.7984747063093306,0.019486631366745125,1.9942535906453385,0.009149059008602852,0.027201091077711657,0.14910193203247168,0.24087105439999998,0.04858674238925677,True,True,False,False,True,0.04997621087120674,0.05053600023263145,0.0008842517127437,"{""0.0000"": 1, ""0.0500"": 1, ""0.1000"": 2}"
c3_w2_tcop_cm1_states_L0.4_kp0_1042_up0_1000_s137,cm1,stageB,0.05,0.1042,0.1,,137,225,9,0,True,,0.40238399999999996,0.000812895078591653,1.3241226980377117,0.022747955832747423,2.4671041974078776,0.012408493591994727,0.0263086195081996,0.1501053716099412,0.24035904959999999,0.048846663591283285,True,True,False,False,False,0.04997621087120674,0.05031493730444553,0.0008842517127437,"{""0.0000"": 2, ""0.0500"": 1, ""0.1000"": 1}"
c3_w2_tcop_cm1_states_L0.4_kp0_1042_up0_1000_s137,cm1,stageB,0.05,0.1042,0.1,,137,250,10,1,True,,0.40382799999999996,-6.158044601489425e-05,0.33992309838979395,-0.008029793387323885,-0.7927748104761392,0.00943327588146686,0.024923066034850668,0.13867290000031474,0.24064964960000002,0.048724802883131295,True,True,False,False,True,0.04997621087120674,0.05043260080949839,0.0008842517127437,"{""0.0000"": 1, ""0.0500"": 2, ""0.1000"": 1}"
c3_w2_tcop_cm1_states_L0.4_kp0_1042_up0_1000_s137,cm1,stageB,0.05,0.1042,0.1,,137,275,11,2,True,,0.40597200000000006,0.0012838247068260146,1.6919184944480212,-0.01601097995623391,-1.3693347448404403,0.011981334665098662,0.02679489832273311,0.13794054728419555,0.2410404048,0.049090683596788504,True,True,False,False,True,0.04997621087120674,0.05053600023263145,0.0008842517127437,"{""0.0000"": 1, ""0.0500"": 1, ""0.1000"": 2}"
c3_w2_tcop_cm1_states_L0.4_kp0_1042_up0_1000_s137,cm1,stageB,0.05,0.1042,0.1,,137,300,12,0,False,EXITS_PRIMARY_BLOCK_SET,0.40259199999999995,0.0013193312925224964,1.8682520565227554,-0.0068973045885723245,-0.7103205751415396,0.002250046157917847,0.02656304672221933,0.1212145295455088,0.24039731839999998,0.04840166873156338,True,True,False,False,True,0.04997621087120674,0.05031493730444553,0.0008842517127437,"{""0.0000"": 2, ""0.0500"": 1, ""0.1000"": 1}"
c3_w2_tcop_cm1_states_L0.4_kp0_1042_up0_1000_s256,cm1,stageB,0.05,0.1042,0.1,,256,0,0,0,False,PRE_PRIMARY_PHASE_IMBALANCE,0.40074,-0.0006284392440835464,-0.27265032641682446,0.010400980077795564,0.9989019659866631,0.06059297335486158,0.08126469251143585,0.822478412879976,0.2390869072,0.04710894182636668,False,True,False,False,True,0.04997621087120674,0.05031493730444553,0.0008842517127437,"{""0.0000"": 2, ""0.0500"": 1, ""0.1000"": 1}"
c3_w2_tcop_cm1_states_L0.4_kp0_1042_up0_1000_s256,cm1,stageB,0.05,0.1042,0.1,,256,25,1,1,False,PRE_PRIMARY_PHASE_IMBALANCE,0.4055680000000001,-0.0004565350950100382,-0.12679920343947584,0.012809625486827663,1.1892011648297363,0.021732881771758902,0.028193790803741747,0.11539371914107197,0.24095184960000002,0.04682603310125682,True,True,False,False,True,0.04997621087120674,0.05043260080949839,0.0008842517127437,"{""0.0000"": 1, ""0.0500"": 2, ""0.1000"": 1}"
c3_w2_tcop_cm1_states_L0.4_kp0_1042_up0_1000_s256,cm1,stageB,0.05,0.1042,0.1,,256,50,2,2,False,PRE_PRIMARY_PHASE_IMBALANCE,0.406204,0.0004523756880808133,0.8511141009657397,0.023281925011881238,2.4289774427584807,0.01764826752577466,0.026910441798934696,0.11324359161100443,0.24108282080000001,0.046771255959189295,True,True,False,False,False,0.04997621087120674,0.05053600023263145,0.0008842517127437,"{""0.0000"": 1, ""0.0500"": 1, ""0.1000"": 2}"
c3_w2_tcop_cm1_states_L0.4_kp0_1042_up0_1000_s256,cm1,stageB,0.05,0.1042,0.1,,256,75,3,0,True,,0.40196799999999994,-0.00010227748368452544,0.3491989564813001,0.0019952126825060895,0.19283062324269443,0.010180932887054045,0.026972894190382644,0.12637821884732564,0.2402721728,0.048364108344928686,True,True,False,False,True,0.04997621087120674,0.05031493730444553,0.0008842517127437,"{""0.0000"": 2, ""0.0500"": 1, ""0.1000"": 1}"
c3_w2_tcop_cm1_states_L0.4_kp0_1042_up0_1000_s256,cm1,stageB,0.05,0.1042,0.1,,256,100,4,1,True,,0.4034440000000001,-0.00040886595700339153,-0.15803853360468306,-0.0018535864441034642,-0.3004037711682932,0.0070339471484123185,0.027349622545195313,0.14177928004436982,0.24055518879999993,0.04927817837542293,True,True,False,False,True,0.04997621087120674,0.05043260080949839,0.0008842517127437,"{""0.0000"": 1, ""0.0500"": 2, ""0.1000"": 1}"
c3_w2_tcop_cm1_states_L0.4_kp0_1042_up0_1000_s256,cm1,stageB,0.05,0.1042,0.1,,256,125,5,2,True,,0.4055919999999999,-0.000349511109652358,-0.0656208808767838,-0.010107399389934777,-0.983499051988636,0.020089979125311297,0.02821326279792605,0.16371131540141007,0.24095618559999998,0.04912361485070088,True,True,False,False,True,0.04997621087120674,0.05053600023263145,0.0008842517127437,"{""0.0000"": 1, ""0.0500"": 1, ""0.1000"": 2}"
c3_w2_tcop_cm1_states_L0.4_kp0_1042_up0_1000_s256,cm1,stageB,0.05,0.1042,0.1,,256,150,6,0,True,,0.403352,-0.000957800326445378,-0.49108314623293053,0.00032159806848486565,0.1018539098582432,0.010324521587396886,0.029330142732708307,0.16462047996633097,0.24051920640000002,0.049377364206688874,True,True,False,False,True,0.04997621087120674,0.05031493730444553,0.0008842517127437,"{""0.0000"": 2, ""0.0500"": 1, ""0.1000"": 1}"
c3_w2_tcop_cm1_states_L0.4_kp0_1042_up0_1000_s256,cm1,stageB,0.05,0.1042,0.1,,256,175,7,1,True,,0.405012,-0.00018230970540091644,0.20923451236741022,-0.002603240765436774,-0.16360553738179037,0.024153996033877394,0.026866471325409647,0.14616850822650074,0.24085887840000006,0.04931166044659214,True,True,False,False,True,0.04997621087120674,0.05043260080949839,0.0008842517127437,"{""0.0000"": 1, ""0.0500"": 2, ""0.1000"": 1}"
c3_w2_tcop_cm1_states_L0.4_kp0_1042_up0_1000_s256,cm1,stageB,0.05,0.1042,0.1,,256,200,8,2,True,,0.406208,-0.0002754444702019564,0.13601408428435802,-0.000748741109827111,-0.11159233970419724,0.003031262627230158,0.026156609473164005,0.14573814364626467,0.2410901696,0.0487477254443733,True,True,False,False,True,0.04997621087120674,0.05053600023263145,0.0008842517127437,"{""0.0000"": 1, ""0.0500"": 1, ""0.1000"": 2}"
c3_w2_tcop_cm1_states_L0.4_kp0_1042_up0_1000_s256,cm1,stageB,0.05,0.1042,0.1,,256,225,9,0,True,,0.40225200000000005,-0.001637665401782031,-1.1781403001317288,0.00442247594675483,0.44686108613434394,0.004187047971558937,0.02663424410553519,0.11833378051983877,0.24033054560000003,0.048583212079894425,True,True,False,False,True,0.04997621087120674,0.05031493730444553,0.0008842517127437,"{""0.0000"": 2, ""0.0500"": 1, ""0.1000"": 1}"
c3_w2_tcop_cm1_states_L0.4_kp0_1042_up0_1000_s256,cm1,stageB,0.05,0.1042,0.1,,256,250,10,1,True,,0.40287599999999996,0.00031217087824804695,0.7201931631490179,-0.0035274483904823937,-0.21112124403311885,0.022886749345502562,0.02623360392280904,0.11815049762668782,0.24045522719999998,0.049178944925648824,True,True,False,False,True,0.04997621087120674,0.05043260080949839,0.0008842517127437,"{""0.0000"": 1, ""0.0500"": 2, ""0.1000"": 1}"
c3_w2_tcop_cm1_states_L0.4_kp0_1042_up0_1000_s256,cm1,stageB,0.05,0.1042,0.1,,256,275,11,2,True,,0.404912,-0.0005933238121020816,-0.16667156073614156,0.011677330893372116,1.1363868359149296,0.005023223296213336,0.02770055042916858,0.13928952429345245,0.2408324672,0.049135244539943015,True,True,False,False,True,0.04997621087120674,0.05053600023263145,0.0008842517127437,"{""0.0000"": 1, ""0.0500"": 1, ""0.1000"": 2}"
c3_w2_tcop_cm1_states_L0.4_kp0_1042_up0_1000_s256,cm1,stageB,0.05,0.1042,0.1,,256,300,12,0,False,EXITS_PRIMARY_BLOCK_SET,0.40135200000000004,-0.0003724857216412032,-0.012739430190009574,0.011213032016152303,1.1222145423874361,0.009944186404869076,0.02763016673772237,0.14052502506397108,0.24014559679999997,0.048634268741289816,True,True,False,False,True,0.04997621087120674,0.05031493730444553,0.0008842517127437,"{""0.0000"": 2, ""0.0500"": 1, ""0.1000"": 1}"
c3_w2_tcop_cm1_states_L0.4_kp0_1042_up0_1000_s1024,cm1,stageB,0.05,0.1042,0.1,,1024,0,0,0,False,PRE_PRIMARY_PHASE_IMBALANCE,0.3987240000000001,-0.0003205061536781924,0.09719846212423797,0.009183587860758388,0.9505052613114564,0.04891150312022962,0.07948191260375333,0.8156017675996383,0.23873883040000007,0.048690161470260084,False,True,False,False,True,0.04997621087120674,0.05031493730444553,0.0008842517127437,"{""0.0000"": 2, ""0.0500"": 1, ""0.1000"": 1}"
c3_w2_tcop_cm1_states_L0.4_kp0_1042_up0_1000_s1024,cm1,stageB,0.05,0.1042,0.1,,1024,25,1,1,False,PRE_PRIMARY_PHASE_IMBALANCE,0.40380000000000005,0.0006954435623760578,1.0342570435550664,0.006554809093802881,0.651060256869398,0.0052676887171945975,0.023553333090274933,0.11688954899234884,0.24065510399999998,0.0488626646837849,True,True,False,False,True,0.04997621087120674,0.05043260080949839,0.0008842517127437,"{""0.0000"": 1, ""0.0500"": 2, ""0.1000"": 1}"
c3_w2_tcop_cm1_states_L0.4_kp0_1042_up0_1000_s1024,cm1,stageB,0.05,0.1042,0.1,,1024,50,2,2,False,PRE_PRIMARY_PHASE_IMBALANCE,0.40592400000000006,0.00048056117054377713,0.9026553795682033,0.0017369189518364183,0.04141655767233376,0.015010221829504997,0.024889141064517742,0.12908820338514546,0.24104763360000003,0.04903454113173692,True,True,False,False,True,0.04997621087120674,0.05053600023263145,0.0008842517127437,"{""0.0000"": 1, ""0.0500"": 1, ""0.1000"": 2}"
c3_w2_tcop_cm1_states_L0.4_kp0_1042_up0_1000_s1024,cm1,stageB,0.05,0.1042,0.1,,1024,75,3,0,True,,0.4041,-0.0002184696372806736,0.25671307795937354,0.0010767286175740814,0.10135515559123454,0.018711893414755935,0.02705956496838062,0.1445186831365536,0.24068362079999997,0.04847380736026416,True,True,False,False,True,0.04997621087120674,0.05031493730444553,0.0008842517127437,"{""0.0000"": 2, ""0.0500"": 1, ""0.1000"": 1}"
c3_w2_tcop_cm1_states_L0.4_kp0_1042_up0_1000_s1024,cm1,stageB,0.05,0.1042,0.1,,1024,100,4,1,True,,0.405012,2.446375281377755e-05,0.46528048657531784,-0.003302740631546908,-0.3638135506560033,0.027341183281962292,0.02599066453968059,0.14419325811533176,0.24086647199999997,0.04900081485036754,True,True,False,False,True,0.04997621087120674,0.05043260080949839,0.0008842517127437,"{""0.0000"": 1, ""0.0500"": 2, ""0.1000"": 1}"
c3_w2_tcop_cm1_states_L0.4_kp0_1042_up0_1000_s1024,cm1,stageB,0.05,0.1042,0.1,,1024,125,5,2,True,,0.40560399999999996,-0.0006610314275748183,-0.3592204587723263,0.013629835601670947,1.3979344603662438,0.01581503498074797,0.02809134669221287,0.14398280060358676,0.2409595728,0.04897749671022397,True,True,False,False,True,0.04997621087120674,0.05053600023263145,0.0008842517127437,"{""0.0000"": 1, ""0.0500"": 1, ""0.1000"": 2}"
c3_w2_tcop_cm1_states_L0.4_kp0_1042_up0_1000_s1024,cm1,stageB,0.05,0.1042,0.1,,1024,150,6,0,True,,0.40226399999999995,-0.0009101682570302714,-0.4243349842459825,0.027912176210246265,2.8594836448380625,0.007611285541351674,0.027964388505497737,0.14318954680709792,0.24032113280000003,0.04905012032605017,True,True,False,False,False,0.04997621087120674,0.05031493730444553,0.0008842517127437,"{""0.0000"": 2, ""0.0500"": 1, ""0.1000"": 1}"
c3_w2_tcop_cm1_states_L0.4_kp0_1042_up0_1000_s1024,cm1,stageB,0.05,0.1042,0.1,,1024,175,7,1,True,,0.40261600000000003,-0.00012637482530803687,0.28403904539820674,0.01213931140053106,1.2732355024337627,0.0018779074991629487,0.02674696919019913,0.12319430891173143,0.2404003904,0.04871341236251059,True,True,False,False,True,0.04997621087120674,0.05043260080949839,0.0008842517127437,"{""0.0000"": 1, ""0.0500"": 2, ""0.1000"": 1}"
c3_w2_tcop_cm1_states_L0.4_kp0_1042_up0_1000_s1024,cm1,stageB,0.05,0.1042,0.1,,1024,200,8,2,True,,0.40502800000000005,-0.00046188587626586677,-0.10248557055081592,0.013128085049279342,1.25924744041706,0.008395518417513514,0.026019942372768612,0.12344825512446479,0.24086925280000002,0.049800795335014476,True,True,False,False,True,0.04997621087120674,0.05053600023263145,0.0008842517127437,"{""0.0000"": 1, ""0.0500"": 1, ""0.1000"": 2}"
c3_w2_tcop_cm1_states_L0.4_kp0_1042_up0_1000_s1024,cm1,stageB,0.05,0.1042,0.1,,1024,225,9,0,True,,0.40198400000000006,-0.0004297012100408712,-0.05766648588410561,0.0031893646502796505,0.49306888727824005,0.0026152909765009068,0.025756190199545434,0.12338799523516351,0.24028566719999997,0.04959177093026624,True,True,False,False,True,0.04997621087120674,0.05031493730444553,0.0008842517127437,"{""0.0000"": 2, ""0.0500"": 1, ""0.1000"": 1}"
c3_w2_tcop_cm1_states_L0.4_kp0_1042_up0_1000_s1024,cm1,stageB,0.05,0.1042,0.1,,1024,250,10,1,True,,0.403728,-0.00012777431659767105,0.2703139642146576,-0.00490244805306352,-0.6084183537193975,0.01040527305414474,0.025091189048400745,0.12285499117511044,0.2406290848,0.04981989578471637,True,True,False,False,True,0.04997621087120674,0.05043260080949839,0.0008842517127437,"{""0.0000"": 1, ""0.0500"": 2, ""0.1000"": 1}"
c3_w2_tcop_cm1_states_L0.4_kp0_1042_up0_1000_s1024,cm1,stageB,0.05,0.1042,0.1,,1024,275,11,2,True,,0.4062080000000001,-0.0007114423721033542,-0.29972113580847887,-0.006228491914298123,-0.6799314699882537,0.01695734403045887,0.027073269284861777,0.13096738584427822,0.24108211839999996,0.049577623339567216,True,True,False,False,True,0.04997621087120674,0.05053600023263145,0.0008842517127437,"{""0.0000"": 1, ""0.0500"": 1, ""0.1000"": 2}"
c3_w2_tcop_cm1_states_L0.4_kp0_1042_up0_1000_s1024,cm1,stageB,0.05,0.1042,0.1,,1024,300,12,0,False,EXITS_PRIMARY_BLOCK_SET,0.402956,-0.0007898346426373756,-0.38789130757995605,0.0016813260511157277,0.3121786320397259,0.010172053223718556,0.02925477421472027,0.13400966821685326,0.240443496,0.04957440936612357,True,True,False,False,True,0.04997621087120674,0.05031493730444553,0.0008842517127437,"{""0.0000"": 2, ""0.0500"": 1, ""0.1000"": 1}"
c3_w2_tcop_cm1_states_L0.4_kp0_1042_up0_1000_s31415,cm1,stageB,0.05,0.1042,0.1,,31415,0,0,0,False,PRE_PRIMARY_PHASE_IMBALANCE,0.39720400000000006,-0.0010864238494417654,-0.5868060482005949,0.018610701598095452,1.8211224734241722,0.0651375797464058,0.0820463823165645,0.855983321275759,0.2383709296,0.04828646170511979,False,True,False,False,True,0.04997621087120674,0.05031493730444553,0.0008842517127437,"{""0.0000"": 2, ""0.0500"": 1, ""0.1000"": 1}"
c3_w2_tcop_cm1_states_L0.4_kp0_1042_up0_1000_s31415,cm1,stageB,0.05,0.1042,0.1,,31415,25,1,1,False,PRE_PRIMARY_PHASE_IMBALANCE,0.40314000000000005,-0.00015293457050037215,0.1598283135488181,0.011053584660063936,1.1925653695320453,0.007847785800937321,0.0283610585231626,0.15974599355125765,0.240487416,0.0489082855966144,True,True,False,False,True,0.04997621087120674,0.05043260080949839,0.0008842517127437,"{""0.0000"": 1, ""0.0500"": 2, ""0.1000"": 1}"
c3_w2_tcop_cm1_states_L0.4_kp0_1042_up0_1000_s31415,cm1,stageB,0.05,0.1042,0.1,,31415,50,2,2,False,PRE_PRIMARY_PHASE_IMBALANCE,0.40517200000000003,0.0002949451723846694,0.7037661671040442,-0.003383049833620331,-0.3297991284684273,0.0006747439064374799,0.02908618130006414,0.1470980222051424,0.2408687664,0.048900004253578544,True,True,False,False,True,0.04997621087120674,0.05053600023263145,0.0008842517127437,"{""0.0000"": 1, ""0.0500"": 1, ""0.1000"": 2}"
c3_w2_tcop_cm1_states_L0.4_kp0_1042_up0_1000_s31415,cm1,stageB,0.05,0.1042,0.1,,31415,75,3,0,True,,0.4011280000000001,0.0004471367635154346,0.8276588079317542,-0.004468074945723371,-0.3733076402497393,0.008141457511108773,0.028638702570449683,0.13262599436432762,0.24009235839999998,0.049101605024683255,True,True,False,False,True,0.04997621087120674,0.05031493730444553,0.0008842517127437,"{""0.0000"": 2, ""0.0500"": 1, ""0.1000"": 1}"
c3_w2_tcop_cm1_states_L0.4_kp0_1042_up0_1000_s31415,cm1,stageB,0.05,0.1042,0.1,,31415,100,4,1,True,,0.40304,-3.6525850128827855e-05,0.37954954535119284,-0.0013002967221031328,-0.1398773929534208,0.010729139580473068,0.02882127504032006,0.13199682380905914,0.24046382400000002,0.048364846738101014,True,True,False,False,True,0.04997621087120674,0.05043260080949839,0.0008842517127437,"{""0.0000"": 1, ""0.0500"": 2, ""0.1000"": 1}"
c3_w2_tcop_cm1_states_L0.4_kp0_1042_up0_1000_s31415,cm1,stageB,0.05,0.1042,0.1,,31415,125,5,2,True,,0.4045920000000001,0.0005774488285437527,1.102806197573803,0.006174274492866149,0.7000637654767365,0.008029038736445105,0.029408143712813622,0.13149048885917053,0.24075574400000005,0.048165065514333104,True,True,False,False,True,0.04997621087120674,0.05053600023263145,0.0008842517127437,"{""0.0000"": 1, ""0.0500"": 1, ""0.1000"": 2}"
c3_w2_tcop_cm1_states_L0.4_kp0_1042_up0_1000_s31415,cm1,stageB,0.05,0.1042,0.1,,31415,150,6,0,True,,0.40089600000000003,-0.00031096126507482624,0.14428929195982937,0.0002733069416212175,-0.07650548017883027,0.0015051792498036042,0.029699266016909535,0.1366938055338695,0.24003663679999995,0.04790404141614776,True,True,False,False,True,0.04997621087120674,0.05031493730444553,0.0008842517127437,"{""0.0000"": 2, ""0.0500"": 1, ""0.1000"": 1}"
c3_w2_tcop_cm1_states_L0.4_kp0_1042_up0_1000_s31415,cm1,stageB,0.05,0.1042,0.1,,31415,175,7,1,True,,0.403148,-0.00029160041773726263,0.13595451713220302,0.004101646700359527,0.44528424578970066,0.009043141881924632,0.029078033833334727,0.15378967487426534,0.24048226720000002,0.04910448142481499,True,True,False,False,True,0.04997621087120674,0.05043260080949839,0.0008842517127437,"{""0.0000"": 1, ""0.0500"": 2, ""0.1000"": 1}"
c3_w2_tcop_cm1_states_L0.4_kp0_1042_up0_1000_s31415,cm1,stageB,0.05,0.1042,0.1,,31415,200,8,2,True,,0.4046200000000001,0.0012229591620401014,1.5588388844716905,0.0002252878206215183,0.051385059226956555,0.00850008383642111,0.028818263881613883,0.15323019091189213,0.2407666896,0.04830130018953941,True,True,False,False,True,0.04997621087120674,0.05053600023263145,0.0008842517127437,"{""0.0000"": 1, ""0.0500"": 1, ""0.1000"": 2}"
c3_w2_tcop_cm1_states_L0.4_kp0_1042_up0_1000_s31415,cm1,stageB,0.05,0.1042,0.1,,31415,225,9,0,True,,0.4016039999999999,-0.00013291531642423387,0.24256061628032452,-0.0013560489891112691,-0.06720663433303324,0.012210860401859036,0.02850439573485975,0.16035696815679887,0.24018718240000003,0.048141740558480015,True,True,False,False,True,0.04997621087120674,0.05031493730444553,0.0008842517127437,"{""0.0000"": 2, ""0.0500"": 1, ""0.1000"": 1}"
c3_w2_tcop_cm1_states_L0.4_kp0_1042_up0_1000_s31415,cm1,stageB,0.05,0.1042,0.1,,31415,250,10,1,True,,0.404364,-0.0010566123045521302,-0.6214270128934074,0.004598993869868069,0.47535682389121087,0.010840624647582517,0.026976946542941884,0.15926244631257372,0.24073476,0.04887407803734,True,True,False,False,True,0.04997621087120674,0.05043260080949839,0.0008842517127437,"{""0.0000"": 1, ""0.0500"": 2, ""0.1000"": 1}"
c3_w2_tcop_cm1_states_L0.4_kp0_1042_up0_1000_s31415,cm1,stageB,0.05,0.1042,0.1,,31415,275,11,2,True,,0.405252,-0.0010214152289396946,-0.6483026824130568,-0.003965878262970005,-0.33229588362008355,0.005681773931636939,0.026183053792146485,0.14608194371383246,0.24091022880000001,0.04859029219916258,True,True,False,False,True,0.04997621087120674,0.05053600023263145,0.0008842517127437,"{""0.0000"": 1, ""0.0500"": 1, ""0.1000"": 2}"
c3_w2_tcop_cm1_states_L0.4_kp0_1042_up0_1000_s31415,cm1,stageB,0.05,0.1042,0.1,,31415,300,12,0,False,EXITS_PRIMARY_BLOCK_SET,0.40322800000000003,-0.0021505834764576084,-1.824916005560304,0.0006449788456172604,0.11977617976707768,0.011280701881332896,0.025461336259693865,0.14681520096120498,0.2405297744,0.048864097413131455,True,True,False,False,True,0.04997621087120674,0.05031493730444553,0.0008842517127437,"{""0.0000"": 2, ""0.0500"": 1, ""0.1000"": 1}"
c3_w2_tcop_cm1_states_L0.4_kp0_1042_up0_2500_s42,cm1,stageB,0.05,0.1042,0.25,,42,0,0,0,False,PRE_PRIMARY_PHASE_IMBALANCE,0.406364,-0.0007549860411087752,-0.39107379563145567,-0.0024539802947708446,-0.2367387130701222,0.06717546264384015,0.08721423783087462,0.8740931753942445,0.2399762544,0.049366582867360786,False,True,False,False,True,0.04997621087120674,0.050684538762957324,0.001764284424786433,"{""0.0000"": 2, ""0.1250"": 1, ""0.2500"": 1}"
c3_w2_tcop_cm1_states_L0.4_kp0_1042_up0_2500_s42,cm1,stageB,0.05,0.1042,0.25,,42,25,1,1,False,PRE_PRIMARY_PHASE_IMBALANCE,0.414256,-0.00019005553744856217,0.2702509344023246,-0.003001540957490495,-0.3365480946582365,0.027808195761530943,0.037016994683362274,0.19022053949678322,0.2424128192,0.048579486040920605,True,True,False,False,True,0.04997621087120674,0.0509517955485113,0.001764284424786433,"{""0.0000"": 1, ""0.1250"": 2, ""0.2500"": 1}"
c3_w2_tcop_cm1_states_L0.4_kp0_1042_up0_2500_s42,cm1,stageB,0.05,0.1042,0.25,,42,50,2,2,False,PRE_PRIMARY_PHASE_IMBALANCE,0.4196560000000001,0.0006612834399516957,1.0591791456777961,0.0005122436543039621,0.08793710908427137,0.02694590515597059,0.04282126143387338,0.19253865024558522,0.24322191359999998,0.04823237153613743,True,True,False,False,True,0.04997621087120674,0.05112560986915393,0.001764284424786433,"{""0.0000"": 1, ""0.1250"": 1, ""0.2500"": 2}"
c3_w2_tcop_cm1_states_L0.4_kp0_1042_up0_2500_s42,cm1,stageB,0.05,0.1042,0.25,,42,75,3,0,True,,0.411344,0.00039951474291285874,0.8080899053603362,-0.007491883955411699,-0.6743536238005867,0.010519547397682006,0.04644769280812181,0.20226379817801207,0.24177507520000002,0.04853239808622689,True,True,False,False,True,0.04997621087120674,0.050684538762957324,0.001764284424786433,"{""0.0000"": 2, ""0.1250"": 1, ""0.2500"": 1}"
c3_w2_tcop_cm1_states_L0.4_kp0_1042_up0_2500_s42,cm1,stageB,0.05,0.1042,0.25,,42,100,4,1,True,,0.415244,0.00031549337208369206,0.6016950089179914,-0.004978118535793469,-0.5956569689496668,0.03403158891466901,0.04292204479579764,0.20036412277994592,0.2424987568,0.048167005968816456,True,True,False,False,True,0.04997621087120674,0.0509517955485113,0.001764284424786433,"{""0.0000"": 1, ""0.1250"": 2, ""0.2500"": 1}"
c3_w2_tcop_cm1_states_L0.4_kp0_1042_up0_2500_s42,cm1,stageB,0.05,0.1042,0.25,,42,125,5,2,True,,0.4194279999999999,-0.0006100494885923627,-0.2894713575896992,-0.00013512642960835432,-0.07449048523748444,0.004033896613686149,0.04486599735861704,0.19836539239544002,0.24315403359999999,0.04844907445968395,True,True,False,False,True,0.04997621087120674,0.05112560986915393,0.001764284424786433,"{""0.0000"": 1, ""0.1250"": 1, ""0.2500"": 2}"
c3_w2_tcop_cm1_states_L0.4_kp0_1042_up0_2500_s42,cm1,stageB,0.05,0.1042,0.25,,42,150,6,0,True,,0.410464,-0.0006532264504933047,-0.2804327592698356,0.006156937005875797,0.7404557298064665,0.019253893846418527,0.044243840905709646,0.1685896932043012,0.2416535008,0.04794772887217913,True,True,False,False,True,0.04997621087120674,0.050684538762957324,0.001764284424786433,"{""0.0000"": 2, ""0.1250"": 1, ""0.2500"": 1}"
c3_w2_tcop_cm1_states_L0.4_kp0_1042_up0_2500_s42,cm1,stageB,0.05,0.1042,0.25,,42,175,7,1,True,,0.414572,-0.00026775695730859607,0.059352984185406646,0.016487275935765214,1.6298197573343172,0.030333880550113924,0.038644461747489464,0.15437607905411826,0.2424453872,0.04850914157146052,True,True,False,False,True,0.04997621087120674,0.0509517955485113,0.001764284424786433,"{""0.0000"": 1, ""0.1250"": 2, ""0.2500"": 1}"
c3_w2_tcop_cm1_states_L0.4_kp0_1042_up0_2500_s42,cm1,stageB,0.05,0.1042,0.25,,42,200,8,2,True,,0.418332,-0.0002905285464706156,0.19224267613491605,0.01811365846171391,1.8177261979074966,0.010703574562961499,0.040303355024476274,0.16063796180871193,0.24304607199999995,0.04817445148623905,True,True,False,False,True,0.04997621087120674,0.05112560986915393,0.001764284424786433,"{""0.0000"": 1, ""0.1250"": 1, ""0.2500"": 2}"
c3_w2_tcop_cm1_states_L0.4_kp0_1042_up0_2500_s42,cm1,stageB,0.05,0.1042,0.25,,42,225,9,0,True,,0.410936,3.248019096673223e-05,0.4507788985927681,0.020841982402784648,2.3149882076374415,0.019348597066603395,0.04047518792464625,0.1635291136246786,0.24179095679999998,0.04867200328731087,True,True,False,False,False,0.04997621087120674,0.050684538762957324,0.001764284424786433,"{""0.0000"": 2, ""0.1250"": 1, ""0.2500"": 1}"
c3_w2_tcop_cm1_states_L0.4_kp0_1042_up0_2500_s42,cm1,stageB,0.05,0.1042,0.25,,42,250,10,1,True,,0.41473999999999994,-0.0013572208747270132,-1.0333018825288682,0.0019626561753792932,0.17468024286676678,0.0224600749546487,0.03588992064422612,0.15720692444132014,0.24250916960000005,0.04920784896741576,True,True,False,False,True,0.04997621087120674,0.0509517955485113,0.001764284424786433,"{""0.0000"": 1, ""0.1250"": 2, ""0.2500"": 1}"
c3_w2_tcop_cm1_states_L0.4_kp0_1042_up0_2500_s42,cm1,stageB,0.05,0.1042,0.25,,42,275,11,2,True,,0.419076,-0.0015779764565565988,-1.1621555040384561,-0.011528592081576666,-1.1375328027324558,0.014061481136754797,0.039256600478574426,0.16894310299577384,0.24318065440000003,0.047611618582022605,True,True,False,False,True,0.04997621087120674,0.05112560986915393,0.001764284424786433,"{""0.0000"": 1, ""0.1250"": 1, ""0.2500"": 2}"
c3_w2_tcop_cm1_states_L0.4_kp0_1042_up0_2500_s42,cm1,stageB,0.05,0.1042,0.25,,42,300,12,0,False,EXITS_PRIMARY_BLOCK_SET,0.41156,-0.0023708045080659116,-2.036283889064272,-0.00237713879376905,-0.25823084208920244,0.006701029694036367,0.04179570842219736,0.17980367338953332,0.2418824768,0.04776574504809906,True,True,False,False,False,0.04997621087120674,0.050684538762957324,0.001764284424786433,"{""0.0000"": 2, ""0.1250"": 1, ""0.2500"": 1}"
c3_w2_tcop_cm1_states_L0.4_kp0_1042_up0_2500_s137,cm1,stageB,0.05,0.1042,0.25,,137,0,0,0,False,PRE_PRIMARY_PHASE_IMBALANCE,0.407948,-0.00020311665922444658,0.24233017204257998,0.0002897499054006306,-0.02733042796916214,0.058271488315780065,0.085496219015849,0.8579524820370427,0.2403099536,0.04806151574804939,False,True,False,False,True,0.04997621087120674,0.050684538762957324,0.001764284424786433,"{""0.0000"": 2, ""0.1250"": 1, ""0.2500"": 1}"
c3_w2_tcop_cm1_states_L0.4_kp0_1042_up0_2500_s137,cm1,stageB,0.05,0.1042,0.25,,137,25,1,1,False,PRE_PRIMARY_PHASE_IMBALANCE,0.41440799999999994,-6.711788239438801e-05,0.4065258835955086,-0.004552831853843639,-0.4030682516206441,0.02634768595886038,0.037495264528499786,0.18049844554038916,0.24243256960000004,0.0479559124196381,True,True,False,False,True,0.04997621087120674,0.0509517955485113,0.001764284424786433,"{""0.0000"": 1, ""0.1250"": 2, ""0.2500"": 1}"
c3_w2_tcop_cm1_states_L0.4_kp0_1042_up0_2500_s137,cm1,stageB,0.05,0.1042,0.25,,137,50,2,2,False,PRE_PRIMARY_PHASE_IMBALANCE,0.419052,0.0012598821439797128,1.5941549524919578,-0.008856324190125968,-0.8237302721552318,0.01356969690466667,0.04069180467216024,0.18136173987628806,0.24315665120000002,0.04841426748387297,True,True,False,False,True,0.04997621087120674,0.05112560986915393,0.001764284424786433,"{""0.0000"": 1, ""0.1250"": 1, ""0.2500"": 2}"
c3_w2_tcop_cm1_states_L0.4_kp0_1042_up0_2500_s137,cm1,stageB,0.05,0.1042,0.25,,137,75,3,0,True,,0.41078400000000004,0.0018559512186503272,2.052435853830074,-0.004480547535916953,-0.2878174615594283,0.010918362199921186,0.04270323470635245,0.18890706505387972,0.24173279039999998,0.047956911326731626,True,True,False,False,False,0.04997621087120674,0.050684538762957324,0.001764284424786433,"{""0.0000"": 2, ""0.1250"": 1, ""0.2500"": 1}"
c3_w2_tcop_cm1_states_L0.4_kp0_1042_up0_2500_s137,cm1,stageB,0.05,0.1042,0.25,,137,100,4,1,True,,0.41475600000000007,0.001477736046410933,1.82126656801466,0.00422722999364417,0.5983042852784315,0.024326131307487408,0.038304182823144774,0.18709795593771283,0.24248106720000004,0.047656064294064396,True,True,False,False,True,0.04997621087120674,0.0509517955485113,0.001764284424786433,"{""0.0000"": 1, ""0.1250"": 2, ""0.2500"": 1}"
c3_w2_tcop_cm1_states_L0.4_kp0_1042_up0_2500_s137,cm1,stageB,0.05,0.1042,0.25,,137,125,5,2,True,,0.4189320000000001,0.0011396730443845849,1.8120234901596508,0.014835120728759272,1.5123579928385205,0.013414305793738352,0.039636888768936694,0.18523292518778,0.24315224799999993,0.0471993577922412,True,True,False,False,True,0.04997621087120674,0.05112560986915393,0.001764284424786433,"{""0.0000"": 1, ""0.1250"": 1, ""0.2500"": 2}"
c3_w2_tcop_cm1_states_L0.4_kp0_1042_up0_2500_s137,cm1,stageB,0.05,0.1042,0.25,,137,150,6,0,True,,0.410364,0.0015981988330523596,1.9672958514396137,0.010803429827467844,1.391101727998428,0.011001480271525975,0.04165982521673155,0.18422668610251705,0.2416731248,0.047928983965863495,True,True,False,False,True,0.04997621087120674,0.050684538762957324,0.001764284424786433,"{""0.0000"": 2, ""0.1250"": 1, ""0.2500"": 1}"
c3_w2_tcop_cm1_states_L0.4_kp0_1042_up0_2500_s137,cm1,stageB,0.05,0.1042,0.25,,137,175,7,1,True,,0.41435599999999995,0.0003383719878824847,0.6748843894395313,0.00369670692961207,0.39263546749270134,0.03133908649209016,0.03636754278710328,0.17472897659324588,0.24243802720000002,0.048610546839137694,True,True,False,False,True,0.04997621087120674,0.0509517955485113,0.001764284424786433,"{""0.0000"": 1, ""0.1250"": 2, ""0.2500"": 1}"
c3_w2_tcop_cm1_states_L0.4_kp0_1042_up0_2500_s137,cm1,stageB,0.05,0.1042,0.25,,137,200,8,2,True,,0.41833999999999993,0.0001771883306837402,0.5569535798470922,0.01511049132107203,1.5537874761660684,0.018454778454722803,0.04136856633745617,0.18645121148718447,0.24303214240000004,0.04767477739853643,True,True,False,False,True,0.04997621087120674,0.05112560986915393,0.001764284424786433,"{""0.0000"": 1, ""0.1250"": 1, ""0.2500"": 2}"
c3_w2_tcop_cm1_states_L0.4_kp0_1042_up0_2500_s137,cm1,stageB,0.05,0.1042,0.25,,137,225,9,0,True,,0.4106439999999999,0.00048535274471790647,0.9462676925985603,0.017696642366556138,1.9741654070149717,0.021273106501211454,0.041800369672478355,0.1899455484800811,0.2417208656,0.0480718760191445,True,True,False,False,True,0.04997621087120674,0.050684538762957324,0.001764284424786433,"{""0.0000"": 2, ""0.1250"": 1, ""0.2500"": 1}"
c3_w2_tcop_cm1_states_L0.4_kp0_1042_up0_2500_s137,cm1,stageB,0.05,0.1042,0.25,,137,250,10,1,True,,0.414436,-0.0006095292922544245,-0.1318888307411746,-0.008723483199592921,-0.9167173361451122,0.028253073769743734,0.036973357799304246,0.1775907494098226,0.2424440048,0.04795124507246918,True,True,False,False,True,0.04997621087120674,0.0509517955485113,0.001764284424786433,"{""0.0000"": 1, ""0.1250"": 2, ""0.2500"": 1}"
c3_w2_tcop_cm1_states_L0.4_kp0_1042_up0_2500_s137,cm1,stageB,0.05,0.1042,0.25,,137,275,11,2,True,,0.41903999999999997,0.0005419640531596761,0.9636054331451007,-0.011697491445120783,-0.9651686398739963,0.018431396360260307,0.04126869900372106,0.1756395566637086,0.2431464224,0.04808948325777685,True,True,False,False,True,0.04997621087120674,0.05112560986915393,0.001764284424786433,"{""0.0000"": 1, ""0.1250"": 1, ""0.2500"": 2}"
c3_w2_tcop_cm1_states_L0.4_kp0_1042_up0_2500_s137,cm1,stageB,0.05,0.1042,0.25,,137,300,12,0,False,EXITS_PRIMARY_BLOCK_SET,0.41060399999999997,0.0008897720447489099,1.4427235417250408,-0.0014151741510594466,-0.14161011504106163,0.010910872748169613,0.04280751999456444,0.17048055993005293,0.2416994064,0.047662093785313296,True,True,False,False,True,0.04997621087120674,0.050684538762957324,0.001764284424786433,"{""0.0000"": 2, ""0.1250"": 1, ""0.2500"": 1}"
c3_w2_tcop_cm1_states_L0.4_kp0_1042_up0_2500_s256,cm1,stageB,0.05,0.1042,0.25,,256,0,0,0,False,PRE_PRIMARY_PHASE_IMBALANCE,0.40883200000000003,-0.000590844337856332,-0.2468721108273093,0.014540148564045743,1.4048596916047371,0.07075339639389537,0.08792449149500221,0.8649029409026129,0.24039625599999997,0.04657119040780469,False,True,False,False,True,0.04997621087120674,0.050684538762957324,0.001764284424786433,"{""0.0000"": 2, ""0.1250"": 1, ""0.2500"": 1}"
c3_w2_tcop_cm1_states_L0.4_kp0_1042_up0_2500_s256,cm1,stageB,0.05,0.1042,0.25,,256,25,1,1,False,PRE_PRIMARY_PHASE_IMBALANCE,0.41620000000000007,-0.0002945833076869972,0.012707728173966188,0.011787132496877267,1.095591388888517,0.04042460939890069,0.03833779428902633,0.16914944697465295,0.24272295999999996,0.046320189982339235,True,True,False,False,True,0.04997621087120674,0.0509517955485113,0.001764284424786433,"{""0.0000"": 1, ""0.1250"": 2, ""0.2500"": 1}"
c3_w2_tcop_cm1_states_L0.4_kp0_1042_up0_2500_s256,cm1,stageB,0.05,0.1042,0.25,,256,50,2,2,False,PRE_PRIMARY_PHASE_IMBALANCE,0.41935599999999995,0.0007021144290873199,1.0848857851355032,0.024101497593703097,2.564201907831482,0.007250126458554844,0.039704621484960054,0.16787645778795002,0.24321931040000003,0.04621888427904767,True,True,False,False,False,0.04997621087120674,0.05112560986915393,0.001764284424786433,"{""0.0000"": 1, ""0.1250"": 1, ""0.2500"": 2}"
c3_w2_tcop_cm1_states_L0.4_kp0_1042_up0_2500_s256,cm1,stageB,0.05,0.1042,0.25,,256,75,3,0,True,,0.41019599999999995,8.69438940237153e-05,0.5487439630782562,0.0034558035983886827,0.36333566686578767,0.00030017921415909137,0.040462817929304236,0.17455070216542654,0.2416597584,0.04784727352733904,True,True,False,False,True,0.04997621087120674,0.050684538762957324,0.001764284424786433,"{""0.0000"": 2, ""0.1250"": 1, ""0.2500"": 1}"
c3_w2_tcop_cm1_states_L0.4_kp0_1042_up0_2500_s256,cm1,stageB,0.05,0.1042,0.25,,256,100,4,1,True,,0.413948,-0.00028877405990250114,-0.05132396900564976,-0.0020034893674572914,-0.39125817292680465,0.02585220878265521,0.03805908408055788,0.17296858500833778,0.24234684959999997,0.048469096298569464,True,True,False,False,True,0.04997621087120674,0.0509517955485113,0.001764284424786433,"{""0.0000"": 1, ""0.1250"": 2, ""0.2500"": 1}"
c3_w2_tcop_cm1_states_L0.4_kp0_1042_up0_2500_s256,cm1,stageB,0.05,0.1042,0.25,,256,125,5,2,True,,0.4186240000000001,-0.00018674257482069668,0.11533632951234901,-0.0063773059284514275,-0.5953425564410412,0.025480303664352773,0.041578981132585735,0.20065739135678462,0.24307497920000004,0.0481957116764552,True,True,False,False,True,0.04997621087120674,0.05112560986915393,0.001764284424786433,"{""0.0000"": 1, ""0.1250"": 1, ""0.2500"": 2}"
c3_w2_tcop_cm1_states_L0.4_kp0_1042_up0_2500_s256,cm1,stageB,0.05,0.1042,0.25,,256,150,6,0,True,,0.41135600000000005,-0.0008741203413247958,-0.4472773937270972,0.0017431436739617394,0.22537563097123955,0.018825286055420165,0.04377065891612543,0.20420268525510096,0.2418180496,0.04880042278505382,True,True,False,False,True,0.04997621087120674,0.050684538762957324,0.001764284424786433,"{""0.0000"": 2, ""0.1250"": 1, ""0.2500"": 1}"
c3_w2_tcop_cm1_states_L0.4_kp0_1042_up0_2500_s256,cm1,stageB,0.05,0.1042,0.25,,256,175,7,1,True,,0.415524,-3.4123541514679416e-05,0.2994556716089651,-0.001394685581883099,-0.018551340481371685,0.03709441891453181,0.03742074913653216,0.1771257492295854,0.2426220272,0.04838104405653107,True,True,False,False,True,0.04997621087120674,0.0509517955485113,0.001764284424786433,"{""0.0000"": 1, ""0.1250"": 2, ""0.2500"": 1}"
c3_w2_tcop_cm1_states_L0.4_kp0_1042_up0_2500_s256,cm1,stageB,0.05,0.1042,0.25,,256,200,8,2,True,,0.4196079999999999,0.00017626924811974995,0.5224796424580895,0.003257227153916217,0.32277448116648816,0.00960535318368425,0.0398341644085853,0.17540180317009735,0.24325774400000003,0.047716730147821323,True,True,False,False,True,0.04997621087120674,0.05112560986915393,0.001764284424786433,"{""0.0000"": 1, ""0.1250"": 1, ""0.2500"": 2}"
c3_w2_tcop_cm1_states_L0.4_kp0_1042_up0_2500_s256,cm1,stageB,0.05,0.1042,0.25,,256,225,9,0,True,,0.41084800000000016,-0.0014351654119027877,-0.9423973877149133,0.007418718143482495,0.7795999510541782,0.0047882348676009006,0.04215283784432114,0.17622088904845354,0.24175199359999996,0.0480816066287307,True,True,False,False,True,0.04997621087120674,0.050684538762957324,0.001764284424786433,"{""0.0000"": 2, ""0.1250"": 1, ""0.2500"": 1}"
c3_w2_tcop_cm1_states_L0.4_kp0_1042_up0_2500_s256,cm1,stageB,0.05,0.1042,0.25,,256,250,10,1,True,,0.41387599999999997,0.0004890235550754144,0.8817327074727258,-0.002352552896171086,-0.09380601867996119,0.041850341752984806,0.03798735683728084,0.17493162160905282,0.2423354736,0.048102147810674734,True,True,False,False,True,0.04997621087120674,0.0509517955485113,0.001764284424786433,"{""0.0000"": 1, ""0.1250"": 2, ""0.2500"": 1}"
c3_w2_tcop_cm1_states_L0.4_kp0_1042_up0_2500_s256,cm1,stageB,0.05,0.1042,0.25,,256,275,11,2,True,,0.41820799999999997,-0.0006713551875480516,-0.24258140926317615,0.00904342715984647,0.8916288569924901,0.009879708583858116,0.04227160613900316,0.1865100615327538,0.24299754560000003,0.04818701833481711,True,True,False,False,True,0.04997621087120674,0.05112560986915393,0.001764284424786433,"{""0.0000"": 1, ""0.1250"": 1, ""0.2500"": 2}"
c3_w2_tcop_cm1_states_L0.4_kp0_1042_up0_2500_s256,cm1,stageB,0.05,0.1042,0.25,,256,300,12,0,False,EXITS_PRIMARY_BLOCK_SET,0.40949199999999997,-0.0006594587620876688,-0.2905312167770219,0.011929910340981162,1.1485995033602932,0.01637177379452896,0.04257834257778329,0.19047991123030497,0.2415043056,0.04836136821885833,True,True,False,False,True,0.04997621087120674,0.050684538762957324,0.001764284424786433,"{""0.0000"": 2, ""0.1250"": 1, ""0.2500"": 1}"
c3_w2_tcop_cm1_states_L0.4_kp0_1042_up0_2500_s1024,cm1,stageB,0.05,0.1042,0.25,,1024,0,0,0,False,PRE_PRIMARY_PHASE_IMBALANCE,0.40676400000000007,-0.00030327180717732225,0.09201930724723924,0.011601856971261627,1.1837291420582903,0.05997413603951914,0.08602638809135585,0.8506160799613137,0.24008257760000004,0.047871999164438496,False,True,False,False,True,0.04997621087120674,0.050684538762957324,0.001764284424786433,"{""0.0000"": 2, ""0.1250"": 1, ""0.2500"": 1}"
c3_w2_tcop_cm1_states_L0.4_kp0_1042_up0_2500_s1024,cm1,stageB,0.05,0.1042,0.25,,1024,25,1,1,False,PRE_PRIMARY_PHASE_IMBALANCE,0.414456,0.0004115528887941478,0.778350496874118,0.006195651088355307,0.6046358658084166,0.02254785667695298,0.03542111249291766,0.16889609471476805,0.24246670720000002,0.04783036759214798,True,True,False,False,True,0.04997621087120674,0.0509517955485113,0.001764284424786433,"{""0.0000"": 1, ""0.1250"": 2, ""0.2500"": 1}"
c3_w2_tcop_cm1_states_L0.4_kp0_1042_up0_2500_s1024,cm1,stageB,0.05,0.1042,0.25,,1024,50,2,2,False,PRE_PRIMARY_PHASE_IMBALANCE,0.41929199999999994,2.866910917408966e-05,0.461699747540694,0.002069890799068507,0.05541660328506609,0.023854593410239135,0.03987967826338575,0.17362601677679032,0.2432066192,0.04799852847744398,True,True,False,False,True,0.04997621087120674,0.05112560986915393,0.001764284424786433,"{""0.0000"": 1, ""0.1250"": 1, ""0.2500"": 2}"
c3_w2_tcop_cm1_states_L0.4_kp0_1042_up0_2500_s1024,cm1,stageB,0.05,0.1042,0.25,,1024,75,3,0,True,,0.4123879999999999,-0.0007423469556648087,-0.29615769717337864,-0.00021038556309278277,-0.05790892725110644,0.027893998581766475,0.04182395481881386,0.19108218427528884,0.24202665439999996,0.04789172638358321,True,True,False,False,True,0.04997621087120674,0.050684538762957324,0.001764284424786433,"{""0.0000"": 2, ""0.1250"": 1, ""0.2500"": 1}"
c3_w2_tcop_cm1_states_L0.4_kp0_1042_up0_2500_s1024,cm1,stageB,0.05,0.1042,0.25,,1024,100,4,1,True,,0.4157880000000001,-0.0008622187959027586,-0.426869914481174,-0.0022677068338688875,-0.23886863029452748,0.04351787299639307,0.036009817175393914,0.18951965860121095,0.2426841648,0.04834851658531004,True,True,False,False,True,0.04997621087120674,0.0509517955485113,0.001764284424786433,"{""0.0000"": 1, ""0.1250"": 2, ""0.2500"": 1}"
c3_w2_tcop_cm1_states_L0.4_kp0_1042_up0_2500_s1024,cm1,stageB,0.05,0.1042,0.25,,1024,125,5,2,True,,0.41881599999999997,-0.0011697204437815065,-0.7701985161313737,0.013342160427738895,1.3250899493860377,0.008707701433951191,0.04015124717356854,0.18910452277586212,0.24312638079999996,0.04811525895181278,True,True,False,False,True,0.04997621087120674,0.05112560986915393,0.001764284424786433,"{""0.0000"": 1, ""0.1250"": 1, ""0.2500"": 2}"
c3_w2_tcop_cm1_states_L0.4_kp0_1042_up0_2500_s1024,cm1,stageB,0.05,0.1042,0.25,,1024,150,6,0,True,,0.41036,-0.0011911727933458687,-0.7174786259515227,0.024006119001176576,2.513048658758616,0.00028894594233497213,0.03976386531027378,0.19300126670971518,0.24169840960000002,0.04862952189771148,True,True,False,False,False,0.04997621087120674,0.050684538762957324,0.001764284424786433,"{""0.0000"": 2, ""0.1250"": 1, ""0.2500"": 1}"
c3_w2_tcop_cm1_states_L0.4_kp0_1042_up0_2500_s1024,cm1,stageB,0.05,0.1042,0.25,,1024,175,7,1,True,,0.41302800000000006,-0.00043341383407332414,0.0059768363269125276,0.009174513891289251,0.9557317032619843,0.020772581871021007,0.0365146319365122,0.1568900893961423,0.24220841759999995,0.048286553159238854,True,True,False,False,True,0.04997621087120674,0.0509517955485113,0.001764284424786433,"{""0.0000"": 1, ""0.1250"": 2, ""0.2500"": 1}"
c3_w2_tcop_cm1_states_L0.4_kp0_1042_up0_2500_s1024,cm1,stageB,0.05,0.1042,0.25,,1024,200,8,2,True,,0.41815599999999997,-0.0005222445173374315,-0.1699973715662132,0.00840421178622594,0.6974156649967296,0.020374338631568015,0.03988102124442286,0.1597489928166784,0.24302345439999995,0.048733557883659594,True,True,False,False,True,0.04997621087120674,0.05112560986915393,0.001764284424786433,"{""0.0000"": 1, ""0.1250"": 1, ""0.2500"": 2}"
c3_w2_tcop_cm1_states_L0.4_kp0_1042_up0_2500_s1024,cm1,stageB,0.05,0.1042,0.25,,1024,225,9,0,True,,0.41029200000000005,-0.0005777864179086965,-0.21214956161567697,0.0005891505927109828,0.2123303553154899,0.00800817115822051,0.041724296998342014,0.1774346071153358,0.2416594096,0.04900321148659545,True,True,False,False,True,0.04997621087120674,0.050684538762957324,0.001764284424786433,"{""0.0000"": 2, ""0.1250"": 1, ""0.2500"": 1}"
c3_w2_tcop_cm1_states_L0.4_kp0_1042_up0_2500_s1024,cm1,stageB,0.05,0.1042,0.25,,1024,250,10,1,True,,0.41451600000000005,-0.00035463663344398685,0.07888162662156428,-0.0025420795822330244,-0.39638210058532686,0.02694824088999327,0.03771440814136772,0.17562651339001015,0.24244808799999998,0.04912316911600879,True,True,False,False,True,0.04997621087120674,0.0509517955485113,0.001764284424786433,"{""0.0000"": 1, ""0.1250"": 2, ""0.2500"": 1}"
c3_w2_tcop_cm1_states_L0.4_kp0_1042_up0_2500_s1024,cm1,stageB,0.05,0.1042,0.25,,1024,275,11,2,True,,0.41978000000000004,-0.0007589938139031441,-0.3036239590546227,0.002969673849887603,0.21666206638659502,0.024642227849828887,0.043261044122419656,0.17914145462113135,0.24323496160000002,0.048798274559660404,True,True,False,False,True,0.04997621087120674,0.05112560986915393,0.001764284424786433,"{""0.0000"": 1, ""0.1250"": 1, ""0.2500"": 2}"
c3_w2_tcop_cm1_states_L0.4_kp0_1042_up0_2500_s1024,cm1,stageB,0.05,0.1042,0.25,,1024,300,12,0,False,EXITS_PRIMARY_BLOCK_SET,0.41137599999999996,-0.0006832668971035241,-0.2444427437690596,0.010264803968975675,1.176749673939607,0.01872343116346166,0.0462148653907407,0.1847458281845664,0.2417843424,0.04899088307022032,True,True,False,False,True,0.04997621087120674,0.050684538762957324,0.001764284424786433,"{""0.0000"": 2, ""0.1250"": 1, ""0.2500"": 1}"
c3_w2_tcop_cm1_states_L0.4_kp0_1042_up0_2500_s31415,cm1,stageB,0.05,0.1042,0.25,,31415,0,0,0,False,PRE_PRIMARY_PHASE_IMBALANCE,0.4051200000000001,-0.0011510131530183918,-0.6493034517400443,0.017594242525568474,1.6742019417922462,0.07482027805166747,0.08940886551988367,0.8807266960882534,0.23968580160000003,0.04762463228204497,False,True,False,False,True,0.04997621087120674,0.050684538762957324,0.001764284424786433,"{""0.0000"": 2, ""0.1250"": 1, ""0.2500"": 1}"
c3_w2_tcop_cm1_states_L0.4_kp0_1042_up0_2500_s31415,cm1,stageB,0.05,0.1042,0.25,,31415,25,1,1,False,PRE_PRIMARY_PHASE_IMBALANCE,0.413576,-0.00028495670621585,0.06871408009769066,0.011194158320582,1.2219646149776777,0.026451762082293034,0.03941322188893472,0.1847302546938645,0.2422651904,0.048010126265195345,True,True,False,False,True,0.04997621087120674,0.0509517955485113,0.001764284424786433,"{""0.0000"": 1, ""0.1250"": 2, ""0.2500"": 1}"
c3_w2_tcop_cm1_states_L0.4_kp0_1042_up0_2500_s31415,cm1,stageB,0.05,0.1042,0.25,,31415,50,2,2,False,PRE_PRIMARY_PHASE_IMBALANCE,0.417892,1.2667425263394243e-05,0.41960397373758074,-0.0031816106889184332,-0.32151694477275194,0.008697662218107733,0.041996949012696544,0.18282235557794266,0.24295026720000001,0.04758315180817681,True,True,False,False,True,0.04997621087120674,0.05112560986915393,0.001764284424786433,"{""0.0000"": 1, ""0.1250"": 1, ""0.2500"": 2}"
c3_w2_tcop_cm1_states_L0.4_kp0_1042_up0_2500_s31415,cm1,stageB,0.05,0.1042,0.25,,31415,75,3,0,True,,0.40914000000000006,0.00022199651221308992,0.599509666154764,-0.004193239979507284,-0.3532199536645747,0.016205169384799344,0.042963783467705116,0.18575548666530897,0.2414354672,0.04824376021829144,True,True,False,False,True,0.04997621087120674,0.050684538762957324,0.001764284424786433,"{""0.0000"": 2, ""0.1250"": 1, ""0.2500"": 1}"
c3_w2_tcop_cm1_states_L0.4_kp0_1042_up0_2500_s31415,cm1,stageB,0.05,0.1042,0.25,,31415,100,4,1,True,,0.41345200000000004,-0.0003666610136316242,0.0894087912089202,-0.00012915404583565426,-0.018891870603778484,0.026558967085053464,0.03934705592633837,0.1838181936867685,0.242244792,0.047082520068492506,True,True,False,False,True,0.04997621087120674,0.0509517955485113,0.001764284424786433,"{""0.0000"": 1, ""0.1250"": 2, ""0.2500"": 1}"
c3_w2_tcop_cm1_states_L0.4_kp0_1042_up0_2500_s31415,cm1,stageB,0.05,0.1042,0.25,,31415,125,5,2,True,,0.4179280000000001,0.00037968137869973307,0.8770178344796148,0.0071860734775019185,0.7580474130808513,0.021275073992743563,0.04336285170554097,0.18184950474280376,0.24293575999999995,0.04700411488369928,True,True,False,False,True,0.04997621087120674,0.05112560986915393,0.001764284424786433,"{""0.0000"": 1, ""0.1250"": 1, ""0.2500"": 2}"
c3_w2_tcop_cm1_states_L0.4_kp0_1042_up0_2500_s31415,cm1,stageB,0.05,0.1042,0.25,,31415,150,6,0,True,,0.409416,-0.00035114130542765785,0.11711688510862153,-0.004010774981553683,-0.4799220430465981,0.008014166776083059,0.04578592088441904,0.18758426591148297,0.2414431456,0.04721502879380675,True,True,False,False,True,0.04997621087120674,0.050684538762957324,0.001764284424786433,"{""0.0000"": 2, ""0.1250"": 1, ""0.2500"": 1}"
c3_w2_tcop_cm1_states_L0.4_kp0_1042_up0_2500_s31415,cm1,stageB,0.05,0.1042,0.25,,31415,175,7,1,True,,0.413988,-0.0005663045340614781,-0.11787239982605716,0.00243357704442392,0.2726628645232888,0.027724735362021257,0.04086228712702522,0.18551262310619474,0.24231576800000001,0.048506245536013196,True,True,False,False,True,0.04997621087120674,0.0509517955485113,0.001764284424786433,"{""0.0000"": 1, ""0.1250"": 2, ""0.2500"": 1}"
c3_w2_tcop_cm1_states_L0.4_kp0_1042_up0_2500_s31415,cm1,stageB,0.05,0.1042,0.25,,31415,200,8,2,True,,0.4178879999999999,0.0007709414041203743,1.1036471285148801,-0.0050065544397103956,-0.5229369464991425,0.013194519512270535,0.04330710781565414,0.18378129981291325,0.24293009919999997,0.0475934812343035,True,True,False,False,True,0.04997621087120674,0.05112560986915393,0.001764284424786433,"{""0.0000"": 1, ""0.1250"": 1, ""0.2500"": 2}"
c3_w2_tcop_cm1_states_L0.4_kp0_1042_up0_2500_s31415,cm1,stageB,0.05,0.1042,0.25,,31415,225,9,0,True,,0.40965199999999996,-0.0006533193757828869,-0.24822531749793728,-0.000509024200348399,0.009791415515554151,0.020405895519092204,0.04348971190396061,0.1864997603172942,0.2415198416,0.04776022294755333,True,True,False,False,True,0.04997621087120674,0.050684538762957324,0.001764284424786433,"{""0.0000"": 2, ""0.1250"": 1, ""0.2500"": 1}"
c3_w2_tcop_cm1_states_L0.4_kp0_1042_up0_2500_s31415,cm1,stageB,0.05,0.1042,0.25,,31415,250,10,1,True,,0.414672,-0.0012768026313211703,-0.8379377472258954,0.009073955785044044,1.0239416331365798,0.028987734911488223,0.03819250240720807,0.1842420028739774,0.2424683104,0.048167337646998924,True,True,False,False,True,0.04997621087120674,0.0509517955485113,0.001764284424786433,"{""0.0000"": 1, ""0.1250"": 2, ""0.2500"": 1}"
c3_w2_tcop_cm1_states_L0.4_kp0_1042_up0_2500_s31415,cm1,stageB,0.05,0.1042,0.25,,31415,275,11,2,True,,0.41839600000000005,-0.0014225085669889478,-0.9711135929165905,0.003630737312938946,0.42731907338788677,0.01770882348871453,0.04092230417236536,0.1826021276909861,0.24304763359999998,0.04777559192725926,True,True,False,False,True,0.04997621087120674,0.05112560986915393,0.001764284424786433,"{""0.0000"": 1, ""0.1250"": 1, ""0.2500"": 2}"
c3_w2_tcop_cm1_states_L0.4_kp0_1042_up0_2500_s31415,cm1,stageB,0.05,0.1042,0.25,,31415,300,12,0,False,EXITS_PRIMARY_BLOCK_SET,0.41154,-0.002169001815377625,-1.7518204277891505,0.0074948500647345154,0.802974814597221,0.021174299912442032,0.04044035631800136,0.18467220638413714,0.24189784480000004,0.04849812779891611,True,True,False,False,True,0.04997621087120674,0.050684538762957324,0.001764284424786433,"{""0.0000"": 2, ""0.1250"": 1, ""0.2500"": 1}"
c3_w2_tcop_cm1_states_L0.4_kp0_1042_up0_5000_s42,cm1,stageB,0.05,0.1042,0.5,,42,0,0,0,False,PRE_PRIMARY_PHASE_IMBALANCE,0.4185200000000001,-0.0007545125747395713,-0.37563174250036435,-0.004314523882157665,-0.39687502239825967,0.08102157802272283,0.1037121361492983,0.9156073761932344,0.2414769632,0.048527616879463595,False,True,False,False,True,0.04997621087120674,0.050907504411069504,0.001960889734664628,"{""0.0000"": 2, ""0.2500"": 1, ""0.5000"": 1}"
c3_w2_tcop_cm1_states_L0.4_kp0_1042_up0_5000_s42,cm1,stageB,0.05,0.1042,0.5,,42,25,1,1,False,PRE_PRIMARY_PHASE_IMBALANCE,0.43065200000000003,-0.0002757651916626736,0.18288021691519324,-0.004100264598792947,-0.48253979691804466,0.05157440580917322,0.05844255378348473,0.247996061209524,0.24455740639999998,0.047097504137692904,True,True,False,False,True,0.04997621087120674,0.05134857551726611,0.001960889734664628,"{""0.0000"": 1, ""0.2500"": 2, ""0.5000"": 1}"
c3_w2_tcop_cm1_states_L0.4_kp0_1042_up0_5000_s42,cm1,stageB,0.05,0.1042,0.5,,42,50,2,2,False,PRE_PRIMARY_PHASE_IMBALANCE,0.43980400000000003,0.0004693547660763424,0.8166542689136798,0.0007845060138814066,0.13080516410751294,0.04051064027079479,0.0677324238044038,0.2592063731589381,0.2454890576,0.046845294149999744,False,True,False,False,True,0.04997621087120674,0.05139772684473566,0.001960889734664628,"{""0.0000"": 1, ""0.2500"": 1, ""0.5000"": 2}"
c3_w2_tcop_cm1_states_L0.4_kp0_1042_up0_5000_s42,cm1,stageB,0.05,0.1042,0.5,,42,75,3,0,True,,0.42406,0.0002565352821289902,0.6716896037890678,-0.0037916226159362253,-0.2848854190239429,0.022267566514550273,0.0744534169574193,0.27448945839152605,0.24323628000000003,0.04796620060000583,False,True,False,False,True,0.04997621087120674,0.050907504411069504,0.001960889734664628,"{""0.0000"": 2, ""0.2500"": 1, ""0.5000"": 1}"
c3_w2_tcop_cm1_states_L0.4_kp0_1042_up0_5000_s42,cm1,stageB,0.05,0.1042,0.5,,42,100,4,1,True,,0.43183600000000005,0.00012208733328830754,0.413678684659783,-0.003587066089869346,-0.4034863485576935,0.05897550624705257,0.06496318065327482,0.2695467717616253,0.2445666736,0.04716894215476959,False,True,False,False,True,0.04997621087120674,0.05134857551726611,0.001960889734664628,"{""0.0000"": 1, ""0.2500"": 2, ""0.5000"": 1}"
c3_w2_tcop_cm1_states_L0.4_kp0_1042_up0_5000_s42,cm1,stageB,0.05,0.1042,0.5,,42,125,5,2,True,,0.439964,-0.0010079897260035229,-0.6090839104696036,0.000744369063139115,0.023835996773006025,0.021236770099819984,0.07072383843332347,0.2645671003432847,0.2454274768,0.046632592722258115,False,True,False,False,True,0.04997621087120674,0.05139772684473566,0.001960889734664628,"{""0.0000"": 1, ""0.2500"": 1, ""0.5000"": 2}"
c3_w2_tcop_cm1_states_L0.4_kp0_1042_up0_5000_s42,cm1,stageB,0.05,0.1042,0.5,,42,150,6,0,True,,0.42346799999999996,-0.0007822851756018683,-0.3989687083063781,0.011244490683703118,1.2256933946873942,0.03228127503475972,0.07263186792863933,0.2559815611664127,0.2431968432,0.04719250974466181,False,True,False,False,True,0.04997621087120674,0.050907504411069504,0.001960889734664628,"{""0.0000"": 2, ""0.2500"": 1, ""0.5000"": 1}"
c3_w2_tcop_cm1_states_L0.4_kp0_1042_up0_5000_s42,cm1,stageB,0.05,0.1042,0.5,,42,175,7,1,True,,0.4315,-0.0008071425407910483,-0.4878379637347087,0.018856619044425073,1.9748433338538185,0.05540465968868233,0.061199811141207025,0.23916570048860789,0.2446103824,0.04729006238101194,True,True,False,False,True,0.04997621087120674,0.05134857551726611,0.001960889734664628,"{""0.0000"": 1, ""0.2500"": 2, ""0.5000"": 1}"
c3_w2_tcop_cm1_states_L0.4_kp0_1042_up0_5000_s42,cm1,stageB,0.05,0.1042,0.5,,42,200,8,2,True,,0.43946399999999997,-0.0009341624357598036,-0.3864100118091402,0.019774886540795303,1.964779707530349,0.025057390723838217,0.0669391352318715,0.23483152150157577,0.24547001280000003,0.04644257426112382,True,True,False,False,True,0.04997621087120674,0.05139772684473566,0.001960889734664628,"{""0.0000"": 1, ""0.2500"": 1, ""0.5000"": 2}"
c3_w2_tcop_cm1_states_L0.4_kp0_1042_up0_5000_s42,cm1,stageB,0.05,0.1042,0.5,,42,225,9,0,True,,0.42424000000000006,-0.000401321144547105,0.01720334730159654,0.023532797092897913,2.479671911413366,0.03144685571837455,0.06931674968783429,0.23760135716198053,0.24339565440000002,0.047498446290378804,True,True,False,False,False,0.04997621087120674,0.050907504411069504,0.001960889734664628,"{""0.0000"": 2, ""0.2500"": 1, ""0.5000"": 1}"
c3_w2_tcop_cm1_states_L0.4_kp0_1042_up0_5000_s42,cm1,stageB,0.05,0.1042,0.5,,42,250,10,1,True,,0.4319279999999999,-0.0020452519493982056,-1.7912262942470782,0.002883171135569357,0.27456429235146856,0.049682136515597705,0.05892860301859167,0.22874182681201077,0.24471835200000006,0.04785522767681709,True,True,False,False,True,0.04997621087120674,0.05134857551726611,0.001960889734664628,"{""0.0000"": 1, ""0.2500"": 2, ""0.5000"": 1}"
c3_w2_tcop_cm1_states_L0.4_kp0_1042_up0_5000_s42,cm1,stageB,0.05,0.1042,0.5,,42,275,11,2,True,,0.44028399999999995,-0.0022420276886437386,-1.93730743747888,-0.00831044182984074,-0.8346144767880572,0.0261059438381459,0.06550894527304171,0.22440061363937683,0.24560210719999997,0.04626834062293568,True,True,False,False,True,0.04997621087120674,0.05139772684473566,0.001960889734664628,"{""0.0000"": 1, ""0.2500"": 1, ""0.5000"": 2}"
c3_w2_tcop_cm1_states_L0.4_kp0_1042_up0_5000_s42,cm1,stageB,0.05,0.1042,0.5,,42,300,12,0,False,EXITS_PRIMARY_BLOCK_SET,0.42471600000000004,-0.0028965340615302354,-2.7244016665558304,0.0007851153358470944,0.04379579932360652,0.01991609887235406,0.07028525808159519,0.2392186773297482,0.24344122080000002,0.04706802889435673,True,True,False,False,False,0.04997621087120674,0.050907504411069504,0.001960889734664628,"{""0.0000"": 2, ""0.2500"": 1, ""0.5000"": 1}"
c3_w2_tcop_cm1_states_L0.4_kp0_1042_up0_5000_s137,cm1,stageB,0.05,0.1042,0.5,,137,0,0,0,False,PRE_PRIMARY_PHASE_IMBALANCE,0.42045599999999994,-0.0005307301925661075,-0.08895987642886097,-0.0012662649631880701,-0.20604407549832526,0.07217457843695357,0.10185912835206161,0.9170995278528561,0.241838576,0.04717406134731247,False,True,False,False,True,0.04997621087120674,0.050907504411069504,0.001960889734664628,"{""0.0000"": 2, ""0.2500"": 1, ""0.5000"": 1}"
c3_w2_tcop_cm1_states_L0.4_kp0_1042_up0_5000_s137,cm1,stageB,0.05,0.1042,0.5,,137,25,1,1,False,PRE_PRIMARY_PHASE_IMBALANCE,0.431216,-0.0006135599488574146,-0.12248249497951018,-0.005526376947138573,-0.5045204369045398,0.05221218929941218,0.059245404260587796,0.2560201841860687,0.24461608320000003,0.04659572237877636,False,True,False,False,True,0.04997621087120674,0.05134857551726611,0.001960889734664628,"{""0.0000"": 1, ""0.2500"": 2, ""0.5000"": 1}"
c3_w2_tcop_cm1_states_L0.4_kp0_1042_up0_5000_s137,cm1,stageB,0.05,0.1042,0.5,,137,50,2,2,False,PRE_PRIMARY_PHASE_IMBALANCE,0.4391559999999999,0.00044170767687886004,0.8063489043871674,-0.009587327631402796,-0.8950630606297206,0.023946323386712733,0.06502553161772143,0.2513913045674173,0.24548254239999998,0.04670382922202418,False,True,False,False,True,0.04997621087120674,0.05139772684473566,0.001960889734664628,"{""0.0000"": 1, ""0.2500"": 1, ""0.5000"": 2}"
c3_w2_tcop_cm1_states_L0.4_kp0_1042_up0_5000_s137,cm1,stageB,0.05,0.1042,0.5,,137,75,3,0,True,,0.423332,0.0015043830124898234,1.7478723115069916,-0.0005253865161003239,0.09453183365858071,0.02086230936346537,0.06880916728096034,0.26362287692963715,0.24327351199999994,0.04683052184206365,False,True,False,False,True,0.04997621087120674,0.050907504411069504,0.001960889734664628,"{""0.0000"": 2, ""0.2500"": 1, ""0.5000"": 1}"
c3_w2_tcop_cm1_states_L0.4_kp0_1042_up0_5000_s137,cm1,stageB,0.05,0.1042,0.5,,137,100,4,1,True,,0.431104,0.0013143345951786927,1.7046786194690733,0.0032967623132071837,0.5043364309712687,0.050160152478479283,0.05928086959413417,0.2588702488056937,0.2446002208,0.046050202866002664,False,True,False,False,True,0.04997621087120674,0.05134857551726611,0.001960889734664628,"{""0.0000"": 1, ""0.2500"": 2, ""0.5000"": 1}"
c3_w2_tcop_cm1_states_L0.4_kp0_1042_up0_5000_s137,cm1,stageB,0.05,0.1042,0.5,,137,125,5,2,True,,0.43907200000000013,0.0012431788463029782,1.8112488752448528,0.011628810142082766,1.2117572869565667,0.03190429085930876,0.06514672950016691,0.2541724358324547,0.24546958400000002,0.045295682090018254,False,True,False,False,True,0.04997621087120674,0.05139772684473566,0.001960889734664628,"{""0.0000"": 1, ""0.2500"": 1, ""0.5000"": 2}"
c3_w2_tcop_cm1_states_L0.4_kp0_1042_up0_5000_s137,cm1,stageB,0.05,0.1042,0.5,,137,150,6,0,True,,0.42321999999999993,0.0018511683213609756,2.2440127236127987,0.01507705753781812,1.8339107500708076,0.024451006074926618,0.07062774802842915,0.25613156217538974,0.24321135519999998,0.047152429417793525,False,True,False,False,False,0.04997621087120674,0.050907504411069504,0.001960889734664628,"{""0.0000"": 2, ""0.2500"": 1, ""0.5000"": 1}"
c3_w2_tcop_cm1_states_L0.4_kp0_1042_up0_5000_s137,cm1,stageB,0.05,0.1042,0.5,,137,175,7,1,True,,0.431064,0.0006553271702260051,0.9533403590379531,0.011449359771544317,1.257052141604585,0.056209618381701826,0.060183703538332134,0.24404728707559126,0.24457478719999998,0.04784378647222646,True,True,False,False,True,0.04997621087120674,0.05134857551726611,0.001960889734664628,"{""0.0000"": 1, ""0.2500"": 2, ""0.5000"": 1}"
c3_w2_tcop_cm1_states_L0.4_kp0_1042_up0_5000_s137,cm1,stageB,0.05,0.1042,0.5,,137,200,8,2,True,,0.438796,0.0006383392466079316,1.0610008045624315,0.01926328122855273,1.9736141987207299,0.02817900905083286,0.06751844899360411,0.2552438940755068,0.24537632159999997,0.04607852410830885,False,True,False,False,True,0.04997621087120674,0.05139772684473566,0.001960889734664628,"{""0.0000"": 1, ""0.2500"": 1, ""0.5000"": 2}"
c3_w2_tcop_cm1_states_L0.4_kp0_1042_up0_5000_s137,cm1,stageB,0.05,0.1042,0.5,,137,225,9,0,True,,0.42333999999999994,0.0009228166729533339,1.4345619269565586,0.014865188636729816,1.6408896137757127,0.03168437023302398,0.07008625469214182,0.26456276216619556,0.24324291680000001,0.04692637211632709,False,True,False,False,True,0.04997621087120674,0.050907504411069504,0.001960889734664628,"{""0.0000"": 2, ""0.2500"": 1, ""0.5000"": 1}"
c3_w2_tcop_cm1_states_L0.4_kp0_1042_up0_5000_s137,cm1,stageB,0.05,0.1042,0.5,,137,250,10,1,True,,0.43107999999999996,-0.0005115054110094455,-0.06480884315713371,-0.013751692786357145,-1.4490687543191005,0.052641804839674,0.05943507551352762,0.2496056410652185,0.24459358399999995,0.046991420493532644,True,True,False,False,True,0.04997621087120674,0.05134857551726611,0.001960889734664628,"{""0.0000"": 1, ""0.2500"": 2, ""0.5000"": 1}"
c3_w2_tcop_cm1_states_L0.4_kp0_1042_up0_5000_s137,cm1,stageB,0.05,0.1042,0.5,,137,275,11,2,True,,0.43950799999999984,0.0009304635352040839,1.3471742674609455,-0.02039092526757554,-1.825008597985678,0.030973181978841156,0.06692941855646053,0.24481920637435692,0.24547541599999995,0.04663258448767343,True,True,False,False,True,0.04997621087120674,0.05139772684473566,0.001960889734664628,"{""0.0000"": 1, ""0.2500"": 1, ""0.5000"": 2}"
c3_w2_tcop_cm1_states_L0.4_kp0_1042_up0_5000_s137,cm1,stageB,0.05,0.1042,0.5,,137,300,12,0,False,EXITS_PRIMARY_BLOCK_SET,0.42349600000000004,0.0009078696289977722,1.5620792639058136,-0.0026007588937750985,-0.3066043850122871,0.0214601054211198,0.07128829874978243,0.2455749281089434,0.2432356832,0.04661778613362072,True,True,False,False,True,0.04997621087120674,0.050907504411069504,0.001960889734664628,"{""0.0000"": 2, ""0.2500"": 1, ""0.5000"": 1}"
c3_w2_tcop_cm1_states_L0.4_kp0_1042_up0_5000_s256,cm1,stageB,0.05,0.1042,0.5,,256,0,0,0,False,PRE_PRIMARY_PHASE_IMBALANCE,0.42133200000000004,-0.0008229686445141786,-0.43749124961849534,0.010920329675938327,1.0200549636710916,0.08585347705817424,0.10489547599755893,0.9151927674252303,0.24185807520000002,0.046424409269262654,False,True,False,False,True,0.04997621087120674,0.050907504411069504,0.001960889734664628,"{""0.0000"": 2, ""0.2500"": 1, ""0.5000"": 1}"
c3_w2_tcop_cm1_states_L0.4_kp0_1042_up0_5000_s256,cm1,stageB,0.05,0.1042,0.5,,256,25,1,1,False,PRE_PRIMARY_PHASE_IMBALANCE,0.4328000000000001,-0.0006456126278637066,-0.33163212356399435,0.014087528604118996,1.2202828220131299,0.06614857403914623,0.059809456051522845,0.23659889039602836,0.2448140992,0.0457995633166955,True,True,False,False,True,0.04997621087120674,0.05134857551726611,0.001960889734664628,"{""0.0000"": 1, ""0.2500"": 2, ""0.5000"": 1}"
c3_w2_tcop_cm1_states_L0.4_kp0_1042_up0_5000_s256,cm1,stageB,0.05,0.1042,0.5,,256,50,2,2,False,PRE_PRIMARY_PHASE_IMBALANCE,0.43983199999999995,0.0003773844209233959,0.771723843007331,0.023409581410595914,2.4996395803930453,0.0074719634619402325,0.06510652132973065,0.23281616564320884,0.24555979520000001,0.045159846943939035,True,True,False,False,False,0.04997621087120674,0.05139772684473566,0.001960889734664628,"{""0.0000"": 1, ""0.2500"": 1, ""0.5000"": 2}"
c3_w2_tcop_cm1_states_L0.4_kp0_1042_up0_5000_s256,cm1,stageB,0.05,0.1042,0.5,,256,75,3,0,True,,0.423032,-3.2791619515705715e-05,0.4298012588079166,0.004153063457233237,0.44086943450175975,0.011056155798414364,0.06817328917801058,0.25529983486993924,0.2432442112,0.047262744059142395,False,True,False,False,True,0.04997621087120674,0.050907504411069504,0.001960889734664628,"{""0.0000"": 2, ""0.2500"": 1, ""0.5000"": 1}"
c3_w2_tcop_cm1_states_L0.4_kp0_1042_up0_5000_s256,cm1,stageB,0.05,0.1042,0.5,,256,100,4,1,True,,0.430776,-0.00028567489425565735,-0.06109545778229957,-0.004547978865577954,-0.6104228260804215,0.04936701804022085,0.05980047604988886,0.2507103453982804,0.2445444288,0.0472698405328387,False,True,False,False,True,0.04997621087120674,0.05134857551726611,0.001960889734664628,"{""0.0000"": 1, ""0.2500"": 2, ""0.5000"": 1}"
c3_w2_tcop_cm1_states_L0.4_kp0_1042_up0_5000_s256,cm1,stageB,0.05,0.1042,0.5,,256,125,5,2,True,,0.4393559999999999,-0.000562124899634847,-0.2572010418609022,-0.010207798926602415,-0.9748887318988203,0.03732763402496733,0.06684850584634351,0.2640227964019547,0.2454596912,0.04682846638530884,False,True,False,False,True,0.04997621087120674,0.05139772684473566,0.001960889734664628,"{""0.0000"": 1, ""0.2500"": 1, ""0.5000"": 2}"
c3_w2_tcop_cm1_states_L0.4_kp0_1042_up0_5000_s256,cm1,stageB,0.05,0.1042,0.5,,256,150,6,0,True,,0.424288,-0.0012159757705117473,-0.7895216998797535,0.0019770428253654544,0.28262773100399424,0.029880806850299257,0.07151337088088813,0.2733991998986556,0.24334704000000001,0.04825197463316916,False,True,False,False,True,0.04997621087120674,0.050907504411069504,0.001960889734664628,"{""0.0000"": 2, ""0.2500"": 1, ""0.5000"": 1}"
c3_w2_tcop_cm1_states_L0.4_kp0_1042_up0_5000_s256,cm1,stageB,0.05,0.1042,0.5,,256,175,7,1,True,,0.43233999999999995,-0.0010856899188095577,-0.6644832097903668,0.002517178729839729,0.36642212140212876,0.0638589092201253,0.05961438727367998,0.2442522083447004,0.2447578416,0.0473954048405539,True,True,False,False,True,0.04997621087120674,0.05134857551726611,0.001960889734664628,"{""0.0000"": 1, ""0.2500"": 2, ""0.5000"": 1}"
c3_w2_tcop_cm1_states_L0.4_kp0_1042_up0_5000_s256,cm1,stageB,0.05,0.1042,0.5,,256,200,8,2,True,,0.4401839999999999,-0.0012999595787935936,-0.7724972510038592,0.00646768719127383,0.6258180094892815,0.02451583683959186,0.06650502650611725,0.24807807587718295,0.24556505280000004,0.046235550650987174,True,True,False,False,True,0.04997621087120674,0.05139772684473566,0.001960889734664628,"{""0.0000"": 1, ""0.2500"": 1, ""0.5000"": 2}"
c3_w2_tcop_cm1_states_L0.4_kp0_1042_up0_5000_s256,cm1,stageB,0.05,0.1042,0.5,,256,225,9,0,True,,0.4237320000000001,-0.0024535367189705928,-1.9145711235678362,0.009779777024821672,0.9934753710219224,0.01881584885945124,0.07105627811061432,0.27092596199738034,0.24327665120000003,0.04721559250925482,False,True,False,False,True,0.04997621087120674,0.050907504411069504,0.001960889734664628,"{""0.0000"": 2, ""0.2500"": 1, ""0.5000"": 1}"
c3_w2_tcop_cm1_states_L0.4_kp0_1042_up0_5000_s256,cm1,stageB,0.05,0.1042,0.5,,256,250,10,1,True,,0.4309120000000001,-0.0003699609527533705,-0.008539320318042127,-0.00404319342853034,-0.2876879073195899,0.06271308833247881,0.06120786904288375,0.2664117029314297,0.24453119680000002,0.046974549023912945,False,True,False,False,True,0.04997621087120674,0.05134857551726611,0.001960889734664628,"{""0.0000"": 1, ""0.2500"": 2, ""0.5000"": 1}"
c3_w2_tcop_cm1_states_L0.4_kp0_1042_up0_5000_s256,cm1,stageB,0.05,0.1042,0.5,,256,275,11,2,True,,0.43921600000000005,-0.000580360133776637,-0.14537660401211852,0.008514564730792085,0.8029206446880129,0.02487699130356476,0.06866465781124269,0.2613748127086106,0.24539576319999998,0.04673270101331615,False,True,False,False,True,0.04997621087120674,0.05139772684473566,0.001960889734664628,"{""0.0000"": 1, ""0.2500"": 1, ""0.5000"": 2}"
c3_w2_tcop_cm1_states_L0.4_kp0_1042_up0_5000_s256,cm1,stageB,0.05,0.1042,0.5,,256,300,12,0,False,EXITS_PRIMARY_BLOCK_SET,0.42274,-0.00030597484946725455,0.07808852807865763,0.01105220098537695,1.029427973693513,0.02857361000193614,0.07142352753013423,0.26683067543447336,0.24311924000000001,0.04768618667916318,False,True,False,False,True,0.04997621087120674,0.050907504411069504,0.001960889734664628,"{""0.0000"": 2, ""0.2500"": 1, ""0.5000"": 1}"
c3_w2_tcop_cm1_states_L0.4_kp0_1042_up0_5000_s1024,cm1,stageB,0.05,0.1042,0.5,,1024,0,0,0,False,PRE_PRIMARY_PHASE_IMBALANCE,0.419352,-0.000273494496845107,0.1311604389900985,0.010663928179925338,1.107379109077103,0.07481547083816137,0.10320180779665264,0.8994830097400679,0.24162292480000006,0.04685360280704142,False,True,False,False,True,0.04997621087120674,0.050907504411069504,0.001960889734664628,"{""0.0000"": 2, ""0.2500"": 1, ""0.5000"": 1}"
c3_w2_tcop_cm1_states_L0.4_kp0_1042_up0_5000_s1024,cm1,stageB,0.05,0.1042,0.5,,1024,25,1,1,False,PRE_PRIMARY_PHASE_IMBALANCE,0.431204,0.0002216622777544091,0.5841438287335462,0.009184528927330416,0.8948821243499475,0.04884988631318993,0.05850819357491454,0.2346916999037771,0.24463060960000005,0.046629930130764725,True,True,False,False,True,0.04997621087120674,0.05134857551726611,0.001960889734664628,"{""0.0000"": 1, ""0.2500"": 2, ""0.5000"": 1}"
c3_w2_tcop_cm1_states_L0.4_kp0_1042_up0_5000_s1024,cm1,stageB,0.05,0.1042,0.5,,1024,50,2,2,False,PRE_PRIMARY_PHASE_IMBALANCE,0.43949599999999994,-0.0001930364595960781,0.23617231309136627,0.003055936317419796,0.15769318699064724,0.03376859876459129,0.06576715307177679,0.24482589091862972,0.2455038016,0.04659942042558041,True,True,False,False,True,0.04997621087120674,0.05139772684473566,0.001960889734664628,"{""0.0000"": 1, ""0.2500"": 1, ""0.5000"": 2}"
c3_w2_tcop_cm1_states_L0.4_kp0_1042_up0_5000_s1024,cm1,stageB,0.05,0.1042,0.5,,1024,75,3,0,True,,0.424988,-0.0011226270000601762,-0.672190799867571,-0.0034838322803327788,-0.36897805400643147,0.037412609187991795,0.06904203313857024,0.267301664359225,0.24351224479999994,0.04692163526562134,False,True,False,False,True,0.04997621087120674,0.050907504411069504,0.001960889734664628,"{""0.0000"": 2, ""0.2500"": 1, ""0.5000"": 1}"
c3_w2_tcop_cm1_states_L0.4_kp0_1042_up0_5000_s1024,cm1,stageB,0.05,0.1042,0.5,,1024,100,4,1,True,,0.4323599999999999,-0.0015630450006335888,-1.1940380000039816,-0.004698791550332958,-0.47139466027685323,0.06587836120583153,0.056960627187465064,0.2627440090139143,0.2448183168,0.046659087003498044,False,True,False,False,True,0.04997621087120674,0.05134857551726611,0.001960889734664628,"{""0.0000"": 1, ""0.2500"": 2, ""0.5000"": 1}"
c3_w2_tcop_cm1_states_L0.4_kp0_1042_up0_5000_s1024,cm1,stageB,0.05,0.1042,0.5,,1024,125,5,2,True,,0.4394160000000001,-0.0015021358269887626,-1.0256746498633984,0.010773915387326149,1.092695431287728,0.009732799135750035,0.06397679373703982,0.2594352498328798,0.2455392704,0.04592057212187148,False,True,False,False,True,0.04997621087120674,0.05139772684473566,0.001960889734664628,"{""0.0000"": 1, ""0.2500"": 1, ""0.5000"": 2}"
c3_w2_tcop_cm1_states_L0.4_kp0_1042_up0_5000_s1024,cm1,stageB,0.05,0.1042,0.5,,1024,150,6,0,True,,0.42350800000000005,-0.001367211245807183,-0.9077292760930004,0.019986708038974368,2.0740179189243744,0.013516468212470614,0.06662491769458725,0.2691802745894285,0.24335282080000004,0.04746255298653877,False,True,False,False,False,0.04997621087120674,0.050907504411069504,0.001960889734664628,"{""0.0000"": 2, ""0.2500"": 1, ""0.5000"": 1}"
c3_w2_tcop_cm1_states_L0.4_kp0_1042_up0_5000_s1024,cm1,stageB,0.05,0.1042,0.5,,1024,175,7,1,True,,0.42992800000000003,-0.000761152816356074,-0.3000151428063302,0.0047956080082343115,0.5222558157476557,0.0486883692167907,0.05844992209876489,0.23166669714076138,0.24445843520000005,0.04700292348354515,True,True,False,False,True,0.04997621087120674,0.05134857551726611,0.001960889734664628,"{""0.0000"": 1, ""0.2500"": 2, ""0.5000"": 1}"
c3_w2_tcop_cm1_states_L0.4_kp0_1042_up0_5000_s1024,cm1,stageB,0.05,0.1042,0.5,,1024,200,8,2,True,,0.4389,-0.0002921878105884018,0.022264711236175256,0.005016415323357229,0.37405084321415333,0.033024218272770675,0.06602622352764115,0.22693096325602413,0.24542701279999996,0.04725113755244418,True,True,False,False,True,0.04997621087120674,0.05139772684473566,0.001960889734664628,"{""0.0000"": 1, ""0.2500"": 1, ""0.5000"": 2}"
c3_w2_tcop_cm1_states_L0.4_kp0_1042_up0_5000_s1024,cm1,stageB,0.05,0.1042,0.5,,1024,225,9,0,True,,0.42319200000000007,-0.0004405024736287663,-0.02459474777038439,3.0472259154635142e-05,0.18997433068809394,0.021652479947586654,0.07107670890789576,0.24953212667174196,0.24319577919999996,0.0483161581254139,True,True,False,False,True,0.04997621087120674,0.050907504411069504,0.001960889734664628,"{""0.0000"": 2, ""0.2500"": 1, ""0.5000"": 1}"
c3_w2_tcop_cm1_states_L0.4_kp0_1042_up0_5000_s1024,cm1,stageB,0.05,0.1042,0.5,,1024,250,10,1,True,,0.431676,-0.0003933030913878244,0.05611760833703977,-0.0008942579358198685,-0.24380321451695655,0.04709502713193016,0.06171054350641409,0.24462791481428675,0.2446221968,0.047515376711123734,True,True,False,False,True,0.04997621087120674,0.05134857551726611,0.001960889734664628,"{""0.0000"": 1, ""0.2500"": 2, ""0.5000"": 1}"
c3_w2_tcop_cm1_states_L0.4_kp0_1042_up0_5000_s1024,cm1,stageB,0.05,0.1042,0.5,,1024,275,11,2,True,,0.440784,-0.0003901607384410477,0.04953723616468122,0.0013773696005105634,0.08169371190855974,0.0359068901828673,0.06951912931454961,0.24864786324220503,0.24555447679999998,0.04702111593741689,True,True,False,False,True,0.04997621087120674,0.05139772684473566,0.001960889734664628,"{""0.0000"": 1, ""0.2500"": 1, ""0.5000"": 2}"
c3_w2_tcop_cm1_states_L0.4_kp0_1042_up0_5000_s1024,cm1,stageB,0.05,0.1042,0.5,,1024,300,12,0,False,EXITS_PRIMARY_BLOCK_SET,0.424556,-0.0005424070643572329,-0.10146162659819344,0.00834411575096906,1.0043185080440238,0.028823391226476997,0.07469010403273653,0.26003636679251646,0.24330267039999998,0.047997529769770446,False,True,False,False,True,0.04997621087120674,0.050907504411069504,0.001960889734664628,"{""0.0000"": 2, ""0.2500"": 1, ""0.5000"": 1}"
c3_w2_tcop_cm1_states_L0.4_kp0_1042_up0_5000_s31415,cm1,stageB,0.05,0.1042,0.5,,31415,0,0,0,False,PRE_PRIMARY_PHASE_IMBALANCE,0.41729600000000006,-0.0008175505058524561,-0.32991109143268854,0.010955920743821524,1.079867209188621,0.08952929319253672,0.10683244845039974,0.9317127388431407,0.2411726048,0.046587212666138335,False,True,False,False,True,0.04997621087120674,0.050907504411069504,0.001960889734664628,"{""0.0000"": 2, ""0.2500"": 1, ""0.5000"": 1}"
c3_w2_tcop_cm1_states_L0.4_kp0_1042_up0_5000_s31415,cm1,stageB,0.05,0.1042,0.5,,31415,25,1,1,False,PRE_PRIMARY_PHASE_IMBALANCE,0.43014800000000003,0.00017945031020773883,0.5089182067537508,0.0006228532601468691,0.06705009007413847,0.047640647417364866,0.0610234701955694,0.25200628562260824,0.24443168159999998,0.04686681230892496,False,True,False,False,True,0.04997621087120674,0.05134857551726611,0.001960889734664628,"{""0.0000"": 1, ""0.2500"": 2, ""0.5000"": 1}"
c3_w2_tcop_cm1_states_L0.4_kp0_1042_up0_5000_s31415,cm1,stageB,0.05,0.1042,0.5,,31415,50,2,2,False,PRE_PRIMARY_PHASE_IMBALANCE,0.43860800000000005,-0.0004060984617779935,0.005922270777860964,-0.006965522092638514,-0.7219766298305356,0.025900886458301044,0.0673032752371828,0.24714551433821194,0.24535960639999999,0.046494540926865814,True,True,False,False,True,0.04997621087120674,0.05139772684473566,0.001960889734664628,"{""0.0000"": 1, ""0.2500"": 1, ""0.5000"": 2}"
c3_w2_tcop_cm1_states_L0.4_kp0_1042_up0_5000_s31415,cm1,stageB,0.05,0.1042,0.5,,31415,75,3,0,True,,0.42241200000000007,-0.00038859266119177727,-0.07846377822472515,-0.005400365874983323,-0.4480125899752308,0.027845743515283662,0.0715880553349166,0.25188678292310157,0.2430656656,0.047681256862628946,False,True,False,False,True,0.04997621087120674,0.050907504411069504,0.001960889734664628,"{""0.0000"": 2, ""0.2500"": 1, ""0.5000"": 1}"
c3_w2_tcop_cm1_states_L0.4_kp0_1042_up0_5000_s31415,cm1,stageB,0.05,0.1042,0.5,,31415,100,4,1,True,,0.43071999999999994,-0.0009146626007731536,-0.4278488285910681,-0.0026275724760986626,-0.217181845834486,0.053012359062319915,0.06154687487108036,0.24702823122439582,0.24449752959999993,0.04620001731601407,True,True,False,False,True,0.04997621087120674,0.05134857551726611,0.001960889734664628,"{""0.0000"": 1, ""0.2500"": 2, ""0.5000"": 1}"
c3_w2_tcop_cm1_states_L0.4_kp0_1042_up0_5000_s31415,cm1,stageB,0.05,0.1042,0.5,,31415,125,5,2,True,,0.43852799999999986,-0.0008069968235922918,-0.3412929754759381,0.0014621048916406143,0.18985729145329291,0.02966912271152136,0.06825469649770347,0.2426298885301968,0.2453252928,0.04569719046068369,True,True,False,False,True,0.04997621087120674,0.05139772684473566,0.001960889734664628,"{""0.0000"": 1, ""0.2500"": 1, ""0.5000"": 2}"
c3_w2_tcop_cm1_states_L0.4_kp0_1042_up0_5000_s31415,cm1,stageB,0.05,0.1042,0.5,,31415,150,6,0,True,,0.422164,-0.0008275061212425141,-0.4369044677159144,-0.003439631442124175,-0.45641819301977454,0.018029488829185744,0.07303049658006136,0.2548772508909398,0.242991016,0.04648609581369466,False,True,False,False,True,0.04997621087120674,0.050907504411069504,0.001960889734664628,"{""0.0000"": 2, ""0.2500"": 1, ""0.5000"": 1}"
c3_w2_tcop_cm1_states_L0.4_kp0_1042_up0_5000_s31415,cm1,stageB,0.05,0.1042,0.5,,31415,175,7,1,True,,0.43036,-0.0012082166829143089,-0.7318811150830126,-0.0011274233606272796,-0.06010983495615182,0.05556425134204446,0.06182660580063214,0.2500232357792934,0.24444230079999996,0.04727399285019195,False,True,False,False,True,0.04997621087120674,0.05134857551726611,0.001960889734664628,"{""0.0000"": 1, ""0.2500"": 2, ""0.5000"": 1}"
c3_w2_tcop_cm1_states_L0.4_kp0_1042_up0_5000_s31415,cm1,stageB,0.05,0.1042,0.5,,31415,200,8,2,True,,0.4377960000000001,0.00019979640156511446,0.5735593703985098,-0.007345789282081401,-0.7577326309602046,0.026586546980347188,0.06792717247171046,0.2457765711752126,0.24524629919999996,0.0460944940746723,True,True,False,False,True,0.04997621087120674,0.05139772684473566,0.001960889734664628,"{""0.0000"": 1, ""0.2500"": 1, ""0.5000"": 2}"
c3_w2_tcop_cm1_states_L0.4_kp0_1042_up0_5000_s31415,cm1,stageB,0.05,0.1042,0.5,,31415,225,9,0,True,,0.42217199999999994,-0.0006814098720950484,-0.20091802097802208,-0.003259226709943676,-0.2638560077614164,0.03218706786735633,0.07080217162883655,0.259609826659253,0.2430493488,0.04679703426500444,False,True,False,False,True,0.04997621087120674,0.050907504411069504,0.001960889734664628,"{""0.0000"": 2, ""0.2500"": 1, ""0.5000"": 1}"
c3_w2_tcop_cm1_states_L0.4_kp0_1042_up0_5000_s31415,cm1,stageB,0.05,0.1042,0.5,,31415,250,10,1,True,,0.4310560000000001,-0.001472820271242662,-1.005647221119781,0.0039138638264874,0.48306124920031623,0.052447618716897355,0.05956516059521724,0.25425930678552355,0.24458747199999994,0.04686154995302652,False,True,False,False,True,0.04997621087120674,0.05134857551726611,0.001960889734664628,"{""0.0000"": 1, ""0.2500"": 2, ""0.5000"": 1}"
c3_w2_tcop_cm1_states_L0.4_kp0_1042_up0_5000_s31415,cm1,stageB,0.05,0.1042,0.5,,31415,275,11,2,True,,0.439132,-0.001208861478128778,-0.8169443560457033,0.0030547803832174313,0.33747328404689575,0.034406034733706084,0.06715499274438862,0.24958326824375518,0.24542543199999997,0.0463638498832873,True,True,False,False,True,0.04997621087120674,0.05139772684473566,0.001960889734664628,"{""0.0000"": 1, ""0.2500"": 1, ""0.5000"": 2}"
c3_w2_tcop_cm1_states_L0.4_kp0_1042_up0_5000_s31415,cm1,stageB,0.05,0.1042,0.5,,31415,300,12,0,False,EXITS_PRIMARY_BLOCK_SET,0.424728,-0.0021398503798816886,-1.7242080729032052,0.007954551432761843,0.8330436123721459,0.03348812016336343,0.06960880931895001,0.25428038590749746,0.24346004800000004,0.04769618450148817,False,True,False,False,True,0.04997621087120674,0.050907504411069504,0.001960889734664628,"{""0.0000"": 2, ""0.2500"": 1, ""0.5000"": 1}"
c3_w2_tcop_cm1_states_L0.4_km0_1042_up0_1000_s42,cm1,stageB,-0.05,-0.1042,0.1,,42,0,0,0,False,PRE_PRIMARY_PHASE_IMBALANCE,0.40464,-0.000786853817069397,-0.44280950769508776,-0.02061980392990758,-1.8887318624634368,0.05257702506961916,0.08021188598481066,0.8382759963466883,0.23985301760000002,0.04983001505117172,False,True,False,False,True,-0.04997621087120674,-0.05031493730444553,0.0008842517127437,"{""0.0000"": 2, ""0.0500"": 1, ""0.1000"": 1}"
c3_w2_tcop_cm1_states_L0.4_km0_1042_up0_1000_s42,cm1,stageB,-0.05,-0.1042,0.1,,42,25,1,1,False,PRE_PRIMARY_PHASE_IMBALANCE,0.409496,-0.00044358143851707375,-0.004759342095347296,-0.016932250439787973,-1.6922771235245377,0.008787484701186043,0.02560645748152497,0.13773028274334723,0.2416990752,0.04915023890074187,True,True,False,False,True,-0.04997621087120674,-0.05043260080949839,0.0008842517127437,"{""0.0000"": 1, ""0.0500"": 2, ""0.1000"": 1}"
c3_w2_tcop_cm1_states_L0.4_km0_1042_up0_1000_s42,cm1,stageB,-0.05,-0.1042,0.1,,42,50,2,2,False,PRE_PRIMARY_PHASE_IMBALANCE,0.412068,0.00042014578393755996,0.8213643237114702,-0.009026642096952624,-0.849709846470211,0.014509153492331945,0.027759711332736157,0.14172418110184684,0.24213711519999997,0.04911703753281543,True,True,False,False,True,-0.04997621087120674,-0.05053600023263145,0.0008842517127437,"{""0.0000"": 1, ""0.0500"": 1, ""0.1000"": 2}"
c3_w2_tcop_cm1_states_L0.4_km0_1042_up0_1000_s42,cm1,stageB,-0.05,-0.1042,0.1,,42,75,3,0,True,,0.408904,0.0006198516741107979,0.9925381942308352,-0.0205741852869218,-2.0007678664220983,0.0009744092574538899,0.028598519594573102,0.1496683814546485,0.24156476799999996,0.04906076623943005,True,True,False,False,False,-0.04997621087120674,-0.05031493730444553,0.0008842517127437,"{""0.0000"": 2, ""0.0500"": 1, ""0.1000"": 1}"
c3_w2_tcop_cm1_states_L0.4_km0_1042_up0_1000_s42,cm1,stageB,-0.05,-0.1042,0.1,,42,100,4,1,True,,0.41015999999999997,0.0006640188710071053,0.9640845939319249,-0.02067151955584277,-2.2577465899198272,0.01562590427263862,0.02914581344403921,0.14921006400134074,0.24178586560000004,0.048600148147922344,True,True,False,False,False,-0.04997621087120674,-0.05043260080949839,0.0008842517127437,"{""0.0000"": 1, ""0.0500"": 2, ""0.1000"": 1}"
c3_w2_tcop_cm1_states_L0.4_km0_1042_up0_1000_s42,cm1,stageB,-0.05,-0.1042,0.1,,42,125,5,2,True,,0.411344,3.483116120577851e-05,0.3528146906272139,-0.013207769434102646,-1.2713945136738973,0.0062365721425792185,0.028942431637447884,0.14878058231363384,0.24199837760000004,0.048964820677706966,True,True,False,False,True,-0.04997621087120674,-0.05053600023263145,0.0008842517127437,"{""0.0000"": 1, ""0.0500"": 1, ""0.1000"": 2}"
c3_w2_tcop_cm1_states_L0.4_km0_1042_up0_1000_s42,cm1,stageB,-0.05,-0.1042,0.1,,42,150,6,0,True,,0.40779999999999994,3.9631862932968734e-05,0.4018131526605081,-0.006514713677478921,-0.5111216033053366,0.010236629326895688,0.028404868773670836,0.14026483535982134,0.2413649824,0.04836651734412971,True,True,False,False,True,-0.04997621087120674,-0.05031493730444553,0.0008842517127437,"{""0.0000"": 2, ""0.0500"": 1, ""0.1000"": 1}"
c3_w2_tcop_cm1_states_L0.4_km0_1042_up0_1000_s42,cm1,stageB,-0.05,-0.1042,0.1,,42,175,7,1,True,,0.4094239999999999,0.0005707463107405813,0.955443525699456,0.0020934399246048934,0.2924561322402043,0.010366037164589649,0.02663144064487095,0.12309976913151217,0.2416771008,0.048813811815919476,True,True,False,False,True,-0.04997621087120674,-0.05043260080949839,0.0008842517127437,"{""0.0000"": 1, ""0.0500"": 2, ""0.1000"": 1}"
c3_w2_tcop_cm1_states_L0.4_km0_1042_up0_1000_s42,cm1,stageB,-0.05,-0.1042,0.1,,42,200,8,2,True,,0.41035999999999995,0.0006804816922142136,1.047509878225509,0.001666476552897634,0.19701610284675297,0.0031070462463277464,0.02675606163592853,0.12574324952299623,0.2418441184,0.048687887610780564,True,True,False,False,True,-0.04997621087120674,-0.05053600023263145,0.0008842517127437,"{""0.0000"": 1, ""0.0500"": 1, ""0.1000"": 2}"
c3_w2_tcop_cm1_states_L0.4_km0_1042_up0_1000_s42,cm1,stageB,-0.05,-0.1042,0.1,,42,225,9,0,True,,0.40840799999999994,0.0008385646278577666,1.3083109213448045,0.0018515435743154856,0.3652338106243909,0.00874624687805856,0.026509712411219896,0.12634424368194486,0.24149368640000005,0.048778945622061164,True,True,False,False,True,-0.04997621087120674,-0.05031493730444553,0.0008842517127437,"{""0.0000"": 2, ""0.0500"": 1, ""0.1000"": 1}"
c3_w2_tcop_cm1_states_L0.4_km0_1042_up0_1000_s42,cm1,stageB,-0.05,-0.1042,0.1,,42,250,10,1,True,,0.409692,-0.000477088851039815,-0.1036150237578099,-0.015035661414982129,-1.4996383803464925,0.004252790460078486,0.025175972624665546,0.11716118421360143,0.24173807840000003,0.04924657486566959,True,True,False,False,True,-0.04997621087120674,-0.05043260080949839,0.0008842517127437,"{""0.0000"": 1, ""0.0500"": 2, ""0.1000"": 1}"
c3_w2_tcop_cm1_states_L0.4_km0_1042_up0_1000_s42,cm1,stageB,-0.05,-0.1042,0.1,,42,275,11,2,True,,0.411032,-0.0010086417119468376,-0.5995551949121468,-0.023716340735005954,-2.349341460545232,0.0034511713217806115,0.02656573451228999,0.11872554906010835,0.24196546240000003,0.048071352966189744,True,True,False,False,False,-0.04997621087120674,-0.05053600023263145,0.0008842517127437,"{""0.0000"": 1, ""0.0500"": 1, ""0.1000"": 2}"
c3_w2_tcop_cm1_states_L0.4_km0_1042_up0_1000_s42,cm1,stageB,-0.05,-0.1042,0.1,,42,300,12,0,False,EXITS_PRIMARY_BLOCK_SET,0.40863199999999994,-0.002168581279103875,-1.8539355305455303,-0.015654120210918356,-1.6328470451605621,0.005077349477452816,0.026308708659870814,0.12725386135384928,0.24153631360000002,0.04793629706182988,True,True,False,False,True,-0.04997621087120674,-0.05031493730444553,0.0008842517127437,"{""0.0000"": 2, ""0.0500"": 1, ""0.1000"": 1}"
c3_w2_tcop_cm1_states_L0.4_km0_1042_up0_1000_s137,cm1,stageB,-0.05,-0.1042,0.1,,137,0,0,0,False,PRE_PRIMARY_PHASE_IMBALANCE,0.405776,0.00022959726348407397,0.6835166591902477,-0.012556247745966592,-1.3400997054798565,0.0414204898827283,0.07989182075725831,0.8231142284829208,0.2400708992,0.047927422463554206,False,True,False,False,True,-0.04997621087120674,-0.05031493730444553,0.0008842517127437,"{""0.0000"": 2, ""0.0500"": 1, ""0.1000"": 1}"
c3_w2_tcop_cm1_states_L0.4_km0_1042_up0_1000_s137,cm1,stageB,-0.05,-0.1042,0.1,,137,25,1,1,False,PRE_PRIMARY_PHASE_IMBALANCE,0.409124,0.0005027178404751538,1.0003779854153192,-0.014946871746802265,-1.4987433525762148,0.009650264481749889,0.02699783357974652,0.1310116245172328,0.24161955040000002,0.04802075201410323,True,True,False,False,True,-0.04997621087120674,-0.05043260080949839,0.0008842517127437,"{""0.0000"": 1, ""0.0500"": 2, ""0.1000"": 1}"
c3_w2_tcop_cm1_states_L0.4_km0_1042_up0_1000_s137,cm1,stageB,-0.05,-0.1042,0.1,,137,50,2,2,False,PRE_PRIMARY_PHASE_IMBALANCE,0.411008,0.0018214889683880516,2.076263622471827,-0.02115785398940207,-2.0025209621142324,0.004000322165119019,0.02746903395910535,0.13235752069945714,0.24195296,0.048833840070180844,True,True,False,False,False,-0.04997621087120674,-0.05053600023263145,0.0008842517127437,"{""0.0000"": 1, ""0.0500"": 1, ""0.1000"": 2}"
c3_w2_tcop_cm1_states_L0.4_km0_1042_up0_1000_s137,cm1,stageB,-0.05,-0.1042,0.1,,137,75,3,0,True,,0.40801199999999993,0.0020234142096578088,2.2234735486358814,-0.015570776151205898,-1.312545357737488,0.0034125938318264105,0.02826795822467845,0.13627050151399847,0.24140518240000006,0.048104967061624725,True,True,False,False,False,-0.04997621087120674,-0.05031493730444553,0.0008842517127437,"{""0.0000"": 2, ""0.0500"": 1, ""0.1000"": 1}"
c3_w2_tcop_cm1_states_L0.4_km0_1042_up0_1000_s137,cm1,stageB,-0.05,-0.1042,0.1,,137,100,4,1,True,,0.409496,0.0016765214420275984,2.0030093179747626,-0.008772204522605395,-0.7556011723595278,0.004700882290789824,0.026784073098132882,0.13577666171152677,0.24168872959999999,0.04789640888417419,True,True,False,False,False,-0.04997621087120674,-0.05043260080949839,0.0008842517127437,"{""0.0000"": 1, ""0.0500"": 2, ""0.1000"": 1}"
c3_w2_tcop_cm1_states_L0.4_km0_1042_up0_1000_s137,cm1,stageB,-0.05,-0.1042,0.1,,137,125,5,2,True,,0.411064,0.0010430529759300937,1.727041707636792,0.0028069342533679643,0.3287586277309255,0.003880659741722165,0.025097363617572522,0.13525874283503614,0.2419839552,0.04755531415099684,True,True,False,False,True,-0.04997621087120674,-0.05053600023263145,0.0008842517127437,"{""0.0000"": 1, ""0.0500"": 1, ""0.1000"": 2}"
c3_w2_tcop_cm1_states_L0.4_km0_1042_up0_1000_s137,cm1,stageB,-0.05,-0.1042,0.1,,137,150,6,0,True,,0.407772,0.0012803838476071708,1.6546288936948086,-0.0032412480655105067,-0.13586005600416182,0.0018347380733515733,0.025068833537723833,0.13046506349022235,0.24138949920000002,0.04789108493237547,True,True,False,False,True,-0.04997621087120674,-0.05031493730444553,0.0008842517127437,"{""0.0000"": 2, ""0.0500"": 1, ""0.1000"": 1}"
c3_w2_tcop_cm1_states_L0.4_km0_1042_up0_1000_s137,cm1,stageB,-0.05,-0.1042,0.1,,137,175,7,1,True,,0.4092519999999999,0.0002820255876412723,0.6457654896796542,-0.007980609644726794,-0.9008064026683236,0.011495876524857755,0.023015332470247576,0.12510629117241637,0.2416760816,0.0488438378508487,True,True,False,False,True,-0.04997621087120674,-0.05043260080949839,0.0008842517127437,"{""0.0000"": 1, ""0.0500"": 2, ""0.1000"": 1}"
c3_w2_tcop_cm1_states_L0.4_km0_1042_up0_1000_s137,cm1,stageB,-0.05,-0.1042,0.1,,137,200,8,2,True,,0.41052800000000006,0.00020082021298478385,0.5612127781145468,0.004182317246167654,0.4816837219215294,0.008492937510651609,0.026099941783948942,0.14907631111866598,0.24187995519999997,0.04821162946841768,True,True,False,False,True,-0.04997621087120674,-0.05053600023263145,0.0008842517127437,"{""0.0000"": 1, ""0.0500"": 1, ""0.1000"": 2}"
c3_w2_tcop_cm1_states_L0.4_km0_1042_up0_1000_s137,cm1,stageB,-0.05,-0.1042,0.1,,137,225,9,0,True,,0.40828,0.00013013560310361658,0.5823088535938014,0.007258468155790377,0.8070113300980566,0.013519133794642688,0.02516392706666139,0.14989712905384273,0.241481888,0.04834047579410033,True,True,False,False,True,-0.04997621087120674,-0.05031493730444553,0.0008842517127437,"{""0.0000"": 2, ""0.0500"": 1, ""0.1000"": 1}"
c3_w2_tcop_cm1_states_L0.4_km0_1042_up0_1000_s137,cm1,stageB,-0.05,-0.1042,0.1,,137,250,10,1,True,,0.409656,-0.0007031606003208721,-0.2312430907739176,-0.02219550771655903,-2.210479161353559,0.00887311179007816,0.02458198360207223,0.13474720220197633,0.24173655360000001,0.04814521434161447,True,True,False,False,False,-0.04997621087120674,-0.05043260080949839,0.0008842517127437,"{""0.0000"": 1, ""0.0500"": 2, ""0.1000"": 1}"
c3_w2_tcop_cm1_states_L0.4_km0_1042_up0_1000_s137,cm1,stageB,-0.05,-0.1042,0.1,,137,275,11,2,True,,0.41169200000000006,0.0005025826091965754,0.9184859391688697,-0.028332451519024502,-2.6867877056035363,0.010975320954036395,0.02602758969862817,0.13408081737298563,0.24208687839999993,0.04866268730762821,True,True,False,False,False,-0.04997621087120674,-0.05053600023263145,0.0008842517127437,"{""0.0000"": 1, ""0.0500"": 1, ""0.1000"": 2}"
c3_w2_tcop_cm1_states_L0.4_km0_1042_up0_1000_s137,cm1,stageB,-0.05,-0.1042,0.1,,137,300,12,0,False,EXITS_PRIMARY_BLOCK_SET,0.4086040000000001,0.0005214715279568017,1.0453556530181427,-0.015191846753267702,-1.603326232957366,4.640653577352394e-05,0.026042272275513152,0.11453632339738151,0.24153354080000003,0.04799094897998997,True,True,False,False,True,-0.04997621087120674,-0.05031493730444553,0.0008842517127437,"{""0.0000"": 2, ""0.0500"": 1, ""0.1000"": 1}"
c3_w2_tcop_cm1_states_L0.4_km0_1042_up0_1000_s256,cm1,stageB,-0.05,-0.1042,0.1,,256,0,0,0,False,PRE_PRIMARY_PHASE_IMBALANCE,0.40682,-0.00014529806066128869,0.19243181726063202,-0.002251476841488495,-0.24488656652087043,0.05417797555240376,0.0808531237282682,0.8288678019053441,0.24023556,0.046424213509762335,False,True,False,False,True,-0.04997621087120674,-0.05031493730444553,0.0008842517127437,"{""0.0000"": 2, ""0.0500"": 1, ""0.1000"": 1}"
c3_w2_tcop_cm1_states_L0.4_km0_1042_up0_1000_s256,cm1,stageB,-0.05,-0.1042,0.1,,256,25,1,1,False,PRE_PRIMARY_PHASE_IMBALANCE,0.41101999999999994,-0.0001295062364581703,0.173583548987496,-0.0018063232028830188,-0.18865969947404895,0.021463875691589186,0.02695552497719003,0.11872901533081345,0.2419598096,0.04652783682914992,True,True,False,False,True,-0.04997621087120674,-0.05043260080949839,0.0008842517127437,"{""0.0000"": 1, ""0.0500"": 2, ""0.1000"": 1}"
c3_w2_tcop_cm1_states_L0.4_km0_1042_up0_1000_s256,cm1,stageB,-0.05,-0.1042,0.1,,256,50,2,2,False,PRE_PRIMARY_PHASE_IMBALANCE,0.41159199999999996,0.0007574651900968954,1.0972990484806042,0.007820109514095397,0.88399187754897,0.016139536906182944,0.02572044102078608,0.1059301441574905,0.24207195520000002,0.04668731665024238,True,True,False,False,True,-0.04997621087120674,-0.05053600023263145,0.0008842517127437,"{""0.0000"": 1, ""0.0500"": 1, ""0.1000"": 2}"
c3_w2_tcop_cm1_states_L0.4_km0_1042_up0_1000_s256,cm1,stageB,-0.05,-0.1042,0.1,,256,75,3,0,True,,0.407524,-0.00019729309205732842,0.2888213331604641,-0.01089129199797016,-1.1451640185932428,0.010046253469476124,0.026329248626814163,0.12759984656707368,0.2413330608,0.04830227141657005,True,True,False,False,True,-0.04997621087120674,-0.05031493730444553,0.0008842517127437,"{""0.0000"": 2, ""0.0500"": 1, ""0.1000"": 1}"
c3_w2_tcop_cm1_states_L0.4_km0_1042_up0_1000_s256,cm1,stageB,-0.05,-0.1042,0.1,,256,100,4,1,True,,0.408892,-0.00029347033126170393,-0.04376368935241175,-0.015005621826263412,-1.7667486315905432,0.005657022650171631,0.02720454177291337,0.13402071907980406,0.24157559520000002,0.048965419798057484,True,True,False,False,True,-0.04997621087120674,-0.05043260080949839,0.0008842517127437,"{""0.0000"": 1, ""0.0500"": 2, ""0.1000"": 1}"
c3_w2_tcop_cm1_states_L0.4_km0_1042_up0_1000_s256,cm1,stageB,-0.05,-0.1042,0.1,,256,125,5,2,True,,0.41113200000000005,-0.00011982584093615331,0.19762669602468155,-0.025355894656431097,-2.5438461415128515,0.01947189839901346,0.027958326913600798,0.16636992458293207,0.24197035359999997,0.04888392962927592,True,True,False,False,False,-0.04997621087120674,-0.05053600023263145,0.0008842517127437,"{""0.0000"": 1, ""0.0500"": 1, ""0.1000"": 2}"
c3_w2_tcop_cm1_states_L0.4_km0_1042_up0_1000_s256,cm1,stageB,-0.05,-0.1042,0.1,,256,150,6,0,True,,0.40909200000000007,-0.0008171218737320578,-0.3398341849935988,-0.020048778190645277,-1.9911750985505703,0.011645880173644409,0.028825254733750028,0.16719955372581324,0.24159668,0.04904952126168002,True,True,False,False,True,-0.04997621087120674,-0.05031493730444553,0.0008842517127437,"{""0.0000"": 2, ""0.0500"": 1, ""0.1000"": 1}"
c3_w2_tcop_cm1_states_L0.4_km0_1042_up0_1000_s256,cm1,stageB,-0.05,-0.1042,0.1,,256,175,7,1,True,,0.41085200000000005,0.00017344404142475526,0.510123309582124,-0.018109967927896025,-1.6909984033847423,0.022108273297255485,0.026538997285797564,0.15285309514654147,0.24193374560000003,0.04864025180855872,True,True,False,False,True,-0.04997621087120674,-0.05043260080949839,0.0008842517127437,"{""0.0000"": 1, ""0.0500"": 2, ""0.1000"": 1}"
c3_w2_tcop_cm1_states_L0.4_km0_1042_up0_1000_s256,cm1,stageB,-0.05,-0.1042,0.1,,256,200,8,2,True,,0.41186799999999996,0.00017634315519087003,0.5484722947172332,-0.012114222143093246,-1.3086115393249438,0.004869037009879237,0.025083304312272153,0.15247603564133153,0.24212602079999995,0.04798990077089137,True,True,False,False,True,-0.04997621087120674,-0.05053600023263145,0.0008842517127437,"{""0.0000"": 1, ""0.0500"": 1, ""0.1000"": 2}"
c3_w2_tcop_cm1_states_L0.4_km0_1042_up0_1000_s256,cm1,stageB,-0.05,-0.1042,0.1,,256,225,9,0,True,,0.4079520000000001,-0.001535802483293115,-1.0651102352823252,-0.010108103396017755,-1.0122515519560484,0.007041532468732904,0.025430622383035936,0.11275836345266504,0.24141953600000002,0.04803629561071503,True,True,False,False,True,-0.04997621087120674,-0.05031493730444553,0.0008842517127437,"{""0.0000"": 2, ""0.0500"": 1, ""0.1000"": 1}"
c3_w2_tcop_cm1_states_L0.4_km0_1042_up0_1000_s256,cm1,stageB,-0.05,-0.1042,0.1,,256,250,10,1,True,,0.40843599999999997,0.0007619962539033534,1.1890887383995383,-0.016417175952998502,-1.4504031011005962,0.022820838668451453,0.025437394840756977,0.11262474387021526,0.24150809120000002,0.048731036352616185,True,True,False,False,True,-0.04997621087120674,-0.05043260080949839,0.0008842517127437,"{""0.0000"": 1, ""0.0500"": 2, ""0.1000"": 1}"
c3_w2_tcop_cm1_states_L0.4_km0_1042_up0_1000_s256,cm1,stageB,-0.05,-0.1042,0.1,,256,275,11,2,True,,0.410048,-5.114109069549501e-05,0.36482320275258295,-0.0008308874922670259,-0.042900651403600436,0.0032908706741725906,0.026587320444379156,0.13852036800930537,0.2417897824,0.04909009773874971,True,True,False,False,True,-0.04997621087120674,-0.05053600023263145,0.0008842517127437,"{""0.0000"": 1, ""0.0500"": 1, ""0.1000"": 2}"
c3_w2_tcop_cm1_states_L0.4_km0_1042_up0_1000_s256,cm1,stageB,-0.05,-0.1042,0.1,,256,300,12,0,False,EXITS_PRIMARY_BLOCK_SET,0.4068759999999999,0.00010811752716064258,0.45783131450635844,0.0014796078575393492,0.18240610951041517,0.010347774299184077,0.02581970616699847,0.13960027099263597,0.24121755679999995,0.04829203478835822,True,True,False,False,True,-0.04997621087120674,-0.05031493730444553,0.0008842517127437,"{""0.0000"": 2, ""0.0500"": 1, ""0.1000"": 1}"
c3_w2_tcop_cm1_states_L0.4_km0_1042_up0_1000_s1024,cm1,stageB,-0.05,-0.1042,0.1,,1024,0,0,0,False,PRE_PRIMARY_PHASE_IMBALANCE,0.40467600000000004,-0.00021509607491760222,0.20229036433745665,-0.0006930382011685096,-0.038949736477705346,0.04448151117319657,0.07954897572174435,0.8174440766997694,0.23987703840000002,0.04812333138925442,False,True,False,False,True,-0.04997621087120674,-0.05031493730444553,0.0008842517127437,"{""0.0000"": 2, ""0.0500"": 1, ""0.1000"": 1}"
c3_w2_tcop_cm1_states_L0.4_km0_1042_up0_1000_s1024,cm1,stageB,-0.05,-0.1042,0.1,,1024,25,1,1,False,PRE_PRIMARY_PHASE_IMBALANCE,0.40945600000000004,0.0006496331431795468,1.00245805557717,-0.009075630233799283,-0.8667695648510988,0.0032252844212341536,0.022549190014651582,0.10745965352208862,0.2417165376,0.048486122385688876,True,True,False,False,True,-0.04997621087120674,-0.05043260080949839,0.0008842517127437,"{""0.0000"": 1, ""0.0500"": 2, ""0.1000"": 1}"
c3_w2_tcop_cm1_states_L0.4_km0_1042_up0_1000_s1024,cm1,stageB,-0.05,-0.1042,0.1,,1024,50,2,2,False,PRE_PRIMARY_PHASE_IMBALANCE,0.411616,0.0004699397209776506,0.8734246858565338,-0.014107171302254357,-1.607879464815374,0.01777368123538842,0.024057351508117473,0.12438777859852919,0.2420902112,0.04875354904004426,True,True,False,False,True,-0.04997621087120674,-0.05053600023263145,0.0008842517127437,"{""0.0000"": 1, ""0.0500"": 1, ""0.1000"": 2}"
c3_w2_tcop_cm1_states_L0.4_km0_1042_up0_1000_s1024,cm1,stageB,-0.05,-0.1042,0.1,,1024,75,3,0,True,,0.40991199999999983,-0.0004243742305617222,0.04768221758582344,-0.015143815300358692,-1.4521658634248698,0.016868526523443443,0.02671912710905902,0.15027615646705597,0.24176419519999995,0.04821029201322058,True,True,False,False,True,-0.04997621087120674,-0.05031493730444553,0.0008842517127437,"{""0.0000"": 2, ""0.0500"": 1, ""0.1000"": 1}"
c3_w2_tcop_cm1_states_L0.4_km0_1042_up0_1000_s1024,cm1,stageB,-0.05,-0.1042,0.1,,1024,100,4,1,True,,0.410732,-7.240204968709313e-05,0.3789151736457286,-0.018756412771203296,-1.905616411269422,0.02703872729667543,0.025769538573272528,0.1499761397943765,0.2419191952,0.048558255487609926,True,True,False,False,True,-0.04997621087120674,-0.05043260080949839,0.0008842517127437,"{""0.0000"": 1, ""0.0500"": 2, ""0.1000"": 1}"
c3_w2_tcop_cm1_states_L0.4_km0_1042_up0_1000_s1024,cm1,stageB,-0.05,-0.1042,0.1,,1024,125,5,2,True,,0.4112399999999999,-0.0005519180942647184,-0.25209158708669205,-0.0032261001890062655,-0.2843050617443422,0.01613700905122252,0.027638666184344674,0.1497908760096516,0.2419924736,0.048432864874999905,True,True,False,False,True,-0.04997621087120674,-0.05053600023263145,0.0008842517127437,"{""0.0000"": 1, ""0.0500"": 1, ""0.1000"": 2}"
c3_w2_tcop_cm1_states_L0.4_km0_1042_up0_1000_s1024,cm1,stageB,-0.05,-0.1042,0.1,,1024,150,6,0,True,,0.40780800000000006,-0.001195742464275137,-0.6779829401009128,0.007328369899113783,0.8720771517812264,0.007145253114195329,0.027337320873243882,0.13928123004138904,0.24137634879999997,0.04873433221046535,True,True,False,False,True,-0.04997621087120674,-0.05031493730444553,0.0008842517127437,"{""0.0000"": 2, ""0.0500"": 1, ""0.1000"": 1}"
c3_w2_tcop_cm1_states_L0.4_km0_1042_up0_1000_s1024,cm1,stageB,-0.05,-0.1042,0.1,,1024,175,7,1,True,,0.40816,-0.00036983972845399353,0.03301424315684178,-0.0036684037301152,-0.30477230023901475,0.0031237933595314638,0.025797112484786548,0.11662093268174023,0.2414545472,0.04854662089167484,True,True,False,False,True,-0.04997621087120674,-0.05043260080949839,0.0008842517127437,"{""0.0000"": 1, ""0.0500"": 2, ""0.1000"": 1}"
c3_w2_tcop_cm1_states_L0.4_km0_1042_up0_1000_s1024,cm1,stageB,-0.05,-0.1042,0.1,,1024,200,8,2,True,,0.41051999999999983,-0.0006984931289695463,-0.3347896651814906,-0.0006177682989317978,-0.21455257668900293,0.008145801406251343,0.025766803134514692,0.1256942411436856,0.24188143999999998,0.04944622938101549,True,True,False,False,True,-0.04997621087120674,-0.05053600023263145,0.0008842517127437,"{""0.0000"": 1, ""0.0500"": 1, ""0.1000"": 2}"
c3_w2_tcop_cm1_states_L0.4_km0_1042_up0_1000_s1024,cm1,stageB,-0.05,-0.1042,0.1,,1024,225,9,0,True,,0.40767600000000004,-0.0006519964157496409,-0.316453919415292,-0.010591805764103568,-0.9556131800604319,0.00027495169901103325,0.02528861107871517,0.13343929950882735,0.24136999199999998,0.0491731534884636,True,True,False,False,True,-0.04997621087120674,-0.05031493730444553,0.0008842517127437,"{""0.0000"": 2, ""0.0500"": 1, ""0.1000"": 1}"
c3_w2_tcop_cm1_states_L0.4_km0_1042_up0_1000_s1024,cm1,stageB,-0.05,-0.1042,0.1,,1024,250,10,1,True,,0.4096080000000001,-0.00017912904415468608,0.2641524621031139,-0.01823879367764066,-1.9078276276489796,0.006652097782746798,0.024516094957025333,0.1328099057322857,0.24172844480000003,0.04945792490592382,True,True,False,False,True,-0.04997621087120674,-0.05043260080949839,0.0008842517127437,"{""0.0000"": 1, ""0.0500"": 2, ""0.1000"": 1}"
c3_w2_tcop_cm1_states_L0.4_km0_1042_up0_1000_s1024,cm1,stageB,-0.05,-0.1042,0.1,,1024,275,11,2,True,,0.411964,-0.0007085313207192324,-0.2965287826868856,-0.016741604170911424,-1.644632072531042,0.014581567062871965,0.02673861924313274,0.13787612476362943,0.24212832479999996,0.04922542741307585,True,True,False,False,True,-0.04997621087120674,-0.05053600023263145,0.0008842517127437,"{""0.0000"": 1, ""0.0500"": 1, ""0.1000"": 2}"
c3_w2_tcop_cm1_states_L0.4_km0_1042_up0_1000_s1024,cm1,stageB,-0.05,-0.1042,0.1,,1024,300,12,0,False,EXITS_PRIMARY_BLOCK_SET,0.40892799999999996,-0.0007143161205584709,-0.31020016882513884,-0.008130313152706469,-0.7119632243074092,0.00898751740102172,0.02871012851594845,0.1388997570748401,0.24156805439999998,0.04912322074131541,True,True,False,False,True,-0.04997621087120674,-0.05031493730444553,0.0008842517127437,"{""0.0000"": 2, ""0.0500"": 1, ""0.1000"": 1}"
c3_w2_tcop_cm1_states_L0.4_km0_1042_up0_1000_s31415,cm1,stageB,-0.05,-0.1042,0.1,,31415,0,0,0,False,PRE_PRIMARY_PHASE_IMBALANCE,0.4033120000000001,-0.0016880042423149466,-1.1566530555387666,0.0021697543624322056,0.18158523282388536,0.05998695621738857,0.08220864565971113,0.8509540979416574,0.23955212799999998,0.048007402095926834,False,True,False,False,True,-0.04997621087120674,-0.05031493730444553,0.0008842517127437,"{""0.0000"": 2, ""0.0500"": 1, ""0.1000"": 1}"
c3_w2_tcop_cm1_states_L0.4_km0_1042_up0_1000_s31415,cm1,stageB,-0.05,-0.1042,0.1,,31415,25,1,1,False,PRE_PRIMARY_PHASE_IMBALANCE,0.40906,-0.00040912076644517194,-0.08133623269616394,-0.005011074239219455,-0.5397079514862466,0.006578274786904043,0.027551610341478856,0.15254485857198233,0.24160289759999998,0.048656719988096196,True,True,False,False,True,-0.04997621087120674,-0.05043260080949839,0.0008842517127437,"{""0.0000"": 1, ""0.0500"": 2, ""0.1000"": 1}"
c3_w2_tcop_cm1_states_L0.4_km0_1042_up0_1000_s31415,cm1,stageB,-0.05,-0.1042,0.1,,31415,50,2,2,False,PRE_PRIMARY_PHASE_IMBALANCE,0.410756,0.00029194541351693597,0.6531952678814936,-0.01846984083050344,-1.8014368725910919,0.0007777657451553124,0.027876233756869005,0.1363339789648015,0.2419043984,0.04835233669637901,True,True,False,False,True,-0.04997621087120674,-0.05053600023263145,0.0008842517127437,"{""0.0000"": 1, ""0.0500"": 1, ""0.1000"": 2}"
c3_w2_tcop_cm1_states_L0.4_km0_1042_up0_1000_s31415,cm1,stageB,-0.05,-0.1042,0.1,,31415,75,3,0,True,,0.40713200000000005,0.00041363806993409023,0.796986945968997,-0.02017177343867259,-2.037171425399401,0.008045566432287892,0.0278582013547134,0.1385300095828134,0.24124689440000002,0.048803837717950015,True,True,False,False,False,-0.04997621087120674,-0.05031493730444553,0.0008842517127437,"{""0.0000"": 2, ""0.0500"": 1, ""0.1000"": 1}"
c3_w2_tcop_cm1_states_L0.4_km0_1042_up0_1000_s31415,cm1,stageB,-0.05,-0.1042,0.1,,31415,100,4,1,True,,0.408888,0.0002810469123824231,0.6832315412544363,-0.01709173195364276,-1.72551457265873,0.0106085621509289,0.027976809721737488,0.13793508213022862,0.241567744,0.04781509652818866,True,True,False,False,True,-0.04997621087120674,-0.05043260080949839,0.0008842517127437,"{""0.0000"": 1, ""0.0500"": 2, ""0.1000"": 1}"
c3_w2_tcop_cm1_states_L0.4_km0_1042_up0_1000_s31415,cm1,stageB,-0.05,-0.1042,0.1,,31415,125,5,2,True,,0.410308,0.0009569744184219094,1.4863970179691652,-0.00840691391402398,-0.8488874879512692,0.009417672590404493,0.028977271191932212,0.1374577143573664,0.2418139824,0.04749594862722504,True,True,False,False,True,-0.04997621087120674,-0.05053600023263145,0.0008842517127437,"{""0.0000"": 1, ""0.0500"": 1, ""0.1000"": 2}"
c3_w2_tcop_cm1_states_L0.4_km0_1042_up0_1000_s31415,cm1,stageB,-0.05,-0.1042,0.1,,31415,150,6,0,True,,0.40702,0.00022983170824780768,0.7440605271343244,-0.012640006495418542,-1.3276298535723488,0.001412356848156075,0.02888603388971652,0.1346371182383245,0.24121648799999998,0.04750115367020047,True,True,False,False,True,-0.04997621087120674,-0.05031493730444553,0.0008842517127437,"{""0.0000"": 2, ""0.0500"": 1, ""0.1000"": 1}"
c3_w2_tcop_cm1_states_L0.4_km0_1042_up0_1000_s31415,cm1,stageB,-0.05,-0.1042,0.1,,31415,175,7,1,True,,0.40903999999999996,-3.553042887771509e-05,0.3762440546859895,-0.009612671277514931,-0.8722295703742435,0.007763342323468832,0.02797510428817091,0.14277332255336075,0.24159533759999996,0.048799573768630394,True,True,False,False,True,-0.04997621087120674,-0.05043260080949839,0.0008842517127437,"{""0.0000"": 1, ""0.0500"": 2, ""0.1000"": 1}"
c3_w2_tcop_cm1_states_L0.4_km0_1042_up0_1000_s31415,cm1,stageB,-0.05,-0.1042,0.1,,31415,200,8,2,True,,0.41033200000000003,0.0013460707300043497,1.645512078398066,-0.016858563978165698,-1.707266305328837,0.005678116709447361,0.02793402376626605,0.14232377649726619,0.2418282672,0.0481407288685994,True,True,False,False,True,-0.04997621087120674,-0.05053600023263145,0.0008842517127437,"{""0.0000"": 1, ""0.0500"": 1, ""0.1000"": 2}"
c3_w2_tcop_cm1_states_L0.4_km0_1042_up0_1000_s31415,cm1,stageB,-0.05,-0.1042,0.1,,31415,225,9,0,True,,0.40722,-0.00025253723602172115,0.13961606477280114,-0.013623288108757799,-1.1848484226382676,0.008303173010924994,0.027424998409283394,0.15323412368441108,0.24126714719999995,0.048069029530457545,True,True,False,False,True,-0.04997621087120674,-0.05031493730444553,0.0008842517127437,"{""0.0000"": 2, ""0.0500"": 1, ""0.1000"": 1}"
c3_w2_tcop_cm1_states_L0.4_km0_1042_up0_1000_s31415,cm1,stageB,-0.05,-0.1042,0.1,,31415,250,10,1,True,,0.409596,-0.0012717052116186828,-0.8274821576939974,-0.006530815785923993,-0.6583476158494517,0.012046439431281716,0.026713661667815785,0.15234523737452213,0.24170739360000007,0.04886345038983637,True,True,False,False,True,-0.04997621087120674,-0.05043260080949839,0.0008842517127437,"{""0.0000"": 1, ""0.0500"": 2, ""0.1000"": 1}"
c3_w2_tcop_cm1_states_L0.4_km0_1042_up0_1000_s31415,cm1,stageB,-0.05,-0.1042,0.1,,31415,275,11,2,True,,0.41041200000000005,-0.001203701820256627,-0.7887245914925352,-0.015384177281846888,-1.491014830215936,0.006981195748833828,0.02596889953064435,0.14619455535853101,0.24186039839999995,0.048468033341574734,True,True,False,False,True,-0.04997621087120674,-0.05053600023263145,0.0008842517127437,"{""0.0000"": 1, ""0.0500"": 1, ""0.1000"": 2}"
c3_w2_tcop_cm1_states_L0.4_km0_1042_up0_1000_s31415,cm1,stageB,-0.05,-0.1042,0.1,,31415,300,12,0,False,EXITS_PRIMARY_BLOCK_SET,0.40860799999999997,-0.0022528799705468262,-1.842391212224716,-0.011348888484705997,-1.0189997758626885,0.013470686843065911,0.024949352831245507,0.1468400027732203,0.24154357440000002,0.048619978774162374,True,True,False,False,True,-0.04997621087120674,-0.05031493730444553,0.0008842517127437,"{""0.0000"": 2, ""0.0500"": 1, ""0.1000"": 1}"
c3_w2_tcop_cm1_states_L0.4_km0_1042_up0_2500_s42,cm1,stageB,-0.05,-0.1042,0.25,,42,0,0,0,False,PRE_PRIMARY_PHASE_IMBALANCE,0.41186799999999996,-0.0003945750268460383,-0.05085521213869237,-0.01765080283695139,-1.6661579116673395,0.061750811562396056,0.08537130551677469,0.872124076470801,0.2409964048,0.049034585508597905,False,True,False,False,True,-0.04997621087120674,-0.050684538762957324,0.001764284424786433,"{""0.0000"": 2, ""0.1250"": 1, ""0.2500"": 1}"
c3_w2_tcop_cm1_states_L0.4_km0_1042_up0_2500_s42,cm1,stageB,-0.05,-0.1042,0.25,,42,25,1,1,False,PRE_PRIMARY_PHASE_IMBALANCE,0.41913199999999995,5.650767107699557e-05,0.5064145312608638,-0.015084588737226642,-1.5187670212722064,0.02410193009580986,0.03451093874678111,0.18228147652223775,0.2432511408,0.048102459147116375,True,True,False,False,True,-0.04997621087120674,-0.0509517955485113,0.001764284424786433,"{""0.0000"": 1, ""0.1250"": 2, ""0.2500"": 1}"
c3_w2_tcop_cm1_states_L0.4_km0_1042_up0_2500_s42,cm1,stageB,-0.05,-0.1042,0.25,,42,50,2,2,False,PRE_PRIMARY_PHASE_IMBALANCE,0.42416,0.0009231831592617144,1.3132349365686995,-0.005009626333974615,-0.458219611273615,0.02450603409901579,0.040138305913791604,0.18766503162093306,0.24395844160000002,0.047944701479934154,True,True,False,False,True,-0.04997621087120674,-0.05112560986915393,0.001764284424786433,"{""0.0000"": 1, ""0.1250"": 1, ""0.2500"": 2}"
c3_w2_tcop_cm1_states_L0.4_km0_1042_up0_2500_s42,cm1,stageB,-0.05,-0.1042,0.25,,42,75,3,0,True,,0.416556,0.0007632035442563955,1.2002552873626147,-0.014071097355412709,-1.303945261442017,0.00812745116077555,0.04332887288416777,0.19781253853548486,0.242711336,0.04837704893852043,True,True,False,False,True,-0.04997621087120674,-0.050684538762957324,0.001764284424786433,"{""0.0000"": 2, ""0.1250"": 1, ""0.2500"": 1}"
c3_w2_tcop_cm1_states_L0.4_km0_1042_up0_2500_s42,cm1,stageB,-0.05,-0.1042,0.25,,42,100,4,1,True,,0.420128,0.0008506823864467225,1.1247560429021768,-0.013921510300835268,-1.52919921638588,0.030056703519451566,0.040300301539461375,0.19613070255700468,0.24333379519999998,0.04775336235282286,True,True,False,False,True,-0.04997621087120674,-0.0509517955485113,0.001764284424786433,"{""0.0000"": 1, ""0.1250"": 2, ""0.2500"": 1}"
c3_w2_tcop_cm1_states_L0.4_km0_1042_up0_2500_s42,cm1,stageB,-0.05,-0.1042,0.25,,42,125,5,2,True,,0.424152,-2.1211859619302004e-05,0.30329286470199635,-0.011996424849587139,-1.178284844872386,0.006625457414974953,0.042187446634002326,0.19426997822886605,0.2439268896,0.048086181965300595,True,True,False,False,True,-0.04997621087120674,-0.05112560986915393,0.001764284424786433,"{""0.0000"": 1, ""0.1250"": 1, ""0.2500"": 2}"
c3_w2_tcop_cm1_states_L0.4_km0_1042_up0_2500_s42,cm1,stageB,-0.05,-0.1042,0.25,,42,150,6,0,True,,0.41590799999999994,-9.076192777019923e-05,0.2693030664702861,-0.007647817471161621,-0.576707392505249,0.018339927950261178,0.04162235328864352,0.16734470082964334,0.2426288624,0.047800580916972125,True,True,False,False,True,-0.04997621087120674,-0.050684538762957324,0.001764284424786433,"{""0.0000"": 2, ""0.1250"": 1, ""0.2500"": 1}"
c3_w2_tcop_cm1_states_L0.4_km0_1042_up0_2500_s42,cm1,stageB,-0.05,-0.1042,0.25,,42,175,7,1,True,,0.41969999999999996,0.00036861473810869576,0.7382190540967267,0.0019391568100012358,0.2529146103461504,0.028793158017755584,0.03662991349548847,0.14963068823056788,0.2433155632,0.048279498754647404,True,True,False,False,True,-0.04997621087120674,-0.0509517955485113,0.001764284424786433,"{""0.0000"": 1, ""0.1250"": 2, ""0.2500"": 1}"
c3_w2_tcop_cm1_states_L0.4_km0_1042_up0_2500_s42,cm1,stageB,-0.05,-0.1042,0.25,,42,200,8,2,True,,0.42298,0.000597077760097408,1.0177927887744873,0.004069462785346316,0.45675731533652625,0.00666254150437046,0.03798241560301223,0.14847037649895892,0.24380980959999998,0.04795789403216117,True,True,False,False,True,-0.04997621087120674,-0.05112560986915393,0.001764284424786433,"{""0.0000"": 1, ""0.1250"": 1, ""0.2500"": 2}"
c3_w2_tcop_cm1_states_L0.4_km0_1042_up0_2500_s42,cm1,stageB,-0.05,-0.1042,0.25,,42,225,9,0,True,,0.415992,0.0007842413942038844,1.261509577382621,0.004001075518383347,0.5440965910649918,0.017442464218342273,0.03779419869226881,0.15384911211309565,0.24269547200000005,0.04833069351871541,True,True,False,False,True,-0.04997621087120674,-0.050684538762957324,0.001764284424786433,"{""0.0000"": 2, ""0.1250"": 1, ""0.2500"": 1}"
c3_w2_tcop_cm1_states_L0.4_km0_1042_up0_2500_s42,cm1,stageB,-0.05,-0.1042,0.25,,42,250,10,1,True,,0.41947199999999996,-0.0006223520643026178,-0.2639773885268677,-0.013529915698193626,-1.346155757430451,0.02103769131481902,0.03370169342582882,0.14780485908998728,0.24331538879999998,0.04861647062467616,True,True,False,False,True,-0.04997621087120674,-0.0509517955485113,0.001764284424786433,"{""0.0000"": 1, ""0.1250"": 2, ""0.2500"": 1}"
c3_w2_tcop_cm1_states_L0.4_km0_1042_up0_2500_s42,cm1,stageB,-0.05,-0.1042,0.25,,42,275,11,2,True,,0.42347999999999997,-0.0010177525766431343,-0.6139564510996431,-0.025536372616051666,-2.4651740957683224,0.013165385648878668,0.036517879895944384,0.14829507852013069,0.243905536,0.04712504217504744,True,True,False,False,False,-0.04997621087120674,-0.05112560986915393,0.001764284424786433,"{""0.0000"": 1, ""0.1250"": 1, ""0.2500"": 2}"
c3_w2_tcop_cm1_states_L0.4_km0_1042_up0_2500_s42,cm1,stageB,-0.05,-0.1042,0.25,,42,300,12,0,False,EXITS_PRIMARY_BLOCK_SET,0.41648799999999997,-0.00226189124952254,-1.9439463495935212,-0.01574159660590867,-1.6736310005994721,0.004044506551929887,0.039284619247793855,0.16807206889977128,0.24275804480000002,0.04739098918570913,True,True,False,False,True,-0.04997621087120674,-0.050684538762957324,0.001764284424786433,"{""0.0000"": 2, ""0.1250"": 1, ""0.2500"": 1}"
c3_w2_tcop_cm1_states_L0.4_km0_1042_up0_2500_s137,cm1,stageB,-0.05,-0.1042,0.25,,137,0,0,0,False,PRE_PRIMARY_PHASE_IMBALANCE,0.413356,0.00046550521044499873,0.9249317022014304,-0.013761396133157985,-1.4907317128381463,0.05052247536340382,0.08478002678649015,0.8535015801064902,0.24126471200000005,0.04753332792893845,False,True,False,False,True,-0.04997621087120674,-0.050684538762957324,0.001764284424786433,"{""0.0000"": 2, ""0.1250"": 1, ""0.2500"": 1}"
c3_w2_tcop_cm1_states_L0.4_km0_1042_up0_2500_s137,cm1,stageB,-0.05,-0.1042,0.25,,137,25,1,1,False,PRE_PRIMARY_PHASE_IMBALANCE,0.419292,0.00054752241933849,1.0855118896944245,-0.017703838384677123,-1.7843300120131094,0.0258387075606043,0.03652616231222499,0.17267202767362108,0.24325166560000003,0.047521981608514605,True,True,False,False,True,-0.04997621087120674,-0.0509517955485113,0.001764284424786433,"{""0.0000"": 1, ""0.1250"": 2, ""0.2500"": 1}"
c3_w2_tcop_cm1_states_L0.4_km0_1042_up0_2500_s137,cm1,stageB,-0.05,-0.1042,0.25,,137,50,2,2,False,PRE_PRIMARY_PHASE_IMBALANCE,0.42345600000000005,0.0018839494799401,2.110478206540505,-0.02130190664810349,-1.9848413063887087,0.011464533413347893,0.03910370261424318,0.1794755531165561,0.24386682559999998,0.04807053217928839,True,True,False,False,False,-0.04997621087120674,-0.05112560986915393,0.001764284424786433,"{""0.0000"": 1, ""0.1250"": 1, ""0.2500"": 2}"
c3_w2_tcop_cm1_states_L0.4_km0_1042_up0_2500_s137,cm1,stageB,-0.05,-0.1042,0.25,,137,75,3,0,True,,0.4157600000000001,0.002007929599886156,2.2164690489762284,-0.01600104509337159,-1.328309400353063,0.010822325231317218,0.040775516239536985,0.18568404804289956,0.24261622400000005,0.04753632716144569,True,True,False,False,False,-0.04997621087120674,-0.050684538762957324,0.001764284424786433,"{""0.0000"": 2, ""0.1250"": 1, ""0.2500"": 1}"
c3_w2_tcop_cm1_states_L0.4_km0_1042_up0_2500_s137,cm1,stageB,-0.05,-0.1042,0.25,,137,100,4,1,True,,0.419468,0.0016899228093973512,2.140604530235821,-0.011684030711751092,-1.043453774314593,0.023075533584729534,0.03661881801092524,0.18404264405379514,0.24327865439999996,0.04726602348410537,True,True,False,False,False,-0.04997621087120674,-0.0509517955485113,0.001764284424786433,"{""0.0000"": 1, ""0.1250"": 2, ""0.2500"": 1}"
c3_w2_tcop_cm1_states_L0.4_km0_1042_up0_2500_s137,cm1,stageB,-0.05,-0.1042,0.25,,137,125,5,2,True,,0.42337600000000003,0.0017047233598894334,2.4218861488090373,0.000543058928935294,0.14323806460847574,0.01298153318558254,0.03740981077107486,0.18234382633322663,0.24387790719999994,0.04686280640337281,True,True,False,False,False,-0.04997621087120674,-0.05112560986915393,0.001764284424786433,"{""0.0000"": 1, ""0.1250"": 1, ""0.2500"": 2}"
c3_w2_tcop_cm1_states_L0.4_km0_1042_up0_2500_s137,cm1,stageB,-0.05,-0.1042,0.25,,137,150,6,0,True,,0.415428,0.0017604057785888356,2.1750705103729775,-0.003299245927420713,-0.1311265823806534,0.010097777424369537,0.03901702224342469,0.17524095589310076,0.24258485280000003,0.04752953624852655,True,True,False,False,False,-0.04997621087120674,-0.050684538762957324,0.001764284424786433,"{""0.0000"": 2, ""0.1250"": 1, ""0.2500"": 1}"
c3_w2_tcop_cm1_states_L0.4_km0_1042_up0_2500_s137,cm1,stageB,-0.05,-0.1042,0.25,,137,175,7,1,True,,0.419192,0.0008153103086409576,1.1281739018967285,-0.010136770743534796,-1.1646491322715462,0.027405171795919607,0.03409558677320222,0.16889635258092633,0.2432657888,0.048233464897309626,True,True,False,False,True,-0.04997621087120674,-0.0509517955485113,0.001764284424786433,"{""0.0000"": 1, ""0.1250"": 2, ""0.2500"": 1}"
c3_w2_tcop_cm1_states_L0.4_km0_1042_up0_2500_s137,cm1,stageB,-0.05,-0.1042,0.25,,137,200,8,2,True,,0.42295199999999994,0.0008894664174322255,1.2869036814024437,-0.00013682698769490906,-0.0005346805553231952,0.015989796184057516,0.0384060571899825,0.18063515438954036,0.24379974079999997,0.04715936488121951,True,True,False,False,True,-0.04997621087120674,-0.05112560986915393,0.001764284424786433,"{""0.0000"": 1, ""0.1250"": 1, ""0.2500"": 2}"
c3_w2_tcop_cm1_states_L0.4_km0_1042_up0_2500_s137,cm1,stageB,-0.05,-0.1042,0.25,,137,225,9,0,True,,0.415948,0.00035949671919946295,0.8159659504510617,0.0032157198116833886,0.4268539296775306,0.021376924874118783,0.038348038181110655,0.18367680531297956,0.24268083359999998,0.04764977750210383,True,True,False,False,True,-0.04997621087120674,-0.050684538762957324,0.001764284424786433,"{""0.0000"": 2, ""0.1250"": 1, ""0.2500"": 1}"
c3_w2_tcop_cm1_states_L0.4_km0_1042_up0_2500_s137,cm1,stageB,-0.05,-0.1042,0.25,,137,250,10,1,True,,0.419532,-0.000420997454778967,0.016307836377278954,-0.02467210722204118,-2.524433085502625,0.02633426003295717,0.034326888644065114,0.16780603108271594,0.24331750559999998,0.04758635283355933,True,True,False,False,False,-0.04997621087120674,-0.0509517955485113,0.001764284424786433,"{""0.0000"": 1, ""0.1250"": 2, ""0.2500"": 1}"
c3_w2_tcop_cm1_states_L0.4_km0_1042_up0_2500_s137,cm1,stageB,-0.05,-0.1042,0.25,,137,275,11,2,True,,0.423804,0.0010339516973186427,1.4313766191925341,-0.027762232356892947,-2.622912154424416,0.017019568666435492,0.03850292915360863,0.1661145242467874,0.24392790239999995,0.04772388902845199,True,True,False,False,False,-0.04997621087120674,-0.05112560986915393,0.001764284424786433,"{""0.0000"": 1, ""0.1250"": 1, ""0.2500"": 2}"
c3_w2_tcop_cm1_states_L0.4_km0_1042_up0_2500_s137,cm1,stageB,-0.05,-0.1042,0.25,,137,300,12,0,False,EXITS_PRIMARY_BLOCK_SET,0.41601600000000005,0.0009023942327237719,1.5291392063959315,-0.012118005722356025,-1.3131850433405325,0.008010492964968918,0.040313618606558126,0.16249374984978038,0.24266541760000002,0.04729194163914186,True,True,False,False,True,-0.04997621087120674,-0.050684538762957324,0.001764284424786433,"{""0.0000"": 2, ""0.1250"": 1, ""0.2500"": 1}"
c3_w2_tcop_cm1_states_L0.4_km0_1042_up0_2500_s256,cm1,stageB,-0.05,-0.1042,0.25,,256,0,0,0,False,PRE_PRIMARY_PHASE_IMBALANCE,0.41430799999999995,2.6394172635823e-05,0.3719476568396887,-0.004742735351902264,-0.5139137175808846,0.06384700553374834,0.08639742399810867,0.8611950508771372,0.2413755888,0.04632711016240922,False,True,False,False,True,-0.04997621087120674,-0.050684538762957324,0.001764284424786433,"{""0.0000"": 2, ""0.1250"": 1, ""0.2500"": 1}"
c3_w2_tcop_cm1_states_L0.4_km0_1042_up0_2500_s256,cm1,stageB,-0.05,-0.1042,0.25,,256,25,1,1,False,PRE_PRIMARY_PHASE_IMBALANCE,0.420876,0.0001334836390876929,0.41257660730656215,-0.004790215770683731,-0.45564332751338643,0.038309650165195115,0.036331516878229025,0.16251817598884655,0.24350557599999997,0.04613884073099366,True,True,False,False,True,-0.04997621087120674,-0.0509517955485113,0.001764284424786433,"{""0.0000"": 1, ""0.1250"": 2, ""0.2500"": 1}"
c3_w2_tcop_cm1_states_L0.4_km0_1042_up0_2500_s256,cm1,stageB,-0.05,-0.1042,0.25,,256,50,2,2,False,PRE_PRIMARY_PHASE_IMBALANCE,0.423924,0.0013196495247751825,1.6349711070422972,0.004320439721298763,0.5403983001619252,0.00572027648948782,0.038091698274643065,0.16134967550469018,0.24395168479999998,0.046176208419488066,True,True,False,False,True,-0.04997621087120674,-0.05112560986915393,0.001764284424786433,"{""0.0000"": 1, ""0.1250"": 1, ""0.2500"": 2}"
c3_w2_tcop_cm1_states_L0.4_km0_1042_up0_2500_s256,cm1,stageB,-0.05,-0.1042,0.25,,256,75,3,0,True,,0.415212,0.00017210223715109833,0.6538829167702477,-0.010522390229978586,-1.0721641594294387,0.0008630671433400691,0.038932144814526504,0.1801489355313696,0.2425496848,0.04789232773628778,True,True,False,False,True,-0.04997621087120674,-0.050684538762957324,0.001764284424786433,"{""0.0000"": 2, ""0.1250"": 1, ""0.2500"": 1}"
c3_w2_tcop_cm1_states_L0.4_km0_1042_up0_2500_s256,cm1,stageB,-0.05,-0.1042,0.25,,256,100,4,1,True,,0.41868399999999995,0.0001631445396407535,0.35316064622623305,-0.015384827259922016,-1.8073434595381173,0.02338015989746211,0.03694676368617299,0.1786550234098866,0.24314841760000003,0.04857559206021065,True,True,False,False,True,-0.04997621087120674,-0.0509517955485113,0.001764284424786433,"{""0.0000"": 1, ""0.1250"": 2, ""0.2500"": 1}"
c3_w2_tcop_cm1_states_L0.4_km0_1042_up0_2500_s256,cm1,stageB,-0.05,-0.1042,0.25,,256,125,5,2,True,,0.423388,0.00022006308285657265,0.5369552265445429,-0.022937187158358276,-2.208188969313508,0.02554678355223827,0.04023755650650304,0.19556529661784153,0.2438403728,0.0482858307995213,True,True,False,False,False,-0.04997621087120674,-0.05112560986915393,0.001764284424786433,"{""0.0000"": 1, ""0.1250"": 1, ""0.2500"": 2}"
c3_w2_tcop_cm1_states_L0.4_km0_1042_up0_2500_s256,cm1,stageB,-0.05,-0.1042,0.25,,256,150,6,0,True,,0.4165520000000001,-0.0007278535009540344,-0.280809008978039,-0.016583239535417363,-1.596354576591572,0.02064006353429206,0.041677854093317195,0.19877470232101938,0.2427350272,0.04861225458667804,True,True,False,False,True,-0.04997621087120674,-0.050684538762957324,0.001764284424786433,"{""0.0000"": 2, ""0.1250"": 1, ""0.2500"": 1}"
c3_w2_tcop_cm1_states_L0.4_km0_1042_up0_2500_s256,cm1,stageB,-0.05,-0.1042,0.25,,256,175,7,1,True,,0.42063600000000007,0.00011469068069870526,0.4686260893009658,-0.015688971735316425,-1.4803085589821228,0.03448665972141415,0.035846588006748066,0.16165996214860362,0.2434739984,0.047845119960138044,True,True,False,False,True,-0.04997621087120674,-0.0509517955485113,0.001764284424786433,"{""0.0000"": 1, ""0.1250"": 2, ""0.2500"": 1}"
c3_w2_tcop_cm1_states_L0.4_km0_1042_up0_2500_s256,cm1,stageB,-0.05,-0.1042,0.25,,256,200,8,2,True,,0.4245840000000001,1.9503543980165535e-05,0.4001759012187385,-0.009375588552191883,-0.997937115965054,0.008255870505711319,0.03796538667445393,0.1601567648329735,0.24405258880000003,0.047059398041198956,True,True,False,False,True,-0.04997621087120674,-0.05112560986915393,0.001764284424786433,"{""0.0000"": 1, ""0.1250"": 1, ""0.2500"": 2}"
c3_w2_tcop_cm1_states_L0.4_km0_1042_up0_2500_s256,cm1,stageB,-0.05,-0.1042,0.25,,256,225,9,0,True,,0.41608000000000006,-0.0017279079570215957,-1.2350337232785433,-0.007512234529126381,-0.7748580264865825,0.002937421210546984,0.04002765093465432,0.17015958428629213,0.24268005440000004,0.04753770713864942,True,True,False,False,True,-0.04997621087120674,-0.050684538762957324,0.001764284424786433,"{""0.0000"": 2, ""0.1250"": 1, ""0.2500"": 1}"
c3_w2_tcop_cm1_states_L0.4_km0_1042_up0_2500_s256,cm1,stageB,-0.05,-0.1042,0.25,,256,250,10,1,True,,0.41882400000000003,0.0003958580642959433,0.7498794128798254,-0.018015094220110307,-1.595042480915426,0.04041318682990226,0.036661882299201025,0.16904475347868142,0.24317468479999998,0.04787041909154337,True,True,False,False,True,-0.04997621087120674,-0.0509517955485113,0.001764284424786433,"{""0.0000"": 1, ""0.1250"": 2, ""0.2500"": 1}"
c3_w2_tcop_cm1_states_L0.4_km0_1042_up0_2500_s256,cm1,stageB,-0.05,-0.1042,0.25,,256,275,11,2,True,,0.42275599999999997,-7.396992057612104e-05,0.34975860760164745,-0.004781098344473644,-0.4373908789649678,0.007406430905545035,0.04019659918262375,0.18261124577152968,0.24374459040000002,0.0479779581057802,True,True,False,False,True,-0.04997621087120674,-0.05112560986915393,0.001764284424786433,"{""0.0000"": 1, ""0.1250"": 1, ""0.2500"": 2}"
c3_w2_tcop_cm1_states_L0.4_km0_1042_up0_2500_s256,cm1,stageB,-0.05,-0.1042,0.25,,256,300,12,0,False,EXITS_PRIMARY_BLOCK_SET,0.4146119999999999,0.0001503543802930403,0.5106697463122765,-0.00018783581305715935,0.0021129613213025306,0.0174200511292617,0.03954315842125157,0.1861981800184314,0.24244009119999999,0.04787618882074888,True,True,False,False,True,-0.04997621087120674,-0.050684538762957324,0.001764284424786433,"{""0.0000"": 2, ""0.1250"": 1, ""0.2500"": 1}"
c3_w2_tcop_cm1_states_L0.4_km0_1042_up0_2500_s1024,cm1,stageB,-0.05,-0.1042,0.25,,1024,0,0,0,False,PRE_PRIMARY_PHASE_IMBALANCE,0.4123080000000001,-0.0004180088258953233,-0.00636510557983054,-0.0026827518812831287,-0.22121419600027492,0.05456874438143935,0.085110158273659,0.8488799614635658,0.24107869280000002,0.04755452802835919,False,True,False,False,True,-0.04997621087120674,-0.050684538762957324,0.001764284424786433,"{""0.0000"": 2, ""0.1250"": 1, ""0.2500"": 1}"
c3_w2_tcop_cm1_states_L0.4_km0_1042_up0_2500_s1024,cm1,stageB,-0.05,-0.1042,0.25,,1024,25,1,1,False,PRE_PRIMARY_PHASE_IMBALANCE,0.41946,0.00044898109193737697,0.8160314396730719,-0.005840337833969038,-0.5454173490209878,0.021145298573286335,0.03348488214067311,0.15639155066897545,0.24331603040000005,0.04779527591718663,True,True,False,False,True,-0.04997621087120674,-0.0509517955485113,0.001764284424786433,"{""0.0000"": 1, ""0.1250"": 2, ""0.2500"": 1}"
c3_w2_tcop_cm1_states_L0.4_km0_1042_up0_2500_s1024,cm1,stageB,-0.05,-0.1042,0.25,,1024,50,2,2,False,PRE_PRIMARY_PHASE_IMBALANCE,0.423744,0.0002735989667691084,0.6824456275065488,-0.011837919097838084,-1.3637961584058524,0.02121190818199728,0.03731008090416387,0.1633061467222989,0.24393506879999996,0.047949791073580286,True,True,False,False,True,-0.04997621087120674,-0.05112560986915393,0.001764284424786433,"{""0.0000"": 1, ""0.1250"": 1, ""0.2500"": 2}"
c3_w2_tcop_cm1_states_L0.4_km0_1042_up0_2500_s1024,cm1,stageB,-0.05,-0.1042,0.25,,1024,75,3,0,True,,0.417284,-0.0004350780978156464,0.003905129116669668,-0.014566396367029237,-1.4366422433191481,0.02384743985310647,0.03941553529103186,0.1907573734177266,0.242887544,0.04768839842141902,True,True,False,False,True,-0.04997621087120674,-0.050684538762957324,0.001764284424786433,"{""0.0000"": 2, ""0.1250"": 1, ""0.2500"": 1}"
c3_w2_tcop_cm1_states_L0.4_km0_1042_up0_2500_s1024,cm1,stageB,-0.05,-0.1042,0.25,,1024,100,4,1,True,,0.42045600000000005,-0.0002031982943033092,0.20628598867162165,-0.016031431265296964,-1.6203308046369262,0.04041274030458619,0.03418478858774479,0.1893182635297908,0.2434661632,0.047961985613608614,True,True,False,False,True,-0.04997621087120674,-0.0509517955485113,0.001764284424786433,"{""0.0000"": 1, ""0.1250"": 2, ""0.2500"": 1}"
c3_w2_tcop_cm1_states_L0.4_km0_1042_up0_2500_s1024,cm1,stageB,-0.05,-0.1042,0.25,,1024,125,5,2,True,,0.423316,-0.0004979877323228195,-0.1947621215191932,-0.003146901147872125,-0.2894056807671412,0.006626634734866564,0.037955777651115664,0.18803919486142928,0.24386140639999998,0.04758575568381782,True,True,False,False,True,-0.04997621087120674,-0.05112560986915393,0.001764284424786433,"{""0.0000"": 1, ""0.1250"": 1, ""0.2500"": 2}"
c3_w2_tcop_cm1_states_L0.4_km0_1042_up0_2500_s1024,cm1,stageB,-0.05,-0.1042,0.25,,1024,150,6,0,True,,0.41541200000000006,-0.0011821064907747943,-0.7059358693493314,0.004898712553231737,0.6140743226696241,0.00028832093658656254,0.03810903976894962,0.19161699664040277,0.2425942512,0.0481774870245429,True,True,False,False,True,-0.04997621087120674,-0.050684538762957324,0.001764284424786433,"{""0.0000"": 2, ""0.1250"": 1, ""0.2500"": 1}"
c3_w2_tcop_cm1_states_L0.4_km0_1042_up0_2500_s1024,cm1,stageB,-0.05,-0.1042,0.25,,1024,175,7,1,True,,0.41802000000000006,-0.00029338668821065125,0.12924767715461635,-0.007918983869498023,-0.7079415687427946,0.019888310012077973,0.03486354992258047,0.1550165060164191,0.243066888,0.047914503023614885,True,True,False,False,True,-0.04997621087120674,-0.0509517955485113,0.001764284424786433,"{""0.0000"": 1, ""0.1250"": 2, ""0.2500"": 1}"
c3_w2_tcop_cm1_states_L0.4_km0_1042_up0_2500_s1024,cm1,stageB,-0.05,-0.1042,0.25,,1024,200,8,2,True,,0.42279599999999995,-0.00028349690902015456,0.05309907890497889,-0.005467509504108783,-0.7463321213349987,0.0183749535646353,0.037971875627034836,0.1561036524562587,0.2437818,0.04845598398546871,True,True,False,False,True,-0.04997621087120674,-0.05112560986915393,0.001764284424786433,"{""0.0000"": 1, ""0.1250"": 1, ""0.2500"": 2}"
c3_w2_tcop_cm1_states_L0.4_km0_1042_up0_2500_s1024,cm1,stageB,-0.05,-0.1042,0.25,,1024,225,9,0,True,,0.41541200000000006,-0.000439734220825355,-0.06850346602848469,-0.013449089597291347,-1.2577120293859763,0.008330106097739423,0.03940093725235892,0.17428480598951196,0.24257697119999996,0.048877297961323514,True,True,False,False,True,-0.04997621087120674,-0.050684538762957324,0.001764284424786433,"{""0.0000"": 2, ""0.1250"": 1, ""0.2500"": 1}"
c3_w2_tcop_cm1_states_L0.4_km0_1042_up0_2500_s1024,cm1,stageB,-0.05,-0.1042,0.25,,1024,250,10,1,True,,0.41967999999999994,-5.007669919357964e-05,0.3909605664596128,-0.01803500083460317,-1.9243241048484454,0.023381293468226788,0.03562249840716121,0.1725123899816231,0.2433251936,0.04875630830979721,True,True,False,False,True,-0.04997621087120674,-0.0509517955485113,0.001764284424786433,"{""0.0000"": 1, ""0.1250"": 2, ""0.2500"": 1}"
c3_w2_tcop_cm1_states_L0.4_km0_1042_up0_2500_s1024,cm1,stageB,-0.05,-0.1042,0.25,,1024,275,11,2,True,,0.42442399999999997,-0.0003789150801206174,0.07239302429193467,-0.012158731979465221,-1.2460110486351532,0.021941386969594294,0.0402946812167853,0.1800086701505836,0.2439957888,0.048373838218607385,True,True,False,False,True,-0.04997621087120674,-0.05112560986915393,0.001764284424786433,"{""0.0000"": 1, ""0.1250"": 1, ""0.2500"": 2}"
c3_w2_tcop_cm1_states_L0.4_km0_1042_up0_2500_s1024,cm1,stageB,-0.05,-0.1042,0.25,,1024,300,12,0,False,EXITS_PRIMARY_BLOCK_SET,0.416644,-0.0005450818796747389,-0.12085933398334639,-0.0039074429221377825,-0.22725993537413824,0.01696985201211156,0.043145967847598166,0.1833699748865458,0.24272862239999998,0.04866186663086405,True,True,False,False,True,-0.04997621087120674,-0.050684538762957324,0.001764284424786433,"{""0.0000"": 2, ""0.1250"": 1, ""0.2500"": 1}"
c3_w2_tcop_cm1_states_L0.4_km0_1042_up0_2500_s31415,cm1,stageB,-0.05,-0.1042,0.25,,31415,0,0,0,False,PRE_PRIMARY_PHASE_IMBALANCE,0.41046800000000006,-0.001470616672661972,-0.9528942792628141,0.0008530910633568352,0.041825835520322,0.06984161178176145,0.08826397491040439,0.8780221579318673,0.2406714416,0.047329282436986087,False,True,False,False,True,-0.04997621087120674,-0.050684538762957324,0.001764284424786433,"{""0.0000"": 2, ""0.1250"": 1, ""0.2500"": 1}"
c3_w2_tcop_cm1_states_L0.4_km0_1042_up0_2500_s31415,cm1,stageB,-0.05,-0.1042,0.25,,31415,25,1,1,False,PRE_PRIMARY_PHASE_IMBALANCE,0.418504,-2.864940869673137e-05,0.28876957613261744,-0.006405701583171347,-0.7336747550975847,0.02230108502434859,0.03706269461381144,0.17490872207933797,0.24311781440000002,0.047917449681718245,True,True,False,False,True,-0.04997621087120674,-0.0509517955485113,0.001764284424786433,"{""0.0000"": 1, ""0.1250"": 2, ""0.2500"": 1}"
c3_w2_tcop_cm1_states_L0.4_km0_1042_up0_2500_s31415,cm1,stageB,-0.05,-0.1042,0.25,,31415,50,2,2,False,PRE_PRIMARY_PHASE_IMBALANCE,0.4226279999999999,0.0005164097435229015,0.8888772190992813,-0.018706944571015387,-1.8745829746477047,0.008767167618533083,0.039358181437190845,0.17320196443869795,0.243736888,0.04755558448804935,True,True,False,False,True,-0.04997621087120674,-0.05112560986915393,0.001764284424786433,"{""0.0000"": 1, ""0.1250"": 1, ""0.2500"": 2}"
c3_w2_tcop_cm1_states_L0.4_km0_1042_up0_2500_s31415,cm1,stageB,-0.05,-0.1042,0.25,,31415,75,3,0,True,,0.41464400000000007,0.0004847926340304608,0.8573916686019697,-0.019652835266609776,-1.9717958247997087,0.015759672030915408,0.04049874046301682,0.1852191272869759,0.24243236320000006,0.04846765172772455,True,True,False,False,True,-0.04997621087120674,-0.050684538762957324,0.001764284424786433,"{""0.0000"": 2, ""0.1250"": 1, ""0.2500"": 1}"
c3_w2_tcop_cm1_states_L0.4_km0_1042_up0_2500_s31415,cm1,stageB,-0.05,-0.1042,0.25,,31415,100,4,1,True,,0.418808,0.0004920434121347038,0.917171058154259,-0.015487770774920619,-1.5168844806129675,0.023432268100666665,0.03714851549187325,0.18337758547263278,0.24316580480000002,0.04729333077718253,True,True,False,False,True,-0.04997621087120674,-0.0509517955485113,0.001764284424786433,"{""0.0000"": 1, ""0.1250"": 2, ""0.2500"": 1}"
c3_w2_tcop_cm1_states_L0.4_km0_1042_up0_2500_s31415,cm1,stageB,-0.05,-0.1042,0.25,,31415,125,5,2,True,,0.42291599999999996,0.0009503605629805973,1.4385342502250327,-0.004556086394873257,-0.4288964430128385,0.019717092395817697,0.04058045861527247,0.18159634494415827,0.24376351839999993,0.04685655710783711,True,True,False,False,True,-0.04997621087120674,-0.05112560986915393,0.001764284424786433,"{""0.0000"": 1, ""0.1250"": 1, ""0.2500"": 2}"
c3_w2_tcop_cm1_states_L0.4_km0_1042_up0_2500_s31415,cm1,stageB,-0.05,-0.1042,0.25,,31415,150,6,0,True,,0.415024,0.0002604696210746811,0.7634575918924273,-0.011668410269873131,-1.2043194265531683,0.005900200630776226,0.04266625258377503,0.17155634331615432,0.2424655232,0.04698637487612765,True,True,False,False,True,-0.04997621087120674,-0.050684538762957324,0.001764284424786433,"{""0.0000"": 2, ""0.1250"": 1, ""0.2500"": 1}"
c3_w2_tcop_cm1_states_L0.4_km0_1042_up0_2500_s31415,cm1,stageB,-0.05,-0.1042,0.25,,31415,175,7,1,True,,0.41917999999999994,-0.00019197826861244618,0.22865594697153457,-0.01205278688193671,-1.1068507873960676,0.027538227777796003,0.037886340928943975,0.16794694363293353,0.2432159152,0.04835542989158508,True,True,False,False,True,-0.04997621087120674,-0.0509517955485113,0.001764284424786433,"{""0.0000"": 1, ""0.1250"": 2, ""0.2500"": 1}"
c3_w2_tcop_cm1_states_L0.4_km0_1042_up0_2500_s31415,cm1,stageB,-0.05,-0.1042,0.25,,31415,200,8,2,True,,0.422712,0.0011694327374317602,1.4211940166905819,-0.02125335625736165,-2.136299713179359,0.012114991065066305,0.04039447489052876,0.16654365107557004,0.24373500160000003,0.04738697137399688,True,True,False,False,False,-0.04997621087120674,-0.05112560986915393,0.001764284424786433,"{""0.0000"": 1, ""0.1250"": 1, ""0.2500"": 2}"
c3_w2_tcop_cm1_states_L0.4_km0_1042_up0_2500_s31415,cm1,stageB,-0.05,-0.1042,0.25,,31415,225,9,0,True,,0.41482399999999997,-0.00035139299589360794,0.06572383054473328,-0.018515284693710967,-1.628480343836555,0.0162718525910451,0.04123215602566183,0.17935317103312937,0.2424524992,0.047639574137475243,True,True,False,False,True,-0.04997621087120674,-0.050684538762957324,0.001764284424786433,"{""0.0000"": 2, ""0.1250"": 1, ""0.2500"": 1}"
c3_w2_tcop_cm1_states_L0.4_km0_1042_up0_2500_s31415,cm1,stageB,-0.05,-0.1042,0.25,,31415,250,10,1,True,,0.41944400000000004,-0.001292188020257442,-0.8550591278328811,-0.010751658147846932,-1.133704323261735,0.02805193683450072,0.03690289303432569,0.1773776709706715,0.2432711408,0.048055497749997345,True,True,False,False,True,-0.04997621087120674,-0.0509517955485113,0.001764284424786433,"{""0.0000"": 1, ""0.1250"": 2, ""0.2500"": 1}"
c3_w2_tcop_cm1_states_L0.4_km0_1042_up0_2500_s31415,cm1,stageB,-0.05,-0.1042,0.25,,31415,275,11,2,True,,0.42281199999999997,-0.001189345489242818,-0.7710621157063021,-0.013193554755936341,-1.2298419937954992,0.015683431640132965,0.03906416839302831,0.1759647309537934,0.24376920800000001,0.04761903669752256,True,True,False,False,True,-0.04997621087120674,-0.05112560986915393,0.001764284424786433,"{""0.0000"": 1, ""0.1250"": 1, ""0.2500"": 2}"
c3_w2_tcop_cm1_states_L0.4_km0_1042_up0_2500_s31415,cm1,stageB,-0.05,-0.1042,0.25,,31415,300,12,0,False,EXITS_PRIMARY_BLOCK_SET,0.41633200000000004,-0.002256302369368189,-1.8398388273337565,-0.010512733395707092,-0.9043888105197514,0.02139525842760068,0.038132846804707174,0.1767819908707906,0.2427476208,0.0480127668021746,True,True,False,False,True,-0.04997621087120674,-0.050684538762957324,0.001764284424786433,"{""0.0000"": 2, ""0.1250"": 1, ""0.2500"": 1}"
c3_w2_tcop_cm1_states_L0.4_km0_1042_up0_5000_s42,cm1,stageB,-0.05,-0.1042,0.5,,42,0,0,0,False,PRE_PRIMARY_PHASE_IMBALANCE,0.423552,-0.0003860280960461733,-0.038893367290656115,-0.01590155131324195,-1.5395047663451684,0.07483409248009013,0.09999855961678308,0.9141734641456692,0.24236179200000002,0.048156653704342876,False,True,False,False,True,-0.04997621087120674,-0.050907504411069504,0.001960889734664628,"{""0.0000"": 2, ""0.2500"": 1, ""0.5000"": 1}"
c3_w2_tcop_cm1_states_L0.4_km0_1042_up0_5000_s42,cm1,stageB,-0.05,-0.1042,0.5,,42,25,1,1,False,PRE_PRIMARY_PHASE_IMBALANCE,0.434752,4.689741161592702e-05,0.5174089651160275,-0.013684959824160372,-1.4508992659530495,0.04869800968602234,0.05463175094184229,0.24013690508580324,0.24517857599999998,0.04693888042976739,True,True,False,False,True,-0.04997621087120674,-0.05134857551726611,0.001960889734664628,"{""0.0000"": 1, ""0.2500"": 2, ""0.5000"": 1}"
c3_w2_tcop_cm1_states_L0.4_km0_1042_up0_5000_s42,cm1,stageB,-0.05,-0.1042,0.5,,42,50,2,2,False,PRE_PRIMARY_PHASE_IMBALANCE,0.44319200000000003,0.0010529552069473407,1.4280503819234378,-0.008968537109821685,-0.858835924760128,0.03651333554150544,0.06314153389988457,0.24639433869204694,0.2459897568,0.04684240745307611,True,True,False,False,True,-0.04997621087120674,-0.05139772684473566,0.001960889734664628,"{""0.0000"": 1, ""0.2500"": 1, ""0.5000"": 2}"
c3_w2_tcop_cm1_states_L0.4_km0_1042_up0_5000_s42,cm1,stageB,-0.05,-0.1042,0.5,,42,75,3,0,True,,0.4284799999999999,0.0009084874115556551,1.3665906002912374,-0.015351749775313102,-1.4589601467135829,0.019546764190177215,0.06907105854784582,0.2613890957305146,0.244008992,0.04795924936860459,False,True,False,False,True,-0.04997621087120674,-0.050907504411069504,0.001960889734664628,"{""0.0000"": 2, ""0.2500"": 1, ""0.5000"": 1}"
c3_w2_tcop_cm1_states_L0.4_km0_1042_up0_5000_s42,cm1,stageB,-0.05,-0.1042,0.5,,42,100,4,1,True,,0.43575200000000003,0.0012314360903234731,1.4686504928322182,-0.013066501598225966,-1.4082395982458014,0.05377614618534059,0.06070674317032121,0.25702693216089206,0.2451724288,0.04705012748123006,False,True,False,False,True,-0.04997621087120674,-0.05134857551726611,0.001960889734664628,"{""0.0000"": 1, ""0.2500"": 2, ""0.5000"": 1}"
c3_w2_tcop_cm1_states_L0.4_km0_1042_up0_5000_s42,cm1,stageB,-0.05,-0.1042,0.5,,42,125,5,2,True,,0.4432919999999999,0.00037604148967144697,0.7139550265244213,-0.005355197946844011,-0.5127584378175218,0.01897431286180951,0.06575424288041527,0.25265513419449226,0.2459345776,0.04635518024989225,False,True,False,False,True,-0.04997621087120674,-0.05139772684473566,0.001960889734664628,"{""0.0000"": 1, ""0.2500"": 1, ""0.5000"": 2}"
c3_w2_tcop_cm1_states_L0.4_km0_1042_up0_5000_s42,cm1,stageB,-0.05,-0.1042,0.5,,42,150,6,0,True,,0.42791599999999996,0.00033718046161118376,0.6723435692424826,-0.00039510214392549336,0.114837307951523,0.029260069864058144,0.06732762957553973,0.24116882696330866,0.24397384800000002,0.04700741371315806,True,True,False,False,True,-0.04997621087120674,-0.050907504411069504,0.001960889734664628,"{""0.0000"": 2, ""0.2500"": 1, ""0.5000"": 1}"
c3_w2_tcop_cm1_states_L0.4_km0_1042_up0_5000_s42,cm1,stageB,-0.05,-0.1042,0.5,,42,175,7,1,True,,0.435376,0.0005009991659960853,0.8494436241284947,0.006357595349702326,0.7134928515348312,0.05155342614406316,0.05683561455174709,0.22141780846574508,0.24521143039999999,0.04700785704539189,True,True,False,False,True,-0.04997621087120674,-0.05134857551726611,0.001960889734664628,"{""0.0000"": 1, ""0.2500"": 2, ""0.5000"": 1}"
c3_w2_tcop_cm1_states_L0.4_km0_1042_up0_5000_s42,cm1,stageB,-0.05,-0.1042,0.5,,42,200,8,2,True,,0.44272399999999995,0.0003688262281894655,0.7794873093518614,0.0037434428607250572,0.4109511050006398,0.025066429030069854,0.06244137326821218,0.2177428822071023,0.2459552528,0.04637218804412835,True,True,False,False,True,-0.04997621087120674,-0.05139772684473566,0.001960889734664628,"{""0.0000"": 1, ""0.2500"": 1, ""0.5000"": 2}"
c3_w2_tcop_cm1_states_L0.4_km0_1042_up0_5000_s42,cm1,stageB,-0.05,-0.1042,0.5,,42,225,9,0,True,,0.428564,0.0005684612339880554,1.0431428953847988,0.0044874765626251355,0.5823934066728781,0.02990582882897265,0.0647199780039835,0.22307053270206895,0.244127576,0.047483659336660225,True,True,False,False,True,-0.04997621087120674,-0.050907504411069504,0.001960889734664628,"{""0.0000"": 2, ""0.2500"": 1, ""0.5000"": 1}"
c3_w2_tcop_cm1_states_L0.4_km0_1042_up0_5000_s42,cm1,stageB,-0.05,-0.1042,0.5,,42,250,10,1,True,,0.43574399999999996,-0.0010224739910021576,-0.6764281770235024,-0.01352522498401877,-1.3341066935099,0.04531627419803133,0.05543103790414593,0.21480502263988718,0.24528776319999998,0.04749785746746899,True,True,False,False,True,-0.04997621087120674,-0.05134857551726611,0.001960889734664628,"{""0.0000"": 1, ""0.2500"": 2, ""0.5000"": 1}"
c3_w2_tcop_cm1_states_L0.4_km0_1042_up0_5000_s42,cm1,stageB,-0.05,-0.1042,0.5,,42,275,11,2,True,,0.44356,-0.001111744894736859,-0.7515428611820966,-0.023945440967331217,-2.380635513393007,0.024094392431190235,0.061525855600110736,0.2110199291842819,0.24606976,0.046124683196744024,True,True,False,False,False,-0.04997621087120674,-0.05139772684473566,0.001960889734664628,"{""0.0000"": 1, ""0.2500"": 1, ""0.5000"": 2}"
c3_w2_tcop_cm1_states_L0.4_km0_1042_up0_5000_s42,cm1,stageB,-0.05,-0.1042,0.5,,42,300,12,0,False,EXITS_PRIMARY_BLOCK_SET,0.4288599999999999,-0.0022568486087784258,-2.060261427507115,-0.012781445509671805,-1.3435221309958563,0.01680660530539091,0.06611339659897483,0.23410903270505753,0.24413518560000003,0.04672066352268555,True,True,False,False,False,-0.04997621087120674,-0.050907504411069504,0.001960889734664628,"{""0.0000"": 2, ""0.2500"": 1, ""0.5000"": 1}"
c3_w2_tcop_cm1_states_L0.4_km0_1042_up0_5000_s137,cm1,stageB,-0.05,-0.1042,0.5,,137,0,0,0,False,PRE_PRIMARY_PHASE_IMBALANCE,0.42488,0.00010747414234711587,0.5402461244613358,-0.010335590437637902,-1.1544122669051948,0.06446097428314054,0.0990501984913882,0.9141404610380801,0.2425858848,0.04701346190188509,False,True,False,False,True,-0.04997621087120674,-0.050907504411069504,0.001960889734664628,"{""0.0000"": 2, ""0.2500"": 1, ""0.5000"": 1}"
c3_w2_tcop_cm1_states_L0.4_km0_1042_up0_5000_s137,cm1,stageB,-0.05,-0.1042,0.5,,137,25,1,1,False,PRE_PRIMARY_PHASE_IMBALANCE,0.43466800000000005,0.00032703393864337154,0.8311124331575391,-0.016901566275861337,-1.7560787206207358,0.049869803231198204,0.05645402135483363,0.2484654949329936,0.24512957919999998,0.046445772423332574,True,True,False,False,True,-0.04997621087120674,-0.05134857551726611,0.001960889734664628,"{""0.0000"": 1, ""0.2500"": 2, ""0.5000"": 1}"
c3_w2_tcop_cm1_states_L0.4_km0_1042_up0_5000_s137,cm1,stageB,-0.05,-0.1042,0.5,,137,50,2,2,False,PRE_PRIMARY_PHASE_IMBALANCE,0.442268,0.0017463681520686891,1.9977860407108483,-0.023407286514422497,-2.1467267562272183,0.02169055704287897,0.06181480080009786,0.2505268293194922,0.2459196112,0.04649146347449175,False,True,False,False,False,-0.04997621087120674,-0.05139772684473566,0.001960889734664628,"{""0.0000"": 1, ""0.2500"": 1, ""0.5000"": 2}"
c3_w2_tcop_cm1_states_L0.4_km0_1042_up0_5000_s137,cm1,stageB,-0.05,-0.1042,0.5,,137,75,3,0,True,,0.42736,0.0021847605145657346,2.332511459449967,-0.013543080693119764,-1.071833658379546,0.020976264556036545,0.06481585526189028,0.26207412892625864,0.24395615680000002,0.04654449913792177,False,True,False,False,False,-0.04997621087120674,-0.050907504411069504,0.001960889734664628,"{""0.0000"": 2, ""0.2500"": 1, ""0.5000"": 1}"
c3_w2_tcop_cm1_states_L0.4_km0_1042_up0_5000_s137,cm1,stageB,-0.05,-0.1042,0.5,,137,100,4,1,True,,0.434836,0.0020513186478906403,2.535815624390069,-0.01132874892749088,-1.0396965000358955,0.04468945352647044,0.05603767222282936,0.25756837001175537,0.2451598928,0.04582240831732876,False,True,False,False,False,-0.04997621087120674,-0.05134857551726611,0.001960889734664628,"{""0.0000"": 1, ""0.2500"": 2, ""0.5000"": 1}"
c3_w2_tcop_cm1_states_L0.4_km0_1042_up0_5000_s137,cm1,stageB,-0.05,-0.1042,0.5,,137,125,5,2,True,,0.44232000000000005,0.0019923945006620407,2.6238905299158635,-0.002185798170407431,-0.08505232601278133,0.028059235594258363,0.06073938872461776,0.25321034487879746,0.24595122240000003,0.04503129578415438,False,True,False,False,False,-0.04997621087120674,-0.05139772684473566,0.001960889734664628,"{""0.0000"": 1, ""0.2500"": 1, ""0.5000"": 2}"
c3_w2_tcop_cm1_states_L0.4_km0_1042_up0_5000_s137,cm1,stageB,-0.05,-0.1042,0.5,,137,150,6,0,True,,0.427436,0.0019440551260953127,2.3711129609308865,-0.0010321249379265228,0.10492044368849807,0.02243198701431376,0.06538110843957497,0.24424709139088166,0.24395347360000003,0.0468361602183612,True,True,False,False,False,-0.04997621087120674,-0.050907504411069504,0.001960889734664628,"{""0.0000"": 2, ""0.2500"": 1, ""0.5000"": 1}"
c3_w2_tcop_cm1_states_L0.4_km0_1042_up0_5000_s137,cm1,stageB,-0.05,-0.1042,0.5,,137,175,7,1,True,,0.4351,0.000933476629922379,1.231504058177174,-0.003329928227443381,-0.4180208989311878,0.04943633860184142,0.05586939099830291,0.23534819527614753,0.24519707359999998,0.047553233328555065,True,True,False,False,True,-0.04997621087120674,-0.05134857551726611,0.001960889734664628,"{""0.0000"": 1, ""0.2500"": 2, ""0.5000"": 1}"
c3_w2_tcop_cm1_states_L0.4_km0_1042_up0_5000_s137,cm1,stageB,-0.05,-0.1042,0.5,,137,200,8,2,True,,0.442348,0.0013588203660152586,1.75103927076786,0.005542711308597252,0.5858542051240343,0.02899563824695908,0.06265856707068804,0.24415166284429538,0.2459080208,0.04578085730957864,True,True,False,False,True,-0.04997621087120674,-0.05139772684473566,0.001960889734664628,"{""0.0000"": 1, ""0.2500"": 1, ""0.5000"": 2}"
c3_w2_tcop_cm1_states_L0.4_km0_1042_up0_5000_s137,cm1,stageB,-0.05,-0.1042,0.5,,137,225,9,0,True,,0.428212,0.0007420527577722937,1.2534092085988549,0.005916600091049411,0.6940315266343724,0.030438248745719296,0.0653802255808458,0.25221152080695663,0.24406267359999997,0.04673545823034155,False,True,False,False,True,-0.04997621087120674,-0.050907504411069504,0.001960889734664628,"{""0.0000"": 2, ""0.2500"": 1, ""0.5000"": 1}"
c3_w2_tcop_cm1_states_L0.4_km0_1042_up0_5000_s137,cm1,stageB,-0.05,-0.1042,0.5,,137,250,10,1,True,,0.435328,-0.00017395860633153106,0.24373742367258527,-0.02391749388430928,-2.489874024002809,0.053009196710881765,0.05536570318541982,0.2343060859069344,0.24523661440000002,0.04673855385011393,True,True,False,False,False,-0.04997621087120674,-0.05134857551726611,0.001960889734664628,"{""0.0000"": 1, ""0.2500"": 2, ""0.5000"": 1}"
c3_w2_tcop_cm1_states_L0.4_km0_1042_up0_5000_s137,cm1,stageB,-0.05,-0.1042,0.5,,137,275,11,2,True,,0.44300000000000006,0.0015442971342446805,1.9344105189957626,-0.0302954245449644,-2.875837856186301,0.02755778957680161,0.06258404645179837,0.2338600446188261,0.24598233919999998,0.04638404898238187,True,True,False,False,False,-0.04997621087120674,-0.05139772684473566,0.001960889734664628,"{""0.0000"": 1, ""0.2500"": 1, ""0.5000"": 2}"
c3_w2_tcop_cm1_states_L0.4_km0_1042_up0_5000_s137,cm1,stageB,-0.05,-0.1042,0.5,,137,300,12,0,False,EXITS_PRIMARY_BLOCK_SET,0.427956,0.0008736784042514486,1.5049795370047283,-0.016619539727732034,-1.8753434017296893,0.0186907061971256,0.06643365596002497,0.24208096102851476,0.24400135840000003,0.04646915174607774,True,True,False,False,True,-0.04997621087120674,-0.050907504411069504,0.001960889734664628,"{""0.0000"": 2, ""0.2500"": 1, ""0.5000"": 1}"
c3_w2_tcop_cm1_states_L0.4_km0_1042_up0_5000_s256,cm1,stageB,-0.05,-0.1042,0.5,,256,0,0,0,False,PRE_PRIMARY_PHASE_IMBALANCE,0.426088,0.0002766602193372244,0.6162908329087612,-0.004856294320875298,-0.557269980394715,0.07848065162106413,0.10129485425623615,0.9087324662775471,0.24267418560000004,0.045883071562396516,False,True,False,False,True,-0.04997621087120674,-0.050907504411069504,0.001960889734664628,"{""0.0000"": 2, ""0.2500"": 1, ""0.5000"": 1}"
c3_w2_tcop_cm1_states_L0.4_km0_1042_up0_5000_s256,cm1,stageB,-0.05,-0.1042,0.5,,256,25,1,1,False,PRE_PRIMARY_PHASE_IMBALANCE,0.4366999999999999,0.00041931766077159304,0.6762757591539351,-0.0014617114164032167,-0.18286051201235434,0.06009064368748665,0.05624555685022249,0.22624227106424946,0.2453897968,0.0453787395153281,True,True,False,False,True,-0.04997621087120674,-0.05134857551726611,0.001960889734664628,"{""0.0000"": 1, ""0.2500"": 2, ""0.5000"": 1}"
c3_w2_tcop_cm1_states_L0.4_km0_1042_up0_5000_s256,cm1,stageB,-0.05,-0.1042,0.5,,256,50,2,2,False,PRE_PRIMARY_PHASE_IMBALANCE,0.44327999999999995,0.0015770339053855957,1.9495590677217929,0.007837204427033327,0.9124405351777187,0.006713178070395547,0.06084263754683927,0.22288395546182108,0.24605544319999997,0.04471735233664892,True,True,False,False,True,-0.04997621087120674,-0.05139772684473566,0.001960889734664628,"{""0.0000"": 1, ""0.2500"": 1, ""0.5000"": 2}"
c3_w2_tcop_cm1_states_L0.4_km0_1042_up0_5000_s256,cm1,stageB,-0.05,-0.1042,0.5,,256,75,3,0,True,,0.42738,0.00040047883805496615,0.8862306626343097,-0.009615743350139106,-0.9868113870077961,0.008029442543606897,0.06406931276872414,0.24147128962171527,0.24397656479999996,0.046881719251751,True,True,False,False,True,-0.04997621087120674,-0.050907504411069504,0.001960889734664628,"{""0.0000"": 2, ""0.2500"": 1, ""0.5000"": 1}"
c3_w2_tcop_cm1_states_L0.4_km0_1042_up0_5000_s256,cm1,stageB,-0.05,-0.1042,0.5,,256,100,4,1,True,,0.434464,0.0004959507445706664,0.6543365550046816,-0.014062962599594667,-1.5831722175195102,0.048129214372134424,0.05649203347449422,0.23753406441607564,0.24510263679999997,0.04703948026923767,True,True,False,False,True,-0.04997621087120674,-0.05134857551726611,0.001960889734664628,"{""0.0000"": 1, ""0.2500"": 2, ""0.5000"": 1}"
c3_w2_tcop_cm1_states_L0.4_km0_1042_up0_5000_s256,cm1,stageB,-0.05,-0.1042,0.5,,256,125,5,2,True,,0.442408,0.0005628261217809028,0.93699102862174,-0.02164893170449092,-2.12713527705401,0.03472146993474164,0.06285489539839619,0.2531599784516555,0.24590990400000007,0.046553641490220725,False,True,False,False,False,-0.04997621087120674,-0.05139772684473566,0.001960889734664628,"{""0.0000"": 1, ""0.2500"": 1, ""0.5000"": 2}"
c3_w2_tcop_cm1_states_L0.4_km0_1042_up0_5000_s256,cm1,stageB,-0.05,-0.1042,0.5,,256,150,6,0,True,,0.42838,-0.0004745141682868509,-0.03651388601452135,-0.01412473629707512,-1.3047722639196457,0.02995565434980243,0.06676039518800841,0.26145011377410216,0.2440526832,0.04791216546974265,False,True,False,False,True,-0.04997621087120674,-0.050907504411069504,0.001960889734664628,"{""0.0000"": 2, ""0.2500"": 1, ""0.5000"": 1}"
c3_w2_tcop_cm1_states_L0.4_km0_1042_up0_5000_s256,cm1,stageB,-0.05,-0.1042,0.5,,256,175,7,1,True,,0.43614800000000004,1.62203740673344e-05,0.35510274346169035,-0.011684996293220106,-1.0874953642542606,0.05718172251670321,0.05555970258261275,0.22561148916053378,0.24533571999999995,0.04672217991489695,True,True,False,False,True,-0.04997621087120674,-0.05134857551726611,0.001960889734664628,"{""0.0000"": 1, ""0.2500"": 2, ""0.5000"": 1}"
c3_w2_tcop_cm1_states_L0.4_km0_1042_up0_5000_s256,cm1,stageB,-0.05,-0.1042,0.5,,256,200,8,2,True,,0.44348400000000004,-0.00014115585329468327,0.2875319253222966,-0.008064830063203843,-0.8572969104113728,0.022271891884488405,0.06186099291776112,0.22729117571932428,0.2460532976,0.045896206204870574,True,True,False,False,True,-0.04997621087120674,-0.05139772684473566,0.001960889734664628,"{""0.0000"": 1, ""0.2500"": 1, ""0.5000"": 2}"
c3_w2_tcop_cm1_states_L0.4_km0_1042_up0_5000_s256,cm1,stageB,-0.05,-0.1042,0.5,,256,225,9,0,True,,0.42799200000000015,-0.0019396500025522555,-1.4247118700336168,-0.005731082498920153,-0.5511149659838338,0.015171146418063854,0.06640282802788942,0.25327576157200193,0.2440071584,0.046855180460649175,False,True,False,False,True,-0.04997621087120674,-0.050907504411069504,0.001960889734664628,"{""0.0000"": 2, ""0.2500"": 1, ""0.5000"": 1}"
c3_w2_tcop_cm1_states_L0.4_km0_1042_up0_5000_s256,cm1,stageB,-0.05,-0.1042,0.5,,256,250,10,1,True,,0.43462399999999995,0.00029478152553977303,0.6906849189946901,-0.016529149871358017,-1.4637659317117266,0.059750857881618435,0.05776927989905984,0.24941098455351998,0.24509557119999997,0.046727921246295566,True,True,False,False,True,-0.04997621087120674,-0.05134857551726611,0.001960889734664628,"{""0.0000"": 1, ""0.2500"": 2, ""0.5000"": 1}"
c3_w2_tcop_cm1_states_L0.4_km0_1042_up0_5000_s256,cm1,stageB,-0.05,-0.1042,0.5,,256,275,11,2,True,,0.44230399999999986,0.0003298641092590851,0.7051871000743095,-0.002970170429315174,-0.2684614439004011,0.023883881605762977,0.06467742252990553,0.24779337232357537,0.2458528064,0.04634103563797426,True,True,False,False,True,-0.04997621087120674,-0.05139772684473566,0.001960889734664628,"{""0.0000"": 1, ""0.2500"": 1, ""0.5000"": 2}"
c3_w2_tcop_cm1_states_L0.4_km0_1042_up0_5000_s256,cm1,stageB,-0.05,-0.1042,0.5,,256,300,12,0,False,EXITS_PRIMARY_BLOCK_SET,0.4270959999999999,0.0004254980923073363,0.7653753121646965,-0.001127316799053395,-0.06778452192981844,0.02821193570597707,0.06657437375200943,0.25661677876492234,0.24387653439999998,0.04693364234746756,False,True,False,False,True,-0.04997621087120674,-0.050907504411069504,0.001960889734664628,"{""0.0000"": 2, ""0.2500"": 1, ""0.5000"": 1}"
c3_w2_tcop_cm1_states_L0.4_km0_1042_up0_5000_s1024,cm1,stageB,-0.05,-0.1042,0.5,,1024,0,0,0,False,PRE_PRIMARY_PHASE_IMBALANCE,0.4240880000000001,0.0005175181865815425,0.9131323193253374,0.0002844539879662002,0.104171391570714,0.06936952191247624,0.10023355268953181,0.891324439995179,0.24243045120000006,0.04624206154573993,False,True,False,False,True,-0.04997621087120674,-0.050907504411069504,0.001960889734664628,"{""0.0000"": 2, ""0.2500"": 1, ""0.5000"": 1}"
c3_w2_tcop_cm1_states_L0.4_km0_1042_up0_5000_s1024,cm1,stageB,-0.05,-0.1042,0.5,,1024,25,1,1,False,PRE_PRIMARY_PHASE_IMBALANCE,0.43515599999999993,0.0013845801890185632,1.7204366552798611,-0.0034089678968208825,-0.2976661320808613,0.044625701747340804,0.055194580037037554,0.21509527568252465,0.2452183792,0.0462257034992438,True,True,False,False,True,-0.04997621087120674,-0.05134857551726611,0.001960889734664628,"{""0.0000"": 1, ""0.2500"": 2, ""0.5000"": 1}"
c3_w2_tcop_cm1_states_L0.4_km0_1042_up0_5000_s1024,cm1,stageB,-0.05,-0.1042,0.5,,1024,50,2,2,False,PRE_PRIMARY_PHASE_IMBALANCE,0.4428800000000001,0.0011149942970296125,1.4969332856562334,-0.007593216931264562,-0.9227290940506351,0.029799222629550825,0.061578410014502316,0.22669797636674038,0.24599355199999998,0.04618165869693292,True,True,False,False,True,-0.04997621087120674,-0.05139772684473566,0.001960889734664628,"{""0.0000"": 1, ""0.2500"": 1, ""0.5000"": 2}"
c3_w2_tcop_cm1_states_L0.4_km0_1042_up0_5000_s1024,cm1,stageB,-0.05,-0.1042,0.5,,1024,75,3,0,True,,0.4290839999999999,-0.0003759836554993154,0.07169028819716138,-0.013422810894420949,-1.2932802908801913,0.03331541021719708,0.06447694395608666,0.2582244962333145,0.24420551199999999,0.046496461628816446,False,True,False,False,True,-0.04997621087120674,-0.050907504411069504,0.001960889734664628,"{""0.0000"": 2, ""0.2500"": 1, ""0.5000"": 1}"
c3_w2_tcop_cm1_states_L0.4_km0_1042_up0_5000_s1024,cm1,stageB,-0.05,-0.1042,0.5,,1024,100,4,1,True,,0.436028,-0.00028848424860627596,0.07128191420221233,-0.015671545746159043,-1.6009454211936565,0.06056969035825988,0.05373848326716452,0.25411212065713185,0.2453585488,0.04639076649506882,False,True,False,False,True,-0.04997621087120674,-0.05134857551726611,0.001960889734664628,"{""0.0000"": 1, ""0.2500"": 2, ""0.5000"": 1}"
c3_w2_tcop_cm1_states_L0.4_km0_1042_up0_5000_s1024,cm1,stageB,-0.05,-0.1042,0.5,,1024,125,5,2,True,,0.44254,-0.0003609085272326091,-0.0627797767739278,-0.004913335610451698,-0.456409179462351,0.010307895682443807,0.060294280730289834,0.2657386896873984,0.24598638560000002,0.04556652718827714,False,True,False,False,True,-0.04997621087120674,-0.05139772684473566,0.001960889734664628,"{""0.0000"": 1, ""0.2500"": 1, ""0.5000"": 2}"
c3_w2_tcop_cm1_states_L0.4_km0_1042_up0_5000_s1024,cm1,stageB,-0.05,-0.1042,0.5,,1024,150,6,0,True,,0.427624,-0.0009712554735060086,-0.5427593142526501,0.0035441941402344994,0.45371480032704375,0.011998281348355615,0.06303060845452885,0.2750079502670384,0.24403522879999998,0.04707647633372744,False,True,False,False,True,-0.04997621087120674,-0.050907504411069504,0.001960889734664628,"{""0.0000"": 2, ""0.2500"": 1, ""0.5000"": 1}"
c3_w2_tcop_cm1_states_L0.4_km0_1042_up0_5000_s1024,cm1,stageB,-0.05,-0.1042,0.5,,1024,175,7,1,True,,0.4339439999999999,-0.00022673263269819285,0.19549058981528378,-0.008395823076898894,-0.7565916836273702,0.04424534031062705,0.05548996219020935,0.23689692624648134,0.24505678079999998,0.04666781400494349,True,True,False,False,True,-0.04997621087120674,-0.05134857551726611,0.001960889734664628,"{""0.0000"": 1, ""0.2500"": 2, ""0.5000"": 1}"
c3_w2_tcop_cm1_states_L0.4_km0_1042_up0_5000_s1024,cm1,stageB,-0.05,-0.1042,0.5,,1024,200,8,2,True,,0.442388,0.00018402169698680083,0.4881054246469239,-0.011765022442950902,-1.4352300051919524,0.0328528200052536,0.06250799621166685,0.23237519952535962,0.2459161808,0.046740319382734215,True,True,False,False,True,-0.04997621087120674,-0.05139772684473566,0.001960889734664628,"{""0.0000"": 1, ""0.2500"": 1, ""0.5000"": 2}"
c3_w2_tcop_cm1_states_L0.4_km0_1042_up0_5000_s1024,cm1,stageB,-0.05,-0.1042,0.5,,1024,225,9,0,True,,0.42775599999999997,-0.0001304039730975346,0.3016236801700406,-0.01852820852392592,-1.697377964499889,0.02072061248915921,0.06708308541050496,0.2487399352697801,0.24395739039999995,0.0477782844396908,True,True,False,False,True,-0.04997621087120674,-0.050907504411069504,0.001960889734664628,"{""0.0000"": 2, ""0.2500"": 1, ""0.5000"": 1}"
c3_w2_tcop_cm1_states_L0.4_km0_1042_up0_5000_s1024,cm1,stageB,-0.05,-0.1042,0.5,,1024,250,10,1,True,,0.435852,0.0005550447312411155,1.0099240511964567,-0.01785309937786655,-1.9250942558980342,0.045937800359486,0.058044546891488934,0.24411956296146495,0.24524500319999998,0.047153728336155984,True,True,False,False,True,-0.04997621087120674,-0.05134857551726611,0.001960889734664628,"{""0.0000"": 1, ""0.2500"": 2, ""0.5000"": 1}"
c3_w2_tcop_cm1_states_L0.4_km0_1042_up0_5000_s1024,cm1,stageB,-0.05,-0.1042,0.5,,1024,275,11,2,True,,0.444024,0.000715791451587141,1.1884024720895425,-0.010693636093550434,-1.0887173944995778,0.030851147312161663,0.06512205939324006,0.2423292429185601,0.2460305664,0.04672095273001184,True,True,False,False,True,-0.04997621087120674,-0.05139772684473566,0.001960889734664628,"{""0.0000"": 1, ""0.2500"": 1, ""0.5000"": 2}"
c3_w2_tcop_cm1_states_L0.4_km0_1042_up0_5000_s1024,cm1,stageB,-0.05,-0.1042,0.5,,1024,300,12,0,False,EXITS_PRIMARY_BLOCK_SET,0.4287959999999999,0.0003713072027390014,0.781898525665607,-0.006238818835138379,-0.4990661176739284,0.02713561585747238,0.06939830275422927,0.2509351760489016,0.24404446880000003,0.047824997480397216,False,True,False,False,True,-0.04997621087120674,-0.050907504411069504,0.001960889734664628,"{""0.0000"": 2, ""0.2500"": 1, ""0.5000"": 1}"
c3_w2_tcop_cm1_states_L0.4_km0_1042_up0_5000_s31415,cm1,stageB,-0.05,-0.1042,0.5,,31415,0,0,0,False,PRE_PRIMARY_PHASE_IMBALANCE,0.4219640000000001,-0.0009540863086022601,-0.47347673445723754,-0.002716010413518667,-0.2625008872868387,0.08383183711858913,0.10357773691307384,0.9299371488327504,0.2420001616,0.04647862631360785,False,True,False,False,True,-0.04997621087120674,-0.050907504411069504,0.001960889734664628,"{""0.0000"": 2, ""0.2500"": 1, ""0.5000"": 1}"
c3_w2_tcop_cm1_states_L0.4_km0_1042_up0_5000_s31415,cm1,stageB,-0.05,-0.1042,0.5,,31415,25,1,1,False,PRE_PRIMARY_PHASE_IMBALANCE,0.4339280000000001,0.0004652445651105208,0.8116332128426906,-0.017340762085556852,-1.831940465287685,0.04463306518372208,0.05706341558034019,0.24243653269105347,0.2450213632,0.04638459675366382,True,True,False,False,True,-0.04997621087120674,-0.05134857551726611,0.001960889734664628,"{""0.0000"": 1, ""0.2500"": 2, ""0.5000"": 1}"
c3_w2_tcop_cm1_states_L0.4_km0_1042_up0_5000_s31415,cm1,stageB,-0.05,-0.1042,0.5,,31415,50,2,2,False,PRE_PRIMARY_PHASE_IMBALANCE,0.44192399999999993,0.0004913456330837142,0.8949252872978115,-0.024086884870076975,-2.5666470914413386,0.02260035377412386,0.0629251298427711,0.23804998090610613,0.24585388639999994,0.046006284614169835,True,True,False,False,False,-0.04997621087120674,-0.05139772684473566,0.001960889734664628,"{""0.0000"": 1, ""0.2500"": 1, ""0.5000"": 2}"
c3_w2_tcop_cm1_states_L0.4_km0_1042_up0_5000_s31415,cm1,stageB,-0.05,-0.1042,0.5,,31415,75,3,0,True,,0.42684000000000005,0.000135708540714882,0.46903516261422556,-0.020767468564663567,-2.026362769753957,0.026310193510430267,0.06662153672646436,0.24365101620361013,0.2438389664,0.04740816807260116,True,True,False,False,False,-0.04997621087120674,-0.050907504411069504,0.001960889734664628,"{""0.0000"": 2, ""0.2500"": 1, ""0.5000"": 1}"
c3_w2_tcop_cm1_states_L0.4_km0_1042_up0_5000_s31415,cm1,stageB,-0.05,-0.1042,0.5,,31415,100,4,1,True,,0.43464800000000003,2.0129079654559024e-05,0.48591862936007624,-0.017023858222516376,-1.7080035052622737,0.047483719752312595,0.05749472642148941,0.23927407870443643,0.2451046176,0.04616661235135193,True,True,False,False,True,-0.04997621087120674,-0.05134857551726611,0.001960889734664628,"{""0.0000"": 1, ""0.2500"": 2, ""0.5000"": 1}"
c3_w2_tcop_cm1_states_L0.4_km0_1042_up0_5000_s31415,cm1,stageB,-0.05,-0.1042,0.5,,31415,125,5,2,True,,0.44219199999999986,0.00046469706870072943,1.0016473782992739,-0.010187288715670016,-1.021405343114591,0.028569995191600122,0.06393888928194438,0.2415240433080562,0.2458588576,0.0457094644029002,True,True,False,False,True,-0.04997621087120674,-0.05139772684473566,0.001960889734664628,"{""0.0000"": 1, ""0.2500"": 1, ""0.5000"": 2}"
c3_w2_tcop_cm1_states_L0.4_km0_1042_up0_5000_s31415,cm1,stageB,-0.05,-0.1042,0.5,,31415,150,6,0,True,,0.426956,0.00032286396634309436,0.8280950350007447,-0.013363693438211333,-1.4555075791888143,0.016304762376706562,0.0683212572796453,0.2501428712791415,0.24381367519999997,0.04634710415980701,False,True,False,False,True,-0.04997621087120674,-0.050907504411069504,0.001960889734664628,"{""0.0000"": 2, ""0.2500"": 1, ""0.5000"": 1}"
c3_w2_tcop_cm1_states_L0.4_km0_1042_up0_5000_s31415,cm1,stageB,-0.05,-0.1042,0.5,,31415,175,7,1,True,,0.4345000000000001,-0.0002310533219632527,0.18878713770512354,-0.01226223636191822,-1.1457397440495443,0.05334719880885233,0.05808332022904868,0.24395857251102745,0.24507283359999998,0.04714095883623921,True,True,False,False,True,-0.04997621087120674,-0.05134857551726611,0.001960889734664628,"{""0.0000"": 1, ""0.2500"": 2, ""0.5000"": 1}"
c3_w2_tcop_cm1_states_L0.4_km0_1042_up0_5000_s31415,cm1,stageB,-0.05,-0.1042,0.5,,31415,200,8,2,True,,0.44142000000000003,0.0011619874438543224,1.4891945172247798,-0.02437626562447064,-2.5380458321271893,0.023468977264572723,0.06385502109228297,0.24013411209248767,0.24577388320000002,0.045971552072994006,True,True,False,False,False,-0.04997621087120674,-0.05139772684473566,0.001960889734664628,"{""0.0000"": 1, ""0.2500"": 1, ""0.5000"": 2}"
c3_w2_tcop_cm1_states_L0.4_km0_1042_up0_5000_s31415,cm1,stageB,-0.05,-0.1042,0.5,,31415,225,9,0,True,,0.42645199999999994,-0.00029286218263124814,0.16322665383001614,-0.021779299490081252,-1.9711439054260689,0.027786819962646443,0.06666462156829002,0.2504385012839933,0.24378246879999999,0.046586818908356475,False,True,False,False,True,-0.04997621087120674,-0.050907504411069504,0.001960889734664628,"{""0.0000"": 2, ""0.2500"": 1, ""0.5000"": 1}"
c3_w2_tcop_cm1_states_L0.4_km0_1042_up0_5000_s31415,cm1,stageB,-0.05,-0.1042,0.5,,31415,250,10,1,True,,0.43478799999999995,-0.0013682280317168932,-0.9447724732428449,-0.014168243040684838,-1.6594707420709176,0.04790399633931215,0.057013832150420746,0.24563695353681117,0.24513290399999998,0.046537673512972264,True,True,False,False,True,-0.04997621087120674,-0.05134857551726611,0.001960889734664628,"{""0.0000"": 1, ""0.2500"": 2, ""0.5000"": 1}"
c3_w2_tcop_cm1_states_L0.4_km0_1042_up0_5000_s31415,cm1,stageB,-0.05,-0.1042,0.5,,31415,275,11,2,True,,0.44238400000000005,-0.00044634752160235797,-0.11427913256567217,-0.015588403322375011,-1.4896113964389175,0.03299581279832048,0.06396298262361272,0.24141921895588622,0.2458797216,0.0460894406995789,True,True,False,False,True,-0.04997621087120674,-0.05139772684473566,0.001960889734664628,"{""0.0000"": 1, ""0.2500"": 1, ""0.5000"": 2}"
c3_w2_tcop_cm1_states_L0.4_km0_1042_up0_5000_s31415,cm1,stageB,-0.05,-0.1042,0.5,,31415,300,12,0,False,EXITS_PRIMARY_BLOCK_SET,0.4288080000000001,-0.0015327932506625792,-1.0934202661258114,-0.012200485405658507,-1.0918568333797156,0.03327360209092658,0.06570392840464409,0.24719688007873705,0.244137904,0.04748577824991394,True,True,False,False,True,-0.04997621087120674,-0.050907504411069504,0.001960889734664628,"{""0.0000"": 2, ""0.2500"": 1, ""0.5000"": 1}"
c3_w2_tcop_cm1_states_L0.4_kp0_2090_up0_1000_s42,cm1,stageB,0.1,0.209,0.1,,42,0,0,0,False,PRE_PRIMARY_PHASE_IMBALANCE,0.39529999999999993,-0.000369300413111537,-0.02198049499540311,0.007894263980673636,0.7294818296884298,0.05722990700986547,0.0806968396908509,0.8226663272889799,0.23802033439999998,0.05004348109394469,False,True,False,False,True,0.09999977978965197,0.10067216791685173,0.0017552423161131259,"{""0.0000"": 2, ""0.0500"": 1, ""0.1000"": 1}"
c3_w2_tcop_cm1_states_L0.4_kp0_2090_up0_1000_s42,cm1,stageB,0.1,0.209,0.1,,42,25,1,1,False,PRE_PRIMARY_PHASE_IMBALANCE,0.4005520000000001,0.0002266281399112139,0.6786143203354433,0.006641450047844203,0.6574221397842785,0.013009349795032618,0.025647977779295023,0.1298208469067167,0.2400045536,0.04932033349441182,True,True,False,False,True,0.09999977978965197,0.1009057454650232,0.0017552423161131259,"{""0.0000"": 1, ""0.0500"": 2, ""0.1000"": 1}"
c3_w2_tcop_cm1_states_L0.4_kp0_2090_up0_1000_s42,cm1,stageB,0.1,0.209,0.1,,42,50,2,2,False,PRE_PRIMARY_PHASE_IMBALANCE,0.403264,0.0007395274144072939,1.1523905496983582,0.013555443077210513,1.3585073236589822,0.017903710656779176,0.0291639674664242,0.1388668461879394,0.2405038304,0.049426979515240464,True,True,False,False,True,0.09999977978965197,0.10111097849588001,0.0017552423161131259,"{""0.0000"": 1, ""0.0500"": 1, ""0.1000"": 2}"
c3_w2_tcop_cm1_states_L0.4_kp0_2090_up0_1000_s42,cm1,stageB,0.1,0.209,0.1,,42,75,3,0,True,,0.399736,0.0004979161375265819,0.9144557983180897,-0.002928138482578634,-0.24849152708950714,0.0009571273512238399,0.030820087933191305,0.1450957628407356,0.23979535040000002,0.04934460764865802,True,True,False,False,True,0.09999977978965197,0.10067216791685173,0.0017552423161131259,"{""0.0000"": 2, ""0.0500"": 1, ""0.1000"": 1}"
c3_w2_tcop_cm1_states_L0.4_kp0_2090_up0_1000_s42,cm1,stageB,0.1,0.209,0.1,,42,100,4,1,True,,0.401188,0.000552480662171209,0.8774272155110876,-0.0007796949594599719,-0.09160094966387555,0.018391820890440204,0.031229271589219246,0.14457062488267203,0.24007921759999998,0.04925188987236937,True,True,False,False,True,0.09999977978965197,0.1009057454650232,0.0017552423161131259,"{""0.0000"": 1, ""0.0500"": 2, ""0.1000"": 1}"
c3_w2_tcop_cm1_states_L0.4_kp0_2090_up0_1000_s42,cm1,stageB,0.1,0.209,0.1,,42,125,5,2,True,,0.40261199999999997,-0.00042678370436419693,-0.1678327706802467,0.012777304801481443,1.169773137131294,0.008480476055514765,0.030819533337757637,0.14405929246008753,0.2403616112,0.04967350859361557,True,True,False,False,True,0.09999977978965197,0.10111097849588001,0.0017552423161131259,"{""0.0000"": 1, ""0.0500"": 1, ""0.1000"": 2}"
c3_w2_tcop_cm1_states_L0.4_kp0_2090_up0_1000_s42,cm1,stageB,0.1,0.209,0.1,,42,150,6,0,True,,0.39864,-0.00032542409597063643,0.03759833868913302,0.01714715365829003,1.7885447455243515,0.011372600205606558,0.02951701973854948,0.13746738877817735,0.239587696,0.04904763398982666,True,True,False,False,True,0.09999977978965197,0.10067216791685173,0.0017552423161131259,"{""0.0000"": 2, ""0.0500"": 1, ""0.1000"": 1}"
c3_w2_tcop_cm1_states_L0.4_kp0_2090_up0_1000_s42,cm1,stageB,0.1,0.209,0.1,,42,175,7,1,True,,0.40056800000000004,0.00034210222350970196,0.7031554046477745,0.02575702787187853,2.5372007895466586,0.0107390259837987,0.027824150559072988,0.12681991540307785,0.239989056,0.04953380033875858,True,True,False,False,False,0.09999977978965197,0.1009057454650232,0.0017552423161131259,"{""0.0000"": 1, ""0.0500"": 2, ""0.1000"": 1}"
c3_w2_tcop_cm1_states_L0.4_kp0_2090_up0_1000_s42,cm1,stageB,0.1,0.209,0.1,,42,200,8,2,True,,0.40183199999999997,0.0005432304260919324,0.9178558207215238,0.020724862123366793,2.0663704737633983,0.0038228752601552917,0.027650036430966876,0.12642099154268208,0.24023959679999998,0.049237422515806005,True,True,False,False,False,0.09999977978965197,0.10111097849588001,0.0017552423161131259,"{""0.0000"": 1, ""0.0500"": 1, ""0.1000"": 2}"
c3_w2_tcop_cm1_states_L0.4_kp0_2090_up0_1000_s42,cm1,stageB,0.1,0.209,0.1,,42,225,9,0,True,,0.399788,0.0007290261453241684,1.1343894405081165,0.023176141703570834,2.7322844211228885,0.010646506708347454,0.027608637292391578,0.1270673453753806,0.23983572639999995,0.04906561989825462,True,True,False,False,False,0.09999977978965197,0.10067216791685173,0.0017552423161131259,"{""0.0000"": 2, ""0.0500"": 1, ""0.1000"": 1}"
c3_w2_tcop_cm1_states_L0.4_kp0_2090_up0_1000_s42,cm1,stageB,0.1,0.209,0.1,,42,250,10,1,True,,0.401284,-0.0004580621006757353,-0.1056232430735908,0.007762320402696872,0.8019095616747608,0.0054520458738100365,0.025996923657082234,0.11762243170018637,0.2401463216,0.049878165002333434,True,True,False,False,True,0.09999977978965197,0.1009057454650232,0.0017552423161131259,"{""0.0000"": 1, ""0.0500"": 2, ""0.1000"": 1}"
c3_w2_tcop_cm1_states_L0.4_kp0_2090_up0_1000_s42,cm1,stageB,0.1,0.209,0.1,,42,275,11,2,True,,0.40268400000000004,-0.0010172629888358217,-0.5776691024394283,-0.0028782206276875286,-0.27661062410851134,0.0012761653998243367,0.026235056961996593,0.11920016658421942,0.24041798879999998,0.048584319939667775,True,True,False,False,True,0.09999977978965197,0.10111097849588001,0.0017552423161131259,"{""0.0000"": 1, ""0.0500"": 1, ""0.1000"": 2}"
c3_w2_tcop_cm1_states_L0.4_kp0_2090_up0_1000_s42,cm1,stageB,0.1,0.209,0.1,,42,300,12,0,False,EXITS_PRIMARY_BLOCK_SET,0.4001160000000001,-0.0021581554902963514,-1.8423350746535598,0.00955611992715961,0.9527676386960687,0.005601135932604605,0.02631395508564405,0.12396405011555628,0.23991233439999998,0.04871330972126612,True,True,False,False,True,0.09999977978965197,0.10067216791685173,0.0017552423161131259,"{""0.0000"": 2, ""0.0500"": 1, ""0.1000"": 1}"
c3_w2_tcop_cm1_states_L0.4_kp0_2090_up0_1000_s137,cm1,stageB,0.1,0.209,0.1,,137,0,0,0,False,PRE_PRIMARY_PHASE_IMBALANCE,0.3966799999999999,0.00019568065192399886,0.6425816109555392,0.007355584056283637,0.7081025339412702,0.049799474124596795,0.0796032810990633,0.8177876353287598,0.23832786880000004,0.048800999989754304,False,True,False,False,True,0.09999977978965197,0.10067216791685173,0.0017552423161131259,"{""0.0000"": 2, ""0.0500"": 1, ""0.1000"": 1}"
c3_w2_tcop_cm1_states_L0.4_kp0_2090_up0_1000_s137,cm1,stageB,0.1,0.209,0.1,,137,25,1,1,False,PRE_PRIMARY_PHASE_IMBALANCE,0.40071999999999997,-7.824877296539586e-05,0.3703689871144517,0.005342388346794398,0.6440580493031537,0.012189280386942593,0.02621609332037024,0.13176282658274402,0.24003312000000002,0.04874055395663861,True,True,False,False,True,0.09999977978965197,0.1009057454650232,0.0017552423161131259,"{""0.0000"": 1, ""0.0500"": 2, ""0.1000"": 1}"
c3_w2_tcop_cm1_states_L0.4_kp0_2090_up0_1000_s137,cm1,stageB,0.1,0.209,0.1,,137,50,2,2,False,PRE_PRIMARY_PHASE_IMBALANCE,0.4023439999999999,0.0014191693453075738,1.7303272104556722,0.0026541151926615324,0.3003471489282455,0.002743001909543591,0.02748456211215079,0.13123098609341516,0.24034102080000003,0.04943304222885741,True,True,False,False,True,0.09999977978965197,0.10111097849588001,0.0017552423161131259,"{""0.0000"": 1, ""0.0500"": 1, ""0.1000"": 2}"
c3_w2_tcop_cm1_states_L0.4_kp0_2090_up0_1000_s137,cm1,stageB,0.1,0.209,0.1,,137,75,3,0,True,,0.39898799999999995,0.00207185785822897,2.3202443136675033,0.0042623529981643616,0.47827998735009986,0.0018907722479203314,0.028562772689460433,0.13032973390094504,0.2396667024,0.048450963416633935,True,True,False,False,False,0.09999977978965197,0.10067216791685173,0.0017552423161131259,"{""0.0000"": 2, ""0.0500"": 1, ""0.1000"": 1}"
c3_w2_tcop_cm1_states_L0.4_kp0_2090_up0_1000_s137,cm1,stageB,0.1,0.209,0.1,,137,100,4,1,True,,0.40063599999999994,0.0016843266016964894,2.0651608413853215,0.01137165690416993,1.2717953181401038,0.004810233504880861,0.027088495710389706,0.12779680276411298,0.240009016,0.04833337877699013,True,True,False,False,False,0.09999977978965197,0.1009057454650232,0.0017552423161131259,"{""0.0000"": 1, ""0.0500"": 2, ""0.1000"": 1}"
c3_w2_tcop_cm1_states_L0.4_kp0_2090_up0_1000_s137,cm1,stageB,0.1,0.209,0.1,,137,125,5,2,True,,0.4023480000000001,0.0014639803388958974,2.184502329782964,0.024087910298178868,2.399693621951634,0.008369115097636333,0.0259934144614763,0.1322238456952094,0.24035470879999998,0.04830535059390419,True,True,False,False,False,0.09999977978965197,0.10111097849588001,0.0017552423161131259,"{""0.0000"": 1, ""0.0500"": 1, ""0.1000"": 2}"
c3_w2_tcop_cm1_states_L0.4_kp0_2090_up0_1000_s137,cm1,stageB,0.1,0.209,0.1,,137,150,6,0,True,,0.399048,0.0017149396887266308,2.138221961717859,0.020510990462479336,2.3067817336047263,0.004192396134142801,0.02642109908491121,0.13331729482839827,0.2396975328,0.04863387395632801,True,True,False,False,False,0.09999977978965197,0.10067216791685173,0.0017552423161131259,"{""0.0000"": 2, ""0.0500"": 1, ""0.1000"": 1}"
c3_w2_tcop_cm1_states_L0.4_kp0_2090_up0_1000_s137,cm1,stageB,0.1,0.209,0.1,,137,175,7,1,True,,0.40076,0.0006284629880307974,0.9992667590673527,0.020255743326984193,2.2289851988673304,0.013262529932849116,0.023834622031073508,0.1267591572842619,0.24006018240000004,0.04933054226338891,True,True,False,False,False,0.09999977978965197,0.1009057454650232,0.0017552423161131259,"{""0.0000"": 1, ""0.0500"": 2, ""0.1000"": 1}"
c3_w2_tcop_cm1_states_L0.4_kp0_2090_up0_1000_s137,cm1,stageB,0.1,0.209,0.1,,137,200,8,2,True,,0.4021239999999999,0.0005616517743687265,0.9005938307214512,0.028358344390731094,2.853846280655734,0.009968668505529871,0.027340706250187138,0.14821298865968457,0.2402994128,0.04858815312398692,True,True,False,False,False,0.09999977978965197,0.10111097849588001,0.0017552423161131259,"{""0.0000"": 1, ""0.0500"": 1, ""0.1000"": 2}"
c3_w2_tcop_cm1_states_L0.4_kp0_2090_up0_1000_s137,cm1,stageB,0.1,0.209,0.1,,137,225,9,0,True,,0.399304,0.000923464937632139,1.4755065027927328,0.031303663841773334,3.3228946016971577,0.011959603559682796,0.026328360625290523,0.14925971152490403,0.239749792,0.04888103501359193,True,True,False,False,False,0.09999977978965197,0.10067216791685173,0.0017552423161131259,"{""0.0000"": 2, ""0.0500"": 1, ""0.1000"": 1}"
c3_w2_tcop_cm1_states_L0.4_kp0_2090_up0_1000_s137,cm1,stageB,0.1,0.209,0.1,,137,250,10,1,True,,0.4007800000000001,2.1021872736535315e-06,0.4036239652871397,0.000725161591618103,0.04675844511790362,0.009245098347740174,0.025169315834391283,0.1417236385505174,0.24005363680000003,0.049006852582062436,True,True,False,False,True,0.09999977978965197,0.1009057454650232,0.0017552423161131259,"{""0.0000"": 1, ""0.0500"": 2, ""0.1000"": 1}"
c3_w2_tcop_cm1_states_L0.4_kp0_2090_up0_1000_s137,cm1,stageB,0.1,0.209,0.1,,137,275,11,2,True,,0.4028319999999999,0.0009707432110119089,1.438892561837669,-0.006577576169966562,-0.39845039067045124,0.011957346159715611,0.027148483611775805,0.14100170755798527,0.24043877760000004,0.04925910855872242,True,True,False,False,True,0.09999977978965197,0.10111097849588001,0.0017552423161131259,"{""0.0000"": 1, ""0.0500"": 1, ""0.1000"": 2}"
c3_w2_tcop_cm1_states_L0.4_kp0_2090_up0_1000_s137,cm1,stageB,0.1,0.209,0.1,,137,300,12,0,False,EXITS_PRIMARY_BLOCK_SET,0.39934,0.0012362258800540178,1.8408177892172704,0.004652135606961938,0.520339510747874,0.001758076339115744,0.027128104894998128,0.13121650690835754,0.2397502032,0.04848096946225395,True,True,False,False,True,0.09999977978965197,0.10067216791685173,0.0017552423161131259,"{""0.0000"": 2, ""0.0500"": 1, ""0.1000"": 1}"
c3_w2_tcop_cm1_states_L0.4_kp0_2090_up0_1000_s256,cm1,stageB,0.1,0.209,0.1,,256,0,0,0,False,PRE_PRIMARY_PHASE_IMBALANCE,0.397636,-0.0007104608206188472,-0.3685100854156652,0.019232685704130243,1.9235795289674802,0.06470584371784241,0.0816950202663321,0.8268868995088802,0.23846634399999997,0.04769540338439335,False,True,False,False,True,0.09999977978965197,0.10067216791685173,0.0017552423161131259,"{""0.0000"": 2, ""0.0500"": 1, ""0.1000"": 1}"
c3_w2_tcop_cm1_states_L0.4_kp0_2090_up0_1000_s256,cm1,stageB,0.1,0.209,0.1,,256,25,1,1,False,PRE_PRIMARY_PHASE_IMBALANCE,0.402648,-0.0005027752875025648,-0.1678487011775303,0.019164185267300897,1.7612869323326261,0.02268570417003895,0.028590853564519795,0.1251713652491224,0.24039006080000003,0.04711887197291548,True,True,False,False,True,0.09999977978965197,0.1009057454650232,0.0017552423161131259,"{""0.0000"": 1, ""0.0500"": 2, ""0.1000"": 1}"
c3_w2_tcop_cm1_states_L0.4_kp0_2090_up0_1000_s256,cm1,stageB,0.1,0.209,0.1,,256,50,2,2,False,PRE_PRIMARY_PHASE_IMBALANCE,0.40338,0.00025816053504942253,0.6438783168667676,0.03136258425638588,3.2431007041494246,0.019142773965182634,0.027573968448739702,0.12494422102002026,0.24054085919999998,0.04701548255628139,True,True,False,False,False,0.09999977978965197,0.10111097849588001,0.0017552423161131259,"{""0.0000"": 1, ""0.0500"": 1, ""0.1000"": 2}"
c3_w2_tcop_cm1_states_L0.4_kp0_2090_up0_1000_s256,cm1,stageB,0.1,0.209,0.1,,256,75,3,0,True,,0.39893200000000006,-0.00018627753648777688,0.2635296237188873,0.008030964091018417,0.8302384483343102,0.01068740122113026,0.02747959419350916,0.1323533832022666,0.23966508320000002,0.04857509007711669,True,True,False,False,True,0.09999977978965197,0.10067216791685173,0.0017552423161131259,"{""0.0000"": 2, ""0.0500"": 1, ""0.1000"": 1}"
c3_w2_tcop_cm1_states_L0.4_kp0_2090_up0_1000_s256,cm1,stageB,0.1,0.209,0.1,,256,100,4,1,True,,0.40048800000000007,-0.0003169202072877382,-0.08399135059387838,0.0032572862614046873,0.2610316620991405,0.006698098929623503,0.02821361641738406,0.14881844112977563,0.23996968959999998,0.04944008349507512,True,True,False,False,True,0.09999977978965197,0.1009057454650232,0.0017552423161131259,"{""0.0000"": 1, ""0.0500"": 2, ""0.1000"": 1}"
c3_w2_tcop_cm1_states_L0.4_kp0_2090_up0_1000_s256,cm1,stageB,0.1,0.209,0.1,,256,125,5,2,True,,0.40276,-7.343492333117308e-05,0.24274627209666186,-0.001668488011689939,-0.13713047768289743,0.02049822615468331,0.029078531545243844,0.1668487432544227,0.24040721920000002,0.049314322463154654,True,True,False,False,True,0.09999977978965197,0.10111097849588001,0.0017552423161131259,"{""0.0000"": 1, ""0.0500"": 1, ""0.1000"": 2}"
c3_w2_tcop_cm1_states_L0.4_kp0_2090_up0_1000_s256,cm1,stageB,0.1,0.209,0.1,,256,150,6,0,True,,0.40038399999999996,-0.000660889003142739,-0.17283444063111844,0.01064500769510925,1.1135810847832064,0.010035370519662757,0.030086203090332757,0.16783887426111224,0.23993154560000002,0.0495186080579816,True,True,False,False,True,0.09999977978965197,0.10067216791685173,0.0017552423161131259,"{""0.0000"": 2, ""0.0500"": 1, ""0.1000"": 1}"
c3_w2_tcop_cm1_states_L0.4_kp0_2090_up0_1000_s256,cm1,stageB,0.1,0.209,0.1,,256,175,7,1,True,,0.4020839999999999,0.0003055343997325565,0.6847415491829353,0.009244688174731225,1.058165295414431,0.025995377101620396,0.027267531129959728,0.14325364813508223,0.2402922512,0.04957113014648748,True,True,False,False,True,0.09999977978965197,0.1009057454650232,0.0017552423161131259,"{""0.0000"": 1, ""0.0500"": 2, ""0.1000"": 1}"
c3_w2_tcop_cm1_states_L0.4_kp0_2090_up0_1000_s256,cm1,stageB,0.1,0.209,0.1,,256,200,8,2,True,,0.4032720000000001,-4.5382581091748254e-05,0.3388301135613921,0.00864180612163893,0.8134246429692294,0.0033687829807596535,0.026473660823899924,0.14283163685345968,0.2405297152,0.04870989648931724,True,True,False,False,True,0.09999977978965197,0.10111097849588001,0.0017552423161131259,"{""0.0000"": 1, ""0.0500"": 1, ""0.1000"": 2}"
c3_w2_tcop_cm1_states_L0.4_kp0_2090_up0_1000_s256,cm1,stageB,0.1,0.209,0.1,,256,225,9,0,True,,0.3991680000000001,-0.001579895289220095,-1.1309279537668169,0.012898593958618284,1.325400508482577,0.003955421987317495,0.02699819768019549,0.11624178261723936,0.23971676800000005,0.048521621737118395,True,True,False,False,True,0.09999977978965197,0.10067216791685173,0.0017552423161131259,"{""0.0000"": 2, ""0.0500"": 1, ""0.1000"": 1}"
c3_w2_tcop_cm1_states_L0.4_kp0_2090_up0_1000_s256,cm1,stageB,0.1,0.209,0.1,,256,250,10,1,True,,0.399676,0.0006062520556185145,1.0225963053846665,0.0009147901826220892,0.22602475928743196,0.025252377555007425,0.026470522326396434,0.11609403587882675,0.2398231664,0.04909597767638404,True,True,False,False,True,0.09999977978965197,0.1009057454650232,0.0017552423161131259,"{""0.0000"": 1, ""0.0500"": 2, ""0.1000"": 1}"
c3_w2_tcop_cm1_states_L0.4_kp0_2090_up0_1000_s256,cm1,stageB,0.1,0.209,0.1,,256,275,11,2,True,,0.40180800000000005,-0.0003011415126674234,0.15434741858975998,0.01782755310396313,1.7321915749715522,0.004984371319245448,0.02830460783492929,0.13837454670296614,0.24022898560000006,0.0493008228734572,True,True,False,False,True,0.09999977978965197,0.10111097849588001,0.0017552423161131259,"{""0.0000"": 1, ""0.0500"": 1, ""0.1000"": 2}"
c3_w2_tcop_cm1_states_L0.4_kp0_2090_up0_1000_s256,cm1,stageB,0.1,0.209,0.1,,256,300,12,0,False,EXITS_PRIMARY_BLOCK_SET,0.39825199999999994,-2.6552929025881617e-05,0.30253178237848244,0.019558766443077278,1.8859546868915675,0.012876552530569926,0.028030792542480254,0.13961009576948738,0.23952272479999998,0.04881909970493106,True,True,False,False,True,0.09999977978965197,0.10067216791685173,0.0017552423161131259,"{""0.0000"": 2, ""0.0500"": 1, ""0.1000"": 1}"
c3_w2_tcop_cm1_states_L0.4_kp0_2090_up0_1000_s1024,cm1,stageB,0.1,0.209,0.1,,1024,0,0,0,False,PRE_PRIMARY_PHASE_IMBALANCE,0.3952440000000001,-0.00019121288525288398,0.20838513142816545,0.015857242869077613,1.5736512825992686,0.05062837387911568,0.07982842126229199,0.8126625557562857,0.23803067039999995,0.048642989875212234,False,True,False,False,True,0.09999977978965197,0.10067216791685173,0.0017552423161131259,"{""0.0000"": 2, ""0.0500"": 1, ""0.1000"": 1}"
c3_w2_tcop_cm1_states_L0.4_kp0_2090_up0_1000_s1024,cm1,stageB,0.1,0.209,0.1,,1024,25,1,1,False,PRE_PRIMARY_PHASE_IMBALANCE,0.4005520000000001,0.0007199264667339629,1.043694460418833,0.01002557841731615,0.9588837960734585,0.006109780309080808,0.023925188455139017,0.12083324981317466,0.24001825599999996,0.04889187351697621,True,True,False,False,True,0.09999977978965197,0.1009057454650232,0.0017552423161131259,"{""0.0000"": 1, ""0.0500"": 2, ""0.1000"": 1}"
c3_w2_tcop_cm1_states_L0.4_kp0_2090_up0_1000_s1024,cm1,stageB,0.1,0.209,0.1,,1024,50,2,2,False,PRE_PRIMARY_PHASE_IMBALANCE,0.40256800000000004,0.00042399057556676597,0.8593680792756749,0.005421318564589362,0.4339822697429511,0.014738859831370016,0.02493857156419448,0.1321515864843913,0.2404062144,0.04927925908533934,True,True,False,False,True,0.09999977978965197,0.10111097849588001,0.0017552423161131259,"{""0.0000"": 1, ""0.0500"": 1, ""0.1000"": 2}"
c3_w2_tcop_cm1_states_L0.4_kp0_2090_up0_1000_s1024,cm1,stageB,0.1,0.209,0.1,,1024,75,3,0,True,,0.4008400000000001,-0.00029242402632556256,0.19716611103859694,0.006005431315727114,0.5675952709796652,0.021013178004231,0.027048732085209887,0.15168146853686892,0.2400497408,0.048685258549174826,True,True,False,False,True,0.09999977978965197,0.10067216791685173,0.0017552423161131259,"{""0.0000"": 2, ""0.0500"": 1, ""0.1000"": 1}"
c3_w2_tcop_cm1_states_L0.4_kp0_2090_up0_1000_s1024,cm1,stageB,0.1,0.209,0.1,,1024,100,4,1,True,,0.4018520000000001,-6.390866289595926e-05,0.36970158131656966,0.003718110576698175,0.32951511926902677,0.02701981269113983,0.025699861218148976,0.15129948301539003,0.24026031199999998,0.049199696096622385,True,True,False,False,True,0.09999977978965197,0.1009057454650232,0.0017552423161131259,"{""0.0000"": 1, ""0.0500"": 2, ""0.1000"": 1}"
c3_w2_tcop_cm1_states_L0.4_kp0_2090_up0_1000_s1024,cm1,stageB,0.1,0.209,0.1,,1024,125,5,2,True,,0.402508,-0.0008184558080069595,-0.47871888372824706,0.020038066683999097,2.0737403707388213,0.01438624584733615,0.027831515325254866,0.15105289795220747,0.24036981600000001,0.049090833523174164,True,True,False,False,False,0.09999977978965197,0.10111097849588001,0.0017552423161131259,"{""0.0000"": 1, ""0.0500"": 1, ""0.1000"": 2}"
c3_w2_tcop_cm1_states_L0.4_kp0_2090_up0_1000_s1024,cm1,stageB,0.1,0.209,0.1,,1024,150,6,0,True,,0.399304,-0.0010142737907410289,-0.49679997968780537,0.03449643914122662,3.525307643462366,0.007949024802635988,0.02821311745457825,0.15226494061600954,0.23973340160000003,0.049097409137346545,True,True,False,False,False,0.09999977978965197,0.10067216791685173,0.0017552423161131259,"{""0.0000"": 2, ""0.0500"": 1, ""0.1000"": 1}"
c3_w2_tcop_cm1_states_L0.4_kp0_2090_up0_1000_s1024,cm1,stageB,0.1,0.209,0.1,,1024,175,7,1,True,,0.39958800000000005,-6.252670329115056e-06,0.4065275815559567,0.019564380727576644,2.038152230654457,0.0017557838505163799,0.026778452753246435,0.11912269607915471,0.2398029328,0.048747002533489174,True,True,False,False,False,0.09999977978965197,0.1009057454650232,0.0017552423161131259,"{""0.0000"": 1, ""0.0500"": 2, ""0.1000"": 1}"
c3_w2_tcop_cm1_states_L0.4_kp0_2090_up0_1000_s1024,cm1,stageB,0.1,0.209,0.1,,1024,200,8,2,True,,0.402144,-0.00028386729066620555,0.07446709249322787,0.022506733912490032,2.237131792372272,0.009198819119005976,0.02614314492465725,0.12134956602274405,0.2403136736,0.050082764140969696,True,True,False,False,False,0.09999977978965197,0.10111097849588001,0.0017552423161131259,"{""0.0000"": 1, ""0.0500"": 1, ""0.1000"": 2}"
c3_w2_tcop_cm1_states_L0.4_kp0_2090_up0_1000_s1024,cm1,stageB,0.1,0.209,0.1,,1024,225,9,0,True,,0.399028,-7.491685567808137e-05,0.2863297136679523,0.011632408671308117,1.4155720361970834,0.003425666094218284,0.026522436907185802,0.12931423326354477,0.2396926512,0.04962393793321928,True,True,False,False,True,0.09999977978965197,0.10067216791685173,0.0017552423161131259,"{""0.0000"": 2, ""0.0500"": 1, ""0.1000"": 1}"
c3_w2_tcop_cm1_states_L0.4_kp0_2090_up0_1000_s1024,cm1,stageB,0.1,0.209,0.1,,1024,250,10,1,True,,0.400684,0.00030108204772317994,0.7039676083249953,0.00322893747617165,0.1773630670514314,0.012291612574894173,0.025789712640734357,0.12877978624357397,0.24002955040000004,0.05006128388285702,True,True,False,False,True,0.09999977978965197,0.1009057454650232,0.0017552423161131259,"{""0.0000"": 1, ""0.0500"": 2, ""0.1000"": 1}"
c3_w2_tcop_cm1_states_L0.4_kp0_2090_up0_1000_s1024,cm1,stageB,0.1,0.209,0.1,,1024,275,11,2,True,,0.4033439999999999,-0.00011581725835826964,0.32322525630233906,0.002640678624988973,0.18736972172982844,0.016958734984140546,0.028011362638980245,0.1398310123868683,0.24052996799999998,0.04968075748214795,True,True,False,False,True,0.09999977978965197,0.10111097849588001,0.0017552423161131259,"{""0.0000"": 1, ""0.0500"": 1, ""0.1000"": 2}"
c3_w2_tcop_cm1_states_L0.4_kp0_2090_up0_1000_s1024,cm1,stageB,0.1,0.209,0.1,,1024,300,12,0,False,EXITS_PRIMARY_BLOCK_SET,0.39994799999999997,-0.00025819120144555117,0.14599334273557266,0.009917148565783407,1.1557187764476318,0.010758674328338314,0.03011094176601243,0.14201846204501975,0.23984456799999998,0.04975175671270312,True,True,False,False,True,0.09999977978965197,0.10067216791685173,0.0017552423161131259,"{""0.0000"": 2, ""0.0500"": 1, ""0.1000"": 1}"
c3_w2_tcop_cm1_states_L0.4_kp0_2090_up0_1000_s31415,cm1,stageB,0.1,0.209,0.1,,31415,0,0,0,False,PRE_PRIMARY_PHASE_IMBALANCE,0.39388000000000006,-0.0005353973396724038,-0.061873230364006465,0.0287020104098496,2.9343621009387304,0.06715163222642744,0.08227867592778311,0.8540672264291985,0.237688272,0.04852201149993681,False,True,False,False,False,0.09999977978965197,0.10067216791685173,0.0017552423161131259,"{""0.0000"": 2, ""0.0500"": 1, ""0.1000"": 1}"
c3_w2_tcop_cm1_states_L0.4_kp0_2090_up0_1000_s31415,cm1,stageB,0.1,0.209,0.1,,31415,25,1,1,False,PRE_PRIMARY_PHASE_IMBALANCE,0.39993599999999996,0.000215245638261687,0.5303543327608587,0.018563675115567398,1.9915630907168596,0.009636105209089247,0.029034878025050382,0.15802528365032092,0.23985235520000003,0.049117775845410584,True,True,False,False,True,0.09999977978965197,0.1009057454650232,0.0017552423161131259,"{""0.0000"": 1, ""0.0500"": 2, ""0.1000"": 1}"
c3_w2_tcop_cm1_states_L0.4_kp0_2090_up0_1000_s31415,cm1,stageB,0.1,0.209,0.1,,31415,50,2,2,False,PRE_PRIMARY_PHASE_IMBALANCE,0.40196400000000004,0.00043874053374665936,0.8645194338262906,0.005115230414065862,0.5044138481017884,0.0014563954493382986,0.029975269790053074,0.1542426681139538,0.24024376480000004,0.048922210743178804,True,True,False,False,True,0.09999977978965197,0.10111097849588001,0.0017552423161131259,"{""0.0000"": 1, ""0.0500"": 1, ""0.1000"": 2}"
c3_w2_tcop_cm1_states_L0.4_kp0_2090_up0_1000_s31415,cm1,stageB,0.1,0.209,0.1,,31415,75,3,0,True,,0.397812,0.00048374953176493255,0.8489447608933031,0.004224203164443319,0.556488284306117,0.008342664054491793,0.02935387134235933,0.14278101177747027,0.23942125280000004,0.04916963144055485,True,True,False,False,True,0.09999977978965197,0.10067216791685173,0.0017552423161131259,"{""0.0000"": 2, ""0.0500"": 1, ""0.1000"": 1}"
c3_w2_tcop_cm1_states_L0.4_kp0_2090_up0_1000_s31415,cm1,stageB,0.1,0.209,0.1,,31415,100,4,1,True,,0.3998239999999999,-5.724208987941661e-05,0.33787565301013167,0.005417849106380916,0.5528707538952661,0.010350788944721382,0.029266362388728654,0.14006162676562295,0.23982784640000002,0.048299575815942734,True,True,False,False,True,0.09999977978965197,0.1009057454650232,0.0017552423161131259,"{""0.0000"": 1, ""0.0500"": 2, ""0.1000"": 1}"
c3_w2_tcop_cm1_states_L0.4_kp0_2090_up0_1000_s31415,cm1,stageB,0.1,0.209,0.1,,31415,125,5,2,True,,0.401436,0.0006259586031976008,1.146262678887509,0.011883695752959864,1.3212211894213348,0.008382149287225879,0.029494148029416228,0.13949919753211185,0.24014495200000005,0.04821678031557064,True,True,False,False,True,0.09999977978965197,0.10111097849588001,0.0017552423161131259,"{""0.0000"": 1, ""0.0500"": 1, ""0.1000"": 2}"
c3_w2_tcop_cm1_states_L0.4_kp0_2090_up0_1000_s31415,cm1,stageB,0.1,0.209,0.1,,31415,150,6,0,True,,0.39758000000000004,-0.0002658220661293832,0.19839758917173483,0.00820433738130531,0.721093133843163,0.0023478377760110802,0.030197482716850042,0.14286432883227446,0.23936600160000002,0.04816579284097792,True,True,False,False,True,0.09999977978965197,0.10067216791685173,0.0017552423161131259,"{""0.0000"": 2, ""0.0500"": 1, ""0.1000"": 1}"
c3_w2_tcop_cm1_states_L0.4_kp0_2090_up0_1000_s31415,cm1,stageB,0.1,0.209,0.1,,31415,175,7,1,True,,0.400024,-3.6952649765335694e-05,0.37218556416830634,0.013259824907310293,1.324967026004152,0.008121924905425496,0.02966329049745033,0.1579905201738132,0.23986399679999998,0.04941578112303801,True,True,False,False,True,0.09999977978965197,0.1009057454650232,0.0017552423161131259,"{""0.0000"": 1, ""0.0500"": 2, ""0.1000"": 1}"
c3_w2_tcop_cm1_states_L0.4_kp0_2090_up0_1000_s31415,cm1,stageB,0.1,0.209,0.1,,31415,200,8,2,True,,0.401488,0.0014992491085941235,1.8035574708823827,0.008426880203074168,0.9230514015706318,0.009973101059228209,0.029311728471685478,0.1574144179716095,0.2401568928,0.048748598502931346,True,True,False,False,True,0.09999977978965197,0.10111097849588001,0.0017552423161131259,"{""0.0000"": 1, ""0.0500"": 1, ""0.1000"": 2}"
c3_w2_tcop_cm1_states_L0.4_kp0_2090_up0_1000_s31415,cm1,stageB,0.1,0.209,0.1,,31415,225,9,0,True,,0.39846000000000004,0.0002063711898921227,0.5789284808089062,0.004694476253428246,0.5185078729306135,0.013444500567501192,0.029410799663644696,0.1616222452401187,0.23955229279999998,0.04838086811953667,True,True,False,False,True,0.09999977978965197,0.10067216791685173,0.0017552423161131259,"{""0.0000"": 2, ""0.0500"": 1, ""0.1000"": 1}"
c3_w2_tcop_cm1_states_L0.4_kp0_2090_up0_1000_s31415,cm1,stageB,0.1,0.209,0.1,,31415,250,10,1,True,,0.40139199999999997,-0.00046462278376355567,-0.057354194509676465,0.011207401796793075,1.1903922239610143,0.012469058889017792,0.027260017632838404,0.1604416626130025,0.24015673599999998,0.04921201414288995,True,True,False,False,True,0.09999977978965197,0.1009057454650232,0.0017552423161131259,"{""0.0000"": 1, ""0.0500"": 2, ""0.1000"": 1}"
c3_w2_tcop_cm1_states_L0.4_kp0_2090_up0_1000_s31415,cm1,stageB,0.1,0.209,0.1,,31415,275,11,2,True,,0.402156,-0.0007696117633237943,-0.4231630959531435,0.003992428073737397,0.4615751390055126,0.005619277039205982,0.026256166595121633,0.14720655629356125,0.24031505760000002,0.04873306540738023,True,True,False,False,True,0.09999977978965197,0.10111097849588001,0.0017552423161131259,"{""0.0000"": 1, ""0.0500"": 1, ""0.1000"": 2}"
c3_w2_tcop_cm1_states_L0.4_kp0_2090_up0_1000_s31415,cm1,stageB,0.1,0.209,0.1,,31415,300,12,0,False,EXITS_PRIMARY_BLOCK_SET,0.40018399999999993,-0.0018186194305413411,-1.4636869446671954,0.009447581315289895,0.9923736140064343,0.012086849260046993,0.025648840588293934,0.147931950932741,0.23993141119999997,0.04885126553120195,True,True,False,False,True,0.09999977978965197,0.10067216791685173,0.0017552423161131259,"{""0.0000"": 2, ""0.0500"": 1, ""0.1000"": 1}"
c3_w2_tcop_cm1_states_L0.4_kp0_2090_up0_2500_s42,cm1,stageB,0.1,0.209,0.25,,42,0,0,0,False,PRE_PRIMARY_PHASE_IMBALANCE,0.403512,-0.0005984761919046995,-0.23114737057444892,0.004617129075865885,0.4077255019183025,0.06914032253278464,0.08815703074547984,0.8654017702933201,0.2394246688,0.04959340536805271,False,True,False,False,True,0.09999977978965197,0.10140567673346541,0.003501627104271876,"{""0.0000"": 2, ""0.1250"": 1, ""0.2500"": 1}"
c3_w2_tcop_cm1_states_L0.4_kp0_2090_up0_2500_s42,cm1,stageB,0.1,0.209,0.25,,42,25,1,1,False,PRE_PRIMARY_PHASE_IMBALANCE,0.411624,-0.00019841401397959586,0.27347014318031704,0.00330445481163326,0.29409086014106184,0.028086302235835737,0.03807139894324838,0.18463452037627906,0.2419440992,0.04868595920796878,True,True,False,False,True,0.09999977978965197,0.10193616690121089,0.003501627104271876,"{""0.0000"": 1, ""0.1250"": 2, ""0.2500"": 1}"
c3_w2_tcop_cm1_states_L0.4_kp0_2090_up0_2500_s42,cm1,stageB,0.1,0.209,0.25,,42,50,2,2,False,PRE_PRIMARY_PHASE_IMBALANCE,0.41729600000000006,0.00037335272268802273,0.7890374427169902,0.007996047551638581,0.818632891275572,0.027304214194804083,0.043959233175285384,0.19937885769482844,0.24282354560000002,0.04825399863223773,True,True,False,False,True,0.09999977978965197,0.10228108350953338,0.003501627104271876,"{""0.0000"": 1, ""0.1250"": 1, ""0.2500"": 2}"
c3_w2_tcop_cm1_states_L0.4_kp0_2090_up0_2500_s42,cm1,stageB,0.1,0.209,0.25,,42,75,3,0,True,,0.408576,0.00018243060253407217,0.599246529128146,-0.0013966925054600002,-0.06108544851078474,0.009288992786320279,0.04803225514302712,0.20852913482796556,0.2412565184,0.04866510273286187,True,True,False,False,True,0.09999977978965197,0.10140567673346541,0.003501627104271876,"{""0.0000"": 2, ""0.1250"": 1, ""0.2500"": 1}"
c3_w2_tcop_cm1_states_L0.4_kp0_2090_up0_2500_s42,cm1,stageB,0.1,0.209,0.25,,42,100,4,1,True,,0.412612,0.00010157754528037641,0.42786762791829913,0.001233412711801745,0.06339849988792046,0.03683615567931681,0.04413308263907723,0.2064893890471208,0.2420317392,0.04846790129559975,True,True,False,False,True,0.09999977978965197,0.10193616690121089,0.003501627104271876,"{""0.0000"": 1, ""0.1250"": 2, ""0.2500"": 1}"
c3_w2_tcop_cm1_states_L0.4_kp0_2090_up0_2500_s42,cm1,stageB,0.1,0.209,0.25,,42,125,5,2,True,,0.4168320000000001,-0.0008618082158902175,-0.5478154879744432,0.0105594577464294,0.9283274125334319,0.0036426949839289758,0.046326790433045134,0.20439889402829217,0.2427101888,0.04885533518460394,True,True,False,False,True,0.09999977978965197,0.10228108350953338,0.003501627104271876,"{""0.0000"": 1, ""0.1250"": 1, ""0.2500"": 2}"
c3_w2_tcop_cm1_states_L0.4_kp0_2090_up0_2500_s42,cm1,stageB,0.1,0.209,0.25,,42,150,6,0,True,,0.40758799999999995,-0.0007556383801513457,-0.3836003954615681,0.013749143673919065,1.4440346252294187,0.02130540732684201,0.045438666605440985,0.1776303517826081,0.24111702240000002,0.048327862108725646,True,True,False,False,True,0.09999977978965197,0.10140567673346541,0.003501627104271876,"{""0.0000"": 2, ""0.1250"": 1, ""0.2500"": 1}"
c3_w2_tcop_cm1_states_L0.4_kp0_2090_up0_2500_s42,cm1,stageB,0.1,0.209,0.25,,42,175,7,1,True,,0.41196,-0.0002698532948948902,0.04619926099249924,0.022552682823246007,2.193294677666628,0.031008052667086415,0.03953604977181651,0.16603553702778054,0.24198368319999997,0.048872880005172606,True,True,False,False,False,0.09999977978965197,0.10193616690121089,0.003501627104271876,"{""0.0000"": 1, ""0.1250"": 2, ""0.2500"": 1}"
c3_w2_tcop_cm1_states_L0.4_kp0_2090_up0_2500_s42,cm1,stageB,0.1,0.209,0.25,,42,200,8,2,True,,0.41586399999999996,-0.00013841485673741173,0.31813170815956215,0.022822286540761592,2.2342924243390128,0.012010896538141566,0.041503751382416444,0.1644768478048669,0.24262322879999998,0.04836872444048943,True,True,False,False,False,0.09999977978965197,0.10228108350953338,0.003501627104271876,"{""0.0000"": 1, ""0.1250"": 1, ""0.2500"": 2}"
c3_w2_tcop_cm1_states_L0.4_kp0_2090_up0_2500_s42,cm1,stageB,0.1,0.209,0.25,,42,225,9,0,True,,0.408392,0.00018193991150956002,0.5961035692360072,0.023987825491849725,2.7147875530509875,0.020757428392364212,0.041520636699660045,0.1665066892434066,0.24132044479999998,0.04884643626714235,True,True,False,False,False,0.09999977978965197,0.10140567673346541,0.003501627104271876,"{""0.0000"": 2, ""0.1250"": 1, ""0.2500"": 1}"
c3_w2_tcop_cm1_states_L0.4_kp0_2090_up0_2500_s42,cm1,stageB,0.1,0.209,0.25,,42,250,10,1,True,,0.412292,-0.001013295863282712,-0.6668544426998779,0.007542724574010588,0.7439501041154828,0.023443400621918138,0.03644566194084249,0.15522978821992717,0.2420815184,0.049345990070116134,True,True,False,False,True,0.09999977978965197,0.10193616690121089,0.003501627104271876,"{""0.0000"": 1, ""0.1250"": 2, ""0.2500"": 1}"
c3_w2_tcop_cm1_states_L0.4_kp0_2090_up0_2500_s42,cm1,stageB,0.1,0.209,0.25,,42,275,11,2,True,,0.4166239999999999,-0.0012756325434241063,-0.8299007529722212,-0.0008458884628568813,-0.06017159203716068,0.012489055627000173,0.03952535267240675,0.16705710624674264,0.2427772736,0.0477338729206001,True,True,False,False,True,0.09999977978965197,0.10228108350953338,0.003501627104271876,"{""0.0000"": 1, ""0.1250"": 1, ""0.2500"": 2}"
c3_w2_tcop_cm1_states_L0.4_kp0_2090_up0_2500_s42,cm1,stageB,0.1,0.209,0.25,,42,300,12,0,False,EXITS_PRIMARY_BLOCK_SET,0.408804,-0.002136098167377161,-1.8203115486517902,0.006773222174379437,0.7220974289427312,0.004685941327556226,0.04200369330304829,0.17710198487025072,0.2413884368,0.04797551025262785,True,True,False,False,True,0.09999977978965197,0.10140567673346541,0.003501627104271876,"{""0.0000"": 2, ""0.1250"": 1, ""0.2500"": 1}"
c3_w2_tcop_cm1_states_L0.4_kp0_2090_up0_2500_s137,cm1,stageB,0.1,0.209,0.25,,137,0,0,0,False,PRE_PRIMARY_PHASE_IMBALANCE,0.40492400000000006,6.475766066943992e-05,0.529180126442954,0.005302136726938178,0.49141550038590986,0.06201665285609998,0.08640946035370516,0.8673232486409218,0.23973630560000003,0.04823146508245421,False,True,False,False,True,0.09999977978965197,0.10140567673346541,0.003501627104271876,"{""0.0000"": 2, ""0.1250"": 1, ""0.2500"": 1}"
c3_w2_tcop_cm1_states_L0.4_kp0_2090_up0_2500_s137,cm1,stageB,0.1,0.209,0.25,,137,25,1,1,False,PRE_PRIMARY_PHASE_IMBALANCE,0.41175999999999996,-0.00011052862834370085,0.3472943746925543,0.0003611432744397326,0.12094096373881873,0.028220424460802154,0.03820636535724763,0.1933164945761694,0.2419662112,0.04800939907976354,True,True,False,False,True,0.09999977978965197,0.10193616690121089,0.003501627104271876,"{""0.0000"": 1, ""0.1250"": 2, ""0.2500"": 1}"
c3_w2_tcop_cm1_states_L0.4_kp0_2090_up0_2500_s137,cm1,stageB,0.1,0.209,0.25,,137,50,2,2,False,PRE_PRIMARY_PHASE_IMBALANCE,0.41646800000000006,0.001173368221228717,1.5379259137158678,-0.0010349275132183673,-0.052675984674689355,0.014467672228804102,0.041841819833748115,0.19113113086448144,0.2427187472,0.048506133385377154,True,True,False,False,True,0.09999977978965197,0.10228108350953338,0.003501627104271876,"{""0.0000"": 1, ""0.1250"": 1, ""0.2500"": 2}"
c3_w2_tcop_cm1_states_L0.4_kp0_2090_up0_2500_s137,cm1,stageB,0.1,0.209,0.25,,137,75,3,0,True,,0.4079199999999999,0.0019495262096428784,2.175369961084142,0.0024045842009188544,0.3356154424771897,0.011062098534179514,0.0439242721112369,0.18925279420167487,0.24120023359999998,0.04788479508152875,True,True,False,False,False,0.09999977978965197,0.10140567673346541,0.003501627104271876,"{""0.0000"": 2, ""0.1250"": 1, ""0.2500"": 1}"
c3_w2_tcop_cm1_states_L0.4_kp0_2090_up0_2500_s137,cm1,stageB,0.1,0.209,0.25,,137,100,4,1,True,,0.4119479999999999,0.0013027179198634078,1.6922753664930634,0.01149823398655625,1.3574877321250007,0.026652436509320986,0.03920725340518421,0.18546030036446268,0.24198597920000003,0.047621059375028606,True,True,False,False,True,0.09999977978965197,0.10193616690121089,0.003501627104271876,"{""0.0000"": 1, ""0.1250"": 2, ""0.2500"": 1}"
c3_w2_tcop_cm1_states_L0.4_kp0_2090_up0_2500_s137,cm1,stageB,0.1,0.209,0.25,,137,125,5,2,True,,0.41621600000000003,0.0010016762823178464,1.653708495128151,0.02269216614097187,2.305069647425173,0.013173708597596414,0.04104154308489848,0.18355853647250808,0.2426884416,0.047343017901270296,True,True,False,False,False,0.09999977978965197,0.10228108350953338,0.003501627104271876,"{""0.0000"": 1, ""0.1250"": 1, ""0.2500"": 2}"
c3_w2_tcop_cm1_states_L0.4_kp0_2090_up0_2500_s137,cm1,stageB,0.1,0.209,0.25,,137,150,6,0,True,,0.4074439999999999,0.001538515738433325,1.9588111250252758,0.020130478836936125,2.3620625246225004,0.012716835018056667,0.0426161055914189,0.1865287004188829,0.24113188959999995,0.04819944879352875,True,True,False,False,False,0.09999977978965197,0.10140567673346541,0.003501627104271876,"{""0.0000"": 2, ""0.1250"": 1, ""0.2500"": 1}"
c3_w2_tcop_cm1_states_L0.4_kp0_2090_up0_2500_s137,cm1,stageB,0.1,0.209,0.25,,137,175,7,1,True,,0.41159600000000013,0.0001302864027056797,0.4940206922236343,0.012341031096226472,1.3333830315223383,0.031440767300868394,0.03694846286244888,0.17881612022756257,0.24195345440000002,0.04881938942674314,True,True,False,False,True,0.09999977978965197,0.10193616690121089,0.003501627104271876,"{""0.0000"": 1, ""0.1250"": 2, ""0.2500"": 1}"
c3_w2_tcop_cm1_states_L0.4_kp0_2090_up0_2500_s137,cm1,stageB,0.1,0.209,0.25,,137,200,8,2,True,,0.415828,2.7039072182787244e-05,0.4179011451848586,0.022718451374114657,2.3160704552360096,0.019844226840601463,0.042417842056450765,0.1895014280195142,0.24260395680000002,0.04761842517345571,True,True,False,False,False,0.09999977978965197,0.10228108350953338,0.003501627104271876,"{""0.0000"": 1, ""0.1250"": 1, ""0.2500"": 2}"
c3_w2_tcop_cm1_states_L0.4_kp0_2090_up0_2500_s137,cm1,stageB,0.1,0.209,0.25,,137,225,9,0,True,,0.407908,0.00039756753291766007,0.8769934062844189,0.02611821549905877,2.832200669578127,0.021364012065910414,0.04300273873037842,0.19318081480828805,0.2412113712,0.048126328927106,True,True,False,False,False,0.09999977978965197,0.10140567673346541,0.003501627104271876,"{""0.0000"": 2, ""0.1250"": 1, ""0.2500"": 1}"
c3_w2_tcop_cm1_states_L0.4_kp0_2090_up0_2500_s137,cm1,stageB,0.1,0.209,0.25,,137,250,10,1,True,,0.4118359999999999,-0.0005174465421109922,-0.07097966936061682,-0.0015394359593203328,-0.1997667103222548,0.028369662526993415,0.0379533209979614,0.1845394764310564,0.2419827952,0.048229753306439374,True,True,False,False,True,0.09999977978965197,0.10193616690121089,0.003501627104271876,"{""0.0000"": 1, ""0.1250"": 2, ""0.2500"": 1}"
c3_w2_tcop_cm1_states_L0.4_kp0_2090_up0_2500_s137,cm1,stageB,0.1,0.209,0.25,,137,275,11,2,True,,0.416852,0.0006267331734635525,1.0577281025927885,-0.0029422896330456613,-0.0677469659868886,0.022007708668141012,0.04300015516237307,0.1823189041138848,0.2427651152,0.04814447108443502,True,True,False,False,True,0.09999977978965197,0.10228108350953338,0.003501627104271876,"{""0.0000"": 1, ""0.1250"": 1, ""0.2500"": 2}"
c3_w2_tcop_cm1_states_L0.4_kp0_2090_up0_2500_s137,cm1,stageB,0.1,0.209,0.25,,137,300,12,0,False,EXITS_PRIMARY_BLOCK_SET,0.40807199999999993,0.0011873459720812992,1.7623450832888712,0.005933390524200508,0.6459747978333598,0.011489709785029193,0.04498391864687493,0.18232076647669837,0.24121227520000002,0.04766930685462082,True,True,False,False,True,0.09999977978965197,0.10140567673346541,0.003501627104271876,"{""0.0000"": 2, ""0.1250"": 1, ""0.2500"": 1}"
c3_w2_tcop_cm1_states_L0.4_kp0_2090_up0_2500_s256,cm1,stageB,0.1,0.209,0.25,,256,0,0,0,False,PRE_PRIMARY_PHASE_IMBALANCE,0.40587199999999996,-0.0006446117178956019,-0.29554164576069686,0.024883610920801918,2.4840086799493353,0.07508970218610327,0.08878108499513625,0.86628296392389,0.23984148799999996,0.047116022922144014,False,True,False,False,False,0.09999977978965197,0.10140567673346541,0.003501627104271876,"{""0.0000"": 2, ""0.1250"": 1, ""0.2500"": 1}"
c3_w2_tcop_cm1_states_L0.4_kp0_2090_up0_2500_s256,cm1,stageB,0.1,0.209,0.25,,256,25,1,1,False,PRE_PRIMARY_PHASE_IMBALANCE,0.4135560000000001,-0.00038047717089880064,-0.06574456625115711,0.02303863414481921,2.1270019526711157,0.040741676715482116,0.03897909634228147,0.17506697962291207,0.24226757920000005,0.04677900024583681,True,True,False,False,False,0.09999977978965197,0.10193616690121089,0.003501627104271876,"{""0.0000"": 1, ""0.1250"": 2, ""0.2500"": 1}"
c3_w2_tcop_cm1_states_L0.4_kp0_2090_up0_2500_s256,cm1,stageB,0.1,0.209,0.25,,256,50,2,2,False,PRE_PRIMARY_PHASE_IMBALANCE,0.41674000000000005,0.0005443400465120264,0.9222076344526657,0.03216399117301853,3.4055204328347135,0.009020050613259854,0.04015109422511952,0.1737294232045654,0.24278779359999997,0.04658210385974425,True,True,False,False,False,0.09999977978965197,0.10228108350953338,0.003501627104271876,"{""0.0000"": 1, ""0.1250"": 1, ""0.2500"": 2}"
c3_w2_tcop_cm1_states_L0.4_kp0_2090_up0_2500_s256,cm1,stageB,0.1,0.209,0.25,,256,75,3,0,True,,0.4073400000000001,-7.014821637819208e-05,0.3916178024397473,0.012770419183192827,1.322590674431104,0.000992881727921367,0.04095303778747994,0.1767565174626687,0.2411358416,0.04805001977106773,True,True,False,False,True,0.09999977978965197,0.10140567673346541,0.003501627104271876,"{""0.0000"": 2, ""0.1250"": 1, ""0.2500"": 1}"
c3_w2_tcop_cm1_states_L0.4_kp0_2090_up0_2500_s256,cm1,stageB,0.1,0.209,0.25,,256,100,4,1,True,,0.4112760000000001,-0.0004332782384787098,-0.18624231749726308,0.006704422030282506,0.5599151152030404,0.024946327910337834,0.03841633333429957,0.17506491948213626,0.24187842080000008,0.04860958572133689,True,True,False,False,True,0.09999977978965197,0.10193616690121089,0.003501627104271876,"{""0.0000"": 1, ""0.1250"": 2, ""0.2500"": 1}"
c3_w2_tcop_cm1_states_L0.4_kp0_2090_up0_2500_s256,cm1,stageB,0.1,0.209,0.25,,256,125,5,2,True,,0.41602399999999995,-0.0004125823196869674,-0.1397704268388734,-0.0013810368054459896,-0.12116320292429338,0.027840024094718644,0.042257329412068195,0.21056477460299222,0.2426389728,0.04835071275586328,True,True,False,False,True,0.09999977978965197,0.10228108350953338,0.003501627104271876,"{""0.0000"": 1, ""0.1250"": 1, ""0.2500"": 2}"
c3_w2_tcop_cm1_states_L0.4_kp0_2090_up0_2500_s256,cm1,stageB,0.1,0.209,0.25,,256,150,6,0,True,,0.40864399999999995,-0.0010664982348013406,-0.6284280241616721,0.008098438160606163,0.857096339829783,0.018124383629613376,0.0449711584717596,0.21436751741279084,0.24131635999999998,0.04884466464210804,True,True,False,False,True,0.09999977978965197,0.10140567673346541,0.003501627104271876,"{""0.0000"": 2, ""0.1250"": 1, ""0.2500"": 1}"
c3_w2_tcop_cm1_states_L0.4_kp0_2090_up0_2500_s256,cm1,stageB,0.1,0.209,0.25,,256,175,7,1,True,,0.41291999999999995,-0.0002813511472426746,0.09842228525119133,0.004524852317266165,0.5981624363471495,0.03907278251057484,0.03817592659773403,0.18502373296274396,0.24216858239999997,0.04854558270326972,True,True,False,False,True,0.09999977978965197,0.10193616690121089,0.003501627104271876,"{""0.0000"": 1, ""0.1250"": 2, ""0.2500"": 1}"
c3_w2_tcop_cm1_states_L0.4_kp0_2090_up0_2500_s256,cm1,stageB,0.1,0.209,0.25,,256,200,8,2,True,,0.41690400000000005,-0.0002389999745441746,0.13793771228842452,0.010231366218022633,1.0245603805172827,0.009565172716769875,0.04077567175873118,0.1832556171606517,0.2428060704,0.04781814283302939,True,True,False,False,True,0.09999977978965197,0.10228108350953338,0.003501627104271876,"{""0.0000"": 1, ""0.1250"": 1, ""0.2500"": 2}"
c3_w2_tcop_cm1_states_L0.4_kp0_2090_up0_2500_s256,cm1,stageB,0.1,0.209,0.25,,256,225,9,0,True,,0.4079120000000001,-0.00164705329268483,-1.1561223412010568,0.012693958910801616,1.3377911379601557,0.00489095565479689,0.043021258401448964,0.17062503635434834,0.24121183680000002,0.048207470956273986,True,True,False,False,True,0.09999977978965197,0.10140567673346541,0.003501627104271876,"{""0.0000"": 2, ""0.1250"": 1, ""0.2500"": 1}"
c3_w2_tcop_cm1_states_L0.4_kp0_2090_up0_2500_s256,cm1,stageB,0.1,0.209,0.25,,256,250,10,1,True,,0.4110560000000001,0.00019390216573577114,0.6006126448750654,0.004308741956160523,0.5521759626334659,0.0428352358930209,0.03858094776391969,0.16931999491718885,0.2418374592,0.048546934650912824,True,True,False,False,True,0.09999977978965197,0.10193616690121089,0.003501627104271876,"{""0.0000"": 1, ""0.1250"": 2, ""0.2500"": 1}"
c3_w2_tcop_cm1_states_L0.4_kp0_2090_up0_2500_s256,cm1,stageB,0.1,0.209,0.25,,256,275,11,2,True,,0.4156,-0.0010408305722646968,-0.6088569240592971,0.017329603602374285,1.695442532279559,0.012914862196244378,0.04346523653296983,0.18864292543637412,0.2425503264,0.0484264390596707,True,True,False,False,True,0.09999977978965197,0.10228108350953338,0.003501627104271876,"{""0.0000"": 1, ""0.1250"": 1, ""0.2500"": 2}"
c3_w2_tcop_cm1_states_L0.4_kp0_2090_up0_2500_s256,cm1,stageB,0.1,0.209,0.25,,256,300,12,0,False,EXITS_PRIMARY_BLOCK_SET,0.406896,-0.000967002914993401,-0.5866695811219518,0.02033456577198303,1.964776539835608,0.019761324910165266,0.04390472591412305,0.19267822688677647,0.24101249919999998,0.04855229329290224,True,True,False,False,True,0.09999977978965197,0.10140567673346541,0.003501627104271876,"{""0.0000"": 2, ""0.1250"": 1, ""0.2500"": 1}"
c3_w2_tcop_cm1_states_L0.4_kp0_2090_up0_2500_s1024,cm1,stageB,0.1,0.209,0.25,,1024,0,0,0,False,PRE_PRIMARY_PHASE_IMBALANCE,0.403764,-0.000167473276945991,0.23689275310745497,0.018838318199071988,1.9561515356176713,0.06378086005127574,0.08723445784109742,0.8539641947920958,0.23949803359999997,0.04796615790325508,False,True,False,False,True,0.09999977978965197,0.10140567673346541,0.003501627104271876,"{""0.0000"": 2, ""0.1250"": 1, ""0.2500"": 1}"
c3_w2_tcop_cm1_states_L0.4_kp0_2090_up0_2500_s1024,cm1,stageB,0.1,0.209,0.25,,1024,25,1,1,False,PRE_PRIMARY_PHASE_IMBALANCE,0.4118039999999999,0.00042541049638534725,0.7566179853125081,0.011530337204028074,1.156407892476512,0.02360290806693154,0.03707819332074369,0.1787258011609266,0.24198832480000004,0.04799068226228921,True,True,False,False,True,0.09999977978965197,0.10193616690121089,0.003501627104271876,"{""0.0000"": 1, ""0.1250"": 2, ""0.2500"": 1}"
c3_w2_tcop_cm1_states_L0.4_kp0_2090_up0_2500_s1024,cm1,stageB,0.1,0.209,0.25,,1024,50,2,2,False,PRE_PRIMARY_PHASE_IMBALANCE,0.4167800000000001,3.5484028966687984e-05,0.4843616635024677,0.007675513002194297,0.6661575180986982,0.023112633200288554,0.041489010792050474,0.18331013920219266,0.24277542559999998,0.04825341024217874,True,True,False,False,True,0.09999977978965197,0.10228108350953338,0.003501627104271876,"{""0.0000"": 1, ""0.1250"": 1, ""0.2500"": 2}"
c3_w2_tcop_cm1_states_L0.4_kp0_2090_up0_2500_s1024,cm1,stageB,0.1,0.209,0.25,,1024,75,3,0,True,,0.4096440000000001,-0.0008403048301383823,-0.3702566293649444,0.006784306911931034,0.5822511756623789,0.030478484982997375,0.043269280294284125,0.205056096988956,0.2415216176,0.04814138826415375,True,True,False,False,True,0.09999977978965197,0.10140567673346541,0.003501627104271876,"{""0.0000"": 2, ""0.1250"": 1, ""0.2500"": 1}"
c3_w2_tcop_cm1_states_L0.4_kp0_2090_up0_2500_s1024,cm1,stageB,0.1,0.209,0.25,,1024,100,4,1,True,,0.413216,-0.0008277447635335433,-0.3950455113785086,0.003749378000333182,0.31602549485270437,0.044065817456296924,0.036819752699149284,0.20328351224714555,0.24223705599999998,0.04863144398431945,True,True,False,False,True,0.09999977978965197,0.10193616690121089,0.003501627104271876,"{""0.0000"": 1, ""0.1250"": 2, ""0.2500"": 1}"
c3_w2_tcop_cm1_states_L0.4_kp0_2090_up0_2500_s1024,cm1,stageB,0.1,0.209,0.25,,1024,125,5,2,True,,0.41639999999999994,-0.0012151286721031685,-0.8147887219867728,0.02161641195098445,2.151769008958169,0.007982354412238463,0.041046025768764885,0.20172910614378223,0.2427189184,0.0482095426238416,True,True,False,False,False,0.09999977978965197,0.10228108350953338,0.003501627104271876,"{""0.0000"": 1, ""0.1250"": 1, ""0.2500"": 2}"
c3_w2_tcop_cm1_states_L0.4_kp0_2090_up0_2500_s1024,cm1,stageB,0.1,0.209,0.25,,1024,150,6,0,True,,0.40779600000000005,-0.0012100022492414241,-0.7426619797283338,0.03273501231062834,3.3353170495294187,0.00014420416199264905,0.040860440872950786,0.20598534510886488,0.241220776,0.04858541328423584,True,True,False,False,False,0.09999977978965197,0.10140567673346541,0.003501627104271876,"{""0.0000"": 2, ""0.1250"": 1, ""0.2500"": 1}"
c3_w2_tcop_cm1_states_L0.4_kp0_2090_up0_2500_s1024,cm1,stageB,0.1,0.209,0.25,,1024,175,7,1,True,,0.41042,-0.0002573927718297029,0.16462970661763923,0.02015004307551087,2.0526422404643316,0.022250848392065443,0.03729041288756048,0.16373471038513052,0.2417411888,0.04829268681694983,True,True,False,False,False,0.09999977978965197,0.10193616690121089,0.003501627104271876,"{""0.0000"": 1, ""0.1250"": 2, ""0.2500"": 1}"
c3_w2_tcop_cm1_states_L0.4_kp0_2090_up0_2500_s1024,cm1,stageB,0.1,0.209,0.25,,1024,200,8,2,True,,0.41558799999999996,-0.000801737406371602,-0.4481100050441352,0.015521241702035936,1.5136164362293638,0.01913836623867521,0.04065076699746884,0.16362358835283122,0.24258920799999995,0.04868854337521302,True,True,False,False,True,0.09999977978965197,0.10228108350953338,0.003501627104271876,"{""0.0000"": 1, ""0.1250"": 1, ""0.2500"": 2}"
c3_w2_tcop_cm1_states_L0.4_kp0_2090_up0_2500_s1024,cm1,stageB,0.1,0.209,0.25,,1024,225,9,0,True,,0.40740399999999993,-0.0006466238511401097,-0.2810640455582563,0.0086725419781904,1.0574052513073189,0.006361103836865402,0.042643941553368994,0.1826197087347702,0.2411241488,0.04884445499747131,True,True,False,False,True,0.09999977978965197,0.10140567673346541,0.003501627104271876,"{""0.0000"": 2, ""0.1250"": 1, ""0.2500"": 1}"
c3_w2_tcop_cm1_states_L0.4_kp0_2090_up0_2500_s1024,cm1,stageB,0.1,0.209,0.25,,1024,250,10,1,True,,0.41157599999999994,-0.0003623064362182353,0.07006106260739442,0.004519859867959215,0.3025469183908916,0.029343420596505115,0.03857196724338641,0.18076855749419662,0.24192917120000001,0.04912185077946473,True,True,False,False,True,0.09999977978965197,0.10193616690121089,0.003501627104271876,"{""0.0000"": 1, ""0.1250"": 2, ""0.2500"": 1}"
c3_w2_tcop_cm1_states_L0.4_kp0_2090_up0_2500_s1024,cm1,stageB,0.1,0.209,0.25,,1024,275,11,2,True,,0.41706400000000005,-0.0008731992242978428,-0.44095823534381035,0.005519503169585054,0.46390775702810766,0.026187952398271097,0.04466316093650363,0.19181708276951,0.24277464,0.04877314736614811,True,True,False,False,True,0.09999977978965197,0.10228108350953338,0.003501627104271876,"{""0.0000"": 1, ""0.1250"": 1, ""0.2500"": 2}"
c3_w2_tcop_cm1_states_L0.4_kp0_2090_up0_2500_s1024,cm1,stageB,0.1,0.209,0.25,,1024,300,12,0,False,EXITS_PRIMARY_BLOCK_SET,0.40852000000000005,-0.00044436772907542913,-0.02983026935201768,0.015066858781595971,1.6457599914838934,0.02055585951096336,0.047733557163548636,0.19680798933514154,0.24125115519999998,0.049110992659485105,True,True,False,False,True,0.09999977978965197,0.10140567673346541,0.003501627104271876,"{""0.0000"": 2, ""0.1250"": 1, ""0.2500"": 1}"
c3_w2_tcop_cm1_states_L0.4_kp0_2090_up0_2500_s31415,cm1,stageB,0.1,0.209,0.25,,31415,0,0,0,False,PRE_PRIMARY_PHASE_IMBALANCE,0.40232799999999996,-0.0008225927337186562,-0.356681379794395,0.027742314707303237,2.7325712371034148,0.07796448830732271,0.09048004085895568,0.8858443834735727,0.23913502719999996,0.04786920112138911,False,True,False,False,False,0.09999977978965197,0.10140567673346541,0.003501627104271876,"{""0.0000"": 2, ""0.1250"": 1, ""0.2500"": 1}"
c3_w2_tcop_cm1_states_L0.4_kp0_2090_up0_2500_s31415,cm1,stageB,0.1,0.209,0.25,,31415,25,1,1,False,PRE_PRIMARY_PHASE_IMBALANCE,0.411016,-0.00012128750744206763,0.229720143114772,0.0203359181744255,2.2320358029475718,0.02946515716089266,0.04089156160275199,0.19950561486777726,0.24179936959999998,0.048445513146214064,True,True,False,False,False,0.09999977978965197,0.10193616690121089,0.003501627104271876,"{""0.0000"": 1, ""0.1250"": 2, ""0.2500"": 1}"
c3_w2_tcop_cm1_states_L0.4_kp0_2090_up0_2500_s31415,cm1,stageB,0.1,0.209,0.25,,31415,50,2,2,False,PRE_PRIMARY_PHASE_IMBALANCE,0.415408,0.00014254949127599228,0.5516208631079808,0.005435104665218538,0.51771228985241,0.007044574563366681,0.043570632592624677,0.197396294251925,0.24251659839999998,0.04809774980183585,True,True,False,False,True,0.09999977978965197,0.10228108350953338,0.003501627104271876,"{""0.0000"": 1, ""0.1250"": 1, ""0.2500"": 2}"
c3_w2_tcop_cm1_states_L0.4_kp0_2090_up0_2500_s31415,cm1,stageB,0.1,0.209,0.25,,31415,75,3,0,True,,0.40619600000000006,0.00047009196959590856,0.8734180727458939,0.0026777375282820456,0.3754745044039022,0.016678346047397114,0.04432616248564988,0.1880865390400531,0.2408766256,0.048695478065216694,True,True,False,False,True,0.09999977978965197,0.10140567673346541,0.003501627104271876,"{""0.0000"": 2, ""0.1250"": 1, ""0.2500"": 1}"
c3_w2_tcop_cm1_states_L0.4_kp0_2090_up0_2500_s31415,cm1,stageB,0.1,0.209,0.25,,31415,100,4,1,True,,0.4107559999999999,-9.651234558595772e-05,0.3183696699400043,0.005343966169010816,0.533527241603038,0.02558913579721273,0.04035185326653205,0.18405087160248212,0.24176078560000003,0.04758096745548581,True,True,False,False,True,0.09999977978965197,0.10193616690121089,0.003501627104271876,"{""0.0000"": 1, ""0.1250"": 2, ""0.2500"": 1}"
c3_w2_tcop_cm1_states_L0.4_kp0_2090_up0_2500_s31415,cm1,stageB,0.1,0.209,0.25,,31415,125,5,2,True,,0.4152680000000001,0.0006705234835057857,1.1755830399534777,0.013860881753146474,1.4323971153647674,0.021300953936144673,0.04429722855875933,0.18205110872484484,0.242482104,0.04723693656451485,True,True,False,False,True,0.09999977978965197,0.10228108350953338,0.003501627104271876,"{""0.0000"": 1, ""0.1250"": 1, ""0.2500"": 2}"
c3_w2_tcop_cm1_states_L0.4_kp0_2090_up0_2500_s31415,cm1,stageB,0.1,0.209,0.25,,31415,150,6,0,True,,0.40634800000000004,-0.0002461633442227981,0.2341494851841273,0.004393993933341748,0.3397957148418006,0.006702512005799997,0.04732445454527024,0.19785996190984095,0.24085950239999998,0.047425551087994754,True,True,False,False,True,0.09999977978965197,0.10140567673346541,0.003501627104271876,"{""0.0000"": 2, ""0.1250"": 1, ""0.2500"": 1}"
c3_w2_tcop_cm1_states_L0.4_kp0_2090_up0_2500_s31415,cm1,stageB,0.1,0.209,0.25,,31415,175,7,1,True,,0.4109480000000001,-0.00039373422544432854,0.0426503348979565,0.009595144492853543,0.990418553779771,0.030971686793233498,0.04215794929880266,0.19564519064298844,0.24176959520000005,0.04876906084804176,True,True,False,False,True,0.09999977978965197,0.10193616690121089,0.003501627104271876,"{""0.0000"": 1, ""0.1250"": 2, ""0.2500"": 1}"
c3_w2_tcop_cm1_states_L0.4_kp0_2090_up0_2500_s31415,cm1,stageB,0.1,0.209,0.25,,31415,200,8,2,True,,0.41485999999999995,0.0008455149750750321,1.1660789129008153,0.0011302213617771228,0.12430284456368713,0.015705181336954588,0.04477337330262511,0.19380031771248063,0.24240616159999995,0.04787421435386695,True,True,False,False,True,0.09999977978965197,0.10228108350953338,0.003501627104271876,"{""0.0000"": 1, ""0.1250"": 1, ""0.2500"": 2}"
c3_w2_tcop_cm1_states_L0.4_kp0_2090_up0_2500_s31415,cm1,stageB,0.1,0.209,0.25,,31415,225,9,0,True,,0.40654,-0.00045801872420627647,-0.06035984150374129,0.003936330944463353,0.43465946722693993,0.02370896797529701,0.04483608071734483,0.19186303883538375,0.2409329808,0.04791814270190363,True,True,False,False,True,0.09999977978965197,0.10140567673346541,0.003501627104271876,"{""0.0000"": 2, ""0.1250"": 1, ""0.2500"": 1}"
c3_w2_tcop_cm1_states_L0.4_kp0_2090_up0_2500_s31415,cm1,stageB,0.1,0.209,0.25,,31415,250,10,1,True,,0.411864,-0.000968809515360633,-0.5345493460001418,0.014712466072990158,1.6019111943363078,0.028459229514485502,0.03898670348859984,0.18938290263440613,0.2419742112,0.04840047008036182,True,True,False,False,True,0.09999977978965197,0.10193616690121089,0.003501627104271876,"{""0.0000"": 1, ""0.1250"": 2, ""0.2500"": 1}"
c3_w2_tcop_cm1_states_L0.4_kp0_2090_up0_2500_s31415,cm1,stageB,0.1,0.209,0.25,,31415,275,11,2,True,,0.41580399999999995,-0.0012341205455391987,-0.8389533686249795,0.007440057596559019,0.7812738238446778,0.01775571729005279,0.041766284376888896,0.1875883825369924,0.24260943519999997,0.04767927835024351,True,True,False,False,True,0.09999977978965197,0.10228108350953338,0.003501627104271876,"{""0.0000"": 1, ""0.1250"": 1, ""0.2500"": 2}"
c3_w2_tcop_cm1_states_L0.4_kp0_2090_up0_2500_s31415,cm1,stageB,0.1,0.209,0.25,,31415,300,12,0,False,EXITS_PRIMARY_BLOCK_SET,0.4087839999999999,-0.0018626757120711213,-1.4748786908194438,0.01225993069167042,1.288905525316862,0.0222347961286582,0.041328180935379086,0.18102469719699235,0.24139422399999996,0.04847722500308779,True,True,False,False,True,0.09999977978965197,0.10140567673346541,0.003501627104271876,"{""0.0000"": 2, ""0.1250"": 1, ""0.2500"": 1}"
c3_w2_tcop_cm1_states_L0.4_kp0_2090_up0_5000_s42,cm1,stageB,0.1,0.209,0.5,,42,0,0,0,False,PRE_PRIMARY_PHASE_IMBALANCE,0.41611599999999993,-0.0008157975140414002,-0.429748648621759,0.0021570976035854136,0.20205742672523033,0.08322300262206042,0.10561840670541699,0.9199357849255119,0.24103191519999995,0.04864560148667092,False,True,False,False,True,0.09999977978965197,0.10184811545971599,0.0038917155759842226,"{""0.0000"": 2, ""0.2500"": 1, ""0.5000"": 1}"
c3_w2_tcop_cm1_states_L0.4_kp0_2090_up0_5000_s42,cm1,stageB,0.1,0.209,0.5,,42,25,1,1,False,PRE_PRIMARY_PHASE_IMBALANCE,0.4285919999999999,-0.0006023594502273869,-0.18790162437364166,0.004225110443223295,0.3991918207088972,0.053049318695439704,0.0604061196183255,0.25572105812586093,0.24423062719999997,0.047186624545521375,False,True,False,False,True,0.09999977978965197,0.10272352223578396,0.0038917155759842226,"{""0.0000"": 1, ""0.2500"": 2, ""0.5000"": 1}"
c3_w2_tcop_cm1_states_L0.4_kp0_2090_up0_5000_s42,cm1,stageB,0.1,0.209,0.5,,42,50,2,2,False,PRE_PRIMARY_PHASE_IMBALANCE,0.4380680000000001,7.902974798184533e-05,0.4295012375149795,0.0069708833074035165,0.7467771849711476,0.042826675440304,0.06996243630835239,0.26023357044971657,0.24522510879999998,0.04684514250165112,False,True,False,False,True,0.09999977978965197,0.10282104435371205,0.0038917155759842226,"{""0.0000"": 1, ""0.2500"": 1, ""0.5000"": 2}"
c3_w2_tcop_cm1_states_L0.4_kp0_2090_up0_5000_s42,cm1,stageB,0.1,0.209,0.5,,42,75,3,0,True,,0.42178,-2.3380692813758443e-05,0.39239330526819804,0.001206425750127594,0.23195467586369195,0.022295747469635665,0.07734346120041846,0.27502489384270273,0.2428174416,0.04818953828373955,False,True,False,False,True,0.09999977978965197,0.10184811545971599,0.0038917155759842226,"{""0.0000"": 2, ""0.2500"": 1, ""0.5000"": 1}"
c3_w2_tcop_cm1_states_L0.4_kp0_2090_up0_5000_s42,cm1,stageB,0.1,0.209,0.5,,42,100,4,1,True,,0.4296760000000001,-0.0002345841793402128,0.08989154472909848,0.002109150279800909,0.16838342853933178,0.06313983770133111,0.06734838753950982,0.26997086113729685,0.244217128,0.047531200531861176,False,True,False,False,True,0.09999977978965197,0.10272352223578396,0.0038917155759842226,"{""0.0000"": 1, ""0.2500"": 2, ""0.5000"": 1}"
c3_w2_tcop_cm1_states_L0.4_kp0_2090_up0_5000_s42,cm1,stageB,0.1,0.209,0.5,,42,125,5,2,True,,0.43813199999999997,-0.001362677594966889,-0.9729377970359595,0.0047711010881359575,0.3843256528382655,0.022046520013481032,0.07342286548826023,0.26476039124108636,0.245137512,0.0469134370516593,False,True,False,False,True,0.09999977978965197,0.10282104435371205,0.0038917155759842226,"{""0.0000"": 1, ""0.2500"": 1, ""0.5000"": 2}"
c3_w2_tcop_cm1_states_L0.4_kp0_2090_up0_5000_s42,cm1,stageB,0.1,0.209,0.5,,42,150,6,0,True,,0.421108,-0.0010264937612512242,-0.617486374018311,0.01512825777574131,1.5895983450759292,0.03492223032603981,0.07546036983014236,0.2564662740758517,0.24276627680000004,0.04746464300929693,False,True,False,False,True,0.09999977978965197,0.10184811545971599,0.0038917155759842226,"{""0.0000"": 2, ""0.2500"": 1, ""0.5000"": 1}"
c3_w2_tcop_cm1_states_L0.4_kp0_2090_up0_5000_s42,cm1,stageB,0.1,0.209,0.5,,42,175,7,1,True,,0.42949600000000004,-0.0010878484443480419,-0.773353446696741,0.022862406882654788,2.3331157943670595,0.056281821543032615,0.06336353666681913,0.2421442801745668,0.2442885632,0.04732595465492482,True,True,False,False,False,0.09999977978965197,0.10272352223578396,0.0038917155759842226,"{""0.0000"": 1, ""0.2500"": 2, ""0.5000"": 1}"
c3_w2_tcop_cm1_states_L0.4_kp0_2090_up0_5000_s42,cm1,stageB,0.1,0.209,0.5,,42,200,8,2,True,,0.43766000000000005,-0.001360947071177931,-0.7800657244540095,0.026948375886352103,2.6582238018906956,0.022896225502242778,0.06890762224432226,0.23762738144306686,0.24520421279999996,0.046386252273707136,True,True,False,False,False,0.09999977978965197,0.10282104435371205,0.0038917155759842226,"{""0.0000"": 1, ""0.2500"": 1, ""0.5000"": 2}"
c3_w2_tcop_cm1_states_L0.4_kp0_2090_up0_5000_s42,cm1,stageB,0.1,0.209,0.5,,42,225,9,0,True,,0.42198,-0.0008183947295972062,-0.42952047306718133,0.027729082231235734,2.9795603675193854,0.03251341762331553,0.07094720876388842,0.24361344081801636,0.24301657759999995,0.04761217911417204,True,True,False,False,False,0.09999977978965197,0.10184811545971599,0.0038917155759842226,"{""0.0000"": 2, ""0.2500"": 1, ""0.5000"": 1}"
c3_w2_tcop_cm1_states_L0.4_kp0_2090_up0_5000_s42,cm1,stageB,0.1,0.209,0.5,,42,250,10,1,True,,0.42992400000000003,-0.002421433513144805,-2.238961255675759,0.009656273308468464,0.9368242687636582,0.05043572422660594,0.05989671508630031,0.2298080585642856,0.2444262384,0.04792029031631591,True,True,False,False,False,0.09999977978965197,0.10272352223578396,0.0038917155759842226,"{""0.0000"": 1, ""0.2500"": 2, ""0.5000"": 1}"
c3_w2_tcop_cm1_states_L0.4_kp0_2090_up0_5000_s42,cm1,stageB,0.1,0.209,0.5,,42,275,11,2,True,,0.43861599999999995,-0.0027379620518024296,-2.3710334402418822,-0.0010264490461435669,-0.09528715523604633,0.029474922911628176,0.0669449562296753,0.22981377735920766,0.2453698112,0.046248076111336786,True,True,False,False,False,0.09999977978965197,0.10282104435371205,0.0038917155759842226,"{""0.0000"": 1, ""0.2500"": 1, ""0.5000"": 2}"
c3_w2_tcop_cm1_states_L0.4_kp0_2090_up0_5000_s42,cm1,stageB,0.1,0.209,0.5,,42,300,12,0,False,EXITS_PRIMARY_BLOCK_SET,0.42269200000000007,-0.003073444723852843,-3.0099210422672398,0.009011580936394658,0.8911653434165575,0.01899729112758914,0.07258811925193859,0.24509571923505585,0.2430820624,0.047160928065507784,True,True,False,False,False,0.09999977978965197,0.10184811545971599,0.0038917155759842226,"{""0.0000"": 2, ""0.2500"": 1, ""0.5000"": 1}"
c3_w2_tcop_cm1_states_L0.4_kp0_2090_up0_5000_s137,cm1,stageB,0.1,0.209,0.5,,137,0,0,0,False,PRE_PRIMARY_PHASE_IMBALANCE,0.417864,-0.00020310410512386774,0.2525231297777667,0.005132204872396873,0.4555257129532275,0.07725314469195708,0.10425241705365523,0.9180020271715148,0.24135591360000005,0.04731086031769028,False,True,False,False,True,0.09999977978965197,0.10184811545971599,0.0038917155759842226,"{""0.0000"": 2, ""0.2500"": 1, ""0.5000"": 1}"
c3_w2_tcop_cm1_states_L0.4_kp0_2090_up0_5000_s137,cm1,stageB,0.1,0.209,0.5,,137,25,1,1,False,PRE_PRIMARY_PHASE_IMBALANCE,0.42902,-0.0005939612594420561,-0.12132846301709137,-0.0008486453514543191,0.012678615741021271,0.05543624602675021,0.0615901501772538,0.2610600898301708,0.24426364319999994,0.04682093121671119,False,True,False,False,True,0.09999977978965197,0.10272352223578396,0.0038917155759842226,"{""0.0000"": 1, ""0.2500"": 2, ""0.5000"": 1}"
c3_w2_tcop_cm1_states_L0.4_kp0_2090_up0_5000_s137,cm1,stageB,0.1,0.209,0.5,,137,50,2,2,False,PRE_PRIMARY_PHASE_IMBALANCE,0.4371600000000001,0.00029596458263810206,0.6737956032079742,-0.003260506401113026,-0.3115491028581057,0.022652827954012238,0.06746046187565223,0.25619910271708496,0.24518141440000005,0.046781346709986876,False,True,False,False,True,0.09999977978965197,0.10282104435371205,0.0038917155759842226,"{""0.0000"": 1, ""0.2500"": 1, ""0.5000"": 2}"
c3_w2_tcop_cm1_states_L0.4_kp0_2090_up0_5000_s137,cm1,stageB,0.1,0.209,0.5,,137,75,3,0,True,,0.420676,0.0014031226729560723,1.6721257541912078,0.0062416690665811425,0.7172436565579141,0.021801950037353583,0.0710445963039085,0.2643364483252279,0.2428144848,0.04695767268508949,False,True,False,False,True,0.09999977978965197,0.10184811545971599,0.0038917155759842226,"{""0.0000"": 2, ""0.2500"": 1, ""0.5000"": 1}"
c3_w2_tcop_cm1_states_L0.4_kp0_2090_up0_5000_s137,cm1,stageB,0.1,0.209,0.5,,137,100,4,1,True,,0.428716,0.0009973398271452324,1.3654625727726966,0.011197966761770099,1.3360929839769553,0.05066069811840486,0.061114397956521016,0.2575131316360641,0.24423211360000002,0.046344701358407736,False,True,False,False,True,0.09999977978965197,0.10272352223578396,0.0038917155759842226,"{""0.0000"": 1, ""0.2500"": 2, ""0.5000"": 1}"
c3_w2_tcop_cm1_states_L0.4_kp0_2090_up0_5000_s137,cm1,stageB,0.1,0.209,0.5,,137,125,5,2,True,,0.4371600000000001,0.0007952950426720626,1.323957226548442,0.02108660080973657,2.1127731067225843,0.03508338747892569,0.0674752287733737,0.2525391155354123,0.24518103359999993,0.045562423113789725,False,True,False,False,False,0.09999977978965197,0.10282104435371205,0.0038917155759842226,"{""0.0000"": 1, ""0.2500"": 1, ""0.5000"": 2}"
c3_w2_tcop_cm1_states_L0.4_kp0_2090_up0_5000_s137,cm1,stageB,0.1,0.209,0.5,,137,150,6,0,True,,0.420952,0.0015655814001087006,1.97342983329632,0.023981012527911717,2.7804376779469937,0.026894876656529874,0.07316931077526377,0.2565613175455602,0.24280272639999997,0.04734019112762432,False,True,False,False,False,0.09999977978965197,0.10184811545971599,0.0038917155759842226,"{""0.0000"": 2, ""0.2500"": 1, ""0.5000"": 1}"
c3_w2_tcop_cm1_states_L0.4_kp0_2090_up0_5000_s137,cm1,stageB,0.1,0.209,0.5,,137,175,7,1,True,,0.429024,4.8343886947658684e-05,0.42277238706685916,0.02004828797534359,2.1997370364344464,0.05887588073794384,0.06211126972955494,0.2461400755059388,0.24425233279999997,0.04783144806505444,True,True,False,False,False,0.09999977978965197,0.10272352223578396,0.0038917155759842226,"{""0.0000"": 1, ""0.2500"": 2, ""0.5000"": 1}"
c3_w2_tcop_cm1_states_L0.4_kp0_2090_up0_5000_s137,cm1,stageB,0.1,0.209,0.5,,137,200,8,2,True,,0.437076,-5.526212372212784e-05,0.34505058481586875,0.029354446656368736,2.9762123873469672,0.028792929470055885,0.06981198179413742,0.2599090312442022,0.24510951840000003,0.046216557898657924,False,True,False,False,False,0.09999977978965197,0.10282104435371205,0.0038917155759842226,"{""0.0000"": 1, ""0.2500"": 1, ""0.5000"": 2}"
c3_w2_tcop_cm1_states_L0.4_kp0_2090_up0_5000_s137,cm1,stageB,0.1,0.209,0.5,,137,225,9,0,True,,0.420992,0.0004293424649484828,0.9019547448251795,0.02361455511064317,2.565923017560537,0.03261195677039382,0.07250328142274663,0.2698388561544189,0.24282606399999998,0.04702314255768111,False,True,False,False,False,0.09999977978965197,0.10184811545971599,0.0038917155759842226,"{""0.0000"": 2, ""0.2500"": 1, ""0.5000"": 1}"
c3_w2_tcop_cm1_states_L0.4_kp0_2090_up0_5000_s137,cm1,stageB,0.1,0.209,0.5,,137,250,10,1,True,,0.428828,-0.0009115843621755122,-0.4397272403237805,-0.005037247281126978,-0.5850203918699838,0.05455991592761755,0.06166682865672121,0.25837865004528937,0.24423523679999995,0.046992195266873836,False,True,False,False,True,0.09999977978965197,0.10272352223578396,0.0038917155759842226,"{""0.0000"": 1, ""0.2500"": 2, ""0.5000"": 1}"
c3_w2_tcop_cm1_states_L0.4_kp0_2090_up0_5000_s137,cm1,stageB,0.1,0.209,0.5,,137,275,11,2,True,,0.43764000000000003,0.0005102752032770668,0.9285932633039848,-0.010311615966363583,-0.8284575629955889,0.03263391865045454,0.06943371452040528,0.25317612591816074,0.24518786239999998,0.046524299027497454,False,True,False,False,True,0.09999977978965197,0.10282104435371205,0.0038917155759842226,"{""0.0000"": 1, ""0.2500"": 1, ""0.5000"": 2}"
c3_w2_tcop_cm1_states_L0.4_kp0_2090_up0_5000_s137,cm1,stageB,0.1,0.209,0.5,,137,300,12,0,False,EXITS_PRIMARY_BLOCK_SET,0.421036,0.0008228667972014548,1.4457676123785488,0.007390506433552285,0.7923355716457428,0.02311843487544602,0.07395773279508054,0.26031028163788766,0.2427950576,0.04653865816716249,False,True,False,False,True,0.09999977978965197,0.10184811545971599,0.0038917155759842226,"{""0.0000"": 2, ""0.2500"": 1, ""0.5000"": 1}"
c3_w2_tcop_cm1_states_L0.4_kp0_2090_up0_5000_s256,cm1,stageB,0.1,0.209,0.5,,256,0,0,0,False,PRE_PRIMARY_PHASE_IMBALANCE,0.41874399999999995,-0.0009340487689597558,-0.5377654077243844,0.020159246659924072,2.0457111522132405,0.09054723535289795,0.10682657232299193,0.9227594880815976,0.24139642239999998,0.0466135437828964,False,True,False,False,False,0.09999977978965197,0.10184811545971599,0.0038917155759842226,"{""0.0000"": 2, ""0.2500"": 1, ""0.5000"": 1}"
c3_w2_tcop_cm1_states_L0.4_kp0_2090_up0_5000_s256,cm1,stageB,0.1,0.209,0.5,,256,25,1,1,False,PRE_PRIMARY_PHASE_IMBALANCE,0.4306920000000001,-0.0006737676604397116,-0.3686247175167432,0.025331940478694578,2.254133259611749,0.06704245121270894,0.0615015078707523,0.24890176681038476,0.24449477599999997,0.04599088100917398,True,True,False,False,False,0.09999977978965197,0.10272352223578396,0.0038917155759842226,"{""0.0000"": 1, ""0.2500"": 2, ""0.5000"": 1}"
c3_w2_tcop_cm1_states_L0.4_kp0_2090_up0_5000_s256,cm1,stageB,0.1,0.209,0.5,,256,50,2,2,False,PRE_PRIMARY_PHASE_IMBALANCE,0.43803999999999993,0.00018868835011928497,0.6100576824422653,0.03425559768273755,3.5541917488369443,0.008601718521316134,0.06681819376859474,0.24472650843592714,0.2453042816,0.045394255143134575,True,True,False,False,False,0.09999977978965197,0.10282104435371205,0.0038917155759842226,"{""0.0000"": 1, ""0.2500"": 1, ""0.5000"": 2}"
c3_w2_tcop_cm1_states_L0.4_kp0_2090_up0_5000_s256,cm1,stageB,0.1,0.209,0.5,,256,75,3,0,True,,0.4208200000000001,-0.00011572519276748936,0.35516579977887536,0.013054307703131804,1.3396164968218693,0.011622472993886595,0.07025061015840134,0.2604438946332306,0.24285656480000004,0.04726867461649417,False,True,False,False,True,0.09999977978965197,0.10184811545971599,0.0038917155759842226,"{""0.0000"": 2, ""0.2500"": 1, ""0.5000"": 1}"
c3_w2_tcop_cm1_states_L0.4_kp0_2090_up0_5000_s256,cm1,stageB,0.1,0.209,0.5,,256,100,4,1,True,,0.428828,-0.0005333385903124499,-0.2965099215969612,0.004563517658293862,0.3338500210858693,0.05081426354410527,0.06172464923063069,0.2555803253155571,0.2442339248,0.047338213063021294,False,True,False,False,True,0.09999977978965197,0.10272352223578396,0.0038917155759842226,"{""0.0000"": 1, ""0.2500"": 2, ""0.5000"": 1}"
c3_w2_tcop_cm1_states_L0.4_kp0_2090_up0_5000_s256,cm1,stageB,0.1,0.209,0.5,,256,125,5,2,True,,0.4376280000000001,-0.0007835265140014567,-0.5125512832369035,-0.0017298163658219501,-0.13912579105374284,0.038562083655973536,0.06886268136361154,0.2751195072638873,0.24520154080000003,0.046785613344274966,False,True,False,False,True,0.09999977978965197,0.10282104435371205,0.0038917155759842226,"{""0.0000"": 1, ""0.2500"": 1, ""0.5000"": 2}"
c3_w2_tcop_cm1_states_L0.4_kp0_2090_up0_5000_s256,cm1,stageB,0.1,0.209,0.5,,256,150,6,0,True,,0.422012,-0.001330335991301838,-0.8987842466911301,0.010658950230447484,1.1671741368917965,0.029542019371791933,0.07396209678997478,0.2852999434013726,0.24294362719999998,0.04815964966649986,False,True,False,False,True,0.09999977978965197,0.10184811545971599,0.0038917155759842226,"{""0.0000"": 2, ""0.2500"": 1, ""0.5000"": 1}"
c3_w2_tcop_cm1_states_L0.4_kp0_2090_up0_5000_s256,cm1,stageB,0.1,0.209,0.5,,256,175,7,1,True,,0.4303080000000001,-0.0010991545891629046,-0.6719363091634145,0.011974225501118199,1.3660822905762222,0.06611163345876028,0.06145537874518995,0.25377171641296054,0.2444437008,0.04735763017719531,False,True,False,False,True,0.09999977978965197,0.10272352223578396,0.0038917155759842226,"{""0.0000"": 1, ""0.2500"": 2, ""0.5000"": 1}"
c3_w2_tcop_cm1_states_L0.4_kp0_2090_up0_5000_s256,cm1,stageB,0.1,0.209,0.5,,256,200,8,2,True,,0.43844399999999994,-0.0012194505450297088,-0.6906582167868589,0.014347370239778513,1.4488390712438801,0.026842873623195325,0.06867511463251572,0.25362417947645716,0.2453042352,0.04617378979464432,False,True,False,False,True,0.09999977978965197,0.10282104435371205,0.0038917155759842226,"{""0.0000"": 1, ""0.2500"": 1, ""0.5000"": 2}"
c3_w2_tcop_cm1_states_L0.4_kp0_2090_up0_5000_s256,cm1,stageB,0.1,0.209,0.5,,256,225,9,0,True,,0.42149200000000014,-0.0024272814788409928,-1.9045744449622917,0.015681744653654284,1.6530470119555463,0.02034975208407892,0.07365780941136502,0.2752128147741526,0.24287262880000007,0.047279318269196735,False,True,False,False,True,0.09999977978965197,0.10184811545971599,0.0038917155759842226,"{""0.0000"": 2, ""0.2500"": 1, ""0.5000"": 1}"
c3_w2_tcop_cm1_states_L0.4_kp0_2090_up0_5000_s256,cm1,stageB,0.1,0.209,0.5,,256,250,10,1,True,,0.42876000000000003,-0.00032325171970571916,0.05480431723645029,0.001864679219447383,0.28602943709388057,0.06794298221701967,0.06328869095224465,0.27054762508035346,0.24418851840000003,0.047018957878711014,False,True,False,False,True,0.09999977978965197,0.10272352223578396,0.0038917155759842226,"{""0.0000"": 1, ""0.2500"": 2, ""0.5000"": 1}"
c3_w2_tcop_cm1_states_L0.4_kp0_2090_up0_5000_s256,cm1,stageB,0.1,0.209,0.5,,256,275,11,2,True,,0.43736400000000003,-0.0009055041688593881,-0.4664653630702297,0.014467073330836458,1.3444037246257912,0.02499934461075612,0.07124284316189475,0.2652253037167546,0.24510584479999997,0.04684070349599801,False,True,False,False,True,0.09999977978965197,0.10282104435371205,0.0038917155759842226,"{""0.0000"": 1, ""0.2500"": 1, ""0.5000"": 2}"
c3_w2_tcop_cm1_states_L0.4_kp0_2090_up0_5000_s256,cm1,stageB,0.1,0.209,0.5,,256,300,12,0,False,EXITS_PRIMARY_BLOCK_SET,0.4204039999999999,-0.0006578260154104592,-0.25909574391551343,0.020643547488825305,1.9327962541347512,0.031942186159845974,0.07362051722696694,0.2749735961718404,0.242706552,0.0479111342382958,False,True,False,False,True,0.09999977978965197,0.10184811545971599,0.0038917155759842226,"{""0.0000"": 2, ""0.2500"": 1, ""0.5000"": 1}"
c3_w2_tcop_cm1_states_L0.4_kp0_2090_up0_5000_s1024,cm1,stageB,0.1,0.209,0.5,,1024,0,0,0,False,PRE_PRIMARY_PHASE_IMBALANCE,0.41672800000000004,-0.00046574814218063086,-0.07564225994955226,0.017551433091823592,1.8054115136078313,0.07861568230835914,0.10565828692141171,0.9022671841050584,0.2411270656,0.0470320530702201,False,True,False,False,True,0.09999977978965197,0.10184811545971599,0.0038917155759842226,"{""0.0000"": 2, ""0.2500"": 1, ""0.5000"": 1}"
c3_w2_tcop_cm1_states_L0.4_kp0_2090_up0_5000_s1024,cm1,stageB,0.1,0.209,0.5,,1024,25,1,1,False,PRE_PRIMARY_PHASE_IMBALANCE,0.42909600000000003,4.085922283797924e-05,0.39239333254520103,0.011428837958876852,1.1031909394279933,0.050971034676957155,0.06099368237396752,0.24423438987025187,0.2442876416,0.04667914720729161,True,True,False,False,True,0.09999977978965197,0.10272352223578396,0.0038917155759842226,"{""0.0000"": 1, ""0.2500"": 2, ""0.5000"": 1}"
c3_w2_tcop_cm1_states_L0.4_kp0_2090_up0_5000_s1024,cm1,stageB,0.1,0.209,0.5,,1024,50,2,2,False,PRE_PRIMARY_PHASE_IMBALANCE,0.43782400000000005,-0.0007832413595519499,-0.33907208304424263,0.004948596999089568,0.35865414391313527,0.0353941985993685,0.06858464571993593,0.2567241625476808,0.24523246399999998,0.046532408319363824,False,True,False,False,True,0.09999977978965197,0.10282104435371205,0.0038917155759842226,"{""0.0000"": 1, ""0.2500"": 1, ""0.5000"": 2}"
c3_w2_tcop_cm1_states_L0.4_kp0_2090_up0_5000_s1024,cm1,stageB,0.1,0.209,0.5,,1024,75,3,0,True,,0.42284400000000005,-0.0013378771696572992,-0.8792499950100052,0.002343847721666726,0.17319725634956454,0.04077769631270224,0.07195918180615857,0.28379260369357817,0.2431211184,0.0468823171782283,False,True,False,False,True,0.09999977978965197,0.10184811545971599,0.0038917155759842226,"{""0.0000"": 2, ""0.2500"": 1, ""0.5000"": 1}"
c3_w2_tcop_cm1_states_L0.4_kp0_2090_up0_5000_s1024,cm1,stageB,0.1,0.209,0.5,,1024,100,4,1,True,,0.43054400000000004,-0.0016800567459587174,-1.3006787333480048,0.0015016690577087759,0.14855929780047755,0.0683047975439852,0.05906868171559081,0.2787171571808754,0.24452909439999995,0.04662214134936318,False,True,False,False,True,0.09999977978965197,0.10272352223578396,0.0038917155759842226,"{""0.0000"": 1, ""0.2500"": 2, ""0.5000"": 1}"
c3_w2_tcop_cm1_states_L0.4_kp0_2090_up0_5000_s1024,cm1,stageB,0.1,0.209,0.5,,1024,125,5,2,True,,0.43786400000000003,-0.0019297089743251057,-1.372293561167165,0.018736562295221578,1.911819207450672,0.009444972758462124,0.06617864113817626,0.27405769765484783,0.24529943680000002,0.04601214517928935,False,True,False,False,True,0.09999977978965197,0.10282104435371205,0.0038917155759842226,"{""0.0000"": 1, ""0.2500"": 1, ""0.5000"": 2}"
c3_w2_tcop_cm1_states_L0.4_kp0_2090_up0_5000_s1024,cm1,stageB,0.1,0.209,0.5,,1024,150,6,0,True,,0.421436,-0.0014881933819628403,-1.0026195824569486,0.0274927629736665,2.812734056926042,0.014174103146290945,0.06878977204303938,0.2780967922102128,0.2429872496,0.04744152088624479,False,True,False,False,False,0.09999977978965197,0.10184811545971599,0.0038917155759842226,"{""0.0000"": 2, ""0.2500"": 1, ""0.5000"": 1}"
c3_w2_tcop_cm1_states_L0.4_kp0_2090_up0_5000_s1024,cm1,stageB,0.1,0.209,0.5,,1024,175,7,1,True,,0.42796800000000007,-0.0010352485367099793,-0.5774294094959228,0.00951501759963717,0.9941993540091445,0.0509629247961109,0.06015899645748491,0.2345969786652343,0.24414852800000003,0.046991392573534144,True,True,False,False,True,0.09999977978965197,0.10272352223578396,0.0038917155759842226,"{""0.0000"": 1, ""0.2500"": 2, ""0.5000"": 1}"
c3_w2_tcop_cm1_states_L0.4_kp0_2090_up0_5000_s1024,cm1,stageB,0.1,0.209,0.5,,1024,200,8,2,True,,0.437144,-0.0009585385934742967,-0.6164176376779505,0.0072852437228257535,0.6323275177390439,0.032666553735458216,0.06781874849140625,0.22967260163773812,0.24517020479999999,0.04739286089697477,True,True,False,False,True,0.09999977978965197,0.10282104435371205,0.0038917155759842226,"{""0.0000"": 1, ""0.2500"": 1, ""0.5000"": 2}"
c3_w2_tcop_cm1_states_L0.4_kp0_2090_up0_5000_s1024,cm1,stageB,0.1,0.209,0.5,,1024,225,9,0,True,,0.420884,-0.000863401186784156,-0.48364874772787203,0.003949760125095768,0.6007538412837797,0.020360899766526504,0.07327506052443886,0.25375162692392295,0.24278953440000003,0.048284765133528404,False,True,False,False,True,0.09999977978965197,0.10184811545971599,0.0038917155759842226,"{""0.0000"": 2, ""0.2500"": 1, ""0.5000"": 1}"
c3_w2_tcop_cm1_states_L0.4_kp0_2090_up0_5000_s1024,cm1,stageB,0.1,0.209,0.5,,1024,250,10,1,True,,0.429456,-0.0008853551690463528,-0.4662721099518555,0.006425740685599696,0.48016907387516183,0.04947739648999364,0.06359831853023892,0.24868671005018742,0.24427756160000003,0.04767330557030842,True,True,False,False,True,0.09999977978965197,0.10272352223578396,0.0038917155759842226,"{""0.0000"": 1, ""0.2500"": 2, ""0.5000"": 1}"
c3_w2_tcop_cm1_states_L0.4_kp0_2090_up0_5000_s1024,cm1,stageB,0.1,0.209,0.5,,1024,275,11,2,True,,0.43889999999999996,-0.0009485073604363331,-0.5556871538119662,0.010110356344925638,0.8889129702294534,0.03781157327897771,0.07183976777442873,0.2570061511574251,0.24527261919999993,0.04706962927408713,False,True,False,False,True,0.09999977978965197,0.10282104435371205,0.0038917155759842226,"{""0.0000"": 1, ""0.2500"": 1, ""0.5000"": 2}"
c3_w2_tcop_cm1_states_L0.4_kp0_2090_up0_5000_s1024,cm1,stageB,0.1,0.209,0.5,,1024,300,12,0,False,EXITS_PRIMARY_BLOCK_SET,0.42224000000000006,-0.0008015377712360883,-0.3779380012552785,0.01894562656594742,2.083839618143317,0.030863639530728453,0.07731141121032196,0.268093974355594,0.24288775359999995,0.04806685344392745,False,True,False,False,False,0.09999977978965197,0.10184811545971599,0.0038917155759842226,"{""0.0000"": 2, ""0.2500"": 1, ""0.5000"": 1}"
c3_w2_tcop_cm1_states_L0.4_kp0_2090_up0_5000_s31415,cm1,stageB,0.1,0.209,0.5,,31415,0,0,0,False,PRE_PRIMARY_PHASE_IMBALANCE,0.414944,-0.0005585277787824911,-0.09000375019699197,0.021840131526839283,2.2327095779435724,0.09245584056447176,0.10906332051662852,0.9341019488555034,0.24071744640000003,0.04689858061818076,False,True,False,False,False,0.09999977978965197,0.10184811545971599,0.0038917155759842226,"{""0.0000"": 2, ""0.2500"": 1, ""0.5000"": 1}"
c3_w2_tcop_cm1_states_L0.4_kp0_2090_up0_5000_s31415,cm1,stageB,0.1,0.209,0.5,,31415,25,1,1,False,PRE_PRIMARY_PHASE_IMBALANCE,0.4281960000000001,0.000123306266642644,0.4612523529598812,0.012482297394332808,1.3213947697971984,0.051848919882872074,0.06334271410752663,0.26436491638323345,0.2441085232,0.04707850447922066,False,True,False,False,True,0.09999977978965197,0.10272352223578396,0.0038917155759842226,"{""0.0000"": 1, ""0.2500"": 2, ""0.5000"": 1}"
c3_w2_tcop_cm1_states_L0.4_kp0_2090_up0_5000_s31415,cm1,stageB,0.1,0.209,0.5,,31415,50,2,2,False,PRE_PRIMARY_PHASE_IMBALANCE,0.43682399999999993,-0.0006466321355834126,-0.22167929011981582,-0.0008225244111878788,-0.101234475321877,0.02680999921776827,0.0700325783787162,0.25914326992302783,0.245072928,0.04648002822718592,False,True,False,False,True,0.09999977978965197,0.10282104435371205,0.0038917155759842226,"{""0.0000"": 1, ""0.2500"": 1, ""0.5000"": 2}"
c3_w2_tcop_cm1_states_L0.4_kp0_2090_up0_5000_s31415,cm1,stageB,0.1,0.209,0.5,,31415,75,3,0,True,,0.41998800000000003,-0.0005759997995619606,-0.25706826322626675,0.0024657842164112578,0.3721208753889253,0.029554085370461627,0.07458729717114988,0.26667428529702203,0.24261677600000003,0.047697797181840584,False,True,False,False,True,0.09999977978965197,0.10184811545971599,0.0038917155759842226,"{""0.0000"": 2, ""0.2500"": 1, ""0.5000"": 1}"
c3_w2_tcop_cm1_states_L0.4_kp0_2090_up0_5000_s31415,cm1,stageB,0.1,0.209,0.5,,31415,100,4,1,True,,0.42851200000000006,-0.0013404019742814515,-0.8663613489110621,0.00595659031828889,0.623449419430691,0.05530311811495879,0.06399267956458288,0.2595026504286866,0.24413752000000002,0.046330398832731844,False,True,False,False,True,0.09999977978965197,0.10272352223578396,0.0038917155759842226,"{""0.0000"": 1, ""0.2500"": 2, ""0.5000"": 1}"
c3_w2_tcop_cm1_states_L0.4_kp0_2090_up0_5000_s31415,cm1,stageB,0.1,0.209,0.5,,31415,125,5,2,True,,0.436512,-0.0012856888939238441,-0.8738892521549829,0.011159517249920644,1.1964850601837365,0.029314565433818666,0.07067766542747288,0.2547467188651247,0.2450174496,0.04573657022558644,False,True,False,False,True,0.09999977978965197,0.10282104435371205,0.0038917155759842226,"{""0.0000"": 1, ""0.2500"": 1, ""0.5000"": 2}"
c3_w2_tcop_cm1_states_L0.4_kp0_2090_up0_5000_s31415,cm1,stageB,0.1,0.209,0.5,,31415,150,6,0,True,,0.419452,-0.0012381749025960846,-0.8702558941607461,0.007104550753595314,0.6165380777282639,0.018392119820036735,0.0757194811948701,0.26510780669752965,0.2425032784,0.04663281780034314,False,True,False,False,True,0.09999977978965197,0.10184811545971599,0.0038917155759842226,"{""0.0000"": 2, ""0.2500"": 1, ""0.5000"": 1}"
c3_w2_tcop_cm1_states_L0.4_kp0_2090_up0_5000_s31415,cm1,stageB,0.1,0.209,0.5,,31415,175,7,1,True,,0.428008,-0.0017216623723525942,-1.3045767143881108,0.008081417514118021,0.8593562630551776,0.05575630913180446,0.06421413030562143,0.2560699794020907,0.24406177279999997,0.0474977045340088,False,True,False,False,True,0.09999977978965197,0.10272352223578396,0.0038917155759842226,"{""0.0000"": 1, ""0.2500"": 2, ""0.5000"": 1}"
c3_w2_tcop_cm1_states_L0.4_kp0_2090_up0_5000_s31415,cm1,stageB,0.1,0.209,0.5,,31415,200,8,2,True,,0.435784,-0.0004876944534571826,-0.0916018256381109,-0.0007363486176748612,-0.0632224862366924,0.0294880147298106,0.07051949988362068,0.25333651475653873,0.24493189440000002,0.04624354380883887,False,True,False,False,True,0.09999977978965197,0.10282104435371205,0.0038917155759842226,"{""0.0000"": 1, ""0.2500"": 1, ""0.5000"": 2}"
c3_w2_tcop_cm1_states_L0.4_kp0_2090_up0_5000_s31415,cm1,stageB,0.1,0.209,0.5,,31415,225,9,0,True,,0.419804,-0.0010712269707191314,-0.5669463434561266,0.0019080037313935455,0.2059322889397811,0.034846601841432505,0.07380389251366222,0.2658383429747254,0.2426086448,0.046814544577513516,False,True,False,False,True,0.09999977978965197,0.10184811545971599,0.0038917155759842226,"{""0.0000"": 2, ""0.2500"": 1, ""0.5000"": 1}"
c3_w2_tcop_cm1_states_L0.4_kp0_2090_up0_5000_s31415,cm1,stageB,0.1,0.209,0.5,,31415,250,10,1,True,,0.42914399999999986,-0.0017337660481875686,-1.2696418257293343,0.009135737044164137,1.1099330060597572,0.054127665310846125,0.061563554927810564,0.2600525691608118,0.24428143040000003,0.04717019465721973,False,True,False,False,True,0.09999977978965197,0.10272352223578396,0.0038917155759842226,"{""0.0000"": 1, ""0.2500"": 2, ""0.5000"": 1}"
c3_w2_tcop_cm1_states_L0.4_kp0_2090_up0_5000_s31415,cm1,stageB,0.1,0.209,0.5,,31415,275,11,2,True,,0.437388,-0.0015558961878968452,-1.1676099496608618,0.00933125213682551,0.9697759854827727,0.03542234651044525,0.06917403505454807,0.25515103236679776,0.24516431840000003,0.04646651973195324,False,True,False,False,True,0.09999977978965197,0.10282104435371205,0.0038917155759842226,"{""0.0000"": 1, ""0.2500"": 1, ""0.5000"": 2}"
c3_w2_tcop_cm1_states_L0.4_kp0_2090_up0_5000_s31415,cm1,stageB,0.1,0.209,0.5,,31415,300,12,0,False,EXITS_PRIMARY_BLOCK_SET,0.42255599999999993,-0.0020108597313293944,-1.5734648545743166,0.016591678928562708,1.6840726807025643,0.034565123996563495,0.0718325483060612,0.2622137651288498,0.24308110559999996,0.04774166800605107,False,True,False,False,True,0.09999977978965197,0.10184811545971599,0.0038917155759842226,"{""0.0000"": 2, ""0.2500"": 1, ""0.5000"": 1}"
c3_w2_tcop_cm1_states_L0.4_km0_2090_up0_1000_s42,cm1,stageB,-0.1,-0.209,0.1,,42,0,0,0,False,PRE_PRIMARY_PHASE_IMBALANCE,0.40723600000000004,-0.00018031211497998578,0.1417591087613813,-0.02407902170810666,-2.2179072808455325,0.05076424297450636,0.08011060462634284,0.8417723363313352,0.24033052000000005,0.049671725397855866,False,True,False,False,False,-0.09999977978965197,-0.10067216791685173,0.0017552423161131259,"{""0.0000"": 2, ""0.0500"": 1, ""0.1000"": 1}"
c3_w2_tcop_cm1_states_L0.4_km0_2090_up0_1000_s42,cm1,stageB,-0.1,-0.209,0.1,,42,25,1,1,False,PRE_PRIMARY_PHASE_IMBALANCE,0.41190000000000004,0.0002580220287147205,0.7214753072194902,-0.021655944173180508,-2.1588557028264894,0.00796991569035751,0.025093880743287715,0.14178198557469776,0.24213155360000002,0.04884618715928603,True,True,False,False,False,-0.09999977978965197,-0.1009057454650232,0.0017552423161131259,"{""0.0000"": 1, ""0.0500"": 2, ""0.1000"": 1}"
c3_w2_tcop_cm1_states_L0.4_km0_2090_up0_1000_s42,cm1,stageB,-0.1,-0.209,0.1,,42,50,2,2,False,PRE_PRIMARY_PHASE_IMBALANCE,0.4144280000000001,0.0012157950190843224,1.5768406016627226,-0.01217604695831499,-1.1493521651588177,0.015960170206123024,0.027520577009496783,0.14381267640262554,0.242547352,0.048792138875027806,True,True,False,False,True,-0.09999977978965197,-0.10111097849588001,0.0017552423161131259,"{""0.0000"": 1, ""0.0500"": 1, ""0.1000"": 2}"
c3_w2_tcop_cm1_states_L0.4_km0_2090_up0_1000_s42,cm1,stageB,-0.1,-0.209,0.1,,42,75,3,0,True,,0.41152400000000006,0.0011061056584175004,1.5590572123852602,-0.024018847732191807,-2.333231935700221,0.00046252231568722526,0.028229334917258826,0.14871550590314178,0.24203704159999997,0.04883971154705973,True,True,False,False,False,-0.09999977978965197,-0.10067216791685173,0.0017552423161131259,"{""0.0000"": 2, ""0.0500"": 1, ""0.1000"": 1}"
c3_w2_tcop_cm1_states_L0.4_km0_2090_up0_1000_s42,cm1,stageB,-0.1,-0.209,0.1,,42,100,4,1,True,,0.41282800000000003,0.0012620522122855922,1.5803683613108372,-0.023711094658587374,-2.65755316829555,0.012863785984094527,0.029108544429589225,0.14824575816503305,0.2422566384,0.04844917353268268,True,True,False,False,False,-0.09999977978965197,-0.1009057454650232,0.0017552423161131259,"{""0.0000"": 1, ""0.0500"": 2, ""0.1000"": 1}"
c3_w2_tcop_cm1_states_L0.4_km0_2090_up0_1000_s42,cm1,stageB,-0.1,-0.209,0.1,,42,125,5,2,True,,0.414084,0.0006981025866315602,1.032325785329777,-0.01922194053644334,-1.8559376641438639,0.004902104363841331,0.028524713495478457,0.14779609898523954,0.2424789264,0.048727004258419165,True,True,False,False,True,-0.09999977978965197,-0.10111097849588001,0.0017552423161131259,"{""0.0000"": 1, ""0.0500"": 1, ""0.1000"": 2}"
c3_w2_tcop_cm1_states_L0.4_km0_2090_up0_1000_s42,cm1,stageB,-0.1,-0.209,0.1,,42,150,6,0,True,,0.4105079999999999,0.0004219268448379243,0.7505185434847632,-0.011998743109142989,-1.0270443192433736,0.008065935633520711,0.028225684010058996,0.13836514723619242,0.24185692640000003,0.048193173126491684,True,True,False,False,True,-0.09999977978965197,-0.10067216791685173,0.0017552423161131259,"{""0.0000"": 2, ""0.0500"": 1, ""0.1000"": 1}"
c3_w2_tcop_cm1_states_L0.4_km0_2090_up0_1000_s42,cm1,stageB,-0.1,-0.209,0.1,,42,175,7,1,True,,0.41201599999999994,0.0010690234079972607,1.5807261425311596,-0.003672437305633013,-0.2601063185457332,0.011507888363331402,0.02656294098474242,0.12329618237326666,0.24213903679999998,0.048851773191973286,True,True,False,False,True,-0.09999977978965197,-0.1009057454650232,0.0017552423161131259,"{""0.0000"": 1, ""0.0500"": 2, ""0.1000"": 1}"
c3_w2_tcop_cm1_states_L0.4_km0_2090_up0_1000_s42,cm1,stageB,-0.1,-0.209,0.1,,42,200,8,2,True,,0.412796,0.0008925052101718143,1.2386503081794815,-0.004427936177073218,-0.4057665386509397,0.002598540838884117,0.02618725619533379,0.12306320767870038,0.24227860640000004,0.04850466352836601,True,True,False,False,True,-0.09999977978965197,-0.10111097849588001,0.0017552423161131259,"{""0.0000"": 1, ""0.0500"": 1, ""0.1000"": 2}"
c3_w2_tcop_cm1_states_L0.4_km0_2090_up0_1000_s42,cm1,stageB,-0.1,-0.209,0.1,,42,225,9,0,True,,0.41074799999999995,0.0009884022490433662,1.4881578497753092,-0.005233836125963791,-0.38637346779669224,0.008735572183298655,0.02592981459816734,0.12367680396818295,0.2419206448,0.04855554032239781,True,True,False,False,True,-0.09999977978965197,-0.10067216791685173,0.0017552423161131259,"{""0.0000"": 2, ""0.0500"": 1, ""0.1000"": 1}"
c3_w2_tcop_cm1_states_L0.4_km0_2090_up0_1000_s42,cm1,stageB,-0.1,-0.209,0.1,,42,250,10,1,True,,0.41213200000000005,-0.0003049171681139998,0.0785947003782509,-0.023892170902959104,-2.3629128388693346,0.0038106166080143907,0.024372552559708063,0.11258528793545441,0.24217831840000004,0.04905562736322919,True,True,False,False,False,-0.09999977978965197,-0.1009057454650232,0.0017552423161131259,"{""0.0000"": 1, ""0.0500"": 2, ""0.1000"": 1}"
c3_w2_tcop_cm1_states_L0.4_km0_2090_up0_1000_s42,cm1,stageB,-0.1,-0.209,0.1,,42,275,11,2,True,,0.41359999999999997,-0.0010172566107628485,-0.5726750297340842,-0.032344127851960884,-3.2472779921377852,0.006062114900896177,0.02580411428309546,0.11992263027098005,0.242421136,0.047776981905515964,True,True,False,False,False,-0.09999977978965197,-0.10111097849588001,0.0017552423161131259,"{""0.0000"": 1, ""0.0500"": 1, ""0.1000"": 2}"
c3_w2_tcop_cm1_states_L0.4_km0_2090_up0_1000_s42,cm1,stageB,-0.1,-0.209,0.1,,42,300,12,0,False,EXITS_PRIMARY_BLOCK_SET,0.411208,-0.001996135291385352,-1.6431424004798756,-0.021855743719256294,-2.2663713213793404,0.004432652744583513,0.025795864925085243,0.12937491457030287,0.24200346239999998,0.04770053182093466,True,True,False,False,False,-0.09999977978965197,-0.10067216791685173,0.0017552423161131259,"{""0.0000"": 2, ""0.0500"": 1, ""0.1000"": 1}"
c3_w2_tcop_cm1_states_L0.4_km0_2090_up0_1000_s137,cm1,stageB,-0.1,-0.209,0.1,,137,0,0,0,False,PRE_PRIMARY_PHASE_IMBALANCE,0.408532,0.00025495300319065795,0.7336609525791715,-0.019748766155587422,-2.098365146486861,0.0391581557792668,0.08013724289280001,0.827352567663359,0.24056178720000002,0.04784354685848448,False,True,False,False,False,-0.09999977978965197,-0.10067216791685173,0.0017552423161131259,"{""0.0000"": 2, ""0.0500"": 1, ""0.1000"": 1}"
c3_w2_tcop_cm1_states_L0.4_km0_2090_up0_1000_s137,cm1,stageB,-0.1,-0.209,0.1,,137,25,1,1,False,PRE_PRIMARY_PHASE_IMBALANCE,0.411796,0.0006051664903901421,1.1354892647757648,-0.022516127573142104,-2.391765721994976,0.008490683820323192,0.026814140003977336,0.13501830970913187,0.24209812959999996,0.047957631134158414,True,True,False,False,False,-0.09999977978965197,-0.1009057454650232,0.0017552423161131259,"{""0.0000"": 1, ""0.0500"": 2, ""0.1000"": 1}"
c3_w2_tcop_cm1_states_L0.4_km0_2090_up0_1000_s137,cm1,stageB,-0.1,-0.209,0.1,,137,50,2,2,False,PRE_PRIMARY_PHASE_IMBALANCE,0.4136000000000001,0.0020097817299444378,2.230734281225037,-0.029799952651515152,-2.806067824137201,0.0034622417670637264,0.027210582519226405,0.13442940006182438,0.2424083808,0.048635789291426125,True,True,False,False,False,-0.09999977978965197,-0.10111097849588001,0.0017552423161131259,"{""0.0000"": 1, ""0.0500"": 1, ""0.1000"": 2}"
c3_w2_tcop_cm1_states_L0.4_km0_2090_up0_1000_s137,cm1,stageB,-0.1,-0.209,0.1,,137,75,3,0,True,,0.4107760000000001,0.002400011502251031,2.5603902343704954,-0.022833968850386018,-1.998603722097852,0.003600570381886145,0.02758315893969606,0.1334060409239924,0.2419106976,0.04791448449060054,True,True,False,False,False,-0.09999977978965197,-0.10067216791685173,0.0017552423161131259,"{""0.0000"": 2, ""0.0500"": 1, ""0.1000"": 1}"
c3_w2_tcop_cm1_states_L0.4_km0_2090_up0_1000_s137,cm1,stageB,-0.1,-0.209,0.1,,137,100,4,1,True,,0.4121199999999999,0.0022992251504916333,2.652045599195615,-0.015242613852614195,-1.4028146680435567,0.006086214740843876,0.026075322914521085,0.13200038791614002,0.2421616256,0.04777766842364747,True,True,False,False,False,-0.09999977978965197,-0.1009057454650232,0.0017552423161131259,"{""0.0000"": 1, ""0.0500"": 2, ""0.1000"": 1}"
c3_w2_tcop_cm1_states_L0.4_km0_2090_up0_1000_s137,cm1,stageB,-0.1,-0.209,0.1,,137,125,5,2,True,,0.41364799999999996,0.0016354422660775213,2.348187835920451,-0.0019206629395499791,-0.12340594347516227,0.004045583057790234,0.024285240291560543,0.1315127834982575,0.2424424192,0.047414471377418096,True,True,False,False,False,-0.09999977978965197,-0.10111097849588001,0.0017552423161131259,"{""0.0000"": 1, ""0.0500"": 1, ""0.1000"": 2}"
c3_w2_tcop_cm1_states_L0.4_km0_2090_up0_1000_s137,cm1,stageB,-0.1,-0.209,0.1,,137,150,6,0,True,,0.41056,0.001770962815759266,2.2069290116490565,-0.009662394687940484,-0.8110615800952131,0.0020309903115434077,0.02437528534252975,0.13152766920419032,0.24190033600000002,0.047622750865526454,True,True,False,False,False,-0.09999977978965197,-0.10067216791685173,0.0017552423161131259,"{""0.0000"": 2, ""0.0500"": 1, ""0.1000"": 1}"
c3_w2_tcop_cm1_states_L0.4_km0_2090_up0_1000_s137,cm1,stageB,-0.1,-0.209,0.1,,137,175,7,1,True,,0.412092,0.0008278980672494732,1.1866638341778688,-0.01735447617535122,-1.9700637843897395,0.007827578697060786,0.022847730581303384,0.1300680427427176,0.2421835344,0.04872189996295301,True,True,False,False,True,-0.09999977978965197,-0.1009057454650232,0.0017552423161131259,"{""0.0000"": 1, ""0.0500"": 2, ""0.1000"": 1}"
c3_w2_tcop_cm1_states_L0.4_km0_2090_up0_1000_s137,cm1,stageB,-0.1,-0.209,0.1,,137,200,8,2,True,,0.413472,0.0005102416205116853,0.8806903785013993,-0.005385762384189066,-0.5122992401494141,0.008434788199541049,0.02568083371354753,0.14994969393344726,0.2424001568,0.04805023637819068,True,True,False,False,True,-0.09999977978965197,-0.10111097849588001,0.0017552423161131259,"{""0.0000"": 1, ""0.0500"": 1, ""0.1000"": 2}"
c3_w2_tcop_cm1_states_L0.4_km0_2090_up0_1000_s137,cm1,stageB,-0.1,-0.209,0.1,,137,225,9,0,True,,0.411064,0.00035197199980036036,0.8156698321737709,-0.0021466123512698314,-0.16670271269911396,0.010227751434849277,0.025236198879685496,0.1508280945282776,0.24198277440000002,0.04827243420421224,True,True,False,False,True,-0.09999977978965197,-0.10067216791685173,0.0017552423161131259,"{""0.0000"": 2, ""0.0500"": 1, ""0.1000"": 1}"
c3_w2_tcop_cm1_states_L0.4_km0_2090_up0_1000_s137,cm1,stageB,-0.1,-0.209,0.1,,137,250,10,1,True,,0.412288,-0.0003801681355587133,0.06923582742766361,-0.029520167151332957,-2.9823878529391172,0.011745974320574424,0.024731836535805116,0.13291679570369053,0.24220263360000005,0.04820088231557593,True,True,False,False,False,-0.09999977978965197,-0.1009057454650232,0.0017552423161131259,"{""0.0000"": 1, ""0.0500"": 2, ""0.1000"": 1}"
c3_w2_tcop_cm1_states_L0.4_km0_2090_up0_1000_s137,cm1,stageB,-0.1,-0.209,0.1,,137,275,11,2,True,,0.413964,0.0009241914226215505,1.3505701945446775,-0.03636392924672414,-3.442877147555289,0.009508444226679532,0.026255499854321965,0.13237866062657935,0.24247967519999997,0.04848759329972978,True,True,False,False,False,-0.09999977978965197,-0.10111097849588001,0.0017552423161131259,"{""0.0000"": 1, ""0.0500"": 1, ""0.1000"": 2}"
c3_w2_tcop_cm1_states_L0.4_km0_2090_up0_1000_s137,cm1,stageB,-0.1,-0.209,0.1,,137,300,12,0,False,EXITS_PRIMARY_BLOCK_SET,0.410976,0.0008861157437555545,1.4210362672794357,-0.020731806393866486,-2.204280361498118,0.0023045985925378583,0.02604729496863474,0.11484855535396583,0.24196013439999997,0.047862380049471,True,True,False,False,False,-0.09999977978965197,-0.10067216791685173,0.0017552423161131259,"{""0.0000"": 2, ""0.0500"": 1, ""0.1000"": 1}"
c3_w2_tcop_cm1_states_L0.4_km0_2090_up0_1000_s256,cm1,stageB,-0.1,-0.209,0.1,,256,0,0,0,False,PRE_PRIMARY_PHASE_IMBALANCE,0.409776,5.221267611767761e-05,0.41376178751934023,-0.010922170456194208,-1.1042287325577136,0.052195684475639534,0.0811308572678682,0.831673888095755,0.24075436799999994,0.04641497413550933,False,True,False,False,True,-0.09999977978965197,-0.10067216791685173,0.0017552423161131259,"{""0.0000"": 2, ""0.0500"": 1, ""0.1000"": 1}"
c3_w2_tcop_cm1_states_L0.4_km0_2090_up0_1000_s256,cm1,stageB,-0.1,-0.209,0.1,,256,25,1,1,False,PRE_PRIMARY_PHASE_IMBALANCE,0.41373599999999994,0.0002721827749548843,0.5668356403811338,-0.010775622876937539,-1.0316055805479798,0.02027002393698974,0.026569671569412593,0.11214880959803157,0.24243768,0.04655794565914609,True,True,False,False,True,-0.09999977978965197,-0.1009057454650232,0.0017552423161131259,"{""0.0000"": 1, ""0.0500"": 2, ""0.1000"": 1}"
c3_w2_tcop_cm1_states_L0.4_km0_2090_up0_1000_s256,cm1,stageB,-0.1,-0.209,0.1,,256,50,2,2,False,PRE_PRIMARY_PHASE_IMBALANCE,0.414244,0.0012377873422016767,1.5544589457803841,-7.895466759690777e-05,0.09648379419017947,0.016498014223124767,0.025832269732627127,0.1120112781065959,0.24253139999999998,0.046611033715205245,True,True,False,False,True,-0.09999977978965197,-0.10111097849588001,0.0017552423161131259,"{""0.0000"": 1, ""0.0500"": 1, ""0.1000"": 2}"
c3_w2_tcop_cm1_states_L0.4_km0_2090_up0_1000_s256,cm1,stageB,-0.1,-0.209,0.1,,256,75,3,0,True,,0.410248,0.00023657475666376707,0.7344129821400152,-0.015940759057912788,-1.6816527621908224,0.011128040878992156,0.026368037844682977,0.12772761810483507,0.24182756159999996,0.04808095772756612,True,True,False,False,True,-0.09999977978965197,-0.10067216791685173,0.0017552423161131259,"{""0.0000"": 2, ""0.0500"": 1, ""0.1000"": 1}"
c3_w2_tcop_cm1_states_L0.4_km0_2090_up0_1000_s256,cm1,stageB,-0.1,-0.209,0.1,,256,100,4,1,True,,0.411432,7.985352453890965e-05,0.31117273450938093,-0.02276226238814757,-2.519692430876983,0.006818625029738621,0.026974055739223218,0.12833226358588465,0.24203254400000002,0.048878107328332594,True,True,False,False,False,-0.09999977978965197,-0.1009057454650232,0.0017552423161131259,"{""0.0000"": 1, ""0.0500"": 2, ""0.1000"": 1}"
c3_w2_tcop_cm1_states_L0.4_km0_2090_up0_1000_s256,cm1,stageB,-0.1,-0.209,0.1,,256,125,5,2,True,,0.4135519999999999,0.00020717038337182393,0.5551521406725666,-0.03242258486705292,-3.236442449840233,0.018270871806419713,0.02741147556776188,0.16442914031505304,0.2423982368,0.04891812850058759,True,True,False,False,False,-0.09999977978965197,-0.10111097849588001,0.0017552423161131259,"{""0.0000"": 1, ""0.0500"": 1, ""0.1000"": 2}"
c3_w2_tcop_cm1_states_L0.4_km0_2090_up0_1000_s256,cm1,stageB,-0.1,-0.209,0.1,,256,150,6,0,True,,0.411576,-0.0007468682956329475,-0.2845151154534103,-0.02753687965944298,-2.7860634804065443,0.010966167439714652,0.028028016148022285,0.16521857405383544,0.24204812480000001,0.04909171237591942,True,True,False,False,False,-0.09999977978965197,-0.10067216791685173,0.0017552423161131259,"{""0.0000"": 2, ""0.0500"": 1, ""0.1000"": 1}"
c3_w2_tcop_cm1_states_L0.4_km0_2090_up0_1000_s256,cm1,stageB,-0.1,-0.209,0.1,,256,175,7,1,True,,0.41331199999999996,0.00022259107649027276,0.5742393905251052,-0.025076424422585702,-2.378006907599689,0.02025132827367701,0.025988079250191348,0.14903995008845627,0.24236981759999998,0.04874331396201945,True,True,False,False,False,-0.09999977978965197,-0.1009057454650232,0.0017552423161131259,"{""0.0000"": 1, ""0.0500"": 2, ""0.1000"": 1}"
c3_w2_tcop_cm1_states_L0.4_km0_2090_up0_1000_s256,cm1,stageB,-0.1,-0.209,0.1,,256,200,8,2,True,,0.41446800000000006,0.00011762071953262875,0.4954662076615945,-0.019996638171811305,-2.126339035293568,0.003015443840013181,0.024722596462588238,0.14862426013920427,0.24257928160000003,0.04790654418761595,True,True,False,False,False,-0.09999977978965197,-0.10111097849588001,0.0017552423161131259,"{""0.0000"": 1, ""0.0500"": 1, ""0.1000"": 2}"
c3_w2_tcop_cm1_states_L0.4_km0_2090_up0_1000_s256,cm1,stageB,-0.1,-0.209,0.1,,256,225,9,0,True,,0.41074799999999995,-0.0016448290144480834,-1.1536324805181348,-0.017572834203363974,-1.7938185382139764,0.005618605026584752,0.024974843691389567,0.11978147155973627,0.24192884639999998,0.04791200784772018,True,True,False,False,True,-0.09999977978965197,-0.10067216791685173,0.0017552423161131259,"{""0.0000"": 2, ""0.0500"": 1, ""0.1000"": 1}"
c3_w2_tcop_cm1_states_L0.4_km0_2090_up0_1000_s256,cm1,stageB,-0.1,-0.209,0.1,,256,250,10,1,True,,0.4112839999999999,0.0006630786769132993,1.046484106825031,-0.025646771418179774,-2.312294279472307,0.021956660167542823,0.024847170769573802,0.11962536806774554,0.24202503839999998,0.04846020371397545,True,True,False,False,False,-0.09999977978965197,-0.1009057454650232,0.0017552423161131259,"{""0.0000"": 1, ""0.0500"": 2, ""0.1000"": 1}"
c3_w2_tcop_cm1_states_L0.4_km0_2090_up0_1000_s256,cm1,stageB,-0.1,-0.209,0.1,,256,275,11,2,True,,0.41280800000000006,-4.8834139990617135e-05,0.3570774173340601,-0.011062858620437873,-1.0262608021737103,0.00204086220805759,0.025880111330259355,0.13274936500080095,0.2422834176,0.048836411989416253,True,True,False,False,True,-0.09999977978965197,-0.10111097849588001,0.0017552423161131259,"{""0.0000"": 1, ""0.0500"": 1, ""0.1000"": 2}"
c3_w2_tcop_cm1_states_L0.4_km0_2090_up0_1000_s256,cm1,stageB,-0.1,-0.209,0.1,,256,300,12,0,False,EXITS_PRIMARY_BLOCK_SET,0.40966,0.00017261709306270567,0.5277916780736995,-0.00823460516393425,-0.6833964131215629,0.009709119108688517,0.02532462997082006,0.13376946703664147,0.24173105439999998,0.048381860237076454,True,True,False,False,True,-0.09999977978965197,-0.10067216791685173,0.0017552423161131259,"{""0.0000"": 2, ""0.0500"": 1, ""0.1000"": 1}"
c3_w2_tcop_cm1_states_L0.4_km0_2090_up0_1000_s1024,cm1,stageB,-0.1,-0.209,0.1,,1024,0,0,0,False,PRE_PRIMARY_PHASE_IMBALANCE,0.40769599999999995,0.0002849743649795436,0.678391133692977,-0.007367131849567755,-0.7282748149484924,0.04158808398405843,0.07982401852552833,0.8418036948073964,0.24042086399999998,0.048034691463566204,False,True,False,False,True,-0.09999977978965197,-0.10067216791685173,0.0017552423161131259,"{""0.0000"": 2, ""0.0500"": 1, ""0.1000"": 1}"
c3_w2_tcop_cm1_states_L0.4_km0_2090_up0_1000_s1024,cm1,stageB,-0.1,-0.209,0.1,,1024,25,1,1,False,PRE_PRIMARY_PHASE_IMBALANCE,0.412196,0.0010273405874643533,1.3504030591396883,-0.014305649978305057,-1.3879595053509326,0.004625252662422348,0.02218723567235885,0.09801162529958651,0.2422068176,0.04827025568608478,True,True,False,False,True,-0.09999977978965197,-0.1009057454650232,0.0017552423161131259,"{""0.0000"": 1, ""0.0500"": 2, ""0.1000"": 1}"
c3_w2_tcop_cm1_states_L0.4_km0_2090_up0_1000_s1024,cm1,stageB,-0.1,-0.209,0.1,,1024,50,2,2,False,PRE_PRIMARY_PHASE_IMBALANCE,0.414304,0.0006864196142683486,1.095070712152699,-0.01884001431606041,-2.101575664730092,0.0172308108590725,0.023998258019556098,0.11489148037457651,0.24255734080000002,0.04844414912040462,True,True,False,False,False,-0.09999977978965197,-0.10111097849588001,0.0017552423161131259,"{""0.0000"": 1, ""0.0500"": 1, ""0.1000"": 2}"
c3_w2_tcop_cm1_states_L0.4_km0_2090_up0_1000_s1024,cm1,stageB,-0.1,-0.209,0.1,,1024,75,3,0,True,,0.41257599999999994,-9.806388270076082e-05,0.3651464747151132,-0.02318514836308697,-2.1856543676885365,0.01636400353668147,0.026507177543220274,0.14930582450431976,0.24223744319999996,0.04801670775886244,True,True,False,False,False,-0.09999977978965197,-0.10067216791685173,0.0017552423161131259,"{""0.0000"": 2, ""0.0500"": 1, ""0.1000"": 1}"
c3_w2_tcop_cm1_states_L0.4_km0_2090_up0_1000_s1024,cm1,stageB,-0.1,-0.209,0.1,,1024,100,4,1,True,,0.41336400000000006,-4.8133237245639416e-05,0.4041566092509356,-0.025974820183239686,-2.6741617776865616,0.025443947067795857,0.025556787564936578,0.14902120129227225,0.24238259999999998,0.04838763792540404,True,True,False,False,False,-0.09999977978965197,-0.1009057454650232,0.0017552423161131259,"{""0.0000"": 1, ""0.0500"": 2, ""0.1000"": 1}"
c3_w2_tcop_cm1_states_L0.4_km0_2090_up0_1000_s1024,cm1,stageB,-0.1,-0.209,0.1,,1024,125,5,2,True,,0.41388800000000003,-0.00034473043688025594,-0.0657335903475502,-0.011950600273183494,-1.1859587563870502,0.015727566224116574,0.027267482138147794,0.14883253404584695,0.24245735679999997,0.04820211049321388,True,True,False,False,True,-0.09999977978965197,-0.10111097849588001,0.0017552423161131259,"{""0.0000"": 1, ""0.0500"": 1, ""0.1000"": 2}"
c3_w2_tcop_cm1_states_L0.4_km0_2090_up0_1000_s1024,cm1,stageB,-0.1,-0.209,0.1,,1024,150,6,0,True,,0.41050000000000003,-0.000920412748462696,-0.4028292271933841,-0.0028328732034791724,-0.19329459963601392,0.0057038590443617585,0.02662984321814284,0.13739342232060067,0.24187025120000002,0.04855955106876504,True,True,False,False,True,-0.09999977978965197,-0.10067216791685173,0.0017552423161131259,"{""0.0000"": 2, ""0.0500"": 1, ""0.1000"": 1}"
c3_w2_tcop_cm1_states_L0.4_km0_2090_up0_1000_s1024,cm1,stageB,-0.1,-0.209,0.1,,1024,175,7,1,True,,0.410888,-1.4069264366588617e-05,0.3739385864954073,-0.013431863101493604,-1.2623393891442898,0.0028869147236599314,0.025264404870586323,0.11389965120933285,0.2419512896,0.04827184951915557,True,True,False,False,True,-0.09999977978965197,-0.1009057454650232,0.0017552423161131259,"{""0.0000"": 1, ""0.0500"": 2, ""0.1000"": 1}"
c3_w2_tcop_cm1_states_L0.4_km0_2090_up0_1000_s1024,cm1,stageB,-0.1,-0.209,0.1,,1024,200,8,2,True,,0.413216,-2.1064533857945017e-05,0.30084077341258925,-0.006059309485227856,-0.8158226367193413,0.008639832443712782,0.025467458542012558,0.12584217424823305,0.242357792,0.04925908387292643,True,True,False,False,True,-0.09999977978965197,-0.10111097849588001,0.0017552423161131259,"{""0.0000"": 1, ""0.0500"": 1, ""0.1000"": 2}"
c3_w2_tcop_cm1_states_L0.4_km0_2090_up0_1000_s1024,cm1,stageB,-0.1,-0.209,0.1,,1024,225,9,0,True,,0.41047599999999995,-0.00010794977190075557,0.25113071752038124,-0.01532545207726618,-1.424074581635971,5.847455191798314e-07,0.025041135455380163,0.12570771463932684,0.2418798,0.0490865910814756,True,True,False,False,True,-0.09999977978965197,-0.10067216791685173,0.0017552423161131259,"{""0.0000"": 2, ""0.0500"": 1, ""0.1000"": 1}"
c3_w2_tcop_cm1_states_L0.4_km0_2090_up0_1000_s1024,cm1,stageB,-0.1,-0.209,0.1,,1024,250,10,1,True,,0.41237999999999997,0.0003545041005480379,0.8093778137694719,-0.024069507404348305,-2.4623522648311513,0.005957237641517929,0.024816447684289963,0.1367670591765676,0.2422180048,0.04927205698973811,True,True,False,False,False,-0.09999977978965197,-0.1009057454650232,0.0017552423161131259,"{""0.0000"": 1, ""0.0500"": 2, ""0.1000"": 1}"
c3_w2_tcop_cm1_states_L0.4_km0_2090_up0_1000_s1024,cm1,stageB,-0.1,-0.209,0.1,,1024,275,11,2,True,,0.41457200000000005,-0.00029503365130240176,0.11035622715873825,-0.02194479107034933,-2.160972975855115,0.013055153790095465,0.026795499887318778,0.14376272361914758,0.24257865439999995,0.049145669351429125,True,True,False,False,False,-0.09999977978965197,-0.10111097849588001,0.0017552423161131259,"{""0.0000"": 1, ""0.0500"": 1, ""0.1000"": 2}"
c3_w2_tcop_cm1_states_L0.4_km0_2090_up0_1000_s1024,cm1,stageB,-0.1,-0.209,0.1,,1024,300,12,0,False,EXITS_PRIMARY_BLOCK_SET,0.41157199999999994,-0.00042595038592884923,-0.049125357889763424,-0.014487215756172973,-1.3789182629477295,0.008512800565936186,0.02870867099740584,0.14481062816515547,0.24204087840000002,0.04899110956081726,True,True,False,False,True,-0.09999977978965197,-0.10067216791685173,0.0017552423161131259,"{""0.0000"": 2, ""0.0500"": 1, ""0.1000"": 1}"
c3_w2_tcop_cm1_states_L0.4_km0_2090_up0_1000_s31415,cm1,stageB,-0.1,-0.209,0.1,,31415,0,0,0,False,PRE_PRIMARY_PHASE_IMBALANCE,0.40606000000000003,-0.0015276318370853787,-0.962865081527378,-0.005926279880017372,-0.6546709616513315,0.05608342921649204,0.08235876838665084,0.846180365349504,0.2400568688,0.04773464569890511,False,True,False,False,True,-0.09999977978965197,-0.10067216791685173,0.0017552423161131259,"{""0.0000"": 2, ""0.0500"": 1, ""0.1000"": 1}"
c3_w2_tcop_cm1_states_L0.4_km0_2090_up0_1000_s31415,cm1,stageB,-0.1,-0.209,0.1,,31415,25,1,1,False,PRE_PRIMARY_PHASE_IMBALANCE,0.41156000000000004,-0.00016900197522572334,0.15774188171812048,-0.012500434374082287,-1.3561895926458576,0.006478245242938765,0.02667521526525661,0.14675867395578124,0.24205783999999997,0.04845829547146701,True,True,False,False,True,-0.09999977978965197,-0.1009057454650232,0.0017552423161131259,"{""0.0000"": 1, ""0.0500"": 2, ""0.1000"": 1}"
c3_w2_tcop_cm1_states_L0.4_km0_2090_up0_1000_s31415,cm1,stageB,-0.1,-0.209,0.1,,31415,50,2,2,False,PRE_PRIMARY_PHASE_IMBALANCE,0.413236,0.0005892116955086265,0.9398039386000601,-0.024617930202987928,-2.4880741495569767,0.00023872524356039374,0.02688102883010156,0.12777202342542274,0.242348616,0.04835915946333228,True,True,False,False,False,-0.09999977978965197,-0.10111097849588001,0.0017552423161131259,"{""0.0000"": 1, ""0.0500"": 1, ""0.1000"": 2}"
c3_w2_tcop_cm1_states_L0.4_km0_2090_up0_1000_s31415,cm1,stageB,-0.1,-0.209,0.1,,31415,75,3,0,True,,0.40979999999999994,0.00080938045976463,1.2399005424068146,-0.025845746552504153,-2.637819491785177,0.008001971480697843,0.02700231849067258,0.13958028272430392,0.24174151359999996,0.04885939009033985,True,True,False,False,False,-0.09999977978965197,-0.10067216791685173,0.0017552423161131259,"{""0.0000"": 2, ""0.0500"": 1, ""0.1000"": 1}"
c3_w2_tcop_cm1_states_L0.4_km0_2090_up0_1000_s31415,cm1,stageB,-0.1,-0.209,0.1,,31415,100,4,1,True,,0.4117,0.0009441150664007364,1.3471677725096456,-0.02153679037436434,-2.1956638942121507,0.009154959680680598,0.027077456865140095,0.13893611819544305,0.24207883679999997,0.047781481768568036,True,True,False,False,False,-0.09999977978965197,-0.1009057454650232,0.0017552423161131259,"{""0.0000"": 1, ""0.0500"": 2, ""0.1000"": 1}"
c3_w2_tcop_cm1_states_L0.4_km0_2090_up0_1000_s31415,cm1,stageB,-0.1,-0.209,0.1,,31415,125,5,2,True,,0.413184,0.001624743457503106,2.1097802979957327,-0.011457040915259922,-1.1735965382502733,0.010319340459258579,0.028329850037520452,0.13843711242827145,0.2423259648,0.047350841006258804,True,True,False,False,False,-0.09999977978965197,-0.10111097849588001,0.0017552423161131259,"{""0.0000"": 1, ""0.0500"": 1, ""0.1000"": 2}"
c3_w2_tcop_cm1_states_L0.4_km0_2090_up0_1000_s31415,cm1,stageB,-0.1,-0.209,0.1,,31415,150,6,0,True,,0.4100039999999999,0.0008667762450771428,1.4645930915386216,-0.016485101613404177,-1.7353453541559025,0.0014044194211613379,0.02849804772277746,0.13658403299337574,0.24176419680000003,0.04720889729701383,True,True,False,False,True,-0.09999977978965197,-0.10067216791685173,0.0017552423161131259,"{""0.0000"": 2, ""0.0500"": 1, ""0.1000"": 1}"
c3_w2_tcop_cm1_states_L0.4_km0_2090_up0_1000_s31415,cm1,stageB,-0.1,-0.209,0.1,,31415,175,7,1,True,,0.4119599999999999,0.0003877366332165634,0.7940361965960455,-0.015600428071408993,-1.4205292911704137,0.009422439453816819,0.027793949911139412,0.14273230376072368,0.24211785599999996,0.04874093146422214,True,True,False,False,True,-0.09999977978965197,-0.1009057454650232,0.0017552423161131259,"{""0.0000"": 1, ""0.0500"": 2, ""0.1000"": 1}"
c3_w2_tcop_cm1_states_L0.4_km0_2090_up0_1000_s31415,cm1,stageB,-0.1,-0.209,0.1,,31415,200,8,2,True,,0.4131119999999999,0.0017268762462750123,2.0520351873762865,-0.023909624154991895,-2.4516513113164375,0.004771289875238447,0.02782180697182692,0.14233428188400662,0.24231837440000004,0.0479724447573813,True,True,False,False,False,-0.09999977978965197,-0.10111097849588001,0.0017552423161131259,"{""0.0000"": 1, ""0.0500"": 1, ""0.1000"": 2}"
c3_w2_tcop_cm1_states_L0.4_km0_2090_up0_1000_s31415,cm1,stageB,-0.1,-0.209,0.1,,31415,225,9,0,True,,0.40989600000000004,3.7432559110025994e-05,0.43141548118908934,-0.02087468530066786,-1.8904453048260816,0.006953092973698429,0.027605421053658263,0.1590647379845991,0.241753232,0.047772682403231244,True,True,False,False,True,-0.09999977978965197,-0.10067216791685173,0.0017552423161131259,"{""0.0000"": 2, ""0.0500"": 1, ""0.1000"": 1}"
c3_w2_tcop_cm1_states_L0.4_km0_2090_up0_1000_s31415,cm1,stageB,-0.1,-0.209,0.1,,31415,250,10,1,True,,0.41207199999999994,-0.0009962784753355493,-0.577401255426727,-0.015314804157311178,-1.6197448459438815,0.013438995539467381,0.026994784913493622,0.15822477586872005,0.242144928,0.048627017346327135,True,True,False,False,True,-0.09999977978965197,-0.1009057454650232,0.0017552423161131259,"{""0.0000"": 1, ""0.0500"": 2, ""0.1000"": 1}"
c3_w2_tcop_cm1_states_L0.4_km0_2090_up0_1000_s31415,cm1,stageB,-0.1,-0.209,0.1,,31415,275,11,2,True,,0.41285199999999994,-0.000983174585723757,-0.5901403195825053,-0.02090163844110669,-2.014280136754505,0.006169025905893803,0.025954748705129347,0.14726827011309548,0.24229040480000003,0.04827655845231721,True,True,False,False,False,-0.09999977978965197,-0.10111097849588001,0.0017552423161131259,"{""0.0000"": 1, ""0.0500"": 1, ""0.1000"": 2}"
c3_w2_tcop_cm1_states_L0.4_km0_2090_up0_1000_s31415,cm1,stageB,-0.1,-0.209,0.1,,31415,300,12,0,False,EXITS_PRIMARY_BLOCK_SET,0.411052,-0.002312116680020346,-1.8703631136371914,-0.020290560345336762,-1.862360371337921,0.013909704240014373,0.02493359625950938,0.14791315904578206,0.2419832112,0.04839228550089363,True,True,False,False,True,-0.09999977978965197,-0.10067216791685173,0.0017552423161131259,"{""0.0000"": 2, ""0.0500"": 1, ""0.1000"": 1}"
c3_w2_tcop_cm1_states_L0.4_km0_2090_up0_2500_s42,cm1,stageB,-0.1,-0.209,0.25,,42,0,0,0,False,PRE_PRIMARY_PHASE_IMBALANCE,0.41435600000000006,-8.12002320145986e-05,0.23794300041806982,-0.022309402827025336,-2.095094813654348,0.05934099849052952,0.08481429769102258,0.8678527621951829,0.24143005280000002,0.048839587058041346,False,True,False,False,False,-0.09999977978965197,-0.10140567673346541,0.003501627104271876,"{""0.0000"": 2, ""0.1250"": 1, ""0.2500"": 1}"
c3_w2_tcop_cm1_states_L0.4_km0_2090_up0_2500_s42,cm1,stageB,-0.1,-0.209,0.25,,42,25,1,1,False,PRE_PRIMARY_PHASE_IMBALANCE,0.4214959999999999,0.0005792073529995932,1.072590174418578,-0.020868855111575327,-2.1017042276378333,0.02235917400849388,0.03315114141374861,0.17841213160169458,0.24364187519999997,0.04784309755858206,True,True,False,False,False,-0.09999977978965197,-0.10193616690121089,0.003501627104271876,"{""0.0000"": 1, ""0.1250"": 2, ""0.2500"": 1}"
c3_w2_tcop_cm1_states_L0.4_km0_2090_up0_2500_s42,cm1,stageB,-0.1,-0.209,0.25,,42,50,2,2,False,PRE_PRIMARY_PHASE_IMBALANCE,0.4261960000000001,0.0016751028117713328,2.115815716598298,-0.011504496255598845,-1.0934333525466462,0.023738495202756,0.03835693956758762,0.18301438731706904,0.2442857264,0.04792211998649475,True,True,False,False,False,-0.09999977978965197,-0.10228108350953338,0.003501627104271876,"{""0.0000"": 1, ""0.1250"": 1, ""0.2500"": 2}"
c3_w2_tcop_cm1_states_L0.4_km0_2090_up0_2500_s42,cm1,stageB,-0.1,-0.209,0.25,,42,75,3,0,True,,0.418924,0.001315378987769499,1.849014634623667,-0.020476858235448907,-1.9398570169173315,0.007499389292371177,0.0415042813821602,0.1900105981275587,0.24312436960000003,0.04831896339947702,True,True,False,False,True,-0.09999977978965197,-0.10140567673346541,0.003501627104271876,"{""0.0000"": 2, ""0.1250"": 1, ""0.2500"": 1}"
c3_w2_tcop_cm1_states_L0.4_km0_2090_up0_2500_s42,cm1,stageB,-0.1,-0.209,0.25,,42,100,4,1,True,,0.42242,0.0015873862735141877,1.8639779258286366,-0.0217923859717199,-2.3815778979597524,0.029169149505343033,0.03879212071185411,0.18843804699484387,0.243712824,0.04768672351923541,True,True,False,False,False,-0.09999977978965197,-0.10193616690121089,0.003501627104271876,"{""0.0000"": 1, ""0.1250"": 2, ""0.2500"": 1}"
c3_w2_tcop_cm1_states_L0.4_km0_2090_up0_2500_s42,cm1,stageB,-0.1,-0.209,0.25,,42,125,5,2,True,,0.4261960000000001,0.00059576833892299,0.9506853401079851,-0.017415691950095253,-1.6221716851380674,0.0072486577247200396,0.04061949961596311,0.186768528595368,0.24425326880000006,0.04787702563860875,True,True,False,False,True,-0.09999977978965197,-0.10228108350953338,0.003501627104271876,"{""0.0000"": 1, ""0.1250"": 1, ""0.2500"": 2}"
c3_w2_tcop_cm1_states_L0.4_km0_2090_up0_2500_s42,cm1,stageB,-0.1,-0.209,0.25,,42,150,6,0,True,,0.4181999999999999,0.00032703207020548503,0.6595778723485158,-0.011007479102507697,-0.9201297144254021,0.01618296689501216,0.040618886605401326,0.16547106607969628,0.243020208,0.04767598976424087,True,True,False,False,True,-0.09999977978965197,-0.10140567673346541,0.003501627104271876,"{""0.0000"": 2, ""0.1250"": 1, ""0.2500"": 1}"
c3_w2_tcop_cm1_states_L0.4_km0_2090_up0_2500_s42,cm1,stageB,-0.1,-0.209,0.25,,42,175,7,1,True,,0.421848,0.0008828125479499193,1.3213724477518474,-0.004923202837123457,-0.4054157729648519,0.028608424864111724,0.035945690093109224,0.14981699533998746,0.24366232960000006,0.0481732798966398,True,True,False,False,True,-0.09999977978965197,-0.10193616690121089,0.003501627104271876,"{""0.0000"": 1, ""0.1250"": 2, ""0.2500"": 1}"
c3_w2_tcop_cm1_states_L0.4_km0_2090_up0_2500_s42,cm1,stageB,-0.1,-0.209,0.25,,42,200,8,2,True,,0.42502799999999996,0.0010332161473771539,1.4134685139570746,-0.0006979231907238157,-0.03369042262023603,0.007709063047744349,0.0373377613577114,0.15246054341723247,0.2441273552,0.04789195356215906,True,True,False,False,True,-0.09999977978965197,-0.10228108350953338,0.003501627104271876,"{""0.0000"": 1, ""0.1250"": 1, ""0.2500"": 2}"
c3_w2_tcop_cm1_states_L0.4_km0_2090_up0_2500_s42,cm1,stageB,-0.1,-0.209,0.25,,42,225,9,0,True,,0.41822,0.0012590454819660652,1.7721230860600916,-0.002511057300822272,-0.12449508031312585,0.017389142631475053,0.0374063380867312,0.15685524327661232,0.24306729440000002,0.04813638540646774,True,True,False,False,True,-0.09999977978965197,-0.10140567673346541,0.003501627104271876,"{""0.0000"": 2, ""0.1250"": 1, ""0.2500"": 1}"
c3_w2_tcop_cm1_states_L0.4_km0_2090_up0_2500_s42,cm1,stageB,-0.1,-0.209,0.25,,42,250,10,1,True,,0.42172800000000005,-0.0001518890281421344,0.2159699215526151,-0.021979360087588617,-2.2005336726125435,0.020481219482448076,0.03342088809237994,0.1517565820819187,0.24367483839999998,0.04850705119876903,True,True,False,False,False,-0.09999977978965197,-0.10193616690121089,0.003501627104271876,"{""0.0000"": 1, ""0.1250"": 2, ""0.2500"": 1}"
c3_w2_tcop_cm1_states_L0.4_km0_2090_up0_2500_s42,cm1,stageB,-0.1,-0.209,0.25,,42,275,11,2,True,,0.425672,-0.0004714672265322657,-0.05112795795968129,-0.03499220927326366,-3.40073885050886,0.013338927125676926,0.03639997721111536,0.1503505042606737,0.24423527040000004,0.04700115334755095,True,True,False,False,False,-0.09999977978965197,-0.10228108350953338,0.003501627104271876,"{""0.0000"": 1, ""0.1250"": 1, ""0.2500"": 2}"
c3_w2_tcop_cm1_states_L0.4_km0_2090_up0_2500_s42,cm1,stageB,-0.1,-0.209,0.25,,42,300,12,0,False,EXITS_PRIMARY_BLOCK_SET,0.41872,-0.0018545818959209,-1.4925867637170644,-0.025376063817585396,-2.65984717240493,0.0033935376643482434,0.03884458669469831,0.1662208631872831,0.2431290112,0.04724364084191649,True,True,False,False,False,-0.09999977978965197,-0.10140567673346541,0.003501627104271876,"{""0.0000"": 2, ""0.1250"": 1, ""0.2500"": 1}"
c3_w2_tcop_cm1_states_L0.4_km0_2090_up0_2500_s137,cm1,stageB,-0.1,-0.209,0.25,,137,0,0,0,False,PRE_PRIMARY_PHASE_IMBALANCE,0.415848,0.0009223623606567395,1.415695685437902,-0.020546875536764875,-2.180072189228269,0.04800156809125455,0.08460605476415586,0.8503106883998224,0.2416805792,0.04757689456027999,False,True,False,False,False,-0.09999977978965197,-0.10140567673346541,0.003501627104271876,"{""0.0000"": 2, ""0.1250"": 1, ""0.2500"": 1}"
c3_w2_tcop_cm1_states_L0.4_km0_2090_up0_2500_s137,cm1,stageB,-0.1,-0.209,0.25,,137,25,1,1,False,PRE_PRIMARY_PHASE_IMBALANCE,0.4216079999999999,0.0011004413794008347,1.6633167466899939,-0.021472100151559512,-2.1826447243444127,0.024469914343886564,0.03579335124534691,0.16887725050549976,0.24362696319999994,0.047362161437164166,True,True,False,False,False,-0.09999977978965197,-0.10193616690121089,0.003501627104271876,"{""0.0000"": 1, ""0.1250"": 2, ""0.2500"": 1}"
c3_w2_tcop_cm1_states_L0.4_km0_2090_up0_2500_s137,cm1,stageB,-0.1,-0.209,0.25,,137,50,2,2,False,PRE_PRIMARY_PHASE_IMBALANCE,0.42571200000000003,0.0024008745568351985,2.594173243972523,-0.026706956843291167,-2.4903445115129177,0.011556009559606789,0.03825995269328057,0.1822828574663555,0.2442160032,0.04797429578430516,True,True,False,False,False,-0.09999977978965197,-0.10228108350953338,0.003501627104271876,"{""0.0000"": 1, ""0.1250"": 1, ""0.2500"": 2}"
c3_w2_tcop_cm1_states_L0.4_km0_2090_up0_2500_s137,cm1,stageB,-0.1,-0.209,0.25,,137,75,3,0,True,,0.41836800000000013,0.0024402207822508677,2.566427652333845,-0.02093311690611872,-1.7638210692279626,0.010629791728434911,0.03974869328909368,0.18548263685204733,0.2430596736,0.047370629888149045,True,True,False,False,False,-0.09999977978965197,-0.10140567673346541,0.003501627104271876,"{""0.0000"": 2, ""0.1250"": 1, ""0.2500"": 1}"
c3_w2_tcop_cm1_states_L0.4_km0_2090_up0_2500_s137,cm1,stageB,-0.1,-0.209,0.25,,137,100,4,1,True,,0.4219840000000001,0.0024022775793961053,2.871129021179874,-0.01654633639149111,-1.5594090522717203,0.02310915851408566,0.035893359549965594,0.1829453245076939,0.2436840896,0.04702917970792176,True,True,False,False,False,-0.09999977978965197,-0.10193616690121089,0.003501627104271876,"{""0.0000"": 1, ""0.1250"": 2, ""0.2500"": 1}"
c3_w2_tcop_cm1_states_L0.4_km0_2090_up0_2500_s137,cm1,stageB,-0.1,-0.209,0.25,,137,125,5,2,True,,0.42571600000000004,0.0021850620516327877,2.916164501989803,-0.004452880661124335,-0.3167379222620919,0.011405363042847949,0.03648171862133336,0.1813415512187902,0.24424068,0.046703397563774736,True,True,False,False,False,-0.09999977978965197,-0.10228108350953338,0.003501627104271876,"{""0.0000"": 1, ""0.1250"": 1, ""0.2500"": 2}"
c3_w2_tcop_cm1_states_L0.4_km0_2090_up0_2500_s137,cm1,stageB,-0.1,-0.209,0.25,,137,150,6,0,True,,0.418016,0.0021358809392272664,2.542243616688692,-0.009926972041454249,-0.8696385514776305,0.009102188617053615,0.037859663845318976,0.16937150690554553,0.24302816320000006,0.047328466529140786,True,True,False,False,False,-0.09999977978965197,-0.10140567673346541,0.003501627104271876,"{""0.0000"": 2, ""0.1250"": 1, ""0.2500"": 1}"
c3_w2_tcop_cm1_states_L0.4_km0_2090_up0_2500_s137,cm1,stageB,-0.1,-0.209,0.25,,137,175,7,1,True,,0.42162400000000005,0.0013389677010696697,1.6570941346602652,-0.017627218544398346,-1.9881625167024113,0.02595823396079895,0.03330368238216648,0.16697341667700744,0.24366003519999996,0.04813234488366425,True,True,False,False,True,-0.09999977978965197,-0.10193616690121089,0.003501627104271876,"{""0.0000"": 1, ""0.1250"": 2, ""0.2500"": 1}"
c3_w2_tcop_cm1_states_L0.4_km0_2090_up0_2500_s137,cm1,stageB,-0.1,-0.209,0.25,,137,200,8,2,True,,0.425148,0.0013215978144887656,1.7296459186915185,-0.007694211364253159,-0.7596142122109482,0.014258108156124065,0.03720593931349861,0.18440637099455634,0.24414696800000002,0.04711791693188484,True,True,False,False,True,-0.09999977978965197,-0.10228108350953338,0.003501627104271876,"{""0.0000"": 1, ""0.1250"": 1, ""0.2500"": 2}"
c3_w2_tcop_cm1_states_L0.4_km0_2090_up0_2500_s137,cm1,stageB,-0.1,-0.209,0.25,,137,225,9,0,True,,0.4182079999999999,0.0009089058364507063,1.3713126574139194,-0.001373415706031099,-0.06971894590878012,0.01777475164645524,0.0375292718630644,0.18746652338676809,0.2430637344,0.047672095989163304,True,True,False,False,True,-0.09999977978965197,-0.10140567673346541,0.003501627104271876,"{""0.0000"": 2, ""0.1250"": 1, ""0.2500"": 1}"
c3_w2_tcop_cm1_states_L0.4_km0_2090_up0_2500_s137,cm1,stageB,-0.1,-0.209,0.25,,137,250,10,1,True,,0.42165600000000003,0.00011796697347485674,0.5132026354249439,-0.032868210376278906,-3.3534284187942,0.026038234702585906,0.033940398486775415,0.16885802604763586,0.24365740799999996,0.047593882632119854,True,True,False,False,False,-0.09999977978965197,-0.10193616690121089,0.003501627104271876,"{""0.0000"": 1, ""0.1250"": 2, ""0.2500"": 1}"
c3_w2_tcop_cm1_states_L0.4_km0_2090_up0_2500_s137,cm1,stageB,-0.1,-0.209,0.25,,137,275,11,2,True,,0.425768,0.0014588653908115578,1.8408780489761836,-0.03770882999529066,-3.6103303869618664,0.018233724270963605,0.03829460692953217,0.1672272219442813,0.2442237696,0.04756395879234613,True,True,False,False,False,-0.09999977978965197,-0.10228108350953338,0.003501627104271876,"{""0.0000"": 1, ""0.1250"": 1, ""0.2500"": 2}"
c3_w2_tcop_cm1_states_L0.4_km0_2090_up0_2500_s137,cm1,stageB,-0.1,-0.209,0.25,,137,300,12,0,False,EXITS_PRIMARY_BLOCK_SET,0.41834399999999994,0.0011004379410422254,1.708946066791786,-0.020214321107628,-2.196080228364904,0.009920101618715992,0.03977565288181091,0.1606333539846792,0.24305541119999996,0.0472251804019847,True,True,False,False,False,-0.09999977978965197,-0.10140567673346541,0.003501627104271876,"{""0.0000"": 2, ""0.1250"": 1, ""0.2500"": 1}"
c3_w2_tcop_cm1_states_L0.4_km0_2090_up0_2500_s256,cm1,stageB,-0.1,-0.209,0.25,,256,0,0,0,False,PRE_PRIMARY_PHASE_IMBALANCE,0.417016,0.0003626909747666407,0.7051444127462551,-0.014161768306541816,-1.4566888148530848,0.06081756126575813,0.08612738964595919,0.8651946187551686,0.24182366079999998,0.046373006631013264,False,True,False,False,True,-0.09999977978965197,-0.10140567673346541,0.003501627104271876,"{""0.0000"": 2, ""0.1250"": 1, ""0.2500"": 1}"
c3_w2_tcop_cm1_states_L0.4_km0_2090_up0_2500_s256,cm1,stageB,-0.1,-0.209,0.25,,256,25,1,1,False,PRE_PRIMARY_PHASE_IMBALANCE,0.42331599999999997,0.0006531875743560442,0.8989883324132361,-0.012029244947177381,-1.145223756944026,0.036714402816580734,0.03541985218099921,0.16536110100879461,0.2438947504,0.04620913485448521,True,True,False,False,True,-0.09999977978965197,-0.10193616690121089,0.003501627104271876,"{""0.0000"": 1, ""0.1250"": 2, ""0.2500"": 1}"
c3_w2_tcop_cm1_states_L0.4_km0_2090_up0_2500_s256,cm1,stageB,-0.1,-0.209,0.25,,256,50,2,2,False,PRE_PRIMARY_PHASE_IMBALANCE,0.42615200000000003,0.0019628964824561666,2.223609136124532,-0.0029783082480645366,-0.17643087783003217,0.006059289201417975,0.03706272978513514,0.1642606390108209,0.2442970112,0.0461275719716527,True,True,False,False,False,-0.09999977978965197,-0.10228108350953338,0.003501627104271876,"{""0.0000"": 1, ""0.1250"": 1, ""0.2500"": 2}"
c3_w2_tcop_cm1_states_L0.4_km0_2090_up0_2500_s256,cm1,stageB,-0.1,-0.209,0.25,,256,75,3,0,True,,0.4177119999999999,0.0006617333861338432,1.1267966251771717,-0.01559495023328973,-1.6203643280413318,0.0023329409914293626,0.037772358431618094,0.1790707468804565,0.24297974079999995,0.047660938471666706,True,True,False,False,True,-0.09999977978965197,-0.10140567673346541,0.003501627104271876,"{""0.0000"": 2, ""0.1250"": 1, ""0.2500"": 1}"
c3_w2_tcop_cm1_states_L0.4_km0_2090_up0_2500_s256,cm1,stageB,-0.1,-0.209,0.25,,256,100,4,1,True,,0.42105600000000004,0.0004717124188401614,0.6301372309825303,-0.01887768360534775,-2.114164637388902,0.023239898034021936,0.03581824608597973,0.17764857838945744,0.24354039360000002,0.04831402347145185,True,True,False,False,False,-0.09999977978965197,-0.10193616690121089,0.003501627104271876,"{""0.0000"": 1, ""0.1250"": 2, ""0.2500"": 1}"
c3_w2_tcop_cm1_states_L0.4_km0_2090_up0_2500_s256,cm1,stageB,-0.1,-0.209,0.25,,256,125,5,2,True,,0.4255839999999999,0.0005467634639996427,0.9108954530621534,-0.02573553884227862,-2.473540998235725,0.025113229712029905,0.038918483147687984,0.19643595577738826,0.2441879232,0.04819646194483574,True,True,False,False,False,-0.09999977978965197,-0.10228108350953338,0.003501627104271876,"{""0.0000"": 1, ""0.1250"": 1, ""0.2500"": 2}"
c3_w2_tcop_cm1_states_L0.4_km0_2090_up0_2500_s256,cm1,stageB,-0.1,-0.209,0.25,,256,150,6,0,True,,0.418976,-0.000686447247865355,-0.25616473466763384,-0.022186193068417195,-2.155885998428805,0.01898532474547132,0.04055103260179642,0.19953410171576855,0.24314645440000004,0.04857480235677753,True,True,False,False,False,-0.09999977978965197,-0.10140567673346541,0.003501627104271876,"{""0.0000"": 2, ""0.1250"": 1, ""0.2500"": 1}"
c3_w2_tcop_cm1_states_L0.4_km0_2090_up0_2500_s256,cm1,stageB,-0.1,-0.209,0.25,,256,175,7,1,True,,0.4229279999999999,4.3991338874408684e-05,0.38851624514384897,-0.0209021450294772,-1.9953417132203415,0.03413120784204189,0.03499742824296066,0.1645670181104892,0.2438408256,0.04798736100266403,True,True,False,False,True,-0.09999977978965197,-0.10193616690121089,0.003501627104271876,"{""0.0000"": 1, ""0.1250"": 2, ""0.2500"": 1}"
c3_w2_tcop_cm1_states_L0.4_km0_2090_up0_2500_s256,cm1,stageB,-0.1,-0.209,0.25,,256,200,8,2,True,,0.42663999999999985,0.0003688234463959407,0.7392050611685141,-0.013901322107041217,-1.469642374054069,0.0070492704458693005,0.03722709784474802,0.16313519556737488,0.2443660544,0.04703945577916479,True,True,False,False,True,-0.09999977978965197,-0.10228108350953338,0.003501627104271876,"{""0.0000"": 1, ""0.1250"": 1, ""0.2500"": 2}"
c3_w2_tcop_cm1_states_L0.4_km0_2090_up0_2500_s256,cm1,stageB,-0.1,-0.209,0.25,,256,225,9,0,True,,0.4183839999999999,-0.0015016996113816402,-0.9867621975365973,-0.011506163459652373,-1.19674151993417,0.0037255628032183013,0.038759675739582215,0.1682664725030918,0.24307585599999995,0.0473998791559641,True,True,False,False,True,-0.09999977978965197,-0.10140567673346541,0.003501627104271876,"{""0.0000"": 2, ""0.1250"": 1, ""0.2500"": 1}"
c3_w2_tcop_cm1_states_L0.4_km0_2090_up0_2500_s256,cm1,stageB,-0.1,-0.209,0.25,,256,250,10,1,True,,0.42116800000000004,0.0008934435138194274,1.2847656956724656,-0.021564090475291325,-1.9632863396227458,0.03730570974008944,0.035460713956656,0.16715419935238623,0.24356246399999995,0.04767552596458691,True,True,False,False,True,-0.09999977978965197,-0.10193616690121089,0.003501627104271876,"{""0.0000"": 1, ""0.1250"": 2, ""0.2500"": 1}"
c3_w2_tcop_cm1_states_L0.4_km0_2090_up0_2500_s256,cm1,stageB,-0.1,-0.209,0.25,,256,275,11,2,True,,0.4250360000000001,0.0006465168892355859,1.0518084661525509,-0.011760850120869781,-1.079914399421037,0.008508553712288173,0.03899664548736143,0.18069057637308236,0.24410566879999998,0.04779078053348784,True,True,False,False,True,-0.09999977978965197,-0.10228108350953338,0.003501627104271876,"{""0.0000"": 1, ""0.1250"": 1, ""0.2500"": 2}"
c3_w2_tcop_cm1_states_L0.4_km0_2090_up0_2500_s256,cm1,stageB,-0.1,-0.209,0.25,,256,300,12,0,False,EXITS_PRIMARY_BLOCK_SET,0.41719600000000007,0.0005151648413140857,0.8670076720481782,-0.008773534287416002,-0.7638117866536087,0.016062546397735435,0.03849852714091157,0.18408613653034517,0.242885528,0.04779558121835113,True,True,False,False,True,-0.09999977978965197,-0.10140567673346541,0.003501627104271876,"{""0.0000"": 2, ""0.1250"": 1, ""0.2500"": 1}"
c3_w2_tcop_cm1_states_L0.4_km0_2090_up0_2500_s1024,cm1,stageB,-0.1,-0.209,0.25,,1024,0,0,0,False,PRE_PRIMARY_PHASE_IMBALANCE,0.414972,0.00031727895574323693,0.6797428971882925,-0.009248195665838113,-0.888548408057855,0.05166764025220667,0.08482250859421313,0.8511417617305702,0.24153127199999996,0.04731130114465253,False,True,False,False,True,-0.09999977978965197,-0.10140567673346541,0.003501627104271876,"{""0.0000"": 2, ""0.1250"": 1, ""0.2500"": 1}"
c3_w2_tcop_cm1_states_L0.4_km0_2090_up0_2500_s1024,cm1,stageB,-0.1,-0.209,0.25,,1024,25,1,1,False,PRE_PRIMARY_PHASE_IMBALANCE,0.4218520000000001,0.0011497908057418276,1.4788534531756738,-0.013856147682968332,-1.3463752839126637,0.020001241516869883,0.03259674820007265,0.14697097525442335,0.24370379999999997,0.04758119477272507,True,True,False,False,True,-0.09999977978965197,-0.10193616690121089,0.003501627104271876,"{""0.0000"": 1, ""0.1250"": 2, ""0.2500"": 1}"
c3_w2_tcop_cm1_states_L0.4_km0_2090_up0_2500_s1024,cm1,stageB,-0.1,-0.209,0.25,,1024,50,2,2,False,PRE_PRIMARY_PHASE_IMBALANCE,0.42596800000000007,0.0009804418292077908,1.3771364994002202,-0.019143537091569105,-2.116004168323007,0.020512887735382575,0.036326239958548404,0.15306314053388242,0.244279824,0.04783119250029211,True,True,False,False,False,-0.09999977978965197,-0.10228108350953338,0.003501627104271876,"{""0.0000"": 1, ""0.1250"": 1, ""0.2500"": 2}"
c3_w2_tcop_cm1_states_L0.4_km0_2090_up0_2500_s1024,cm1,stageB,-0.1,-0.209,0.25,,1024,75,3,0,True,,0.419688,0.0001958135337853317,0.6269317824509529,-0.023052717314692044,-2.1639057411702187,0.02276204054623338,0.03842179991755689,0.18871161389243526,0.24328996159999997,0.047611581112162196,True,True,False,False,False,-0.09999977978965197,-0.10140567673346541,0.003501627104271876,"{""0.0000"": 2, ""0.1250"": 1, ""0.2500"": 1}"
c3_w2_tcop_cm1_states_L0.4_km0_2090_up0_2500_s1024,cm1,stageB,-0.1,-0.209,0.25,,1024,100,4,1,True,,0.422724,0.00013393938702599564,0.5550982085788297,-0.023917065301665413,-2.4213158345776287,0.03912447328816046,0.03378784899522698,0.1873562887667691,0.24382441760000004,0.04800228977871785,True,True,False,False,False,-0.09999977978965197,-0.10193616690121089,0.003501627104271876,"{""0.0000"": 1, ""0.1250"": 2, ""0.2500"": 1}"
c3_w2_tcop_cm1_states_L0.4_km0_2090_up0_2500_s1024,cm1,stageB,-0.1,-0.209,0.25,,1024,125,5,2,True,,0.42544000000000004,-0.0001241882260146472,0.14802813764050515,-0.01203236676383353,-1.1928266166029817,0.00541611136147599,0.03730201665882987,0.18616021016791973,0.2441889568,0.04753110981241654,True,True,False,False,True,-0.09999977978965197,-0.10228108350953338,0.003501627104271876,"{""0.0000"": 1, ""0.1250"": 1, ""0.2500"": 2}"
c3_w2_tcop_cm1_states_L0.4_km0_2090_up0_2500_s1024,cm1,stageB,-0.1,-0.209,0.25,,1024,150,6,0,True,,0.41784,-0.0008606099949108597,-0.3968898237349583,-0.006182470225742882,-0.5535131977345209,0.0006112041402034973,0.03729876447176379,0.18858893311174396,0.2430068448,0.04825406096900032,True,True,False,False,True,-0.09999977978965197,-0.10140567673346541,0.003501627104271876,"{""0.0000"": 2, ""0.1250"": 1, ""0.2500"": 1}"
c3_w2_tcop_cm1_states_L0.4_km0_2090_up0_2500_s1024,cm1,stageB,-0.1,-0.209,0.25,,1024,175,7,1,True,,0.4204519999999999,-0.0002245938085060531,0.18675167375385407,-0.017396342038069952,-1.6339016398293562,0.017965892329141895,0.034203016068697134,0.15602256581958807,0.2434653104,0.04779786288109543,True,True,False,False,True,-0.09999977978965197,-0.10193616690121089,0.003501627104271876,"{""0.0000"": 1, ""0.1250"": 2, ""0.2500"": 1}"
c3_w2_tcop_cm1_states_L0.4_km0_2090_up0_2500_s1024,cm1,stageB,-0.1,-0.209,0.25,,1024,200,8,2,True,,0.425028,0.00011580054098540272,0.441078646825345,-0.012355729327562522,-1.4824817242208503,0.017363604243571234,0.037223011640940766,0.16187168807261704,0.2441289008,0.048238151042509905,True,True,False,False,True,-0.09999977978965197,-0.10228108350953338,0.003501627104271876,"{""0.0000"": 1, ""0.1250"": 1, ""0.2500"": 2}"
c3_w2_tcop_cm1_states_L0.4_km0_2090_up0_2500_s1024,cm1,stageB,-0.1,-0.209,0.25,,1024,225,9,0,True,,0.41792399999999996,-7.091739675317954e-05,0.3112891764778486,-0.017970149016004043,-1.7227102235047507,0.007931995983043977,0.03862742388424434,0.17228012707506601,0.2430029232,0.04864864051543475,True,True,False,False,True,-0.09999977978965197,-0.10140567673346541,0.003501627104271876,"{""0.0000"": 2, ""0.1250"": 1, ""0.2500"": 1}"
c3_w2_tcop_cm1_states_L0.4_km0_2090_up0_2500_s1024,cm1,stageB,-0.1,-0.209,0.25,,1024,250,10,1,True,,0.42205999999999994,0.00025456634776504285,0.7225436193895384,-0.024127629859499355,-2.5127199044089727,0.022304841434476152,0.03516007921573074,0.17059185857320797,0.2437051408,0.04844415754247358,True,True,False,False,False,-0.09999977978965197,-0.10193616690121089,0.003501627104271876,"{""0.0000"": 1, ""0.1250"": 2, ""0.2500"": 1}"
c3_w2_tcop_cm1_states_L0.4_km0_2090_up0_2500_s1024,cm1,stageB,-0.1,-0.209,0.25,,1024,275,11,2,True,,0.426652,0.00013577622539109521,0.5871855775872535,-0.019540723903003245,-1.9475274879607125,0.02273086682882237,0.039775826435623066,0.17531852616343416,0.24433207520000003,0.048121002649570796,True,True,False,False,True,-0.09999977978965197,-0.10228108350953338,0.003501627104271876,"{""0.0000"": 1, ""0.1250"": 1, ""0.2500"": 2}"
c3_w2_tcop_cm1_states_L0.4_km0_2090_up0_2500_s1024,cm1,stageB,-0.1,-0.209,0.25,,1024,300,12,0,False,EXITS_PRIMARY_BLOCK_SET,0.4191839999999999,-0.0002501105091437624,0.18027655161457976,-0.01015307521491382,-0.8739791395053875,0.016556104214007075,0.04239293516029749,0.1784419248386344,0.24315298560000007,0.048422041923074664,True,True,False,False,True,-0.09999977978965197,-0.10140567673346541,0.003501627104271876,"{""0.0000"": 2, ""0.1250"": 1, ""0.2500"": 1}"
c3_w2_tcop_cm1_states_L0.4_km0_2090_up0_2500_s31415,cm1,stageB,-0.1,-0.209,0.25,,31415,0,0,0,False,PRE_PRIMARY_PHASE_IMBALANCE,0.41292399999999996,-0.001370902138506503,-0.8361560775332285,-0.006756258873518053,-0.7086972715139629,0.06566998189859932,0.08799249442963758,0.8718311338846104,0.24109759520000004,0.04708683705665523,False,True,False,False,True,-0.09999977978965197,-0.10140567673346541,0.003501627104271876,"{""0.0000"": 2, ""0.1250"": 1, ""0.2500"": 1}"
c3_w2_tcop_cm1_states_L0.4_km0_2090_up0_2500_s31415,cm1,stageB,-0.1,-0.209,0.25,,31415,25,1,1,False,PRE_PRIMARY_PHASE_IMBALANCE,0.42066400000000004,3.995669089324274e-05,0.3571663200254328,-0.01428030222919983,-1.5573274430886883,0.020865103024996532,0.03620265356458963,0.17115797840757,0.24347387199999995,0.04754491669989548,True,True,False,False,True,-0.09999977978965197,-0.10193616690121089,0.003501627104271876,"{""0.0000"": 1, ""0.1250"": 2, ""0.2500"": 1}"
c3_w2_tcop_cm1_states_L0.4_km0_2090_up0_2500_s31415,cm1,stageB,-0.1,-0.209,0.25,,31415,50,2,2,False,PRE_PRIMARY_PHASE_IMBALANCE,0.42468399999999995,0.0006523585621708195,1.0257036968780928,-0.025894627951297662,-2.5648364992335657,0.00828275081447056,0.03806004968078219,0.16294468319281008,0.24406624160000007,0.047392194969214076,True,True,False,False,False,-0.09999977978965197,-0.10228108350953338,0.003501627104271876,"{""0.0000"": 1, ""0.1250"": 1, ""0.2500"": 2}"
c3_w2_tcop_cm1_states_L0.4_km0_2090_up0_2500_s31415,cm1,stageB,-0.1,-0.209,0.25,,31415,75,3,0,True,,0.416956,0.0008022579517057025,1.1960720178786763,-0.025014852944936602,-2.5586388011550176,0.015459292033209875,0.038956253221467,0.17555809203954842,0.24283985759999993,0.048254057487427934,True,True,False,False,False,-0.09999977978965197,-0.10140567673346541,0.003501627104271876,"{""0.0000"": 2, ""0.1250"": 1, ""0.2500"": 1}"
c3_w2_tcop_cm1_states_L0.4_km0_2090_up0_2500_s31415,cm1,stageB,-0.1,-0.209,0.25,,31415,100,4,1,True,,0.420964,0.0010587105143717987,1.495175970389214,-0.01871087303586481,-1.8599105353341945,0.024356252045720696,0.035857203569321115,0.17388660271689133,0.24352546399999997,0.04702670203193075,True,True,False,False,True,-0.09999977978965197,-0.10193616690121089,0.003501627104271876,"{""0.0000"": 1, ""0.1250"": 2, ""0.2500"": 1}"
c3_w2_tcop_cm1_states_L0.4_km0_2090_up0_2500_s31415,cm1,stageB,-0.1,-0.209,0.25,,31415,125,5,2,True,,0.4248720000000001,0.001534162615253183,1.9943699390504404,-0.009057145394655599,-0.9450411294360048,0.018724122834240003,0.03939475953390098,0.17228718255783587,0.24407563200000001,0.046704428226882304,True,True,False,False,True,-0.09999977978965197,-0.10228108350953338,0.003501627104271876,"{""0.0000"": 1, ""0.1250"": 1, ""0.2500"": 2}"
c3_w2_tcop_cm1_states_L0.4_km0_2090_up0_2500_s31415,cm1,stageB,-0.1,-0.209,0.25,,31415,150,6,0,True,,0.41728799999999994,0.0007739528836651394,1.3424712853358667,-0.01598586190626817,-1.6685131876853623,0.006408876910753748,0.04132352731497748,0.16870842159681468,0.24286137599999996,0.04674788825177026,True,True,False,False,True,-0.09999977978965197,-0.10140567673346541,0.003501627104271876,"{""0.0000"": 2, ""0.1250"": 1, ""0.2500"": 1}"
c3_w2_tcop_cm1_states_L0.4_km0_2090_up0_2500_s31415,cm1,stageB,-0.1,-0.209,0.25,,31415,175,7,1,True,,0.421232,0.00019437833808103418,0.5983659147562648,-0.016882531384373255,-1.5344554870584302,0.026180686149439567,0.03686526769255205,0.16522961179295587,0.24355445760000002,0.04811737914724783,True,True,False,False,True,-0.09999977978965197,-0.10193616690121089,0.003501627104271876,"{""0.0000"": 1, ""0.1250"": 2, ""0.2500"": 1}"
c3_w2_tcop_cm1_states_L0.4_km0_2090_up0_2500_s31415,cm1,stageB,-0.1,-0.209,0.25,,31415,200,8,2,True,,0.424748,0.0016871527809392455,1.9400592627675588,-0.02660644058090544,-2.6531747353436135,0.011647223063614416,0.03937029675087837,0.1638618659443673,0.24405749600000004,0.0470758589512714,True,True,False,False,False,-0.09999977978965197,-0.10228108350953338,0.003501627104271876,"{""0.0000"": 1, ""0.1250"": 1, ""0.2500"": 2}"
c3_w2_tcop_cm1_states_L0.4_km0_2090_up0_2500_s31415,cm1,stageB,-0.1,-0.209,0.25,,31415,225,9,0,True,,0.417048,0.00016655928690063784,0.5871719614897819,-0.024417493887359643,-2.232502510922617,0.014892437012564673,0.040341501036381004,0.18415146413805727,0.2428359072,0.047310946893927196,True,True,False,False,False,-0.09999977978965197,-0.10140567673346541,0.003501627104271876,"{""0.0000"": 2, ""0.1250"": 1, ""0.2500"": 1}"
c3_w2_tcop_cm1_states_L0.4_km0_2090_up0_2500_s31415,cm1,stageB,-0.1,-0.209,0.25,,31415,250,10,1,True,,0.42151199999999994,-0.0008091348398951723,-0.41528581233022416,-0.015632404354131487,-1.6649423385108972,0.026381958294950256,0.03641764432108158,0.18220121803839218,0.24360399679999997,0.04772540053263042,True,True,False,False,True,-0.09999977978965197,-0.10193616690121089,0.003501627104271876,"{""0.0000"": 1, ""0.1250"": 2, ""0.2500"": 1}"
c3_w2_tcop_cm1_states_L0.4_km0_2090_up0_2500_s31415,cm1,stageB,-0.1,-0.209,0.25,,31415,275,11,2,True,,0.42485600000000007,-0.0005641954796274673,-0.19896938160028796,-0.020552412517896246,-1.9339967461851457,0.015250362253425832,0.03860292622711201,0.18076713008462358,0.24408439680000002,0.04746892945917361,True,True,False,False,True,-0.09999977978965197,-0.10228108350953338,0.003501627104271876,"{""0.0000"": 1, ""0.1250"": 1, ""0.2500"": 2}"
c3_w2_tcop_cm1_states_L0.4_km0_2090_up0_2500_s31415,cm1,stageB,-0.1,-0.209,0.25,,31415,300,12,0,False,EXITS_PRIMARY_BLOCK_SET,0.41858399999999996,-0.0020811501046148636,-1.6745697477478774,-0.020009537637793326,-1.8256751053290872,0.021241731943105135,0.03742899976209086,0.18156451230442516,0.24312597439999997,0.04798077681738802,True,True,False,False,True,-0.09999977978965197,-0.10140567673346541,0.003501627104271876,"{""0.0000"": 2, ""0.1250"": 1, ""0.2500"": 1}"
c3_w2_tcop_cm1_states_L0.4_km0_2090_up0_5000_s42,cm1,stageB,-0.1,-0.209,0.5,,42,0,0,0,False,PRE_PRIMARY_PHASE_IMBALANCE,0.42570800000000003,0.00013637375527042678,0.47077571212161784,-0.020826476883825856,-2.0074895583170327,0.07208872937036333,0.0987529886545695,0.9180001293891584,0.2427133424,0.04799352806368792,False,True,False,False,False,-0.09999977978965197,-0.10184811545971599,0.0038917155759842226,"{""0.0000"": 2, ""0.2500"": 1, ""0.5000"": 1}"
c3_w2_tcop_cm1_states_L0.4_km0_2090_up0_5000_s42,cm1,stageB,-0.1,-0.209,0.5,,42,25,1,1,False,PRE_PRIMARY_PHASE_IMBALANCE,0.4366199999999999,0.0009077637949037469,1.4014292292108916,-0.02056754024641331,-2.1733893717412496,0.04679593962146636,0.05307387127970525,0.24369016480305494,0.24544598239999996,0.04698484436496518,True,True,False,False,False,-0.09999977978965197,-0.10272352223578396,0.0038917155759842226,"{""0.0000"": 1, ""0.2500"": 2, ""0.5000"": 1}"
c3_w2_tcop_cm1_states_L0.4_km0_2090_up0_5000_s42,cm1,stageB,-0.1,-0.209,0.5,,42,50,2,2,False,PRE_PRIMARY_PHASE_IMBALANCE,0.44478800000000007,0.0020051244603709424,2.4509044713885264,-0.01508379464414887,-1.4710536176892361,0.0361367826573448,0.06147292318741906,0.24551022004750514,0.2462040272,0.04698930789019987,True,True,False,False,False,-0.09999977978965197,-0.10282104435371205,0.0038917155759842226,"{""0.0000"": 1, ""0.2500"": 1, ""0.5000"": 2}"
c3_w2_tcop_cm1_states_L0.4_km0_2090_up0_5000_s42,cm1,stageB,-0.1,-0.209,0.5,,42,75,3,0,True,,0.43059200000000003,0.0017277057837510653,2.282082363830919,-0.021212813423113156,-2.059768653533761,0.019082987326951618,0.06697162673561627,0.25732015398028724,0.2443509312,0.048003015905253285,False,True,False,False,False,-0.09999977978965197,-0.10184811545971599,0.0038917155759842226,"{""0.0000"": 2, ""0.2500"": 1, ""0.5000"": 1}"
c3_w2_tcop_cm1_states_L0.4_km0_2090_up0_5000_s42,cm1,stageB,-0.1,-0.209,0.5,,42,100,4,1,True,,0.43768799999999997,0.002136705732646001,2.325209306235382,-0.017695453855629394,-1.9247447669462905,0.05159588162854204,0.058938032975700945,0.25314836081147224,0.24545175680000003,0.04703971360457035,False,True,False,False,False,-0.09999977978965197,-0.10272352223578396,0.0038917155759842226,"{""0.0000"": 1, ""0.2500"": 2, ""0.5000"": 1}"
c3_w2_tcop_cm1_states_L0.4_km0_2090_up0_5000_s42,cm1,stageB,-0.1,-0.209,0.5,,42,125,5,2,True,,0.444912,0.0012936528113211892,1.6092038728037743,-0.008664440151992974,-0.8137668622552333,0.017974610021749417,0.06375239876767674,0.24903801145161739,0.246160784,0.046441708151186686,True,True,False,False,True,-0.09999977978965197,-0.10282104435371205,0.0038917155759842226,"{""0.0000"": 1, ""0.2500"": 1, ""0.5000"": 2}"
c3_w2_tcop_cm1_states_L0.4_km0_2090_up0_5000_s42,cm1,stageB,-0.1,-0.209,0.5,,42,150,6,0,True,,0.42982399999999993,0.000891798254154033,1.1736456251754868,-0.004959892176852629,-0.30331429539863525,0.026389997485110558,0.06529834464930061,0.23823704530636497,0.24428758400000003,0.046859460346871266,True,True,False,False,True,-0.09999977978965197,-0.10184811545971599,0.0038917155759842226,"{""0.0000"": 2, ""0.2500"": 1, ""0.5000"": 1}"
c3_w2_tcop_cm1_states_L0.4_km0_2090_up0_5000_s42,cm1,stageB,-0.1,-0.209,0.5,,42,175,7,1,True,,0.437064,0.0012576256199049584,1.6137349888690804,-0.0011795777781384489,-0.03546606971963229,0.050567903305800424,0.05552622167064161,0.22056266308695607,0.2454500992,0.04694954636628559,True,True,False,False,True,-0.09999977978965197,-0.10272352223578396,0.0038917155759842226,"{""0.0000"": 1, ""0.2500"": 2, ""0.5000"": 1}"
c3_w2_tcop_cm1_states_L0.4_km0_2090_up0_5000_s42,cm1,stageB,-0.1,-0.209,0.5,,42,200,8,2,True,,0.4439719999999999,0.0012758722775405044,1.5750806208566244,-0.004541627246745767,-0.40068771908888007,0.023417331814954624,0.060693430305098515,0.21713080956202022,0.24613476639999998,0.04637351847768293,True,True,False,False,True,-0.09999977978965197,-0.10282104435371205,0.0038917155759842226,"{""0.0000"": 1, ""0.2500"": 1, ""0.5000"": 2}"
c3_w2_tcop_cm1_states_L0.4_km0_2090_up0_5000_s42,cm1,stageB,-0.1,-0.209,0.5,,42,225,9,0,True,,0.43021599999999993,0.001259273681542619,1.7647406635742728,-0.003211394927069161,-0.17839082191390568,0.0287672182880089,0.0626954913798139,0.21942466059043686,0.24440267200000002,0.0472401666381481,True,True,False,False,True,-0.09999977978965197,-0.10184811545971599,0.0038917155759842226,"{""0.0000"": 2, ""0.2500"": 1, ""0.5000"": 1}"
c3_w2_tcop_cm1_states_L0.4_km0_2090_up0_5000_s42,cm1,stageB,-0.1,-0.209,0.5,,42,250,10,1,True,,0.43726,-0.0001261452995138806,0.258667411943076,-0.019648076228347838,-1.9310902143794104,0.04482925526961301,0.0537561063706235,0.2122307089323727,0.2455111888,0.04737480765132456,True,True,False,False,True,-0.09999977978965197,-0.10272352223578396,0.0038917155759842226,"{""0.0000"": 1, ""0.2500"": 2, ""0.5000"": 1}"
c3_w2_tcop_cm1_states_L0.4_km0_2090_up0_5000_s42,cm1,stageB,-0.1,-0.209,0.5,,42,275,11,2,True,,0.4447759999999999,-0.0001919434733295918,0.24381626487390945,-0.029533737447223502,-2.9712843246354748,0.02457572585915425,0.059805698798272466,0.20864435084482,0.24624274240000002,0.046002498019129354,True,True,False,False,False,-0.09999977978965197,-0.10282104435371205,0.0038917155759842226,"{""0.0000"": 1, ""0.2500"": 1, ""0.5000"": 2}"
c3_w2_tcop_cm1_states_L0.4_km0_2090_up0_5000_s42,cm1,stageB,-0.1,-0.209,0.5,,42,300,12,0,False,EXITS_PRIMARY_BLOCK_SET,0.43054400000000004,-0.0016029079496514666,-1.2770087098308391,-0.017917827848969118,-1.8927852851329308,0.015831602819526717,0.0643300184067302,0.227619011697715,0.24440874559999998,0.04675322517217395,True,True,False,False,True,-0.09999977978965197,-0.10184811545971599,0.0038917155759842226,"{""0.0000"": 2, ""0.2500"": 1, ""0.5000"": 1}"
c3_w2_tcop_cm1_states_L0.4_km0_2090_up0_5000_s137,cm1,stageB,-0.1,-0.209,0.5,,137,0,0,0,False,PRE_PRIMARY_PHASE_IMBALANCE,0.4268240000000001,0.000625209107603552,1.07685552983994,-0.016248635343982378,-1.7864187392746136,0.06157607855520134,0.09759137747884794,0.9109140982913,0.24291018880000004,0.04696970325646097,False,True,False,False,True,-0.09999977978965197,-0.10184811545971599,0.0038917155759842226,"{""0.0000"": 2, ""0.2500"": 1, ""0.5000"": 1}"
c3_w2_tcop_cm1_states_L0.4_km0_2090_up0_5000_s137,cm1,stageB,-0.1,-0.209,0.5,,137,25,1,1,False,PRE_PRIMARY_PHASE_IMBALANCE,0.436376,0.0009480937789605629,1.4545269171643065,-0.023195242591978065,-2.444296089765564,0.045330948742558115,0.05440798339590767,0.24382642435920757,0.24538828799999993,0.04641623233309658,True,True,False,False,False,-0.09999977978965197,-0.10272352223578396,0.0038917155759842226,"{""0.0000"": 1, ""0.2500"": 2, ""0.5000"": 1}"
c3_w2_tcop_cm1_states_L0.4_km0_2090_up0_5000_s137,cm1,stageB,-0.1,-0.209,0.5,,137,50,2,2,False,PRE_PRIMARY_PHASE_IMBALANCE,0.44394,0.002375161289591533,2.608154427022209,-0.02897235475235291,-2.6576313627598904,0.023343326306003075,0.05977473889652524,0.2477812311398359,0.24615309600000004,0.04640642627912647,True,True,False,False,False,-0.09999977978965197,-0.10282104435371205,0.0038917155759842226,"{""0.0000"": 1, ""0.2500"": 1, ""0.5000"": 2}"
c3_w2_tcop_cm1_states_L0.4_km0_2090_up0_5000_s137,cm1,stageB,-0.1,-0.209,0.5,,137,75,3,0,True,,0.42965200000000003,0.0025975355441378955,2.7006692441949425,-0.019188772799415277,-1.6002006428456486,0.020620236684514123,0.0626793067443052,0.25602115140620507,0.24432591839999998,0.04639912602625183,False,True,False,False,False,-0.09999977978965197,-0.10184811545971599,0.0038917155759842226,"{""0.0000"": 2, ""0.2500"": 1, ""0.5000"": 1}"
c3_w2_tcop_cm1_states_L0.4_km0_2090_up0_5000_s137,cm1,stageB,-0.1,-0.209,0.5,,137,100,4,1,True,,0.436852,0.0025432782987761106,3.0596673999599173,-0.01822617742096615,-1.770269359090195,0.04495353977875103,0.054219866090587245,0.25088588297435777,0.24545130079999997,0.04560668915849955,False,True,False,False,False,-0.09999977978965197,-0.10272352223578396,0.0038917155759842226,"{""0.0000"": 1, ""0.2500"": 2, ""0.5000"": 1}"
c3_w2_tcop_cm1_states_L0.4_km0_2090_up0_5000_s137,cm1,stageB,-0.1,-0.209,0.5,,137,125,5,2,True,,0.4440280000000001,0.0025905916584612622,3.202447721719353,-0.006789216319811091,-0.4977947025767278,0.025989608730556148,0.05887403877702539,0.2468312803543216,0.24618374560000003,0.04501083442905719,True,True,False,False,False,-0.09999977978965197,-0.10282104435371205,0.0038917155759842226,"{""0.0000"": 1, ""0.2500"": 1, ""0.5000"": 2}"
c3_w2_tcop_cm1_states_L0.4_km0_2090_up0_5000_s137,cm1,stageB,-0.1,-0.209,0.5,,137,150,6,0,True,,0.42957600000000007,0.002408772544082516,2.921770134366584,-0.0071779620499419425,-0.5705530199473595,0.02160560204296045,0.06314229318438441,0.23744343204126064,0.2443047264,0.0466782628639927,True,True,False,False,False,-0.09999977978965197,-0.10184811545971599,0.0038917155759842226,"{""0.0000"": 2, ""0.2500"": 1, ""0.5000"": 1}"
c3_w2_tcop_cm1_states_L0.4_km0_2090_up0_5000_s137,cm1,stageB,-0.1,-0.209,0.5,,137,175,7,1,True,,0.436932,0.0016825477686772832,1.9435723266758167,-0.010014396905149233,-1.190990115731195,0.04767662495911959,0.054193301050879675,0.23253046187386037,0.24546174239999996,0.047402820338034744,True,True,False,False,True,-0.09999977978965197,-0.10272352223578396,0.0038917155759842226,"{""0.0000"": 1, ""0.2500"": 2, ""0.5000"": 1}"
c3_w2_tcop_cm1_states_L0.4_km0_2090_up0_5000_s137,cm1,stageB,-0.1,-0.209,0.5,,137,200,8,2,True,,0.4439679999999999,0.0023350420354070005,2.758704708691063,-0.0032844328360089135,-0.2889362675523888,0.026853269092291385,0.06040593678671982,0.23515208250335143,0.2461411936,0.04575166637402402,True,True,False,False,False,-0.09999977978965197,-0.10282104435371205,0.0038917155759842226,"{""0.0000"": 1, ""0.2500"": 1, ""0.5000"": 2}"
c3_w2_tcop_cm1_states_L0.4_km0_2090_up0_5000_s137,cm1,stageB,-0.1,-0.209,0.5,,137,225,9,0,True,,0.43004,0.0014714487546564447,2.0145602727020666,-0.0006157296341090028,-0.0019898250007524525,0.02699293269716149,0.06318102071222591,0.24276811402946674,0.24436736960000002,0.04667845755806419,True,True,False,False,False,-0.09999977978965197,-0.10184811545971599,0.0038917155759842226,"{""0.0000"": 2, ""0.2500"": 1, ""0.5000"": 1}"
c3_w2_tcop_cm1_states_L0.4_km0_2090_up0_5000_s137,cm1,stageB,-0.1,-0.209,0.5,,137,250,10,1,True,,0.4368200000000001,0.0006220790273580184,0.9790654762026089,-0.031002530127125567,-3.1160968186084927,0.05218579627254361,0.05387690759572853,0.22251728349773967,0.2454544144,0.046727375274029676,True,True,False,False,False,-0.09999977978965197,-0.10272352223578396,0.0038917155759842226,"{""0.0000"": 1, ""0.2500"": 2, ""0.5000"": 1}"
c3_w2_tcop_cm1_states_L0.4_km0_2090_up0_5000_s137,cm1,stageB,-0.1,-0.209,0.5,,137,275,11,2,True,,0.44423999999999997,0.0021319233377108185,2.52980522006714,-0.03596449751801823,-3.422805632460006,0.027121026466237156,0.06102762666768587,0.23230686063320075,0.24615582079999998,0.046318272852082905,True,True,False,False,False,-0.09999977978965197,-0.10282104435371205,0.0038917155759842226,"{""0.0000"": 1, ""0.2500"": 1, ""0.5000"": 2}"
c3_w2_tcop_cm1_states_L0.4_km0_2090_up0_5000_s137,cm1,stageB,-0.1,-0.209,0.5,,137,300,12,0,False,EXITS_PRIMARY_BLOCK_SET,0.42971200000000004,0.0011377878558759508,1.7370500910336912,-0.022988036591566022,-2.5739569783506138,0.020619033222212223,0.06443636253033762,0.24202256338658776,0.24429291199999997,0.046428407855536036,True,True,False,False,False,-0.09999977978965197,-0.10184811545971599,0.0038917155759842226,"{""0.0000"": 2, ""0.2500"": 1, ""0.5000"": 1}"
c3_w2_tcop_cm1_states_L0.4_km0_2090_up0_5000_s256,cm1,stageB,-0.1,-0.209,0.5,,256,0,0,0,False,PRE_PRIMARY_PHASE_IMBALANCE,0.42839600000000005,0.0006447430325417652,0.9655615006254302,-0.013254194659671684,-1.3819096886306272,0.07511913743052698,0.09997590877987299,0.9066377816164533,0.24303851999999995,0.04579199912648497,False,True,False,False,True,-0.09999977978965197,-0.10184811545971599,0.0038917155759842226,"{""0.0000"": 2, ""0.2500"": 1, ""0.5000"": 1}"
c3_w2_tcop_cm1_states_L0.4_km0_2090_up0_5000_s256,cm1,stageB,-0.1,-0.209,0.5,,256,25,1,1,False,PRE_PRIMARY_PHASE_IMBALANCE,0.4385360000000001,0.000933464394487756,1.1659149696978042,-0.007194878177666155,-0.7072897573227834,0.05807392481484099,0.05445768687066676,0.22255869478775128,0.2456518432,0.04539005071598841,True,True,False,False,True,-0.09999977978965197,-0.10272352223578396,0.0038917155759842226,"{""0.0000"": 1, ""0.2500"": 2, ""0.5000"": 1}"
c3_w2_tcop_cm1_states_L0.4_km0_2090_up0_5000_s256,cm1,stageB,-0.1,-0.209,0.5,,256,50,2,2,False,PRE_PRIMARY_PHASE_IMBALANCE,0.4449280000000001,0.0024374840960545395,2.7345158020958977,-0.002980275110287066,-0.195955226370255,0.006294501702997956,0.05900006987922163,0.21936133437463737,0.2462779712,0.04473873954415793,True,True,False,False,False,-0.09999977978965197,-0.10282104435371205,0.0038917155759842226,"{""0.0000"": 1, ""0.2500"": 1, ""0.5000"": 2}"
c3_w2_tcop_cm1_states_L0.4_km0_2090_up0_5000_s256,cm1,stageB,-0.1,-0.209,0.5,,256,75,3,0,True,,0.42951999999999996,0.00105011605142116,1.5367750935258357,-0.01597455411308826,-1.6549397023313077,0.007059003518487281,0.06209958212926084,0.2402682058105135,0.24432111999999997,0.04667429271022754,True,True,False,False,True,-0.09999977978965197,-0.10184811545971599,0.0038917155759842226,"{""0.0000"": 2, ""0.2500"": 1, ""0.5000"": 1}"
c3_w2_tcop_cm1_states_L0.4_km0_2090_up0_5000_s256,cm1,stageB,-0.1,-0.209,0.5,,256,100,4,1,True,,0.4363479999999999,0.0012676569930390451,1.3496189106975633,-0.019650325298526318,-2.153856273341758,0.046013199855997146,0.05482547580193972,0.23650847434499872,0.2453761136,0.046918470733816546,True,True,False,False,False,-0.09999977978965197,-0.10272352223578396,0.0038917155759842226,"{""0.0000"": 1, ""0.2500"": 2, ""0.5000"": 1}"
c3_w2_tcop_cm1_states_L0.4_km0_2090_up0_5000_s256,cm1,stageB,-0.1,-0.209,0.5,,256,125,5,2,True,,0.444032,0.001340857500062045,1.7422267802416658,-0.025638304201339543,-2.469124022745473,0.03327228074207961,0.06085914498581976,0.24772989278311044,0.2461373184,0.046454095363057064,True,True,False,False,False,-0.09999977978965197,-0.10282104435371205,0.0038917155759842226,"{""0.0000"": 1, ""0.2500"": 1, ""0.5000"": 2}"
c3_w2_tcop_cm1_states_L0.4_km0_2090_up0_5000_s256,cm1,stageB,-0.1,-0.209,0.5,,256,150,6,0,True,,0.430404,-0.00013253888407217804,0.3144597760535579,-0.020018598789782006,-1.8922903815783845,0.02823434538082239,0.06446304908670954,0.25557383236314285,0.24438660320000005,0.047791597420467125,False,True,False,False,True,-0.09999977978965197,-0.10184811545971599,0.0038917155759842226,"{""0.0000"": 2, ""0.2500"": 1, ""0.5000"": 1}"
c3_w2_tcop_cm1_states_L0.4_km0_2090_up0_5000_s256,cm1,stageB,-0.1,-0.209,0.5,,256,175,7,1,True,,0.437804,0.00050716629833353,0.8413869750672044,-0.016021917869465413,-1.5527151680657378,0.05685687924291458,0.05386055020035108,0.2220171578559877,0.245575624,0.04670693293291693,True,True,False,False,True,-0.09999977978965197,-0.10272352223578396,0.0038917155759842226,"{""0.0000"": 1, ""0.2500"": 2, ""0.5000"": 1}"
c3_w2_tcop_cm1_states_L0.4_km0_2090_up0_5000_s256,cm1,stageB,-0.1,-0.209,0.5,,256,200,8,2,True,,0.444856,0.0003254048068447701,0.7156303799652519,-0.013222197663072961,-1.3714878489955664,0.021245493142200415,0.06007838032219336,0.21849767066534415,0.246244848,0.04603497870098345,True,True,False,False,True,-0.09999977978965197,-0.10282104435371205,0.0038917155759842226,"{""0.0000"": 1, ""0.2500"": 1, ""0.5000"": 2}"
c3_w2_tcop_cm1_states_L0.4_km0_2090_up0_5000_s256,cm1,stageB,-0.1,-0.209,0.5,,256,225,9,0,True,,0.429888,-0.0015375128700346027,-1.02210644563824,-0.01233118984253173,-1.2420390742018292,0.015362188259914093,0.06408291979352781,0.23727110261912154,0.2443253888,0.046898906767642246,True,True,False,False,True,-0.09999977978965197,-0.10184811545971599,0.0038917155759842226,"{""0.0000"": 2, ""0.2500"": 1, ""0.5000"": 1}"
c3_w2_tcop_cm1_states_L0.4_km0_2090_up0_5000_s256,cm1,stageB,-0.1,-0.209,0.5,,256,250,10,1,True,,0.43638799999999994,0.0009062776684172987,1.3527870639883215,-0.023795109233620524,-2.1544319604360673,0.05596552199478726,0.05586746277591277,0.23373694915135865,0.2453591344,0.046669405995791294,True,True,False,False,False,-0.09999977978965197,-0.10272352223578396,0.0038917155759842226,"{""0.0000"": 1, ""0.2500"": 2, ""0.5000"": 1}"
c3_w2_tcop_cm1_states_L0.4_km0_2090_up0_5000_s256,cm1,stageB,-0.1,-0.209,0.5,,256,275,11,2,True,,0.44390799999999997,0.0009671556834296787,1.2996870309969233,-0.01010854171977095,-0.9425182046184273,0.023008689528299917,0.06240782847288553,0.23878821684045304,0.24608621279999998,0.046271022638364065,True,True,False,False,True,-0.09999977978965197,-0.10282104435371205,0.0038917155759842226,"{""0.0000"": 1, ""0.2500"": 1, ""0.5000"": 2}"
c3_w2_tcop_cm1_states_L0.4_km0_2090_up0_5000_s256,cm1,stageB,-0.1,-0.209,0.5,,256,300,12,0,False,EXITS_PRIMARY_BLOCK_SET,0.4292000000000001,0.0008515190144992565,1.1619077684852284,-0.007418303034718943,-0.6251006076183,0.026927203375219748,0.06436711126594027,0.24697110846465262,0.24422414399999998,0.046860644468466287,True,True,False,False,True,-0.09999977978965197,-0.10184811545971599,0.0038917155759842226,"{""0.0000"": 2, ""0.2500"": 1, ""0.5000"": 1}"
c3_w2_tcop_cm1_states_L0.4_km0_2090_up0_5000_s1024,cm1,stageB,-0.1,-0.209,0.5,,1024,0,0,0,False,PRE_PRIMARY_PHASE_IMBALANCE,0.42645999999999995,0.0012761881935815177,1.6964633518820351,-0.0054037937445816355,-0.4778198762881598,0.06582790233762047,0.09906506168062135,0.883552968898483,0.2428070352,0.04605462408922692,False,True,False,False,True,-0.09999977978965197,-0.10184811545971599,0.0038917155759842226,"{""0.0000"": 2, ""0.2500"": 1, ""0.5000"": 1}"
c3_w2_tcop_cm1_states_L0.4_km0_2090_up0_5000_s1024,cm1,stageB,-0.1,-0.209,0.5,,1024,25,1,1,False,PRE_PRIMARY_PHASE_IMBALANCE,0.43705999999999995,0.0021206271398785848,2.4345070962436766,-0.01007430603762851,-0.9535735118417177,0.044277525166433934,0.053537349825114516,0.1967693218396346,0.2454910416,0.04594209834128172,True,True,False,False,False,-0.09999977978965197,-0.10272352223578396,0.0038917155759842226,"{""0.0000"": 1, ""0.2500"": 2, ""0.5000"": 1}"
c3_w2_tcop_cm1_states_L0.4_km0_2090_up0_5000_s1024,cm1,stageB,-0.1,-0.209,0.5,,1024,50,2,2,False,PRE_PRIMARY_PHASE_IMBALANCE,0.444488,0.0018836365179921136,2.2569477784887275,-0.012750483137180597,-1.4593425773604796,0.028223696660488132,0.059623565574553346,0.21507892178173785,0.246216064,0.04586521400800393,True,True,False,False,False,-0.09999977978965197,-0.10282104435371205,0.0038917155759842226,"{""0.0000"": 1, ""0.2500"": 1, ""0.5000"": 2}"
c3_w2_tcop_cm1_states_L0.4_km0_2090_up0_5000_s1024,cm1,stageB,-0.1,-0.209,0.5,,1024,75,3,0,True,,0.43105600000000005,0.00031039656437493405,0.7404541753092206,-0.02116772603611302,-1.9839818677553824,0.031988648476997054,0.06235593499483988,0.253331353111124,0.24452424959999994,0.04645691406023435,False,True,False,False,True,-0.09999977978965197,-0.10184811545971599,0.0038917155759842226,"{""0.0000"": 2, ""0.2500"": 1, ""0.5000"": 1}"
c3_w2_tcop_cm1_states_L0.4_km0_2090_up0_5000_s1024,cm1,stageB,-0.1,-0.209,0.5,,1024,100,4,1,True,,0.43775600000000003,0.000559088943276864,0.9683771934085147,-0.023720545802460937,-2.4499846842708926,0.058295287449848444,0.052134104470603446,0.2494540331841162,0.24560484000000002,0.04647541784642716,True,True,False,False,False,-0.09999977978965197,-0.10272352223578396,0.0038917155759842226,"{""0.0000"": 1, ""0.2500"": 2, ""0.5000"": 1}"
c3_w2_tcop_cm1_states_L0.4_km0_2090_up0_5000_s1024,cm1,stageB,-0.1,-0.209,0.5,,1024,125,5,2,True,,0.443976,0.0006721035367167729,0.8698559675934824,-0.015791380325663275,-1.4962268231445621,0.009401448259226822,0.058352582430680304,0.2540677868757145,0.24619013120000002,0.04565732607150795,False,True,False,False,True,-0.09999977978965197,-0.10282104435371205,0.0038917155759842226,"{""0.0000"": 1, ""0.2500"": 1, ""0.5000"": 2}"
c3_w2_tcop_cm1_states_L0.4_km0_2090_up0_5000_s1024,cm1,stageB,-0.1,-0.209,0.5,,1024,150,6,0,True,,0.42954000000000003,-2.0561637160439286e-05,0.366575857162509,-0.005169802966890272,-0.4218075624134767,0.012200130446999384,0.060681165782135414,0.26260650867764,0.24435600480000003,0.04708533104906453,False,True,False,False,True,-0.09999977978965197,-0.10184811545971599,0.0038917155759842226,"{""0.0000"": 2, ""0.2500"": 1, ""0.5000"": 1}"
c3_w2_tcop_cm1_states_L0.4_km0_2090_up0_5000_s1024,cm1,stageB,-0.1,-0.209,0.5,,1024,175,7,1,True,,0.43574799999999997,0.0008461561781214762,1.2082881089683557,-0.015495806663056133,-1.4859318809112814,0.041257877861797354,0.05335382224617763,0.22857247714602819,0.2453311728,0.046440074246280015,True,True,False,False,True,-0.09999977978965197,-0.10272352223578396,0.0038917155759842226,"{""0.0000"": 1, ""0.2500"": 2, ""0.5000"": 1}"
c3_w2_tcop_cm1_states_L0.4_km0_2090_up0_5000_s1024,cm1,stageB,-0.1,-0.209,0.5,,1024,200,8,2,True,,0.4439640000000001,0.0012649023027520878,1.559067166525646,-0.017357850175021332,-2.0317548466712867,0.03317195241528458,0.06032504644502535,0.22974835745747763,0.24614268320000002,0.04665540380277509,True,True,False,False,False,-0.09999977978965197,-0.10282104435371205,0.0038917155759842226,"{""0.0000"": 1, ""0.2500"": 1, ""0.5000"": 2}"
c3_w2_tcop_cm1_states_L0.4_km0_2090_up0_5000_s1024,cm1,stageB,-0.1,-0.209,0.5,,1024,225,9,0,True,,0.429924,0.000719333659711025,1.1918338860957884,-0.02251100597857895,-2.111607036623636,0.019980784980418522,0.06498337769569783,0.24469441053606128,0.24430882720000002,0.047665860151685085,True,True,False,False,False,-0.09999977978965197,-0.10184811545971599,0.0038917155759842226,"{""0.0000"": 2, ""0.2500"": 1, ""0.5000"": 1}"
c3_w2_tcop_cm1_states_L0.4_km0_2090_up0_5000_s1024,cm1,stageB,-0.1,-0.209,0.5,,1024,250,10,1,True,,0.437724,0.0014784731723102254,1.9236046949568635,-0.022920808609011602,-2.408929375407096,0.045070164725290275,0.05642744788994284,0.24033409125308622,0.2455116272,0.046971265939933955,True,True,False,False,False,-0.09999977978965197,-0.10272352223578396,0.0038917155759842226,"{""0.0000"": 1, ""0.2500"": 2, ""0.5000"": 1}"
c3_w2_tcop_cm1_states_L0.4_km0_2090_up0_5000_s1024,cm1,stageB,-0.1,-0.209,0.5,,1024,275,11,2,True,,0.445532,0.001587429380640483,2.154213596295187,-0.015875480414611936,-1.6288660658967418,0.029007147258174677,0.0632819418267536,0.2361222084247098,0.24623832800000003,0.04634821437768666,True,True,False,False,False,-0.09999977978965197,-0.10282104435371205,0.0038917155759842226,"{""0.0000"": 1, ""0.2500"": 1, ""0.5000"": 2}"
c3_w2_tcop_cm1_states_L0.4_km0_2090_up0_5000_s1024,cm1,stageB,-0.1,-0.209,0.5,,1024,300,12,0,False,EXITS_PRIMARY_BLOCK_SET,0.430736,0.0009080205303695786,1.3198930726887088,-0.0116868565897194,-1.074346149595201,0.026286199005743287,0.06713257251547652,0.24237583985927377,0.24436633920000003,0.04760187290433014,True,True,False,False,True,-0.09999977978965197,-0.10184811545971599,0.0038917155759842226,"{""0.0000"": 2, ""0.2500"": 1, ""0.5000"": 1}"
c3_w2_tcop_cm1_states_L0.4_km0_2090_up0_5000_s31415,cm1,stageB,-0.1,-0.209,0.5,,31415,0,0,0,False,PRE_PRIMARY_PHASE_IMBALANCE,0.42410800000000004,-0.0004656010762428166,-0.01625862750410255,-0.009991805733191474,-1.0020710596638907,0.07894156180938781,0.10227332807658733,0.9271223345772247,0.24235901920000003,0.046317646054176806,False,True,False,False,True,-0.09999977978965197,-0.10184811545971599,0.0038917155759842226,"{""0.0000"": 2, ""0.2500"": 1, ""0.5000"": 1}"
c3_w2_tcop_cm1_states_L0.4_km0_2090_up0_5000_s31415,cm1,stageB,-0.1,-0.209,0.5,,31415,25,1,1,False,PRE_PRIMARY_PHASE_IMBALANCE,0.43578000000000006,0.0010016474718564346,1.3244933903460474,-0.024303601463710904,-2.561409154685977,0.041438812655797574,0.05555064062765375,0.23498095315301087,0.24528977119999992,0.04621505815207853,True,True,False,False,False,-0.09999977978965197,-0.10272352223578396,0.0038917155759842226,"{""0.0000"": 1, ""0.2500"": 2, ""0.5000"": 1}"
c3_w2_tcop_cm1_states_L0.4_km0_2090_up0_5000_s31415,cm1,stageB,-0.1,-0.209,0.5,,31415,50,2,2,False,PRE_PRIMARY_PHASE_IMBALANCE,0.44357199999999997,0.0012907722971383902,1.6498332848482666,-0.031185744414796303,-3.2183760421739995,0.023115943601985448,0.06123693506234197,0.2308531642419875,0.24607805280000006,0.04597913457210781,True,True,False,False,False,-0.09999977978965197,-0.10282104435371205,0.0038917155759842226,"{""0.0000"": 1, ""0.2500"": 1, ""0.5000"": 2}"
c3_w2_tcop_cm1_states_L0.4_km0_2090_up0_5000_s31415,cm1,stageB,-0.1,-0.209,0.5,,31415,75,3,0,True,,0.4289639999999999,0.0008664763986144726,1.238460132734787,-0.026433062665562706,-2.6431726372463418,0.026302459540953515,0.06476295752522856,0.24057962849894257,0.24418210399999998,0.04712967965093758,True,True,False,False,False,-0.09999977978965197,-0.10184811545971599,0.0038917155759842226,"{""0.0000"": 2, ""0.2500"": 1, ""0.5000"": 1}"
c3_w2_tcop_cm1_states_L0.4_km0_2090_up0_5000_s31415,cm1,stageB,-0.1,-0.209,0.5,,31415,100,4,1,True,,0.4365960000000001,0.0010257257936043067,1.4373921880109917,-0.021498859193909,-2.202857995961422,0.047762795025075556,0.05596472702692867,0.23637413023395967,0.24538291359999997,0.04585600052337753,True,True,False,False,False,-0.09999977978965197,-0.10272352223578396,0.0038917155759842226,"{""0.0000"": 1, ""0.2500"": 2, ""0.5000"": 1}"
c3_w2_tcop_cm1_states_L0.4_km0_2090_up0_5000_s31415,cm1,stageB,-0.1,-0.209,0.5,,31415,125,5,2,True,,0.443724,0.001591322765460313,2.1720908863165627,-0.01409662928789626,-1.4140588148472342,0.026986499330121667,0.0621847159405153,0.23978869693821236,0.24607164639999998,0.04533179705240021,True,True,False,False,False,-0.09999977978965197,-0.10282104435371205,0.0038917155759842226,"{""0.0000"": 1, ""0.2500"": 1, ""0.5000"": 2}"
c3_w2_tcop_cm1_states_L0.4_km0_2090_up0_5000_s31415,cm1,stageB,-0.1,-0.209,0.5,,31415,150,6,0,True,,0.4289319999999999,0.001123903047422759,1.7414322929654016,-0.01809570825360066,-1.9448735232292977,0.015975598063443383,0.06617654694179362,0.24805796665192173,0.24414361759999997,0.046054091848607766,True,True,False,False,True,-0.09999977978965197,-0.10184811545971599,0.0038917155759842226,"{""0.0000"": 2, ""0.2500"": 1, ""0.5000"": 1}"
c3_w2_tcop_cm1_states_L0.4_km0_2090_up0_5000_s31415,cm1,stageB,-0.1,-0.209,0.5,,31415,175,7,1,True,,0.43631600000000004,0.0005243727037708073,0.9031151272483212,-0.021777712392326735,-2.0142734333195396,0.05009842825953903,0.05640124482340957,0.2420264206629452,0.24533875679999997,0.0468605179655539,True,True,False,False,False,-0.09999977978965197,-0.10272352223578396,0.0038917155759842226,"{""0.0000"": 1, ""0.2500"": 2, ""0.5000"": 1}"
c3_w2_tcop_cm1_states_L0.4_km0_2090_up0_5000_s31415,cm1,stageB,-0.1,-0.209,0.5,,31415,200,8,2,True,,0.443048,0.0020746610409654786,2.328094153418148,-0.03188722829241727,-3.3435079269650845,0.02312107119616018,0.06193654351697934,0.23834889168137793,0.24600346879999996,0.045739148396095004,True,True,False,False,False,-0.09999977978965197,-0.10282104435371205,0.0038917155759842226,"{""0.0000"": 1, ""0.2500"": 1, ""0.5000"": 2}"
c3_w2_tcop_cm1_states_L0.4_km0_2090_up0_5000_s31415,cm1,stageB,-0.1,-0.209,0.5,,31415,225,9,0,True,,0.42849599999999993,0.0004323725400134338,0.8675357579378963,-0.02753261942298159,-2.5245499451646918,0.02592731542224472,0.06501301580892471,0.25111086159238155,0.24411112000000001,0.046331608907958295,False,True,False,False,False,-0.09999977978965197,-0.10184811545971599,0.0038917155759842226,"{""0.0000"": 2, ""0.2500"": 1, ""0.5000"": 1}"
c3_w2_tcop_cm1_states_L0.4_km0_2090_up0_5000_s31415,cm1,stageB,-0.1,-0.209,0.5,,31415,250,10,1,True,,0.43654799999999994,-0.0005425903854833431,-0.16653961495532488,-0.021586242958361538,-2.4957644428364603,0.04728530237943572,0.05588488797861481,0.24647919530846732,0.24537865759999997,0.04651068367590397,True,True,False,False,False,-0.09999977978965197,-0.10272352223578396,0.0038917155759842226,"{""0.0000"": 1, ""0.2500"": 2, ""0.5000"": 1}"
c3_w2_tcop_cm1_states_L0.4_km0_2090_up0_5000_s31415,cm1,stageB,-0.1,-0.209,0.5,,31415,275,11,2,True,,0.443812,0.00037014498585749095,0.647440185814227,-0.022634716173569727,-2.1725127725708795,0.03211031937486812,0.06256477820159131,0.2424449986876312,0.2460719024,0.04597900233802382,True,True,False,False,False,-0.09999977978965197,-0.10282104435371205,0.0038917155759842226,"{""0.0000"": 1, ""0.2500"": 1, ""0.5000"": 2}"
c3_w2_tcop_cm1_states_L0.4_km0_2090_up0_5000_s31415,cm1,stageB,-0.1,-0.209,0.5,,31415,300,12,0,False,EXITS_PRIMARY_BLOCK_SET,0.430668,-0.0012669039224092527,-0.8235791515600343,-0.021350969098459946,-1.9964223505314906,0.032740324306104344,0.06394338352557861,0.24798684776211177,0.244434712,0.0472642970539074,True,True,False,False,True,-0.09999977978965197,-0.10184811545971599,0.0038917155759842226,"{""0.0000"": 2, ""0.2500"": 1, ""0.5000"": 1}"
c3_w2_tcop_cm1_states_L0.4_kp0_4221_up0_1000_s42,cm1,stageB,0.2,0.4221,0.1,,42,0,0,0,False,PRE_PRIMARY_PHASE_IMBALANCE,0.388424,0.0005271346817034936,0.8253905704017482,0.0265809320697302,2.4237489853091585,0.06074629649868912,0.08172971062111889,0.8135439601735628,0.23654300160000002,0.050603519877573735,False,True,False,False,False,0.1999984658005633,0.20130025814423091,0.00339797160026567,"{""0.0000"": 2, ""0.0500"": 1, ""0.1000"": 1}"
c3_w2_tcop_cm1_states_L0.4_kp0_4221_up0_1000_s42,cm1,stageB,0.2,0.4221,0.1,,42,25,1,1,False,PRE_PRIMARY_PHASE_IMBALANCE,0.3935880000000001,0.001048698660069901,1.5099886870201913,0.023025338376617126,2.2363072849194894,0.017021123392918506,0.026476073527529172,0.11687348161815525,0.238567896,0.049970854065144815,True,True,False,False,False,0.1999984658005633,0.2017525575878321,0.00339797160026567,"{""0.0000"": 1, ""0.0500"": 2, ""0.1000"": 1}"
c3_w2_tcop_cm1_states_L0.4_kp0_4221_up0_1000_s42,cm1,stageB,0.2,0.4221,0.1,,42,50,2,2,False,PRE_PRIMARY_PHASE_IMBALANCE,0.39647999999999994,0.0014655044651794749,1.9574607004381954,0.028995008581827207,2.838140908175021,0.017383094197783742,0.030326816024902947,0.14426957187179798,0.2391390336,0.049758713809743914,True,True,False,False,False,0.1999984658005633,0.20214975104429733,0.00339797160026567,"{""0.0000"": 1, ""0.0500"": 1, ""0.1000"": 2}"
c3_w2_tcop_cm1_states_L0.4_kp0_4221_up0_1000_s42,cm1,stageB,0.2,0.4221,0.1,,42,75,3,0,True,,0.392736,0.001458495495865656,1.929759187256157,0.014811742123242266,1.5295555638491696,0.002932339180986198,0.03230405635754488,0.1700888124081093,0.2383334752,0.04952852010710597,True,True,False,False,True,0.1999984658005633,0.20130025814423091,0.00339797160026567,"{""0.0000"": 2, ""0.0500"": 1, ""0.1000"": 1}"
c3_w2_tcop_cm1_states_L0.4_kp0_4221_up0_1000_s42,cm1,stageB,0.2,0.4221,0.1,,42,100,4,1,True,,0.394308,0.001736689487605503,2.0400269596949663,0.016126876436774858,1.604762640010526,0.016616287716463167,0.032821604350483466,0.16941071403722296,0.23866171039999998,0.04974134232205641,True,True,False,False,False,0.1999984658005633,0.2017525575878321,0.00339797160026567,"{""0.0000"": 1, ""0.0500"": 2, ""0.1000"": 1}"
c3_w2_tcop_cm1_states_L0.4_kp0_4221_up0_1000_s42,cm1,stageB,0.2,0.4221,0.1,,42,125,5,2,True,,0.396208,0.0006401720454923608,0.9532802250616181,0.029306746982724913,2.725103927414054,0.008255883516876384,0.03221162886927845,0.1685983115722088,0.23906433920000006,0.05013761797293525,True,True,False,False,False,0.1999984658005633,0.20214975104429733,0.00339797160026567,"{""0.0000"": 1, ""0.0500"": 1, ""0.1000"": 2}"
c3_w2_tcop_cm1_states_L0.4_kp0_4221_up0_1000_s42,cm1,stageB,0.2,0.4221,0.1,,42,150,6,0,True,,0.39208000000000004,0.0008288982459268102,1.1507761986455038,0.034949139869253895,3.577491074729371,0.011892231837213555,0.030777929574795023,0.15302999348849722,0.2382076512,0.04964991037252736,True,True,False,False,False,0.1999984658005633,0.20130025814423091,0.00339797160026567,"{""0.0000"": 2, ""0.0500"": 1, ""0.1000"": 1}"
c3_w2_tcop_cm1_states_L0.4_kp0_4221_up0_1000_s42,cm1,stageB,0.2,0.4221,0.1,,42,175,7,1,True,,0.39417599999999986,0.0008795206316418155,1.3168331927737817,0.04386066566788998,4.133375962760801,0.011028867106176624,0.02844279810450423,0.13192076602350025,0.23867558399999997,0.050163742125164466,True,True,False,False,False,0.1999984658005633,0.2017525575878321,0.00339797160026567,"{""0.0000"": 1, ""0.0500"": 2, ""0.1000"": 1}"
c3_w2_tcop_cm1_states_L0.4_kp0_4221_up0_1000_s42,cm1,stageB,0.2,0.4221,0.1,,42,200,8,2,True,,0.3953520000000001,0.0008526903808473755,1.1720552665303903,0.04414851415137805,4.3639666984235115,0.001060022226093836,0.027736078010754443,0.1315283592051428,0.23892855359999998,0.04989905906928506,True,True,False,False,False,0.1999984658005633,0.20214975104429733,0.00339797160026567,"{""0.0000"": 1, ""0.0500"": 1, ""0.1000"": 2}"
c3_w2_tcop_cm1_states_L0.4_kp0_4221_up0_1000_s42,cm1,stageB,0.2,0.4221,0.1,,42,225,9,0,True,,0.39308400000000004,0.0011241425001826274,1.5233642225204829,0.046843968859189615,5.145230846331898,0.009510368847048064,0.027939325158754445,0.1322872461553071,0.23844835359999994,0.04984585182339649,True,True,False,False,False,0.1999984658005633,0.20130025814423091,0.00339797160026567,"{""0.0000"": 2, ""0.0500"": 1, ""0.1000"": 1}"
c3_w2_tcop_cm1_states_L0.4_kp0_4221_up0_1000_s42,cm1,stageB,0.2,0.4221,0.1,,42,250,10,1,True,,0.3944520000000001,-0.0003142520514712791,0.045097296255021666,0.025876659355224662,2.5576611415223947,0.008831159020625336,0.026709656093098978,0.11965967945489014,0.2387486192,0.0504378795747799,True,True,False,False,False,0.1999984658005633,0.2017525575878321,0.00339797160026567,"{""0.0000"": 1, ""0.0500"": 2, ""0.1000"": 1}"
c3_w2_tcop_cm1_states_L0.4_kp0_4221_up0_1000_s42,cm1,stageB,0.2,0.4221,0.1,,42,275,11,2,True,,0.39587999999999995,-9.530270172808373e-05,0.3255470975808839,0.012405621554364855,1.2792343211798853,0.0027210965950570606,0.027211862087402186,0.12225927017717675,0.23904297600000002,0.04895861109141067,True,True,False,False,True,0.1999984658005633,0.20214975104429733,0.00339797160026567,"{""0.0000"": 1, ""0.0500"": 1, ""0.1000"": 2}"
c3_w2_tcop_cm1_states_L0.4_kp0_4221_up0_1000_s42,cm1,stageB,0.2,0.4221,0.1,,42,300,12,0,False,EXITS_PRIMARY_BLOCK_SET,0.3932279999999999,-0.0010554962930031146,-0.6665935474578941,0.02325620887489276,2.3318983379191818,0.006014211830377605,0.027881245011863284,0.13223880259737658,0.23847953759999999,0.04893935038391908,True,True,False,False,False,0.1999984658005633,0.20130025814423091,0.00339797160026567,"{""0.0000"": 2, ""0.0500"": 1, ""0.1000"": 1}"
c3_w2_tcop_cm1_states_L0.4_kp0_4221_up0_1000_s137,cm1,stageB,0.2,0.4221,0.1,,137,0,0,0,False,PRE_PRIMARY_PHASE_IMBALANCE,0.3894520000000001,0.0013080995185612238,1.796583232032505,0.021817941820941055,2.0732603635391804,0.05596299270253063,0.08081236070637471,0.8134506927337622,0.2367886192,0.049509389978063756,False,True,False,False,False,0.1999984658005633,0.20130025814423091,0.00339797160026567,"{""0.0000"": 2, ""0.0500"": 1, ""0.1000"": 1}"
c3_w2_tcop_cm1_states_L0.4_kp0_4221_up0_1000_s137,cm1,stageB,0.2,0.4221,0.1,,137,25,1,1,False,PRE_PRIMARY_PHASE_IMBALANCE,0.39393199999999995,0.0010181205101628863,1.498601538526175,0.020960418670174334,2.3113953878182136,0.012296346527174503,0.02667326677693056,0.1330178809210273,0.23863917280000002,0.049307396767625036,True,True,False,False,False,0.1999984658005633,0.2017525575878321,0.00339797160026567,"{""0.0000"": 1, ""0.0500"": 2, ""0.1000"": 1}"
c3_w2_tcop_cm1_states_L0.4_kp0_4221_up0_1000_s137,cm1,stageB,0.2,0.4221,0.1,,137,50,2,2,False,PRE_PRIMARY_PHASE_IMBALANCE,0.3957360000000001,0.002159952786067763,2.468371131164584,0.019738208057771864,1.9464045206144973,0.006472840851331034,0.027755008879921998,0.13241150632641074,0.2390083776,0.0503950226113651,True,True,False,False,False,0.1999984658005633,0.20214975104429733,0.00339797160026567,"{""0.0000"": 1, ""0.0500"": 1, ""0.1000"": 2}"
c3_w2_tcop_cm1_states_L0.4_kp0_4221_up0_1000_s137,cm1,stageB,0.2,0.4221,0.1,,137,75,3,0,True,,0.39224400000000004,0.00279654377109551,3.0561296672495075,0.021604190173422022,2.1070492526496216,0.002552340154238081,0.029133016461350646,0.13155076908365507,0.2382580624,0.04912397036071087,True,True,False,False,False,0.1999984658005633,0.20130025814423091,0.00339797160026567,"{""0.0000"": 2, ""0.0500"": 1, ""0.1000"": 1}"
c3_w2_tcop_cm1_states_L0.4_kp0_4221_up0_1000_s137,cm1,stageB,0.2,0.4221,0.1,,137,100,4,1,True,,0.394024,0.002491122160354006,2.8781505632739997,0.02983377241662353,3.0379593494813153,0.004969534359866131,0.027429350305876468,0.12080482376503754,0.2386522784,0.048882383575271776,True,True,False,False,False,0.1999984658005633,0.2017525575878321,0.00339797160026567,"{""0.0000"": 1, ""0.0500"": 2, ""0.1000"": 1}"
c3_w2_tcop_cm1_states_L0.4_kp0_4221_up0_1000_s137,cm1,stageB,0.2,0.4221,0.1,,137,125,5,2,True,,0.39576399999999995,0.0023172145013036377,2.9837928883522644,0.04358757067516697,4.185920920935635,0.0072735464911223985,0.02674378921711339,0.12937002827601787,0.2390228304,0.048805904396906734,True,True,False,False,False,0.1999984658005633,0.20214975104429733,0.00339797160026567,"{""0.0000"": 1, ""0.0500"": 1, ""0.1000"": 2}"
c3_w2_tcop_cm1_states_L0.4_kp0_4221_up0_1000_s137,cm1,stageB,0.2,0.4221,0.1,,137,150,6,0,True,,0.39198,0.002778513978921601,3.2239653658961904,0.0348282657983202,3.8894092923373798,0.0019723386646226335,0.02727221714340264,0.13061890879478813,0.23821740000000002,0.04955844630332957,True,True,False,False,False,0.1999984658005633,0.20130025814423091,0.00339797160026567,"{""0.0000"": 2, ""0.0500"": 1, ""0.1000"": 1}"
c3_w2_tcop_cm1_states_L0.4_kp0_4221_up0_1000_s137,cm1,stageB,0.2,0.4221,0.1,,137,175,7,1,True,,0.39362400000000003,0.0017092928508947876,1.9988027713246976,0.034300429683550585,3.724775458810824,0.017866550953347996,0.02484675038065664,0.12600857639267776,0.23858849279999997,0.050199468363718754,True,True,False,False,False,0.1999984658005633,0.2017525575878321,0.00339797160026567,"{""0.0000"": 1, ""0.0500"": 2, ""0.1000"": 1}"
c3_w2_tcop_cm1_states_L0.4_kp0_4221_up0_1000_s137,cm1,stageB,0.2,0.4221,0.1,,137,200,8,2,True,,0.3949880000000001,0.0016550390907906448,1.9970928251243811,0.04301849486656468,4.177667246029643,0.010355375390004471,0.028473477602157245,0.145827214634806,0.238845992,0.049119037612722016,True,True,False,False,False,0.1999984658005633,0.20214975104429733,0.00339797160026567,"{""0.0000"": 1, ""0.0500"": 1, ""0.1000"": 2}"
c3_w2_tcop_cm1_states_L0.4_kp0_4221_up0_1000_s137,cm1,stageB,0.2,0.4221,0.1,,137,225,9,0,True,,0.39199200000000006,0.002197939975641763,2.876425092409098,0.04915332782898872,5.163492608528341,0.014156806570890912,0.02739086112947948,0.14694177394706576,0.2382189888,0.04951314912222813,True,True,False,False,False,0.1999984658005633,0.20130025814423091,0.00339797160026567,"{""0.0000"": 2, ""0.0500"": 1, ""0.1000"": 1}"
c3_w2_tcop_cm1_states_L0.4_kp0_4221_up0_1000_s137,cm1,stageB,0.2,0.4221,0.1,,137,250,10,1,True,,0.39349199999999995,0.0013515301090164195,1.6935116073037468,0.01905844028547118,1.9464653241510665,0.011288982243939786,0.02605152096952453,0.13723277693769434,0.23855096159999994,0.04938750789420337,True,True,False,False,True,0.1999984658005633,0.2017525575878321,0.00339797160026567,"{""0.0000"": 1, ""0.0500"": 2, ""0.1000"": 1}"
c3_w2_tcop_cm1_states_L0.4_kp0_4221_up0_1000_s137,cm1,stageB,0.2,0.4221,0.1,,137,275,11,2,True,,0.395748,0.0021535407781596906,2.6588975517752567,0.010913804844095314,1.3938240489886082,0.01082918562324273,0.027612249815455993,0.13645046813515047,0.2390121104,0.049877053802324774,True,True,False,False,False,0.1999984658005633,0.20214975104429733,0.00339797160026567,"{""0.0000"": 1, ""0.0500"": 1, ""0.1000"": 2}"
c3_w2_tcop_cm1_states_L0.4_kp0_4221_up0_1000_s137,cm1,stageB,0.2,0.4221,0.1,,137,300,12,0,False,EXITS_PRIMARY_BLOCK_SET,0.39216800000000007,0.0023222873186480334,2.8837411998414675,0.023394750656822144,2.4001103628805978,0.003138560721858895,0.027069108771258787,0.12749637877772702,0.23825956800000003,0.04913023281035823,True,True,False,False,False,0.1999984658005633,0.20130025814423091,0.00339797160026567,"{""0.0000"": 2, ""0.0500"": 1, ""0.1000"": 1}"
c3_w2_tcop_cm1_states_L0.4_kp0_4221_up0_1000_s256,cm1,stageB,0.2,0.4221,0.1,,256,0,0,0,False,PRE_PRIMARY_PHASE_IMBALANCE,0.3904560000000001,0.0010285923316490813,1.3194464614603847,0.03790929082351349,3.7691124181760105,0.07134526207108247,0.08358326888058715,0.8359456613909231,0.2369350304,0.04850270161547705,False,True,False,False,False,0.1999984658005633,0.20130025814423091,0.00339797160026567,"{""0.0000"": 2, ""0.0500"": 1, ""0.1000"": 1}"
c3_w2_tcop_cm1_states_L0.4_kp0_4221_up0_1000_s256,cm1,stageB,0.2,0.4221,0.1,,256,25,1,1,False,PRE_PRIMARY_PHASE_IMBALANCE,0.39582400000000006,0.0011328307799206713,1.3983154325593954,0.03720088150691964,3.4311780209496185,0.028508853481184003,0.03008871935101625,0.13945591945042266,0.23900551679999998,0.047750193968192425,True,True,False,False,False,0.1999984658005633,0.2017525575878321,0.00339797160026567,"{""0.0000"": 1, ""0.0500"": 2, ""0.1000"": 1}"
c3_w2_tcop_cm1_states_L0.4_kp0_4221_up0_1000_s256,cm1,stageB,0.2,0.4221,0.1,,256,50,2,2,False,PRE_PRIMARY_PHASE_IMBALANCE,0.39657600000000004,0.001791324639363466,2.102206763975672,0.052358019676759245,5.309186013783379,0.021741462399338374,0.029076072727210252,0.13919147870977705,0.2391705152,0.04764321802733312,True,True,False,False,False,0.1999984658005633,0.20214975104429733,0.00339797160026567,"{""0.0000"": 1, ""0.0500"": 1, ""0.1000"": 2}"
c3_w2_tcop_cm1_states_L0.4_kp0_4221_up0_1000_s256,cm1,stageB,0.2,0.4221,0.1,,256,75,3,0,True,,0.39172000000000007,0.0012165970007544957,1.7561369127026536,0.027568056654007668,2.8130265852560146,0.008441158604678242,0.028248252635519423,0.137853568523809,0.23815299839999998,0.04929180053518029,True,True,False,False,False,0.1999984658005633,0.20130025814423091,0.00339797160026567,"{""0.0000"": 2, ""0.0500"": 1, ""0.1000"": 1}"
c3_w2_tcop_cm1_states_L0.4_kp0_4221_up0_1000_s256,cm1,stageB,0.2,0.4221,0.1,,256,100,4,1,True,,0.39343999999999996,0.0005263087241731778,0.6665966073133296,0.022752045084346882,2.3015253841362058,0.006278789717427512,0.02849915374324264,0.15453436316964636,0.23851924159999996,0.04991038368916833,True,True,False,False,False,0.1999984658005633,0.2017525575878321,0.00339797160026567,"{""0.0000"": 1, ""0.0500"": 2, ""0.1000"": 1}"
c3_w2_tcop_cm1_states_L0.4_kp0_4221_up0_1000_s256,cm1,stageB,0.2,0.4221,0.1,,256,125,5,2,True,,0.39598799999999995,0.0006191472544485987,1.0035642577855715,0.017001459625626304,1.7816512785808272,0.02114033028923313,0.02966433590095199,0.17475276984466012,0.23904351840000002,0.04973473490428998,True,True,False,False,True,0.1999984658005633,0.20214975104429733,0.00339797160026567,"{""0.0000"": 1, ""0.0500"": 1, ""0.1000"": 2}"
c3_w2_tcop_cm1_states_L0.4_kp0_4221_up0_1000_s256,cm1,stageB,0.2,0.4221,0.1,,256,150,6,0,True,,0.39345600000000003,0.0003689343115872098,0.90841680731215,0.03234495671107805,3.207582856560594,0.011716433294657448,0.031181457192871714,0.1758773530563079,0.2384978592,0.050177047182950095,True,True,False,False,False,0.1999984658005633,0.20130025814423091,0.00339797160026567,"{""0.0000"": 2, ""0.0500"": 1, ""0.1000"": 1}"
c3_w2_tcop_cm1_states_L0.4_kp0_4221_up0_1000_s256,cm1,stageB,0.2,0.4221,0.1,,256,175,7,1,True,,0.395396,0.0013470793374465878,1.7381290377093495,0.030750761816176454,3.28351236636353,0.024579944806240372,0.02823682949642931,0.15275824704155266,0.23893335200000002,0.050151402612489314,True,True,False,False,False,0.1999984658005633,0.2017525575878321,0.00339797160026567,"{""0.0000"": 1, ""0.0500"": 2, ""0.1000"": 1}"
c3_w2_tcop_cm1_states_L0.4_kp0_4221_up0_1000_s256,cm1,stageB,0.2,0.4221,0.1,,256,200,8,2,True,,0.39688399999999996,0.0010229741213171454,1.329654513131438,0.022340516745732637,2.1615391287587045,0.0011230600662517636,0.028162649123717555,0.15218552485818146,0.2392421584,0.049482224525580897,True,True,False,False,False,0.1999984658005633,0.20214975104429733,0.00339797160026567,"{""0.0000"": 1, ""0.0500"": 1, ""0.1000"": 2}"
c3_w2_tcop_cm1_states_L0.4_kp0_4221_up0_1000_s256,cm1,stageB,0.2,0.4221,0.1,,256,225,9,0,True,,0.39257999999999993,-0.0006796299045534244,-0.24723931345755082,0.027091156780752287,2.7765099861216553,0.004708402969524613,0.029055420604845807,0.13245707847456054,0.23833083359999999,0.048795323546421944,True,True,False,False,False,0.1999984658005633,0.20130025814423091,0.00339797160026567,"{""0.0000"": 2, ""0.0500"": 1, ""0.1000"": 1}"
c3_w2_tcop_cm1_states_L0.4_kp0_4221_up0_1000_s256,cm1,stageB,0.2,0.4221,0.1,,256,250,10,1,True,,0.39302400000000015,0.0011932344446517241,1.6922504571028347,0.01804465763413021,1.8789043270123518,0.03000910733169899,0.028123541643853604,0.13230744144808607,0.23843396159999997,0.04938314919079179,True,True,False,False,True,0.1999984658005633,0.2017525575878321,0.00339797160026567,"{""0.0000"": 1, ""0.0500"": 2, ""0.1000"": 1}"
c3_w2_tcop_cm1_states_L0.4_kp0_4221_up0_1000_s256,cm1,stageB,0.2,0.4221,0.1,,256,275,11,2,True,,0.395076,0.0003983130396863293,0.8905270319408346,0.03256537524016705,3.1355906269670637,0.003069893592772753,0.030137651941517785,0.1488321230628231,0.2388491856,0.04967367737544705,True,True,False,False,False,0.1999984658005633,0.20214975104429733,0.00339797160026567,"{""0.0000"": 1, ""0.0500"": 1, ""0.1000"": 2}"
c3_w2_tcop_cm1_states_L0.4_kp0_4221_up0_1000_s256,cm1,stageB,0.2,0.4221,0.1,,256,300,12,0,False,EXITS_PRIMARY_BLOCK_SET,0.391212,0.0010288037618031156,1.2982415893113533,0.0354569618967068,3.3635566380289648,0.014058029796986308,0.028732663994183148,0.1503021375870318,0.23803882080000002,0.04956622898708354,True,True,False,False,False,0.1999984658005633,0.20130025814423091,0.00339797160026567,"{""0.0000"": 2, ""0.0500"": 1, ""0.1000"": 1}"
c3_w2_tcop_cm1_states_L0.4_kp0_4221_up0_1000_s1024,cm1,stageB,0.2,0.4221,0.1,,1024,0,0,0,False,PRE_PRIMARY_PHASE_IMBALANCE,0.38757199999999997,0.0010178539299392087,1.3739388826914896,0.036210485184146386,3.551105670695281,0.05513333460246864,0.08053361585705833,0.807075844469993,0.23638572,0.049169755093959946,False,True,False,False,False,0.1999984658005633,0.20130025814423091,0.00339797160026567,"{""0.0000"": 2, ""0.0500"": 1, ""0.1000"": 1}"
c3_w2_tcop_cm1_states_L0.4_kp0_4221_up0_1000_s1024,cm1,stageB,0.2,0.4221,0.1,,1024,25,1,1,False,PRE_PRIMARY_PHASE_IMBALANCE,0.3932200000000001,0.0018340860762579836,2.0862942138603815,0.02903608564258821,2.733995745464402,0.006269484060788756,0.024912416478640193,0.12003458593145164,0.2385020688,0.049023174111842246,True,True,False,False,False,0.1999984658005633,0.2017525575878321,0.00339797160026567,"{""0.0000"": 1, ""0.0500"": 2, ""0.1000"": 1}"
c3_w2_tcop_cm1_states_L0.4_kp0_4221_up0_1000_s1024,cm1,stageB,0.2,0.4221,0.1,,1024,50,2,2,False,PRE_PRIMARY_PHASE_IMBALANCE,0.395624,0.0017978103194023168,2.13735469841324,0.027409406837079545,2.7841079569865985,0.021473443268054268,0.026485869562460476,0.12132732058386933,0.2389958528,0.0496327575699759,True,True,False,False,False,0.1999984658005633,0.20214975104429733,0.00339797160026567,"{""0.0000"": 1, ""0.0500"": 1, ""0.1000"": 2}"
c3_w2_tcop_cm1_states_L0.4_kp0_4221_up0_1000_s1024,cm1,stageB,0.2,0.4221,0.1,,1024,75,3,0,True,,0.39409600000000006,0.0010628570454131248,1.6692714363184047,0.027634120652936793,2.713525112818296,0.024070857351486386,0.02873745492847483,0.14514229998492173,0.23865608000000005,0.049207548038893385,True,True,False,False,False,0.1999984658005633,0.20130025814423091,0.00339797160026567,"{""0.0000"": 2, ""0.0500"": 1, ""0.1000"": 1}"
c3_w2_tcop_cm1_states_L0.4_kp0_4221_up0_1000_s1024,cm1,stageB,0.2,0.4221,0.1,,1024,100,4,1,True,,0.39538399999999996,0.0010870581233264262,1.5623272453588328,0.021849907348243533,2.080360865884733,0.02741143743036876,0.026608553088179963,0.144669485501008,0.2389448096,0.05004930113398188,True,True,False,False,False,0.1999984658005633,0.2017525575878321,0.00339797160026567,"{""0.0000"": 1, ""0.0500"": 2, ""0.1000"": 1}"
c3_w2_tcop_cm1_states_L0.4_kp0_4221_up0_1000_s1024,cm1,stageB,0.2,0.4221,0.1,,1024,125,5,2,True,,0.39622000000000007,0.0005702924664369939,0.782193695872088,0.040588469035217054,4.202326636856827,0.018490365470627802,0.02797478386460858,0.1473928621791104,0.23910685280000007,0.04965150148787043,True,True,False,False,False,0.1999984658005633,0.20214975104429733,0.00339797160026567,"{""0.0000"": 1, ""0.0500"": 1, ""0.1000"": 2}"
c3_w2_tcop_cm1_states_L0.4_kp0_4221_up0_1000_s1024,cm1,stageB,0.2,0.4221,0.1,,1024,150,6,0,True,,0.392532,0.0004459625187302301,0.8842320577375045,0.05196934240994366,5.170867920803255,0.011612545774536336,0.02845656100287588,0.1487776788929879,0.23832585759999997,0.049858489507805984,True,True,False,False,False,0.1999984658005633,0.20130025814423091,0.00339797160026567,"{""0.0000"": 2, ""0.0500"": 1, ""0.1000"": 1}"
c3_w2_tcop_cm1_states_L0.4_kp0_4221_up0_1000_s1024,cm1,stageB,0.2,0.4221,0.1,,1024,175,7,1,True,,0.392716,0.001509164789352437,1.8377318686182147,0.040354607225105275,4.081898442805424,0.0060171632874987625,0.02674935812320187,0.12018863473810942,0.2383797904,0.0492124307873529,True,True,False,False,False,0.1999984658005633,0.2017525575878321,0.00339797160026567,"{""0.0000"": 1, ""0.0500"": 2, ""0.1000"": 1}"
c3_w2_tcop_cm1_states_L0.4_kp0_4221_up0_1000_s1024,cm1,stageB,0.2,0.4221,0.1,,1024,200,8,2,True,,0.39525199999999994,0.0007867753111212504,1.028856464164198,0.041633598273029516,4.347581622230448,0.008417345614575642,0.026741139556130146,0.12346553559889493,0.2389161424,0.0509546513676622,True,True,False,False,False,0.1999984658005633,0.20214975104429733,0.00339797160026567,"{""0.0000"": 1, ""0.0500"": 1, ""0.1000"": 2}"
c3_w2_tcop_cm1_states_L0.4_kp0_4221_up0_1000_s1024,cm1,stageB,0.2,0.4221,0.1,,1024,225,9,0,True,,0.39205199999999996,0.0006570732266535938,1.075965110630353,0.028559902332868918,3.312867295899462,0.001998914342581909,0.02757518471378314,0.13263546638549104,0.23823035360000003,0.05038004859068716,True,True,False,False,False,0.1999984658005633,0.20130025814423091,0.00339797160026567,"{""0.0000"": 2, ""0.0500"": 1, ""0.1000"": 1}"
c3_w2_tcop_cm1_states_L0.4_kp0_4221_up0_1000_s1024,cm1,stageB,0.2,0.4221,0.1,,1024,250,10,1,True,,0.393916,0.0009653459215974759,1.4217855106082007,0.02243135485986716,2.0866226201789604,0.011825226197352727,0.02690652923498264,0.13200783889964396,0.23863384799999998,0.05062316608036285,True,True,False,False,False,0.1999984658005633,0.2017525575878321,0.00339797160026567,"{""0.0000"": 1, ""0.0500"": 2, ""0.1000"": 1}"
c3_w2_tcop_cm1_states_L0.4_kp0_4221_up0_1000_s1024,cm1,stageB,0.2,0.4221,0.1,,1024,275,11,2,True,,0.3970279999999999,0.0002930482233513448,0.7841648636315347,0.024209063637426274,2.46073675135099,0.020462265605394762,0.029797825886133403,0.1440704430315484,0.23925680480000003,0.050121524478012436,True,True,False,False,False,0.1999984658005633,0.20214975104429733,0.00339797160026567,"{""0.0000"": 1, ""0.0500"": 1, ""0.1000"": 2}"
c3_w2_tcop_cm1_states_L0.4_kp0_4221_up0_1000_s1024,cm1,stageB,0.2,0.4221,0.1,,1024,300,12,0,False,EXITS_PRIMARY_BLOCK_SET,0.3933719999999999,0.0005922441548878413,0.9938815969101157,0.03011315216166829,3.1508932440502555,0.009436287248923118,0.032356983215754954,0.14845998152268092,0.2384684592,0.05040902316054141,True,True,False,False,False,0.1999984658005633,0.20130025814423091,0.00339797160026567,"{""0.0000"": 2, ""0.0500"": 1, ""0.1000"": 1}"
c3_w2_tcop_cm1_states_L0.4_kp0_4221_up0_1000_s31415,cm1,stageB,0.2,0.4221,0.1,,31415,0,0,0,False,PRE_PRIMARY_PHASE_IMBALANCE,0.38681599999999994,0.0005032774583291462,0.9220646415625707,0.04449546061228542,4.340816568522468,0.07709242115401986,0.08356480498080704,0.8489824597509348,0.236144528,0.04859899324060119,False,True,False,False,False,0.1999984658005633,0.20130025814423091,0.00339797160026567,"{""0.0000"": 2, ""0.0500"": 1, ""0.1000"": 1}"
c3_w2_tcop_cm1_states_L0.4_kp0_4221_up0_1000_s31415,cm1,stageB,0.2,0.4221,0.1,,31415,25,1,1,False,PRE_PRIMARY_PHASE_IMBALANCE,0.393568,0.0010229783862280824,1.3400506761802478,0.03586582388669352,3.796851449034825,0.011797260678289338,0.029598680090048204,0.15854947516426776,0.23853652799999991,0.049586987970636,True,True,False,False,False,0.1999984658005633,0.2017525575878321,0.00339797160026567,"{""0.0000"": 1, ""0.0500"": 2, ""0.1000"": 1}"
c3_w2_tcop_cm1_states_L0.4_kp0_4221_up0_1000_s31415,cm1,stageB,0.2,0.4221,0.1,,31415,50,2,2,False,PRE_PRIMARY_PHASE_IMBALANCE,0.3956479999999999,0.0011771621122782488,1.6759791296128248,0.02120547933506584,2.0543005468794218,0.0017435421919355359,0.030833759705075476,0.15771594913226927,0.2389618368,0.04912290805723944,True,True,False,False,False,0.1999984658005633,0.20214975104429733,0.00339797160026567,"{""0.0000"": 1, ""0.0500"": 1, ""0.1000"": 2}"
c3_w2_tcop_cm1_states_L0.4_kp0_4221_up0_1000_s31415,cm1,stageB,0.2,0.4221,0.1,,31415,75,3,0,True,,0.391188,0.0012548730619920553,1.6948498984275708,0.023537111053104957,2.6351294685528703,0.0067143742945884296,0.030739273538409242,0.1451987276061671,0.23801535199999996,0.04942133806363401,True,True,False,False,False,0.1999984658005633,0.20130025814423091,0.00339797160026567,"{""0.0000"": 2, ""0.0500"": 1, ""0.1000"": 1}"
c3_w2_tcop_cm1_states_L0.4_kp0_4221_up0_1000_s31415,cm1,stageB,0.2,0.4221,0.1,,31415,100,4,1,True,,0.393296,0.0006852540375518347,1.0690512285942024,0.024429522186879372,2.47212598046985,0.00992573116714099,0.03026736154894392,0.13323298448691828,0.23847255040000004,0.04861045550084879,True,True,False,False,False,0.1999984658005633,0.2017525575878321,0.00339797160026567,"{""0.0000"": 1, ""0.0500"": 2, ""0.1000"": 1}"
c3_w2_tcop_cm1_states_L0.4_kp0_4221_up0_1000_s31415,cm1,stageB,0.2,0.4221,0.1,,31415,125,5,2,True,,0.394932,0.0015224712327246844,2.0894638502253877,0.03197402277698734,3.4293572904772582,0.008522623077228252,0.030851371031621496,0.13268106881012157,0.23881226080000004,0.04869451073786448,True,True,False,False,False,0.1999984658005633,0.20214975104429733,0.00339797160026567,"{""0.0000"": 1, ""0.0500"": 1, ""0.1000"": 2}"
c3_w2_tcop_cm1_states_L0.4_kp0_4221_up0_1000_s31415,cm1,stageB,0.2,0.4221,0.1,,31415,150,6,0,True,,0.3907960000000001,0.0008837730390491786,1.5209269583170615,0.022614308647491962,2.1586049160396223,0.002565482388408499,0.031545496777103235,0.1463679256021864,0.2379225104,0.04848717752148499,True,True,False,False,False,0.1999984658005633,0.20130025814423091,0.00339797160026567,"{""0.0000"": 2, ""0.0500"": 1, ""0.1000"": 1}"
c3_w2_tcop_cm1_states_L0.4_kp0_4221_up0_1000_s31415,cm1,stageB,0.2,0.4221,0.1,,31415,175,7,1,True,,0.393228,0.0012506695794624184,1.728212848323021,0.026632700996673635,2.6455610469320576,0.012721220821768135,0.03028870241968956,0.16173822779217592,0.23845788319999997,0.04996178555656313,True,True,False,False,False,0.1999984658005633,0.2017525575878321,0.00339797160026567,"{""0.0000"": 1, ""0.0500"": 2, ""0.1000"": 1}"
c3_w2_tcop_cm1_states_L0.4_kp0_4221_up0_1000_s31415,cm1,stageB,0.2,0.4221,0.1,,31415,200,8,2,True,,0.39468400000000003,0.002895417978766325,3.0951346394399173,0.02329248404854438,2.459748730181523,0.01063336662072655,0.030421393709909605,0.1611415710767561,0.23876437600000003,0.04919451335260874,True,True,False,False,False,0.1999984658005633,0.20214975104429733,0.00339797160026567,"{""0.0000"": 1, ""0.0500"": 1, ""0.1000"": 2}"
c3_w2_tcop_cm1_states_L0.4_kp0_4221_up0_1000_s31415,cm1,stageB,0.2,0.4221,0.1,,31415,225,9,0,True,,0.3914640000000001,0.0016954948231581476,2.1459783863491886,0.01983993412756034,1.9771050562250607,0.01444323203690978,0.030311375690732785,0.1624670463632235,0.23807913920000004,0.04857176859040651,True,True,False,False,False,0.1999984658005633,0.20130025814423091,0.00339797160026567,"{""0.0000"": 2, ""0.0500"": 1, ""0.1000"": 1}"
c3_w2_tcop_cm1_states_L0.4_kp0_4221_up0_1000_s31415,cm1,stageB,0.2,0.4221,0.1,,31415,250,10,1,True,,0.394184,0.0007856615366445088,1.2122527594711239,0.0315210122528758,3.3905377833060006,0.015366543820160283,0.02836939345653291,0.1603312154721369,0.23867792000000002,0.049487110887583646,True,True,False,False,False,0.1999984658005633,0.2017525575878321,0.00339797160026567,"{""0.0000"": 1, ""0.0500"": 2, ""0.1000"": 1}"
c3_w2_tcop_cm1_states_L0.4_kp0_4221_up0_1000_s31415,cm1,stageB,0.2,0.4221,0.1,,31415,275,11,2,True,,0.395184,0.000723684244241908,0.93903990559581,0.02310026209119644,2.364916440257748,0.005132299929019763,0.027559716374555888,0.14980363539565467,0.23889498880000004,0.04918623937647602,True,True,False,False,False,0.1999984658005633,0.20214975104429733,0.00339797160026567,"{""0.0000"": 1, ""0.0500"": 1, ""0.1000"": 2}"
c3_w2_tcop_cm1_states_L0.4_kp0_4221_up0_1000_s31415,cm1,stageB,0.2,0.4221,0.1,,31415,300,12,0,False,EXITS_PRIMARY_BLOCK_SET,0.3931159999999999,-0.00023568612299550954,0.156929343375046,0.032599327539653215,3.1292056406818705,0.016382146725187063,0.026207701576669684,0.15059168247898422,0.23846966560000002,0.04938026472185016,True,True,False,False,False,0.1999984658005633,0.20130025814423091,0.00339797160026567,"{""0.0000"": 2, ""0.0500"": 1, ""0.1000"": 1}"
c3_w2_tcop_cm1_states_L0.4_kp0_4221_up0_2500_s42,cm1,stageB,0.2,0.4221,0.25,,42,0,0,0,False,PRE_PRIMARY_PHASE_IMBALANCE,0.3973239999999999,0.00047637280719461017,0.786783612516703,0.024786885374637527,2.2140495737011245,0.0729446451583139,0.09032267295406132,0.8617652070809588,0.23816973600000005,0.050101487243394284,False,True,False,False,False,0.1999984658005633,0.20271908996104354,0.006775069759044738,"{""0.0000"": 2, ""0.1250"": 1, ""0.2500"": 1}"
c3_w2_tcop_cm1_states_L0.4_kp0_4221_up0_2500_s42,cm1,stageB,0.2,0.4221,0.25,,42,25,1,1,False,PRE_PRIMARY_PHASE_IMBALANCE,0.405616,0.0009102725996528014,1.41565820578986,0.019532155961472522,1.922013224983095,0.03398193939059222,0.04024716318829749,0.17849394457197465,0.24082515840000002,0.04898633017485592,True,True,False,False,True,0.1999984658005633,0.20374594668176255,0.006775069759044738,"{""0.0000"": 1, ""0.1250"": 2, ""0.2500"": 1}"
c3_w2_tcop_cm1_states_L0.4_kp0_4221_up0_2500_s42,cm1,stageB,0.2,0.4221,0.25,,42,50,2,2,False,PRE_PRIMARY_PHASE_IMBALANCE,0.4115799999999999,0.0012255902859485183,1.6460814779284167,0.022552306251739353,2.2584335710288963,0.028492280132115626,0.04671512756130439,0.1972884975040369,0.24181222559999996,0.04838784558130275,True,True,False,False,False,0.1999984658005633,0.20441285740080473,0.006775069759044738,"{""0.0000"": 1, ""0.1250"": 1, ""0.2500"": 2}"
c3_w2_tcop_cm1_states_L0.4_kp0_4221_up0_2500_s42,cm1,stageB,0.2,0.4221,0.25,,42,75,3,0,True,,0.402336,0.0011234100668401892,1.6904382828214692,0.011587922998766483,1.2453911883311688,0.01142800986874372,0.05112665138943575,0.22568201645967043,0.24003861440000002,0.04876210725553193,True,True,False,False,True,0.1999984658005633,0.20271908996104354,0.006775069759044738,"{""0.0000"": 2, ""0.1250"": 1, ""0.2500"": 1}"
c3_w2_tcop_cm1_states_L0.4_kp0_4221_up0_2500_s42,cm1,stageB,0.2,0.4221,0.25,,42,100,4,1,True,,0.40641599999999994,0.0011574535027766585,1.4589442202225194,0.015109117087410681,1.4845072044927967,0.04014692235299971,0.046839847570660474,0.22341640037937383,0.24087964799999997,0.0488904381653509,True,True,False,False,True,0.1999984658005633,0.20374594668176255,0.006775069759044738,"{""0.0000"": 1, ""0.1250"": 2, ""0.2500"": 1}"
c3_w2_tcop_cm1_states_L0.4_kp0_4221_up0_2500_s42,cm1,stageB,0.2,0.4221,0.25,,42,125,5,2,True,,0.4111119999999999,-7.982177971649816e-05,0.2205847086157164,0.027608090723370945,2.5715311827741965,0.0022185954360425704,0.04918164760998359,0.2208643867830071,0.24169010879999997,0.04921994977648799,True,True,False,False,False,0.1999984658005633,0.20441285740080473,0.006775069759044738,"{""0.0000"": 1, ""0.1250"": 1, ""0.2500"": 2}"
c3_w2_tcop_cm1_states_L0.4_kp0_4221_up0_2500_s42,cm1,stageB,0.2,0.4221,0.25,,42,150,6,0,True,,0.40135600000000005,0.0003257943279648354,0.7102225923515826,0.03378474443650511,3.389221752546866,0.023339421158110864,0.04792534741723153,0.19035469710094108,0.23989937119999996,0.04895591143059232,True,True,False,False,False,0.1999984658005633,0.20271908996104354,0.006775069759044738,"{""0.0000"": 2, ""0.1250"": 1, ""0.2500"": 1}"
c3_w2_tcop_cm1_states_L0.4_kp0_4221_up0_2500_s42,cm1,stageB,0.2,0.4221,0.25,,42,175,7,1,True,,0.406064,0.00021684338609868317,0.5522781659258248,0.04142038663237357,4.008889270120297,0.030066838912151398,0.04151531189296155,0.16844635286938428,0.24089184,0.049355322955077496,True,True,False,False,False,0.1999984658005633,0.20374594668176255,0.006775069759044738,"{""0.0000"": 1, ""0.1250"": 2, ""0.2500"": 1}"
c3_w2_tcop_cm1_states_L0.4_kp0_4221_up0_2500_s42,cm1,stageB,0.2,0.4221,0.25,,42,200,8,2,True,,0.41053999999999996,0.00020359434874627652,0.6093307466490548,0.040252835226958515,3.921913412569605,0.013676819492551465,0.04384780457100397,0.1705071365262651,0.2416728624,0.0487818449835592,True,True,False,False,False,0.1999984658005633,0.20441285740080473,0.006775069759044738,"{""0.0000"": 1, ""0.1250"": 1, ""0.2500"": 2}"
c3_w2_tcop_cm1_states_L0.4_kp0_4221_up0_2500_s42,cm1,stageB,0.2,0.4221,0.25,,42,225,9,0,True,,0.40256000000000003,0.000662295440262245,1.0598678506142543,0.04936107802890974,5.349965164393796,0.02023056036667711,0.044480711749208465,0.17686804407574505,0.24018481599999997,0.049284545244934544,True,True,False,False,False,0.1999984658005633,0.20271908996104354,0.006775069759044738,"{""0.0000"": 2, ""0.1250"": 1, ""0.2500"": 1}"
c3_w2_tcop_cm1_states_L0.4_kp0_4221_up0_2500_s42,cm1,stageB,0.2,0.4221,0.25,,42,250,10,1,True,,0.40665999999999997,-0.0009602632006303489,-0.6724226982036778,0.0272027310811178,2.6601980379689754,0.026615360039390912,0.03922062074413535,0.16623223290652575,0.24103325920000004,0.04987027571610167,True,True,False,False,False,0.1999984658005633,0.20374594668176255,0.006775069759044738,"{""0.0000"": 1, ""0.1250"": 2, ""0.2500"": 1}"
c3_w2_tcop_cm1_states_L0.4_kp0_4221_up0_2500_s42,cm1,stageB,0.2,0.4221,0.25,,42,275,11,2,True,,0.41119600000000006,-0.0011297782329466057,-0.6775019109928947,0.01526062813228369,1.5582347374709262,0.013293092815512825,0.04249945367839009,0.17704452334885418,0.2418084528,0.0483326968417861,True,True,False,False,True,0.1999984658005633,0.20441285740080473,0.006775069759044738,"{""0.0000"": 1, ""0.1250"": 1, ""0.2500"": 2}"
c3_w2_tcop_cm1_states_L0.4_kp0_4221_up0_2500_s42,cm1,stageB,0.2,0.4221,0.25,,42,300,12,0,False,EXITS_PRIMARY_BLOCK_SET,0.4027359999999999,-0.001805113777790677,-1.4559951362559083,0.023748278686286674,2.4208539182167517,0.005843022013649078,0.0454336801715331,0.18970243487122468,0.2402049056,0.048270428877315766,True,True,False,False,False,0.1999984658005633,0.20271908996104354,0.006775069759044738,"{""0.0000"": 2, ""0.1250"": 1, ""0.2500"": 1}"
c3_w2_tcop_cm1_states_L0.4_kp0_4221_up0_2500_s137,cm1,stageB,0.2,0.4221,0.25,,137,0,0,0,False,PRE_PRIMARY_PHASE_IMBALANCE,0.398552,0.0006630176306815943,1.1382512109658507,0.019652645021513027,1.9634088327589148,0.06930820124581255,0.08898868040451446,0.8721572069086161,0.23845042240000003,0.048680830888554065,False,True,False,False,True,0.1999984658005633,0.20271908996104354,0.006775069759044738,"{""0.0000"": 2, ""0.1250"": 1, ""0.2500"": 1}"
c3_w2_tcop_cm1_states_L0.4_kp0_4221_up0_2500_s137,cm1,stageB,0.2,0.4221,0.25,,137,25,1,1,False,PRE_PRIMARY_PHASE_IMBALANCE,0.406012,-3.4997015543150383e-06,0.4547471313737801,0.017007826322604423,1.840219257681951,0.031876728277851145,0.04070632870231437,0.20492005111937564,0.24089310560000005,0.048311239437629834,True,True,False,False,True,0.1999984658005633,0.20374594668176255,0.006775069759044738,"{""0.0000"": 1, ""0.1250"": 2, ""0.2500"": 1}"
c3_w2_tcop_cm1_states_L0.4_kp0_4221_up0_2500_s137,cm1,stageB,0.2,0.4221,0.25,,137,50,2,2,False,PRE_PRIMARY_PHASE_IMBALANCE,0.4108879999999999,0.0011944901456147348,1.5575483272900854,0.017942863836378352,1.7591343670788742,0.013908830346081381,0.044144946531590304,0.2024882688165917,0.24173004160000006,0.04913666101802198,True,True,False,False,True,0.1999984658005633,0.20441285740080473,0.006775069759044738,"{""0.0000"": 1, ""0.1250"": 1, ""0.2500"": 2}"
c3_w2_tcop_cm1_states_L0.4_kp0_4221_up0_2500_s137,cm1,stageB,0.2,0.4221,0.25,,137,75,3,0,True,,0.40168800000000005,0.0024133919418058993,2.6192964188794647,0.025648579666415865,2.4759563216892695,0.01095168365756478,0.046429079623678274,0.18820577117512652,0.23998692800000002,0.04856779443211314,True,True,False,False,False,0.1999984658005633,0.20271908996104354,0.006775069759044738,"{""0.0000"": 2, ""0.1250"": 1, ""0.2500"": 1}"
c3_w2_tcop_cm1_states_L0.4_kp0_4221_up0_2500_s137,cm1,stageB,0.2,0.4221,0.25,,137,100,4,1,True,,0.40602399999999994,0.0018297900413335962,2.2390923613644924,0.033523942720289794,3.6889938751282827,0.02713411444406451,0.04131344155598549,0.17634425507766965,0.24088713599999997,0.04821152791604929,True,True,False,False,False,0.1999984658005633,0.20374594668176255,0.006775069759044738,"{""0.0000"": 1, ""0.1250"": 2, ""0.2500"": 1}"
c3_w2_tcop_cm1_states_L0.4_kp0_4221_up0_2500_s137,cm1,stageB,0.2,0.4221,0.25,,137,125,5,2,True,,0.4104919999999999,0.001633608436613155,2.27940061145766,0.04012514771505782,3.8550756472962733,0.015143733916909407,0.04324097475742485,0.1822203595143867,0.2416732528,0.047538173460914546,True,True,False,False,False,0.1999984658005633,0.20441285740080473,0.006775069759044738,"{""0.0000"": 1, ""0.1250"": 1, ""0.2500"": 2}"
c3_w2_tcop_cm1_states_L0.4_kp0_4221_up0_2500_s137,cm1,stageB,0.2,0.4221,0.25,,137,150,6,0,True,,0.4010799999999999,0.002060135001924589,2.4919890256492527,0.035950217625488654,3.980386467480041,0.011826454382185467,0.045752714134523614,0.18649645909420448,0.2398780928,0.04888551523713338,True,True,False,False,False,0.1999984658005633,0.20271908996104354,0.006775069759044738,"{""0.0000"": 2, ""0.1250"": 1, ""0.2500"": 1}"
c3_w2_tcop_cm1_states_L0.4_kp0_4221_up0_2500_s137,cm1,stageB,0.2,0.4221,0.25,,137,175,7,1,True,,0.40544800000000003,0.000581445071686226,0.9087771829481953,0.0355835159082289,3.8816424479208074,0.03522382181584493,0.039488601414068174,0.18054103071037209,0.2408035808,0.04952008982221256,True,True,False,False,False,0.1999984658005633,0.20374594668176255,0.006775069759044738,"{""0.0000"": 1, ""0.1250"": 2, ""0.2500"": 1}"
c3_w2_tcop_cm1_states_L0.4_kp0_4221_up0_2500_s137,cm1,stageB,0.2,0.4221,0.25,,137,200,8,2,True,,0.4098319999999999,0.00016341425652038815,0.5362257687787124,0.04558417465200846,4.53500285496338,0.022960386126849204,0.045466168243255084,0.19910597464544993,0.24152252479999997,0.04813368649916605,True,True,False,False,False,0.1999984658005633,0.20441285740080473,0.006775069759044738,"{""0.0000"": 1, ""0.1250"": 1, ""0.2500"": 2}"
c3_w2_tcop_cm1_states_L0.4_kp0_4221_up0_2500_s137,cm1,stageB,0.2,0.4221,0.25,,137,225,9,0,True,,0.401432,0.0010680742970679686,1.6206732886691746,0.0463507813651434,5.006306460416698,0.02432814669815241,0.046235807570743664,0.20327228471254835,0.23993985599999995,0.04882160767529066,True,True,False,False,False,0.1999984658005633,0.20271908996104354,0.006775069759044738,"{""0.0000"": 2, ""0.1250"": 1, ""0.2500"": 1}"
c3_w2_tcop_cm1_states_L0.4_kp0_4221_up0_2500_s137,cm1,stageB,0.2,0.4221,0.25,,137,250,10,1,True,,0.4056159999999999,0.00023904668179839744,0.6360977835646571,0.017967844563998196,1.7966010560510557,0.031514334346556226,0.04018041739519235,0.19230010603058045,0.24082604159999996,0.04894303366159478,True,True,False,False,True,0.1999984658005633,0.20374594668176255,0.006775069759044738,"{""0.0000"": 1, ""0.1250"": 2, ""0.2500"": 1}"
c3_w2_tcop_cm1_states_L0.4_kp0_4221_up0_2500_s137,cm1,stageB,0.2,0.4221,0.25,,137,275,11,2,True,,0.410916,0.0011671010610420007,1.6229806174831738,0.008498452431770952,1.1623095286260166,0.022297589340222412,0.045578028297813544,0.18981981672697143,0.2417132752,0.04865799979448395,True,True,False,False,True,0.1999984658005633,0.20441285740080473,0.006775069759044738,"{""0.0000"": 1, ""0.1250"": 1, ""0.2500"": 2}"
c3_w2_tcop_cm1_states_L0.4_kp0_4221_up0_2500_s137,cm1,stageB,0.2,0.4221,0.25,,137,300,12,0,False,EXITS_PRIMARY_BLOCK_SET,0.4016520000000001,0.0020018740509695683,2.5888846937695233,0.022545012305131694,2.3112795055516324,0.012870337821854528,0.04710611862663114,0.18523497907333963,0.23996969439999996,0.04825215949571583,True,True,False,False,False,0.1999984658005633,0.20271908996104354,0.006775069759044738,"{""0.0000"": 2, ""0.1250"": 1, ""0.2500"": 1}"
c3_w2_tcop_cm1_states_L0.4_kp0_4221_up0_2500_s256,cm1,stageB,0.2,0.4221,0.25,,256,0,0,0,False,PRE_PRIMARY_PHASE_IMBALANCE,0.39913599999999994,0.0006680303165696044,0.9702277922996174,0.04158752908125436,4.180967381607216,0.08216126651009652,0.09225563728801285,0.868876771654582,0.2384705536,0.047963877074314994,False,True,False,False,False,0.1999984658005633,0.20271908996104354,0.006775069759044738,"{""0.0000"": 2, ""0.1250"": 1, ""0.2500"": 1}"
c3_w2_tcop_cm1_states_L0.4_kp0_4221_up0_2500_s256,cm1,stageB,0.2,0.4221,0.25,,256,25,1,1,False,PRE_PRIMARY_PHASE_IMBALANCE,0.40764399999999995,0.0005124648662578783,0.782390351110056,0.03763406451290745,3.474563405027402,0.04432604645319532,0.04224200488416036,0.18545593658816042,0.2411738512,0.04706091014844486,True,True,False,False,False,0.1999984658005633,0.20374594668176255,0.006775069759044738,"{""0.0000"": 1, ""0.1250"": 2, ""0.2500"": 1}"
c3_w2_tcop_cm1_states_L0.4_kp0_4221_up0_2500_s256,cm1,stageB,0.2,0.4221,0.25,,256,50,2,2,False,PRE_PRIMARY_PHASE_IMBALANCE,0.41115999999999986,0.0010841373394979144,1.4094871867565684,0.04686929586208857,4.70178144313472,0.00850556889402152,0.043902172176563885,0.18387002581994843,0.24178162239999995,0.04685909090027249,True,True,False,False,False,0.1999984658005633,0.20441285740080473,0.006775069759044738,"{""0.0000"": 1, ""0.1250"": 1, ""0.2500"": 2}"
c3_w2_tcop_cm1_states_L0.4_kp0_4221_up0_2500_s256,cm1,stageB,0.2,0.4221,0.25,,256,75,3,0,True,,0.40110400000000007,0.0009792476826746895,1.474169654665692,0.02450975368015285,2.4449525689499216,0.0005660943438719224,0.044278269340833724,0.1884797952937896,0.23990415680000002,0.04877603083482705,True,True,False,False,False,0.1999984658005633,0.20271908996104354,0.006775069759044738,"{""0.0000"": 2, ""0.1250"": 1, ""0.2500"": 1}"
c3_w2_tcop_cm1_states_L0.4_kp0_4221_up0_2500_s256,cm1,stageB,0.2,0.4221,0.25,,256,100,4,1,True,,0.405364,0.00012106808851417456,0.3273233668354078,0.01805269881503442,1.7884747525998534,0.029720263078997958,0.04073380200664546,0.1864990473093342,0.24077138080000002,0.04927786018081548,True,True,False,False,True,0.1999984658005633,0.20374594668176255,0.006775069759044738,"{""0.0000"": 1, ""0.1250"": 2, ""0.2500"": 1}"
c3_w2_tcop_cm1_states_L0.4_kp0_4221_up0_2500_s256,cm1,stageB,0.2,0.4221,0.25,,256,125,5,2,True,,0.41043999999999997,0.00031781640667403706,0.6727192560796799,0.015619050403733578,1.5903484151357967,0.029645689377331665,0.04525619050168261,0.22220056470568034,0.2416339776,0.049068588730469924,True,True,False,False,True,0.1999984658005633,0.20441285740080473,0.006775069759044738,"{""0.0000"": 1, ""0.1250"": 1, ""0.2500"": 2}"
c3_w2_tcop_cm1_states_L0.4_kp0_4221_up0_2500_s256,cm1,stageB,0.2,0.4221,0.25,,256,150,6,0,True,,0.402476,5.5752074722309785e-05,0.5629195341086808,0.028678498522263052,2.849570996585203,0.02108460773754413,0.048113066172539576,0.22659736176418627,0.2401140912,0.04946826683844907,True,True,False,False,False,0.1999984658005633,0.20271908996104354,0.006775069759044738,"{""0.0000"": 2, ""0.1250"": 1, ""0.2500"": 1}"
c3_w2_tcop_cm1_states_L0.4_kp0_4221_up0_2500_s256,cm1,stageB,0.2,0.4221,0.25,,256,175,7,1,True,,0.407068,0.000535324733769203,0.8926895811155395,0.02179138094368174,2.320585762692045,0.04063275420512105,0.040875105687493904,0.20242318187029387,0.24108678880000003,0.04917401118477117,True,True,False,False,False,0.1999984658005633,0.20374594668176255,0.006775069759044738,"{""0.0000"": 1, ""0.1250"": 2, ""0.2500"": 1}"
c3_w2_tcop_cm1_states_L0.4_kp0_4221_up0_2500_s256,cm1,stageB,0.2,0.4221,0.25,,256,200,8,2,True,,0.41156800000000004,-1.1291403630426367e-05,0.36227528545329757,0.020680544463457226,2.108103289468602,0.011252145674731678,0.043828527483009146,0.20020992837098617,0.24185439679999998,0.04847784417648953,True,True,False,False,False,0.1999984658005633,0.20441285740080473,0.006775069759044738,"{""0.0000"": 1, ""0.1250"": 1, ""0.2500"": 2}"
c3_w2_tcop_cm1_states_L0.4_kp0_4221_up0_2500_s256,cm1,stageB,0.2,0.4221,0.25,,256,225,9,0,True,,0.401904,-0.0016768868355866618,-1.2155212113927758,0.026639643589490444,2.7223932573115914,0.005861090095382847,0.046496791556335695,0.20004777210466243,0.24002796159999998,0.048415439520880114,True,True,False,False,False,0.1999984658005633,0.20271908996104354,0.006775069759044738,"{""0.0000"": 2, ""0.1250"": 1, ""0.2500"": 1}"
c3_w2_tcop_cm1_states_L0.4_kp0_4221_up0_2500_s256,cm1,stageB,0.2,0.4221,0.25,,256,250,10,1,True,,0.40525999999999995,0.0001335807626077106,0.5262386254061229,0.02011131755259552,2.0760785533875126,0.046611185210199454,0.04131725019794001,0.19839115580518402,0.2407439632,0.04886033565173289,True,True,False,False,False,0.1999984658005633,0.20374594668176255,0.006775069759044738,"{""0.0000"": 1, ""0.1250"": 2, ""0.2500"": 1}"
c3_w2_tcop_cm1_states_L0.4_kp0_4221_up0_2500_s256,cm1,stageB,0.2,0.4221,0.25,,256,275,11,2,True,,0.41038800000000003,-0.0010196445177157378,-0.575369563233664,0.03555346528176889,3.384802501059098,0.0159465052815775,0.046990941525215296,0.20663372173008546,0.2415977968,0.04875704519348973,True,True,False,False,False,0.1999984658005633,0.20441285740080473,0.006775069759044738,"{""0.0000"": 1, ""0.1250"": 1, ""0.2500"": 2}"
c3_w2_tcop_cm1_states_L0.4_kp0_4221_up0_2500_s256,cm1,stageB,0.2,0.4221,0.25,,256,300,12,0,False,EXITS_PRIMARY_BLOCK_SET,0.40106400000000003,-7.993141571362165e-05,0.26528474971967475,0.038292115896571034,3.6375662737238024,0.022732211528430676,0.04757548677855538,0.21143757552052156,0.23984759040000003,0.04896762097549768,True,True,False,False,False,0.1999984658005633,0.20271908996104354,0.006775069759044738,"{""0.0000"": 2, ""0.1250"": 1, ""0.2500"": 1}"
c3_w2_tcop_cm1_states_L0.4_kp0_4221_up0_2500_s1024,cm1,stageB,0.2,0.4221,0.25,,1024,0,0,0,False,PRE_PRIMARY_PHASE_IMBALANCE,0.396988,0.0007177764533609522,1.132764964178546,0.03579502374007628,3.5402699905535573,0.06893371214425828,0.08939296366653306,0.8524187107609834,0.2381291344,0.04856591249014065,False,True,False,False,False,0.1999984658005633,0.20271908996104354,0.006775069759044738,"{""0.0000"": 2, ""0.1250"": 1, ""0.2500"": 1}"
c3_w2_tcop_cm1_states_L0.4_kp0_4221_up0_2500_s1024,cm1,stageB,0.2,0.4221,0.25,,1024,25,1,1,False,PRE_PRIMARY_PHASE_IMBALANCE,0.40562400000000004,0.0013254190330691839,1.6069913866009264,0.02771752303891186,2.6828620973147435,0.027079212203322642,0.03948650295109213,0.17454588442856964,0.2408366368,0.04833684540803216,True,True,False,False,False,0.1999984658005633,0.20374594668176255,0.006775069759044738,"{""0.0000"": 1, ""0.1250"": 2, ""0.2500"": 1}"
c3_w2_tcop_cm1_states_L0.4_kp0_4221_up0_2500_s1024,cm1,stageB,0.2,0.4221,0.25,,1024,50,2,2,False,PRE_PRIMARY_PHASE_IMBALANCE,0.410812,0.0008197606515688553,1.2286514911595758,0.02346995854729206,2.3039661222812144,0.025487490704307676,0.044480821315700955,0.1781836942976747,0.2417115888,0.04872063891206682,True,True,False,False,False,0.1999984658005633,0.20441285740080473,0.006775069759044738,"{""0.0000"": 1, ""0.1250"": 1, ""0.2500"": 2}"
c3_w2_tcop_cm1_states_L0.4_kp0_4221_up0_2500_s1024,cm1,stageB,0.2,0.4221,0.25,,1024,75,3,0,True,,0.40332799999999996,0.00024401254210913712,0.7467359092842111,0.024812064097677996,2.3941667370573922,0.03324277198913683,0.0461718124293715,0.2043002216451618,0.24030773120000004,0.04875289136041062,True,True,False,False,False,0.1999984658005633,0.20271908996104354,0.006775069759044738,"{""0.0000"": 2, ""0.1250"": 1, ""0.2500"": 1}"
c3_w2_tcop_cm1_states_L0.4_kp0_4221_up0_2500_s1024,cm1,stageB,0.2,0.4221,0.25,,1024,100,4,1,True,,0.40732399999999996,-0.00015911667192306363,0.2735079508953273,0.018878009939305655,1.779492004072656,0.04567965697180744,0.038904745030043826,0.20229596045826925,0.24116003679999998,0.04949099942413772,True,True,False,False,True,0.1999984658005633,0.20374594668176255,0.006775069759044738,"{""0.0000"": 1, ""0.1250"": 2, ""0.2500"": 1}"
c3_w2_tcop_cm1_states_L0.4_kp0_4221_up0_2500_s1024,cm1,stageB,0.2,0.4221,0.25,,1024,125,5,2,True,,0.41092,-0.0008751592262180405,-0.5121929899263101,0.04000966905787411,3.977198855225506,0.006720812238140368,0.043123627779155495,0.20636620216498047,0.24175074239999997,0.048831481648625004,True,True,False,False,False,0.1999984658005633,0.20441285740080473,0.006775069759044738,"{""0.0000"": 1, ""0.1250"": 1, ""0.2500"": 2}"
c3_w2_tcop_cm1_states_L0.4_kp0_4221_up0_2500_s1024,cm1,stageB,0.2,0.4221,0.25,,1024,150,6,0,True,,0.4017359999999999,-0.00042870726649748203,0.012544293639275035,0.05063323678788827,5.219800145112159,0.001911894392757927,0.043610552012684774,0.21108389536640007,0.2400372384,0.049426574876274804,True,True,False,False,False,0.1999984658005633,0.20271908996104354,0.006775069759044738,"{""0.0000"": 2, ""0.1250"": 1, ""0.2500"": 1}"
c3_w2_tcop_cm1_states_L0.4_kp0_4221_up0_2500_s1024,cm1,stageB,0.2,0.4221,0.25,,1024,175,7,1,True,,0.404524,0.00028668966796070033,0.6487095147132995,0.035496506012275206,3.5583648141950226,0.026212388703323042,0.03989104211867372,0.172054068060105,0.24062393440000004,0.048658539065615194,True,True,False,False,False,0.1999984658005633,0.20374594668176255,0.006775069759044738,"{""0.0000"": 1, ""0.1250"": 2, ""0.2500"": 1}"
c3_w2_tcop_cm1_states_L0.4_kp0_4221_up0_2500_s1024,cm1,stageB,0.2,0.4221,0.25,,1024,200,8,2,True,,0.40979199999999993,-0.00024590762290319264,0.0859129381068918,0.03496434551627266,3.6575929146076382,0.017973451213493773,0.043093564315894624,0.16984226102549035,0.24155066239999998,0.049382959976088915,True,True,False,False,False,0.1999984658005633,0.20441285740080473,0.006775069759044738,"{""0.0000"": 1, ""0.1250"": 1, ""0.2500"": 2}"
c3_w2_tcop_cm1_states_L0.4_kp0_4221_up0_2500_s1024,cm1,stageB,0.2,0.4221,0.25,,1024,225,9,0,True,,0.40106,1.670963220771403e-05,0.3845943125528699,0.023870413561283506,2.6886307432786007,0.008083588970070556,0.04525416037466475,0.17952426026149637,0.23988146720000006,0.04952450302627983,True,True,False,False,False,0.1999984658005633,0.20271908996104354,0.006775069759044738,"{""0.0000"": 2, ""0.1250"": 1, ""0.2500"": 1}"
c3_w2_tcop_cm1_states_L0.4_kp0_4221_up0_2500_s1024,cm1,stageB,0.2,0.4221,0.25,,1024,250,10,1,True,,0.405704,-0.00011066305886870304,0.2922655107756367,0.01851516247501223,1.6954585974418224,0.029553958024440562,0.04060246572938768,0.17746928751634372,0.24083691840000004,0.049700144708038824,True,True,False,False,True,0.1999984658005633,0.20374594668176255,0.006775069759044738,"{""0.0000"": 1, ""0.1250"": 2, ""0.2500"": 1}"
c3_w2_tcop_cm1_states_L0.4_kp0_4221_up0_2500_s1024,cm1,stageB,0.2,0.4221,0.25,,1024,275,11,2,True,,0.41159599999999996,-0.0006278943853503114,-0.21085967894542365,0.020008851494398364,1.977061217045742,0.03028728797746837,0.04691648872487878,0.20019630851564088,0.241811832,0.04908739944221938,True,True,False,False,True,0.1999984658005633,0.20441285740080473,0.006775069759044738,"{""0.0000"": 1, ""0.1250"": 1, ""0.2500"": 2}"
c3_w2_tcop_cm1_states_L0.4_kp0_4221_up0_2500_s1024,cm1,stageB,0.2,0.4221,0.25,,1024,300,12,0,False,EXITS_PRIMARY_BLOCK_SET,0.402556,-8.427051285295871e-05,0.3234987835737506,0.029186133190118778,3.0180683290903674,0.019390645183943577,0.05120201364242313,0.20767296920758113,0.24007982560000002,0.04978420295635956,True,True,False,False,False,0.1999984658005633,0.20271908996104354,0.006775069759044738,"{""0.0000"": 2, ""0.1250"": 1, ""0.2500"": 1}"
c3_w2_tcop_cm1_states_L0.4_kp0_4221_up0_2500_s31415,cm1,stageB,0.2,0.4221,0.25,,31415,0,0,0,False,PRE_PRIMARY_PHASE_IMBALANCE,0.39547999999999994,0.00030139115707878035,0.7151294524198007,0.04001384362172944,4.003200445925992,0.08986516106385527,0.0931698643452746,0.8961262240919233,0.23771788159999996,0.048090431480701024,False,True,False,False,False,0.1999984658005633,0.20271908996104354,0.006775069759044738,"{""0.0000"": 2, ""0.1250"": 1, ""0.2500"": 1}"
c3_w2_tcop_cm1_states_L0.4_kp0_4221_up0_2500_s31415,cm1,stageB,0.2,0.4221,0.25,,31415,25,1,1,False,PRE_PRIMARY_PHASE_IMBALANCE,0.405044,0.0006415368002032554,0.9272527652512652,0.03222681119523148,3.471890682466944,0.029864631050207795,0.04351462016828159,0.21824789351712934,0.2406727056,0.04859668778836681,True,True,False,False,False,0.1999984658005633,0.20374594668176255,0.006775069759044738,"{""0.0000"": 1, ""0.1250"": 2, ""0.2500"": 1}"
c3_w2_tcop_cm1_states_L0.4_kp0_4221_up0_2500_s31415,cm1,stageB,0.2,0.4221,0.25,,31415,50,2,2,False,PRE_PRIMARY_PHASE_IMBALANCE,0.410096,0.0005638963418207058,1.015126002878827,0.020258563991887232,2.0297253719205184,0.007752716261657873,0.046708878351236466,0.21555928315428763,0.24155035199999997,0.04838667981996698,True,True,False,False,False,0.1999984658005633,0.20441285740080473,0.006775069759044738,"{""0.0000"": 1, ""0.1250"": 1, ""0.2500"": 2}"
c3_w2_tcop_cm1_states_L0.4_kp0_4221_up0_2500_s31415,cm1,stageB,0.2,0.4221,0.25,,31415,75,3,0,True,,0.400184,0.0008347089197268742,1.2699284826203292,0.02137590827302981,2.444859316250933,0.017087849117643404,0.047913837518806845,0.2049057428460265,0.23966911039999997,0.049077552343204725,True,True,False,False,False,0.1999984658005633,0.20271908996104354,0.006775069759044738,"{""0.0000"": 2, ""0.1250"": 1, ""0.2500"": 1}"
c3_w2_tcop_cm1_states_L0.4_kp0_4221_up0_2500_s31415,cm1,stageB,0.2,0.4221,0.25,,31415,100,4,1,True,,0.404852,0.000271169092469162,0.6767586872085776,0.0205726430246935,2.0264501283567067,0.029493429742007787,0.043681377517098434,0.19167498198928254,0.24063411680000002,0.04799935516233525,True,True,False,False,False,0.1999984658005633,0.20374594668176255,0.006775069759044738,"{""0.0000"": 1, ""0.1250"": 2, ""0.2500"": 1}"
c3_w2_tcop_cm1_states_L0.4_kp0_4221_up0_2500_s31415,cm1,stageB,0.2,0.4221,0.25,,31415,125,5,2,True,,0.40953600000000007,0.0010333570752101575,1.5199128039280765,0.03405050442758614,3.498205361751625,0.01979335293910004,0.047144434723893874,0.18948273121414785,0.2414434912,0.04784751512879221,True,True,False,False,False,0.1999984658005633,0.20441285740080473,0.006775069759044738,"{""0.0000"": 1, ""0.1250"": 1, ""0.2500"": 2}"
c3_w2_tcop_cm1_states_L0.4_kp0_4221_up0_2500_s31415,cm1,stageB,0.2,0.4221,0.25,,31415,150,6,0,True,,0.3999960000000001,0.0006378094074521167,1.2822468460882053,0.025978519103693185,2.523750085933132,0.00737541126942724,0.04996338473387359,0.20100200951759004,0.23959979360000003,0.047748926521964864,True,True,False,False,False,0.1999984658005633,0.20271908996104354,0.006775069759044738,"{""0.0000"": 2, ""0.1250"": 1, ""0.2500"": 1}"
c3_w2_tcop_cm1_states_L0.4_kp0_4221_up0_2500_s31415,cm1,stageB,0.2,0.4221,0.25,,31415,175,7,1,True,,0.404976,0.00062881773049854,1.083573756160099,0.029234461600924688,2.9099511122412487,0.032693799108362155,0.044191142709271124,0.19853028278581863,0.24065016000000003,0.04897468145889262,True,True,False,False,False,0.1999984658005633,0.20374594668176255,0.006775069759044738,"{""0.0000"": 1, ""0.1250"": 2, ""0.2500"": 1}"
c3_w2_tcop_cm1_states_L0.4_kp0_4221_up0_2500_s31415,cm1,stageB,0.2,0.4221,0.25,,31415,200,8,2,True,,0.40922800000000004,0.00176337658227277,2.008291585358411,0.017619204305138806,1.793162635142408,0.016344797664242294,0.04693333982706973,0.19646749441272948,0.24139155680000002,0.04821788066682318,True,True,False,False,False,0.1999984658005633,0.20441285740080473,0.006775069759044738,"{""0.0000"": 1, ""0.1250"": 1, ""0.2500"": 2}"
c3_w2_tcop_cm1_states_L0.4_kp0_4221_up0_2500_s31415,cm1,stageB,0.2,0.4221,0.25,,31415,225,9,0,True,,0.40043600000000007,0.0008375070485492181,1.2475631051380836,0.01587958084580327,1.5868400056527228,0.022979452789056283,0.04778557554438708,0.19678550330942887,0.23972085920000002,0.04802842808171011,True,True,False,False,True,0.1999984658005633,0.20271908996104354,0.006775069759044738,"{""0.0000"": 2, ""0.1250"": 1, ""0.2500"": 1}"
c3_w2_tcop_cm1_states_L0.4_kp0_4221_up0_2500_s31415,cm1,stageB,0.2,0.4221,0.25,,31415,250,10,1,True,,0.4061039999999999,0.00012245684656800277,0.5285945113058499,0.02927289782563615,3.2109897121345363,0.03052961751042207,0.04129562501403566,0.19305399554534317,0.2409022976,0.048663139890475625,True,True,False,False,False,0.1999984658005633,0.20374594668176255,0.006775069759044738,"{""0.0000"": 1, ""0.1250"": 2, ""0.2500"": 1}"
c3_w2_tcop_cm1_states_L0.4_kp0_4221_up0_2500_s31415,cm1,stageB,0.2,0.4221,0.25,,31415,275,11,2,True,,0.41030400000000006,-0.0004148511494852437,-0.09501111345676082,0.02113550403394361,2.105078903052127,0.020884166044699233,0.0444413979192092,0.18620339995173482,0.24162213119999998,0.04811390219053117,True,True,False,False,False,0.1999984658005633,0.20441285740080473,0.006775069759044738,"{""0.0000"": 1, ""0.1250"": 1, ""0.2500"": 2}"
c3_w2_tcop_cm1_states_L0.4_kp0_4221_up0_2500_s31415,cm1,stageB,0.2,0.4221,0.25,,31415,300,12,0,False,EXITS_PRIMARY_BLOCK_SET,0.40285599999999994,-0.0008235880969419764,-0.4057927660597396,0.028823625280673552,2.7788609152100205,0.025260980669281962,0.04402481471200224,0.18368846390847238,0.2402484896,0.04884673237791859,True,True,False,False,False,0.1999984658005633,0.20271908996104354,0.006775069759044738,"{""0.0000"": 2, ""0.1250"": 1, ""0.2500"": 1}"
c3_w2_tcop_cm1_states_L0.4_kp0_4221_up0_5000_s42,cm1,stageB,0.2,0.4221,0.5,,42,0,0,0,False,PRE_PRIMARY_PHASE_IMBALANCE,0.41090399999999994,-0.0004506081678699708,-0.08106608941248461,0.0213835035560528,1.9183287537865428,0.0887887396473334,0.11047583910535322,0.9189494360752162,0.24000120000000003,0.048885813729547346,False,True,False,False,True,0.1999984658005633,0.2035744587592896,0.0075289020758604885,"{""0.0000"": 2, ""0.2500"": 1, ""0.5000"": 1}"
c3_w2_tcop_cm1_states_L0.4_kp0_4221_up0_5000_s42,cm1,stageB,0.2,0.4221,0.5,,42,25,1,1,False,PRE_PRIMARY_PHASE_IMBALANCE,0.4240480000000001,-0.0003194960388925712,0.12549343596176374,0.019216218789873465,1.9058802286966208,0.058576208009034854,0.06502628249280316,0.2537448584741707,0.24347095360000004,0.047421658511696954,False,True,False,False,True,0.1999984658005633,0.20526822619905077,0.0075289020758604885,"{""0.0000"": 1, ""0.2500"": 2, ""0.5000"": 1}"
c3_w2_tcop_cm1_states_L0.4_kp0_4221_up0_5000_s42,cm1,stageB,0.2,0.4221,0.5,,42,50,2,2,False,PRE_PRIMARY_PHASE_IMBALANCE,0.434248,-0.00012530140121819658,0.22469376472200864,0.015917166837024398,1.6027738928012338,0.046373348195045655,0.07527415310331335,0.26620732791813123,0.24460819199999995,0.046901966867072854,False,True,False,False,True,0.1999984658005633,0.20545668427825473,0.0075289020758604885,"{""0.0000"": 1, ""0.2500"": 1, ""0.5000"": 2}"
c3_w2_tcop_cm1_states_L0.4_kp0_4221_up0_5000_s42,cm1,stageB,0.2,0.4221,0.5,,42,75,3,0,True,,0.41686,0.00033720686214541,0.8124434362941202,0.012646461424469062,1.4418214391090987,0.025657797690589703,0.08346156096425178,0.30034064122165555,0.241877272,0.048191497175331666,False,True,False,False,True,0.1999984658005633,0.2035744587592896,0.0075289020758604885,"{""0.0000"": 2, ""0.2500"": 1, ""0.5000"": 1}"
c3_w2_tcop_cm1_states_L0.4_kp0_4221_up0_5000_s42,cm1,stageB,0.2,0.4221,0.5,,42,100,4,1,True,,0.42527600000000004,0.00010851618917906009,0.44551783144040946,0.01677652734846577,1.7140189248178344,0.0682021567307944,0.07239431801758896,0.2943970496938527,0.2434684496,0.047807570781205774,False,True,False,False,True,0.1999984658005633,0.20526822619905077,0.0075289020758604885,"{""0.0000"": 1, ""0.2500"": 2, ""0.5000"": 1}"
c3_w2_tcop_cm1_states_L0.4_kp0_4221_up0_5000_s42,cm1,stageB,0.2,0.4221,0.5,,42,125,5,2,True,,0.4343679999999999,-0.001279205082581994,-0.8690440769838267,0.020591624432935503,1.92128815604821,0.02153302108810887,0.07880809115093423,0.2882348600996508,0.24452063040000002,0.047058692884524536,False,True,False,False,True,0.1999984658005633,0.20545668427825473,0.0075289020758604885,"{""0.0000"": 1, ""0.2500"": 1, ""0.5000"": 2}"
c3_w2_tcop_cm1_states_L0.4_kp0_4221_up0_5000_s42,cm1,stageB,0.2,0.4221,0.5,,42,150,6,0,True,,0.416156,-0.00038353774954960726,0.014213221529507568,0.030674897336155117,3.075586846098391,0.03683621748685548,0.08074603555144232,0.2825863371365873,0.24184102559999995,0.047832872211482344,False,True,False,False,False,0.1999984658005633,0.2035744587592896,0.0075289020758604885,"{""0.0000"": 2, ""0.2500"": 1, ""0.5000"": 1}"
c3_w2_tcop_cm1_states_L0.4_kp0_4221_up0_5000_s42,cm1,stageB,0.2,0.4221,0.5,,42,175,7,1,True,,0.42513999999999996,-0.0007583600596554207,-0.4553719544319665,0.03936845470616836,4.044804153012339,0.059203172847752304,0.0674522403973795,0.2577974308279685,0.2435736304,0.04779728444169187,False,True,False,False,False,0.1999984658005633,0.20526822619905077,0.0075289020758604885,"{""0.0000"": 1, ""0.2500"": 2, ""0.5000"": 1}"
c3_w2_tcop_cm1_states_L0.4_kp0_4221_up0_5000_s42,cm1,stageB,0.2,0.4221,0.5,,42,200,8,2,True,,0.43399199999999993,-0.0013852908232335303,-0.8008906332634723,0.04663365789615207,4.503431629354048,0.02609230667649677,0.07338115071101363,0.25253921673086316,0.24462872320000004,0.04665430243825322,False,True,False,False,False,0.1999984658005633,0.20545668427825473,0.0075289020758604885,"{""0.0000"": 1, ""0.2500"": 1, ""0.5000"": 2}"
c3_w2_tcop_cm1_states_L0.4_kp0_4221_up0_5000_s42,cm1,stageB,0.2,0.4221,0.5,,42,225,9,0,True,,0.417156,-0.0005932518784174748,-0.2362080009441299,0.05011573806482486,5.15868137804806,0.03358216318717154,0.07632237415349974,0.25889595197265297,0.242123192,0.04812766007193784,False,True,False,False,False,0.1999984658005633,0.2035744587592896,0.0075289020758604885,"{""0.0000"": 2, ""0.2500"": 1, ""0.5000"": 1}"
c3_w2_tcop_cm1_states_L0.4_kp0_4221_up0_5000_s42,cm1,stageB,0.2,0.4221,0.5,,42,250,10,1,True,,0.42563599999999996,-0.0023324473974288404,-2.1534206751387934,0.029094524344566126,2.7289572887711553,0.054249520718773814,0.06452233336032516,0.24528000393462956,0.24371577759999996,0.048093611883492385,True,True,False,False,False,0.1999984658005633,0.20526822619905077,0.0075289020758604885,"{""0.0000"": 1, ""0.2500"": 2, ""0.5000"": 1}"
c3_w2_tcop_cm1_states_L0.4_kp0_4221_up0_5000_s42,cm1,stageB,0.2,0.4221,0.5,,42,275,11,2,True,,0.43477999999999994,-0.0031141814530091126,-2.823060122769599,0.015516924732286757,1.550241197833866,0.03196915663789978,0.07175823355585925,0.24656147880178148,0.2447729712,0.046458493303162554,True,True,False,False,False,0.1999984658005633,0.20545668427825473,0.0075289020758604885,"{""0.0000"": 1, ""0.2500"": 1, ""0.5000"": 2}"
c3_w2_tcop_cm1_states_L0.4_kp0_4221_up0_5000_s42,cm1,stageB,0.2,0.4221,0.5,,42,300,12,0,False,EXITS_PRIMARY_BLOCK_SET,0.41763600000000006,-0.0028456781485906276,-2.6943690596271797,0.025324601836680217,2.571659841060847,0.021490526439917845,0.0781682766831295,0.2653027989318382,0.24215041760000003,0.04723443133986054,False,True,False,False,False,0.1999984658005633,0.2035744587592896,0.0075289020758604885,"{""0.0000"": 2, ""0.2500"": 1, ""0.5000"": 1}"
c3_w2_tcop_cm1_states_L0.4_kp0_4221_up0_5000_s137,cm1,stageB,0.2,0.4221,0.5,,137,0,0,0,False,PRE_PRIMARY_PHASE_IMBALANCE,0.4126559999999999,5.227069757662253e-05,0.5098405459877534,0.020577174997535433,2.075505429223059,0.08795342697789829,0.10979475826123346,0.9237718561616169,0.2403182592,0.04774919542777658,False,True,False,False,False,0.1999984658005633,0.2035744587592896,0.0075289020758604885,"{""0.0000"": 2, ""0.2500"": 1, ""0.5000"": 1}"
c3_w2_tcop_cm1_states_L0.4_kp0_4221_up0_5000_s137,cm1,stageB,0.2,0.4221,0.5,,137,25,1,1,False,PRE_PRIMARY_PHASE_IMBALANCE,0.42473600000000006,-0.0006951940055959564,-0.21798041837187088,0.014590602629980885,1.6130888930391754,0.060129195178325566,0.0665571180598702,0.27499434878372836,0.2435361824,0.04726150975159384,False,True,False,False,True,0.1999984658005633,0.20526822619905077,0.0075289020758604885,"{""0.0000"": 1, ""0.2500"": 2, ""0.5000"": 1}"
c3_w2_tcop_cm1_states_L0.4_kp0_4221_up0_5000_s137,cm1,stageB,0.2,0.4221,0.5,,137,50,2,2,False,PRE_PRIMARY_PHASE_IMBALANCE,0.433448,4.530142198686006e-06,0.4070068667544368,0.012983057598422136,1.2179436838764188,0.02209260990399596,0.07270876937456307,0.2694671557615512,0.24457760639999995,0.04730360764254667,False,True,False,False,True,0.1999984658005633,0.20545668427825473,0.0075289020758604885,"{""0.0000"": 1, ""0.2500"": 1, ""0.5000"": 2}"
c3_w2_tcop_cm1_states_L0.4_kp0_4221_up0_5000_s137,cm1,stageB,0.2,0.4221,0.5,,137,75,3,0,True,,0.415492,0.001658912605819748,1.9486801511861682,0.02264670404978646,2.1679693442692276,0.022119027576424546,0.07650577473366256,0.27437351314977537,0.2418479504,0.04764911264651211,False,True,False,False,False,0.1999984658005633,0.2035744587592896,0.0075289020758604885,"{""0.0000"": 2, ""0.2500"": 1, ""0.5000"": 1}"
c3_w2_tcop_cm1_states_L0.4_kp0_4221_up0_5000_s137,cm1,stageB,0.2,0.4221,0.5,,137,100,4,1,True,,0.424036,0.001056091025926278,1.3931993947837245,0.028325714698598774,3.084265534451403,0.053983268003011675,0.06569031589917182,0.25941193611058505,0.24345356639999996,0.04709724730809647,False,True,False,False,False,0.1999984658005633,0.20526822619905077,0.0075289020758604885,"{""0.0000"": 1, ""0.2500"": 2, ""0.5000"": 1}"
c3_w2_tcop_cm1_states_L0.4_kp0_4221_up0_5000_s137,cm1,stageB,0.2,0.4221,0.5,,137,125,5,2,True,,0.43308,0.0008438061893871326,1.3069464716903927,0.03869313458484877,3.779626551005975,0.03754434731008748,0.07248286132653269,0.25399464243559006,0.24453632639999995,0.04603339657248855,False,True,False,False,False,0.1999984658005633,0.20545668427825473,0.0075289020758604885,"{""0.0000"": 1, ""0.2500"": 1, ""0.5000"": 2}"
c3_w2_tcop_cm1_states_L0.4_kp0_4221_up0_5000_s137,cm1,stageB,0.2,0.4221,0.5,,137,150,6,0,True,,0.415564,0.0018048211178110247,2.2140265564892245,0.037788904661243905,4.279725768801768,0.027405884201911458,0.07903528373778053,0.2598877663611675,0.2417918192,0.04780838738129534,False,True,False,False,False,0.1999984658005633,0.2035744587592896,0.0075289020758604885,"{""0.0000"": 2, ""0.2500"": 1, ""0.5000"": 1}"
c3_w2_tcop_cm1_states_L0.4_kp0_4221_up0_5000_s137,cm1,stageB,0.2,0.4221,0.5,,137,175,7,1,True,,0.424332,0.0002636669871212585,0.6233355093237622,0.03477375863561947,3.8169899033582024,0.06376645115337769,0.06691811042349866,0.250747055959138,0.24346804960000004,0.048162991767538695,False,True,False,False,False,0.1999984658005633,0.20526822619905077,0.0075289020758604885,"{""0.0000"": 1, ""0.2500"": 2, ""0.5000"": 1}"
c3_w2_tcop_cm1_states_L0.4_kp0_4221_up0_5000_s137,cm1,stageB,0.2,0.4221,0.5,,137,200,8,2,True,,0.43297199999999997,-0.00021651931444614063,0.17572678809103934,0.046647473191285836,4.707976695430296,0.03320916324976448,0.0750822735203222,0.26329647121916316,0.24445044320000003,0.04643627047901241,False,True,False,False,False,0.1999984658005633,0.20545668427825473,0.0075289020758604885,"{""0.0000"": 1, ""0.2500"": 1, ""0.5000"": 2}"
c3_w2_tcop_cm1_states_L0.4_kp0_4221_up0_5000_s137,cm1,stageB,0.2,0.4221,0.5,,137,225,9,0,True,,0.41578399999999993,0.0007942519304032824,1.3179824300281633,0.044780639567075266,4.787257846437764,0.03695403491402955,0.0784721612298592,0.27418082399952665,0.24184311359999996,0.047455087651378326,False,True,False,False,False,0.1999984658005633,0.2035744587592896,0.0075289020758604885,"{""0.0000"": 2, ""0.2500"": 1, ""0.5000"": 1}"
c3_w2_tcop_cm1_states_L0.4_kp0_4221_up0_5000_s137,cm1,stageB,0.2,0.4221,0.5,,137,250,10,1,True,,0.42448,-0.0005075678978237023,-0.06345244531021581,0.013201881217571376,1.1804438884612558,0.05788893990727063,0.06599563016469068,0.2600829243778672,0.24351195519999996,0.04730253270174865,False,True,False,False,True,0.1999984658005633,0.20526822619905077,0.0075289020758604885,"{""0.0000"": 1, ""0.2500"": 2, ""0.5000"": 1}"
c3_w2_tcop_cm1_states_L0.4_kp0_4221_up0_5000_s137,cm1,stageB,0.2,0.4221,0.5,,137,275,11,2,True,,0.43385199999999996,0.00034144330154160557,0.7201816187595387,0.00753676105508182,1.0691826914366604,0.03534037693495588,0.07430174967549888,0.2544646555634994,0.24458528480000002,0.046905885515572565,False,True,False,False,True,0.1999984658005633,0.20545668427825473,0.0075289020758604885,"{""0.0000"": 1, ""0.2500"": 1, ""0.5000"": 2}"
c3_w2_tcop_cm1_states_L0.4_kp0_4221_up0_5000_s137,cm1,stageB,0.2,0.4221,0.5,,137,300,12,0,False,EXITS_PRIMARY_BLOCK_SET,0.4161000000000001,0.0012877996998171646,1.8891963397872567,0.02595322884296958,2.716322320209234,0.02486362545203995,0.07957759997445497,0.2778178315841917,0.2418643696,0.04695050585456987,False,True,False,False,False,0.1999984658005633,0.2035744587592896,0.0075289020758604885,"{""0.0000"": 2, ""0.2500"": 1, ""0.5000"": 1}"
c3_w2_tcop_cm1_states_L0.4_kp0_4221_up0_5000_s256,cm1,stageB,0.2,0.4221,0.5,,256,0,0,0,False,PRE_PRIMARY_PHASE_IMBALANCE,0.413016,7.96762969267756e-05,0.3995579826347235,0.042847680089761545,4.412971843899706,0.09925683113169935,0.11311615379995721,0.9278090898952847,0.2402511392,0.04709505010083331,False,True,False,False,False,0.1999984658005633,0.2035744587592896,0.0075289020758604885,"{""0.0000"": 2, ""0.2500"": 1, ""0.5000"": 1}"
c3_w2_tcop_cm1_states_L0.4_kp0_4221_up0_5000_s256,cm1,stageB,0.2,0.4221,0.5,,256,25,1,1,False,PRE_PRIMARY_PHASE_IMBALANCE,0.42620800000000003,-6.408064775899137e-05,0.2570405093332625,0.04385989794319505,3.9835984814765943,0.07120165412255386,0.06693121189430011,0.2627824905614572,0.24374097280000004,0.046077551323827966,False,True,False,False,False,0.1999984658005633,0.20526822619905077,0.0075289020758604885,"{""0.0000"": 1, ""0.2500"": 2, ""0.5000"": 1}"
c3_w2_tcop_cm1_states_L0.4_kp0_4221_up0_5000_s256,cm1,stageB,0.2,0.4221,0.5,,256,50,2,2,False,PRE_PRIMARY_PHASE_IMBALANCE,0.4340359999999999,0.0003464438973632591,0.7544885552888903,0.05258217342617846,5.154111624128072,0.008123087861684539,0.07220998753355075,0.2580431110367733,0.2446664464,0.045429403517986015,False,True,False,False,False,0.1999984658005633,0.20545668427825473,0.0075289020758604885,"{""0.0000"": 1, ""0.2500"": 1, ""0.5000"": 2}"
c3_w2_tcop_cm1_states_L0.4_kp0_4221_up0_5000_s256,cm1,stageB,0.2,0.4221,0.5,,256,75,3,0,True,,0.41552799999999995,0.0005834632691251215,1.1035433290228205,0.029440112913287245,2.93913992123239,0.01404580107313631,0.07567922704984821,0.2753123729921633,0.24187557759999997,0.04755965954461827,False,True,False,False,False,0.1999984658005633,0.2035744587592896,0.0075289020758604885,"{""0.0000"": 2, ""0.2500"": 1, ""0.5000"": 1}"
c3_w2_tcop_cm1_states_L0.4_kp0_4221_up0_5000_s256,cm1,stageB,0.2,0.4221,0.5,,256,100,4,1,True,,0.42418799999999995,-0.0005935731771409635,-0.3492115363877236,0.022261973743397098,2.143899104575467,0.05654530191168362,0.06557644371251828,0.26969173981892053,0.24347876959999998,0.04786836801061845,False,True,False,False,False,0.1999984658005633,0.20526822619905077,0.0075289020758604885,"{""0.0000"": 1, ""0.2500"": 2, ""0.5000"": 1}"
c3_w2_tcop_cm1_states_L0.4_kp0_4221_up0_5000_s256,cm1,stageB,0.2,0.4221,0.5,,256,125,5,2,True,,0.4335600000000001,-0.0010375883570975643,-0.7791154561420306,0.01603311705120144,1.631478867631871,0.04486028443037987,0.07397843241316171,0.29153980927313444,0.2445569792,0.04723776455337403,False,True,False,False,True,0.1999984658005633,0.20545668427825473,0.0075289020758604885,"{""0.0000"": 1, ""0.2500"": 1, ""0.5000"": 2}"
c3_w2_tcop_cm1_states_L0.4_kp0_4221_up0_5000_s256,cm1,stageB,0.2,0.4221,0.5,,256,150,6,0,True,,0.417008,-0.0009143559542284346,-0.4473284572643884,0.03162164848009724,3.1818406619784922,0.03377769376865148,0.08001002080680202,0.3031116901759398,0.2419991168,0.048596377807404535,False,True,False,False,False,0.1999984658005633,0.2035744587592896,0.0075289020758604885,"{""0.0000"": 2, ""0.2500"": 1, ""0.5000"": 1}"
c3_w2_tcop_cm1_states_L0.4_kp0_4221_up0_5000_s256,cm1,stageB,0.2,0.4221,0.5,,256,175,7,1,True,,0.4259159999999999,-0.0007212529792941306,-0.29465725241384316,0.026536126908586734,2.7833148565006884,0.0691027881770518,0.06635791302400072,0.2761107817595235,0.2437127696,0.04763025240327832,False,True,False,False,False,0.1999984658005633,0.20526822619905077,0.0075289020758604885,"{""0.0000"": 1, ""0.2500"": 2, ""0.5000"": 1}"
c3_w2_tcop_cm1_states_L0.4_kp0_4221_up0_5000_s256,cm1,stageB,0.2,0.4221,0.5,,256,200,8,2,True,,0.43467600000000006,-0.0012240530532441293,-0.6939340313978547,0.025829996645253615,2.6674536735873544,0.0279380834771233,0.07395347917444654,0.27698791680012713,0.2446994224,0.04655163825259,False,True,False,False,False,0.1999984658005633,0.20545668427825473,0.0075289020758604885,"{""0.0000"": 1, ""0.2500"": 1, ""0.5000"": 2}"
c3_w2_tcop_cm1_states_L0.4_kp0_4221_up0_5000_s256,cm1,stageB,0.2,0.4221,0.5,,256,225,9,0,True,,0.416468,-0.0023046974037636936,-1.8448722915996587,0.029129151580656015,2.9951127390217414,0.021625720632650614,0.07939380944888952,0.3006233364853403,0.241929112,0.04731981589144235,False,True,False,False,False,0.1999984658005633,0.2035744587592896,0.0075289020758604885,"{""0.0000"": 2, ""0.2500"": 1, ""0.5000"": 1}"
c3_w2_tcop_cm1_states_L0.4_kp0_4221_up0_5000_s256,cm1,stageB,0.2,0.4221,0.5,,256,250,10,1,True,,0.42424000000000006,-0.000912609502321666,-0.5733819371266398,0.018166813032909446,1.9084923699387097,0.07349744951515226,0.06786619425167116,0.2951159713956346,0.2434314688,0.04722311298506273,False,True,False,False,True,0.1999984658005633,0.20526822619905077,0.0075289020758604885,"{""0.0000"": 1, ""0.2500"": 2, ""0.5000"": 1}"
c3_w2_tcop_cm1_states_L0.4_kp0_4221_up0_5000_s256,cm1,stageB,0.2,0.4221,0.5,,256,275,11,2,True,,0.433432,-0.0016852284404903597,-1.268596802157459,0.03148778537550519,2.862103843806934,0.027460617129243158,0.07646642565619656,0.28885730566996143,0.2444702432,0.04718708908165453,False,True,False,False,False,0.1999984658005633,0.20545668427825473,0.0075289020758604885,"{""0.0000"": 1, ""0.2500"": 1, ""0.5000"": 2}"
c3_w2_tcop_cm1_states_L0.4_kp0_4221_up0_5000_s256,cm1,stageB,0.2,0.4221,0.5,,256,300,12,0,False,EXITS_PRIMARY_BLOCK_SET,0.4153720000000001,-0.00046866832735247726,-0.10382170066562572,0.04068471375801729,3.7167733511198198,0.03366861142826498,0.07915986370986179,0.30141656081436263,0.2417569552,0.0482665683056088,False,True,False,False,False,0.1999984658005633,0.2035744587592896,0.0075289020758604885,"{""0.0000"": 2, ""0.2500"": 1, ""0.5000"": 1}"
c3_w2_tcop_cm1_states_L0.4_kp0_4221_up0_5000_s1024,cm1,stageB,0.2,0.4221,0.5,,1024,0,0,0,False,PRE_PRIMARY_PHASE_IMBALANCE,0.41085600000000005,9.348416064684263e-05,0.5121690890902791,0.037257799347630016,3.6661022409057638,0.08627301169311072,0.11061747188272769,0.9151624877933813,0.23998783999999998,0.04744752115759052,False,True,False,False,False,0.1999984658005633,0.2035744587592896,0.0075289020758604885,"{""0.0000"": 2, ""0.2500"": 1, ""0.5000"": 1}"
c3_w2_tcop_cm1_states_L0.4_kp0_4221_up0_5000_s1024,cm1,stageB,0.2,0.4221,0.5,,1024,25,1,1,False,PRE_PRIMARY_PHASE_IMBALANCE,0.42419599999999996,0.00016762612226844579,0.5365758934532056,0.028197403885955902,2.7675108029975246,0.05413605120158357,0.06590577605465273,0.25554224873515485,0.24347216160000001,0.04691901090176561,False,True,False,False,False,0.1999984658005633,0.20526822619905077,0.0075289020758604885,"{""0.0000"": 1, ""0.2500"": 2, ""0.5000"": 1}"
c3_w2_tcop_cm1_states_L0.4_kp0_4221_up0_5000_s1024,cm1,stageB,0.2,0.4221,0.5,,1024,50,2,2,False,PRE_PRIMARY_PHASE_IMBALANCE,0.43354800000000004,-0.0008725019892007652,-0.40096251112419,0.022129427200675872,2.0940457168828863,0.038853009183743105,0.0740138580515193,0.26110142300021816,0.24455445599999998,0.046849671247512506,False,True,False,False,False,0.1999984658005633,0.20545668427825473,0.0075289020758604885,"{""0.0000"": 1, ""0.2500"": 1, ""0.5000"": 2}"
c3_w2_tcop_cm1_states_L0.4_kp0_4221_up0_5000_s1024,cm1,stageB,0.2,0.4221,0.5,,1024,75,3,0,True,,0.41758799999999996,-0.000890470670948564,-0.45228467928692945,0.020266151429112925,1.9839469713935591,0.044921299976686424,0.07758234046553782,0.2931118703288604,0.24215866720000004,0.04745674089104729,False,True,False,False,True,0.1999984658005633,0.2035744587592896,0.0075289020758604885,"{""0.0000"": 2, ""0.2500"": 1, ""0.5000"": 1}"
c3_w2_tcop_cm1_states_L0.4_kp0_4221_up0_5000_s1024,cm1,stageB,0.2,0.4221,0.5,,1024,100,4,1,True,,0.42605999999999994,-0.0018352511560183005,-1.4632246322397235,0.019633152425306492,1.9417678796756535,0.07138807090261513,0.06338677535496867,0.28728348052555164,0.24380352160000004,0.047644059440815914,False,True,False,False,True,0.1999984658005633,0.20526822619905077,0.0075289020758604885,"{""0.0000"": 1, ""0.2500"": 2, ""0.5000"": 1}"
c3_w2_tcop_cm1_states_L0.4_kp0_4221_up0_5000_s1024,cm1,stageB,0.2,0.4221,0.5,,1024,125,5,2,True,,0.43396799999999996,-0.002419323029931488,-1.7893393188747764,0.03466998708527243,3.451930158124619,0.011778636082238237,0.07096264113188698,0.2820484453184372,0.24469141119999996,0.04657740842940921,False,True,False,False,False,0.1999984658005633,0.20545668427825473,0.0075289020758604885,"{""0.0000"": 1, ""0.2500"": 1, ""0.5000"": 2}"
c3_w2_tcop_cm1_states_L0.4_kp0_4221_up0_5000_s1024,cm1,stageB,0.2,0.4221,0.5,,1024,150,6,0,True,,0.41642399999999996,-0.0014019304109001202,-0.9382369919548048,0.04569755838286933,4.694103661537982,0.013125628132702924,0.07465825043800248,0.29008894710658145,0.242048496,0.048192242363268384,False,True,False,False,False,0.1999984658005633,0.2035744587592896,0.0075289020758604885,"{""0.0000"": 2, ""0.2500"": 1, ""0.5000"": 1}"
c3_w2_tcop_cm1_states_L0.4_kp0_4221_up0_5000_s1024,cm1,stageB,0.2,0.4221,0.5,,1024,175,7,1,True,,0.423644,-0.0011440311832628797,-0.7003804619624231,0.028400857781479532,2.796276925521623,0.054304039485398095,0.06515258342723139,0.24926589247276987,0.24340791839999998,0.04745989110817681,True,True,False,False,False,0.1999984658005633,0.20526822619905077,0.0075289020758604885,"{""0.0000"": 1, ""0.2500"": 2, ""0.5000"": 1}"
c3_w2_tcop_cm1_states_L0.4_kp0_4221_up0_5000_s1024,cm1,stageB,0.2,0.4221,0.5,,1024,200,8,2,True,,0.43336399999999997,-0.0010575564065503807,-0.670733572843027,0.026409510672053996,2.851297468987367,0.03672495059679102,0.07307595342850236,0.24367506243325465,0.24455675040000002,0.047836424448321806,True,True,False,False,False,0.1999984658005633,0.20545668427825473,0.0075289020758604885,"{""0.0000"": 1, ""0.2500"": 1, ""0.5000"": 2}"
c3_w2_tcop_cm1_states_L0.4_kp0_4221_up0_5000_s1024,cm1,stageB,0.2,0.4221,0.5,,1024,225,9,0,True,,0.415956,-0.0003731426487771237,0.016815833122110043,0.019351378861066706,2.195485162406714,0.022416343071925388,0.07908014430156422,0.2577195658730261,0.24185460000000003,0.0488221882344493,False,True,False,False,False,0.1999984658005633,0.2035744587592896,0.0075289020758604885,"{""0.0000"": 2, ""0.2500"": 1, ""0.5000"": 1}"
c3_w2_tcop_cm1_states_L0.4_kp0_4221_up0_5000_s1024,cm1,stageB,0.2,0.4221,0.5,,1024,250,10,1,True,,0.42491200000000007,-0.0007507122072460489,-0.32322728669362627,0.018651947838259676,1.719560142982864,0.05831475177324143,0.06799061999456874,0.2522875318835723,0.24352715840000003,0.048099399746774386,False,True,False,False,True,0.1999984658005633,0.20526822619905077,0.0075289020758604885,"{""0.0000"": 1, ""0.2500"": 2, ""0.5000"": 1}"
c3_w2_tcop_cm1_states_L0.4_kp0_4221_up0_5000_s1024,cm1,stageB,0.2,0.4221,0.5,,1024,275,11,2,True,,0.43481200000000003,-0.0011391785028835905,-0.7277633783187467,0.02761923187614018,2.5967409691751357,0.039977687455382806,0.07696987827812159,0.2750614052163662,0.24463045599999997,0.047350656341807976,False,True,False,False,False,0.1999984658005633,0.20545668427825473,0.0075289020758604885,"{""0.0000"": 1, ""0.2500"": 1, ""0.5000"": 2}"
c3_w2_tcop_cm1_states_L0.4_kp0_4221_up0_5000_s1024,cm1,stageB,0.2,0.4221,0.5,,1024,300,12,0,False,EXITS_PRIMARY_BLOCK_SET,0.4168639999999999,-0.0006695994012751877,-0.2384430653731402,0.03383782179817468,3.578395414030895,0.032960231539396825,0.08303820098364777,0.2897827581902426,0.2418901632,0.04862186240776879,False,True,False,False,False,0.1999984658005633,0.2035744587592896,0.0075289020758604885,"{""0.0000"": 2, ""0.2500"": 1, ""0.5000"": 1}"
c3_w2_tcop_cm1_states_L0.4_kp0_4221_up0_5000_s31415,cm1,stageB,0.2,0.4221,0.5,,31415,0,0,0,False,PRE_PRIMARY_PHASE_IMBALANCE,0.40937599999999996,-0.0005939901096451535,-0.12433704468811213,0.033427514681500986,3.3633874034124593,0.1051383178429431,0.11429521783975964,0.9350816830124833,0.23959801279999998,0.04702521264173082,False,True,False,False,False,0.1999984658005633,0.2035744587592896,0.0075289020758604885,"{""0.0000"": 2, ""0.2500"": 1, ""0.5000"": 1}"
c3_w2_tcop_cm1_states_L0.4_kp0_4221_up0_5000_s31415,cm1,stageB,0.2,0.4221,0.5,,31415,25,1,1,False,PRE_PRIMARY_PHASE_IMBALANCE,0.423684,-0.00019609560324424552,0.17079441876780999,0.02776860566104874,3.0129144566781862,0.0579166873884004,0.06733097375104515,0.27567715496531103,0.24336207519999997,0.04717868315245775,False,True,False,False,False,0.1999984658005633,0.20526822619905077,0.0075289020758604885,"{""0.0000"": 1, ""0.2500"": 2, ""0.5000"": 1}"
c3_w2_tcop_cm1_states_L0.4_kp0_4221_up0_5000_s31415,cm1,stageB,0.2,0.4221,0.5,,31415,50,2,2,False,PRE_PRIMARY_PHASE_IMBALANCE,0.43298000000000003,-0.0012580894299169976,-0.8595882349783622,0.01757618433826514,1.8402366090977387,0.027356793540331083,0.07483952652433085,0.27714905936267475,0.2444582992,0.046637748659213815,False,True,False,False,True,0.1999984658005633,0.20545668427825473,0.0075289020758604885,"{""0.0000"": 1, ""0.2500"": 1, ""0.5000"": 2}"
c3_w2_tcop_cm1_states_L0.4_kp0_4221_up0_5000_s31415,cm1,stageB,0.2,0.4221,0.5,,31415,75,3,0,True,,0.41482399999999997,-0.00039442057369839454,-0.04062360802149392,0.021788203909067536,2.4580719634117747,0.02963673599720287,0.08020509822073253,0.2892793081179505,0.24163808959999997,0.048023421619039185,False,True,False,False,False,0.1999984658005633,0.2035744587592896,0.0075289020758604885,"{""0.0000"": 2, ""0.2500"": 1, ""0.5000"": 1}"
c3_w2_tcop_cm1_states_L0.4_kp0_4221_up0_5000_s31415,cm1,stageB,0.2,0.4221,0.5,,31415,100,4,1,True,,0.423828,-0.0011181823946406911,-0.6421257898382362,0.023858549967325164,2.3934613280357913,0.0568255244297615,0.06915064280728636,0.27275215353220605,0.24333886879999997,0.04676437122425576,False,True,False,False,False,0.1999984658005633,0.20526822619905077,0.0075289020758604885,"{""0.0000"": 1, ""0.2500"": 2, ""0.5000"": 1}"
c3_w2_tcop_cm1_states_L0.4_kp0_4221_up0_5000_s31415,cm1,stageB,0.2,0.4221,0.5,,31415,125,5,2,True,,0.43251200000000006,-0.0012136246347025943,-0.7671773916511714,0.03027686894890433,3.057897648644195,0.03221726426810353,0.07621272080223868,0.2672758206309285,0.244358816,0.04609826304753792,False,True,False,False,False,0.1999984658005633,0.20545668427825473,0.0075289020758604885,"{""0.0000"": 1, ""0.2500"": 1, ""0.5000"": 2}"
c3_w2_tcop_cm1_states_L0.4_kp0_4221_up0_5000_s31415,cm1,stageB,0.2,0.4221,0.5,,31415,150,6,0,True,,0.4142840000000001,-0.00041769880921941526,0.00040208509017237954,0.024854613444223028,2.3543837355028083,0.021395579755053868,0.08170823433936177,0.2800011579496162,0.24150691680000005,0.04682998338671497,False,True,False,False,False,0.1999984658005633,0.2035744587592896,0.0075289020758604885,"{""0.0000"": 2, ""0.2500"": 1, ""0.5000"": 1}"
c3_w2_tcop_cm1_states_L0.4_kp0_4221_up0_5000_s31415,cm1,stageB,0.2,0.4221,0.5,,31415,175,7,1,True,,0.423612,-0.000812528949224177,-0.37383703977946847,0.021472544953611682,2.2419176414045823,0.05991874207979039,0.06912571812249993,0.2738354903217201,0.2433074096,0.04759110690034431,False,True,False,False,False,0.1999984658005633,0.20526822619905077,0.0075289020758604885,"{""0.0000"": 1, ""0.2500"": 2, ""0.5000"": 1}"
c3_w2_tcop_cm1_states_L0.4_kp0_4221_up0_5000_s31415,cm1,stageB,0.2,0.4221,0.5,,31415,200,8,2,True,,0.4319199999999999,-0.00010301057759830246,0.30965437406690055,0.01516220106534691,1.565629731329163,0.03233144199693082,0.07560903475753625,0.2685682527584547,0.24429863039999997,0.04648519764398125,False,True,False,False,True,0.1999984658005633,0.20545668427825473,0.0075289020758604885,"{""0.0000"": 1, ""0.2500"": 1, ""0.5000"": 2}"
c3_w2_tcop_cm1_states_L0.4_kp0_4221_up0_5000_s31415,cm1,stageB,0.2,0.4221,0.5,,31415,225,9,0,True,,0.41483600000000004,-0.00033622854753848227,0.09717602553101805,0.016136750390296554,1.5893580460720476,0.036166533960083735,0.07962411071050896,0.2699862107676618,0.24165604960000006,0.04705075030220028,False,True,False,False,True,0.1999984658005633,0.2035744587592896,0.0075289020758604885,"{""0.0000"": 2, ""0.2500"": 1, ""0.5000"": 1}"
c3_w2_tcop_cm1_states_L0.4_kp0_4221_up0_5000_s31415,cm1,stageB,0.2,0.4221,0.5,,31415,250,10,1,True,,0.424764,-0.0015755188398733416,-1.0973777064558305,0.026619343974864786,3.0673716297396703,0.05935955335381167,0.06638013473185954,0.26273412939247653,0.243544536,0.04749383437879069,False,True,False,False,False,0.1999984658005633,0.20526822619905077,0.0075289020758604885,"{""0.0000"": 1, ""0.2500"": 2, ""0.5000"": 1}"
c3_w2_tcop_cm1_states_L0.4_kp0_4221_up0_5000_s31415,cm1,stageB,0.2,0.4221,0.5,,31415,275,11,2,True,,0.43338,-0.0019424607796280705,-1.5170735563429445,0.021800511678481328,2.1375329869085182,0.03693627003354566,0.07415093373607923,0.2630485941597477,0.2445290832,0.046867212419771674,False,True,False,False,False,0.1999984658005633,0.20545668427825473,0.0075289020758604885,"{""0.0000"": 1, ""0.2500"": 1, ""0.5000"": 2}"
c3_w2_tcop_cm1_states_L0.4_kp0_4221_up0_5000_s31415,cm1,stageB,0.2,0.4221,0.5,,31415,300,12,0,False,EXITS_PRIMARY_BLOCK_SET,0.41756,-0.001726239236381627,-1.3196372216853112,0.033996939273277495,3.287442423424667,0.03889727022588887,0.07700927938131016,0.27301465592246715,0.24216963840000003,0.04815523232214751,False,True,False,False,False,0.1999984658005633,0.2035744587592896,0.0075289020758604885,"{""0.0000"": 2, ""0.2500"": 1, ""0.5000"": 1}"
c3_w2_tcop_cm1_states_L0.4_km0_4221_up0_1000_s42,cm1,stageB,-0.2,-0.4221,0.1,,42,0,0,0,False,PRE_PRIMARY_PHASE_IMBALANCE,0.41256,0.0007586685839865036,1.090194836419721,-0.037243436091180394,-3.3429054937420037,0.046978519727642255,0.08081735858227052,0.8861741300994422,0.2412425568,0.049183802211703806,False,True,False,False,False,-0.1999984658005633,-0.20130025814423091,0.00339797160026567,"{""0.0000"": 2, ""0.0500"": 1, ""0.1000"": 1}"
c3_w2_tcop_cm1_states_L0.4_km0_4221_up0_1000_s42,cm1,stageB,-0.2,-0.4221,0.1,,42,25,1,1,False,PRE_PRIMARY_PHASE_IMBALANCE,0.41690800000000006,0.0013399640186405645,1.9000984324529397,-0.03313656376126119,-3.332672318617286,0.00617349000634332,0.023963013761493845,0.13048442310897265,0.24299591199999998,0.048569944780697455,True,True,False,False,False,-0.1999984658005633,-0.2017525575878321,0.00339797160026567,"{""0.0000"": 1, ""0.0500"": 2, ""0.1000"": 1}"
c3_w2_tcop_cm1_states_L0.4_km0_4221_up0_1000_s42,cm1,stageB,-0.2,-0.4221,0.1,,42,50,2,2,False,PRE_PRIMARY_PHASE_IMBALANCE,0.41923199999999994,0.0023456791590666893,2.7667560574197583,-0.025354371847492615,-2.3709315895945653,0.0132816120773201,0.026365542096376565,0.1373940917263136,0.2433543552,0.048876683357200086,True,True,False,False,False,-0.1999984658005633,-0.20214975104429733,0.00339797160026567,"{""0.0000"": 1, ""0.0500"": 1, ""0.1000"": 2}"
c3_w2_tcop_cm1_states_L0.4_km0_4221_up0_1000_s42,cm1,stageB,-0.2,-0.4221,0.1,,42,75,3,0,True,,0.416428,0.0023364562073262584,2.9108267478538297,-0.04030193212508529,-3.988766846729725,0.0007418110462009799,0.026649427980873393,0.14888528113170754,0.2428925648,0.04883114596238757,True,True,False,False,False,-0.1999984658005633,-0.20130025814423091,0.00339797160026567,"{""0.0000"": 2, ""0.0500"": 1, ""0.1000"": 1}"
c3_w2_tcop_cm1_states_L0.4_km0_4221_up0_1000_s42,cm1,stageB,-0.2,-0.4221,0.1,,42,100,4,1,True,,0.417704,0.0027883090193553217,3.120235206412765,-0.0357228856761885,-3.8801434433576016,0.011935003059386605,0.027715535536048216,0.14843046715274338,0.24309334399999996,0.0480891711718969,True,True,False,False,False,-0.1999984658005633,-0.2017525575878321,0.00339797160026567,"{""0.0000"": 1, ""0.0500"": 2, ""0.1000"": 1}"
c3_w2_tcop_cm1_states_L0.4_km0_4221_up0_1000_s42,cm1,stageB,-0.2,-0.4221,0.1,,42,125,5,2,True,,0.41876399999999997,0.0020397578803231452,2.413189925278637,-0.029001451481361393,-2.7556900530620894,0.004199634785671888,0.02719466691396342,0.14805475124878273,0.24327102239999998,0.04839289518100772,True,True,False,False,False,-0.1999984658005633,-0.20214975104429733,0.00339797160026567,"{""0.0000"": 1, ""0.0500"": 1, ""0.1000"": 2}"
c3_w2_tcop_cm1_states_L0.4_km0_4221_up0_1000_s42,cm1,stageB,-0.2,-0.4221,0.1,,42,150,6,0,True,,0.41563199999999995,0.0018271307882335092,2.08489192906988,-0.024220451622925424,-2.1921630266723087,0.008332049260640522,0.027071284483235196,0.14435847060775284,0.24275544000000004,0.048126921530469824,True,True,False,False,False,-0.1999984658005633,-0.20130025814423091,0.00339797160026567,"{""0.0000"": 2, ""0.0500"": 1, ""0.1000"": 1}"
c3_w2_tcop_cm1_states_L0.4_km0_4221_up0_1000_s42,cm1,stageB,-0.2,-0.4221,0.1,,42,175,7,1,True,,0.4171599999999999,0.0024869594188947543,3.1267488466830096,-0.01429880263263299,-1.2620309486419805,0.009965518533911711,0.025852564341162305,0.1198580877364606,0.2430212256,0.048752583521286336,True,True,False,False,False,-0.1999984658005633,-0.2017525575878321,0.00339797160026567,"{""0.0000"": 1, ""0.0500"": 2, ""0.1000"": 1}"
c3_w2_tcop_cm1_states_L0.4_km0_4221_up0_1000_s42,cm1,stageB,-0.2,-0.4221,0.1,,42,200,8,2,True,,0.417924,0.002114206426261317,2.3434316827531547,-0.013388351793466162,-1.3542336548127831,0.0035384133843698695,0.025916246369907026,0.12538164803796467,0.2431462192,0.04836662303696631,True,True,False,False,False,-0.1999984658005633,-0.20214975104429733,0.00339797160026567,"{""0.0000"": 1, ""0.0500"": 1, ""0.1000"": 2}"
c3_w2_tcop_cm1_states_L0.4_km0_4221_up0_1000_s42,cm1,stageB,-0.2,-0.4221,0.1,,42,225,9,0,True,,0.416104,0.002196498567585525,2.839358227966536,-0.019121086414543378,-1.892373901945751,0.007421579238507118,0.02570483890164767,0.12593005564491075,0.2428470592,0.04840352449977171,True,True,False,False,False,-0.1999984658005633,-0.20130025814423091,0.00339797160026567,"{""0.0000"": 2, ""0.0500"": 1, ""0.1000"": 1}"
c3_w2_tcop_cm1_states_L0.4_km0_4221_up0_1000_s42,cm1,stageB,-0.2,-0.4221,0.1,,42,250,10,1,True,,0.417192,0.0009058373967299202,1.3586132698064397,-0.03100758029598712,-3.1863674698007878,0.005287303152436402,0.024302274940888626,0.11121977384221227,0.24304004159999998,0.04896565261486872,True,True,False,False,False,-0.1999984658005633,-0.2017525575878321,0.00339797160026567,"{""0.0000"": 1, ""0.0500"": 2, ""0.1000"": 1}"
c3_w2_tcop_cm1_states_L0.4_km0_4221_up0_1000_s42,cm1,stageB,-0.2,-0.4221,0.1,,42,275,11,2,True,,0.41842799999999997,0.00018297066938049777,0.6147258830747107,-0.04124138472123525,-4.174791407977973,0.003667234132700076,0.025625497861766988,0.12045082996250053,0.2432310384,0.047367170234245574,True,True,False,False,False,-0.1999984658005633,-0.20214975104429733,0.00339797160026567,"{""0.0000"": 1, ""0.0500"": 1, ""0.1000"": 2}"
c3_w2_tcop_cm1_states_L0.4_km0_4221_up0_1000_s42,cm1,stageB,-0.2,-0.4221,0.1,,42,300,12,0,False,EXITS_PRIMARY_BLOCK_SET,0.41611999999999993,-0.0006241653309041021,-0.24751928405470222,-0.034545416899009064,-3.61402905133504,0.0037815951070708773,0.025339216460382605,0.12592521357799383,0.2428529664,0.0473386269340377,True,True,False,False,False,-0.1999984658005633,-0.20130025814423091,0.00339797160026567,"{""0.0000"": 2, ""0.0500"": 1, ""0.1000"": 1}"
c3_w2_tcop_cm1_states_L0.4_km0_4221_up0_1000_s137,cm1,stageB,-0.2,-0.4221,0.1,,137,0,0,0,False,PRE_PRIMARY_PHASE_IMBALANCE,0.4136040000000001,0.0014665326069243578,2.0753354279707725,-0.03379909095328756,-3.580504464639485,0.03707278775897147,0.0809238797746542,0.885871507804877,0.2414154608,0.04758078586992863,False,True,False,False,False,-0.1999984658005633,-0.20130025814423091,0.00339797160026567,"{""0.0000"": 2, ""0.0500"": 1, ""0.1000"": 1}"
c3_w2_tcop_cm1_states_L0.4_km0_4221_up0_1000_s137,cm1,stageB,-0.2,-0.4221,0.1,,137,25,1,1,False,PRE_PRIMARY_PHASE_IMBALANCE,0.4168280000000001,0.0018672928196488278,2.3031004643120516,-0.0374817564395218,-4.027511591217808,0.0067113527432504354,0.02639562791990936,0.11899392526655128,0.24296136480000002,0.04775582075517078,True,True,False,False,False,-0.1999984658005633,-0.2017525575878321,0.00339797160026567,"{""0.0000"": 1, ""0.0500"": 2, ""0.1000"": 1}"
c3_w2_tcop_cm1_states_L0.4_km0_4221_up0_1000_s137,cm1,stageB,-0.2,-0.4221,0.1,,137,50,2,2,False,PRE_PRIMARY_PHASE_IMBALANCE,0.418372,0.0035244725721740853,3.67083749658129,-0.04121805126630537,-3.9379000952029135,0.0023562250234277567,0.026676454621564337,0.13098390874393148,0.24321230880000003,0.04839865303910843,True,True,False,False,False,-0.1999984658005633,-0.20214975104429733,0.00339797160026567,"{""0.0000"": 1, ""0.0500"": 1, ""0.1000"": 2}"
c3_w2_tcop_cm1_states_L0.4_km0_4221_up0_1000_s137,cm1,stageB,-0.2,-0.4221,0.1,,137,75,3,0,True,,0.415616,0.003671631309237911,3.72819891507826,-0.03367306826505036,-2.8575461933490036,0.0005544133087991694,0.02773991350790447,0.1395518937202805,0.2427464192,0.047610718793145726,True,True,False,False,False,-0.1999984658005633,-0.20130025814423091,0.00339797160026567,"{""0.0000"": 2, ""0.0500"": 1, ""0.1000"": 1}"
c3_w2_tcop_cm1_states_L0.4_km0_4221_up0_1000_s137,cm1,stageB,-0.2,-0.4221,0.1,,137,100,4,1,True,,0.41690800000000006,0.00364368435548152,4.086126495168813,-0.027579358222008615,-2.6093031569277287,0.006308209456262001,0.0267007863619563,0.1391194216970664,0.2429718032,0.047183890640768486,True,True,False,False,False,-0.1999984658005633,-0.2017525575878321,0.00339797160026567,"{""0.0000"": 1, ""0.0500"": 2, ""0.1000"": 1}"
c3_w2_tcop_cm1_states_L0.4_km0_4221_up0_1000_s137,cm1,stageB,-0.2,-0.4221,0.1,,137,125,5,2,True,,0.418336,0.0029623975601060755,3.9484197764400113,-0.012074998373214824,-1.065794834962838,0.007252312454789013,0.02454310334525543,0.13864453420541253,0.2432255744,0.046916426803412896,True,True,False,False,False,-0.1999984658005633,-0.20214975104429733,0.00339797160026567,"{""0.0000"": 1, ""0.0500"": 1, ""0.1000"": 2}"
c3_w2_tcop_cm1_states_L0.4_km0_4221_up0_1000_s137,cm1,stageB,-0.2,-0.4221,0.1,,137,150,6,0,True,,0.415608,0.0026098283756402197,3.074193157217983,-0.02141508061962808,-2.0895843766345776,0.00436724389757499,0.02436716313632089,0.12896768077378756,0.24277543039999996,0.047481262999208435,True,True,False,False,False,-0.1999984658005633,-0.20130025814423091,0.00339797160026567,"{""0.0000"": 2, ""0.0500"": 1, ""0.1000"": 1}"
c3_w2_tcop_cm1_states_L0.4_km0_4221_up0_1000_s137,cm1,stageB,-0.2,-0.4221,0.1,,137,175,7,1,True,,0.4172359999999999,0.0017504095648565783,2.0556886402106866,-0.03016567653026554,-3.1959499860170646,0.0072789109642780025,0.022172946358096194,0.12271232558381277,0.24306453280000004,0.04847350104954252,True,True,False,False,False,-0.1999984658005633,-0.2017525575878321,0.00339797160026567,"{""0.0000"": 1, ""0.0500"": 2, ""0.1000"": 1}"
c3_w2_tcop_cm1_states_L0.4_km0_4221_up0_1000_s137,cm1,stageB,-0.2,-0.4221,0.1,,137,200,8,2,True,,0.418372,0.0016238787526500049,2.001614846100076,-0.02261190402755128,-2.2150270287747036,0.005326892949239925,0.024163195659585412,0.14054477799531334,0.24323467360000003,0.04774714249041507,True,True,False,False,False,-0.1999984658005633,-0.20214975104429733,0.00339797160026567,"{""0.0000"": 1, ""0.0500"": 1, ""0.1000"": 2}"
c3_w2_tcop_cm1_states_L0.4_km0_4221_up0_1000_s137,cm1,stageB,-0.2,-0.4221,0.1,,137,225,9,0,True,,0.4159799999999999,0.0012380410573994993,1.7730087095068592,-0.017470921593038227,-1.7135494688441386,0.007555926496165899,0.0238063104762352,0.14135294932123438,0.24284257120000002,0.04781923880615416,True,True,False,False,True,-0.1999984658005633,-0.20130025814423091,0.00339797160026567,"{""0.0000"": 2, ""0.0500"": 1, ""0.1000"": 1}"
c3_w2_tcop_cm1_states_L0.4_km0_4221_up0_1000_s137,cm1,stageB,-0.2,-0.4221,0.1,,137,250,10,1,True,,0.416976,0.0005433554942524528,0.8510387500655476,-0.04244628298778884,-4.27884949762936,0.013330445479486594,0.024099448543995355,0.13334100731615,0.24300603520000003,0.04808050981426882,True,True,False,False,False,-0.1999984658005633,-0.2017525575878321,0.00339797160026567,"{""0.0000"": 1, ""0.0500"": 2, ""0.1000"": 1}"
c3_w2_tcop_cm1_states_L0.4_km0_4221_up0_1000_s137,cm1,stageB,-0.2,-0.4221,0.1,,137,275,11,2,True,,0.4185360000000001,0.001891352139545603,2.347087904803778,-0.04274036877530771,-4.111030227664226,0.009149375263165243,0.02628894041006552,0.13284400832223742,0.24324255359999994,0.048438999824521566,True,True,False,False,False,-0.1999984658005633,-0.20214975104429733,0.00339797160026567,"{""0.0000"": 1, ""0.0500"": 1, ""0.1000"": 2}"
c3_w2_tcop_cm1_states_L0.4_km0_4221_up0_1000_s137,cm1,stageB,-0.2,-0.4221,0.1,,137,300,12,0,False,EXITS_PRIMARY_BLOCK_SET,0.4157280000000001,0.0012025044409852605,1.7739372093104964,-0.028706169096184952,-3.0323524888040705,0.0012182259646843256,0.026719821281378522,0.12219528123630045,0.2427748384,0.04767630455477857,True,True,False,False,False,-0.1999984658005633,-0.20130025814423091,0.00339797160026567,"{""0.0000"": 2, ""0.0500"": 1, ""0.1000"": 1}"
c3_w2_tcop_cm1_states_L0.4_km0_4221_up0_1000_s256,cm1,stageB,-0.2,-0.4221,0.1,,256,0,0,0,False,PRE_PRIMARY_PHASE_IMBALANCE,0.41464799999999996,0.0014032487967881493,1.712126069190633,-0.024097012086976528,-2.4067479657342794,0.050809039802120405,0.08215007864847113,0.9116165979056535,0.2415547232,0.04637495116978561,False,True,False,False,False,-0.1999984658005633,-0.20130025814423091,0.00339797160026567,"{""0.0000"": 2, ""0.0500"": 1, ""0.1000"": 1}"
c3_w2_tcop_cm1_states_L0.4_km0_4221_up0_1000_s256,cm1,stageB,-0.2,-0.4221,0.1,,256,25,1,1,False,PRE_PRIMARY_PHASE_IMBALANCE,0.418592,0.0017817913326433961,1.9188012244015913,-0.02247699439071156,-2.0889283304941966,0.01689030606846572,0.025572010775853207,0.11467013197894334,0.24325815679999999,0.04640018896513246,True,True,False,False,False,-0.1999984658005633,-0.2017525575878321,0.00339797160026567,"{""0.0000"": 1, ""0.0500"": 2, ""0.1000"": 1}"
c3_w2_tcop_cm1_states_L0.4_km0_4221_up0_1000_s256,cm1,stageB,-0.2,-0.4221,0.1,,256,50,2,2,False,PRE_PRIMARY_PHASE_IMBALANCE,0.4191279999999999,0.0028535020489994485,3.151963833583923,-0.01672079460870485,-1.530124783571554,0.014328321003907626,0.02512761318643424,0.1145234865851876,0.24334880319999994,0.04650375915987868,True,True,False,False,False,-0.1999984658005633,-0.20214975104429733,0.00339797160026567,"{""0.0000"": 1, ""0.0500"": 1, ""0.1000"": 2}"
c3_w2_tcop_cm1_states_L0.4_km0_4221_up0_1000_s256,cm1,stageB,-0.2,-0.4221,0.1,,256,75,3,0,True,,0.415404,0.0016087175243955424,2.1341590671918174,-0.030961957729207044,-3.1780285561753687,0.010767463177921788,0.026163209244749873,0.13769727749926036,0.24272539680000005,0.04770195786338335,True,True,False,False,False,-0.1999984658005633,-0.20130025814423091,0.00339797160026567,"{""0.0000"": 2, ""0.0500"": 1, ""0.1000"": 1}"
c3_w2_tcop_cm1_states_L0.4_km0_4221_up0_1000_s256,cm1,stageB,-0.2,-0.4221,0.1,,256,100,4,1,True,,0.41652800000000006,0.001307222474864714,1.4454276472075769,-0.037840933149144204,-4.066819676960322,0.006543887961225432,0.026591622323201416,0.1373257016639321,0.24290974400000004,0.04870754783398565,True,True,False,False,False,-0.1999984658005633,-0.2017525575878321,0.00339797160026567,"{""0.0000"": 1, ""0.0500"": 2, ""0.1000"": 1}"
c3_w2_tcop_cm1_states_L0.4_km0_4221_up0_1000_s256,cm1,stageB,-0.2,-0.4221,0.1,,256,125,5,2,True,,0.41850000000000004,0.0011107685001426326,1.5171761423995285,-0.04842163722268737,-4.8782828360068065,0.01802101352782928,0.02653887832913747,0.15675029831122983,0.24323439519999998,0.04875274351254501,True,True,False,False,False,-0.1999984658005633,-0.20214975104429733,0.00339797160026567,"{""0.0000"": 1, ""0.0500"": 1, ""0.1000"": 2}"
c3_w2_tcop_cm1_states_L0.4_km0_4221_up0_1000_s256,cm1,stageB,-0.2,-0.4221,0.1,,256,150,6,0,True,,0.41662000000000005,7.511658384641684e-05,0.5798101679114054,-0.04113398472363214,-4.164748784666848,0.009893745339459442,0.02697282801033378,0.15745763487720787,0.242921496,0.048659383473282934,True,True,False,False,False,-0.1999984658005633,-0.20130025814423091,0.00339797160026567,"{""0.0000"": 2, ""0.0500"": 1, ""0.1000"": 1}"
c3_w2_tcop_cm1_states_L0.4_km0_4221_up0_1000_s256,cm1,stageB,-0.2,-0.4221,0.1,,256,175,7,1,True,,0.41828000000000004,0.0011365768329428397,1.5207025790496866,-0.037831012298711185,-3.657729733494449,0.019339411182828708,0.024883029942259185,0.13866309615888134,0.24321351359999993,0.04814729068182341,True,True,False,False,False,-0.1999984658005633,-0.2017525575878321,0.00339797160026567,"{""0.0000"": 1, ""0.0500"": 2, ""0.1000"": 1}"
c3_w2_tcop_cm1_states_L0.4_km0_4221_up0_1000_s256,cm1,stageB,-0.2,-0.4221,0.1,,256,200,8,2,True,,0.419388,0.0012829849701223596,1.5867480840885455,-0.03094649096879448,-3.30904286226388,0.0023356365739118094,0.024435321318038543,0.13829675589597995,0.24339668639999995,0.04733355528586459,True,True,False,False,False,-0.1999984658005633,-0.20214975104429733,0.00339797160026567,"{""0.0000"": 1, ""0.0500"": 1, ""0.1000"": 2}"
c3_w2_tcop_cm1_states_L0.4_km0_4221_up0_1000_s256,cm1,stageB,-0.2,-0.4221,0.1,,256,225,9,0,True,,0.415888,-6.11850125180991e-05,0.48171496902967914,-0.02893663619690087,-3.0390826170968093,0.0036855914949268484,0.024713919107288942,0.11926287818051291,0.24281952960000003,0.04739083725784975,True,True,False,False,False,-0.1999984658005633,-0.20130025814423091,0.00339797160026567,"{""0.0000"": 2, ""0.0500"": 1, ""0.1000"": 1}"
c3_w2_tcop_cm1_states_L0.4_km0_4221_up0_1000_s256,cm1,stageB,-0.2,-0.4221,0.1,,256,250,10,1,True,,0.4166320000000001,0.0023277278731282875,2.7255370562325574,-0.0384855231358481,-3.5436074734041245,0.018218761481803313,0.024508633554850848,0.1190499046663485,0.24294551039999998,0.04792761809228579,True,True,False,False,False,-0.1999984658005633,-0.2017525575878321,0.00339797160026567,"{""0.0000"": 1, ""0.0500"": 2, ""0.1000"": 1}"
c3_w2_tcop_cm1_states_L0.4_km0_4221_up0_1000_s256,cm1,stageB,-0.2,-0.4221,0.1,,256,275,11,2,True,,0.41819599999999996,0.0019396764161504754,2.423860362068162,-0.02265070829574075,-2.189520833298583,0.0037082972477005985,0.025166938439266446,0.12530009821877758,0.243197336,0.04821437113558571,True,True,False,False,False,-0.1999984658005633,-0.20214975104429733,0.00339797160026567,"{""0.0000"": 1, ""0.0500"": 1, ""0.1000"": 2}"
c3_w2_tcop_cm1_states_L0.4_km0_4221_up0_1000_s256,cm1,stageB,-0.2,-0.4221,0.1,,256,300,12,0,False,EXITS_PRIMARY_BLOCK_SET,0.41507600000000006,0.0019472082358530016,2.2140633882627196,-0.02323180583465256,-2.078384823103033,0.007542312867435921,0.024873632428342538,0.1329876934995334,0.24268132,0.04777064186296852,True,True,False,False,False,-0.1999984658005633,-0.20130025814423091,0.00339797160026567,"{""0.0000"": 2, ""0.0500"": 1, ""0.1000"": 1}"
c3_w2_tcop_cm1_states_L0.4_km0_4221_up0_1000_s1024,cm1,stageB,-0.2,-0.4221,0.1,,1024,0,0,0,False,PRE_PRIMARY_PHASE_IMBALANCE,0.412968,0.0015745963446351415,1.893617208348453,-0.02263479653229374,-2.3555702152390303,0.0379453298627418,0.08104094735463495,0.9162937541981611,0.24130536960000004,0.04774087322200967,False,True,False,False,False,-0.1999984658005633,-0.20130025814423091,0.00339797160026567,"{""0.0000"": 2, ""0.0500"": 1, ""0.1000"": 1}"
c3_w2_tcop_cm1_states_L0.4_km0_4221_up0_1000_s1024,cm1,stageB,-0.2,-0.4221,0.1,,1024,25,1,1,False,PRE_PRIMARY_PHASE_IMBALANCE,0.417232,0.0023864851458782425,2.732306270491048,-0.02850153149236559,-2.819215384880837,0.0023885503882185907,0.022694126107557045,0.09874602116149767,0.24305980159999996,0.0481183766974739,True,True,False,False,False,-0.1999984658005633,-0.2017525575878321,0.00339797160026567,"{""0.0000"": 1, ""0.0500"": 2, ""0.1000"": 1}"
c3_w2_tcop_cm1_states_L0.4_km0_4221_up0_1000_s1024,cm1,stageB,-0.2,-0.4221,0.1,,1024,50,2,2,False,PRE_PRIMARY_PHASE_IMBALANCE,0.419148,0.0021790072661996653,2.636483652589002,-0.031668262536915834,-3.4401440950890025,0.015732341326236632,0.024334014933610475,0.11738097255055266,0.24335892320000002,0.04852415992060038,True,True,False,False,False,-0.1999984658005633,-0.20214975104429733,0.00339797160026567,"{""0.0000"": 1, ""0.0500"": 1, ""0.1000"": 2}"
c3_w2_tcop_cm1_states_L0.4_km0_4221_up0_1000_s1024,cm1,stageB,-0.2,-0.4221,0.1,,1024,75,3,0,True,,0.41770399999999996,0.0015745892971084996,2.0656407089315874,-0.036559997517700636,-3.3776637515307915,0.015597675640057075,0.026387356381312593,0.15034569898697242,0.24310588160000002,0.047999253994202865,True,True,False,False,False,-0.1999984658005633,-0.20130025814423091,0.00339797160026567,"{""0.0000"": 2, ""0.0500"": 1, ""0.1000"": 1}"
c3_w2_tcop_cm1_states_L0.4_km0_4221_up0_1000_s1024,cm1,stageB,-0.2,-0.4221,0.1,,1024,100,4,1,True,,0.4184799999999999,0.001487417099037268,1.989091966018668,-0.03424893982167465,-3.452815659279175,0.022314982352965668,0.025126782277021087,0.1500669084542466,0.2432439232,0.04845131164375222,True,True,False,False,False,-0.1999984658005633,-0.2017525575878321,0.00339797160026567,"{""0.0000"": 1, ""0.0500"": 2, ""0.1000"": 1}"
c3_w2_tcop_cm1_states_L0.4_km0_4221_up0_1000_s1024,cm1,stageB,-0.2,-0.4221,0.1,,1024,125,5,2,True,,0.41872400000000004,0.001440377141236097,1.5603530149974068,-0.024485761035795178,-2.4609301431516513,0.014776078503011582,0.026453478528151192,0.14997946105315327,0.24327151840000003,0.04810750278283004,True,True,False,False,False,-0.1999984658005633,-0.20214975104429733,0.00339797160026567,"{""0.0000"": 1, ""0.0500"": 1, ""0.1000"": 2}"
c3_w2_tcop_cm1_states_L0.4_km0_4221_up0_1000_s1024,cm1,stageB,-0.2,-0.4221,0.1,,1024,150,6,0,True,,0.41553599999999996,0.0004361526643023746,0.8102215995488851,-0.015033393306142175,-1.478502870538298,0.007628116379975301,0.026055945913816228,0.13091525131176301,0.24274860480000005,0.04814553669863906,True,True,False,False,True,-0.1999984658005633,-0.20130025814423091,0.00339797160026567,"{""0.0000"": 2, ""0.0500"": 1, ""0.1000"": 1}"
c3_w2_tcop_cm1_states_L0.4_km0_4221_up0_1000_s1024,cm1,stageB,-0.2,-0.4221,0.1,,1024,175,7,1,True,,0.4158640000000001,0.0009236887444262328,1.242989267187073,-0.026462715198861002,-2.5795195043098933,0.0018446336057614387,0.024818869426318235,0.10868937895877154,0.2428146048,0.04794344067753168,True,True,False,False,False,-0.1999984658005633,-0.2017525575878321,0.00339797160026567,"{""0.0000"": 1, ""0.0500"": 2, ""0.1000"": 1}"
c3_w2_tcop_cm1_states_L0.4_km0_4221_up0_1000_s1024,cm1,stageB,-0.2,-0.4221,0.1,,1024,200,8,2,True,,0.4180479999999999,0.0011481327392611383,1.4254365481503801,-0.016936594096304682,-1.990559253894481,0.011554278486556982,0.02554543479062097,0.12438762983105377,0.24316982399999998,0.04876176469325121,True,True,False,False,True,-0.1999984658005633,-0.20214975104429733,0.00339797160026567,"{""0.0000"": 1, ""0.0500"": 1, ""0.1000"": 2}"
c3_w2_tcop_cm1_states_L0.4_km0_4221_up0_1000_s1024,cm1,stageB,-0.2,-0.4221,0.1,,1024,225,9,0,True,,0.41551999999999994,0.0009461099664043463,1.3287974248254328,-0.025016851224499932,-2.4973865452710244,0.0005406778631735771,0.025717331698862627,0.1318829415385952,0.24274893759999996,0.04881812778056938,True,True,False,False,False,-0.1999984658005633,-0.20130025814423091,0.00339797160026567,"{""0.0000"": 2, ""0.0500"": 1, ""0.1000"": 1}"
c3_w2_tcop_cm1_states_L0.4_km0_4221_up0_1000_s1024,cm1,stageB,-0.2,-0.4221,0.1,,1024,250,10,1,True,,0.417472,0.0015933642336259908,2.198932642627284,-0.0366434283180263,-3.6451869928936618,0.006592334827075441,0.024900010688380114,0.13701517673756528,0.24308107199999998,0.049011113188745264,True,True,False,False,False,-0.1999984658005633,-0.2017525575878321,0.00339797160026567,"{""0.0000"": 1, ""0.0500"": 2, ""0.1000"": 1}"
c3_w2_tcop_cm1_states_L0.4_km0_4221_up0_1000_s1024,cm1,stageB,-0.2,-0.4221,0.1,,1024,275,11,2,True,,0.4193879999999999,0.0013477177855285292,1.812947598891612,-0.03243179510149294,-3.1734683920196893,0.011420639017988041,0.02687821868770167,0.14497315100819974,0.24337463839999998,0.04891365306333192,True,True,False,False,False,-0.1999984658005633,-0.20214975104429733,0.00339797160026567,"{""0.0000"": 1, ""0.0500"": 1, ""0.1000"": 2}"
c3_w2_tcop_cm1_states_L0.4_km0_4221_up0_1000_s1024,cm1,stageB,-0.2,-0.4221,0.1,,1024,300,12,0,False,EXITS_PRIMARY_BLOCK_SET,0.416496,0.0011434983336815882,1.6175767844030566,-0.03039628630285385,-3.0193042426660575,0.008509552098777344,0.028380272605970532,0.14597979297285021,0.2428873632,0.04871264706418652,True,True,False,False,False,-0.1999984658005633,-0.20130025814423091,0.00339797160026567,"{""0.0000"": 2, ""0.0500"": 1, ""0.1000"": 1}"
c3_w2_tcop_cm1_states_L0.4_km0_4221_up0_1000_s31415,cm1,stageB,-0.2,-0.4221,0.1,,31415,0,0,0,False,PRE_PRIMARY_PHASE_IMBALANCE,0.41124799999999995,-0.00021340055823055855,0.2585729388119617,-0.021410765030796263,-2.1976520396644323,0.05335008062787216,0.08344244143567905,0.9269345968200828,0.24094552639999997,0.04772046202626291,False,True,False,False,False,-0.1999984658005633,-0.20130025814423091,0.00339797160026567,"{""0.0000"": 2, ""0.0500"": 1, ""0.1000"": 1}"
c3_w2_tcop_cm1_states_L0.4_km0_4221_up0_1000_s31415,cm1,stageB,-0.2,-0.4221,0.1,,31415,25,1,1,False,PRE_PRIMARY_PHASE_IMBALANCE,0.41648799999999997,0.0014613086389602694,1.738752398344743,-0.027481469679560104,-2.8777906545806022,0.0029967845639837,0.025738886324481538,0.15366589156550514,0.24291082880000003,0.048097254141998586,True,True,False,False,False,-0.1999984658005633,-0.2017525575878321,0.00339797160026567,"{""0.0000"": 1, ""0.0500"": 2, ""0.1000"": 1}"
c3_w2_tcop_cm1_states_L0.4_km0_4221_up0_1000_s31415,cm1,stageB,-0.2,-0.4221,0.1,,31415,50,2,2,False,PRE_PRIMARY_PHASE_IMBALANCE,0.41796799999999995,0.002041258338375973,2.339096056419348,-0.04003285149992753,-4.087422887451484,0.00036523194398021354,0.025717321464206935,0.1291964932023588,0.24315520959999998,0.04815673344403667,True,True,False,False,False,-0.1999984658005633,-0.20214975104429733,0.00339797160026567,"{""0.0000"": 1, ""0.0500"": 1, ""0.1000"": 2}"
c3_w2_tcop_cm1_states_L0.4_km0_4221_up0_1000_s31415,cm1,stageB,-0.2,-0.4221,0.1,,31415,75,3,0,True,,0.414972,0.0021996653658896996,2.7707584443469946,-0.042386005123340446,-4.610432807854433,0.007020163553472267,0.026199937801198628,0.13591278414950217,0.2426520336,0.04845822134581499,True,True,False,False,False,-0.1999984658005633,-0.20130025814423091,0.00339797160026567,"{""0.0000"": 2, ""0.0500"": 1, ""0.1000"": 1}"
c3_w2_tcop_cm1_states_L0.4_km0_4221_up0_1000_s31415,cm1,stageB,-0.2,-0.4221,0.1,,31415,100,4,1,True,,0.416612,0.0022781517979270334,2.6388854830334734,-0.03290378967696787,-3.3369836471361234,0.008914508896105459,0.026420201617196253,0.13537776123736772,0.24292528799999996,0.04770410313589388,True,True,False,False,False,-0.1999984658005633,-0.2017525575878321,0.00339797160026567,"{""0.0000"": 1, ""0.0500"": 2, ""0.1000"": 1}"
c3_w2_tcop_cm1_states_L0.4_km0_4221_up0_1000_s31415,cm1,stageB,-0.2,-0.4221,0.1,,31415,125,5,2,True,,0.41773599999999994,0.0027872872353383233,3.281764408507741,-0.02569627185092273,-2.683355181850027,0.008988776367275977,0.026972537746455815,0.1350135010269321,0.24310568000000005,0.047482989627865686,True,True,False,False,False,-0.1999984658005633,-0.20214975104429733,0.00339797160026567,"{""0.0000"": 1, ""0.0500"": 1, ""0.1000"": 2}"
c3_w2_tcop_cm1_states_L0.4_km0_4221_up0_1000_s31415,cm1,stageB,-0.2,-0.4221,0.1,,31415,150,6,0,True,,0.415004,0.002073213727704005,2.8606215194182196,-0.028130087194798866,-2.9434582109410243,0.0016419796945868037,0.02723287327705517,0.1243361506772557,0.24264795039999998,0.047320608449173594,True,True,False,False,False,-0.1999984658005633,-0.20130025814423091,0.00339797160026567,"{""0.0000"": 2, ""0.0500"": 1, ""0.1000"": 1}"
c3_w2_tcop_cm1_states_L0.4_km0_4221_up0_1000_s31415,cm1,stageB,-0.2,-0.4221,0.1,,31415,175,7,1,True,,0.41676,0.0012512678637102198,1.63756644028619,-0.03133878355656057,-3.0019492466505806,0.0067222385768627504,0.026451263819749563,0.1410883958607151,0.2429495776,0.04899777954152616,True,True,False,False,False,-0.1999984658005633,-0.2017525575878321,0.00339797160026567,"{""0.0000"": 1, ""0.0500"": 2, ""0.1000"": 1}"
c3_w2_tcop_cm1_states_L0.4_km0_4221_up0_1000_s31415,cm1,stageB,-0.2,-0.4221,0.1,,31415,200,8,2,True,,0.41791200000000006,0.002867082192801786,3.099087498639741,-0.03999015179379253,-4.052926538963407,0.006817427835700945,0.02685575962471329,0.14069947706526859,0.24313559679999994,0.04797457926860849,True,True,False,False,False,-0.1999984658005633,-0.20214975104429733,0.00339797160026567,"{""0.0000"": 1, ""0.0500"": 1, ""0.1000"": 2}"
c3_w2_tcop_cm1_states_L0.4_km0_4221_up0_1000_s31415,cm1,stageB,-0.2,-0.4221,0.1,,31415,225,9,0,True,,0.41510800000000003,0.0011036841946512415,1.5050680466056716,-0.037219860382946106,-3.3665880146008207,0.00639801107220398,0.027304160722614546,0.1532131393439464,0.24266488480000006,0.04777476672889152,True,True,False,False,False,-0.1999984658005633,-0.20130025814423091,0.00339797160026567,"{""0.0000"": 2, ""0.0500"": 1, ""0.1000"": 1}"
c3_w2_tcop_cm1_states_L0.4_km0_4221_up0_1000_s31415,cm1,stageB,-0.2,-0.4221,0.1,,31415,250,10,1,True,,0.41706400000000005,4.153104136524529e-05,0.43859324682477996,-0.02900349583279872,-3.1169499117467594,0.012430990062470414,0.02675873055111523,0.15249458080176054,0.242997072,0.04831003937071465,True,True,False,False,False,-0.1999984658005633,-0.2017525575878321,0.00339797160026567,"{""0.0000"": 1, ""0.0500"": 2, ""0.1000"": 1}"
c3_w2_tcop_cm1_states_L0.4_km0_4221_up0_1000_s31415,cm1,stageB,-0.2,-0.4221,0.1,,31415,275,11,2,True,,0.41788,0.000488879843660758,0.7479566726023708,-0.03419203245050102,-3.259541748569406,0.006482509056682921,0.02604234038258142,0.15219680254571466,0.2431378752,0.04810224111203136,True,True,False,False,False,-0.1999984658005633,-0.20214975104429733,0.00339797160026567,"{""0.0000"": 1, ""0.0500"": 1, ""0.1000"": 2}"
c3_w2_tcop_cm1_states_L0.4_km0_4221_up0_1000_s31415,cm1,stageB,-0.2,-0.4221,0.1,,31415,300,12,0,False,EXITS_PRIMARY_BLOCK_SET,0.416184,-0.001049527906419232,-0.6415783157562149,-0.03255826413376154,-3.1164739356196995,0.013045534958691362,0.024956181262277666,0.1528170228725348,0.2428670016,0.048120662339581316,True,True,False,False,False,-0.1999984658005633,-0.20130025814423091,0.00339797160026567,"{""0.0000"": 2, ""0.0500"": 1, ""0.1000"": 1}"
c3_w2_tcop_cm1_states_L0.4_km0_4221_up0_2500_s42,cm1,stageB,-0.2,-0.4221,0.25,,42,0,0,0,False,PRE_PRIMARY_PHASE_IMBALANCE,0.41918,0.0009105178627661819,1.231516059453419,-0.03311127907010176,-3.0800302101180184,0.05444372851227085,0.08489869486922275,0.8721790140937569,0.24220163360000002,0.04863257755866946,False,True,False,False,False,-0.1999984658005633,-0.20271908996104354,0.006775069759044738,"{""0.0000"": 2, ""0.1250"": 1, ""0.2500"": 1}"
c3_w2_tcop_cm1_states_L0.4_km0_4221_up0_2500_s42,cm1,stageB,-0.2,-0.4221,0.25,,42,25,1,1,False,PRE_PRIMARY_PHASE_IMBALANCE,0.42574399999999996,0.0017356943878278105,2.3436536849039977,-0.03338661107813718,-3.30988174681624,0.02105024658144373,0.03206998235897972,0.1709947758019027,0.2442996256,0.0478502504068683,True,True,False,False,False,-0.1999984658005633,-0.20374594668176255,0.006775069759044738,"{""0.0000"": 1, ""0.1250"": 2, ""0.2500"": 1}"
c3_w2_tcop_cm1_states_L0.4_km0_4221_up0_2500_s42,cm1,stageB,-0.2,-0.4221,0.25,,42,50,2,2,False,PRE_PRIMARY_PHASE_IMBALANCE,0.430008,0.0026703372481355447,3.043817783538608,-0.02746818132008256,-2.5949285361839483,0.020053353170586503,0.036529869082777396,0.17115960593486723,0.24485437440000002,0.048073276734585085,True,True,False,False,False,-0.1999984658005633,-0.20441285740080473,0.006775069759044738,"{""0.0000"": 1, ""0.1250"": 1, ""0.2500"": 2}"
c3_w2_tcop_cm1_states_L0.4_km0_4221_up0_2500_s42,cm1,stageB,-0.2,-0.4221,0.25,,42,75,3,0,True,,0.4232119999999999,0.002579782767620138,3.138291825889116,-0.037582185187999315,-3.7651280738797817,0.005749183167258567,0.03871539042363112,0.18430479243427697,0.2438351408,0.04850116551176889,True,True,False,False,False,-0.1999984658005633,-0.20271908996104354,0.006775069759044738,"{""0.0000"": 2, ""0.1250"": 1, ""0.2500"": 1}"
c3_w2_tcop_cm1_states_L0.4_km0_4221_up0_2500_s42,cm1,stageB,-0.2,-0.4221,0.25,,42,100,4,1,True,,0.42651199999999995,0.0032280191932700024,3.4856074356675246,-0.03395036879476695,-3.6376607585001075,0.025601089515865122,0.03653680068757837,0.1828787931338889,0.244356672,0.04751414374688867,True,True,False,False,False,-0.1999984658005633,-0.20374594668176255,0.006775069759044738,"{""0.0000"": 1, ""0.1250"": 2, ""0.2500"": 1}"
c3_w2_tcop_cm1_states_L0.4_km0_4221_up0_2500_s42,cm1,stageB,-0.2,-0.4221,0.25,,42,125,5,2,True,,0.42986800000000003,0.002328859531164901,2.755960041494077,-0.028802722722714745,-2.673774006255666,0.0066250215923344385,0.037976556936958686,0.18145104966768624,0.244815,0.04746390814081791,True,True,False,False,False,-0.1999984658005633,-0.20441285740080473,0.006775069759044738,"{""0.0000"": 1, ""0.1250"": 1, ""0.2500"": 2}"
c3_w2_tcop_cm1_states_L0.4_km0_4221_up0_2500_s42,cm1,stageB,-0.2,-0.4221,0.25,,42,150,6,0,True,,0.422636,0.002150793048441879,2.3844615795973985,-0.023217211756142574,-2.062654295625518,0.01529923287500535,0.037994173241451636,0.1627878359562654,0.24375696160000004,0.047443139693742864,True,True,False,False,False,-0.1999984658005633,-0.20271908996104354,0.006775069759044738,"{""0.0000"": 2, ""0.1250"": 1, ""0.2500"": 1}"
c3_w2_tcop_cm1_states_L0.4_km0_4221_up0_2500_s42,cm1,stageB,-0.2,-0.4221,0.25,,42,175,7,1,True,,0.42619999999999997,0.002698379154564159,3.3261792508406467,-0.01720237370133826,-1.5568304261249595,0.024005779217050764,0.03383866414124439,0.13796339714227268,0.24434556480000003,0.04794288268345991,True,True,False,False,False,-0.1999984658005633,-0.20374594668176255,0.006775069759044738,"{""0.0000"": 1, ""0.1250"": 2, ""0.2500"": 1}"
c3_w2_tcop_cm1_states_L0.4_km0_4221_up0_2500_s42,cm1,stageB,-0.2,-0.4221,0.25,,42,200,8,2,True,,0.4291679999999999,0.002572024233446838,2.660450698026555,-0.015597268869445756,-1.5504250436396354,0.010549092016935952,0.03549226135448284,0.13887335463297973,0.24475080959999995,0.04774293430446017,True,True,False,False,False,-0.1999984658005633,-0.20441285740080473,0.006775069759044738,"{""0.0000"": 1, ""0.1250"": 1, ""0.2500"": 2}"
c3_w2_tcop_cm1_states_L0.4_km0_4221_up0_2500_s42,cm1,stageB,-0.2,-0.4221,0.25,,42,225,9,0,True,,0.42302000000000006,0.0025327427472867908,3.1909674023786234,-0.018647741679661097,-1.8260966769970648,0.015850481043922737,0.03588364450167443,0.14372842857612306,0.24384366240000002,0.048126080247616256,True,True,False,False,False,-0.1999984658005633,-0.20271908996104354,0.006775069759044738,"{""0.0000"": 2, ""0.1250"": 1, ""0.2500"": 1}"
c3_w2_tcop_cm1_states_L0.4_km0_4221_up0_2500_s42,cm1,stageB,-0.2,-0.4221,0.25,,42,250,10,1,True,,0.42618,0.001310716813820679,1.8310061081561566,-0.03201533362318256,-3.317843211898015,0.02006057281297469,0.032306022514895685,0.14360129489041892,0.24436104479999998,0.04855932042358089,True,True,False,False,False,-0.1999984658005633,-0.20374594668176255,0.006775069759044738,"{""0.0000"": 1, ""0.1250"": 2, ""0.2500"": 1}"
c3_w2_tcop_cm1_states_L0.4_km0_4221_up0_2500_s42,cm1,stageB,-0.2,-0.4221,0.25,,42,275,11,2,True,,0.42970800000000003,0.0010585329370395961,1.462655212205185,-0.041150015647855545,-4.058188843842588,0.012267975351746997,0.03511540764576594,0.14242229573938053,0.2448313456,0.04703227334501278,True,True,False,False,False,-0.1999984658005633,-0.20441285740080473,0.006775069759044738,"{""0.0000"": 1, ""0.1250"": 1, ""0.2500"": 2}"
c3_w2_tcop_cm1_states_L0.4_km0_4221_up0_2500_s42,cm1,stageB,-0.2,-0.4221,0.25,,42,300,12,0,False,EXITS_PRIMARY_BLOCK_SET,0.42316399999999993,-0.00012507958369508505,0.27335880734424867,-0.03253145198049531,-3.375115933470226,0.0037736662007986335,0.03694360847487128,0.16447523852578377,0.24385183200000005,0.04715961306032949,True,True,False,False,False,-0.1999984658005633,-0.20271908996104354,0.006775069759044738,"{""0.0000"": 2, ""0.1250"": 1, ""0.2500"": 1}"
c3_w2_tcop_cm1_states_L0.4_km0_4221_up0_2500_s137,cm1,stageB,-0.2,-0.4221,0.25,,137,0,0,0,False,PRE_PRIMARY_PHASE_IMBALANCE,0.4202680000000001,0.001699781751769086,2.2914701545307925,-0.02997085171272117,-3.158913461402132,0.045106588273344496,0.08467363077725928,0.8718246431519298,0.242376472,0.047302940458284405,False,True,False,False,False,-0.1999984658005633,-0.20271908996104354,0.006775069759044738,"{""0.0000"": 2, ""0.1250"": 1, ""0.2500"": 1}"
c3_w2_tcop_cm1_states_L0.4_km0_4221_up0_2500_s137,cm1,stageB,-0.2,-0.4221,0.25,,137,25,1,1,False,PRE_PRIMARY_PHASE_IMBALANCE,0.42574399999999996,0.002064556196257933,2.499628254461229,-0.03335940241904313,-3.5570122122888006,0.021151726156799996,0.0344938734912134,0.1662971171260261,0.2442703808,0.0471631897140132,True,True,False,False,False,-0.1999984658005633,-0.20374594668176255,0.006775069759044738,"{""0.0000"": 1, ""0.1250"": 2, ""0.2500"": 1}"
c3_w2_tcop_cm1_states_L0.4_km0_4221_up0_2500_s137,cm1,stageB,-0.2,-0.4221,0.25,,137,50,2,2,False,PRE_PRIMARY_PHASE_IMBALANCE,0.42970400000000003,0.0037576110845278232,3.982702623964553,-0.040506396016332935,-3.847508079349571,0.011877642226185932,0.03703884556939701,0.18152030192523144,0.24480516160000002,0.047719098734154655,True,True,False,False,False,-0.1999984658005633,-0.20441285740080473,0.006775069759044738,"{""0.0000"": 1, ""0.1250"": 1, ""0.2500"": 2}"
c3_w2_tcop_cm1_states_L0.4_km0_4221_up0_2500_s137,cm1,stageB,-0.2,-0.4221,0.25,,137,75,3,0,True,,0.4227079999999999,0.003666580686737711,3.7718996451288547,-0.033501926475385774,-2.936254458821151,0.008025065099069594,0.03865708466455031,0.19398733831868012,0.24375892959999998,0.04729045079083091,True,True,False,False,False,-0.1999984658005633,-0.20271908996104354,0.006775069759044738,"{""0.0000"": 2, ""0.1250"": 1, ""0.2500"": 1}"
c3_w2_tcop_cm1_states_L0.4_km0_4221_up0_2500_s137,cm1,stageB,-0.2,-0.4221,0.25,,137,100,4,1,True,,0.42610799999999993,0.003555531100029529,4.169807376383881,-0.030315893923405477,-3.0330902186744715,0.021981414626534346,0.035472997019763655,0.19243947498653038,0.24431149919999992,0.04682064006397179,True,True,False,False,False,-0.1999984658005633,-0.20374594668176255,0.006775069759044738,"{""0.0000"": 1, ""0.1250"": 2, ""0.2500"": 1}"
c3_w2_tcop_cm1_states_L0.4_km0_4221_up0_2500_s137,cm1,stageB,-0.2,-0.4221,0.25,,137,125,5,2,True,,0.4295759999999999,0.0031006047162852944,3.9454709011612903,-0.01791075669365968,-1.5847128588569759,0.011452064225522777,0.03550599161576164,0.19088589634689573,0.24480782079999996,0.04648333275487032,True,True,False,False,False,-0.1999984658005633,-0.20441285740080473,0.006775069759044738,"{""0.0000"": 1, ""0.1250"": 1, ""0.2500"": 2}"
c3_w2_tcop_cm1_states_L0.4_km0_4221_up0_2500_s137,cm1,stageB,-0.2,-0.4221,0.25,,137,150,6,0,True,,0.42239200000000005,0.0027398432452858325,3.256548464004299,-0.0243803141020464,-2.4809348978147097,0.011317255110148543,0.03619871333388363,0.16761681052762162,0.2437432128,0.04728084533931262,True,True,False,False,False,-0.1999984658005633,-0.20271908996104354,0.006775069759044738,"{""0.0000"": 2, ""0.1250"": 1, ""0.2500"": 1}"
c3_w2_tcop_cm1_states_L0.4_km0_4221_up0_2500_s137,cm1,stageB,-0.2,-0.4221,0.25,,137,175,7,1,True,,0.426104,0.00200830558365854,2.2533243259001074,-0.029740149388892634,-3.2214039007595408,0.022362974468502064,0.03159090207406581,0.1595854529420389,0.24435818239999998,0.0481250577558095,True,True,False,False,False,-0.1999984658005633,-0.20374594668176255,0.006775069759044738,"{""0.0000"": 1, ""0.1250"": 2, ""0.2500"": 1}"
c3_w2_tcop_cm1_states_L0.4_km0_4221_up0_2500_s137,cm1,stageB,-0.2,-0.4221,0.25,,137,200,8,2,True,,0.4294920000000001,0.002704056263955564,3.0560269338577655,-0.021674362630153418,-2.1824196232608566,0.014346381658494592,0.03484898979406303,0.17602190453833383,0.2448046,0.04689159771217014,True,True,False,False,False,-0.1999984658005633,-0.20441285740080473,0.006775069759044738,"{""0.0000"": 1, ""0.1250"": 1, ""0.2500"": 2}"
c3_w2_tcop_cm1_states_L0.4_km0_4221_up0_2500_s137,cm1,stageB,-0.2,-0.4221,0.25,,137,225,9,0,True,,0.422956,0.002132849812919704,2.720722988620475,-0.011371150345303673,-1.079061237210569,0.0149233281386137,0.03561025041033522,0.17874199638084812,0.24383737119999999,0.04725105357555533,True,True,False,False,False,-0.1999984658005633,-0.20271908996104354,0.006775069759044738,"{""0.0000"": 2, ""0.1250"": 1, ""0.2500"": 1}"
c3_w2_tcop_cm1_states_L0.4_km0_4221_up0_2500_s137,cm1,stageB,-0.2,-0.4221,0.25,,137,250,10,1,True,,0.426052,0.0017379131365761616,1.9594367734679636,-0.042190202798154254,-4.3091248479515025,0.027879385095954223,0.032534364181112434,0.16993230833341388,0.2443395568,0.047431353512207515,True,True,False,False,False,-0.1999984658005633,-0.20374594668176255,0.006775069759044738,"{""0.0000"": 1, ""0.1250"": 2, ""0.2500"": 1}"
c3_w2_tcop_cm1_states_L0.4_km0_4221_up0_2500_s137,cm1,stageB,-0.2,-0.4221,0.25,,137,275,11,2,True,,0.429756,0.002991272281732491,3.379379428747133,-0.04552463382881115,-4.425110085298022,0.014792197639539909,0.0369681691357781,0.16846768824991917,0.2448133744,0.04757037380555255,True,True,False,False,False,-0.1999984658005633,-0.20441285740080473,0.006775069759044738,"{""0.0000"": 1, ""0.1250"": 1, ""0.2500"": 2}"
c3_w2_tcop_cm1_states_L0.4_km0_4221_up0_2500_s137,cm1,stageB,-0.2,-0.4221,0.25,,137,300,12,0,False,EXITS_PRIMARY_BLOCK_SET,0.4225960000000001,0.0015639661418289446,2.1750378011202303,-0.03158561671652715,-3.3448670199739725,0.008296412163777803,0.03856586068102504,0.17226854922368282,0.2437430032,0.047227330900655395,True,True,False,False,False,-0.1999984658005633,-0.20271908996104354,0.006775069759044738,"{""0.0000"": 2, ""0.1250"": 1, ""0.2500"": 1}"
c3_w2_tcop_cm1_states_L0.4_km0_4221_up0_2500_s256,cm1,stageB,-0.2,-0.4221,0.25,,256,0,0,0,False,PRE_PRIMARY_PHASE_IMBALANCE,0.42150000000000004,0.0022272490270252407,2.478639557532115,-0.024613045946541925,-2.453985355625705,0.05934543618219628,0.08632094125172945,0.8967971508972783,0.24251393440000002,0.04616697954165942,False,True,False,False,False,-0.1999984658005633,-0.20271908996104354,0.006775069759044738,"{""0.0000"": 2, ""0.1250"": 1, ""0.2500"": 1}"
c3_w2_tcop_cm1_states_L0.4_km0_4221_up0_2500_s256,cm1,stageB,-0.2,-0.4221,0.25,,256,25,1,1,False,PRE_PRIMARY_PHASE_IMBALANCE,0.4276919999999999,0.0024609770202534357,2.550525474155092,-0.020714329518359994,-1.9824313658307793,0.03157185608208386,0.033242102825300414,0.15151090001330195,0.24456941919999997,0.04580298173700049,True,True,False,False,False,-0.1999984658005633,-0.20374594668176255,0.006775069759044738,"{""0.0000"": 1, ""0.1250"": 2, ""0.2500"": 1}"
c3_w2_tcop_cm1_states_L0.4_km0_4221_up0_2500_s256,cm1,stageB,-0.2,-0.4221,0.25,,256,50,2,2,False,PRE_PRIMARY_PHASE_IMBALANCE,0.430432,0.004079229204578795,4.347083474918648,-0.011499528217913179,-1.0379071530448967,0.005927661371800431,0.03469900182040077,0.15054642742513008,0.24493722240000002,0.04580451261611677,True,True,False,False,False,-0.1999984658005633,-0.20441285740080473,0.006775069759044738,"{""0.0000"": 1, ""0.1250"": 1, ""0.2500"": 2}"
c3_w2_tcop_cm1_states_L0.4_km0_4221_up0_2500_s256,cm1,stageB,-0.2,-0.4221,0.25,,256,75,3,0,True,,0.42246,0.002249971514899096,2.7654387153447493,-0.026136523456731873,-2.8057444991178397,0.003599280527402207,0.035998264678809906,0.18084552340849902,0.2437562704,0.04731076410289735,True,True,False,False,False,-0.1999984658005633,-0.20271908996104354,0.006775069759044738,"{""0.0000"": 2, ""0.1250"": 1, ""0.2500"": 1}"
c3_w2_tcop_cm1_states_L0.4_km0_4221_up0_2500_s256,cm1,stageB,-0.2,-0.4221,0.25,,256,100,4,1,True,,0.4255400000000001,0.0021279204185297744,2.1293193934210057,-0.03168033797185227,-3.399884629714149,0.023136590053388802,0.03415858747590329,0.17953658838290976,0.2442444176,0.047950687169215835,True,True,False,False,False,-0.1999984658005633,-0.20374594668176255,0.006775069759044738,"{""0.0000"": 1, ""0.1250"": 2, ""0.2500"": 1}"
c3_w2_tcop_cm1_states_L0.4_km0_4221_up0_2500_s256,cm1,stageB,-0.2,-0.4221,0.25,,256,125,5,2,True,,0.4295959999999999,0.002325587188876272,2.798232497420637,-0.03958423554129018,-3.8423136905119737,0.02305447533958991,0.03695182482837163,0.19925697585811564,0.2447912816,0.04816842102456754,True,True,False,False,False,-0.1999984658005633,-0.20441285740080473,0.006775069759044738,"{""0.0000"": 1, ""0.1250"": 1, ""0.2500"": 2}"
c3_w2_tcop_cm1_states_L0.4_km0_4221_up0_2500_s256,cm1,stageB,-0.2,-0.4221,0.25,,256,150,6,0,True,,0.4233760000000001,0.0006617829741008426,1.1554365640806021,-0.038294287754941994,-3.8882618423892965,0.017020333186197455,0.03842607073052351,0.2021843462969456,0.2438640928,0.04836240920384343,True,True,False,False,False,-0.1999984658005633,-0.20271908996104354,0.006775069759044738,"{""0.0000"": 2, ""0.1250"": 1, ""0.2500"": 1}"
c3_w2_tcop_cm1_states_L0.4_km0_4221_up0_2500_s256,cm1,stageB,-0.2,-0.4221,0.25,,256,175,7,1,True,,0.42706399999999994,0.001513193786834323,1.818294240722581,-0.03583268115850103,-3.45087159094645,0.032023508365812255,0.033533162822565875,0.1676563696128534,0.24447525439999995,0.04770010381540065,True,True,False,False,False,-0.1999984658005633,-0.20374594668176255,0.006775069759044738,"{""0.0000"": 1, ""0.1250"": 2, ""0.2500"": 1}"
c3_w2_tcop_cm1_states_L0.4_km0_4221_up0_2500_s256,cm1,stageB,-0.2,-0.4221,0.25,,256,200,8,2,True,,0.43046799999999996,0.001595340364647796,1.88428946451816,-0.023400210278325093,-2.4882592020920513,0.00731388821508246,0.0356419159826411,0.16633059793914856,0.2449299024,0.04683055600780329,True,True,False,False,False,-0.1999984658005633,-0.20441285740080473,0.006775069759044738,"{""0.0000"": 1, ""0.1250"": 1, ""0.2500"": 2}"
c3_w2_tcop_cm1_states_L0.4_km0_4221_up0_2500_s256,cm1,stageB,-0.2,-0.4221,0.25,,256,225,9,0,True,,0.4228080000000001,-0.00012480751032507202,0.38745250323935204,-0.02624185694720162,-2.8297199825093395,0.0050706097906577504,0.03671135234162504,0.1532610543006257,0.24380046720000004,0.04709177354910304,True,True,False,False,False,-0.1999984658005633,-0.20271908996104354,0.006775069759044738,"{""0.0000"": 2, ""0.1250"": 1, ""0.2500"": 1}"
c3_w2_tcop_cm1_states_L0.4_km0_4221_up0_2500_s256,cm1,stageB,-0.2,-0.4221,0.25,,256,250,10,1,True,,0.42554000000000003,0.0023338058053719826,2.677077740920654,-0.03489579835734813,-3.2077315520763734,0.03245011244451387,0.03370838725814676,0.15039714210086677,0.24424995040000003,0.04738763973864915,True,True,False,False,False,-0.1999984658005633,-0.20374594668176255,0.006775069759044738,"{""0.0000"": 1, ""0.1250"": 2, ""0.2500"": 1}"
c3_w2_tcop_cm1_states_L0.4_km0_4221_up0_2500_s256,cm1,stageB,-0.2,-0.4221,0.25,,256,275,11,2,True,,0.42933600000000005,0.0025781940284478107,2.9777188867963384,-0.020495894886415362,-1.9544023955864656,0.010731689723999977,0.036997371899718676,0.1704958350324784,0.24475428799999996,0.0476113337767385,True,True,False,False,False,-0.1999984658005633,-0.20441285740080473,0.006775069759044738,"{""0.0000"": 1, ""0.1250"": 1, ""0.2500"": 2}"
c3_w2_tcop_cm1_states_L0.4_km0_4221_up0_2500_s256,cm1,stageB,-0.2,-0.4221,0.25,,256,300,12,0,False,EXITS_PRIMARY_BLOCK_SET,0.42201200000000005,0.0024409121686977376,2.6863383506889464,-0.01958830313670675,-1.7652711839762474,0.01457677777631696,0.0373368387886373,0.18008966526996942,0.2436696016,0.04747959410104514,True,True,False,False,False,-0.1999984658005633,-0.20271908996104354,0.006775069759044738,"{""0.0000"": 2, ""0.1250"": 1, ""0.2500"": 1}"
c3_w2_tcop_cm1_states_L0.4_km0_4221_up0_2500_s1024,cm1,stageB,-0.2,-0.4221,0.25,,1024,0,0,0,False,PRE_PRIMARY_PHASE_IMBALANCE,0.4198159999999999,0.0015133080723103117,1.8213522082460383,-0.022390358851739317,-2.3359491224909568,0.0477479764675609,0.08516753513050068,0.9013472547464908,0.24229212800000002,0.046920849779175995,False,True,False,False,False,-0.1999984658005633,-0.20271908996104354,0.006775069759044738,"{""0.0000"": 2, ""0.1250"": 1, ""0.2500"": 1}"
c3_w2_tcop_cm1_states_L0.4_km0_4221_up0_2500_s1024,cm1,stageB,-0.2,-0.4221,0.25,,1024,25,1,1,False,PRE_PRIMARY_PHASE_IMBALANCE,0.42616,0.002616292145762167,2.998206497923088,-0.02619634015254606,-2.505229711904349,0.01815274446031279,0.03150195327428807,0.13797634658819147,0.2443674272,0.047314843336948714,True,True,False,False,False,-0.1999984658005633,-0.20374594668176255,0.006775069759044738,"{""0.0000"": 1, ""0.1250"": 2, ""0.2500"": 1}"
c3_w2_tcop_cm1_states_L0.4_km0_4221_up0_2500_s1024,cm1,stageB,-0.2,-0.4221,0.25,,1024,50,2,2,False,PRE_PRIMARY_PHASE_IMBALANCE,0.43009600000000003,0.0025480452367207026,2.913060956813793,-0.030809145886131394,-3.2816388397240623,0.019132897955704952,0.03445215032394628,0.14694393775588727,0.24489386560000004,0.04775762540160472,True,True,False,False,False,-0.1999984658005633,-0.20441285740080473,0.006775069759044738,"{""0.0000"": 1, ""0.1250"": 1, ""0.2500"": 2}"
c3_w2_tcop_cm1_states_L0.4_km0_4221_up0_2500_s1024,cm1,stageB,-0.2,-0.4221,0.25,,1024,75,3,0,True,,0.42428799999999994,0.0019828595774409553,2.4089584453411232,-0.036971948623787936,-3.4572535027613545,0.02228784604861913,0.03620601814670957,0.18100912545014453,0.24403170880000002,0.04738283503548516,True,True,False,False,False,-0.1999984658005633,-0.20271908996104354,0.006775069759044738,"{""0.0000"": 2, ""0.1250"": 1, ""0.2500"": 1}"
c3_w2_tcop_cm1_states_L0.4_km0_4221_up0_2500_s1024,cm1,stageB,-0.2,-0.4221,0.25,,1024,100,4,1,True,,0.42715600000000004,0.0019886456461659695,2.4736477382206807,-0.0350614737784768,-3.5518098398899363,0.03447160391233165,0.031859106022539725,0.1797937985658781,0.24450855199999996,0.04759024757237558,True,True,False,False,False,-0.1999984658005633,-0.20374594668176255,0.006775069759044738,"{""0.0000"": 1, ""0.1250"": 2, ""0.2500"": 1}"
c3_w2_tcop_cm1_states_L0.4_km0_4221_up0_2500_s1024,cm1,stageB,-0.2,-0.4221,0.25,,1024,125,5,2,True,,0.4296920000000001,0.0017641329337907282,1.8423011240210174,-0.023595245098090727,-2.316632631879739,0.00565913063929001,0.03516504877041289,0.18059447189941985,0.2448284688,0.0473069248207913,True,True,False,False,False,-0.1999984658005633,-0.20441285740080473,0.006775069759044738,"{""0.0000"": 1, ""0.1250"": 1, ""0.2500"": 2}"
c3_w2_tcop_cm1_states_L0.4_km0_4221_up0_2500_s1024,cm1,stageB,-0.2,-0.4221,0.25,,1024,150,6,0,True,,0.42242799999999997,0.0007255454952349413,1.083113456286876,-0.017240452718196568,-1.7281834325256642,0.0010108295360611154,0.035682251123070385,0.18369994369762435,0.24375538400000005,0.04806230140141023,True,True,False,False,True,-0.1999984658005633,-0.20271908996104354,0.006775069759044738,"{""0.0000"": 2, ""0.1250"": 1, ""0.2500"": 1}"
c3_w2_tcop_cm1_states_L0.4_km0_4221_up0_2500_s1024,cm1,stageB,-0.2,-0.4221,0.25,,1024,175,7,1,True,,0.4247440000000001,0.0011915800982682794,1.4779764029202849,-0.02837502240396668,-2.757552230236124,0.017156519446337174,0.033381333667132924,0.15632945925939043,0.24413550399999998,0.04751646518839548,True,True,False,False,False,-0.1999984658005633,-0.20374594668176255,0.006775069759044738,"{""0.0000"": 1, ""0.1250"": 2, ""0.2500"": 1}"
c3_w2_tcop_cm1_states_L0.4_km0_4221_up0_2500_s1024,cm1,stageB,-0.2,-0.4221,0.25,,1024,200,8,2,True,,0.4291320000000001,0.001503461492320016,1.7885858308014035,-0.02136884111057378,-2.36669098072112,0.01900080946314355,0.03638543159359822,0.1612557437775423,0.2447339248,0.0478924480059226,True,True,False,False,False,-0.1999984658005633,-0.20441285740080473,0.006775069759044738,"{""0.0000"": 1, ""0.1250"": 1, ""0.2500"": 2}"
c3_w2_tcop_cm1_states_L0.4_km0_4221_up0_2500_s1024,cm1,stageB,-0.2,-0.4221,0.25,,1024,225,9,0,True,,0.422448,0.0011696573529687438,1.5884983426902557,-0.028332454271904194,-2.7663011458421165,0.008948741688574393,0.03808558551906764,0.17516948790106834,0.2437268256,0.04812657577679925,True,True,False,False,False,-0.1999984658005633,-0.20271908996104354,0.006775069759044738,"{""0.0000"": 2, ""0.1250"": 1, ""0.2500"": 1}"
c3_w2_tcop_cm1_states_L0.4_km0_4221_up0_2500_s1024,cm1,stageB,-0.2,-0.4221,0.25,,1024,250,10,1,True,,0.42656799999999995,0.0019512146742017495,2.49493173518872,-0.03576850413076818,-3.525356620732189,0.019385671009798135,0.034859156736559274,0.17347761629217945,0.24438663039999997,0.048289764712617936,True,True,False,False,False,-0.1999984658005633,-0.20374594668176255,0.006775069759044738,"{""0.0000"": 1, ""0.1250"": 2, ""0.2500"": 1}"
c3_w2_tcop_cm1_states_L0.4_km0_4221_up0_2500_s1024,cm1,stageB,-0.2,-0.4221,0.25,,1024,275,11,2,True,,0.430776,0.0018130430992160207,2.3566534973430904,-0.0290188774715068,-2.7965823909183145,0.01912609775675656,0.0383786862205632,0.17364012810917936,0.24493471039999995,0.047770679543000016,True,True,False,False,False,-0.1999984658005633,-0.20441285740080473,0.006775069759044738,"{""0.0000"": 1, ""0.1250"": 1, ""0.2500"": 2}"
c3_w2_tcop_cm1_states_L0.4_km0_4221_up0_2500_s1024,cm1,stageB,-0.2,-0.4221,0.25,,1024,300,12,0,False,EXITS_PRIMARY_BLOCK_SET,0.423592,0.0014582995948423778,1.9907187239983397,-0.024842637804345542,-2.436614851456835,0.015306068900095405,0.0405631396931304,0.17658501535301646,0.24386658880000003,0.04802725826028382,True,True,False,False,False,-0.1999984658005633,-0.20271908996104354,0.006775069759044738,"{""0.0000"": 2, ""0.1250"": 1, ""0.2500"": 1}"
c3_w2_tcop_cm1_states_L0.4_km0_4221_up0_2500_s31415,cm1,stageB,-0.2,-0.4221,0.25,,31415,0,0,0,False,PRE_PRIMARY_PHASE_IMBALANCE,0.41798,5.5860847561499964e-05,0.48662465866733307,-0.023343816890493956,-2.3174018315204097,0.06239487037275257,0.08837227858528711,0.9120053569261558,0.2419083152,0.04705188200274246,False,True,False,False,False,-0.1999984658005633,-0.20271908996104354,0.006775069759044738,"{""0.0000"": 2, ""0.1250"": 1, ""0.2500"": 1}"
c3_w2_tcop_cm1_states_L0.4_km0_4221_up0_2500_s31415,cm1,stageB,-0.2,-0.4221,0.25,,31415,25,1,1,False,PRE_PRIMARY_PHASE_IMBALANCE,0.42526400000000003,0.0017261794960092625,2.0040581251840432,-0.031446794092109716,-3.236775100356262,0.0188569968333434,0.03479421274687921,0.17400955600753976,0.2441955872,0.047318181537332984,True,True,False,False,False,-0.1999984658005633,-0.20374594668176255,0.006775069759044738,"{""0.0000"": 1, ""0.1250"": 2, ""0.2500"": 1}"
c3_w2_tcop_cm1_states_L0.4_km0_4221_up0_2500_s31415,cm1,stageB,-0.2,-0.4221,0.25,,31415,50,2,2,False,PRE_PRIMARY_PHASE_IMBALANCE,0.42910400000000004,0.002225540810564802,2.5287062752566865,-0.03948895083067605,-3.983086487855832,0.006782810335775202,0.03657266258370421,0.1640627909223339,0.24472747199999997,0.04717793111190867,True,True,False,False,False,-0.1999984658005633,-0.20441285740080473,0.006775069759044738,"{""0.0000"": 1, ""0.1250"": 1, ""0.2500"": 2}"
c3_w2_tcop_cm1_states_L0.4_km0_4221_up0_2500_s31415,cm1,stageB,-0.2,-0.4221,0.25,,31415,75,3,0,True,,0.421836,0.0023009386989810265,2.827821037778342,-0.04027206460987693,-4.341197490284793,0.014678451282585315,0.03748737135566274,0.1773200955411106,0.24364032160000004,0.04800363636225906,True,True,False,False,False,-0.1999984658005633,-0.20271908996104354,0.006775069759044738,"{""0.0000"": 2, ""0.1250"": 1, ""0.2500"": 1}"
c3_w2_tcop_cm1_states_L0.4_km0_4221_up0_2500_s31415,cm1,stageB,-0.2,-0.4221,0.25,,31415,100,4,1,True,,0.42554400000000003,0.002676477928068317,3.1721466554561104,-0.03204359762221582,-3.1992124942836644,0.022068644125738304,0.03483257990486643,0.1757750075767136,0.24423658880000002,0.0468775432803384,True,True,False,False,False,-0.1999984658005633,-0.20374594668176255,0.006775069759044738,"{""0.0000"": 1, ""0.1250"": 2, ""0.2500"": 1}"
c3_w2_tcop_cm1_states_L0.4_km0_4221_up0_2500_s31415,cm1,stageB,-0.2,-0.4221,0.25,,31415,125,5,2,True,,0.429152,0.0031157914160162086,3.5690946374543753,-0.022323994562123358,-2.3936226228086785,0.016482522123285673,0.037772509262282206,0.17429721829492303,0.244717792,0.0463499826968684,True,True,False,False,False,-0.1999984658005633,-0.20441285740080473,0.006775069759044738,"{""0.0000"": 1, ""0.1250"": 1, ""0.2500"": 2}"
c3_w2_tcop_cm1_states_L0.4_km0_4221_up0_2500_s31415,cm1,stageB,-0.2,-0.4221,0.25,,31415,150,6,0,True,,0.42206000000000005,0.00232914676047302,3.2146451136317817,-0.027849522781667434,-2.9295758235693703,0.006142489797143464,0.03933703767244627,0.16964412602557896,0.2436497104,0.04645208714363651,True,True,False,False,False,-0.1999984658005633,-0.20271908996104354,0.006775069759044738,"{""0.0000"": 2, ""0.1250"": 1, ""0.2500"": 1}"
c3_w2_tcop_cm1_states_L0.4_km0_4221_up0_2500_s31415,cm1,stageB,-0.2,-0.4221,0.25,,31415,175,7,1,True,,0.42565200000000003,0.0016013732154820538,1.9679931769006709,-0.031619642979106966,-2.8993306162281236,0.023812817920618352,0.03529493180100271,0.1682125300287264,0.24424667360000002,0.047872485792989694,True,True,False,False,False,-0.1999984658005633,-0.20374594668176255,0.006775069759044738,"{""0.0000"": 1, ""0.1250"": 2, ""0.2500"": 1}"
c3_w2_tcop_cm1_states_L0.4_km0_4221_up0_2500_s31415,cm1,stageB,-0.2,-0.4221,0.25,,31415,200,8,2,True,,0.42896,0.00304002923251872,3.217052496695204,-0.04045557016311886,-3.9612269393011568,0.011861312921995538,0.03761684290766016,0.16691532971159237,0.244692944,0.047011896366770826,True,True,False,False,False,-0.1999984658005633,-0.20441285740080473,0.006775069759044738,"{""0.0000"": 1, ""0.1250"": 1, ""0.2500"": 2}"
c3_w2_tcop_cm1_states_L0.4_km0_4221_up0_2500_s31415,cm1,stageB,-0.2,-0.4221,0.25,,31415,225,9,0,True,,0.4218,0.0014149088176476368,1.764061989273807,-0.03804768679428767,-3.4409922572237313,0.014374125856462056,0.03862909759522681,0.17733522954638406,0.24361927360000007,0.04712918416437951,True,True,False,False,False,-0.1999984658005633,-0.20271908996104354,0.006775069759044738,"{""0.0000"": 2, ""0.1250"": 1, ""0.2500"": 1}"
c3_w2_tcop_cm1_states_L0.4_km0_4221_up0_2500_s31415,cm1,stageB,-0.2,-0.4221,0.25,,31415,250,10,1,True,,0.42580799999999996,0.000508640994093863,0.8390737479472662,-0.026505199894665238,-2.9330770161316355,0.02504026746698785,0.03505688628721682,0.1756660274685633,0.2442727168,0.047444569088569026,True,True,False,False,False,-0.1999984658005633,-0.20374594668176255,0.006775069759044738,"{""0.0000"": 1, ""0.1250"": 2, ""0.2500"": 1}"
c3_w2_tcop_cm1_states_L0.4_km0_4221_up0_2500_s31415,cm1,stageB,-0.2,-0.4221,0.25,,31415,275,11,2,True,,0.42917599999999995,0.001272613887609011,1.4562061387524192,-0.02795140589281667,-2.7081439910614686,0.015153900390242654,0.037301432276632546,0.17428747140034057,0.24472767679999993,0.04705869764453751,True,True,False,False,False,-0.1999984658005633,-0.20441285740080473,0.006775069759044738,"{""0.0000"": 1, ""0.1250"": 1, ""0.2500"": 2}"
c3_w2_tcop_cm1_states_L0.4_km0_4221_up0_2500_s31415,cm1,stageB,-0.2,-0.4221,0.25,,31415,300,12,0,False,EXITS_PRIMARY_BLOCK_SET,0.423248,-0.00030029275286521664,0.07846881478954938,-0.029139320361987478,-2.835230944617985,0.02053469622154853,0.03632135378324723,0.17294824742716278,0.2438728032,0.04766728958101142,True,True,False,False,False,-0.1999984658005633,-0.20271908996104354,0.006775069759044738,"{""0.0000"": 2, ""0.1250"": 1, ""0.2500"": 1}"
c3_w2_tcop_cm1_states_L0.4_km0_4221_up0_5000_s42,cm1,stageB,-0.2,-0.4221,0.5,,42,0,0,0,False,PRE_PRIMARY_PHASE_IMBALANCE,0.42986800000000003,0.0014658328279891844,1.8216998117819088,-0.03287355977724066,-3.0628833261590462,0.06695654987314349,0.0969558937676621,0.9165604303726714,0.2433444272,0.04763635771131122,False,True,False,False,False,-0.1999984658005633,-0.2035744587592896,0.0075289020758604885,"{""0.0000"": 2, ""0.2500"": 1, ""0.5000"": 1}"
c3_w2_tcop_cm1_states_L0.4_km0_4221_up0_5000_s42,cm1,stageB,-0.2,-0.4221,0.5,,42,25,1,1,False,PRE_PRIMARY_PHASE_IMBALANCE,0.44008,0.002714295202597653,3.320980572444654,-0.03027359556679097,-3.2304974013081287,0.042103464931797306,0.050027419583567004,0.23359389148883408,0.2459248864,0.04663382463405719,True,True,False,False,False,-0.1999984658005633,-0.20526822619905077,0.0075289020758604885,"{""0.0000"": 1, ""0.2500"": 2, ""0.5000"": 1}"
c3_w2_tcop_cm1_states_L0.4_km0_4221_up0_5000_s42,cm1,stageB,-0.2,-0.4221,0.5,,42,50,2,2,False,PRE_PRIMARY_PHASE_IMBALANCE,0.44787600000000005,0.003858133241934088,4.329123551416652,-0.024667501490632827,-2.444354932904269,0.03322734002176908,0.057918721212532186,0.2366726499373204,0.24661018400000004,0.04681889174254342,True,True,False,False,False,-0.1999984658005633,-0.20545668427825473,0.0075289020758604885,"{""0.0000"": 1, ""0.2500"": 1, ""0.5000"": 2}"
c3_w2_tcop_cm1_states_L0.4_km0_4221_up0_5000_s42,cm1,stageB,-0.2,-0.4221,0.5,,42,75,3,0,True,,0.434444,0.003388060404494648,4.072035891977933,-0.03353069823303419,-3.3703988697327336,0.01672207802139236,0.06287977031746367,0.2541179064410651,0.24495615199999998,0.04796718528327465,False,True,False,False,False,-0.1999984658005633,-0.2035744587592896,0.0075289020758604885,"{""0.0000"": 2, ""0.2500"": 1, ""0.5000"": 1}"
c3_w2_tcop_cm1_states_L0.4_km0_4221_up0_5000_s42,cm1,stageB,-0.2,-0.4221,0.5,,42,100,4,1,True,,0.44111999999999996,0.00424288023882527,4.386830334039377,-0.028281693480800018,-2.988174796918984,0.04822027349584944,0.055374215382008846,0.2502720342531011,0.2459364832,0.04661100299285567,False,True,False,False,False,-0.1999984658005633,-0.20526822619905077,0.0075289020758604885,"{""0.0000"": 1, ""0.2500"": 2, ""0.5000"": 1}"
c3_w2_tcop_cm1_states_L0.4_km0_4221_up0_5000_s42,cm1,stageB,-0.2,-0.4221,0.5,,42,125,5,2,True,,0.447892,0.003347592174451692,3.621809769390453,-0.023918934296619572,-2.2119668490383813,0.017912358922051834,0.06024259879148392,0.246487992090754,0.2465567184,0.04612760925953133,True,True,False,False,False,-0.1999984658005633,-0.20545668427825473,0.0075289020758604885,"{""0.0000"": 1, ""0.2500"": 1, ""0.5000"": 2}"
c3_w2_tcop_cm1_states_L0.4_km0_4221_up0_5000_s42,cm1,stageB,-0.2,-0.4221,0.5,,42,150,6,0,True,,0.43378,0.002777421557441734,3.0144615801643635,-0.02085570254379484,-1.7513761242092756,0.02614766519266795,0.061280469665687766,0.2323758581945321,0.24490829600000003,0.04659948068380162,True,True,False,False,False,-0.1999984658005633,-0.2035744587592896,0.0075289020758604885,"{""0.0000"": 2, ""0.2500"": 1, ""0.5000"": 1}"
c3_w2_tcop_cm1_states_L0.4_km0_4221_up0_5000_s42,cm1,stageB,-0.2,-0.4221,0.5,,42,175,7,1,True,,0.44065200000000004,0.0031848320487838605,3.6068031585634897,-0.0197342226515046,-1.8205251166402094,0.04669130609881413,0.05227380944646717,0.20878153234574773,0.24594722400000002,0.046714611161819596,True,True,False,False,False,-0.1999984658005633,-0.20526822619905077,0.0075289020758604885,"{""0.0000"": 1, ""0.2500"": 2, ""0.5000"": 1}"
c3_w2_tcop_cm1_states_L0.4_km0_4221_up0_5000_s42,cm1,stageB,-0.2,-0.4221,0.5,,42,200,8,2,True,,0.4471480000000001,0.0034988380329023364,3.50920122001631,-0.019569566724892386,-1.8605889974464815,0.02256713451103661,0.057171542230923474,0.20574843182626673,0.24655314080000001,0.046257389636684,True,True,False,False,False,-0.1999984658005633,-0.20545668427825473,0.0075289020758604885,"{""0.0000"": 1, ""0.2500"": 1, ""0.5000"": 2}"
c3_w2_tcop_cm1_states_L0.4_km0_4221_up0_5000_s42,cm1,stageB,-0.2,-0.4221,0.5,,42,225,9,0,True,,0.43417600000000006,0.0030959659185317502,3.7199089965822925,-0.021272426108062743,-2.0369943943915585,0.026984567498377708,0.059107377904661605,0.20913178017870218,0.24500861120000003,0.04733794486455871,True,True,False,False,False,-0.1999984658005633,-0.2035744587592896,0.0075289020758604885,"{""0.0000"": 2, ""0.2500"": 1, ""0.5000"": 1}"
c3_w2_tcop_cm1_states_L0.4_km0_4221_up0_5000_s42,cm1,stageB,-0.2,-0.4221,0.5,,42,250,10,1,True,,0.44068000000000007,0.0018324088658460006,2.3012314027746616,-0.03261648975677833,-3.425428463679001,0.0423544214221048,0.051191437055646175,0.20422982616812693,0.24597222719999998,0.04735501662970883,True,True,False,False,False,-0.1999984658005633,-0.20526822619905077,0.0075289020758604885,"{""0.0000"": 1, ""0.2500"": 2, ""0.5000"": 1}"
c3_w2_tcop_cm1_states_L0.4_km0_4221_up0_5000_s42,cm1,stageB,-0.2,-0.4221,0.5,,42,275,11,2,True,,0.4477559999999999,0.0021491331598614666,2.6262193749423295,-0.03897127127985769,-3.969916247393042,0.022475380176166303,0.05692652039060846,0.2027890185663867,0.24662086560000002,0.046078676890726804,True,True,False,False,False,-0.1999984658005633,-0.20545668427825473,0.0075289020758604885,"{""0.0000"": 1, ""0.2500"": 1, ""0.5000"": 2}"
c3_w2_tcop_cm1_states_L0.4_km0_4221_up0_5000_s42,cm1,stageB,-0.2,-0.4221,0.5,,42,300,12,0,False,EXITS_PRIMARY_BLOCK_SET,0.434324,0.00036187721025393577,0.7994723470280218,-0.030933033111228046,-3.1435625633459554,0.015012414718482353,0.061033895952249374,0.22840091676167812,0.24498396320000002,0.046656864703921115,True,True,False,False,False,-0.1999984658005633,-0.2035744587592896,0.0075289020758604885,"{""0.0000"": 2, ""0.2500"": 1, ""0.5000"": 1}"
c3_w2_tcop_cm1_states_L0.4_km0_4221_up0_5000_s137,cm1,stageB,-0.2,-0.4221,0.5,,137,0,0,0,False,PRE_PRIMARY_PHASE_IMBALANCE,0.4308800000000001,0.0025009271599351736,3.029373727235253,-0.03218208793507119,-3.5123181598646505,0.05709594340168729,0.09603286701087879,0.9162643870305782,0.24351023360000001,0.04693853001532962,False,True,False,False,False,-0.1999984658005633,-0.2035744587592896,0.0075289020758604885,"{""0.0000"": 2, ""0.2500"": 1, ""0.5000"": 1}"
c3_w2_tcop_cm1_states_L0.4_km0_4221_up0_5000_s137,cm1,stageB,-0.2,-0.4221,0.5,,137,25,1,1,False,PRE_PRIMARY_PHASE_IMBALANCE,0.4398720000000001,0.0028567793519598283,3.3288651253892776,-0.03891506930561541,-3.9775040393801175,0.043952452762126476,0.05165072977059594,0.23734177161232856,0.24586843839999997,0.04639551288648505,True,True,False,False,False,-0.1999984658005633,-0.20526822619905077,0.0075289020758604885,"{""0.0000"": 1, ""0.2500"": 2, ""0.5000"": 1}"
c3_w2_tcop_cm1_states_L0.4_km0_4221_up0_5000_s137,cm1,stageB,-0.2,-0.4221,0.5,,137,50,2,2,False,PRE_PRIMARY_PHASE_IMBALANCE,0.44690799999999997,0.003995966111168155,4.224538592234715,-0.040360389181580913,-3.7354453289122485,0.022593217589252288,0.05683811454058791,0.23360512625953186,0.246536008,0.04604519015054667,True,True,False,False,False,-0.1999984658005633,-0.20545668427825473,0.0075289020758604885,"{""0.0000"": 1, ""0.2500"": 1, ""0.5000"": 2}"
c3_w2_tcop_cm1_states_L0.4_km0_4221_up0_5000_s137,cm1,stageB,-0.2,-0.4221,0.5,,137,75,3,0,True,,0.433352,0.003700836818897473,3.6682399212065633,-0.03283398746245796,-2.819587153438579,0.017049462849680393,0.05993685912074263,0.2446048472267236,0.244883408,0.046309870394981675,True,True,False,False,False,-0.1999984658005633,-0.2035744587592896,0.0075289020758604885,"{""0.0000"": 2, ""0.2500"": 1, ""0.5000"": 1}"
c3_w2_tcop_cm1_states_L0.4_km0_4221_up0_5000_s137,cm1,stageB,-0.2,-0.4221,0.5,,137,100,4,1,True,,0.43994400000000006,0.0039834566398569155,4.530925853149326,-0.029096756237920383,-2.953219107667948,0.044159126411807144,0.052577622803463606,0.24093975542128135,0.245858224,0.04555871885819442,True,True,False,False,False,-0.1999984658005633,-0.20526822619905077,0.0075289020758604885,"{""0.0000"": 1, ""0.2500"": 2, ""0.5000"": 1}"
c3_w2_tcop_cm1_states_L0.4_km0_4221_up0_5000_s137,cm1,stageB,-0.2,-0.4221,0.5,,137,125,5,2,True,,0.446836,0.0041499416115123155,4.820543422068152,-0.01542071806272702,-1.3200765309963616,0.024794931254414457,0.056825170923941355,0.2372234998137493,0.2465288592,0.04484405316204145,True,True,False,False,False,-0.1999984658005633,-0.20545668427825473,0.0075289020758604885,"{""0.0000"": 1, ""0.2500"": 1, ""0.5000"": 2}"
c3_w2_tcop_cm1_states_L0.4_km0_4221_up0_5000_s137,cm1,stageB,-0.2,-0.4221,0.5,,137,150,6,0,True,,0.43323199999999995,0.003646165190760549,4.193846949477506,-0.019763905087942388,-2.019646971946222,0.024034977213345403,0.06014821307738959,0.2280533288675506,0.244863008,0.04662568150708363,True,True,False,False,False,-0.1999984658005633,-0.2035744587592896,0.0075289020758604885,"{""0.0000"": 2, ""0.2500"": 1, ""0.5000"": 1}"
c3_w2_tcop_cm1_states_L0.4_km0_4221_up0_5000_s137,cm1,stageB,-0.2,-0.4221,0.5,,137,175,7,1,True,,0.44035599999999997,0.0030003980386106997,3.176732315362316,-0.026180273913846995,-2.968636204100278,0.04306419423051252,0.051446782344793954,0.21800543147361362,0.2459293488,0.047374183518030154,True,True,False,False,False,-0.1999984658005633,-0.20526822619905077,0.0075289020758604885,"{""0.0000"": 1, ""0.2500"": 2, ""0.5000"": 1}"
c3_w2_tcop_cm1_states_L0.4_km0_4221_up0_5000_s137,cm1,stageB,-0.2,-0.4221,0.5,,137,200,8,2,True,,0.4470920000000001,0.00366042953964457,3.9714334752594564,-0.019858406472760014,-1.9252495891905959,0.02333551772117589,0.056929990931737326,0.2227729410886955,0.24655289119999999,0.04562963440572365,True,True,False,False,False,-0.1999984658005633,-0.20545668427825473,0.0075289020758604885,"{""0.0000"": 1, ""0.2500"": 1, ""0.5000"": 2}"
c3_w2_tcop_cm1_states_L0.4_km0_4221_up0_5000_s137,cm1,stageB,-0.2,-0.4221,0.5,,137,225,9,0,True,,0.4338119999999999,0.0024768481749230893,3.0285083516595526,-0.016086237386588858,-1.5694281416372098,0.023652610012989864,0.05921330332423619,0.22959254186239084,0.244959304,0.04645243433879435,True,True,False,False,False,-0.1999984658005633,-0.2035744587592896,0.0075289020758604885,"{""0.0000"": 2, ""0.2500"": 1, ""0.5000"": 1}"
c3_w2_tcop_cm1_states_L0.4_km0_4221_up0_5000_s137,cm1,stageB,-0.2,-0.4221,0.5,,137,250,10,1,True,,0.44005999999999995,0.0018027667481040394,2.160534344016064,-0.04472352173326487,-4.501263911233149,0.050063816430139546,0.05099853462890673,0.21906103663350215,0.24590353439999998,0.04655530474607593,True,True,False,False,False,-0.1999984658005633,-0.20526822619905077,0.0075289020758604885,"{""0.0000"": 1, ""0.2500"": 2, ""0.5000"": 1}"
c3_w2_tcop_cm1_states_L0.4_km0_4221_up0_5000_s137,cm1,stageB,-0.2,-0.4221,0.5,,137,275,11,2,True,,0.44708800000000004,0.0036449965670802965,4.124654126397985,-0.04665175238486233,-4.656414394662384,0.026010903648231325,0.057978488170464415,0.23172171869582328,0.2465283968,0.04632148805899914,True,True,False,False,False,-0.1999984658005633,-0.20545668427825473,0.0075289020758604885,"{""0.0000"": 1, ""0.2500"": 1, ""0.5000"": 2}"
c3_w2_tcop_cm1_states_L0.4_km0_4221_up0_5000_s137,cm1,stageB,-0.2,-0.4221,0.5,,137,300,12,0,False,EXITS_PRIMARY_BLOCK_SET,0.43339600000000006,0.0018156955967822768,2.397339563453296,-0.03274949191050291,-3.545748603121402,0.019210404692351656,0.06129185309932868,0.24181118367079715,0.24485827999999998,0.0464080508532733,True,True,False,False,False,-0.1999984658005633,-0.2035744587592896,0.0075289020758604885,"{""0.0000"": 2, ""0.2500"": 1, ""0.5000"": 1}"
c3_w2_tcop_cm1_states_L0.4_km0_4221_up0_5000_s256,cm1,stageB,-0.2,-0.4221,0.5,,256,0,0,0,False,PRE_PRIMARY_PHASE_IMBALANCE,0.432088,0.002135050765305644,2.4537455235474535,-0.025225480336282267,-2.494403183201556,0.07165145966086951,0.09845151015679714,0.9025939139652248,0.24357833280000002,0.04559430069646863,False,True,False,False,False,-0.1999984658005633,-0.2035744587592896,0.0075289020758604885,"{""0.0000"": 2, ""0.2500"": 1, ""0.5000"": 1}"
c3_w2_tcop_cm1_states_L0.4_km0_4221_up0_5000_s256,cm1,stageB,-0.2,-0.4221,0.5,,256,25,1,1,False,PRE_PRIMARY_PHASE_IMBALANCE,0.441888,0.0024003405939762266,2.5654475589115444,-0.017564892414759066,-1.5976512893720551,0.05146180476487695,0.05115676924953661,0.2109131720913146,0.246111984,0.0450541391661188,True,True,False,False,False,-0.1999984658005633,-0.20526822619905077,0.0075289020758604885,"{""0.0000"": 1, ""0.2500"": 2, ""0.5000"": 1}"
c3_w2_tcop_cm1_states_L0.4_km0_4221_up0_5000_s256,cm1,stageB,-0.2,-0.4221,0.5,,256,50,2,2,False,PRE_PRIMARY_PHASE_IMBALANCE,0.4480799999999999,0.004160556793015826,4.368791036152218,-0.012384633493641333,-1.1558531514089343,0.007001235726588119,0.05546405067639189,0.20799857121942833,0.24668667519999996,0.04470071140373495,True,True,False,False,False,-0.1999984658005633,-0.20545668427825473,0.0075289020758604885,"{""0.0000"": 1, ""0.2500"": 1, ""0.5000"": 2}"
c3_w2_tcop_cm1_states_L0.4_km0_4221_up0_5000_s256,cm1,stageB,-0.2,-0.4221,0.5,,256,75,3,0,True,,0.43354000000000004,0.0024459847340036435,3.038168733410239,-0.026544516221751687,-2.760624919898242,0.006953133365298022,0.05841615949299269,0.24357614004803219,0.2449416752000001,0.04647395399575982,True,True,False,False,False,-0.1999984658005633,-0.2035744587592896,0.0075289020758604885,"{""0.0000"": 2, ""0.2500"": 1, ""0.5000"": 1}"
c3_w2_tcop_cm1_states_L0.4_km0_4221_up0_5000_s256,cm1,stageB,-0.2,-0.4221,0.5,,256,100,4,1,True,,0.440092,0.0025785104131588283,2.567118363294303,-0.02955065003419351,-3.0780239499678377,0.04318601687572634,0.0522264362207002,0.23994982812696025,0.24588274719999997,0.0467404700019159,True,True,False,False,False,-0.1999984658005633,-0.20526822619905077,0.0075289020758604885,"{""0.0000"": 1, ""0.2500"": 2, ""0.5000"": 1}"
c3_w2_tcop_cm1_states_L0.4_km0_4221_up0_5000_s256,cm1,stageB,-0.2,-0.4221,0.5,,256,125,5,2,True,,0.44727199999999995,0.002825504634168563,3.3367217183971998,-0.03574413052218726,-3.449468858726875,0.031661754167380415,0.057989168669252245,0.24593535869463032,0.2465470336,0.04612068967394135,True,True,False,False,False,-0.1999984658005633,-0.20545668427825473,0.0075289020758604885,"{""0.0000"": 1, ""0.2500"": 1, ""0.5000"": 2}"
c3_w2_tcop_cm1_states_L0.4_km0_4221_up0_5000_s256,cm1,stageB,-0.2,-0.4221,0.5,,256,150,6,0,True,,0.43433600000000006,0.0009876755750313415,1.4662817856006989,-0.03424858682002625,-3.4270702538019897,0.025828487158222738,0.061552646152908806,0.2532601482417757,0.24497350399999998,0.04723726393431355,False,True,False,False,False,-0.1999984658005633,-0.2035744587592896,0.0075289020758604885,"{""0.0000"": 2, ""0.2500"": 1, ""0.5000"": 1}"
c3_w2_tcop_cm1_states_L0.4_km0_4221_up0_5000_s256,cm1,stageB,-0.2,-0.4221,0.5,,256,175,7,1,True,,0.44121600000000005,0.002022651156841399,2.3533335936691833,-0.031357837464528034,-3.057036386183631,0.056046727261115786,0.05179958491370413,0.22664635863920088,0.24602209919999996,0.04641940697596211,True,True,False,False,False,-0.1999984658005633,-0.20526822619905077,0.0075289020758604885,"{""0.0000"": 1, ""0.2500"": 2, ""0.5000"": 1}"
c3_w2_tcop_cm1_states_L0.4_km0_4221_up0_5000_s256,cm1,stageB,-0.2,-0.4221,0.5,,256,200,8,2,True,,0.4477479999999999,0.002350417538806859,2.55546196224152,-0.026886699649184123,-2.787920255314009,0.018846591907811277,0.05734390036925146,0.22333991391733773,0.2466104912,0.04597138779719403,True,True,False,False,False,-0.1999984658005633,-0.20545668427825473,0.0075289020758604885,"{""0.0000"": 1, ""0.2500"": 1, ""0.5000"": 2}"
c3_w2_tcop_cm1_states_L0.4_km0_4221_up0_5000_s256,cm1,stageB,-0.2,-0.4221,0.5,,256,225,9,0,True,,0.433596,0.0005467637857827378,1.0890153395523237,-0.02764892251231238,-2.9616330078566095,0.015560186597450367,0.060575003259050145,0.22417180918603538,0.24490065440000006,0.04658056229802298,True,True,False,False,False,-0.1999984658005633,-0.2035744587592896,0.0075289020758604885,"{""0.0000"": 2, ""0.2500"": 1, ""0.5000"": 1}"
c3_w2_tcop_cm1_states_L0.4_km0_4221_up0_5000_s256,cm1,stageB,-0.2,-0.4221,0.5,,256,250,10,1,True,,0.43976800000000005,0.0031150381212810153,3.612741203948169,-0.03579380732092059,-3.317758964064677,0.05157671346537609,0.052932186147318754,0.2210256311941168,0.2458302464,0.046240525256532286,True,True,False,False,False,-0.1999984658005633,-0.20526822619905077,0.0075289020758604885,"{""0.0000"": 1, ""0.2500"": 2, ""0.5000"": 1}"
c3_w2_tcop_cm1_states_L0.4_km0_4221_up0_5000_s256,cm1,stageB,-0.2,-0.4221,0.5,,256,275,11,2,True,,0.44696,0.00350059934214826,3.8786010955019656,-0.021297328654279035,-2.016976652369109,0.021583686868817432,0.05902865871325342,0.229998209616077,0.24649067200000002,0.046054298387881235,True,True,False,False,False,-0.1999984658005633,-0.20545668427825473,0.0075289020758604885,"{""0.0000"": 1, ""0.2500"": 1, ""0.5000"": 2}"
c3_w2_tcop_cm1_states_L0.4_km0_4221_up0_5000_s256,cm1,stageB,-0.2,-0.4221,0.5,,256,300,12,0,False,EXITS_PRIMARY_BLOCK_SET,0.433068,0.00289394229586534,3.1751310881547266,-0.019127184639016793,-1.7043523354781989,0.025114318295620004,0.06101943955690017,0.23737611590471677,0.24482179680000005,0.04650835813055542,True,True,False,False,False,-0.1999984658005633,-0.2035744587592896,0.0075289020758604885,"{""0.0000"": 2, ""0.2500"": 1, ""0.5000"": 1}"
c3_w2_tcop_cm1_states_L0.4_km0_4221_up0_5000_s1024,cm1,stageB,-0.2,-0.4221,0.5,,1024,0,0,0,False,PRE_PRIMARY_PHASE_IMBALANCE,0.430772,0.0028002215054175644,3.0729804722262357,-0.019171874177273163,-1.9278988743588472,0.060077321419960146,0.09732431434012088,0.8867800114984725,0.24344981280000003,0.04604437007930503,False,True,False,False,False,-0.1999984658005633,-0.2035744587592896,0.0075289020758604885,"{""0.0000"": 2, ""0.2500"": 1, ""0.5000"": 1}"
c3_w2_tcop_cm1_states_L0.4_km0_4221_up0_5000_s1024,cm1,stageB,-0.2,-0.4221,0.5,,1024,25,1,1,False,PRE_PRIMARY_PHASE_IMBALANCE,0.440568,0.003939314061239953,4.333010283744689,-0.021886346211725995,-2.1197263215691327,0.04340140928031881,0.05046398625133362,0.201557988320627,0.24597353919999995,0.04592599891129207,True,True,False,False,False,-0.1999984658005633,-0.20526822619905077,0.0075289020758604885,"{""0.0000"": 1, ""0.2500"": 2, ""0.5000"": 1}"
c3_w2_tcop_cm1_states_L0.4_km0_4221_up0_5000_s1024,cm1,stageB,-0.2,-0.4221,0.5,,1024,50,2,2,False,PRE_PRIMARY_PHASE_IMBALANCE,0.44749599999999995,0.003969445938517498,4.445056502479912,-0.027528297601809002,-2.9237000124790486,0.025856313875094978,0.05627142739640188,0.21542091948213854,0.2466092352,0.04590914924064701,True,True,False,False,False,-0.1999984658005633,-0.20545668427825473,0.0075289020758604885,"{""0.0000"": 1, ""0.2500"": 1, ""0.5000"": 2}"
c3_w2_tcop_cm1_states_L0.4_km0_4221_up0_5000_s1024,cm1,stageB,-0.2,-0.4221,0.5,,1024,75,3,0,True,,0.434904,0.0024121217621185815,2.8117411579881253,-0.035852013439759245,-3.4280488990058884,0.03140758856479881,0.058440054820289175,0.2446516926847035,0.24511654720000003,0.04630108836733754,True,True,False,False,False,-0.1999984658005633,-0.2035744587592896,0.0075289020758604885,"{""0.0000"": 2, ""0.2500"": 1, ""0.5000"": 1}"
c3_w2_tcop_cm1_states_L0.4_km0_4221_up0_5000_s1024,cm1,stageB,-0.2,-0.4221,0.5,,1024,100,4,1,True,,0.44128,0.002880238553463308,3.2979508432568623,-0.03610235659660086,-3.689238318247439,0.05233554525609768,0.049185297239778686,0.24111675072263242,0.24608087680000001,0.04643922479973153,True,True,False,False,False,-0.1999984658005633,-0.20526822619905077,0.0075289020758604885,"{""0.0000"": 1, ""0.2500"": 2, ""0.5000"": 1}"
c3_w2_tcop_cm1_states_L0.4_km0_4221_up0_5000_s1024,cm1,stageB,-0.2,-0.4221,0.5,,1024,125,5,2,True,,0.44726400000000005,0.003135327850757713,3.0721481645990787,-0.02628409125348831,-2.556024666311341,0.00879461200217398,0.05492164898155839,0.24593975762426726,0.24661550080000003,0.04553805336199606,True,True,False,False,False,-0.1999984658005633,-0.20545668427825473,0.0075289020758604885,"{""0.0000"": 1, ""0.2500"": 1, ""0.5000"": 2}"
c3_w2_tcop_cm1_states_L0.4_km0_4221_up0_5000_s1024,cm1,stageB,-0.2,-0.4221,0.5,,1024,150,6,0,True,,0.43355999999999995,0.0018208676631265635,2.0723042836054315,-0.014806646022659931,-1.4364531270435692,0.009761286097793647,0.057464445524294826,0.25371344161427856,0.24496500480000005,0.04691062139857028,False,True,False,False,False,-0.1999984658005633,-0.2035744587592896,0.0075289020758604885,"{""0.0000"": 2, ""0.2500"": 1, ""0.5000"": 1}"
c3_w2_tcop_cm1_states_L0.4_km0_4221_up0_5000_s1024,cm1,stageB,-0.2,-0.4221,0.5,,1024,175,7,1,True,,0.43934000000000006,0.0025197671104481402,2.784479845588381,-0.027050644058039437,-2.724051836885954,0.03976780424943821,0.051349166602147146,0.2248827782016599,0.24581142239999998,0.04617103420977269,True,True,False,False,False,-0.1999984658005633,-0.20526822619905077,0.0075289020758604885,"{""0.0000"": 1, ""0.2500"": 2, ""0.5000"": 1}"
c3_w2_tcop_cm1_states_L0.4_km0_4221_up0_5000_s1024,cm1,stageB,-0.2,-0.4221,0.5,,1024,200,8,2,True,,0.44700800000000007,0.0029892610573621675,3.24464761837903,-0.024898466954834414,-2.7923978740598296,0.03134431841212519,0.057735949765479126,0.23176318940206173,0.2465257728,0.04635092163053503,True,True,False,False,False,-0.1999984658005633,-0.20545668427825473,0.0075289020758604885,"{""0.0000"": 1, ""0.2500"": 1, ""0.5000"": 2}"
c3_w2_tcop_cm1_states_L0.4_km0_4221_up0_5000_s1024,cm1,stageB,-0.2,-0.4221,0.5,,1024,225,9,0,True,,0.43367599999999995,0.00213817627170613,2.608720719962846,-0.03164797882111361,-2.996303288676676,0.019016465470658498,0.06219655618996935,0.24995618791458096,0.24487357599999998,0.047395854502266334,True,True,False,False,False,-0.1999984658005633,-0.2035744587592896,0.0075289020758604885,"{""0.0000"": 2, ""0.2500"": 1, ""0.5000"": 1}"
c3_w2_tcop_cm1_states_L0.4_km0_4221_up0_5000_s1024,cm1,stageB,-0.2,-0.4221,0.5,,1024,250,10,1,True,,0.4413119999999999,0.003055206703155402,3.6015224342666077,-0.03747447191086097,-3.731712150287567,0.040906853263949446,0.054161240159713714,0.24563120820274273,0.24598441279999997,0.04688068531922289,True,True,False,False,False,-0.1999984658005633,-0.20526822619905077,0.0075289020758604885,"{""0.0000"": 1, ""0.2500"": 2, ""0.5000"": 1}"
c3_w2_tcop_cm1_states_L0.4_km0_4221_up0_5000_s1024,cm1,stageB,-0.2,-0.4221,0.5,,1024,275,11,2,True,,0.448736,0.003515795708094614,4.122752384435288,-0.030265253361872194,-3.018009040283681,0.02839833288845832,0.06022948922539608,0.24156742440640502,0.246641536,0.04617794174711558,True,True,False,False,False,-0.1999984658005633,-0.20545668427825473,0.0075289020758604885,"{""0.0000"": 1, ""0.2500"": 1, ""0.5000"": 2}"
c3_w2_tcop_cm1_states_L0.4_km0_4221_up0_5000_s1024,cm1,stageB,-0.2,-0.4221,0.5,,1024,300,12,0,False,EXITS_PRIMARY_BLOCK_SET,0.4347679999999999,0.002671514820664965,3.08384256701129,-0.023659651648347827,-2.253625681322944,0.02447784610170046,0.06382703155487177,0.24104809866170446,0.2449747264,0.047371575612385954,True,True,False,False,False,-0.1999984658005633,-0.2035744587592896,0.0075289020758604885,"{""0.0000"": 2, ""0.2500"": 1, ""0.5000"": 1}"
c3_w2_tcop_cm1_states_L0.4_km0_4221_up0_5000_s31415,cm1,stageB,-0.2,-0.4221,0.5,,31415,0,0,0,False,PRE_PRIMARY_PHASE_IMBALANCE,0.42844399999999994,0.0011274006865938776,1.4656588046498833,-0.025159009242181507,-2.5153134172946827,0.07333369557015686,0.10073838345985697,0.9261420374047904,0.24301688800000001,0.046286270793832594,False,True,False,False,False,-0.1999984658005633,-0.2035744587592896,0.0075289020758604885,"{""0.0000"": 2, ""0.2500"": 1, ""0.5000"": 1}"
c3_w2_tcop_cm1_states_L0.4_km0_4221_up0_5000_s31415,cm1,stageB,-0.2,-0.4221,0.5,,31415,25,1,1,False,PRE_PRIMARY_PHASE_IMBALANCE,0.43942,0.002777182569247956,3.11256582389095,-0.036517767599464145,-3.8041085217080353,0.03932139597984791,0.05257075379178277,0.229393290634488,0.245796424,0.04611142591592674,True,True,False,False,False,-0.1999984658005633,-0.20526822619905077,0.0075289020758604885,"{""0.0000"": 1, ""0.2500"": 2, ""0.5000"": 1}"
c3_w2_tcop_cm1_states_L0.4_km0_4221_up0_5000_s31415,cm1,stageB,-0.2,-0.4221,0.5,,31415,50,2,2,False,PRE_PRIMARY_PHASE_IMBALANCE,0.44673599999999986,0.003288572474811225,3.6150704792596065,-0.04282854132002286,-4.4428215753116165,0.021858852861180614,0.05812820765120512,0.22563661709457802,0.24648861119999996,0.04558405756402122,True,True,False,False,False,-0.1999984658005633,-0.20545668427825473,0.0075289020758604885,"{""0.0000"": 1, ""0.2500"": 1, ""0.5000"": 2}"
c3_w2_tcop_cm1_states_L0.4_km0_4221_up0_5000_s31415,cm1,stageB,-0.2,-0.4221,0.5,,31415,75,3,0,True,,0.433056,0.0026474977635476044,3.1227691468178485,-0.04058227371399969,-4.264860811628905,0.02595914650866975,0.06142254034363159,0.24015369781239918,0.2448109728,0.04683269012132444,True,True,False,False,False,-0.1999984658005633,-0.2035744587592896,0.0075289020758604885,"{""0.0000"": 2, ""0.2500"": 1, ""0.5000"": 1}"
c3_w2_tcop_cm1_states_L0.4_km0_4221_up0_5000_s31415,cm1,stageB,-0.2,-0.4221,0.5,,31415,100,4,1,True,,0.440176,0.00282919047784946,3.1912878270498477,-0.033527865528452966,-3.4438658944524234,0.0445568164542625,0.05338095963717269,0.23626912817539097,0.24586897919999998,0.045722303354052495,True,True,False,False,False,-0.1999984658005633,-0.20526822619905077,0.0075289020758604885,"{""0.0000"": 1, ""0.2500"": 2, ""0.5000"": 1}"
c3_w2_tcop_cm1_states_L0.4_km0_4221_up0_5000_s31415,cm1,stageB,-0.2,-0.4221,0.5,,31415,125,5,2,True,,0.44680400000000003,0.0038645534210241693,4.511102555788723,-0.02639344735987428,-2.654826251197865,0.023971564791573623,0.05902245519190566,0.23276425405152096,0.24647473120000002,0.0450242777176936,True,True,False,False,False,-0.1999984658005633,-0.20545668427825473,0.0075289020758604885,"{""0.0000"": 1, ""0.2500"": 1, ""0.5000"": 2}"
c3_w2_tcop_cm1_states_L0.4_km0_4221_up0_5000_s31415,cm1,stageB,-0.2,-0.4221,0.5,,31415,150,6,0,True,,0.432912,0.003082132503893012,4.049832657372087,-0.029629117821657797,-3.1486968106993274,0.015089656175470109,0.062148186551006325,0.24115755571303735,0.2447753376,0.04590250816676579,True,True,False,False,False,-0.1999984658005633,-0.2035744587592896,0.0075289020758604885,"{""0.0000"": 2, ""0.2500"": 1, ""0.5000"": 1}"
c3_w2_tcop_cm1_states_L0.4_km0_4221_up0_5000_s31415,cm1,stageB,-0.2,-0.4221,0.5,,31415,175,7,1,True,,0.43986400000000003,0.002467588120246232,2.7957723369037883,-0.03384582516901884,-3.1698743211060045,0.044403981973776846,0.05300495520791917,0.23734608825149112,0.2458400736,0.04693806029226176,True,True,False,False,False,-0.1999984658005633,-0.20526822619905077,0.0075289020758604885,"{""0.0000"": 1, ""0.2500"": 2, ""0.5000"": 1}"
c3_w2_tcop_cm1_states_L0.4_km0_4221_up0_5000_s31415,cm1,stageB,-0.2,-0.4221,0.5,,31415,200,8,2,True,,0.44621600000000006,0.004197259072439574,4.333340300985267,-0.04538335328709691,-4.611668860623972,0.022410402059962916,0.058336579901066304,0.23396740539566616,0.24642968320000003,0.04569903001158778,True,True,False,False,False,-0.1999984658005633,-0.20545668427825473,0.0075289020758604885,"{""0.0000"": 1, ""0.2500"": 1, ""0.5000"": 2}"
c3_w2_tcop_cm1_states_L0.4_km0_4221_up0_5000_s31415,cm1,stageB,-0.2,-0.4221,0.5,,31415,225,9,0,True,,0.43262400000000006,0.0019799055859807454,2.332623398113743,-0.040324436932916485,-3.7331318457002105,0.023953355004980123,0.06133823890482213,0.2440918667385724,0.24475629440000005,0.046303289559166315,True,True,False,False,False,-0.1999984658005633,-0.2035744587592896,0.0075289020758604885,"{""0.0000"": 2, ""0.2500"": 1, ""0.5000"": 1}"
c3_w2_tcop_cm1_states_L0.4_km0_4221_up0_5000_s31415,cm1,stageB,-0.2,-0.4221,0.5,,31415,250,10,1,True,,0.44012400000000007,0.0010537173208349689,1.3385549426461691,-0.0329395807476856,-3.7728099705619123,0.044760044787922254,0.052824757267037004,0.23993238214700316,0.24587432799999998,0.04655603746024784,True,True,False,False,False,-0.1999984658005633,-0.20526822619905077,0.0075289020758604885,"{""0.0000"": 1, ""0.2500"": 2, ""0.5000"": 1}"
c3_w2_tcop_cm1_states_L0.4_km0_4221_up0_5000_s31415,cm1,stageB,-0.2,-0.4221,0.5,,31415,275,11,2,True,,0.446708,0.00219781848970073,2.2938113926597627,-0.03207563688139988,-3.0528099547537,0.028521347374315335,0.058907515934986,0.23639603446458085,0.246467512,0.04577076289510587,True,True,False,False,False,-0.1999984658005633,-0.20545668427825473,0.0075289020758604885,"{""0.0000"": 1, ""0.2500"": 1, ""0.5000"": 2}"
c3_w2_tcop_cm1_states_L0.4_km0_4221_up0_5000_s31415,cm1,stageB,-0.2,-0.4221,0.5,,31415,300,12,0,False,EXITS_PRIMARY_BLOCK_SET,0.43432800000000005,0.0003091616540043812,0.7097773596519519,-0.030265795030477383,-2.9387462922221643,0.02975044693287988,0.059826505067147026,0.23760844284133548,0.2450120032,0.04701561885161143,True,True,False,False,False,-0.1999984658005633,-0.2035744587592896,0.0075289020758604885,"{""0.0000"": 2, ""0.2500"": 1, ""0.5000"": 1}"
c3_w2_tcop_cm1_states_L0.4_kp0_7599_up0_1000_s42,cm1,stageB,0.35,0.7599,0.1,,42,0,0,0,False,PRE_PRIMARY_PHASE_IMBALANCE,0.374764,0.0041527743277776676,4.321940443377159,0.06379945108408727,5.941017627712807,0.07602152004162534,0.08595276600098635,0.8165138572101007,0.23327833120000005,0.05190052315728619,False,True,False,False,False,0.34999882961319734,0.3520715002163721,0.005408809503431367,"{""0.0000"": 2, ""0.0500"": 1, ""0.1000"": 1}"
c3_w2_tcop_cm1_states_L0.4_kp0_7599_up0_1000_s42,cm1,stageB,0.35,0.7599,0.1,,42,25,1,1,False,PRE_PRIMARY_PHASE_IMBALANCE,0.38109599999999993,0.0042580200025495365,4.967991889933111,0.05512085674980779,5.692835368247855,0.021172216038778845,0.029274598461796263,0.13434934994240474,0.23573737279999996,0.05091089062273415,True,True,False,False,False,0.34999882961319734,0.3527919684436891,0.005408809503431367,"{""0.0000"": 1, ""0.0500"": 2, ""0.1000"": 1}"
c3_w2_tcop_cm1_states_L0.4_kp0_7599_up0_1000_s42,cm1,stageB,0.35,0.7599,0.1,,42,50,2,2,False,PRE_PRIMARY_PHASE_IMBALANCE,0.3843319999999999,0.004903288249456855,5.496799416277406,0.060394841764720104,5.98281652614992,0.019353329389766007,0.03332081459048054,0.15403349147603243,0.23645691360000004,0.05051013537895142,True,True,False,False,False,0.34999882961319734,0.35342370259223,0.005408809503431367,"{""0.0000"": 1, ""0.0500"": 1, ""0.1000"": 2}"
c3_w2_tcop_cm1_states_L0.4_kp0_7599_up0_1000_s42,cm1,stageB,0.35,0.7599,0.1,,42,75,3,0,True,,0.38002400000000003,0.005130600168183596,5.618347510694802,0.04931980807666254,4.991005318502264,0.005810740417108766,0.035771365635536546,0.17788350162651959,0.23542096319999994,0.05003038500751318,True,True,False,False,False,0.34999882961319734,0.3520715002163721,0.005408809503431367,"{""0.0000"": 2, ""0.0500"": 1, ""0.1000"": 1}"
c3_w2_tcop_cm1_states_L0.4_kp0_7599_up0_1000_s42,cm1,stageB,0.35,0.7599,0.1,,42,100,4,1,True,,0.38132800000000006,0.0048399027516833094,5.405047347275047,0.05150345771978331,5.46326503695511,0.02501907550031942,0.03584175714036762,0.1772752061813577,0.2357301568,0.05044993970263988,True,True,False,False,False,0.34999882961319734,0.3527919684436891,0.005408809503431367,"{""0.0000"": 1, ""0.0500"": 2, ""0.1000"": 1}"
c3_w2_tcop_cm1_states_L0.4_kp0_7599_up0_1000_s42,cm1,stageB,0.35,0.7599,0.1,,42,125,5,2,True,,0.3836920000000001,0.0036921790269779913,3.907132881580351,0.060837079500077273,5.594543554439952,0.009574260988400534,0.035553735109121624,0.17618297963944254,0.2362863536,0.05109529465616183,True,True,False,False,False,0.34999882961319734,0.35342370259223,0.005408809503431367,"{""0.0000"": 1, ""0.0500"": 1, ""0.1000"": 2}"
c3_w2_tcop_cm1_states_L0.4_kp0_7599_up0_1000_s42,cm1,stageB,0.35,0.7599,0.1,,42,150,6,0,True,,0.3788639999999999,0.004017620884297007,4.047946218503681,0.06608114125715771,7.009548492148311,0.013593149472914581,0.03410855543956086,0.15942396173976955,0.23515907840000005,0.05064454071269676,True,True,False,False,False,0.34999882961319734,0.3520715002163721,0.005408809503431367,"{""0.0000"": 2, ""0.0500"": 1, ""0.1000"": 1}"
c3_w2_tcop_cm1_states_L0.4_kp0_7599_up0_1000_s42,cm1,stageB,0.35,0.7599,0.1,,42,175,7,1,True,,0.3812359999999999,0.0039190137210836674,4.653603060718184,0.07832057217497271,7.34841896360639,0.006728473981793032,0.031168368365061507,0.14164454526423384,0.2357539184,0.051179999062133635,True,True,False,False,False,0.34999882961319734,0.3527919684436891,0.005408809503431367,"{""0.0000"": 1, ""0.0500"": 2, ""0.1000"": 1}"
c3_w2_tcop_cm1_states_L0.4_kp0_7599_up0_1000_s42,cm1,stageB,0.35,0.7599,0.1,,42,200,8,2,True,,0.3834279999999999,0.004167642570124326,4.1729263689076115,0.06830195463824944,6.829579944799529,0.0020263457382953846,0.030470706625009097,0.14083478478140674,0.2362744688,0.050949080619771735,True,True,False,False,False,0.34999882961319734,0.35342370259223,0.005408809503431367,"{""0.0000"": 1, ""0.0500"": 1, ""0.1000"": 2}"
c3_w2_tcop_cm1_states_L0.4_kp0_7599_up0_1000_s42,cm1,stageB,0.35,0.7599,0.1,,42,225,9,0,True,,0.38048399999999993,0.0046800862269642,5.094223894666142,0.07915660900233223,8.44263029521208,0.010753905967565003,0.030302874839658968,0.14402708091791755,0.23558299040000005,0.051049444110587525,True,True,False,False,False,0.34999882961319734,0.3520715002163721,0.005408809503431367,"{""0.0000"": 2, ""0.0500"": 1, ""0.1000"": 1}"
c3_w2_tcop_cm1_states_L0.4_kp0_7599_up0_1000_s42,cm1,stageB,0.35,0.7599,0.1,,42,250,10,1,True,,0.38219200000000003,0.0030858508168446286,3.613171787958163,0.05516904480519487,5.514038157508272,0.013877973351515674,0.02812457520078989,0.1308242973928699,0.23600573440000003,0.05151461089826846,True,True,False,False,False,0.34999882961319734,0.3527919684436891,0.005408809503431367,"{""0.0000"": 1, ""0.0500"": 2, ""0.1000"": 1}"
c3_w2_tcop_cm1_states_L0.4_kp0_7599_up0_1000_s42,cm1,stageB,0.35,0.7599,0.1,,42,275,11,2,True,,0.38401599999999997,0.0029359465398055983,3.413631932427477,0.038615318382983016,4.071931072519337,0.0033851974751428378,0.02938150221944124,0.14061914050295016,0.2364204064,0.04989460636181029,True,True,False,False,False,0.34999882961319734,0.35342370259223,0.005408809503431367,"{""0.0000"": 1, ""0.0500"": 1, ""0.1000"": 2}"
c3_w2_tcop_cm1_states_L0.4_kp0_7599_up0_1000_s42,cm1,stageB,0.35,0.7599,0.1,,42,300,12,0,False,EXITS_PRIMARY_BLOCK_SET,0.38037199999999993,0.0020219853680227863,2.565313045618449,0.05502835110647625,5.530210462693345,0.008433640708689518,0.03085023340377623,0.1535339085065833,0.23555144160000002,0.04962803256225255,True,True,False,False,False,0.34999882961319734,0.3520715002163721,0.005408809503431367,"{""0.0000"": 2, ""0.0500"": 1, ""0.1000"": 1}"
c3_w2_tcop_cm1_states_L0.4_kp0_7599_up0_1000_s137,cm1,stageB,0.35,0.7599,0.1,,137,0,0,0,False,PRE_PRIMARY_PHASE_IMBALANCE,0.37578,0.004963902605945589,5.441651001104492,0.05174403624208144,5.234306917384091,0.07256481656319982,0.08430980357581852,0.8132417882451386,0.23356564640000002,0.05062639232653261,False,True,False,False,False,0.34999882961319734,0.3520715002163721,0.005408809503431367,"{""0.0000"": 2, ""0.0500"": 1, ""0.1000"": 1}"
c3_w2_tcop_cm1_states_L0.4_kp0_7599_up0_1000_s137,cm1,stageB,0.35,0.7599,0.1,,137,25,1,1,False,PRE_PRIMARY_PHASE_IMBALANCE,0.381016,0.004683294885982945,5.1145391197022105,0.05738734688723836,5.6165490648035155,0.020331258091875363,0.027744552358765058,0.1312280845654038,0.2357310592,0.05023631897342798,True,True,False,False,False,0.34999882961319734,0.3527919684436891,0.005408809503431367,"{""0.0000"": 1, ""0.0500"": 2, ""0.1000"": 1}"
c3_w2_tcop_cm1_states_L0.4_kp0_7599_up0_1000_s137,cm1,stageB,0.35,0.7599,0.1,,137,50,2,2,False,PRE_PRIMARY_PHASE_IMBALANCE,0.38309600000000005,0.005774083511749264,5.952671667587218,0.06116696822752091,5.946925611396082,0.006500952874485635,0.02990341809294555,0.13469208727135726,0.23620221760000004,0.05106559295651035,True,True,False,False,False,0.34999882961319734,0.35342370259223,0.005408809503431367,"{""0.0000"": 1, ""0.0500"": 1, ""0.1000"": 2}"
c3_w2_tcop_cm1_states_L0.4_kp0_7599_up0_1000_s137,cm1,stageB,0.35,0.7599,0.1,,137,75,3,0,True,,0.37864399999999987,0.00636442599140093,6.605156160446333,0.06809194921374391,6.4236700262453335,0.0016475168775701094,0.031501983014218145,0.14683977523256733,0.2351304432,0.049854601231982584,True,True,False,False,False,0.34999882961319734,0.3520715002163721,0.005408809503431367,"{""0.0000"": 2, ""0.0500"": 1, ""0.1000"": 1}"
c3_w2_tcop_cm1_states_L0.4_kp0_7599_up0_1000_s137,cm1,stageB,0.35,0.7599,0.1,,137,100,4,1,True,,0.380744,0.005909521623367061,6.5134627424298195,0.06755484972800459,6.7213181611234685,0.0027939675368331396,0.030428610616989888,0.14602987795991557,0.23564378240000003,0.04979966329203441,True,True,False,False,False,0.34999882961319734,0.3527919684436891,0.005408809503431367,"{""0.0000"": 1, ""0.0500"": 2, ""0.1000"": 1}"
c3_w2_tcop_cm1_states_L0.4_kp0_7599_up0_1000_s137,cm1,stageB,0.35,0.7599,0.1,,137,125,5,2,True,,0.3830159999999999,0.005648655292329325,6.317679767821454,0.07452601768669162,6.795120236916169,0.007951167926412763,0.029801459318932404,0.14516364813698734,0.2361844544,0.049726690458947696,True,True,False,False,False,0.34999882961319734,0.35342370259223,0.005408809503431367,"{""0.0000"": 1, ""0.0500"": 1, ""0.1000"": 2}"
c3_w2_tcop_cm1_states_L0.4_kp0_7599_up0_1000_s137,cm1,stageB,0.35,0.7599,0.1,,137,150,6,0,True,,0.378348,0.0063154731180306775,6.688875367197132,0.06583472606974398,7.137280142282889,0.004319630150082862,0.03012919309627353,0.1416685164407674,0.23507084640000003,0.050335185467026936,True,True,False,False,False,0.34999882961319734,0.3520715002163721,0.005408809503431367,"{""0.0000"": 2, ""0.0500"": 1, ""0.1000"": 1}"
c3_w2_tcop_cm1_states_L0.4_kp0_7599_up0_1000_s137,cm1,stageB,0.35,0.7599,0.1,,137,175,7,1,True,,0.38068799999999997,0.005198618473080647,5.160180579376945,0.06939923617517588,7.709094047472623,0.02071320479274239,0.026793009566040363,0.12293531678714509,0.23566061119999998,0.051143784138446384,True,True,False,False,False,0.34999882961319734,0.3527919684436891,0.005408809503431367,"{""0.0000"": 1, ""0.0500"": 2, ""0.1000"": 1}"
c3_w2_tcop_cm1_states_L0.4_kp0_7599_up0_1000_s137,cm1,stageB,0.35,0.7599,0.1,,137,200,8,2,True,,0.38256,0.004782373749428893,5.345523077462188,0.08785972787584016,8.614373717989052,0.01858027705065969,0.030871937200194866,0.14533667883381246,0.23606836160000003,0.05001446190853202,True,True,False,False,False,0.34999882961319734,0.35342370259223,0.005408809503431367,"{""0.0000"": 1, ""0.0500"": 1, ""0.1000"": 2}"
c3_w2_tcop_cm1_states_L0.4_kp0_7599_up0_1000_s137,cm1,stageB,0.35,0.7599,0.1,,137,225,9,0,True,,0.3791040000000001,0.004929489378086264,6.014044184543409,0.08496078264225172,9.067859835772918,0.018464748426647595,0.03075021376319493,0.14666160170649312,0.2352482592,0.05013578745766341,True,True,False,False,False,0.34999882961319734,0.3520715002163721,0.005408809503431367,"{""0.0000"": 2, ""0.0500"": 1, ""0.1000"": 1}"
c3_w2_tcop_cm1_states_L0.4_kp0_7599_up0_1000_s137,cm1,stageB,0.35,0.7599,0.1,,137,250,10,1,True,,0.380848,0.004076264377836464,4.443744113835438,0.04531992505002362,4.694414461778075,0.01924109559204298,0.028292452409649622,0.1375876986682674,0.2356866976,0.05005757581026073,True,True,False,False,False,0.34999882961319734,0.3527919684436891,0.005408809503431367,"{""0.0000"": 1, ""0.0500"": 2, ""0.1000"": 1}"
c3_w2_tcop_cm1_states_L0.4_kp0_7599_up0_1000_s137,cm1,stageB,0.35,0.7599,0.1,,137,275,11,2,True,,0.38321599999999995,0.005195080060259354,5.585124477930553,0.04144132069486862,4.5122939961284185,0.006758222462372351,0.03012759794228831,0.1367375053840719,0.2362282016,0.05080765044754579,True,True,False,False,False,0.34999882961319734,0.35342370259223,0.005408809503431367,"{""0.0000"": 1, ""0.0500"": 1, ""0.1000"": 2}"
c3_w2_tcop_cm1_states_L0.4_kp0_7599_up0_1000_s137,cm1,stageB,0.35,0.7599,0.1,,137,300,12,0,False,EXITS_PRIMARY_BLOCK_SET,0.37876800000000005,0.005917689104873034,6.675875761110308,0.05458194449182094,5.892224699869471,0.005056899036077729,0.02909147281224966,0.13306298279405074,0.23518138560000001,0.05002881345784647,True,True,False,False,False,0.34999882961319734,0.3520715002163721,0.005408809503431367,"{""0.0000"": 2, ""0.0500"": 1, ""0.1000"": 1}"
c3_w2_tcop_cm1_states_L0.4_kp0_7599_up0_1000_s256,cm1,stageB,0.35,0.7599,0.1,,256,0,0,0,False,PRE_PRIMARY_PHASE_IMBALANCE,0.37725200000000003,0.004612786509946313,4.921390317825312,0.07414691429308141,7.203945783849625,0.08163954011204001,0.0874007741777513,0.8323348826982098,0.233845768,0.04956943106391277,False,True,False,False,False,0.34999882961319734,0.3520715002163721,0.005408809503431367,"{""0.0000"": 2, ""0.0500"": 1, ""0.1000"": 1}"
c3_w2_tcop_cm1_states_L0.4_kp0_7599_up0_1000_s256,cm1,stageB,0.35,0.7599,0.1,,256,25,1,1,False,PRE_PRIMARY_PHASE_IMBALANCE,0.383504,0.004101460456665862,4.368296372598146,0.07233372233628095,6.7772109348715555,0.030054321637337338,0.03301534229629576,0.15958112520447987,0.236268368,0.04864444453378001,True,True,False,False,False,0.34999882961319734,0.3527919684436891,0.005408809503431367,"{""0.0000"": 1, ""0.0500"": 2, ""0.1000"": 1}"
c3_w2_tcop_cm1_states_L0.4_kp0_7599_up0_1000_s256,cm1,stageB,0.35,0.7599,0.1,,256,50,2,2,False,PRE_PRIMARY_PHASE_IMBALANCE,0.384488,0.004327405056997594,4.607166899196571,0.07969009041739879,8.212753256690569,0.027291799248980685,0.0315464928043399,0.15917271759021676,0.23650985919999998,0.04835967179375807,True,True,False,False,False,0.34999882961319734,0.35342370259223,0.005408809503431367,"{""0.0000"": 1, ""0.0500"": 1, ""0.1000"": 2}"
c3_w2_tcop_cm1_states_L0.4_kp0_7599_up0_1000_s256,cm1,stageB,0.35,0.7599,0.1,,256,75,3,0,True,,0.378896,0.0037840823022158103,4.367806085739772,0.048057460047271884,4.811667959320733,0.008985316395685982,0.03076673226242303,0.1456864148851231,0.23519792639999998,0.049615130595414135,True,True,False,False,False,0.34999882961319734,0.3520715002163721,0.005408809503431367,"{""0.0000"": 2, ""0.0500"": 1, ""0.1000"": 1}"
c3_w2_tcop_cm1_states_L0.4_kp0_7599_up0_1000_s256,cm1,stageB,0.35,0.7599,0.1,,256,100,4,1,True,,0.3807560000000001,0.0034891575351773253,3.557423490754426,0.04545556957511379,4.66909524356482,0.012191072944949722,0.03003442809918923,0.15653069116040003,0.23565009120000002,0.050625176187347735,True,True,False,False,False,0.34999882961319734,0.3527919684436891,0.005408809503431367,"{""0.0000"": 1, ""0.0500"": 2, ""0.1000"": 1}"
c3_w2_tcop_cm1_states_L0.4_kp0_7599_up0_1000_s256,cm1,stageB,0.35,0.7599,0.1,,256,125,5,2,True,,0.38303599999999993,0.003647423370188714,4.183387219151694,0.03964831786397464,4.045274983214962,0.02120096296955477,0.03135999391348286,0.1858833107439423,0.23617513439999996,0.05053733970046306,True,True,False,False,False,0.34999882961319734,0.35342370259223,0.005408809503431367,"{""0.0000"": 1, ""0.0500"": 1, ""0.1000"": 2}"
c3_w2_tcop_cm1_states_L0.4_kp0_7599_up0_1000_s256,cm1,stageB,0.35,0.7599,0.1,,256,150,6,0,True,,0.379956,0.0037863595225783096,4.361247968466321,0.06795710072717971,7.050575727145649,0.010762532814668468,0.03330260278737838,0.18739011836267847,0.2354293264,0.05139686823143994,True,True,False,False,False,0.34999882961319734,0.3520715002163721,0.005408809503431367,"{""0.0000"": 2, ""0.0500"": 1, ""0.1000"": 1}"
c3_w2_tcop_cm1_states_L0.4_kp0_7599_up0_1000_s256,cm1,stageB,0.35,0.7599,0.1,,256,175,7,1,True,,0.381968,0.0050001730221222495,5.256427436288836,0.06400259636327679,6.516806748430379,0.026598395538367837,0.030070625057058525,0.16441167803477855,0.23593651840000007,0.05136270024054421,True,True,False,False,False,0.34999882961319734,0.3527919684436891,0.005408809503431367,"{""0.0000"": 1, ""0.0500"": 2, ""0.1000"": 1}"
c3_w2_tcop_cm1_states_L0.4_kp0_7599_up0_1000_s256,cm1,stageB,0.35,0.7599,0.1,,256,200,8,2,True,,0.3836399999999999,0.0043140590490370265,4.241258311064958,0.057046956589730934,5.722082562053176,0.0002239823601168735,0.03043645950072066,0.16369513042515077,0.23632400640000004,0.050372516315943555,True,True,False,False,False,0.34999882961319734,0.35342370259223,0.005408809503431367,"{""0.0000"": 1, ""0.0500"": 1, ""0.1000"": 2}"
c3_w2_tcop_cm1_states_L0.4_kp0_7599_up0_1000_s256,cm1,stageB,0.35,0.7599,0.1,,256,225,9,0,True,,0.37933999999999996,0.0031137747611044665,3.46882920670237,0.0650377967203592,6.588701224935794,0.0005371971779950611,0.031068343950055633,0.14657035865827392,0.23530226720000003,0.049899943887744,True,True,False,False,False,0.34999882961319734,0.3520715002163721,0.005408809503431367,"{""0.0000"": 2, ""0.0500"": 1, ""0.1000"": 1}"
c3_w2_tcop_cm1_states_L0.4_kp0_7599_up0_1000_s256,cm1,stageB,0.35,0.7599,0.1,,256,250,10,1,True,,0.37998,0.004898464089095103,5.990913490408644,0.05419645253123712,5.45703853904552,0.03327602607812573,0.029811818368626647,0.14632349032495523,0.2354668784,0.05044243848189736,True,True,False,False,False,0.34999882961319734,0.3527919684436891,0.005408809503431367,"{""0.0000"": 1, ""0.0500"": 2, ""0.1000"": 1}"
c3_w2_tcop_cm1_states_L0.4_kp0_7599_up0_1000_s256,cm1,stageB,0.35,0.7599,0.1,,256,275,11,2,True,,0.3820400000000001,0.003946223658161716,4.552810002333389,0.06819637513325805,6.67648912981082,0.0009951785645657622,0.031525458118553715,0.14553449862439918,0.23594038080000002,0.05082281377491805,True,True,False,False,False,0.34999882961319734,0.35342370259223,0.005408809503431367,"{""0.0000"": 1, ""0.0500"": 1, ""0.1000"": 2}"
c3_w2_tcop_cm1_states_L0.4_kp0_7599_up0_1000_s256,cm1,stageB,0.35,0.7599,0.1,,256,300,12,0,False,EXITS_PRIMARY_BLOCK_SET,0.3781839999999999,0.004478991385370365,4.572685153172556,0.06283892282570573,5.897996015755577,0.01663864476097889,0.029506760916812133,0.14596069599464637,0.23503633920000003,0.050614446001117114,True,True,False,False,False,0.34999882961319734,0.3520715002163721,0.005408809503431367,"{""0.0000"": 2, ""0.0500"": 1, ""0.1000"": 1}"
c3_w2_tcop_cm1_states_L0.4_kp0_7599_up0_1000_s1024,cm1,stageB,0.35,0.7599,0.1,,1024,0,0,0,False,PRE_PRIMARY_PHASE_IMBALANCE,0.37400800000000006,0.004323229870515228,4.910068787656851,0.07229891423796364,6.798076275351117,0.06596411586048138,0.08358532209780892,0.8074693567852308,0.2331487296,0.04990567037922645,False,True,False,False,False,0.34999882961319734,0.3520715002163721,0.005408809503431367,"{""0.0000"": 2, ""0.0500"": 1, ""0.1000"": 1}"
c3_w2_tcop_cm1_states_L0.4_kp0_7599_up0_1000_s1024,cm1,stageB,0.35,0.7599,0.1,,1024,25,1,1,False,PRE_PRIMARY_PHASE_IMBALANCE,0.37971999999999995,0.0047314115257678655,4.9805366693642315,0.05437494468494158,5.232175422458277,0.017786251347707793,0.027662135066124825,0.12535552479364928,0.23542239040000001,0.04976667157847709,True,True,False,False,False,0.34999882961319734,0.3527919684436891,0.005408809503431367,"{""0.0000"": 1, ""0.0500"": 2, ""0.1000"": 1}"
c3_w2_tcop_cm1_states_L0.4_kp0_7599_up0_1000_s1024,cm1,stageB,0.35,0.7599,0.1,,1024,50,2,2,False,PRE_PRIMARY_PHASE_IMBALANCE,0.382328,0.004755217925928181,4.942285199377135,0.055304351926009555,5.623584481745808,0.020716013502770164,0.02986387029611102,0.1370550936968909,0.2360229344,0.05032792878710587,True,True,False,False,False,0.34999882961319734,0.35342370259223,0.005408809503431367,"{""0.0000"": 1, ""0.0500"": 1, ""0.1000"": 2}"
c3_w2_tcop_cm1_states_L0.4_kp0_7599_up0_1000_s1024,cm1,stageB,0.35,0.7599,0.1,,1024,75,3,0,True,,0.38007599999999997,0.004310047882675223,5.057845690914593,0.057034414898278506,5.7829578504295265,0.03000394749480058,0.031519157808394316,0.15891558488587657,0.2354747216,0.04995231950570464,True,True,False,False,False,0.34999882961319734,0.3520715002163721,0.005408809503431367,"{""0.0000"": 2, ""0.0500"": 1, ""0.1000"": 1}"
c3_w2_tcop_cm1_states_L0.4_kp0_7599_up0_1000_s1024,cm1,stageB,0.35,0.7599,0.1,,1024,100,4,1,True,,0.3820560000000001,0.004196352142227258,4.77272919176976,0.04606139025474695,4.28459718494199,0.017036693259765975,0.029269802746917702,0.1580920070406118,0.23596416,0.0510185541151452,True,True,False,False,False,0.34999882961319734,0.3527919684436891,0.005408809503431367,"{""0.0000"": 1, ""0.0500"": 2, ""0.1000"": 1}"
c3_w2_tcop_cm1_states_L0.4_kp0_7599_up0_1000_s1024,cm1,stageB,0.35,0.7599,0.1,,1024,125,5,2,True,,0.38378799999999996,0.004075177448196094,3.852376680566594,0.07730797365186717,7.877727022733289,0.016815339030193513,0.030339254868025974,0.15737855233259368,0.23635919200000002,0.05074101946157566,True,True,False,False,False,0.34999882961319734,0.35342370259223,0.005408809503431367,"{""0.0000"": 1, ""0.0500"": 1, ""0.1000"": 2}"
c3_w2_tcop_cm1_states_L0.4_kp0_7599_up0_1000_s1024,cm1,stageB,0.35,0.7599,0.1,,1024,150,6,0,True,,0.37960800000000006,0.0040603124227295275,4.63521946378153,0.09263486034441006,9.28536187716479,0.013245302493717534,0.03058870053498274,0.15595034837002822,0.2353709344,0.0512305215276987,True,True,False,False,False,0.34999882961319734,0.3520715002163721,0.005408809503431367,"{""0.0000"": 2, ""0.0500"": 1, ""0.1000"": 1}"
c3_w2_tcop_cm1_states_L0.4_kp0_7599_up0_1000_s1024,cm1,stageB,0.35,0.7599,0.1,,1024,175,7,1,True,,0.38012,0.0048482435272448445,5.022117303540123,0.07855489511669227,7.873332618094248,0.01322872471076606,0.029135770638984676,0.13258970816429097,0.235506128,0.050133278368764196,True,True,False,False,False,0.34999882961319734,0.3527919684436891,0.005408809503431367,"{""0.0000"": 1, ""0.0500"": 2, ""0.1000"": 1}"
c3_w2_tcop_cm1_states_L0.4_kp0_7599_up0_1000_s1024,cm1,stageB,0.35,0.7599,0.1,,1024,200,8,2,True,,0.382484,0.004250071101454525,4.219944108914296,0.08116194261191023,8.05983552935514,0.009153925690638408,0.02918923184130761,0.13177021749466586,0.2360653456,0.051843126294620775,True,True,False,False,False,0.34999882961319734,0.35342370259223,0.005408809503431367,"{""0.0000"": 1, ""0.0500"": 1, ""0.1000"": 2}"
c3_w2_tcop_cm1_states_L0.4_kp0_7599_up0_1000_s1024,cm1,stageB,0.35,0.7599,0.1,,1024,225,9,0,True,,0.37899199999999994,0.004001007380140925,4.639561419665225,0.0648616404468068,7.10353360659337,0.00011273133025115441,0.029760720832178608,0.125596318324407,0.2352298464,0.05112361426972862,True,True,False,False,False,0.34999882961319734,0.3520715002163721,0.005408809503431367,"{""0.0000"": 2, ""0.0500"": 1, ""0.1000"": 1}"
c3_w2_tcop_cm1_states_L0.4_kp0_7599_up0_1000_s1024,cm1,stageB,0.35,0.7599,0.1,,1024,250,10,1,True,,0.3810119999999999,0.004092389801199679,4.447814852910103,0.06153658362550107,5.929711462029174,0.013838428309049333,0.028673184770258858,0.12178094096306433,0.23572250399999997,0.05142349517487119,True,True,False,False,False,0.34999882961319734,0.3527919684436891,0.005408809503431367,"{""0.0000"": 1, ""0.0500"": 2, ""0.1000"": 1}"
c3_w2_tcop_cm1_states_L0.4_kp0_7599_up0_1000_s1024,cm1,stageB,0.35,0.7599,0.1,,1024,275,11,2,True,,0.38452,0.0035000895786912833,4.260263895433678,0.0614090914429805,6.4322144973193,0.024386917979261173,0.03201139355587635,0.14563611737845594,0.23651285760000007,0.050874449382769735,True,True,False,False,False,0.34999882961319734,0.35342370259223,0.005408809503431367,"{""0.0000"": 1, ""0.0500"": 1, ""0.1000"": 2}"
c3_w2_tcop_cm1_states_L0.4_kp0_7599_up0_1000_s1024,cm1,stageB,0.35,0.7599,0.1,,1024,300,12,0,False,EXITS_PRIMARY_BLOCK_SET,0.3803399999999999,0.004026494646667127,4.352116902261403,0.06469611116263485,6.357955866703544,0.009869420422958419,0.03534098998857818,0.1567018978895149,0.23550080800000003,0.051586087271666574,True,True,False,False,False,0.34999882961319734,0.3520715002163721,0.005408809503431367,"{""0.0000"": 2, ""0.0500"": 1, ""0.1000"": 1}"
c3_w2_tcop_cm1_states_L0.4_kp0_7599_up0_1000_s31415,cm1,stageB,0.35,0.7599,0.1,,31415,0,0,0,False,PRE_PRIMARY_PHASE_IMBALANCE,0.372952,0.004364952380742452,4.443631448148682,0.0732330385600044,7.159967802396237,0.09056054769296545,0.0866693399788901,0.8494390676295096,0.2328139968,0.049369683977112916,False,True,False,False,False,0.34999882961319734,0.3520715002163721,0.005408809503431367,"{""0.0000"": 2, ""0.0500"": 1, ""0.1000"": 1}"
c3_w2_tcop_cm1_states_L0.4_kp0_7599_up0_1000_s31415,cm1,stageB,0.35,0.7599,0.1,,31415,25,1,1,False,PRE_PRIMARY_PHASE_IMBALANCE,0.3806159999999999,0.00473984244227209,5.049554467653883,0.06635050013216769,7.257866142945904,0.010709186156262167,0.03128922312684734,0.16604661872846482,0.23560563199999998,0.05037003617231181,True,True,False,False,False,0.34999882961319734,0.3527919684436891,0.005408809503431367,"{""0.0000"": 1, ""0.0500"": 2, ""0.1000"": 1}"
c3_w2_tcop_cm1_states_L0.4_kp0_7599_up0_1000_s31415,cm1,stageB,0.35,0.7599,0.1,,31415,50,2,2,False,PRE_PRIMARY_PHASE_IMBALANCE,0.383504,0.004604133390591686,5.3876504614431155,0.05709000313956666,5.687874727152928,0.003790274298952823,0.03285944702601764,0.16479619465560666,0.23626987840000002,0.05026849892328196,True,True,False,False,False,0.34999882961319734,0.35342370259223,0.005408809503431367,"{""0.0000"": 1, ""0.0500"": 1, ""0.1000"": 2}"
c3_w2_tcop_cm1_states_L0.4_kp0_7599_up0_1000_s31415,cm1,stageB,0.35,0.7599,0.1,,31415,75,3,0,True,,0.3784199999999999,0.00459699795186736,5.286101614859736,0.05818135208780311,6.438273532200432,0.009566835840167232,0.03329361074580923,0.15009777456239679,0.23505956960000002,0.0505555496459093,True,True,False,False,False,0.34999882961319734,0.3520715002163721,0.005408809503431367,"{""0.0000"": 2, ""0.0500"": 1, ""0.1000"": 1}"
c3_w2_tcop_cm1_states_L0.4_kp0_7599_up0_1000_s31415,cm1,stageB,0.35,0.7599,0.1,,31415,100,4,1,True,,0.38056000000000006,0.0036937477863479996,4.19084656740124,0.055789732779042894,5.669100113021954,0.016621800879320123,0.03222661113037743,0.139793987440104,0.23558367680000003,0.04940532764793692,True,True,False,False,False,0.34999882961319734,0.3527919684436891,0.005408809503431367,"{""0.0000"": 1, ""0.0500"": 2, ""0.1000"": 1}"
c3_w2_tcop_cm1_states_L0.4_kp0_7599_up0_1000_s31415,cm1,stageB,0.35,0.7599,0.1,,31415,125,5,2,True,,0.382596,0.004375952915266238,5.16423191063929,0.06613345742835007,7.124551186799198,0.007557761056983854,0.03305416189354985,0.13905006811610654,0.2360563696,0.049615529665619815,True,True,False,False,False,0.34999882961319734,0.35342370259223,0.005408809503431367,"{""0.0000"": 1, ""0.0500"": 1, ""0.1000"": 2}"
c3_w2_tcop_cm1_states_L0.4_kp0_7599_up0_1000_s31415,cm1,stageB,0.35,0.7599,0.1,,31415,150,6,0,True,,0.3775839999999999,0.004056733861789436,4.982746324566232,0.05506540102809119,5.2918334358147785,0.00035725425068761416,0.03363516495256741,0.15572693716967095,0.23485303039999997,0.049582284578264434,True,True,False,False,False,0.34999882961319734,0.3520715002163721,0.005408809503431367,"{""0.0000"": 2, ""0.0500"": 1, ""0.1000"": 1}"
c3_w2_tcop_cm1_states_L0.4_kp0_7599_up0_1000_s31415,cm1,stageB,0.35,0.7599,0.1,,31415,175,7,1,True,,0.38010799999999995,0.004256634389987301,4.758626832588915,0.06026261156737959,5.669176396391991,0.01466319400031803,0.03256959883083046,0.15784987383099047,0.23547264480000002,0.05048909125741916,True,True,False,False,False,0.34999882961319734,0.3527919684436891,0.005408809503431367,"{""0.0000"": 1, ""0.0500"": 2, ""0.1000"": 1}"
c3_w2_tcop_cm1_states_L0.4_kp0_7599_up0_1000_s31415,cm1,stageB,0.35,0.7599,0.1,,31415,200,8,2,True,,0.382084,0.005752162367028405,5.70117520887633,0.050828190818749494,5.184424858251447,0.0097263733091059,0.03334646717202903,0.15703353148251814,0.23593347999999995,0.04972903522088479,True,True,False,False,False,0.34999882961319734,0.35342370259223,0.005408809503431367,"{""0.0000"": 1, ""0.0500"": 1, ""0.1000"": 2}"
c3_w2_tcop_cm1_states_L0.4_kp0_7599_up0_1000_s31415,cm1,stageB,0.35,0.7599,0.1,,31415,225,9,0,True,,0.3784,0.004818171317636149,5.2988284723329135,0.04687604606011918,4.59956080900024,0.019549523611062148,0.032658202590978416,0.15856236744565969,0.23506072320000004,0.04888680803652454,True,True,False,False,False,0.34999882961319734,0.3520715002163721,0.005408809503431367,"{""0.0000"": 2, ""0.0500"": 1, ""0.1000"": 1}"
c3_w2_tcop_cm1_states_L0.4_kp0_7599_up0_1000_s31415,cm1,stageB,0.35,0.7599,0.1,,31415,250,10,1,True,,0.38159200000000004,0.0038097840501847544,4.178486836876953,0.057297037411100746,6.26242327393209,0.012323503225178245,0.03189578505532484,0.16771840036552546,0.23583140800000002,0.04965023198334525,True,True,False,False,False,0.34999882961319734,0.3527919684436891,0.005408809503431367,"{""0.0000"": 1, ""0.0500"": 2, ""0.1000"": 1}"
c3_w2_tcop_cm1_states_L0.4_kp0_7599_up0_1000_s31415,cm1,stageB,0.35,0.7599,0.1,,31415,275,11,2,True,,0.38326800000000005,0.003712354303810802,3.6437562148648195,0.053957131730032366,5.462268249237924,0.008482641660740435,0.03150287924073465,0.16698498135251313,0.23622785759999998,0.049967991514568606,True,True,False,False,False,0.34999882961319734,0.35342370259223,0.005408809503431367,"{""0.0000"": 1, ""0.0500"": 1, ""0.1000"": 2}"
c3_w2_tcop_cm1_states_L0.4_kp0_7599_up0_1000_s31415,cm1,stageB,0.35,0.7599,0.1,,31415,300,12,0,False,EXITS_PRIMARY_BLOCK_SET,0.380944,0.0029767421984275276,3.4000979804349165,0.0675914786402517,6.463099023353237,0.018095807601219694,0.030311138817238594,0.16800369564029438,0.23569233920000002,0.050383220063826804,True,True,False,False,False,0.34999882961319734,0.3520715002163721,0.005408809503431367,"{""0.0000"": 2, ""0.0500"": 1, ""0.1000"": 1}"
c3_w2_tcop_cm1_states_L0.4_kp0_7599_up0_2500_s42,cm1,stageB,0.35,0.7599,0.25,,42,0,0,0,False,PRE_PRIMARY_PHASE_IMBALANCE,0.38480399999999987,0.0035327610008773934,3.74698660657869,0.06197038817820874,5.762984799146987,0.0879527873163819,0.09718166264253832,0.8606979115063831,0.23533142880000002,0.051387173341214246,False,True,False,False,False,0.34999882961319734,0.3543248969543085,0.010768227339044145,"{""0.0000"": 2, ""0.1250"": 1, ""0.2500"": 1}"
c3_w2_tcop_cm1_states_L0.4_kp0_7599_up0_2500_s42,cm1,stageB,0.35,0.7599,0.25,,42,25,1,1,False,PRE_PRIMARY_PHASE_IMBALANCE,0.3944559999999999,0.003447836681998356,4.004484509526019,0.051459851439604,5.288498539952031,0.04513076278441766,0.04530045534724545,0.19368446621756435,0.2385411616,0.05003582780368483,True,True,False,False,False,0.34999882961319734,0.3559589074606587,0.010768227339044145,"{""0.0000"": 1, ""0.1250"": 2, ""0.2500"": 1}"
c3_w2_tcop_cm1_states_L0.4_kp0_7599_up0_2500_s42,cm1,stageB,0.35,0.7599,0.25,,42,50,2,2,False,PRE_PRIMARY_PHASE_IMBALANCE,0.400812,0.003474018454089668,3.924158547190007,0.049519047772707825,4.913240442081952,0.032835234580731565,0.05278942606999738,0.2185563301034991,0.23971405280000002,0.04924571713357417,True,True,False,False,False,0.34999882961319734,0.35701695378906956,0.010768227339044145,"{""0.0000"": 1, ""0.1250"": 1, ""0.2500"": 2}"
c3_w2_tcop_cm1_states_L0.4_kp0_7599_up0_2500_s42,cm1,stageB,0.35,0.7599,0.25,,42,75,3,0,True,,0.39073599999999997,0.004032552690939748,4.726465457409398,0.044426256967646474,4.541640874412655,0.016330202652117345,0.05813491025544997,0.24569018404833404,0.23754538879999995,0.049716177487815774,True,True,False,False,False,0.34999882961319734,0.3543248969543085,0.010768227339044145,"{""0.0000"": 2, ""0.1250"": 1, ""0.2500"": 1}"
c3_w2_tcop_cm1_states_L0.4_kp0_7599_up0_2500_s42,cm1,stageB,0.35,0.7599,0.25,,42,100,4,1,True,,0.39536399999999994,0.003484341388835509,3.8750100808294485,0.044346716749997,4.594432075770456,0.0435136237202273,0.0527283149382153,0.24281421615823853,0.23861671520000002,0.050029466357337855,True,True,False,False,False,0.34999882961319734,0.3559589074606587,0.010768227339044145,"{""0.0000"": 1, ""0.1250"": 2, ""0.2500"": 1}"
c3_w2_tcop_cm1_states_L0.4_kp0_7599_up0_2500_s42,cm1,stageB,0.35,0.7599,0.25,,42,125,5,2,True,,0.40094000000000013,0.002165502785443286,2.3591133376339215,0.05550175480677295,5.108330815699116,0.0023006241306014427,0.05526225844603646,0.23943732169542242,0.2396961904,0.050413057832271985,True,True,False,False,False,0.34999882961319734,0.35701695378906956,0.010768227339044145,"{""0.0000"": 1, ""0.1250"": 1, ""0.2500"": 2}"
c3_w2_tcop_cm1_states_L0.4_kp0_7599_up0_2500_s42,cm1,stageB,0.35,0.7599,0.25,,42,150,6,0,True,,0.38992000000000004,0.003344517524594493,3.4344622505583255,0.06570509551216502,7.054798545115317,0.02164845120733278,0.054842291220136334,0.21235125099417515,0.23742511360000002,0.050097441052413046,True,True,False,False,False,0.34999882961319734,0.3543248969543085,0.010768227339044145,"{""0.0000"": 2, ""0.1250"": 1, ""0.2500"": 1}"
c3_w2_tcop_cm1_states_L0.4_kp0_7599_up0_2500_s42,cm1,stageB,0.35,0.7599,0.25,,42,175,7,1,True,,0.395068,0.002768721181513248,3.3564758499041156,0.07949789589432402,7.687915111705178,0.035251938036027275,0.04687550284464898,0.1933844295326769,0.23864632160000002,0.05026604595549564,True,True,False,False,False,0.34999882961319734,0.3559589074606587,0.010768227339044145,"{""0.0000"": 1, ""0.1250"": 2, ""0.2500"": 1}"
c3_w2_tcop_cm1_states_L0.4_kp0_7599_up0_2500_s42,cm1,stageB,0.35,0.7599,0.25,,42,200,8,2,True,,0.40035999999999994,0.002617240186328087,2.7791062701426172,0.0796975786117665,7.864783736063562,0.016817747273737433,0.04976073699453121,0.19282645570779683,0.239674976,0.049906616795771686,True,True,False,False,False,0.34999882961319734,0.35701695378906956,0.010768227339044145,"{""0.0000"": 1, ""0.1250"": 1, ""0.2500"": 2}"
c3_w2_tcop_cm1_states_L0.4_kp0_7599_up0_2500_s42,cm1,stageB,0.35,0.7599,0.25,,42,225,9,0,True,,0.391216,0.0034402518532238597,3.7938902542250106,0.08530237223535053,9.23365386824494,0.02326272456071487,0.05100430441690441,0.20653551949169885,0.23776789120000008,0.05043135278772522,True,True,False,False,False,0.34999882961319734,0.3543248969543085,0.010768227339044145,"{""0.0000"": 2, ""0.1250"": 1, ""0.2500"": 1}"
c3_w2_tcop_cm1_states_L0.4_kp0_7599_up0_2500_s42,cm1,stageB,0.35,0.7599,0.25,,42,250,10,1,True,,0.3959319999999999,0.0013350672052269447,1.7957627407731729,0.06253029215124885,6.008734797190573,0.03356002726557832,0.044009267171241005,0.1818494080249907,0.23886623199999998,0.05079735599418537,True,True,False,False,False,0.34999882961319734,0.3559589074606587,0.010768227339044145,"{""0.0000"": 1, ""0.1250"": 2, ""0.2500"": 1}"
c3_w2_tcop_cm1_states_L0.4_kp0_7599_up0_2500_s42,cm1,stageB,0.35,0.7599,0.25,,42,275,11,2,True,,0.40104800000000007,0.001095649367029417,1.4935299483835816,0.04207205912795927,4.516962004824377,0.01407054587570341,0.04789384328724543,0.191498274043261,0.23983956480000004,0.04910337764349822,True,True,False,False,False,0.34999882961319734,0.35701695378906956,0.010768227339044145,"{""0.0000"": 1, ""0.1250"": 1, ""0.2500"": 2}"
c3_w2_tcop_cm1_states_L0.4_kp0_7599_up0_2500_s42,cm1,stageB,0.35,0.7599,0.25,,42,300,12,0,False,EXITS_PRIMARY_BLOCK_SET,0.39096,0.0009264796158964062,1.4703097681451613,0.052215952227997436,5.168202369331644,0.0039046261800713008,0.051806182737188414,0.2179251068704596,0.237700048,0.04910110385724541,True,True,False,False,False,0.34999882961319734,0.3543248969543085,0.010768227339044145,"{""0.0000"": 2, ""0.1250"": 1, ""0.2500"": 1}"
c3_w2_tcop_cm1_states_L0.4_kp0_7599_up0_2500_s137,cm1,stageB,0.35,0.7599,0.25,,137,0,0,0,False,PRE_PRIMARY_PHASE_IMBALANCE,0.38635200000000003,0.0035901613198334077,4.106025620746905,0.05370450118932482,5.423631150588402,0.08870560284406495,0.09582093965229056,0.867602598491524,0.23571360640000003,0.049637607678049915,False,True,False,False,False,0.34999882961319734,0.3543248969543085,0.010768227339044145,"{""0.0000"": 2, ""0.1250"": 1, ""0.2500"": 1}"
c3_w2_tcop_cm1_states_L0.4_kp0_7599_up0_2500_s137,cm1,stageB,0.35,0.7599,0.25,,137,25,1,1,False,PRE_PRIMARY_PHASE_IMBALANCE,0.39532000000000006,0.002660743045843547,3.137752103002936,0.05083177583096424,5.037943345991189,0.03899448925214647,0.045526998748032746,0.20135586309481956,0.23871817920000002,0.049142421592754254,True,True,False,False,False,0.34999882961319734,0.3559589074606587,0.010768227339044145,"{""0.0000"": 1, ""0.1250"": 2, ""0.2500"": 1}"
c3_w2_tcop_cm1_states_L0.4_kp0_7599_up0_2500_s137,cm1,stageB,0.35,0.7599,0.25,,137,50,2,2,False,PRE_PRIMARY_PHASE_IMBALANCE,0.40037600000000007,0.0034089580896142957,3.6631155364412216,0.05631281501947055,5.417815127299404,0.012929940033464253,0.049172436849838096,0.19881311517470282,0.23968746240000002,0.04992653226491902,True,True,False,False,False,0.34999882961319734,0.35701695378906956,0.010768227339044145,"{""0.0000"": 1, ""0.1250"": 1, ""0.2500"": 2}"
c3_w2_tcop_cm1_states_L0.4_kp0_7599_up0_2500_s137,cm1,stageB,0.35,0.7599,0.25,,137,75,3,0,True,,0.3894879999999999,0.004923583849340096,5.143034621088427,0.06185674623074815,5.865163537010931,0.009464447221476362,0.05193684494691702,0.2074518336702239,0.23737789440000004,0.049415562892675825,True,True,False,False,False,0.34999882961319734,0.3543248969543085,0.010768227339044145,"{""0.0000"": 2, ""0.1250"": 1, ""0.2500"": 1}"
c3_w2_tcop_cm1_states_L0.4_kp0_7599_up0_2500_s137,cm1,stageB,0.35,0.7599,0.25,,137,100,4,1,True,,0.39455200000000007,0.004273072398203276,4.7982829803144496,0.061748808241138334,6.344697868173678,0.02806055249156733,0.04636302449602834,0.2047892287840658,0.23854609919999997,0.04916339386169348,True,True,False,False,False,0.34999882961319734,0.3559589074606587,0.010768227339044145,"{""0.0000"": 1, ""0.1250"": 2, ""0.2500"": 1}"
c3_w2_tcop_cm1_states_L0.4_kp0_7599_up0_2500_s137,cm1,stageB,0.35,0.7599,0.25,,137,125,5,2,True,,0.39980799999999994,0.0039944771667701886,4.55784587190786,0.06814151887139218,6.333956377769734,0.02454943743397145,0.049676131375262854,0.21310228856575586,0.2395671072,0.048618958606699916,True,True,False,False,False,0.34999882961319734,0.35701695378906956,0.010768227339044145,"{""0.0000"": 1, ""0.1250"": 1, ""0.2500"": 2}"
c3_w2_tcop_cm1_states_L0.4_kp0_7599_up0_2500_s137,cm1,stageB,0.35,0.7599,0.25,,137,150,6,0,True,,0.38919200000000004,0.005311925036383281,5.734288711333796,0.062341028429913445,6.756739099944059,0.014861812151789177,0.05401125941778152,0.21891508505078444,0.23727971520000005,0.049661122983678085,True,True,False,False,False,0.34999882961319734,0.3543248969543085,0.010768227339044145,"{""0.0000"": 2, ""0.1250"": 1, ""0.2500"": 1}"
c3_w2_tcop_cm1_states_L0.4_kp0_7599_up0_2500_s137,cm1,stageB,0.35,0.7599,0.25,,137,175,7,1,True,,0.39443999999999996,0.004007322098063616,4.012263833696799,0.06687724947242761,7.1729311225163235,0.04466525132215919,0.04624377519097231,0.1987628024572488,0.2385243744,0.05010355675997463,True,True,False,False,False,0.34999882961319734,0.3559589074606587,0.010768227339044145,"{""0.0000"": 1, ""0.1250"": 2, ""0.2500"": 1}"
c3_w2_tcop_cm1_states_L0.4_kp0_7599_up0_2500_s137,cm1,stageB,0.35,0.7599,0.25,,137,200,8,2,True,,0.3993079999999999,0.0030897008861855936,3.4359112592070846,0.07961190115040942,7.670140139906992,0.025954892898927755,0.05261451391254168,0.2123673950625397,0.23941972639999995,0.04888231925758024,True,True,False,False,False,0.34999882961319734,0.35701695378906956,0.010768227339044145,"{""0.0000"": 1, ""0.1250"": 1, ""0.2500"": 2}"
c3_w2_tcop_cm1_states_L0.4_kp0_7599_up0_2500_s137,cm1,stageB,0.35,0.7599,0.25,,137,225,9,0,True,,0.38952000000000003,0.003942938372411779,4.959872158565896,0.07859776966942804,8.359026808274459,0.029107038786893774,0.05362961098994763,0.21770384006545526,0.23735778560000004,0.04961622315331952,True,True,False,False,False,0.34999882961319734,0.3543248969543085,0.010768227339044145,"{""0.0000"": 2, ""0.1250"": 1, ""0.2500"": 1}"
c3_w2_tcop_cm1_states_L0.4_kp0_7599_up0_2500_s137,cm1,stageB,0.35,0.7599,0.25,,137,250,10,1,True,,0.39440800000000004,0.002697792136619792,3.031203192897669,0.04590014483771251,4.615649545688138,0.03879619610712548,0.045444686154762916,0.20587817639125425,0.2385290688,0.04945876601776474,True,True,False,False,False,0.34999882961319734,0.3559589074606587,0.010768227339044145,"{""0.0000"": 1, ""0.1250"": 2, ""0.2500"": 1}"
c3_w2_tcop_cm1_states_L0.4_kp0_7599_up0_2500_s137,cm1,stageB,0.35,0.7599,0.25,,137,275,11,2,True,,0.400244,0.0029605238149412105,3.4621447077623015,0.03859233385299353,4.292613760611626,0.02266184378539277,0.05101491783717696,0.2028762449833695,0.2396318288,0.049497277339263825,True,True,False,False,False,0.34999882961319734,0.35701695378906956,0.010768227339044145,"{""0.0000"": 1, ""0.1250"": 1, ""0.2500"": 2}"
c3_w2_tcop_cm1_states_L0.4_kp0_7599_up0_2500_s137,cm1,stageB,0.35,0.7599,0.25,,137,300,12,0,False,EXITS_PRIMARY_BLOCK_SET,0.38966800000000007,0.0043667636252503386,5.129140704847164,0.05467517932704543,5.777580720814737,0.015433141455559456,0.05273630739114642,0.20119691583297342,0.23740456160000004,0.04893924576451909,True,True,False,False,False,0.34999882961319734,0.3543248969543085,0.010768227339044145,"{""0.0000"": 2, ""0.1250"": 1, ""0.2500"": 1}"
c3_w2_tcop_cm1_states_L0.4_kp0_7599_up0_2500_s256,cm1,stageB,0.35,0.7599,0.25,,256,0,0,0,False,PRE_PRIMARY_PHASE_IMBALANCE,0.38710000000000006,0.003915144632876802,4.241815927071968,0.07615707160863368,7.560778736806013,0.09490155914353525,0.09913676378124037,0.8814259858397672,0.2357808848,0.04890838373939584,False,True,False,False,False,0.34999882961319734,0.3543248969543085,0.010768227339044145,"{""0.0000"": 2, ""0.1250"": 1, ""0.2500"": 1}"
c3_w2_tcop_cm1_states_L0.4_kp0_7599_up0_2500_s256,cm1,stageB,0.35,0.7599,0.25,,256,25,1,1,False,PRE_PRIMARY_PHASE_IMBALANCE,0.39674,0.003238626757130586,3.5011459243173744,0.0689797820597853,6.414823169729269,0.04905324920492146,0.048990708582833574,0.22281594943082125,0.23895959200000003,0.047790086838171784,True,True,False,False,False,0.34999882961319734,0.3559589074606587,0.010768227339044145,"{""0.0000"": 1, ""0.1250"": 2, ""0.2500"": 1}"
c3_w2_tcop_cm1_states_L0.4_kp0_7599_up0_2500_s256,cm1,stageB,0.35,0.7599,0.25,,256,50,2,2,False,PRE_PRIMARY_PHASE_IMBALANCE,0.401032,0.0033806865384451924,3.4922441569014553,0.08079340845704103,8.060884764796008,0.011964331514734066,0.05063336484656048,0.22043128672916049,0.23979301760000002,0.047426311009818166,True,True,False,False,False,0.34999882961319734,0.35701695378906956,0.010768227339044145,"{""0.0000"": 1, ""0.1250"": 1, ""0.2500"": 2}"
c3_w2_tcop_cm1_states_L0.4_kp0_7599_up0_2500_s256,cm1,stageB,0.35,0.7599,0.25,,256,75,3,0,True,,0.3895519999999999,0.003293408791218937,3.82743141486211,0.049546585682189434,4.865528339148902,0.0032409697534193896,0.05050752327532304,0.2063909305910613,0.23741412159999997,0.049135316178895196,True,True,False,False,False,0.34999882961319734,0.3543248969543085,0.010768227339044145,"{""0.0000"": 2, ""0.1250"": 1, ""0.2500"": 1}"
c3_w2_tcop_cm1_states_L0.4_kp0_7599_up0_2500_s256,cm1,stageB,0.35,0.7599,0.25,,256,100,4,1,True,,0.394564,0.002560213797439533,2.591401140139727,0.049809683152969936,5.361463036234702,0.03332598739410154,0.04533003624215247,0.20376922323433155,0.23856335519999994,0.04993685917235884,True,True,False,False,False,0.34999882961319734,0.3559589074606587,0.010768227339044145,"{""0.0000"": 1, ""0.1250"": 2, ""0.2500"": 1}"
c3_w2_tcop_cm1_states_L0.4_kp0_7599_up0_2500_s256,cm1,stageB,0.35,0.7599,0.25,,256,125,5,2,True,,0.40035200000000004,0.002331784168096273,2.847380136001615,0.045544808934399605,4.487906085653559,0.036350849445439495,0.05090111546091784,0.24478458894976277,0.23965499839999999,0.049765410638313835,True,True,False,False,False,0.34999882961319734,0.35701695378906956,0.010768227339044145,"{""0.0000"": 1, ""0.1250"": 1, ""0.2500"": 2}"
c3_w2_tcop_cm1_states_L0.4_kp0_7599_up0_2500_s256,cm1,stageB,0.35,0.7599,0.25,,256,150,6,0,True,,0.391216,0.002638197493717034,3.134902106214354,0.06480753820120687,6.428188614008934,0.02236573903197334,0.05479183175433874,0.2505010013636943,0.23770656319999997,0.050752353088305176,False,True,False,False,False,0.34999882961319734,0.3543248969543085,0.010768227339044145,"{""0.0000"": 2, ""0.1250"": 1, ""0.2500"": 1}"
c3_w2_tcop_cm1_states_L0.4_kp0_7599_up0_2500_s256,cm1,stageB,0.35,0.7599,0.25,,256,175,7,1,True,,0.3961839999999999,0.003443290661795083,3.8115398332967216,0.05945994266049354,6.095464096566141,0.04995633125003203,0.046386497292818886,0.22615754238899724,0.23888450239999998,0.05039839426013491,True,True,False,False,False,0.34999882961319734,0.3559589074606587,0.010768227339044145,"{""0.0000"": 1, ""0.1250"": 2, ""0.2500"": 1}"
c3_w2_tcop_cm1_states_L0.4_kp0_7599_up0_2500_s256,cm1,stageB,0.35,0.7599,0.25,,256,200,8,2,True,,0.40146800000000016,0.0026041717992840835,2.7469562408418,0.05232093401925759,5.350693385475375,0.014449819411662424,0.050930606981102085,0.22318092544566204,0.23987336480000004,0.0493773731176538,True,True,False,False,False,0.34999882961319734,0.35701695378906956,0.010768227339044145,"{""0.0000"": 1, ""0.1250"": 1, ""0.2500"": 2}"
c3_w2_tcop_cm1_states_L0.4_kp0_7599_up0_2500_s256,cm1,stageB,0.35,0.7599,0.25,,256,225,9,0,True,,0.39063200000000003,0.001886368721131432,2.4145633193325304,0.062098087995966826,6.271136426049921,0.011559041557256698,0.053547716051058125,0.217084109297026,0.23760110080000005,0.04923982713210922,True,True,False,False,False,0.34999882961319734,0.3543248969543085,0.010768227339044145,"{""0.0000"": 2, ""0.1250"": 1, ""0.2500"": 1}"
c3_w2_tcop_cm1_states_L0.4_kp0_7599_up0_2500_s256,cm1,stageB,0.35,0.7599,0.25,,256,250,10,1,True,,0.39432400000000006,0.003423315891820612,4.20118433468331,0.05186446455696655,5.362019723556326,0.0554736394520044,0.047374860427053106,0.21505158140247205,0.2384836016,0.049529617644395355,True,True,False,False,False,0.34999882961319734,0.3559589074606587,0.010768227339044145,"{""0.0000"": 1, ""0.1250"": 2, ""0.2500"": 1}"
c3_w2_tcop_cm1_states_L0.4_kp0_7599_up0_2500_s256,cm1,stageB,0.35,0.7599,0.25,,256,275,11,2,True,,0.40014800000000006,0.0021474800347115763,2.644355494567973,0.06863838421148014,6.447689493150521,0.013741690217733398,0.05373393770789638,0.22291751996032083,0.23956726239999998,0.049378721085099,True,True,False,False,False,0.34999882961319734,0.35701695378906956,0.010768227339044145,"{""0.0000"": 1, ""0.1250"": 1, ""0.2500"": 2}"
c3_w2_tcop_cm1_states_L0.4_kp0_7599_up0_2500_s256,cm1,stageB,0.35,0.7599,0.25,,256,300,12,0,False,EXITS_PRIMARY_BLOCK_SET,0.3895719999999999,0.003227674139430196,3.4048365646229977,0.06784564213753079,6.322051437068414,0.028474092702897278,0.053152916729546515,0.22896922718016383,0.2373768816,0.04962758120239188,True,True,False,False,False,0.34999882961319734,0.3543248969543085,0.010768227339044145,"{""0.0000"": 2, ""0.1250"": 1, ""0.2500"": 1}"
c3_w2_tcop_cm1_states_L0.4_kp0_7599_up0_2500_s1024,cm1,stageB,0.35,0.7599,0.25,,1024,0,0,0,False,PRE_PRIMARY_PHASE_IMBALANCE,0.384452,0.003529220001962716,4.095955475201984,0.07090476985747508,6.8121265982950705,0.08073118008396722,0.09526547814653853,0.8666881668799011,0.2353072688,0.04946655128468125,False,True,False,False,False,0.34999882961319734,0.3543248969543085,0.010768227339044145,"{""0.0000"": 2, ""0.1250"": 1, ""0.2500"": 1}"
c3_w2_tcop_cm1_states_L0.4_kp0_7599_up0_2500_s1024,cm1,stageB,0.35,0.7599,0.25,,1024,25,1,1,False,PRE_PRIMARY_PHASE_IMBALANCE,0.393868,0.003726078913790095,3.896782775342078,0.060500300611264324,6.05589953939679,0.03742155716628471,0.045375820479918304,0.19905145835901497,0.23841658720000006,0.04901304495743965,True,True,False,False,False,0.34999882961319734,0.3559589074606587,0.010768227339044145,"{""0.0000"": 1, ""0.1250"": 2, ""0.2500"": 1}"
c3_w2_tcop_cm1_states_L0.4_kp0_7599_up0_2500_s1024,cm1,stageB,0.35,0.7599,0.25,,1024,50,2,2,False,PRE_PRIMARY_PHASE_IMBALANCE,0.39947599999999994,0.0030449992420392567,3.3464341229672026,0.05834634274870494,5.84656944252226,0.029534639899391056,0.051004561184472746,0.19625709630551744,0.23947978080000001,0.04942069833581877,True,True,False,False,False,0.34999882961319734,0.35701695378906956,0.010768227339044145,"{""0.0000"": 1, ""0.1250"": 1, ""0.2500"": 2}"
c3_w2_tcop_cm1_states_L0.4_kp0_7599_up0_2500_s1024,cm1,stageB,0.35,0.7599,0.25,,1024,75,3,0,True,,0.39103999999999994,0.003117379802120627,3.8346696255589516,0.05485542739050083,5.541047995774781,0.037471832193785595,0.052817598679265956,0.21788052317440537,0.23770113919999997,0.04960280637222051,True,True,False,False,False,0.34999882961319734,0.3543248969543085,0.010768227339044145,"{""0.0000"": 2, ""0.1250"": 1, ""0.2500"": 1}"
c3_w2_tcop_cm1_states_L0.4_kp0_7599_up0_2500_s1024,cm1,stageB,0.35,0.7599,0.25,,1024,100,4,1,True,,0.39590400000000003,0.002515712068872676,3.0780556562533143,0.04590042507748021,4.286565769499834,0.044553436802445556,0.04421302462450751,0.2152036851984226,0.23885762880000005,0.050643289624588965,True,True,False,False,False,0.34999882961319734,0.3559589074606587,0.010768227339044145,"{""0.0000"": 1, ""0.1250"": 2, ""0.2500"": 1}"
c3_w2_tcop_cm1_states_L0.4_kp0_7599_up0_2500_s1024,cm1,stageB,0.35,0.7599,0.25,,1024,125,5,2,True,,0.40064400000000006,0.001533467693904238,1.644864609609048,0.07061801766273398,7.258806468958439,0.0025060163125726325,0.0486070370431766,0.22763350948065234,0.239749144,0.04994902665718322,True,True,False,False,False,0.34999882961319734,0.35701695378906956,0.010768227339044145,"{""0.0000"": 1, ""0.1250"": 1, ""0.2500"": 2}"
c3_w2_tcop_cm1_states_L0.4_kp0_7599_up0_2500_s1024,cm1,stageB,0.35,0.7599,0.25,,1024,150,6,0,True,,0.39032000000000006,0.0025951277122012555,3.181800809690772,0.08856975249456699,8.663316982734205,0.0012729290932972709,0.050263496695250695,0.2336544367860872,0.23758539839999998,0.05066100670140695,True,True,False,False,False,0.34999882961319734,0.3543248969543085,0.010768227339044145,"{""0.0000"": 2, ""0.1250"": 1, ""0.2500"": 1}"
c3_w2_tcop_cm1_states_L0.4_kp0_7599_up0_2500_s1024,cm1,stageB,0.35,0.7599,0.25,,1024,175,7,1,True,,0.39358400000000004,0.002891085300607911,3.1183052677712797,0.07266952517030224,7.053161155632916,0.03618191803077484,0.04539829487146408,0.2093581034560395,0.23835636800000004,0.04954952011876603,True,True,False,False,False,0.34999882961319734,0.3559589074606587,0.010768227339044145,"{""0.0000"": 1, ""0.1250"": 2, ""0.2500"": 1}"
c3_w2_tcop_cm1_states_L0.4_kp0_7599_up0_2500_s1024,cm1,stageB,0.35,0.7599,0.25,,1024,200,8,2,True,,0.39936000000000005,0.002244638856737288,2.4765376992323502,0.07289986416503946,7.581399978196019,0.020595809529385768,0.049618060535385,0.20633012768847614,0.2394789376,0.05062717057075183,True,True,False,False,False,0.34999882961319734,0.35701695378906956,0.010768227339044145,"{""0.0000"": 1, ""0.1250"": 1, ""0.2500"": 2}"
c3_w2_tcop_cm1_states_L0.4_kp0_7599_up0_2500_s1024,cm1,stageB,0.35,0.7599,0.25,,1024,225,9,0,True,,0.3894919999999999,0.0031061250626280307,3.6304805797694657,0.0598266166187004,6.610913563501058,0.013014559717981563,0.05195880208820992,0.18999106479724606,0.23737842399999998,0.050431953521552185,True,True,False,False,False,0.34999882961319734,0.3543248969543085,0.010768227339044145,"{""0.0000"": 2, ""0.1250"": 1, ""0.2500"": 1}"
c3_w2_tcop_cm1_states_L0.4_kp0_7599_up0_2500_s1024,cm1,stageB,0.35,0.7599,0.25,,1024,250,10,1,True,,0.3945879999999999,0.0026803170142749226,3.0854197500593377,0.05951721103987623,5.638944703386649,0.034726677542907335,0.046412777751161274,0.18449623357908454,0.2385529104,0.050432829149275375,True,True,False,False,False,0.34999882961319734,0.3559589074606587,0.010768227339044145,"{""0.0000"": 1, ""0.1250"": 2, ""0.2500"": 1}"
c3_w2_tcop_cm1_states_L0.4_kp0_7599_up0_2500_s1024,cm1,stageB,0.35,0.7599,0.25,,1024,275,11,2,True,,0.40169599999999994,0.0018394785454637868,2.472102729565317,0.06498441771332943,6.835852117234167,0.03692474711075133,0.053821426064837107,0.21608380413027808,0.23986890560000002,0.04954435975971432,True,True,False,False,False,0.34999882961319734,0.35701695378906956,0.010768227339044145,"{""0.0000"": 1, ""0.1250"": 1, ""0.2500"": 2}"
c3_w2_tcop_cm1_states_L0.4_kp0_7599_up0_2500_s1024,cm1,stageB,0.35,0.7599,0.25,,1024,300,12,0,False,EXITS_PRIMARY_BLOCK_SET,0.391224,0.002770638767095714,3.114532960167342,0.06909704303758411,6.824331392714019,0.022215582644973603,0.05944681538447206,0.23106966793686048,0.23762689280000004,0.05076398156173332,True,True,False,False,False,0.34999882961319734,0.3543248969543085,0.010768227339044145,"{""0.0000"": 2, ""0.1250"": 1, ""0.2500"": 1}"
c3_w2_tcop_cm1_states_L0.4_kp0_7599_up0_2500_s31415,cm1,stageB,0.35,0.7599,0.25,,31415,0,0,0,False,PRE_PRIMARY_PHASE_IMBALANCE,0.38295199999999996,0.0035057895295699986,3.690059681404288,0.07078117421222112,7.043982719718731,0.10377105702443751,0.0991888721863729,0.8982849002008478,0.2348569376,0.04902739740186093,False,True,False,False,False,0.34999882961319734,0.3543248969543085,0.010768227339044145,"{""0.0000"": 2, ""0.1250"": 1, ""0.2500"": 1}"
c3_w2_tcop_cm1_states_L0.4_kp0_7599_up0_2500_s31415,cm1,stageB,0.35,0.7599,0.25,,31415,25,1,1,False,PRE_PRIMARY_PHASE_IMBALANCE,0.3940240000000001,0.00326760588008997,3.551275703564524,0.06672906714790738,6.9475849530058085,0.03205160822244224,0.04811778677451446,0.22942764849494524,0.2384096224,0.04950522622915686,True,True,False,False,False,0.34999882961319734,0.3559589074606587,0.010768227339044145,"{""0.0000"": 1, ""0.1250"": 2, ""0.2500"": 1}"
c3_w2_tcop_cm1_states_L0.4_kp0_7599_up0_2500_s31415,cm1,stageB,0.35,0.7599,0.25,,31415,50,2,2,False,PRE_PRIMARY_PHASE_IMBALANCE,0.39966,0.002778854424925838,3.343024534445191,0.05021228448867724,4.8631956778953445,0.013261196976776728,0.05215102166604263,0.22619226285794852,0.2394974672,0.04902330466217062,True,True,False,False,False,0.34999882961319734,0.35701695378906956,0.010768227339044145,"{""0.0000"": 1, ""0.1250"": 1, ""0.2500"": 2}"
c3_w2_tcop_cm1_states_L0.4_kp0_7599_up0_2500_s31415,cm1,stageB,0.35,0.7599,0.25,,31415,75,3,0,True,,0.3886759999999999,0.0034625783948261245,4.067277875101542,0.05333589473356479,6.084576586317728,0.01892582918069097,0.054272142761129946,0.21406003917386196,0.23716199840000002,0.04991880431260348,True,True,False,False,False,0.34999882961319734,0.3543248969543085,0.010768227339044145,"{""0.0000"": 2, ""0.1250"": 1, ""0.2500"": 1}"
c3_w2_tcop_cm1_states_L0.4_kp0_7599_up0_2500_s31415,cm1,stageB,0.35,0.7599,0.25,,31415,100,4,1,True,,0.394036,0.002212290174985796,2.678015149491332,0.051742461533671,5.178690792310371,0.03529918809396186,0.04865160843820699,0.2020119983909795,0.23840412319999998,0.048585498906566764,True,True,False,False,False,0.34999882961319734,0.3559589074606587,0.010768227339044145,"{""0.0000"": 1, ""0.1250"": 2, ""0.2500"": 1}"
c3_w2_tcop_cm1_states_L0.4_kp0_7599_up0_2500_s31415,cm1,stageB,0.35,0.7599,0.25,,31415,125,5,2,True,,0.39918800000000004,0.002989634445962111,3.505396107927329,0.0664869765715381,7.049033853728189,0.024576142132351264,0.052916027603545274,0.19940479122768018,0.2393907408,0.04850258401363787,True,True,False,False,False,0.34999882961319734,0.35701695378906956,0.010768227339044145,"{""0.0000"": 1, ""0.1250"": 1, ""0.2500"": 2}"
c3_w2_tcop_cm1_states_L0.4_kp0_7599_up0_2500_s31415,cm1,stageB,0.35,0.7599,0.25,,31415,150,6,0,True,,0.38845199999999996,0.0030206982479123613,3.9571854884188977,0.05524538067996219,5.44680938765764,0.009552096638846536,0.05653023443711165,0.21212401992492255,0.23707483359999998,0.048838956745614455,True,True,False,False,False,0.34999882961319734,0.3543248969543085,0.010768227339044145,"{""0.0000"": 2, ""0.1250"": 1, ""0.2500"": 1}"
c3_w2_tcop_cm1_states_L0.4_kp0_7599_up0_2500_s31415,cm1,stageB,0.35,0.7599,0.25,,31415,175,7,1,True,,0.39393600000000006,0.0030983725031321608,3.7047089943167792,0.05547050244235158,5.353388906192592,0.03914489160437471,0.04934680524591228,0.1990170987190379,0.23837253439999997,0.049857676480156994,True,True,False,False,False,0.34999882961319734,0.3559589074606587,0.010768227339044145,"{""0.0000"": 1, ""0.1250"": 2, ""0.2500"": 1}"
c3_w2_tcop_cm1_states_L0.4_kp0_7599_up0_2500_s31415,cm1,stageB,0.35,0.7599,0.25,,31415,200,8,2,True,,0.39880399999999994,0.0043596179820231526,4.493064860716934,0.049195767248477344,4.912212787165813,0.0196898356556955,0.05315014354154882,0.20962678355877382,0.23931007839999996,0.04904986833825346,True,True,False,False,False,0.34999882961319734,0.35701695378906956,0.010768227339044145,"{""0.0000"": 1, ""0.1250"": 1, ""0.2500"": 2}"
c3_w2_tcop_cm1_states_L0.4_kp0_7599_up0_2500_s31415,cm1,stageB,0.35,0.7599,0.25,,31415,225,9,0,True,,0.388908,0.003899815086558813,4.368745997358251,0.0479472468908701,4.826010099865624,0.028560972596384716,0.0537685013033787,0.21496086422763003,0.2372212976,0.048721735765467136,True,True,False,False,False,0.34999882961319734,0.3543248969543085,0.010768227339044145,"{""0.0000"": 2, ""0.1250"": 1, ""0.2500"": 1}"
c3_w2_tcop_cm1_states_L0.4_kp0_7599_up0_2500_s31415,cm1,stageB,0.35,0.7599,0.25,,31415,250,10,1,True,,0.39488799999999996,0.0030706170350933413,3.3742970905040597,0.05957335823179719,6.4995823111446835,0.0371565285082611,0.04635895728257162,0.21069265156020783,0.238616336,0.049234413330515064,True,True,False,False,False,0.34999882961319734,0.3559589074606587,0.010768227339044145,"{""0.0000"": 1, ""0.1250"": 2, ""0.2500"": 1}"
c3_w2_tcop_cm1_states_L0.4_kp0_7599_up0_2500_s31415,cm1,stageB,0.35,0.7599,0.25,,31415,275,11,2,True,,0.399764,0.002817791303353458,2.885177751075892,0.05630413862384331,5.664610918749073,0.021811248420023382,0.05058141954326521,0.20812279192692987,0.23954387039999997,0.04884899491289457,True,True,False,False,False,0.34999882961319734,0.35701695378906956,0.010768227339044145,"{""0.0000"": 1, ""0.1250"": 1, ""0.2500"": 2}"
c3_w2_tcop_cm1_states_L0.4_kp0_7599_up0_2500_s31415,cm1,stageB,0.35,0.7599,0.25,,31415,300,12,0,False,EXITS_PRIMARY_BLOCK_SET,0.39129200000000003,0.0027252326257035915,3.1402785655279044,0.06759672613609032,6.3272693193870815,0.03047134183361936,0.0497719013620393,0.20751765891580284,0.23780328160000003,0.049844264825554395,True,True,False,False,False,0.34999882961319734,0.3543248969543085,0.010768227339044145,"{""0.0000"": 2, ""0.1250"": 1, ""0.2500"": 1}"
c3_w2_tcop_cm1_states_L0.4_kp0_7599_up0_5000_s42,cm1,stageB,0.35,0.7599,0.5,,42,0,0,0,False,PRE_PRIMARY_PHASE_IMBALANCE,0.400184,0.0019386833078669783,2.2660128207382284,0.05362202621920461,4.913460952712887,0.1073229683999517,0.12244277152585603,0.9315714747926667,0.23763580160000003,0.0502884295240963,False,True,False,False,False,0.34999882961319734,0.3556814759792942,0.011962358125343409,"{""0.0000"": 2, ""0.2500"": 1, ""0.5000"": 1}"
c3_w2_tcop_cm1_states_L0.4_kp0_7599_up0_5000_s42,cm1,stageB,0.35,0.7599,0.5,,42,25,1,1,False,PRE_PRIMARY_PHASE_IMBALANCE,0.41570000000000007,0.0015569336063736817,2.0522344070672967,0.044770431647591286,4.716068645211796,0.06753756908639949,0.07411505482573193,0.28385855115742464,0.24194427679999997,0.048326700694336665,False,True,False,False,False,0.34999882961319734,0.35837353281405526,0.011962358125343409,"{""0.0000"": 1, ""0.2500"": 2, ""0.5000"": 1}"
c3_w2_tcop_cm1_states_L0.4_kp0_7599_up0_5000_s42,cm1,stageB,0.35,0.7599,0.5,,42,50,2,2,False,PRE_PRIMARY_PHASE_IMBALANCE,0.4269799999999999,0.0009628572414766248,1.271412707792351,0.04190716223013934,4.191154365173789,0.05238108697193259,0.08518999718061099,0.2922853522593908,0.2433449808,0.04729523866098997,False,True,False,False,False,0.34999882961319734,0.3586720655106301,0.011962358125343409,"{""0.0000"": 1, ""0.2500"": 1, ""0.5000"": 2}"
c3_w2_tcop_cm1_states_L0.4_kp0_7599_up0_5000_s42,cm1,stageB,0.35,0.7599,0.5,,42,75,3,0,True,,0.407684,0.002528518476905308,3.213741689242501,0.03788560120304728,3.8262707016613144,0.028315936772410503,0.09536064161016736,0.32672363809537874,0.23996633439999995,0.048440026259282724,False,True,False,False,False,0.34999882961319734,0.3556814759792942,0.011962358125343409,"{""0.0000"": 2, ""0.2500"": 1, ""0.5000"": 1}"
c3_w2_tcop_cm1_states_L0.4_kp0_7599_up0_5000_s42,cm1,stageB,0.35,0.7599,0.5,,42,100,4,1,True,,0.41688,0.0017572319482673405,2.0732513819128253,0.04224162995865315,4.52030921531888,0.08280620788331507,0.08197327411863005,0.3195164068328623,0.24192327039999997,0.0484176166286611,False,True,False,False,False,0.34999882961319734,0.35837353281405526,0.011962358125343409,"{""0.0000"": 1, ""0.2500"": 2, ""0.5000"": 1}"
c3_w2_tcop_cm1_states_L0.4_kp0_7599_up0_5000_s42,cm1,stageB,0.35,0.7599,0.5,,42,125,5,2,True,,0.426632,-0.00029405676398220465,0.06317602343801988,0.04615228719362371,4.348977686994038,0.019325377522367446,0.08857700296213478,0.3122128665636595,0.24318906879999996,0.04787835185133256,False,True,False,False,False,0.34999882961319734,0.3586720655106301,0.011962358125343409,"{""0.0000"": 1, ""0.2500"": 1, ""0.5000"": 2}"
c3_w2_tcop_cm1_states_L0.4_kp0_7599_up0_5000_s42,cm1,stageB,0.35,0.7599,0.5,,42,150,6,0,True,,0.406092,0.0020259631865310198,2.226707023991639,0.05952094892085082,6.1079112702795815,0.03735665067606763,0.09140932867936982,0.3132295137229261,0.2398033488,0.0484756385826943,False,True,False,False,False,0.34999882961319734,0.3556814759792942,0.011962358125343409,"{""0.0000"": 2, ""0.2500"": 1, ""0.5000"": 1}"
c3_w2_tcop_cm1_states_L0.4_kp0_7599_up0_5000_s42,cm1,stageB,0.35,0.7599,0.5,,42,175,7,1,True,,0.41613999999999995,0.0008712847042193385,1.289333653792492,0.07365161950278735,7.509201347808033,0.06349325261865628,0.07624626854752227,0.2902869219726849,0.24196076319999998,0.04837293044668681,False,True,False,False,False,0.34999882961319734,0.35837353281405526,0.011962358125343409,"{""0.0000"": 1, ""0.2500"": 2, ""0.5000"": 1}"
c3_w2_tcop_cm1_states_L0.4_kp0_7599_up0_5000_s42,cm1,stageB,0.35,0.7599,0.5,,42,200,8,2,True,,0.4264159999999999,-0.00017530000303362262,0.3405434532693443,0.07620922773573757,7.204218763941642,0.0351984467817653,0.08314709723968795,0.2832914330529544,0.24332832000000007,0.04737800063320528,False,True,False,False,False,0.34999882961319734,0.3586720655106301,0.011962358125343409,"{""0.0000"": 1, ""0.2500"": 1, ""0.5000"": 2}"
c3_w2_tcop_cm1_states_L0.4_kp0_7599_up0_5000_s42,cm1,stageB,0.35,0.7599,0.5,,42,225,9,0,True,,0.40771999999999997,0.0016179985351731608,2.0037342920780996,0.08343453043552455,8.902542133725563,0.03831247433997612,0.08799894452547166,0.2913764340935534,0.24019710400000005,0.04918375341512683,False,True,False,False,False,0.34999882961319734,0.3556814759792942,0.011962358125343409,"{""0.0000"": 2, ""0.2500"": 1, ""0.5000"": 1}"
c3_w2_tcop_cm1_states_L0.4_kp0_7599_up0_5000_s42,cm1,stageB,0.35,0.7599,0.5,,42,250,10,1,True,,0.4175759999999999,-0.0012028470443467417,-0.8763059661080493,0.055327926198988055,5.223892543891492,0.06213277212607693,0.0735549499370885,0.2634251004286045,0.24226288639999996,0.04902615856866618,False,True,False,False,False,0.34999882961319734,0.35837353281405526,0.011962358125343409,"{""0.0000"": 1, ""0.2500"": 2, ""0.5000"": 1}"
c3_w2_tcop_cm1_states_L0.4_kp0_7599_up0_5000_s42,cm1,stageB,0.35,0.7599,0.5,,42,275,11,2,True,,0.42760000000000015,-0.0023143513448046615,-2.0610049029355113,0.0425010864054465,4.442659676891111,0.03493932172699082,0.08123293723825821,0.26473339507779836,0.24355170559999997,0.047001276578407955,False,True,False,False,False,0.34999882961319734,0.3586720655106301,0.011962358125343409,"{""0.0000"": 1, ""0.2500"": 1, ""0.5000"": 2}"
c3_w2_tcop_cm1_states_L0.4_kp0_7599_up0_5000_s42,cm1,stageB,0.35,0.7599,0.5,,42,300,12,0,False,EXITS_PRIMARY_BLOCK_SET,0.407948,-0.0013750542497087534,-1.0740944784117419,0.05544332576409981,5.559008984463429,0.02014516996783118,0.08973715577250282,0.2980772051877268,0.2401862768,0.048039039290976665,False,True,False,False,False,0.34999882961319734,0.3556814759792942,0.011962358125343409,"{""0.0000"": 2, ""0.2500"": 1, ""0.5000"": 1}"
c3_w2_tcop_cm1_states_L0.4_kp0_7599_up0_5000_s137,cm1,stageB,0.35,0.7599,0.5,,137,0,0,0,False,PRE_PRIMARY_PHASE_IMBALANCE,0.40169200000000005,0.0020155361557208182,2.47016696003434,0.05430089596583654,5.482301592018028,0.10815396958438789,0.12121734970796351,0.9400236974098969,0.23796462240000005,0.04829220574792582,False,True,False,False,False,0.34999882961319734,0.3556814759792942,0.011962358125343409,"{""0.0000"": 2, ""0.2500"": 1, ""0.5000"": 1}"
c3_w2_tcop_cm1_states_L0.4_kp0_7599_up0_5000_s137,cm1,stageB,0.35,0.7599,0.5,,137,25,1,1,False,PRE_PRIMARY_PHASE_IMBALANCE,0.4158199999999999,0.0006831770919118778,1.1785347116003744,0.044289788616118285,4.629169404172091,0.06923476227852737,0.0751840517706853,0.2933961803342885,0.2419363504,0.04768236151869997,False,True,False,False,False,0.34999882961319734,0.35837353281405526,0.011962358125343409,"{""0.0000"": 1, ""0.2500"": 2, ""0.5000"": 1}"
c3_w2_tcop_cm1_states_L0.4_kp0_7599_up0_5000_s137,cm1,stageB,0.35,0.7599,0.5,,137,50,2,2,False,PRE_PRIMARY_PHASE_IMBALANCE,0.425732,0.001084828033116264,1.4605795687756864,0.04503627030629868,4.245657510710207,0.026594599867116205,0.08231420747847815,0.28656525634303914,0.24325619680000002,0.04803482253532327,False,True,False,False,False,0.34999882961319734,0.3586720655106301,0.011962358125343409,"{""0.0000"": 1, ""0.2500"": 1, ""0.5000"": 2}"
c3_w2_tcop_cm1_states_L0.4_kp0_7599_up0_5000_s137,cm1,stageB,0.35,0.7599,0.5,,137,75,3,0,True,,0.405448,0.0035532588393110435,3.9470979973656495,0.05776351232245101,5.408028843656762,0.023941542888678818,0.08828441204792942,0.30287484386931274,0.23977865600000003,0.04843303930169982,False,True,False,False,False,0.34999882961319734,0.3556814759792942,0.011962358125343409,"{""0.0000"": 2, ""0.2500"": 1, ""0.5000"": 1}"
c3_w2_tcop_cm1_states_L0.4_kp0_7599_up0_5000_s137,cm1,stageB,0.35,0.7599,0.5,,137,100,4,1,True,,0.41512800000000005,0.002381809932418697,2.804416376205128,0.05271591075619444,5.722878514001774,0.06097158235565552,0.07579515595343361,0.29581237522929693,0.24180671679999996,0.04769594968128845,False,True,False,False,False,0.34999882961319734,0.35837353281405526,0.011962358125343409,"{""0.0000"": 1, ""0.2500"": 2, ""0.5000"": 1}"
c3_w2_tcop_cm1_states_L0.4_kp0_7599_up0_5000_s137,cm1,stageB,0.35,0.7599,0.5,,137,125,5,2,True,,0.425432,0.0018849565891697977,2.398174521025182,0.06458120783334126,6.106081042102413,0.043699813568826636,0.0836187944309735,0.28864777381897033,0.243174096,0.046795869219408676,False,True,False,False,False,0.34999882961319734,0.3586720655106301,0.011962358125343409,"{""0.0000"": 1, ""0.2500"": 1, ""0.5000"": 2}"
c3_w2_tcop_cm1_states_L0.4_kp0_7599_up0_5000_s137,cm1,stageB,0.35,0.7599,0.5,,137,150,6,0,True,,0.40552400000000005,0.0038816758306751626,4.321184804996029,0.0700371205421187,7.772305369702417,0.031139717400546475,0.09220981019810968,0.30281808153692963,0.23967602720000003,0.048535403820304204,False,True,False,False,False,0.34999882961319734,0.3556814759792942,0.011962358125343409,"{""0.0000"": 2, ""0.2500"": 1, ""0.5000"": 1}"
c3_w2_tcop_cm1_states_L0.4_kp0_7599_up0_5000_s137,cm1,stageB,0.35,0.7599,0.5,,137,175,7,1,True,,0.41547200000000006,0.0020103336312102317,2.2036402396266617,0.07178796933100584,8.076167408597605,0.07521605533293624,0.07749161470113444,0.27920052306966403,0.2418184608,0.049168050764698816,False,True,False,False,False,0.34999882961319734,0.35837353281405526,0.011962358125343409,"{""0.0000"": 1, ""0.2500"": 2, ""0.5000"": 1}"
c3_w2_tcop_cm1_states_L0.4_kp0_7599_up0_5000_s137,cm1,stageB,0.35,0.7599,0.5,,137,200,8,2,True,,0.42507199999999995,0.0007151217618414574,1.1795025515546023,0.08075204105537388,7.909283038248595,0.0378168579697833,0.0865849090677583,0.2860691829006164,0.2430312,0.04739403776847885,False,True,False,False,False,0.34999882961319734,0.3586720655106301,0.011962358125343409,"{""0.0000"": 1, ""0.2500"": 1, ""0.5000"": 2}"
c3_w2_tcop_cm1_states_L0.4_kp0_7599_up0_5000_s137,cm1,stageB,0.35,0.7599,0.5,,137,225,9,0,True,,0.4056040000000001,0.0022284722586474685,3.0008197911317276,0.07629885221187174,8.080720555722628,0.043370181429525145,0.09082440057282255,0.2997998039965093,0.23973230239999999,0.04861352881657533,False,True,False,False,False,0.34999882961319734,0.3556814759792942,0.011962358125343409,"{""0.0000"": 2, ""0.2500"": 1, ""0.5000"": 1}"
c3_w2_tcop_cm1_states_L0.4_kp0_7599_up0_5000_s137,cm1,stageB,0.35,0.7599,0.5,,137,250,10,1,True,,0.415276,0.000514571820453563,0.9288140681285098,0.04565580773097614,4.467498112517387,0.0687601869040946,0.07527345990701753,0.2841483729275268,0.2418447024,0.04841863095958001,False,True,False,False,False,0.34999882961319734,0.35837353281405526,0.011962358125343409,"{""0.0000"": 1, ""0.2500"": 2, ""0.5000"": 1}"
c3_w2_tcop_cm1_states_L0.4_kp0_7599_up0_5000_s137,cm1,stageB,0.35,0.7599,0.5,,137,275,11,2,True,,0.426108,0.0008291902260931217,1.2302423322294764,0.03303800103642693,3.78727467971387,0.042412081374461646,0.08511306114029414,0.2769250981513487,0.24322465119999997,0.047751150101332636,False,True,False,False,False,0.34999882961319734,0.3586720655106301,0.011962358125343409,"{""0.0000"": 1, ""0.2500"": 1, ""0.5000"": 2}"
c3_w2_tcop_cm1_states_L0.4_kp0_7599_up0_5000_s137,cm1,stageB,0.35,0.7599,0.5,,137,300,12,0,False,EXITS_PRIMARY_BLOCK_SET,0.406184,0.003245378208597749,4.098434169346496,0.05568759699711222,5.870478604032735,0.03076706536496701,0.09149526926063084,0.3013412633157848,0.2398174016,0.04787899480983284,False,True,False,False,False,0.34999882961319734,0.3556814759792942,0.011962358125343409,"{""0.0000"": 2, ""0.2500"": 1, ""0.5000"": 1}"
c3_w2_tcop_cm1_states_L0.4_kp0_7599_up0_5000_s256,cm1,stageB,0.35,0.7599,0.5,,256,0,0,0,False,PRE_PRIMARY_PHASE_IMBALANCE,0.40290000000000004,0.0022964832641495085,2.652233405583212,0.07236839266218158,7.440533572033581,0.11258966523959764,0.12455773682114804,0.9401836660705294,0.23805312480000002,0.04813844617351083,False,True,False,False,False,0.34999882961319734,0.3556814759792942,0.011962358125343409,"{""0.0000"": 2, ""0.2500"": 1, ""0.5000"": 1}"
c3_w2_tcop_cm1_states_L0.4_kp0_7599_up0_5000_s256,cm1,stageB,0.35,0.7599,0.5,,256,25,1,1,False,PRE_PRIMARY_PHASE_IMBALANCE,0.417532,0.001319202401240366,1.6201226460048117,0.07216973298762355,6.440555724432595,0.08493554085841933,0.07669889610784168,0.30177327653503616,0.2421734768,0.046831068490906756,False,True,False,False,False,0.34999882961319734,0.35837353281405526,0.011962358125343409,"{""0.0000"": 1, ""0.2500"": 2, ""0.5000"": 1}"
c3_w2_tcop_cm1_states_L0.4_kp0_7599_up0_5000_s256,cm1,stageB,0.35,0.7599,0.5,,256,50,2,2,False,PRE_PRIMARY_PHASE_IMBALANCE,0.4264919999999999,0.0007347824728072371,1.0994382806389784,0.0807525136607754,7.748418175358021,0.010522421903235556,0.08310084207542005,0.29543344237304936,0.2433404496,0.046180233173945755,False,True,False,False,False,0.34999882961319734,0.3586720655106301,0.011962358125343409,"{""0.0000"": 1, ""0.2500"": 1, ""0.5000"": 2}"
c3_w2_tcop_cm1_states_L0.4_kp0_7599_up0_5000_s256,cm1,stageB,0.35,0.7599,0.5,,256,75,3,0,True,,0.405812,0.0018089675174300921,2.387010082545292,0.05033851439940343,5.141994757875801,0.020653401375909437,0.08709730243783458,0.3065458874884284,0.2398793424,0.04805185382480056,False,True,False,False,False,0.34999882961319734,0.3556814759792942,0.011962358125343409,"{""0.0000"": 2, ""0.2500"": 1, ""0.5000"": 1}"
c3_w2_tcop_cm1_states_L0.4_kp0_7599_up0_5000_s256,cm1,stageB,0.35,0.7599,0.5,,256,100,4,1,True,,0.41550799999999993,0.00045682600528985955,0.6568998515472433,0.04690829292506058,4.884716635648408,0.06289316498944135,0.07457036243815275,0.2993925500847336,0.24190105760000002,0.04814085516481817,False,True,False,False,False,0.34999882961319734,0.35837353281405526,0.011962358125343409,"{""0.0000"": 1, ""0.2500"": 2, ""0.5000"": 1}"
c3_w2_tcop_cm1_states_L0.4_kp0_7599_up0_5000_s256,cm1,stageB,0.35,0.7599,0.5,,256,125,5,2,True,,0.42619999999999997,-0.00040788961630066034,-0.103646550039834,0.043121412803532,4.185012292435929,0.04831567143502031,0.08397851102383022,0.3266072258878291,0.24327251840000005,0.04759201613716318,False,True,False,False,False,0.34999882961319734,0.3586720655106301,0.011962358125343409,"{""0.0000"": 1, ""0.2500"": 1, ""0.5000"": 2}"
c3_w2_tcop_cm1_states_L0.4_kp0_7599_up0_5000_s256,cm1,stageB,0.35,0.7599,0.5,,256,150,6,0,True,,0.407336,0.0010681789295683025,1.5463791359217245,0.06118410690763977,6.073184142637139,0.03722783251766262,0.09119472916480316,0.3417326228427327,0.24003349119999995,0.04979902713909178,False,True,False,False,False,0.34999882961319734,0.3556814759792942,0.011962358125343409,"{""0.0000"": 2, ""0.2500"": 1, ""0.5000"": 1}"
c3_w2_tcop_cm1_states_L0.4_kp0_7599_up0_5000_s256,cm1,stageB,0.35,0.7599,0.5,,256,175,7,1,True,,0.417128,0.0008861725305695642,1.2443482374322277,0.05652688191428946,5.562673222159316,0.07825373531425552,0.07561705576597948,0.3135728114306092,0.2421373344,0.048659548045578885,False,True,False,False,False,0.34999882961319734,0.35837353281405526,0.011962358125343409,"{""0.0000"": 1, ""0.2500"": 2, ""0.5000"": 1}"
c3_w2_tcop_cm1_states_L0.4_kp0_7599_up0_5000_s256,cm1,stageB,0.35,0.7599,0.5,,256,200,8,2,True,,0.42715600000000004,-1.55250021421335e-05,0.3548423305267651,0.0504905749493555,5.266973875737207,0.0321216887158035,0.08425439786357988,0.30902059128510284,0.24339848799999994,0.04735432043647126,False,True,False,False,False,0.34999882961319734,0.3586720655106301,0.011962358125343409,"{""0.0000"": 1, ""0.2500"": 1, ""0.5000"": 2}"
c3_w2_tcop_cm1_states_L0.4_kp0_7599_up0_5000_s256,cm1,stageB,0.35,0.7599,0.5,,256,225,9,0,True,,0.406976,0.00010181827140517865,0.5626018532911257,0.06182672117075756,6.120353191248291,0.02733604066066536,0.09046866240842522,0.33024060305708297,0.23999092800000002,0.04795055186335189,False,True,False,False,False,0.34999882961319734,0.3556814759792942,0.011962358125343409,"{""0.0000"": 2, ""0.2500"": 1, ""0.5000"": 1}"
c3_w2_tcop_cm1_states_L0.4_kp0_7599_up0_5000_s256,cm1,stageB,0.35,0.7599,0.5,,256,250,10,1,True,,0.41558,0.0010887661201526518,1.5392588459297953,0.05058419513563244,5.06553150380659,0.08391368015981297,0.07673764804976134,0.32340343538331146,0.24185625119999998,0.04800774520845569,False,True,False,False,False,0.34999882961319734,0.35837353281405526,0.011962358125343409,"{""0.0000"": 1, ""0.2500"": 2, ""0.5000"": 1}"
c3_w2_tcop_cm1_states_L0.4_kp0_7599_up0_5000_s256,cm1,stageB,0.35,0.7599,0.5,,256,275,11,2,True,,0.42594800000000016,-0.00014175466543610779,0.3307568781632935,0.05836675676860204,5.2202388119919,0.029795348486476164,0.08631910181085865,0.31553147258460773,0.24316445599999997,0.047701795521762076,False,True,False,False,False,0.34999882961319734,0.3586720655106301,0.011962358125343409,"{""0.0000"": 1, ""0.2500"": 1, ""0.5000"": 2}"
c3_w2_tcop_cm1_states_L0.4_kp0_7599_up0_5000_s256,cm1,stageB,0.35,0.7599,0.5,,256,300,12,0,False,EXITS_PRIMARY_BLOCK_SET,0.40593599999999985,0.0016000626758287872,1.933171107205987,0.06260497700757767,5.817089032180187,0.04063312789284851,0.08957426221021476,0.3281305419373238,0.23982981120000002,0.04891343275624805,False,True,False,False,False,0.34999882961319734,0.3556814759792942,0.011962358125343409,"{""0.0000"": 2, ""0.2500"": 1, ""0.5000"": 1}"
c3_w2_tcop_cm1_states_L0.4_kp0_7599_up0_5000_s1024,cm1,stageB,0.35,0.7599,0.5,,1024,0,0,0,False,PRE_PRIMARY_PHASE_IMBALANCE,0.400328,0.0022663647376312255,2.8219150803169377,0.07100675353255566,6.786509749252052,0.10329243765666214,0.12215999208678015,0.9372314678532815,0.23767388479999998,0.04826813043820943,False,True,False,False,False,0.34999882961319734,0.3556814759792942,0.011962358125343409,"{""0.0000"": 2, ""0.2500"": 1, ""0.5000"": 1}"
c3_w2_tcop_cm1_states_L0.4_kp0_7599_up0_5000_s1024,cm1,stageB,0.35,0.7599,0.5,,1024,25,1,1,False,PRE_PRIMARY_PHASE_IMBALANCE,0.41538799999999987,0.0015705677514706124,1.881017113444028,0.05384240353540285,5.099825713735973,0.06277958854372169,0.0764281228688323,0.2898494894174857,0.24183291680000008,0.047432999652140914,False,True,False,False,False,0.34999882961319734,0.35837353281405526,0.011962358125343409,"{""0.0000"": 1, ""0.2500"": 2, ""0.5000"": 1}"
c3_w2_tcop_cm1_states_L0.4_kp0_7599_up0_5000_s1024,cm1,stageB,0.35,0.7599,0.5,,1024,50,2,2,False,PRE_PRIMARY_PHASE_IMBALANCE,0.42619599999999996,9.683720687415921e-05,0.5485587087212723,0.044353951028085654,4.504821259742044,0.04451073446299837,0.08560373344059127,0.28249913119198883,0.24322188959999994,0.047110610100061324,False,True,False,False,False,0.34999882961319734,0.3586720655106301,0.011962358125343409,"{""0.0000"": 1, ""0.2500"": 1, ""0.5000"": 2}"
c3_w2_tcop_cm1_states_L0.4_kp0_7599_up0_5000_s1024,cm1,stageB,0.35,0.7599,0.5,,1024,75,3,0,True,,0.40776,0.0010373612081198134,1.6092002768070193,0.04255575913830324,4.2411593024643235,0.04950818789573819,0.09022015872569772,0.3139101424516624,0.2401384128,0.04799606650549605,False,True,False,False,False,0.34999882961319734,0.3556814759792942,0.011962358125343409,"{""0.0000"": 2, ""0.2500"": 1, ""0.5000"": 1}"
c3_w2_tcop_cm1_states_L0.4_kp0_7599_up0_5000_s1024,cm1,stageB,0.35,0.7599,0.5,,1024,100,4,1,True,,0.41730000000000006,0.00012234048199568444,0.5468175692003627,0.038927659502866786,3.8864662188518464,0.08136140697378334,0.07389159023216998,0.30673376394264606,0.24220991520000001,0.048756845673197526,False,True,False,False,False,0.34999882961319734,0.35837353281405526,0.011962358125343409,"{""0.0000"": 1, ""0.2500"": 2, ""0.5000"": 1}"
c3_w2_tcop_cm1_states_L0.4_kp0_7599_up0_5000_s1024,cm1,stageB,0.35,0.7599,0.5,,1024,125,5,2,True,,0.4263000000000001,-0.001019996474817257,-0.587528904931108,0.05943405720686624,5.820533879140355,0.011741075557849333,0.08167172613527739,0.3002580335438469,0.2433561104,0.04780575279189734,False,True,False,False,False,0.34999882961319734,0.3586720655106301,0.011962358125343409,"{""0.0000"": 1, ""0.2500"": 1, ""0.5000"": 2}"
c3_w2_tcop_cm1_states_L0.4_kp0_7599_up0_5000_s1024,cm1,stageB,0.35,0.7599,0.5,,1024,150,6,0,True,,0.4062920000000001,0.0011582645080568988,1.6430159224226082,0.07663474769401031,7.859783308535787,0.01648299664892745,0.08588456221488905,0.3140598379636816,0.2400012048,0.0495456429567727,False,True,False,False,False,0.34999882961319734,0.3556814759792942,0.011962358125343409,"{""0.0000"": 2, ""0.2500"": 1, ""0.5000"": 1}"
c3_w2_tcop_cm1_states_L0.4_kp0_7599_up0_5000_s1024,cm1,stageB,0.35,0.7599,0.5,,1024,175,7,1,True,,0.41476399999999997,0.0011475821396401756,1.5046294208148008,0.06274042638280762,6.236235684452984,0.06201409008302986,0.07437474686471288,0.28642794387548587,0.24178322719999998,0.048058134628801395,False,True,False,False,False,0.34999882961319734,0.35837353281405526,0.011962358125343409,"{""0.0000"": 1, ""0.2500"": 2, ""0.5000"": 1}"
c3_w2_tcop_cm1_states_L0.4_kp0_7599_up0_5000_s1024,cm1,stageB,0.35,0.7599,0.5,,1024,200,8,2,True,,0.425476,0.00036896282047089947,0.6658036494742704,0.05920057333708826,6.480493191231426,0.04101511026120021,0.0829322920919732,0.2792166884166986,0.24320109279999996,0.0485119925791551,False,True,False,False,False,0.34999882961319734,0.3586720655106301,0.011962358125343409,"{""0.0000"": 1, ""0.2500"": 1, ""0.5000"": 2}"
c3_w2_tcop_cm1_states_L0.4_kp0_7599_up0_5000_s1024,cm1,stageB,0.35,0.7599,0.5,,1024,225,9,0,True,,0.4061719999999999,0.0022293029259660133,2.694642324485669,0.04751568339047655,5.238949242512569,0.028260608408571124,0.08996222527663804,0.2796844679601635,0.2398611248,0.04932774489067993,False,True,False,False,False,0.34999882961319734,0.3556814759792942,0.011962358125343409,"{""0.0000"": 2, ""0.2500"": 1, ""0.5000"": 1}"
c3_w2_tcop_cm1_states_L0.4_kp0_7599_up0_5000_s1024,cm1,stageB,0.35,0.7599,0.5,,1024,250,10,1,True,,0.416132,0.0012155843512262302,1.6358743583765918,0.04942408257039241,4.700643965218939,0.06813654155749001,0.07687200395128937,0.27010660014104515,0.2419428688,0.04861891171139066,False,True,False,False,False,0.34999882961319734,0.35837353281405526,0.011962358125343409,"{""0.0000"": 1, ""0.2500"": 2, ""0.5000"": 1}"
c3_w2_tcop_cm1_states_L0.4_kp0_7599_up0_5000_s1024,cm1,stageB,0.35,0.7599,0.5,,1024,275,11,2,True,,0.427108,8.508683106593951e-05,0.5875974589918641,0.05565138952946102,5.5648399351235796,0.04543848550866045,0.08679728742732937,0.30249960126595704,0.2433124368,0.047777780777260886,False,True,False,False,False,0.34999882961319734,0.3586720655106301,0.011962358125343409,"{""0.0000"": 1, ""0.2500"": 1, ""0.5000"": 2}"
c3_w2_tcop_cm1_states_L0.4_kp0_7599_up0_5000_s1024,cm1,stageB,0.35,0.7599,0.5,,1024,300,12,0,False,EXITS_PRIMARY_BLOCK_SET,0.40708,0.0015278696545549574,1.9399182843081821,0.06442744865942518,6.606809642416275,0.034652182829934736,0.0950013085822819,0.32622580248053,0.23987026240000006,0.04957210505919634,False,True,False,False,False,0.34999882961319734,0.3556814759792942,0.011962358125343409,"{""0.0000"": 2, ""0.2500"": 1, ""0.5000"": 1}"
c3_w2_tcop_cm1_states_L0.4_kp0_7599_up0_5000_s31415,cm1,stageB,0.35,0.7599,0.5,,31415,0,0,0,False,PRE_PRIMARY_PHASE_IMBALANCE,0.39873999999999993,0.002296947882473999,2.6216042302631934,0.061958572371974295,6.2990629090003765,0.12191478434119535,0.12580788689609704,0.9469829940638439,0.23722992159999998,0.047969702938417284,False,True,False,False,False,0.34999882961319734,0.3556814759792942,0.011962358125343409,"{""0.0000"": 2, ""0.2500"": 1, ""0.5000"": 1}"
c3_w2_tcop_cm1_states_L0.4_kp0_7599_up0_5000_s31415,cm1,stageB,0.35,0.7599,0.5,,31415,25,1,1,False,PRE_PRIMARY_PHASE_IMBALANCE,0.41513599999999995,0.0015350805092345862,1.9204297250305569,0.05749128437201389,6.408636635285965,0.06499686413326868,0.07685431977131786,0.29869729366112,0.2417801728,0.04782239542306512,False,True,False,False,False,0.34999882961319734,0.35837353281405526,0.011962358125343409,"{""0.0000"": 1, ""0.2500"": 2, ""0.5000"": 1}"
c3_w2_tcop_cm1_states_L0.4_kp0_7599_up0_5000_s31415,cm1,stageB,0.35,0.7599,0.5,,31415,50,2,2,False,PRE_PRIMARY_PHASE_IMBALANCE,0.42571600000000004,6.989413474099686e-05,0.5055959949451421,0.045545722480912064,4.793476851416594,0.03309522988047537,0.08544613086417713,0.3110054583078731,0.2431586896,0.04712289617585065,False,True,False,False,False,0.34999882961319734,0.3586720655106301,0.011962358125343409,"{""0.0000"": 1, ""0.2500"": 1, ""0.5000"": 2}"
c3_w2_tcop_cm1_states_L0.4_kp0_7599_up0_5000_s31415,cm1,stageB,0.35,0.7599,0.5,,31415,75,3,0,True,,0.4052599999999999,0.001437014869590261,1.851905560133147,0.05181993892672801,5.804393176008712,0.03337036059286962,0.09242818873095653,0.3267038436393825,0.23962127199999997,0.048854604695975176,False,True,False,False,False,0.34999882961319734,0.3556814759792942,0.011962358125343409,"{""0.0000"": 2, ""0.2500"": 1, ""0.5000"": 1}"
c3_w2_tcop_cm1_states_L0.4_kp0_7599_up0_5000_s31415,cm1,stageB,0.35,0.7599,0.5,,31415,100,4,1,True,,0.41531199999999996,5.427800365728041e-05,0.5294471088048283,0.04526072687080546,4.392397800314207,0.06870625790884724,0.07885841256695778,0.31012828834676504,0.24175532479999998,0.04740994258591757,False,True,False,False,False,0.34999882961319734,0.35837353281405526,0.011962358125343409,"{""0.0000"": 1, ""0.2500"": 2, ""0.5000"": 1}"
c3_w2_tcop_cm1_states_L0.4_kp0_7599_up0_5000_s31415,cm1,stageB,0.35,0.7599,0.5,,31415,125,5,2,True,,0.424784,-0.0001325848063555299,0.32119931118877787,0.05249144159607426,5.269872009403914,0.03491667098902868,0.08652072136881142,0.30321292632676144,0.24299179840000007,0.04675204106774377,False,True,False,False,False,0.34999882961319734,0.3586720655106301,0.011962358125343409,"{""0.0000"": 1, ""0.2500"": 1, ""0.5000"": 2}"
c3_w2_tcop_cm1_states_L0.4_kp0_7599_up0_5000_s31415,cm1,stageB,0.35,0.7599,0.5,,31415,150,6,0,True,,0.404248,0.0013994781116832642,2.043573126894717,0.048474771818851396,4.649689867910405,0.02481655612273606,0.09278875658982244,0.29684747903057657,0.2394245792,0.048021187990302784,False,True,False,False,False,0.34999882961319734,0.3556814759792942,0.011962358125343409,"{""0.0000"": 2, ""0.2500"": 1, ""0.5000"": 1}"
c3_w2_tcop_cm1_states_L0.4_kp0_7599_up0_5000_s31415,cm1,stageB,0.35,0.7599,0.5,,31415,175,7,1,True,,0.4143120000000001,0.001011001610596443,1.4532086578283567,0.04838976413616184,4.95689756203022,0.0714501153540723,0.07809859589106749,0.28867133877688456,0.24161057919999998,0.04872993593264822,False,True,False,False,False,0.34999882961319734,0.35837353281405526,0.011962358125343409,"{""0.0000"": 1, ""0.2500"": 2, ""0.5000"": 1}"
c3_w2_tcop_cm1_states_L0.4_kp0_7599_up0_5000_s31415,cm1,stageB,0.35,0.7599,0.5,,31415,200,8,2,True,,0.42383200000000004,0.0008901721548049707,1.1762180046375577,0.04314608487284952,4.486685898553014,0.037346455258073494,0.08577465776788788,0.28218728108734753,0.2428768192,0.04735520854140545,False,True,False,False,False,0.34999882961319734,0.3586720655106301,0.011962358125343409,"{""0.0000"": 1, ""0.2500"": 1, ""0.5000"": 2}"
c3_w2_tcop_cm1_states_L0.4_kp0_7599_up0_5000_s31415,cm1,stageB,0.35,0.7599,0.5,,31415,225,9,0,True,,0.40492000000000006,0.0017324660850923921,2.11927506152767,0.045576046711830374,4.556062815125443,0.044333189507015425,0.09007729998535424,0.2914155875446616,0.2396294336,0.04787101001650164,False,True,False,False,False,0.34999882961319734,0.3556814759792942,0.011962358125343409,"{""0.0000"": 2, ""0.2500"": 1, ""0.5000"": 1}"
c3_w2_tcop_cm1_states_L0.4_kp0_7599_up0_5000_s31415,cm1,stageB,0.35,0.7599,0.5,,31415,250,10,1,True,,0.415848,-0.00014811578942170543,0.24662832247204006,0.05714741814361203,6.213345857184038,0.06426105745120143,0.07473652922163468,0.28279563618727116,0.24195253439999997,0.048115287549800635,False,True,False,False,False,0.34999882961319734,0.35837353281405526,0.011962358125343409,"{""0.0000"": 1, ""0.2500"": 2, ""0.5000"": 1}"
c3_w2_tcop_cm1_states_L0.4_kp0_7599_up0_5000_s31415,cm1,stageB,0.35,0.7599,0.5,,31415,275,11,2,True,,0.425732,-0.0014537766641178366,-1.0693173909923557,0.05004837173081174,5.022670476423089,0.03802603246141421,0.08283515849157597,0.27998834882041196,0.24324060320000004,0.04746266086093362,False,True,False,False,False,0.34999882961319734,0.3586720655106301,0.011962358125343409,"{""0.0000"": 1, ""0.2500"": 1, ""0.5000"": 2}"
c3_w2_tcop_cm1_states_L0.4_kp0_7599_up0_5000_s31415,cm1,stageB,0.35,0.7599,0.5,,31415,300,12,0,False,EXITS_PRIMARY_BLOCK_SET,0.4079360000000001,-6.216969111744604e-05,0.32266520870490284,0.06611924028860511,6.21873513862027,0.042832177684478466,0.08632410815637206,0.29220269774620833,0.24028414399999998,0.04903202936856683,False,True,False,False,False,0.34999882961319734,0.3556814759792942,0.011962358125343409,"{""0.0000"": 2, ""0.2500"": 1, ""0.5000"": 1}"
c3_w2_tcop_cm1_states_L0.4_km0_7599_up0_1000_s42,cm1,stageB,-0.35,-0.7599,0.1,,42,0,0,0,False,PRE_PRIMARY_PHASE_IMBALANCE,0.420244,0.003483991682877568,3.7947657116056837,-0.05549959026430052,-5.071168291438134,0.03749796735250219,0.08432711356747837,1.0146486302846711,0.24238313119999996,0.04889969799497743,False,True,False,False,False,-0.34999882961319734,-0.3520715002163721,0.005408809503431367,"{""0.0000"": 2, ""0.0500"": 1, ""0.1000"": 1}"
c3_w2_tcop_cm1_states_L0.4_km0_7599_up0_1000_s42,cm1,stageB,-0.35,-0.7599,0.1,,42,25,1,1,False,PRE_PRIMARY_PHASE_IMBALANCE,0.42390000000000005,0.004676136051804604,5.313542158674107,-0.04990225019614983,-4.9364642399301575,0.006528041323765708,0.025521835331255266,0.14437367269550908,0.24409174559999997,0.04803030293470987,True,True,False,False,False,-0.34999882961319734,-0.3527919684436891,0.005408809503431367,"{""0.0000"": 1, ""0.0500"": 2, ""0.1000"": 1}"
c3_w2_tcop_cm1_states_L0.4_km0_7599_up0_1000_s42,cm1,stageB,-0.35,-0.7599,0.1,,42,50,2,2,False,PRE_PRIMARY_PHASE_IMBALANCE,0.42571600000000004,0.00549211838132376,5.906112766098564,-0.041286410800714664,-3.9297042467432517,0.011174199918245949,0.0278548820946153,0.14751618415207282,0.2443412688,0.048586493431817035,True,True,False,False,False,-0.34999882961319734,-0.35342370259223,0.005408809503431367,"{""0.0000"": 1, ""0.0500"": 1, ""0.1000"": 2}"
c3_w2_tcop_cm1_states_L0.4_km0_7599_up0_1000_s42,cm1,stageB,-0.35,-0.7599,0.1,,42,75,3,0,True,,0.42338800000000004,0.00552320961695376,6.084147616467019,-0.048579310297413386,-4.733992563984754,6.406112645429993e-05,0.02647198153127626,0.13699018362119333,0.244004984,0.048337991849062165,True,True,False,False,False,-0.34999882961319734,-0.3520715002163721,0.005408809503431367,"{""0.0000"": 2, ""0.0500"": 1, ""0.1000"": 1}"
c3_w2_tcop_cm1_states_L0.4_km0_7599_up0_1000_s42,cm1,stageB,-0.35,-0.7599,0.1,,42,100,4,1,True,,0.42456800000000006,0.005966628954962388,6.176179642274472,-0.046574651467896896,-4.900599935030019,0.00862365068490724,0.02728228464444923,0.13660944739921646,0.24417584319999996,0.04793926757888569,True,True,False,False,False,-0.34999882961319734,-0.3527919684436891,0.005408809503431367,"{""0.0000"": 1, ""0.0500"": 2, ""0.1000"": 1}"
c3_w2_tcop_cm1_states_L0.4_km0_7599_up0_1000_s42,cm1,stageB,-0.35,-0.7599,0.1,,42,125,5,2,True,,0.42558799999999997,0.004810898533934686,5.255034465031434,-0.04719487693302947,-4.422916267431962,0.0009300064358673016,0.02651732019046749,0.1362820377071674,0.2443354928,0.04814077539882382,True,True,False,False,False,-0.34999882961319734,-0.35342370259223,0.005408809503431367,"{""0.0000"": 1, ""0.0500"": 1, ""0.1000"": 2}"
c3_w2_tcop_cm1_states_L0.4_km0_7599_up0_1000_s42,cm1,stageB,-0.35,-0.7599,0.1,,42,150,6,0,True,,0.4229239999999999,0.004767329383243718,4.719617774868893,-0.04608812828952089,-4.364339823858333,0.006963081968593196,0.026099421041618137,0.13430308959930598,0.2439374512,0.04781265757098219,True,True,False,False,False,-0.34999882961319734,-0.3520715002163721,0.005408809503431367,"{""0.0000"": 2, ""0.0500"": 1, ""0.1000"": 1}"
c3_w2_tcop_cm1_states_L0.4_km0_7599_up0_1000_s42,cm1,stageB,-0.35,-0.7599,0.1,,42,175,7,1,True,,0.4242719999999999,0.005428507462051524,6.075595684349619,-0.03777816213655889,-3.3869239204663026,0.008500680345545296,0.025424929258934022,0.1291624238008578,0.24414890879999998,0.04824178703157668,True,True,False,False,False,-0.34999882961319734,-0.3527919684436891,0.005408809503431367,"{""0.0000"": 1, ""0.0500"": 2, ""0.1000"": 1}"
c3_w2_tcop_cm1_states_L0.4_km0_7599_up0_1000_s42,cm1,stageB,-0.35,-0.7599,0.1,,42,200,8,2,True,,0.42496800000000007,0.00508213457625668,4.891736779155906,-0.034236361497391905,-3.4580408057608127,0.0036328250122488613,0.02542628773262773,0.12706839073278833,0.24425344320000003,0.04806702587013264,True,True,False,False,False,-0.34999882961319734,-0.35342370259223,0.005408809503431367,"{""0.0000"": 1, ""0.0500"": 1, ""0.1000"": 2}"
c3_w2_tcop_cm1_states_L0.4_km0_7599_up0_1000_s42,cm1,stageB,-0.35,-0.7599,0.1,,42,225,9,0,True,,0.42312000000000005,0.00493669378929233,5.823848748486333,-0.0368842671322279,-3.7310530109886577,0.005850840316943422,0.025279099828110684,0.1276233689553238,0.24397505919999996,0.04828525240692027,True,True,False,False,False,-0.34999882961319734,-0.3520715002163721,0.005408809503431367,"{""0.0000"": 2, ""0.0500"": 1, ""0.1000"": 1}"
c3_w2_tcop_cm1_states_L0.4_km0_7599_up0_1000_s42,cm1,stageB,-0.35,-0.7599,0.1,,42,250,10,1,True,,0.42397199999999996,0.0034930878721176253,4.279051361369537,-0.051347644414149664,-5.354753885846693,0.006563165145960096,0.02372990633286833,0.10755427219827196,0.24411852320000002,0.048984316020538654,True,True,False,False,False,-0.34999882961319734,-0.3527919684436891,0.005408809503431367,"{""0.0000"": 1, ""0.0500"": 2, ""0.1000"": 1}"
c3_w2_tcop_cm1_states_L0.4_km0_7599_up0_1000_s42,cm1,stageB,-0.35,-0.7599,0.1,,42,275,11,2,True,,0.425044,0.003055493952353461,3.403554869369664,-0.0597811107384878,-6.170711588239108,0.004012221165435994,0.024810561451636962,0.11951703795485402,0.24427038880000002,0.04752302667128852,True,True,False,False,False,-0.34999882961319734,-0.35342370259223,0.005408809503431367,"{""0.0000"": 1, ""0.0500"": 1, ""0.1000"": 2}"
c3_w2_tcop_cm1_states_L0.4_km0_7599_up0_1000_s42,cm1,stageB,-0.35,-0.7599,0.1,,42,300,12,0,False,EXITS_PRIMARY_BLOCK_SET,0.42304400000000003,0.0024571474997464628,3.060522199523685,-0.05359761718540476,-5.501752490706141,0.0008073726482549783,0.023775057869090056,0.11724548718987737,0.24397661280000002,0.04736553666960821,True,True,False,False,False,-0.34999882961319734,-0.3520715002163721,0.005408809503431367,"{""0.0000"": 2, ""0.0500"": 1, ""0.1000"": 1}"
c3_w2_tcop_cm1_states_L0.4_km0_7599_up0_1000_s137,cm1,stageB,-0.35,-0.7599,0.1,,137,0,0,0,False,PRE_PRIMARY_PHASE_IMBALANCE,0.4206680000000001,0.0047902704121761015,5.7095025488178,-0.0480715533793981,-5.050880176185337,0.032027126490963266,0.08429867839479138,1.0174294193581885,0.2424488976,0.04715160417207458,False,True,False,False,False,-0.34999882961319734,-0.3520715002163721,0.005408809503431367,"{""0.0000"": 2, ""0.0500"": 1, ""0.1000"": 1}"
c3_w2_tcop_cm1_states_L0.4_km0_7599_up0_1000_s137,cm1,stageB,-0.35,-0.7599,0.1,,137,25,1,1,False,PRE_PRIMARY_PHASE_IMBALANCE,0.42368,0.005078259881981797,5.264465279080185,-0.050169970534618955,-5.629664568064823,0.006417560169874443,0.025830995084254075,0.11990181240582076,0.2440554848,0.04725312264813829,True,True,False,False,False,-0.34999882961319734,-0.3527919684436891,0.005408809503431367,"{""0.0000"": 1, ""0.0500"": 2, ""0.1000"": 1}"
c3_w2_tcop_cm1_states_L0.4_km0_7599_up0_1000_s137,cm1,stageB,-0.35,-0.7599,0.1,,137,50,2,2,False,PRE_PRIMARY_PHASE_IMBALANCE,0.42503599999999997,0.006497581872545477,6.5498197341621385,-0.055781412598638024,-5.383784195887027,0.005168832025523304,0.027042115085414486,0.1421056095434136,0.24424828959999995,0.04799456952614535,True,True,False,False,False,-0.34999882961319734,-0.35342370259223,0.005408809503431367,"{""0.0000"": 1, ""0.0500"": 1, ""0.1000"": 2}"
c3_w2_tcop_cm1_states_L0.4_km0_7599_up0_1000_s137,cm1,stageB,-0.35,-0.7599,0.1,,137,75,3,0,True,,0.422652,0.006185533678291143,6.271484488240318,-0.053576095086287426,-5.004324016121307,0.0005684677366582996,0.02745444465381346,0.1447999769436794,0.24388264159999998,0.04764165085300886,True,True,False,False,False,-0.34999882961319734,-0.3520715002163721,0.005408809503431367,"{""0.0000"": 2, ""0.0500"": 1, ""0.1000"": 1}"
c3_w2_tcop_cm1_states_L0.4_km0_7599_up0_1000_s137,cm1,stageB,-0.35,-0.7599,0.1,,137,100,4,1,True,,0.423752,0.006071367504910426,6.647971757457141,-0.04698502786064193,-4.802741413645418,0.008110082449773539,0.02645069927730026,0.14442409677258367,0.2440606112,0.04729738360628419,True,True,False,False,False,-0.34999882961319734,-0.3527919684436891,0.005408809503431367,"{""0.0000"": 1, ""0.0500"": 2, ""0.1000"": 1}"
c3_w2_tcop_cm1_states_L0.4_km0_7599_up0_1000_s137,cm1,stageB,-0.35,-0.7599,0.1,,137,125,5,2,True,,0.424944,0.005582165534230314,6.6611349064224425,-0.03236731656960302,-3.023860521048379,0.004236275871092094,0.024187034562771426,0.14401897627918267,0.24426095680000004,0.04696506003402955,True,True,False,False,False,-0.34999882961319734,-0.35342370259223,0.005408809503431367,"{""0.0000"": 1, ""0.0500"": 1, ""0.1000"": 2}"
c3_w2_tcop_cm1_states_L0.4_km0_7599_up0_1000_s137,cm1,stageB,-0.35,-0.7599,0.1,,137,150,6,0,True,,0.42244,0.005110184427421262,5.827175018877023,-0.04044847646394323,-4.0922402985688136,0.005902304069291099,0.023008795015964038,0.12214752361957308,0.24388997119999994,0.04744055648914756,True,True,False,False,False,-0.34999882961319734,-0.3520715002163721,0.005408809503431367,"{""0.0000"": 2, ""0.0500"": 1, ""0.1000"": 1}"
c3_w2_tcop_cm1_states_L0.4_km0_7599_up0_1000_s137,cm1,stageB,-0.35,-0.7599,0.1,,137,175,7,1,True,,0.423888,0.0049118325682936306,5.11935543533602,-0.05115547895216654,-5.407741086359269,0.005361197413855591,0.0215684745657373,0.12078662259656642,0.244123376,0.04852137112654587,True,True,False,False,False,-0.34999882961319734,-0.3527919684436891,0.005408809503431367,"{""0.0000"": 1, ""0.0500"": 2, ""0.1000"": 1}"
c3_w2_tcop_cm1_states_L0.4_km0_7599_up0_1000_s137,cm1,stageB,-0.35,-0.7599,0.1,,137,200,8,2,True,,0.425176,0.005439672903284242,5.926158843792225,-0.04213038303999975,-4.209409550591019,0.006156748650018425,0.02277707774059341,0.13547330955775178,0.244307584,0.04759841409122787,True,True,False,False,False,-0.34999882961319734,-0.35342370259223,0.005408809503431367,"{""0.0000"": 1, ""0.0500"": 1, ""0.1000"": 2}"
c3_w2_tcop_cm1_states_L0.4_km0_7599_up0_1000_s137,cm1,stageB,-0.35,-0.7599,0.1,,137,225,9,0,True,,0.4229639999999999,0.004820255664973592,5.515980364779031,-0.03885894316835901,-3.8725150090558764,0.006060128794819361,0.022472470981541533,0.1361818023846431,0.24397510879999998,0.047632496302419426,True,True,False,False,False,-0.34999882961319734,-0.3520715002163721,0.005408809503431367,"{""0.0000"": 2, ""0.0500"": 1, ""0.1000"": 1}"
c3_w2_tcop_cm1_states_L0.4_km0_7599_up0_1000_s137,cm1,stageB,-0.35,-0.7599,0.1,,137,250,10,1,True,,0.423788,0.0041368730604884555,4.245981115537946,-0.06058930173094384,-6.02864096748612,0.012264905470924618,0.023315436900646903,0.12553446504966045,0.24409410079999996,0.04805175393260896,True,True,False,False,False,-0.34999882961319734,-0.3527919684436891,0.005408809503431367,"{""0.0000"": 1, ""0.0500"": 2, ""0.1000"": 1}"
c3_w2_tcop_cm1_states_L0.4_km0_7599_up0_1000_s137,cm1,stageB,-0.35,-0.7599,0.1,,137,275,11,2,True,,0.4251919999999999,0.004907873104153523,5.406700664510906,-0.06385917572492412,-6.370009323088448,0.005730878442295258,0.026061016374958747,0.13076445433882938,0.244280976,0.04830655375826348,True,True,False,False,False,-0.34999882961319734,-0.35342370259223,0.005408809503431367,"{""0.0000"": 1, ""0.0500"": 1, ""0.1000"": 2}"
c3_w2_tcop_cm1_states_L0.4_km0_7599_up0_1000_s137,cm1,stageB,-0.35,-0.7599,0.1,,137,300,12,0,False,EXITS_PRIMARY_BLOCK_SET,0.42245999999999995,0.003494894752912453,4.166333923559433,-0.049518281282598935,-5.22314883209072,0.0012311982482838273,0.027102113611627503,0.1401316097615595,0.243856456,0.0478253949277996,True,True,False,False,False,-0.34999882961319734,-0.3520715002163721,0.005408809503431367,"{""0.0000"": 2, ""0.0500"": 1, ""0.1000"": 1}"
c3_w2_tcop_cm1_states_L0.4_km0_7599_up0_1000_s256,cm1,stageB,-0.35,-0.7599,0.1,,256,0,0,0,False,PRE_PRIMARY_PHASE_IMBALANCE,0.422224,0.004890163462259941,5.273359756263694,-0.040237978468421635,-4.164343256372255,0.04152258787230375,0.08595308779117095,1.047785059476048,0.24263382400000005,0.04598449547401819,False,True,False,False,False,-0.34999882961319734,-0.3520715002163721,0.005408809503431367,"{""0.0000"": 2, ""0.0500"": 1, ""0.1000"": 1}"
c3_w2_tcop_cm1_states_L0.4_km0_7599_up0_1000_s256,cm1,stageB,-0.35,-0.7599,0.1,,256,25,1,1,False,PRE_PRIMARY_PHASE_IMBALANCE,0.4256,0.004925911931821993,4.86795119578362,-0.03436554444827453,-3.1260289289003613,0.015946707415231614,0.025384988580414887,0.11278195462222282,0.24434791679999995,0.045702516342100895,True,True,False,False,False,-0.34999882961319734,-0.3527919684436891,0.005408809503431367,"{""0.0000"": 1, ""0.0500"": 2, ""0.1000"": 1}"
c3_w2_tcop_cm1_states_L0.4_km0_7599_up0_1000_s256,cm1,stageB,-0.35,-0.7599,0.1,,256,50,2,2,False,PRE_PRIMARY_PHASE_IMBALANCE,0.4260479999999999,0.0065153489308799085,6.958038422197008,-0.02935320368262268,-2.7978157679174926,0.014598124942722295,0.025161932500356497,0.11266336161028014,0.2444161792,0.0461430568558261,True,True,False,False,False,-0.34999882961319734,-0.35342370259223,0.005408809503431367,"{""0.0000"": 1, ""0.0500"": 1, ""0.1000"": 2}"
c3_w2_tcop_cm1_states_L0.4_km0_7599_up0_1000_s256,cm1,stageB,-0.35,-0.7599,0.1,,256,75,3,0,True,,0.42233599999999993,0.00490556305876496,5.45599030712074,-0.04450271287914727,-4.79487201881314,0.009229593948302422,0.026177948334375374,0.1496438850828633,0.24384607039999995,0.04737154318786755,True,True,False,False,False,-0.34999882961319734,-0.3520715002163721,0.005408809503431367,"{""0.0000"": 2, ""0.0500"": 1, ""0.1000"": 1}"
c3_w2_tcop_cm1_states_L0.4_km0_7599_up0_1000_s256,cm1,stageB,-0.35,-0.7599,0.1,,256,100,4,1,True,,0.423464,0.00488641678272607,4.65682047167569,-0.04689631046900845,-4.8999244347683195,0.006721243396701397,0.026726138011504558,0.14924527197295345,0.24401415359999998,0.048079940765354524,True,True,False,False,False,-0.34999882961319734,-0.3527919684436891,0.005408809503431367,"{""0.0000"": 1, ""0.0500"": 2, ""0.1000"": 1}"
c3_w2_tcop_cm1_states_L0.4_km0_7599_up0_1000_s256,cm1,stageB,-0.35,-0.7599,0.1,,256,125,5,2,True,,0.42534,0.005198090489651466,5.864020817526367,-0.05736630691737782,-5.547106588496168,0.017317008850187863,0.02719285601587841,0.17303803974928753,0.2442921072,0.04806416960689116,True,True,False,False,False,-0.34999882961319734,-0.35342370259223,0.005408809503431367,"{""0.0000"": 1, ""0.0500"": 1, ""0.1000"": 2}"
c3_w2_tcop_cm1_states_L0.4_km0_7599_up0_1000_s256,cm1,stageB,-0.35,-0.7599,0.1,,256,150,6,0,True,,0.42371999999999993,0.00361639376756359,4.1647563762683335,-0.05505153147715262,-5.515290517971001,0.009997034797418597,0.02738128905936619,0.1736996125420098,0.24404675520000002,0.048077454175528056,True,True,False,False,False,-0.34999882961319734,-0.3520715002163721,0.005408809503431367,"{""0.0000"": 2, ""0.0500"": 1, ""0.1000"": 1}"
c3_w2_tcop_cm1_states_L0.4_km0_7599_up0_1000_s256,cm1,stageB,-0.35,-0.7599,0.1,,256,175,7,1,True,,0.425204,0.004393246443645046,4.612125461020053,-0.051958494935234224,-5.079770269019078,0.019888725545100676,0.025970992428143394,0.15616033678855235,0.24428361119999997,0.04784724008759544,True,True,False,False,False,-0.34999882961319734,-0.3527919684436891,0.005408809503431367,"{""0.0000"": 1, ""0.0500"": 2, ""0.1000"": 1}"
c3_w2_tcop_cm1_states_L0.4_km0_7599_up0_1000_s256,cm1,stageB,-0.35,-0.7599,0.1,,256,200,8,2,True,,0.42630399999999996,0.004053849269746983,4.167995249201499,-0.04744505742746892,-4.8176452914317345,0.0033680743764781724,0.025317041509904464,0.15575739341934997,0.244452416,0.047144242320775506,True,True,False,False,False,-0.34999882961319734,-0.35342370259223,0.005408809503431367,"{""0.0000"": 1, ""0.0500"": 1, ""0.1000"": 2}"
c3_w2_tcop_cm1_states_L0.4_km0_7599_up0_1000_s256,cm1,stageB,-0.35,-0.7599,0.1,,256,225,9,0,True,,0.422956,0.0026217164405812005,3.094398758559036,-0.05035509133924452,-5.180450717681594,0.0031138267291545754,0.02471542742889163,0.12483568001202082,0.2439549456,0.047371110014438125,True,True,False,False,False,-0.34999882961319734,-0.3520715002163721,0.005408809503431367,"{""0.0000"": 2, ""0.0500"": 1, ""0.1000"": 1}"
c3_w2_tcop_cm1_states_L0.4_km0_7599_up0_1000_s256,cm1,stageB,-0.35,-0.7599,0.1,,256,250,10,1,True,,0.423564,0.005090462952651139,5.427881251853585,-0.05676051265062302,-5.342355364011721,0.01515464458980286,0.02493562340481608,0.12465648609264118,0.24404598560000004,0.047530810049903414,True,True,False,False,False,-0.34999882961319734,-0.3527919684436891,0.005408809503431367,"{""0.0000"": 1, ""0.0500"": 2, ""0.1000"": 1}"
c3_w2_tcop_cm1_states_L0.4_km0_7599_up0_1000_s256,cm1,stageB,-0.35,-0.7599,0.1,,256,275,11,2,True,,0.4250399999999999,0.005180371007456517,5.848186613096493,-0.04267827713441462,-4.259640412539195,0.0021458949910011767,0.024551394219491814,0.11951816271523116,0.2442721024,0.048129392267096,True,True,False,False,False,-0.34999882961319734,-0.35342370259223,0.005408809503431367,"{""0.0000"": 1, ""0.0500"": 1, ""0.1000"": 2}"
c3_w2_tcop_cm1_states_L0.4_km0_7599_up0_1000_s256,cm1,stageB,-0.35,-0.7599,0.1,,256,300,12,0,False,EXITS_PRIMARY_BLOCK_SET,0.42219600000000007,0.005376433830656766,5.463742291701465,-0.042502142737449004,-3.9859007942521054,0.007838091581289177,0.02435993566627009,0.12790267996877588,0.24384076319999998,0.04766736392963219,True,True,False,False,False,-0.34999882961319734,-0.3520715002163721,0.005408809503431367,"{""0.0000"": 2, ""0.0500"": 1, ""0.1000"": 1}"
c3_w2_tcop_cm1_states_L0.4_km0_7599_up0_1000_s1024,cm1,stageB,-0.35,-0.7599,0.1,,1024,0,0,0,False,PRE_PRIMARY_PHASE_IMBALANCE,0.420576,0.004583701067422589,4.730372940017821,-0.041068718423904395,-4.490332252878104,0.032026713209193196,0.08485685722616382,1.0433310482687288,0.2424181408,0.04770983361949609,False,True,False,False,False,-0.34999882961319734,-0.3520715002163721,0.005408809503431367,"{""0.0000"": 2, ""0.0500"": 1, ""0.1000"": 1}"
c3_w2_tcop_cm1_states_L0.4_km0_7599_up0_1000_s1024,cm1,stageB,-0.35,-0.7599,0.1,,1024,25,1,1,False,PRE_PRIMARY_PHASE_IMBALANCE,0.424136,0.005682222528927972,6.1625178028532135,-0.0424545845620436,-4.003288741346338,0.0037882204488157685,0.02276246913484189,0.09808174713280227,0.24415144639999997,0.04796346009203256,True,True,False,False,False,-0.34999882961319734,-0.3527919684436891,0.005408809503431367,"{""0.0000"": 1, ""0.0500"": 2, ""0.1000"": 1}"
c3_w2_tcop_cm1_states_L0.4_km0_7599_up0_1000_s1024,cm1,stageB,-0.35,-0.7599,0.1,,1024,50,2,2,False,PRE_PRIMARY_PHASE_IMBALANCE,0.42563199999999995,0.005379734690470464,5.587334340296151,-0.04411840517832659,-4.852648423505174,0.012017215526868108,0.023609851222489823,0.11747237022246358,0.244368416,0.04806621033532808,True,True,False,False,False,-0.34999882961319734,-0.35342370259223,0.005408809503431367,"{""0.0000"": 1, ""0.0500"": 1, ""0.1000"": 2}"
c3_w2_tcop_cm1_states_L0.4_km0_7599_up0_1000_s1024,cm1,stageB,-0.35,-0.7599,0.1,,1024,75,3,0,True,,0.424296,0.004427374358762947,4.727457253879381,-0.05140933308940466,-4.778967565742346,0.013810985681666967,0.025250820359359827,0.13763976059722516,0.2441541184,0.04756410814889732,True,True,False,False,False,-0.34999882961319734,-0.3520715002163721,0.005408809503431367,"{""0.0000"": 2, ""0.0500"": 1, ""0.1000"": 1}"
c3_w2_tcop_cm1_states_L0.4_km0_7599_up0_1000_s1024,cm1,stageB,-0.35,-0.7599,0.1,,1024,100,4,1,True,,0.4251559999999999,0.004313606685348914,4.807935299594904,-0.05318958268099249,-5.5635398613935765,0.016172810875507076,0.02397916102162109,0.13736134468909922,0.24429444000000003,0.04787165825412778,True,True,False,False,False,-0.34999882961319734,-0.3527919684436891,0.005408809503431367,"{""0.0000"": 1, ""0.0500"": 2, ""0.1000"": 1}"
c3_w2_tcop_cm1_states_L0.4_km0_7599_up0_1000_s1024,cm1,stageB,-0.35,-0.7599,0.1,,1024,125,5,2,True,,0.42536799999999997,0.0038333639141107365,3.7692548227717957,-0.04725028656208074,-4.719239421988957,0.011859905941651405,0.02524629329907651,0.13729288489662392,0.24431473920000002,0.04772823667390196,True,True,False,False,False,-0.34999882961319734,-0.35342370259223,0.005408809503431367,"{""0.0000"": 1, ""0.0500"": 1, ""0.1000"": 2}"
c3_w2_tcop_cm1_states_L0.4_km0_7599_up0_1000_s1024,cm1,stageB,-0.35,-0.7599,0.1,,1024,150,6,0,True,,0.422472,0.0030816829210602616,3.344382913005177,-0.03973632821792564,-3.9274701901663125,0.008981185548301705,0.02536823695115024,0.12119146328942154,0.24387454719999999,0.047749860900320955,True,True,False,False,False,-0.34999882961319734,-0.3520715002163721,0.005408809503431367,"{""0.0000"": 2, ""0.0500"": 1, ""0.1000"": 1}"
c3_w2_tcop_cm1_states_L0.4_km0_7599_up0_1000_s1024,cm1,stageB,-0.35,-0.7599,0.1,,1024,175,7,1,True,,0.4227720000000001,0.004055197432665219,4.113003998813064,-0.050643957915830456,-4.897913058910604,0.0025678818850074087,0.024802946723815996,0.10502114590128683,0.24392588,0.04752047996390609,True,True,False,False,False,-0.34999882961319734,-0.3527919684436891,0.005408809503431367,"{""0.0000"": 1, ""0.0500"": 2, ""0.1000"": 1}"
c3_w2_tcop_cm1_states_L0.4_km0_7599_up0_1000_s1024,cm1,stageB,-0.35,-0.7599,0.1,,1024,200,8,2,True,,0.424604,0.004302192924237468,4.445529821265711,-0.04322425770249191,-4.690220867854836,0.013155972611432216,0.025332150344972222,0.12058294288187836,0.24419974879999998,0.04850776416203905,True,True,False,False,False,-0.34999882961319734,-0.35342370259223,0.005408809503431367,"{""0.0000"": 1, ""0.0500"": 1, ""0.1000"": 2}"
c3_w2_tcop_cm1_states_L0.4_km0_7599_up0_1000_s1024,cm1,stageB,-0.35,-0.7599,0.1,,1024,225,9,0,True,,0.4225999999999999,0.004372214080471618,5.007318110394034,-0.04819220920175691,-4.837855741038396,0.004430163782043145,0.025410709860068284,0.12778040670189209,0.24389392319999995,0.048566243420713535,True,True,False,False,False,-0.34999882961319734,-0.3520715002163721,0.005408809503431367,"{""0.0000"": 2, ""0.0500"": 1, ""0.1000"": 1}"
c3_w2_tcop_cm1_states_L0.4_km0_7599_up0_1000_s1024,cm1,stageB,-0.35,-0.7599,0.1,,1024,250,10,1,True,,0.42463999999999996,0.004941452816392547,5.5977772216847255,-0.054921055668266085,-5.422514442149994,0.0035542363497039742,0.024699135761838718,0.13564431015532152,0.24421086720000001,0.04883513489282076,True,True,False,False,False,-0.34999882961319734,-0.3527919684436891,0.005408809503431367,"{""0.0000"": 1, ""0.0500"": 2, ""0.1000"": 1}"
c3_w2_tcop_cm1_states_L0.4_km0_7599_up0_1000_s1024,cm1,stageB,-0.35,-0.7599,0.1,,1024,275,11,2,True,,0.42646,0.004583417379839858,5.329356811135311,-0.04973339982026647,-4.931626709375312,0.011522795548508824,0.02616686630183644,0.14819678246917237,0.2444673424,0.04837259968205141,True,True,False,False,False,-0.34999882961319734,-0.35342370259223,0.005408809503431367,"{""0.0000"": 1, ""0.0500"": 1, ""0.1000"": 2}"
c3_w2_tcop_cm1_states_L0.4_km0_7599_up0_1000_s1024,cm1,stageB,-0.35,-0.7599,0.1,,1024,300,12,0,False,EXITS_PRIMARY_BLOCK_SET,0.42383199999999993,0.004462796065393801,5.046877842441184,-0.04968511413641794,-5.1179385681614455,0.00687057888561782,0.02719472723811809,0.14911568699598982,0.24406558720000004,0.04846313832182147,True,True,False,False,False,-0.34999882961319734,-0.3520715002163721,0.005408809503431367,"{""0.0000"": 2, ""0.0500"": 1, ""0.1000"": 1}"
c3_w2_tcop_cm1_states_L0.4_km0_7599_up0_1000_s31415,cm1,stageB,-0.35,-0.7599,0.1,,31415,0,0,0,False,PRE_PRIMARY_PHASE_IMBALANCE,0.41917999999999994,0.0026075610731344074,2.816839529581037,-0.03738565557470502,-3.5577191255776257,0.046433003321257424,0.08700553499109452,1.0544396176954065,0.24213799519999998,0.047027732243857985,False,True,False,False,False,-0.34999882961319734,-0.3520715002163721,0.005408809503431367,"{""0.0000"": 2, ""0.0500"": 1, ""0.1000"": 1}"
c3_w2_tcop_cm1_states_L0.4_km0_7599_up0_1000_s31415,cm1,stageB,-0.35,-0.7599,0.1,,31415,25,1,1,False,PRE_PRIMARY_PHASE_IMBALANCE,0.4237560000000001,0.004068537440096761,4.244192288637274,-0.04642192576037203,-4.728689547060354,0.004374463998534073,0.024801690253843395,0.14442273349658125,0.2440763952,0.04757659575883924,True,True,False,False,False,-0.34999882961319734,-0.3527919684436891,0.005408809503431367,"{""0.0000"": 1, ""0.0500"": 2, ""0.1000"": 1}"
c3_w2_tcop_cm1_states_L0.4_km0_7599_up0_1000_s31415,cm1,stageB,-0.35,-0.7599,0.1,,31415,50,2,2,False,PRE_PRIMARY_PHASE_IMBALANCE,0.42507999999999996,0.0045715663097870935,4.739475460438545,-0.05394275237716608,-5.637968101680557,0.0014511660974814511,0.025004567603304616,0.12609391143762616,0.24427401919999997,0.04785345964504552,True,True,False,False,False,-0.34999882961319734,-0.35342370259223,0.005408809503431367,"{""0.0000"": 1, ""0.0500"": 1, ""0.1000"": 2}"
c3_w2_tcop_cm1_states_L0.4_km0_7599_up0_1000_s31415,cm1,stageB,-0.35,-0.7599,0.1,,31415,75,3,0,True,,0.422188,0.004680443650638307,5.4569253493361565,-0.05659878895566557,-6.126187354917154,0.004647683531920322,0.025675399892192044,0.12790510358441012,0.24382779040000002,0.0483947585591663,True,True,False,False,False,-0.34999882961319734,-0.3520715002163721,0.005408809503431367,"{""0.0000"": 2, ""0.0500"": 1, ""0.1000"": 1}"
c3_w2_tcop_cm1_states_L0.4_km0_7599_up0_1000_s31415,cm1,stageB,-0.35,-0.7599,0.1,,31415,100,4,1,True,,0.42360400000000004,0.005307313217661278,5.723946383940454,-0.050233325407003766,-5.0114319668680345,0.008299335121615658,0.026320301247036656,0.12747754948612972,0.24403934240000003,0.04740138377726963,True,True,False,False,False,-0.34999882961319734,-0.3527919684436891,0.005408809503431367,"{""0.0000"": 1, ""0.0500"": 2, ""0.1000"": 1}"
c3_w2_tcop_cm1_states_L0.4_km0_7599_up0_1000_s31415,cm1,stageB,-0.35,-0.7599,0.1,,31415,125,5,2,True,,0.424596,0.006156862769807648,6.861322128978529,-0.0469314122351142,-5.1539015735268165,0.006362448399542809,0.0266036509907193,0.12717971877460063,0.24418664160000003,0.04711811524244152,True,True,False,False,False,-0.34999882961319734,-0.35342370259223,0.005408809503431367,"{""0.0000"": 1, ""0.0500"": 1, ""0.1000"": 2}"
c3_w2_tcop_cm1_states_L0.4_km0_7599_up0_1000_s31415,cm1,stageB,-0.35,-0.7599,0.1,,31415,150,6,0,True,,0.42194000000000004,0.005551132535591205,6.696737491444895,-0.0466449652959449,-4.922295438336203,0.0023533661079218385,0.026709569653214586,0.1118642458362226,0.24377962720000002,0.04688236768764991,True,True,False,False,False,-0.34999882961319734,-0.3520715002163721,0.005408809503431367,"{""0.0000"": 2, ""0.0500"": 1, ""0.1000"": 1}"
c3_w2_tcop_cm1_states_L0.4_km0_7599_up0_1000_s31415,cm1,stageB,-0.35,-0.7599,0.1,,31415,175,7,1,True,,0.4235,0.0049658628839769755,5.175714140696965,-0.04829619501356635,-4.510499676906523,0.007083966939591303,0.026096993392752437,0.13412042471282062,0.2440256016,0.04837716403428378,True,True,False,False,False,-0.34999882961319734,-0.3527919684436891,0.005408809503431367,"{""0.0000"": 1, ""0.0500"": 2, ""0.1000"": 1}"
c3_w2_tcop_cm1_states_L0.4_km0_7599_up0_1000_s31415,cm1,stageB,-0.35,-0.7599,0.1,,31415,200,8,2,True,,0.42448800000000003,0.006223020470559289,6.269596689739064,-0.05608041747218062,-5.443841143651991,0.006820380105282434,0.026735951333168605,0.13380825810433203,0.244169136,0.047638827189593995,True,True,False,False,False,-0.34999882961319734,-0.35342370259223,0.005408809503431367,"{""0.0000"": 1, ""0.0500"": 1, ""0.1000"": 2}"
c3_w2_tcop_cm1_states_L0.4_km0_7599_up0_1000_s31415,cm1,stageB,-0.35,-0.7599,0.1,,31415,225,9,0,True,,0.422188,0.004250313805913467,4.428606750635471,-0.054472056904309375,-4.893172644489096,0.009488096692869668,0.026950929636706495,0.13453722006656452,0.2438158256,0.04722766833118061,True,True,False,False,False,-0.34999882961319734,-0.3520715002163721,0.005408809503431367,"{""0.0000"": 2, ""0.0500"": 1, ""0.1000"": 1}"
c3_w2_tcop_cm1_states_L0.4_km0_7599_up0_1000_s31415,cm1,stageB,-0.35,-0.7599,0.1,,31415,250,10,1,True,,0.42401999999999984,0.0030587759897707854,3.1874123359249062,-0.04311697292034767,-4.674141874213914,0.008979531015272208,0.026353598840605476,0.14244611069655658,0.2441021712,0.04769192384460916,True,True,False,False,False,-0.34999882961319734,-0.3527919684436891,0.005408809503431367,"{""0.0000"": 1, ""0.0500"": 2, ""0.1000"": 1}"
c3_w2_tcop_cm1_states_L0.4_km0_7599_up0_1000_s31415,cm1,stageB,-0.35,-0.7599,0.1,,31415,275,11,2,True,,0.42510400000000004,0.003715810750630797,3.7643454105204834,-0.04428008631591152,-4.425813779884408,0.008642137858255758,0.025942185730809413,0.14208287820843163,0.2442689696,0.04761963023795964,True,True,False,False,False,-0.34999882961319734,-0.35342370259223,0.005408809503431367,"{""0.0000"": 1, ""0.0500"": 1, ""0.1000"": 2}"
c3_w2_tcop_cm1_states_L0.4_km0_7599_up0_1000_s31415,cm1,stageB,-0.35,-0.7599,0.1,,31415,300,12,0,False,EXITS_PRIMARY_BLOCK_SET,0.4237,0.0023057681299221322,2.651445592054475,-0.0432338345633321,-4.054280906652674,0.011739479324995535,0.02533238432288736,0.14255369331471868,0.24406310560000002,0.04769769386458846,True,True,False,False,False,-0.34999882961319734,-0.3520715002163721,0.005408809503431367,"{""0.0000"": 2, ""0.0500"": 1, ""0.1000"": 1}"
c3_w2_tcop_cm1_states_L0.4_km0_7599_up0_2500_s42,cm1,stageB,-0.35,-0.7599,0.25,,42,0,0,0,False,PRE_PRIMARY_PHASE_IMBALANCE,0.4262520000000001,0.0038784072717869965,4.260271931219071,-0.052715290625763626,-4.854188178915559,0.045747093112174904,0.0872998253652892,1.0003472101002522,0.24317651999999998,0.048427187570619874,False,True,False,False,False,-0.34999882961319734,-0.3543248969543085,0.010768227339044145,"{""0.0000"": 2, ""0.1250"": 1, ""0.2500"": 1}"
c3_w2_tcop_cm1_states_L0.4_km0_7599_up0_2500_s42,cm1,stageB,-0.35,-0.7599,0.25,,42,25,1,1,False,PRE_PRIMARY_PHASE_IMBALANCE,0.4320839999999999,0.0054352904890964115,6.081529650487371,-0.04994200599461839,-5.102985281728075,0.016605654194889966,0.032299723475404565,0.1768174702677778,0.24519264159999998,0.04767071369300024,True,True,False,False,False,-0.34999882961319734,-0.3559589074606587,0.010768227339044145,"{""0.0000"": 1, ""0.1250"": 2, ""0.2500"": 1}"
c3_w2_tcop_cm1_states_L0.4_km0_7599_up0_2500_s42,cm1,stageB,-0.35,-0.7599,0.25,,42,50,2,2,False,PRE_PRIMARY_PHASE_IMBALANCE,0.43591599999999997,0.006788357603479193,7.245783116004579,-0.04335204859453231,-4.332293136595328,0.017532286593962332,0.03574134193852106,0.1752631236860699,0.24565049759999996,0.04801584055288421,True,True,False,False,False,-0.34999882961319734,-0.35701695378906956,0.010768227339044145,"{""0.0000"": 1, ""0.1250"": 1, ""0.2500"": 2}"
c3_w2_tcop_cm1_states_L0.4_km0_7599_up0_2500_s42,cm1,stageB,-0.35,-0.7599,0.25,,42,75,3,0,True,,0.4297600000000001,0.006554913498878315,7.0784794015631105,-0.04832215673991642,-4.813970062277895,0.0052108710377498715,0.0363751426944338,0.1647431120515098,0.2448219648,0.04799856664526556,True,True,False,False,False,-0.34999882961319734,-0.3543248969543085,0.010768227339044145,"{""0.0000"": 2, ""0.1250"": 1, ""0.2500"": 1}"
c3_w2_tcop_cm1_states_L0.4_km0_7599_up0_2500_s42,cm1,stageB,-0.35,-0.7599,0.25,,42,100,4,1,True,,0.43288400000000005,0.007399999202630482,7.639796985535077,-0.045639650290519855,-4.737632339645185,0.02251451796543019,0.03426097144529795,0.16355420813993068,0.24527548319999998,0.04732739739305343,True,True,False,False,False,-0.34999882961319734,-0.3559589074606587,0.010768227339044145,"{""0.0000"": 1, ""0.1250"": 2, ""0.2500"": 1}"
c3_w2_tcop_cm1_states_L0.4_km0_7599_up0_2500_s42,cm1,stageB,-0.35,-0.7599,0.25,,42,125,5,2,True,,0.4358159999999999,0.006386398723699502,6.597404438664262,-0.04584940138404168,-4.2351118421784335,0.007513279533634487,0.035204633040777415,0.16245387924616375,0.24564501439999994,0.04725096976782593,True,True,False,False,False,-0.34999882961319734,-0.35701695378906956,0.010768227339044145,"{""0.0000"": 1, ""0.1250"": 1, ""0.2500"": 2}"
c3_w2_tcop_cm1_states_L0.4_km0_7599_up0_2500_s42,cm1,stageB,-0.35,-0.7599,0.25,,42,150,6,0,True,,0.4293240000000001,0.0056553728786737836,5.5758654860928445,-0.044025179819474486,-4.144084689576243,0.013080660692338757,0.03558173589702362,0.14813986604955723,0.244771544,0.04724471424402946,True,True,False,False,False,-0.34999882961319734,-0.3543248969543085,0.010768227339044145,"{""0.0000"": 2, ""0.1250"": 1, ""0.2500"": 1}"
c3_w2_tcop_cm1_states_L0.4_km0_7599_up0_2500_s42,cm1,stageB,-0.35,-0.7599,0.25,,42,175,7,1,True,,0.43250800000000006,0.0065831811889648295,7.420334847925961,-0.03553318069917274,-3.2345917330924436,0.023177842807689805,0.03285633454061535,0.1442747876472232,0.24524288800000002,0.04763853415041231,True,True,False,False,False,-0.34999882961319734,-0.3559589074606587,0.010768227339044145,"{""0.0000"": 1, ""0.1250"": 2, ""0.2500"": 1}"
c3_w2_tcop_cm1_states_L0.4_km0_7599_up0_2500_s42,cm1,stageB,-0.35,-0.7599,0.25,,42,200,8,2,True,,0.435172,0.00643752192411337,6.10135568923753,-0.03256715651371863,-3.296839352681108,0.010150381242407538,0.034646077529213753,0.14339157817278783,0.2455700144,0.04751936885102747,True,True,False,False,False,-0.34999882961319734,-0.35701695378906956,0.010768227339044145,"{""0.0000"": 1, ""0.1250"": 1, ""0.2500"": 2}"
c3_w2_tcop_cm1_states_L0.4_km0_7599_up0_2500_s42,cm1,stageB,-0.35,-0.7599,0.25,,42,225,9,0,True,,0.42936799999999997,0.005712057798378165,6.466756401239438,-0.03569078751631194,-3.500698448670758,0.013338145096820818,0.03513835499557682,0.14439827806357652,0.2447834944,0.047694869493479064,True,True,False,False,False,-0.34999882961319734,-0.3543248969543085,0.010768227339044145,"{""0.0000"": 2, ""0.1250"": 1, ""0.2500"": 1}"
c3_w2_tcop_cm1_states_L0.4_km0_7599_up0_2500_s42,cm1,stageB,-0.35,-0.7599,0.25,,42,250,10,1,True,,0.432072,0.004113706969312423,4.835211667105992,-0.05030098820291758,-5.175946923800993,0.019807568668590746,0.031378436310887034,0.13979151590523914,0.24520197439999997,0.04815087554759519,True,True,False,False,False,-0.34999882961319734,-0.3559589074606587,0.010768227339044145,"{""0.0000"": 1, ""0.1250"": 2, ""0.2500"": 1}"
c3_w2_tcop_cm1_states_L0.4_km0_7599_up0_2500_s42,cm1,stageB,-0.35,-0.7599,0.25,,42,275,11,2,True,,0.435332,0.0037480898232735245,4.217258984297086,-0.056710667900591684,-5.693468648390477,0.01158900447213058,0.03400971763304692,0.13782584294785163,0.2455988464,0.04692046223131226,True,True,False,False,False,-0.34999882961319734,-0.35701695378906956,0.010768227339044145,"{""0.0000"": 1, ""0.1250"": 1, ""0.2500"": 2}"
c3_w2_tcop_cm1_states_L0.4_km0_7599_up0_2500_s42,cm1,stageB,-0.35,-0.7599,0.25,,42,300,12,0,False,EXITS_PRIMARY_BLOCK_SET,0.429436,0.00257593959166984,3.150972001715077,-0.05149081026107142,-5.34924618112899,0.008286114408893052,0.03434682423272452,0.15275850149321796,0.24480316639999994,0.04704850586362972,True,True,False,False,False,-0.34999882961319734,-0.3543248969543085,0.010768227339044145,"{""0.0000"": 2, ""0.1250"": 1, ""0.2500"": 1}"
c3_w2_tcop_cm1_states_L0.4_km0_7599_up0_2500_s137,cm1,stageB,-0.35,-0.7599,0.25,,137,0,0,0,False,PRE_PRIMARY_PHASE_IMBALANCE,0.42678000000000005,0.0055109637371147805,6.560610034773631,-0.04977344263429144,-5.272015534581207,0.040345381273350536,0.08708150429261556,1.0028586133303843,0.24325762079999996,0.04675116683035836,False,True,False,False,False,-0.34999882961319734,-0.3543248969543085,0.010768227339044145,"{""0.0000"": 2, ""0.1250"": 1, ""0.2500"": 1}"
c3_w2_tcop_cm1_states_L0.4_km0_7599_up0_2500_s137,cm1,stageB,-0.35,-0.7599,0.25,,137,25,1,1,False,PRE_PRIMARY_PHASE_IMBALANCE,0.431808,0.0058232132444006315,6.029266621312576,-0.05413634830660827,-5.957204906073461,0.01897366255131093,0.032804774165799196,0.15562472173830788,0.2451491936,0.04668287840311478,True,True,False,False,False,-0.34999882961319734,-0.3559589074606587,0.010768227339044145,"{""0.0000"": 1, ""0.1250"": 2, ""0.2500"": 1}"
c3_w2_tcop_cm1_states_L0.4_km0_7599_up0_2500_s137,cm1,stageB,-0.35,-0.7599,0.25,,137,50,2,2,False,PRE_PRIMARY_PHASE_IMBALANCE,0.43534799999999996,0.007022050675335654,7.19944271426898,-0.0588144916030639,-5.5011022650476,0.012302010238372046,0.03545556107104992,0.16630373823629896,0.245581864,0.04705059931605548,True,True,False,False,False,-0.34999882961319734,-0.35701695378906956,0.010768227339044145,"{""0.0000"": 1, ""0.1250"": 1, ""0.2500"": 2}"
c3_w2_tcop_cm1_states_L0.4_km0_7599_up0_2500_s137,cm1,stageB,-0.35,-0.7599,0.25,,137,75,3,0,True,,0.42906799999999995,0.006155850851455765,6.111254584394577,-0.0537162159509461,-4.874112513614246,0.00711510827983791,0.03645790624889797,0.17806035365475792,0.24472395040000003,0.04712845611729711,True,True,False,False,False,-0.34999882961319734,-0.3543248969543085,0.010768227339044145,"{""0.0000"": 2, ""0.1250"": 1, ""0.2500"": 1}"
c3_w2_tcop_cm1_states_L0.4_km0_7599_up0_2500_s137,cm1,stageB,-0.35,-0.7599,0.25,,137,100,4,1,True,,0.43209600000000004,0.006283702888964835,6.9765290413017444,-0.04752676747528614,-4.850425140726276,0.021160747441018007,0.033669786582697,0.1768125597626163,0.24517738560000002,0.0468265606680653,True,True,False,False,False,-0.34999882961319734,-0.3559589074606587,0.010768227339044145,"{""0.0000"": 1, ""0.1250"": 2, ""0.2500"": 1}"
c3_w2_tcop_cm1_states_L0.4_km0_7599_up0_2500_s137,cm1,stageB,-0.35,-0.7599,0.25,,137,125,5,2,True,,0.435396,0.005922446706192298,6.929424848180033,-0.03509862784767317,-3.220977429555414,0.011432943284608504,0.03386853820340662,0.175472443073725,0.24560887199999995,0.046286533505977744,True,True,False,False,False,-0.34999882961319734,-0.35701695378906956,0.010768227339044145,"{""0.0000"": 1, ""0.1250"": 1, ""0.2500"": 2}"
c3_w2_tcop_cm1_states_L0.4_km0_7599_up0_2500_s137,cm1,stageB,-0.35,-0.7599,0.25,,137,150,6,0,True,,0.428916,0.005497507802941655,6.47042949717137,-0.04065649781368954,-4.226030901931761,0.013038262081351563,0.03430546146039939,0.16506728551728717,0.24473055839999996,0.047030042993814074,True,True,False,False,False,-0.34999882961319734,-0.3543248969543085,0.010768227339044145,"{""0.0000"": 2, ""0.1250"": 1, ""0.2500"": 1}"
c3_w2_tcop_cm1_states_L0.4_km0_7599_up0_2500_s137,cm1,stageB,-0.35,-0.7599,0.25,,137,175,7,1,True,,0.43224,0.005313544388375686,5.633884004588481,-0.05016205334395125,-5.476517091209599,0.019040216026418994,0.030341937387911577,0.16287247787601225,0.24523657919999997,0.04794269913135889,True,True,False,False,False,-0.34999882961319734,-0.3559589074606587,0.010768227339044145,"{""0.0000"": 1, ""0.1250"": 2, ""0.2500"": 1}"
c3_w2_tcop_cm1_states_L0.4_km0_7599_up0_2500_s137,cm1,stageB,-0.35,-0.7599,0.25,,137,200,8,2,True,,0.43540799999999996,0.006234471107473073,6.492163828773542,-0.04210160686627675,-4.147374019165358,0.01105060343646537,0.03286288785316768,0.17087421413737403,0.24562313279999998,0.04677813095881451,True,True,False,False,False,-0.34999882961319734,-0.35701695378906956,0.010768227339044145,"{""0.0000"": 1, ""0.1250"": 1, ""0.2500"": 2}"
c3_w2_tcop_cm1_states_L0.4_km0_7599_up0_2500_s137,cm1,stageB,-0.35,-0.7599,0.25,,137,225,9,0,True,,0.4292,0.005399688416416083,6.217244066952209,-0.03670388751033912,-3.6135783208749,0.011871457388352281,0.03328594850032627,0.17334575914877492,0.24478326079999996,0.04716524143900888,True,True,False,False,False,-0.34999882961319734,-0.3543248969543085,0.010768227339044145,"{""0.0000"": 2, ""0.1250"": 1, ""0.2500"": 1}"
c3_w2_tcop_cm1_states_L0.4_km0_7599_up0_2500_s137,cm1,stageB,-0.35,-0.7599,0.25,,137,250,10,1,True,,0.431916,0.004689937469768901,4.877645800893592,-0.061134124015161315,-6.1235122075399,0.02501014133075123,0.03134627219543326,0.16206854999104314,0.24518126559999998,0.047463343160801474,True,True,False,False,False,-0.34999882961319734,-0.3559589074606587,0.010768227339044145,"{""0.0000"": 1, ""0.1250"": 2, ""0.2500"": 1}"
c3_w2_tcop_cm1_states_L0.4_km0_7599_up0_2500_s137,cm1,stageB,-0.35,-0.7599,0.25,,137,275,11,2,True,,0.43534,0.006012371739058873,6.36054365392264,-0.06259315300912675,-6.182580989291861,0.012955032782293001,0.035312275819572664,0.16171268396721475,0.24558275999999996,0.04751678019394833,True,True,False,False,False,-0.34999882961319734,-0.35701695378906956,0.010768227339044145,"{""0.0000"": 1, ""0.1250"": 1, ""0.2500"": 2}"
c3_w2_tcop_cm1_states_L0.4_km0_7599_up0_2500_s137,cm1,stageB,-0.35,-0.7599,0.25,,137,300,12,0,False,EXITS_PRIMARY_BLOCK_SET,0.42882800000000004,0.00397097688619817,4.5880848146170985,-0.05030740303888829,-5.264424449211662,0.008045988196799993,0.03695513756215039,0.1725633583334965,0.2446834064,0.0473863526344875,True,True,False,False,False,-0.34999882961319734,-0.3543248969543085,0.010768227339044145,"{""0.0000"": 2, ""0.1250"": 1, ""0.2500"": 1}"
c3_w2_tcop_cm1_states_L0.4_km0_7599_up0_2500_s256,cm1,stageB,-0.35,-0.7599,0.25,,256,0,0,0,False,PRE_PRIMARY_PHASE_IMBALANCE,0.428056,0.005701097304742296,6.165288704550076,-0.041942712857024715,-4.242522275871311,0.04890353901459397,0.08899133699350194,1.033509631839036,0.24337296320000004,0.04570318220868214,False,True,False,False,False,-0.34999882961319734,-0.3543248969543085,0.010768227339044145,"{""0.0000"": 2, ""0.1250"": 1, ""0.2500"": 1}"
c3_w2_tcop_cm1_states_L0.4_km0_7599_up0_2500_s256,cm1,stageB,-0.35,-0.7599,0.25,,256,25,1,1,False,PRE_PRIMARY_PHASE_IMBALANCE,0.43339200000000005,0.0058272624639244255,5.662610864736741,-0.035302932417526585,-3.2363504079910985,0.027473120490440817,0.03229131298010026,0.1550559305315835,0.24536751999999995,0.04516563224399721,True,True,False,False,False,-0.34999882961319734,-0.3559589074606587,0.010768227339044145,"{""0.0000"": 1, ""0.1250"": 2, ""0.2500"": 1}"
c3_w2_tcop_cm1_states_L0.4_km0_7599_up0_2500_s256,cm1,stageB,-0.35,-0.7599,0.25,,256,50,2,2,False,PRE_PRIMARY_PHASE_IMBALANCE,0.435932,0.007606208294686279,8.084530850946967,-0.027052629782386338,-2.627249886189748,0.005012108514256701,0.033368950305973956,0.1541524821436543,0.245683688,0.04569169920237154,True,True,False,False,False,-0.34999882961319734,-0.35701695378906956,0.010768227339044145,"{""0.0000"": 1, ""0.1250"": 1, ""0.2500"": 2}"
c3_w2_tcop_cm1_states_L0.4_km0_7599_up0_2500_s256,cm1,stageB,-0.35,-0.7599,0.25,,256,75,3,0,True,,0.42865999999999993,0.005574075224296641,6.1276326905122165,-0.04157855948631559,-4.439268050794782,0.0020589004217020242,0.034625264936650614,0.18289553449611462,0.2446903056,0.04699451457351166,True,True,False,False,False,-0.34999882961319734,-0.3543248969543085,0.010768227339044145,"{""0.0000"": 2, ""0.1250"": 1, ""0.2500"": 1}"
c3_w2_tcop_cm1_states_L0.4_km0_7599_up0_2500_s256,cm1,stageB,-0.35,-0.7599,0.25,,256,100,4,1,True,,0.43163999999999997,0.0056838911429048615,5.27465518530586,-0.044351353666228034,-4.816744599607806,0.019499308795912464,0.033429922106307,0.1816328417625039,0.24511869439999998,0.04754314251287982,True,True,False,False,False,-0.34999882961319734,-0.3559589074606587,0.010768227339044145,"{""0.0000"": 1, ""0.1250"": 2, ""0.2500"": 1}"
c3_w2_tcop_cm1_states_L0.4_km0_7599_up0_2500_s256,cm1,stageB,-0.35,-0.7599,0.25,,256,125,5,2,True,,0.4353,0.00611404904324393,6.9434201851298925,-0.05494110919512206,-5.327016237727949,0.02077065041498698,0.03536402439483664,0.19297036482202998,0.245576936,0.047495999831564766,True,True,False,False,False,-0.34999882961319734,-0.35701695378906956,0.010768227339044145,"{""0.0000"": 1, ""0.1250"": 1, ""0.2500"": 2}"
c3_w2_tcop_cm1_states_L0.4_km0_7599_up0_2500_s256,cm1,stageB,-0.35,-0.7599,0.25,,256,150,6,0,True,,0.429732,0.004136405266620358,4.659740828721783,-0.05484261728214088,-5.393715825124696,0.015090168890743627,0.036475995984576376,0.1954706649831275,0.24481670560000002,0.047615629534849165,True,True,False,False,False,-0.34999882961319734,-0.3543248969543085,0.010768227339044145,"{""0.0000"": 2, ""0.1250"": 1, ""0.2500"": 1}"
c3_w2_tcop_cm1_states_L0.4_km0_7599_up0_2500_s256,cm1,stageB,-0.35,-0.7599,0.25,,256,175,7,1,True,,0.433028,0.004882114646532855,5.147429268617438,-0.0543721080426979,-5.529435052962903,0.03114511911405715,0.032262376432980834,0.15333881376414735,0.24531957599999998,0.04736656221428783,True,True,False,False,False,-0.34999882961319734,-0.3559589074606587,0.010768227339044145,"{""0.0000"": 1, ""0.1250"": 2, ""0.2500"": 1}"
c3_w2_tcop_cm1_states_L0.4_km0_7599_up0_2500_s256,cm1,stageB,-0.35,-0.7599,0.25,,256,200,8,2,True,,0.4361920000000001,0.005004623986547495,4.8758674295355915,-0.043849566394857785,-4.392193085362272,0.007681789362999604,0.033971248610331656,0.15222654209103664,0.24570896639999998,0.046982327911673345,True,True,False,False,False,-0.34999882961319734,-0.35701695378906956,0.010768227339044145,"{""0.0000"": 1, ""0.1250"": 1, ""0.2500"": 2}"
c3_w2_tcop_cm1_states_L0.4_km0_7599_up0_2500_s256,cm1,stageB,-0.35,-0.7599,0.25,,256,225,9,0,True,,0.42921600000000004,0.0033684296261909867,3.8127900946625184,-0.04483413133791608,-4.634846355189374,0.0043249683847724745,0.03485347831803799,0.14724520952796452,0.24476583359999998,0.04749005521159141,True,True,False,False,False,-0.34999882961319734,-0.3543248969543085,0.010768227339044145,"{""0.0000"": 2, ""0.1250"": 1, ""0.2500"": 1}"
c3_w2_tcop_cm1_states_L0.4_km0_7599_up0_2500_s256,cm1,stageB,-0.35,-0.7599,0.25,,256,250,10,1,True,,0.43172000000000005,0.005807445795240236,6.374713765666018,-0.052582103255371875,-4.977721177851452,0.028600284218643992,0.03256697638389016,0.1463911791290856,0.24514016320000007,0.04717458637868487,True,True,False,False,False,-0.34999882961319734,-0.3559589074606587,0.010768227339044145,"{""0.0000"": 1, ""0.1250"": 2, ""0.2500"": 1}"
c3_w2_tcop_cm1_states_L0.4_km0_7599_up0_2500_s256,cm1,stageB,-0.35,-0.7599,0.25,,256,275,11,2,True,,0.4351520000000001,0.006266718788324579,6.920990114089699,-0.04078553790101755,-4.031009165351658,0.007609688406589071,0.03470372147720792,0.1525903588801376,0.24556668479999996,0.04741494380466985,True,True,False,False,False,-0.34999882961319734,-0.35701695378906956,0.010768227339044145,"{""0.0000"": 1, ""0.1250"": 1, ""0.2500"": 2}"
c3_w2_tcop_cm1_states_L0.4_km0_7599_up0_2500_s256,cm1,stageB,-0.35,-0.7599,0.25,,256,300,12,0,False,EXITS_PRIMARY_BLOCK_SET,0.4283920000000001,0.005794789812928359,5.843409236887002,-0.04062644193692257,-3.822178268114716,0.014243707106517619,0.03444341069911074,0.16433546806584748,0.24465457599999993,0.047157335972253564,True,True,False,False,False,-0.34999882961319734,-0.3543248969543085,0.010768227339044145,"{""0.0000"": 2, ""0.1250"": 1, ""0.2500"": 1}"
c3_w2_tcop_cm1_states_L0.4_km0_7599_up0_2500_s1024,cm1,stageB,-0.35,-0.7599,0.25,,1024,0,0,0,False,PRE_PRIMARY_PHASE_IMBALANCE,0.426956,0.005387577770444867,5.517596504126348,-0.0421689678576924,-4.589564218530615,0.0393393220299569,0.08779185918378542,1.027740561023289,0.2432595792,0.04687487668250445,False,True,False,False,False,-0.34999882961319734,-0.3543248969543085,0.010768227339044145,"{""0.0000"": 2, ""0.1250"": 1, ""0.2500"": 1}"
c3_w2_tcop_cm1_states_L0.4_km0_7599_up0_2500_s1024,cm1,stageB,-0.35,-0.7599,0.25,,1024,25,1,1,False,PRE_PRIMARY_PHASE_IMBALANCE,0.432544,0.006532837372188896,7.107641799248796,-0.04166738957301854,-3.993467543654534,0.018738279791912452,0.030303549506411533,0.14796182550685752,0.2452778784,0.04704559558555934,True,True,False,False,False,-0.34999882961319734,-0.3559589074606587,0.010768227339044145,"{""0.0000"": 1, ""0.1250"": 2, ""0.2500"": 1}"
c3_w2_tcop_cm1_states_L0.4_km0_7599_up0_2500_s1024,cm1,stageB,-0.35,-0.7599,0.25,,1024,50,2,2,False,PRE_PRIMARY_PHASE_IMBALANCE,0.43593999999999994,0.006233883719911467,6.47899875873758,-0.041761756103195,-4.586101447176488,0.01756545793230579,0.03303012506267623,0.1633252278677681,0.2456889808,0.047226649256537356,True,True,False,False,False,-0.34999882961319734,-0.35701695378906956,0.010768227339044145,"{""0.0000"": 1, ""0.1250"": 1, ""0.2500"": 2}"
c3_w2_tcop_cm1_states_L0.4_km0_7599_up0_2500_s1024,cm1,stageB,-0.35,-0.7599,0.25,,1024,75,3,0,True,,0.43058399999999997,0.004809180038327592,5.091687313196453,-0.05027955256701656,-4.649302145040949,0.02118265441824696,0.03470807783732199,0.17650446794004315,0.2449580736,0.047097971761000494,True,True,False,False,False,-0.34999882961319734,-0.3543248969543085,0.010768227339044145,"{""0.0000"": 2, ""0.1250"": 1, ""0.2500"": 1}"
c3_w2_tcop_cm1_states_L0.4_km0_7599_up0_2500_s1024,cm1,stageB,-0.35,-0.7599,0.25,,1024,100,4,1,True,,0.43346,0.004782678064733964,5.219684860836406,-0.052587012490287785,-5.360520148524441,0.028085122847904306,0.03070393877783913,0.17533336368907546,0.2453953008,0.0472193646717107,True,True,False,False,False,-0.34999882961319734,-0.3559589074606587,0.010768227339044145,"{""0.0000"": 1, ""0.1250"": 2, ""0.2500"": 1}"
c3_w2_tcop_cm1_states_L0.4_km0_7599_up0_2500_s1024,cm1,stageB,-0.35,-0.7599,0.25,,1024,125,5,2,True,,0.4356439999999999,0.004744208226764106,4.635764293858966,-0.04744023994998825,-4.80450197183329,0.005123410842790115,0.03317439680851797,0.17445437059972282,0.24564943839999998,0.04711629510052759,True,True,False,False,False,-0.34999882961319734,-0.35701695378906956,0.010768227339044145,"{""0.0000"": 1, ""0.1250"": 1, ""0.2500"": 2}"
c3_w2_tcop_cm1_states_L0.4_km0_7599_up0_2500_s1024,cm1,stageB,-0.35,-0.7599,0.25,,1024,150,6,0,True,,0.42888400000000004,0.0036133624372749855,3.814332669809678,-0.039294250180288946,-3.912615472550262,0.002930875709141541,0.03357999250352417,0.1594836828618375,0.24473509919999994,0.047654533299571825,True,True,False,False,False,-0.34999882961319734,-0.3543248969543085,0.010768227339044145,"{""0.0000"": 2, ""0.1250"": 1, ""0.2500"": 1}"
c3_w2_tcop_cm1_states_L0.4_km0_7599_up0_2500_s1024,cm1,stageB,-0.35,-0.7599,0.25,,1024,175,7,1,True,,0.43101999999999996,0.004635753776189237,4.589616643833437,-0.047815158869791125,-4.673596558161972,0.017807172537110443,0.0317004842018818,0.14013270813388545,0.24505506720000003,0.04713257472279655,True,True,False,False,False,-0.34999882961319734,-0.3559589074606587,0.010768227339044145,"{""0.0000"": 1, ""0.1250"": 2, ""0.2500"": 1}"
c3_w2_tcop_cm1_states_L0.4_km0_7599_up0_2500_s1024,cm1,stageB,-0.35,-0.7599,0.25,,1024,200,8,2,True,,0.43484800000000007,0.005429574866356226,5.644590446601066,-0.04141056126435286,-4.508618651427482,0.019777163482926213,0.034610099902217445,0.16373537382318556,0.24552871039999996,0.04762706054335078,True,True,False,False,False,-0.34999882961319734,-0.35701695378906956,0.010768227339044145,"{""0.0000"": 1, ""0.1250"": 1, ""0.2500"": 2}"
c3_w2_tcop_cm1_states_L0.4_km0_7599_up0_2500_s1024,cm1,stageB,-0.35,-0.7599,0.25,,1024,225,9,0,True,,0.428964,0.0049516451598664735,5.60407320799322,-0.04607858878822956,-4.6272517180404975,0.010522214811998906,0.03596230087485918,0.1715761691620365,0.24471590879999994,0.047797978032548614,True,True,False,False,False,-0.34999882961319734,-0.3543248969543085,0.010768227339044145,"{""0.0000"": 2, ""0.1250"": 1, ""0.2500"": 1}"
c3_w2_tcop_cm1_states_L0.4_km0_7599_up0_2500_s1024,cm1,stageB,-0.35,-0.7599,0.25,,1024,250,10,1,True,,0.432852,0.005803287856693779,6.646724791406411,-0.053592146895371236,-5.525658514609211,0.017025350301418267,0.03282158566974404,0.17003502312560637,0.2452893104,0.04788471672673861,True,True,False,False,False,-0.34999882961319734,-0.3559589074606587,0.010768227339044145,"{""0.0000"": 1, ""0.1250"": 2, ""0.2500"": 1}"
c3_w2_tcop_cm1_states_L0.4_km0_7599_up0_2500_s1024,cm1,stageB,-0.35,-0.7599,0.25,,1024,275,11,2,True,,0.436648,0.005927385426598935,6.479659763336992,-0.04574481971106281,-4.643068205602062,0.016315000583820165,0.03578815459934706,0.16855682341713044,0.24574232640000004,0.047429569848355155,True,True,False,False,False,-0.34999882961319734,-0.35701695378906956,0.010768227339044145,"{""0.0000"": 1, ""0.1250"": 1, ""0.2500"": 2}"
c3_w2_tcop_cm1_states_L0.4_km0_7599_up0_2500_s1024,cm1,stageB,-0.35,-0.7599,0.25,,1024,300,12,0,False,EXITS_PRIMARY_BLOCK_SET,0.43005199999999993,0.005123835447071699,5.666332751424394,-0.04519997661161031,-4.553084423041938,0.013232653399296851,0.03715143517997177,0.1646312535120607,0.24485201120000002,0.047952031197854385,True,True,False,False,False,-0.34999882961319734,-0.3543248969543085,0.010768227339044145,"{""0.0000"": 2, ""0.1250"": 1, ""0.2500"": 1}"
c3_w2_tcop_cm1_states_L0.4_km0_7599_up0_2500_s31415,cm1,stageB,-0.35,-0.7599,0.25,,31415,0,0,0,False,PRE_PRIMARY_PHASE_IMBALANCE,0.425324,0.003334172621778446,3.5493341756535846,-0.04429799951248719,-4.200720710162495,0.05453762205148097,0.09083394877154936,1.0392077544666942,0.24293092000000002,0.04647854369491367,False,True,False,False,False,-0.34999882961319734,-0.3543248969543085,0.010768227339044145,"{""0.0000"": 2, ""0.1250"": 1, ""0.2500"": 1}"
c3_w2_tcop_cm1_states_L0.4_km0_7599_up0_2500_s31415,cm1,stageB,-0.35,-0.7599,0.25,,31415,25,1,1,False,PRE_PRIMARY_PHASE_IMBALANCE,0.43185199999999996,0.004951180802198474,5.192722688716442,-0.05278571801836332,-5.402068617608582,0.01765948197670346,0.03309337764277466,0.16579754136649236,0.24515160480000003,0.046922596859082726,True,True,False,False,False,-0.34999882961319734,-0.3559589074606587,0.010768227339044145,"{""0.0000"": 1, ""0.1250"": 2, ""0.2500"": 1}"
c3_w2_tcop_cm1_states_L0.4_km0_7599_up0_2500_s31415,cm1,stageB,-0.35,-0.7599,0.25,,31415,50,2,2,False,PRE_PRIMARY_PHASE_IMBALANCE,0.43520800000000004,0.005759220460827394,5.943529933343311,-0.05916818672436492,-6.1590543838626415,0.004876500947469745,0.034545469992250465,0.15808532895055843,0.24557596159999995,0.0472279232657969,True,True,False,False,False,-0.34999882961319734,-0.35701695378906956,0.010768227339044145,"{""0.0000"": 1, ""0.1250"": 1, ""0.2500"": 2}"
c3_w2_tcop_cm1_states_L0.4_km0_7599_up0_2500_s31415,cm1,stageB,-0.35,-0.7599,0.25,,31415,75,3,0,True,,0.428428,0.0055863838043638085,6.379513886940276,-0.06011962982857711,-6.533848314080092,0.012151121252363362,0.035136170061965254,0.16245436768265759,0.2446508464,0.048054644062775036,True,True,False,False,False,-0.34999882961319734,-0.3543248969543085,0.010768227339044145,"{""0.0000"": 2, ""0.1250"": 1, ""0.2500"": 1}"
c3_w2_tcop_cm1_states_L0.4_km0_7599_up0_2500_s31415,cm1,stageB,-0.35,-0.7599,0.25,,31415,100,4,1,True,,0.431816,0.006396254848106191,6.740087476272416,-0.052933615483157045,-5.379194673847402,0.019715923785641708,0.03301170659657139,0.16117976137711487,0.24514773759999997,0.04687069600507336,True,True,False,False,False,-0.34999882961319734,-0.3559589074606587,0.010768227339044145,"{""0.0000"": 1, ""0.1250"": 2, ""0.2500"": 1}"
c3_w2_tcop_cm1_states_L0.4_km0_7599_up0_2500_s31415,cm1,stageB,-0.35,-0.7599,0.25,,31415,125,5,2,True,,0.435004,0.007328945194033737,7.971199550219551,-0.04525987530286368,-4.9067176443046,0.01467774657973484,0.03534005848791576,0.1599985283813516,0.24553918879999997,0.04629686797181857,True,True,False,False,False,-0.34999882961319734,-0.35701695378906956,0.010768227339044145,"{""0.0000"": 1, ""0.1250"": 1, ""0.2500"": 2}"
c3_w2_tcop_cm1_states_L0.4_km0_7599_up0_2500_s31415,cm1,stageB,-0.35,-0.7599,0.25,,31415,150,6,0,True,,0.42843600000000004,0.006114252326147404,7.653820000537936,-0.045210188065639735,-4.994510873040423,0.003933396159329855,0.0369353797703359,0.1559159357385561,0.2446281808,0.04637147726782057,True,True,False,False,False,-0.34999882961319734,-0.3543248969543085,0.010768227339044145,"{""0.0000"": 2, ""0.1250"": 1, ""0.2500"": 1}"
c3_w2_tcop_cm1_states_L0.4_km0_7599_up0_2500_s31415,cm1,stageB,-0.35,-0.7599,0.25,,31415,175,7,1,True,,0.431816,0.005593620954621115,5.836354357702243,-0.049610001857849084,-4.614067785915756,0.021357898380025803,0.03330026613550559,0.1500639157649,0.2451441696,0.04775083396130376,True,True,False,False,False,-0.34999882961319734,-0.3559589074606587,0.010768227339044145,"{""0.0000"": 1, ""0.1250"": 2, ""0.2500"": 1}"
c3_w2_tcop_cm1_states_L0.4_km0_7599_up0_2500_s31415,cm1,stageB,-0.35,-0.7599,0.25,,31415,200,8,2,True,,0.434692,0.007201684726436711,7.186380154386816,-0.059033637386911794,-5.829351520188541,0.011214026146173239,0.03552413511257818,0.14907106606730489,0.24549640799999994,0.04678317150429201,True,True,False,False,False,-0.34999882961319734,-0.35701695378906956,0.010768227339044145,"{""0.0000"": 1, ""0.1250"": 1, ""0.2500"": 2}"
c3_w2_tcop_cm1_states_L0.4_km0_7599_up0_2500_s31415,cm1,stageB,-0.35,-0.7599,0.25,,31415,225,9,0,True,,0.428404,0.004982607781289017,5.188958094379528,-0.05800069278865909,-5.2316346415387605,0.015911246459541208,0.03623963539351017,0.15966237439505135,0.24463298079999998,0.04675609889629374,True,True,False,False,False,-0.34999882961319734,-0.3543248969543085,0.010768227339044145,"{""0.0000"": 2, ""0.1250"": 1, ""0.2500"": 1}"
c3_w2_tcop_cm1_states_L0.4_km0_7599_up0_2500_s31415,cm1,stageB,-0.35,-0.7599,0.25,,31415,250,10,1,True,,0.432148,0.004103979679952369,4.146022289043961,-0.04797235003966789,-5.217067157220905,0.02217295504699064,0.03292167024194203,0.15827910771708037,0.2451936976,0.04698069918594231,True,True,False,False,False,-0.34999882961319734,-0.3559589074606587,0.010768227339044145,"{""0.0000"": 1, ""0.1250"": 2, ""0.2500"": 1}"
c3_w2_tcop_cm1_states_L0.4_km0_7599_up0_2500_s31415,cm1,stageB,-0.35,-0.7599,0.25,,31415,275,11,2,True,,0.43522400000000006,0.004856882892017478,4.720608326158604,-0.04455960327235667,-4.533034167520289,0.015113177919101517,0.035203940686299166,0.1589985842715507,0.24556931840000001,0.04669293119948672,True,True,False,False,False,-0.34999882961319734,-0.35701695378906956,0.010768227339044145,"{""0.0000"": 1, ""0.1250"": 1, ""0.2500"": 2}"
c3_w2_tcop_cm1_states_L0.4_km0_7599_up0_2500_s31415,cm1,stageB,-0.35,-0.7599,0.25,,31415,300,12,0,False,EXITS_PRIMARY_BLOCK_SET,0.4299720000000001,0.002892962665418348,3.175845411856182,-0.04140609669114214,-3.9369789779739577,0.01812857455792271,0.034824353876734326,0.1609407120441779,0.2448718736,0.04707822443550734,True,True,False,False,False,-0.34999882961319734,-0.3543248969543085,0.010768227339044145,"{""0.0000"": 2, ""0.1250"": 1, ""0.2500"": 1}"
c3_w2_tcop_cm1_states_L0.4_km0_7599_up0_5000_s42,cm1,stageB,-0.35,-0.7599,0.5,,42,0,0,0,False,PRE_PRIMARY_PHASE_IMBALANCE,0.4360480000000001,0.00514374876456944,5.450230660763592,-0.05176476994859089,-4.926141799111557,0.05720199203809236,0.096444720661865,0.977873993280845,0.24414155839999999,0.04767537829949544,False,True,False,False,False,-0.34999882961319734,-0.3556814759792942,0.011962358125343409,"{""0.0000"": 2, ""0.2500"": 1, ""0.5000"": 1}"
c3_w2_tcop_cm1_states_L0.4_km0_7599_up0_5000_s42,cm1,stageB,-0.35,-0.7599,0.5,,42,25,1,1,False,PRE_PRIMARY_PHASE_IMBALANCE,0.44508799999999993,0.0068252989507974595,7.556374353263295,-0.048438501380590596,-5.094162357975415,0.03757008088658826,0.04732364650560435,0.22018117716006455,0.24654101439999998,0.0466753924032782,True,True,False,False,False,-0.34999882961319734,-0.35837353281405526,0.011962358125343409,"{""0.0000"": 1, ""0.2500"": 2, ""0.5000"": 1}"
c3_w2_tcop_cm1_states_L0.4_km0_7599_up0_5000_s42,cm1,stageB,-0.35,-0.7599,0.5,,42,50,2,2,False,PRE_PRIMARY_PHASE_IMBALANCE,0.452216,0.007860741494213626,8.230510797783422,-0.04215910898091001,-4.180457036362972,0.02875303003271158,0.054497634082474156,0.23086312684455393,0.247109328,0.046655860767967836,True,True,False,False,False,-0.34999882961319734,-0.3586720655106301,0.011962358125343409,"{""0.0000"": 1, ""0.2500"": 1, ""0.5000"": 2}"
c3_w2_tcop_cm1_states_L0.4_km0_7599_up0_5000_s42,cm1,stageB,-0.35,-0.7599,0.5,,42,75,3,0,True,,0.439992,0.006731488646866254,7.477634600345773,-0.04516463897411742,-4.586455028699853,0.015486193759549882,0.0583343831214548,0.23727704086147677,0.24574026240000002,0.047282131254840876,True,True,False,False,False,-0.34999882961319734,-0.3556814759792942,0.011962358125343409,"{""0.0000"": 2, ""0.2500"": 1, ""0.5000"": 1}"
c3_w2_tcop_cm1_states_L0.4_km0_7599_up0_5000_s42,cm1,stageB,-0.35,-0.7599,0.5,,42,100,4,1,True,,0.44602,0.008052865451513836,8.130818226103806,-0.040686531482522416,-4.207050000881248,0.044039200467208814,0.05127327160466892,0.23407022054152213,0.2465631728,0.04641163216263785,True,True,False,False,False,-0.34999882961319734,-0.35837353281405526,0.011962358125343409,"{""0.0000"": 1, ""0.2500"": 2, ""0.5000"": 1}"
c3_w2_tcop_cm1_states_L0.4_km0_7599_up0_5000_s42,cm1,stageB,-0.35,-0.7599,0.5,,42,125,5,2,True,,0.452236,0.007555779623680938,7.911123111225319,-0.040867239544487434,-3.8667232779588,0.016697908001167903,0.055454044698928895,0.23085291699278035,0.24708967839999998,0.04593735194806074,True,True,False,False,False,-0.34999882961319734,-0.3586720655106301,0.011962358125343409,"{""0.0000"": 1, ""0.2500"": 1, ""0.5000"": 2}"
c3_w2_tcop_cm1_states_L0.4_km0_7599_up0_5000_s42,cm1,stageB,-0.35,-0.7599,0.5,,42,150,6,0,True,,0.43932800000000005,0.006768549068721477,6.632824099032924,-0.040393114372634716,-3.723281762724938,0.022701665555195493,0.056109579610128746,0.2212469949075702,0.2457112608,0.04638047451244975,True,True,False,False,False,-0.34999882961319734,-0.3556814759792942,0.011962358125343409,"{""0.0000"": 2, ""0.2500"": 1, ""0.5000"": 1}"
c3_w2_tcop_cm1_states_L0.4_km0_7599_up0_5000_s42,cm1,stageB,-0.35,-0.7599,0.5,,42,175,7,1,True,,0.4455760000000001,0.007568615451930938,8.318747972129872,-0.036264313420382735,-3.272534750192202,0.041051917369574975,0.048701453085592955,0.21814460334904792,0.24656712959999996,0.04627686488948879,True,True,False,False,False,-0.34999882961319734,-0.35837353281405526,0.011962358125343409,"{""0.0000"": 1, ""0.2500"": 2, ""0.5000"": 1}"
c3_w2_tcop_cm1_states_L0.4_km0_7599_up0_5000_s42,cm1,stageB,-0.35,-0.7599,0.5,,42,200,8,2,True,,0.4515200000000001,0.008042322740562944,7.498445150224536,-0.03115057078715725,-3.0873338415992526,0.020485393639284828,0.053317283291122716,0.21527285565363025,0.2470701408,0.045946159796004714,True,True,False,False,False,-0.34999882961319734,-0.3586720655106301,0.011962358125343409,"{""0.0000"": 1, ""0.2500"": 1, ""0.5000"": 2}"
c3_w2_tcop_cm1_states_L0.4_km0_7599_up0_5000_s42,cm1,stageB,-0.35,-0.7599,0.5,,42,225,9,0,True,,0.439452,0.006745959536582198,7.479355533201288,-0.034497165547133196,-3.3450833195491385,0.024186902947541646,0.05511988828263621,0.21299254477623827,0.24574720799999997,0.046903088341813906,True,True,False,False,False,-0.34999882961319734,-0.3556814759792942,0.011962358125343409,"{""0.0000"": 2, ""0.2500"": 1, ""0.5000"": 1}"
c3_w2_tcop_cm1_states_L0.4_km0_7599_up0_5000_s42,cm1,stageB,-0.35,-0.7599,0.5,,42,250,10,1,True,,0.445392,0.005618567565315219,6.370044634490804,-0.050405750840983046,-5.193653714809288,0.03933899146790669,0.0479996933595203,0.20296727331661268,0.24656091840000002,0.046764584206426985,True,True,False,False,False,-0.34999882961319734,-0.35837353281405526,0.011962358125343409,"{""0.0000"": 1, ""0.2500"": 2, ""0.5000"": 1}"
c3_w2_tcop_cm1_states_L0.4_km0_7599_up0_5000_s42,cm1,stageB,-0.35,-0.7599,0.5,,42,275,11,2,True,,0.45180799999999993,0.0065107354301462824,7.007515331983866,-0.05568119568309015,-5.640087982266677,0.022313655638016884,0.053177642800646165,0.2000849914120933,0.2471002784,0.04572538830890341,True,True,False,False,False,-0.34999882961319734,-0.3586720655106301,0.011962358125343409,"{""0.0000"": 1, ""0.2500"": 1, ""0.5000"": 2}"
c3_w2_tcop_cm1_states_L0.4_km0_7599_up0_5000_s42,cm1,stageB,-0.35,-0.7599,0.5,,42,300,12,0,False,EXITS_PRIMARY_BLOCK_SET,0.439704,0.004266466579256509,4.862009844350181,-0.05002128464170206,-5.012818913529342,0.017472409282959917,0.056032325139300496,0.20468315001755016,0.24575737920000001,0.04648690551112217,True,True,False,False,False,-0.34999882961319734,-0.3556814759792942,0.011962358125343409,"{""0.0000"": 2, ""0.2500"": 1, ""0.5000"": 1}"
c3_w2_tcop_cm1_states_L0.4_km0_7599_up0_5000_s137,cm1,stageB,-0.35,-0.7599,0.5,,137,0,0,0,False,PRE_PRIMARY_PHASE_IMBALANCE,0.4365760000000001,0.006263649034025972,7.156751018956323,-0.04710664255924953,-5.09209877368776,0.051964809350264665,0.09622798721324946,0.9803562243908134,0.24421248639999996,0.04644002825149873,False,True,False,False,False,-0.34999882961319734,-0.3556814759792942,0.011962358125343409,"{""0.0000"": 2, ""0.2500"": 1, ""0.5000"": 1}"
c3_w2_tcop_cm1_states_L0.4_km0_7599_up0_5000_s137,cm1,stageB,-0.35,-0.7599,0.5,,137,25,1,1,False,PRE_PRIMARY_PHASE_IMBALANCE,0.44470400000000004,0.006701427753816611,7.048945538803344,-0.05188220731328428,-5.528602915413494,0.040609947065877894,0.048337392363598346,0.21767287854916328,0.2464802816,0.04605336452421256,True,True,False,False,False,-0.34999882961319734,-0.35837353281405526,0.011962358125343409,"{""0.0000"": 1, ""0.2500"": 2, ""0.5000"": 1}"
c3_w2_tcop_cm1_states_L0.4_km0_7599_up0_5000_s137,cm1,stageB,-0.35,-0.7599,0.5,,137,50,2,2,False,PRE_PRIMARY_PHASE_IMBALANCE,0.45123199999999997,0.008218383801096255,8.258584234800319,-0.05318216877514418,-4.8938544242940765,0.020356975018394556,0.05349659138419497,0.22338841167428639,0.24703897279999995,0.0455201293495526,True,True,False,False,False,-0.34999882961319734,-0.3586720655106301,0.011962358125343409,"{""0.0000"": 1, ""0.2500"": 1, ""0.5000"": 2}"
c3_w2_tcop_cm1_states_L0.4_km0_7599_up0_5000_s137,cm1,stageB,-0.35,-0.7599,0.5,,137,75,3,0,True,,0.43878799999999996,0.007072958057458904,7.065292726908334,-0.05068175938576662,-4.6047910678056985,0.0162523886684708,0.05589160205554051,0.23883971248338673,0.2456516368,0.046187563867344204,True,True,False,False,False,-0.34999882961319734,-0.3556814759792942,0.011962358125343409,"{""0.0000"": 2, ""0.2500"": 1, ""0.5000"": 1}"
c3_w2_tcop_cm1_states_L0.4_km0_7599_up0_5000_s137,cm1,stageB,-0.35,-0.7599,0.5,,137,100,4,1,True,,0.4448120000000001,0.007514888988091082,8.271330291063897,-0.04545350121409114,-4.654745675916203,0.03935844957355644,0.049447725220629075,0.23560515400752413,0.2464705072,0.04527344316484003,True,True,False,False,False,-0.34999882961319734,-0.35837353281405526,0.011962358125343409,"{""0.0000"": 1, ""0.2500"": 2, ""0.5000"": 1}"
c3_w2_tcop_cm1_states_L0.4_km0_7599_up0_5000_s137,cm1,stageB,-0.35,-0.7599,0.5,,137,125,5,2,True,,0.45122,0.007646430736529261,8.909580774496838,-0.035138218222402914,-3.1621889202385085,0.02110489844006189,0.05290816772573817,0.2322592078536873,0.24705058079999995,0.0444827112483041,True,True,False,False,False,-0.34999882961319734,-0.3586720655106301,0.011962358125343409,"{""0.0000"": 1, ""0.2500"": 1, ""0.5000"": 2}"
c3_w2_tcop_cm1_states_L0.4_km0_7599_up0_5000_s137,cm1,stageB,-0.35,-0.7599,0.5,,137,150,6,0,True,,0.438772,0.0064952742745343316,7.573853957435123,-0.037633091625031145,-3.8516130374384847,0.022694875162689657,0.055235954076690914,0.2078528251395877,0.24566374879999997,0.04603359660074368,True,True,False,False,False,-0.34999882961319734,-0.3556814759792942,0.011962358125343409,"{""0.0000"": 2, ""0.2500"": 1, ""0.5000"": 1}"
c3_w2_tcop_cm1_states_L0.4_km0_7599_up0_5000_s137,cm1,stageB,-0.35,-0.7599,0.5,,137,175,7,1,True,,0.445184,0.006515384727737864,6.585976057308253,-0.042368922385406155,-4.646796807024589,0.03866293751226093,0.04759581806046319,0.20396060908756689,0.2465462368,0.04708551947255123,True,True,False,False,False,-0.34999882961319734,-0.35837353281405526,0.011962358125343409,"{""0.0000"": 1, ""0.2500"": 2, ""0.5000"": 1}"
c3_w2_tcop_cm1_states_L0.4_km0_7599_up0_5000_s137,cm1,stageB,-0.35,-0.7599,0.5,,137,200,8,2,True,,0.45145199999999996,0.007596947386756595,7.715011569021377,-0.036083388756337764,-3.5453522493563723,0.021887306036795378,0.05252142513202901,0.20733101147556995,0.24708088479999998,0.04561153029662566,True,True,False,False,False,-0.34999882961319734,-0.3586720655106301,0.011962358125343409,"{""0.0000"": 1, ""0.2500"": 1, ""0.5000"": 2}"
c3_w2_tcop_cm1_states_L0.4_km0_7599_up0_5000_s137,cm1,stageB,-0.35,-0.7599,0.5,,137,225,9,0,True,,0.439208,0.006124339261182364,6.81501553037188,-0.03719205489103554,-3.6809574966625442,0.020812631114638727,0.0549536426798609,0.21311087181219182,0.24572178239999995,0.04630262126489169,True,True,False,False,False,-0.34999882961319734,-0.3556814759792942,0.011962358125343409,"{""0.0000"": 2, ""0.2500"": 1, ""0.5000"": 1}"
c3_w2_tcop_cm1_states_L0.4_km0_7599_up0_5000_s137,cm1,stageB,-0.35,-0.7599,0.5,,137,250,10,1,True,,0.444876,0.005715216976019557,5.887297731512903,-0.06049603794934918,-6.032761238399757,0.044728665574808535,0.04788434665243954,0.20320268973106514,0.246507544,0.04635541633940957,True,True,False,False,False,-0.34999882961319734,-0.35837353281405526,0.011962358125343409,"{""0.0000"": 1, ""0.2500"": 2, ""0.5000"": 1}"
c3_w2_tcop_cm1_states_L0.4_km0_7599_up0_5000_s137,cm1,stageB,-0.35,-0.7599,0.5,,137,275,11,2,True,,0.451432,0.007672560982568545,8.235994200823981,-0.06467920275566647,-6.837153943966921,0.023322256326449502,0.05430775701930234,0.2215173044411622,0.24704010240000002,0.04628638434788356,True,True,False,False,False,-0.34999882961319734,-0.3586720655106301,0.011962358125343409,"{""0.0000"": 1, ""0.2500"": 1, ""0.5000"": 2}"
c3_w2_tcop_cm1_states_L0.4_km0_7599_up0_5000_s137,cm1,stageB,-0.35,-0.7599,0.5,,137,300,12,0,False,EXITS_PRIMARY_BLOCK_SET,0.43880800000000003,0.00513289058386498,5.895326846092134,-0.052942088274075844,-5.731823724726186,0.018251993796464718,0.05731243214724439,0.23335946419992473,0.24562305920000005,0.04646481610853529,True,True,False,False,False,-0.34999882961319734,-0.3556814759792942,0.011962358125343409,"{""0.0000"": 2, ""0.2500"": 1, ""0.5000"": 1}"
c3_w2_tcop_cm1_states_L0.4_km0_7599_up0_5000_s256,cm1,stageB,-0.35,-0.7599,0.5,,256,0,0,0,False,PRE_PRIMARY_PHASE_IMBALANCE,0.437928,0.006682335391538123,7.178383214792862,-0.03860612358490629,-3.870176000265717,0.05995996089453419,0.09852477792117353,1.0102117219949132,0.24428542400000006,0.04489216876026375,False,True,False,False,False,-0.34999882961319734,-0.3556814759792942,0.011962358125343409,"{""0.0000"": 2, ""0.2500"": 1, ""0.5000"": 1}"
c3_w2_tcop_cm1_states_L0.4_km0_7599_up0_5000_s256,cm1,stageB,-0.35,-0.7599,0.5,,256,25,1,1,False,PRE_PRIMARY_PHASE_IMBALANCE,0.44650399999999996,0.0070975975775766755,7.042262870392718,-0.030321044476382796,-2.786501204712961,0.047980717552933885,0.04822422685008145,0.20873273205003154,0.24667453759999997,0.04433619270979411,True,True,False,False,False,-0.34999882961319734,-0.35837353281405526,0.011962358125343409,"{""0.0000"": 1, ""0.2500"": 2, ""0.5000"": 1}"
c3_w2_tcop_cm1_states_L0.4_km0_7599_up0_5000_s256,cm1,stageB,-0.35,-0.7599,0.5,,256,50,2,2,False,PRE_PRIMARY_PHASE_IMBALANCE,0.45218400000000003,0.009215615267656912,9.560347461267819,-0.02950617215536057,-3.0684308721150604,0.0065661255221873245,0.05243383087630701,0.2061107863035605,0.24715147839999996,0.044179069071224215,True,True,False,False,False,-0.34999882961319734,-0.3586720655106301,0.011962358125343409,"{""0.0000"": 1, ""0.2500"": 1, ""0.5000"": 2}"
c3_w2_tcop_cm1_states_L0.4_km0_7599_up0_5000_s256,cm1,stageB,-0.35,-0.7599,0.5,,256,75,3,0,True,,0.4387559999999999,0.006768962993822481,7.314981742947764,-0.045423138095016954,-4.766981364551185,0.00837706502105431,0.054762656056726124,0.2388571318936787,0.24567185439999994,0.04607225264733644,True,True,False,False,False,-0.34999882961319734,-0.3556814759792942,0.011962358125343409,"{""0.0000"": 2, ""0.2500"": 1, ""0.5000"": 1}"
c3_w2_tcop_cm1_states_L0.4_km0_7599_up0_5000_s256,cm1,stageB,-0.35,-0.7599,0.5,,256,100,4,1,True,,0.44491600000000014,0.007169472263704977,6.52064144435609,-0.05068020171866709,-5.365626907251311,0.03899211262910351,0.04957329082046242,0.2355500808342471,0.246479288,0.0463201138167859,True,True,False,False,False,-0.34999882961319734,-0.35837353281405526,0.011962358125343409,"{""0.0000"": 1, ""0.2500"": 2, ""0.5000"": 1}"
c3_w2_tcop_cm1_states_L0.4_km0_7599_up0_5000_s256,cm1,stageB,-0.35,-0.7599,0.5,,256,125,5,2,True,,0.451652,0.007871572470988481,8.799155510167315,-0.055133755232914076,-5.297580576454307,0.02892551432898986,0.05457808238488649,0.2462072563694897,0.2470548336,0.04603076032393991,True,True,False,False,False,-0.34999882961319734,-0.3586720655106301,0.011962358125343409,"{""0.0000"": 1, ""0.2500"": 1, ""0.5000"": 2}"
c3_w2_tcop_cm1_states_L0.4_km0_7599_up0_5000_s256,cm1,stageB,-0.35,-0.7599,0.5,,256,150,6,0,True,,0.43978,0.004960048411728329,5.629909768364105,-0.05263510769710826,-5.252062381209595,0.024195061226544485,0.057120826480376544,0.2528536990021063,0.2457425072,0.04698331193093991,False,True,False,False,False,-0.34999882961319734,-0.3556814759792942,0.011962358125343409,"{""0.0000"": 2, ""0.2500"": 1, ""0.5000"": 1}"
c3_w2_tcop_cm1_states_L0.4_km0_7599_up0_5000_s256,cm1,stageB,-0.35,-0.7599,0.5,,256,175,7,1,True,,0.44602800000000004,0.005886432310353812,6.094220006506761,-0.05359256739711618,-5.394681324586679,0.052314951843885175,0.048297783169067666,0.21971714730977174,0.24662295839999998,0.04641490295153056,True,True,False,False,False,-0.34999882961319734,-0.35837353281405526,0.011962358125343409,"{""0.0000"": 1, ""0.2500"": 2, ""0.5000"": 1}"
c3_w2_tcop_cm1_states_L0.4_km0_7599_up0_5000_s256,cm1,stageB,-0.35,-0.7599,0.5,,256,200,8,2,True,,0.4522159999999999,0.006183805556783914,6.285893127308203,-0.04777977490548595,-4.783943228668624,0.018479389603834603,0.053393483602276054,0.2167105979958459,0.24713368959999996,0.04591088480959608,True,True,False,False,False,-0.34999882961319734,-0.3586720655106301,0.011962358125343409,"{""0.0000"": 1, ""0.2500"": 1, ""0.5000"": 2}"
c3_w2_tcop_cm1_states_L0.4_km0_7599_up0_5000_s256,cm1,stageB,-0.35,-0.7599,0.5,,256,225,9,0,True,,0.43918,0.00392512873607893,4.560877237564327,-0.04865689459064271,-4.913657698864178,0.015210410300083096,0.056242688424893515,0.21858918844530892,0.2456908048,0.04669055150670208,True,True,False,False,False,-0.34999882961319734,-0.3556814759792942,0.011962358125343409,"{""0.0000"": 2, ""0.2500"": 1, ""0.5000"": 1}"
c3_w2_tcop_cm1_states_L0.4_km0_7599_up0_5000_s256,cm1,stageB,-0.35,-0.7599,0.5,,256,250,10,1,True,,0.444696,0.006883232557130433,7.294264484543496,-0.05509714403583298,-5.305157534183405,0.04820493911832016,0.04983627935548411,0.21587781267230233,0.2464503136,0.04592632778701124,True,True,False,False,False,-0.34999882961319734,-0.35837353281405526,0.011962358125343409,"{""0.0000"": 1, ""0.2500"": 2, ""0.5000"": 1}"
c3_w2_tcop_cm1_states_L0.4_km0_7599_up0_5000_s256,cm1,stageB,-0.35,-0.7599,0.5,,256,275,11,2,True,,0.451276,0.007718122210957813,8.233115286868543,-0.04003852910889782,-3.896632211897034,0.016013265992985647,0.05476835296057495,0.21982112893257977,0.2470151088,0.0459366065790672,True,True,False,False,False,-0.34999882961319734,-0.3586720655106301,0.011962358125343409,"{""0.0000"": 1, ""0.2500"": 1, ""0.5000"": 2}"
c3_w2_tcop_cm1_states_L0.4_km0_7599_up0_5000_s256,cm1,stageB,-0.35,-0.7599,0.5,,256,300,12,0,False,EXITS_PRIMARY_BLOCK_SET,0.43833600000000006,0.006726865885826029,6.848576843239367,-0.041233204155473574,-3.8191095925400167,0.022841749738287023,0.055616827433474916,0.22631040976257844,0.2456032224,0.04654493639484321,True,True,False,False,False,-0.34999882961319734,-0.3556814759792942,0.011962358125343409,"{""0.0000"": 2, ""0.2500"": 1, ""0.5000"": 1}"
c3_w2_tcop_cm1_states_L0.4_km0_7599_up0_5000_s1024,cm1,stageB,-0.35,-0.7599,0.5,,1024,0,0,0,False,PRE_PRIMARY_PHASE_IMBALANCE,0.436828,0.006774536680617334,6.959483955255327,-0.037451648563072266,-3.9735316459656884,0.05169141624188775,0.09737940091088272,1.004514360332867,0.24419981280000003,0.04584123052449618,False,True,False,False,False,-0.34999882961319734,-0.3556814759792942,0.011962358125343409,"{""0.0000"": 2, ""0.2500"": 1, ""0.5000"": 1}"
c3_w2_tcop_cm1_states_L0.4_km0_7599_up0_5000_s1024,cm1,stageB,-0.35,-0.7599,0.5,,1024,25,1,1,False,PRE_PRIMARY_PHASE_IMBALANCE,0.44553600000000004,0.008050212412063334,8.521450202790334,-0.036060203883172416,-3.535388172270923,0.040028781930784255,0.04711614544545342,0.2100840331419144,0.2465930112,0.045726061540438845,True,True,False,False,False,-0.34999882961319734,-0.35837353281405526,0.011962358125343409,"{""0.0000"": 1, ""0.2500"": 2, ""0.5000"": 1}"
c3_w2_tcop_cm1_states_L0.4_km0_7599_up0_5000_s1024,cm1,stageB,-0.35,-0.7599,0.5,,1024,50,2,2,False,PRE_PRIMARY_PHASE_IMBALANCE,0.451888,0.007972821762134298,8.317912990174461,-0.03780878728874385,-4.134401320212404,0.0237757018811385,0.05233400051114323,0.22306412158972105,0.24712595520000005,0.04560477448688898,True,True,False,False,False,-0.34999882961319734,-0.3586720655106301,0.011962358125343409,"{""0.0000"": 1, ""0.2500"": 1, ""0.5000"": 2}"
c3_w2_tcop_cm1_states_L0.4_km0_7599_up0_5000_s1024,cm1,stageB,-0.35,-0.7599,0.5,,1024,75,3,0,True,,0.44029199999999996,0.005495611193864503,5.85790424242605,-0.04676243888102094,-4.391076786585555,0.029417784588651054,0.05408821319471261,0.2289389763408398,0.2458678192,0.04582439018688629,True,True,False,False,False,-0.34999882961319734,-0.3556814759792942,0.011962358125343409,"{""0.0000"": 2, ""0.2500"": 1, ""0.5000"": 1}"
c3_w2_tcop_cm1_states_L0.4_km0_7599_up0_5000_s1024,cm1,stageB,-0.35,-0.7599,0.5,,1024,100,4,1,True,,0.44629599999999997,0.0058253837402320015,6.19124292470609,-0.05372711457588845,-5.469041968181506,0.04504295401254283,0.045455031963095346,0.22585907060368215,0.24670434239999994,0.04606126772028751,True,True,False,False,False,-0.34999882961319734,-0.35837353281405526,0.011962358125343409,"{""0.0000"": 1, ""0.2500"": 2, ""0.5000"": 1}"
c3_w2_tcop_cm1_states_L0.4_km0_7599_up0_5000_s1024,cm1,stageB,-0.35,-0.7599,0.5,,1024,125,5,2,True,,0.45179600000000003,0.006568949061167232,6.246579769196924,-0.045733746798653704,-4.689131551869755,0.007979088978366538,0.051085615846516566,0.23284845321151926,0.24714367520000002,0.04552289955615745,True,True,False,False,False,-0.34999882961319734,-0.3586720655106301,0.011962358125343409,"{""0.0000"": 1, ""0.2500"": 1, ""0.5000"": 2}"
c3_w2_tcop_cm1_states_L0.4_km0_7599_up0_5000_s1024,cm1,stageB,-0.35,-0.7599,0.5,,1024,150,6,0,True,,0.43904399999999993,0.004934111911367772,5.188000652450411,-0.03836864557967063,-3.748473377370991,0.006474531604922363,0.05344402963016547,0.23961151902859054,0.24573379359999994,0.046949398973788796,True,True,False,False,False,-0.34999882961319734,-0.3556814759792942,0.011962358125343409,"{""0.0000"": 2, ""0.2500"": 1, ""0.5000"": 1}"
c3_w2_tcop_cm1_states_L0.4_km0_7599_up0_5000_s1024,cm1,stageB,-0.35,-0.7599,0.5,,1024,175,7,1,True,,0.44435600000000003,0.006334080502329718,6.2271080002972665,-0.045397966341988887,-4.469386679724762,0.038477323867572195,0.048287188714049724,0.22234424600468033,0.24644335520000002,0.04606284038137466,True,True,False,False,False,-0.34999882961319734,-0.35837353281405526,0.011962358125343409,"{""0.0000"": 1, ""0.2500"": 2, ""0.5000"": 1}"
c3_w2_tcop_cm1_states_L0.4_km0_7599_up0_5000_s1024,cm1,stageB,-0.35,-0.7599,0.5,,1024,200,8,2,True,,0.451164,0.007467031501918794,7.488547292804675,-0.04075704288288748,-4.399204152386043,0.02865887561206087,0.05442961635901686,0.2260818677330596,0.24701201439999998,0.04642289417948864,True,True,False,False,False,-0.34999882961319734,-0.3586720655106301,0.011962358125343409,"{""0.0000"": 1, ""0.2500"": 1, ""0.5000"": 2}"
c3_w2_tcop_cm1_states_L0.4_km0_7599_up0_5000_s1024,cm1,stageB,-0.35,-0.7599,0.5,,1024,225,9,0,True,,0.43908400000000003,0.0061531775656605,6.5755996365169,-0.04466898543996169,-4.311932577291754,0.02032488638374059,0.057336117274771725,0.2332127788003826,0.24565544159999994,0.047236436614122364,True,True,False,False,False,-0.34999882961319734,-0.3556814759792942,0.011962358125343409,"{""0.0000"": 2, ""0.2500"": 1, ""0.5000"": 1}"
c3_w2_tcop_cm1_states_L0.4_km0_7599_up0_5000_s1024,cm1,stageB,-0.35,-0.7599,0.5,,1024,250,10,1,True,,0.4461,0.007191030377301821,8.118917179242976,-0.04792185387658121,-4.9366850681359695,0.03770921804642847,0.04973341552382756,0.22954494456501914,0.246602568,0.04687120651316755,True,True,False,False,False,-0.34999882961319734,-0.35837353281405526,0.011962358125343409,"{""0.0000"": 1, ""0.2500"": 2, ""0.5000"": 1}"
c3_w2_tcop_cm1_states_L0.4_km0_7599_up0_5000_s1024,cm1,stageB,-0.35,-0.7599,0.5,,1024,275,11,2,True,,0.4528400000000001,0.007602435516024211,8.242081644207977,-0.043525030322545614,-4.4377767172575195,0.025378387972672486,0.055459541252121165,0.22789506177039337,0.24714520640000004,0.04638463538716242,True,True,False,False,False,-0.34999882961319734,-0.3586720655106301,0.011962358125343409,"{""0.0000"": 1, ""0.2500"": 1, ""0.5000"": 2}"
c3_w2_tcop_cm1_states_L0.4_km0_7599_up0_5000_s1024,cm1,stageB,-0.35,-0.7599,0.5,,1024,300,12,0,False,EXITS_PRIMARY_BLOCK_SET,0.440092,0.006109134809219837,6.664453435205107,-0.04195326431405259,-4.036540868817116,0.021702905542045667,0.05795208573088399,0.2344964229422566,0.24576056480000003,0.0471503079099172,True,True,False,False,False,-0.34999882961319734,-0.3556814759792942,0.011962358125343409,"{""0.0000"": 2, ""0.2500"": 1, ""0.5000"": 1}"
c3_w2_tcop_cm1_states_L0.4_km0_7599_up0_5000_s31415,cm1,stageB,-0.35,-0.7599,0.5,,31415,0,0,0,False,PRE_PRIMARY_PHASE_IMBALANCE,0.434828,0.004399827334961792,4.491469984273312,-0.04180717242490217,-4.166092097892842,0.06460414026767546,0.1004173883240991,1.016493875701441,0.24384604,0.0458843155773299,False,True,False,False,False,-0.34999882961319734,-0.3556814759792942,0.011962358125343409,"{""0.0000"": 2, ""0.2500"": 1, ""0.5000"": 1}"
c3_w2_tcop_cm1_states_L0.4_km0_7599_up0_5000_s31415,cm1,stageB,-0.35,-0.7599,0.5,,31415,25,1,1,False,PRE_PRIMARY_PHASE_IMBALANCE,0.4447560000000001,0.00624852219292666,6.538391299783873,-0.04802452841905243,-4.911682624085312,0.03581449791677426,0.0484181495280823,0.212251211423227,0.24648437599999998,0.04572067873511941,True,True,False,False,False,-0.34999882961319734,-0.35837353281405526,0.011962358125343409,"{""0.0000"": 1, ""0.2500"": 2, ""0.5000"": 1}"
c3_w2_tcop_cm1_states_L0.4_km0_7599_up0_5000_s31415,cm1,stageB,-0.35,-0.7599,0.5,,31415,50,2,2,False,PRE_PRIMARY_PHASE_IMBALANCE,0.4514000000000001,0.007317759115365222,7.52454118885116,-0.05139998075627826,-5.286367778404168,0.01821821522379031,0.053519367063447905,0.2091271594835463,0.2470544,0.04559166590507524,True,True,False,False,False,-0.34999882961319734,-0.3586720655106301,0.011962358125343409,"{""0.0000"": 1, ""0.2500"": 1, ""0.5000"": 2}"
c3_w2_tcop_cm1_states_L0.4_km0_7599_up0_5000_s31415,cm1,stageB,-0.35,-0.7599,0.5,,31415,75,3,0,True,,0.4387479999999999,0.006247123507274882,6.922585061694985,-0.052600838004731025,-5.635454864481779,0.021247486502446625,0.056538537990226415,0.2370381170124123,0.24563284640000002,0.04699438792026129,True,True,False,False,False,-0.34999882961319734,-0.3556814759792942,0.011962358125343409,"{""0.0000"": 2, ""0.2500"": 1, ""0.5000"": 1}"
c3_w2_tcop_cm1_states_L0.4_km0_7599_up0_5000_s31415,cm1,stageB,-0.35,-0.7599,0.5,,31415,100,4,1,True,,0.445124,0.007364803722695165,7.660473330751798,-0.04779006600229001,-4.941539695518982,0.04289516926528686,0.049582449056564074,0.23364275969473047,0.24650152480000007,0.04566250785929306,True,True,False,False,False,-0.34999882961319734,-0.35837353281405526,0.011962358125343409,"{""0.0000"": 1, ""0.2500"": 2, ""0.5000"": 1}"
c3_w2_tcop_cm1_states_L0.4_km0_7599_up0_5000_s31415,cm1,stageB,-0.35,-0.7599,0.5,,31415,125,5,2,True,,0.451196,0.008872896145216011,10.045346741650473,-0.04509441679010329,-4.867651350194874,0.021394350311474783,0.054744881774243845,0.2304984968162428,0.24700804640000001,0.04516336550789811,True,True,False,False,False,-0.34999882961319734,-0.3586720655106301,0.011962358125343409,"{""0.0000"": 1, ""0.2500"": 1, ""0.5000"": 2}"
c3_w2_tcop_cm1_states_L0.4_km0_7599_up0_5000_s31415,cm1,stageB,-0.35,-0.7599,0.5,,31415,150,6,0,True,,0.43832,0.007270254805253135,8.845244085275008,-0.04586052196068989,-4.762342708293164,0.012998927167315915,0.05741164809809412,0.23726957419860012,0.24556231680000004,0.045824639660339936,True,True,False,False,False,-0.34999882961319734,-0.3556814759792942,0.011962358125343409,"{""0.0000"": 2, ""0.2500"": 1, ""0.5000"": 1}"
c3_w2_tcop_cm1_states_L0.4_km0_7599_up0_5000_s31415,cm1,stageB,-0.35,-0.7599,0.5,,31415,175,7,1,True,,0.44456399999999996,0.006911920143432233,7.328571138873116,-0.05013512006407285,-4.676754860731541,0.04175060517688731,0.04903410055923717,0.21954094299236787,0.24645166239999994,0.04677274744977036,True,True,False,False,False,-0.34999882961319734,-0.35837353281405526,0.011962358125343409,"{""0.0000"": 1, ""0.2500"": 2, ""0.5000"": 1}"
c3_w2_tcop_cm1_states_L0.4_km0_7599_up0_5000_s31415,cm1,stageB,-0.35,-0.7599,0.5,,31415,200,8,2,True,,0.45053599999999994,0.008849540848846298,8.594638821187916,-0.06048505199009063,-5.948761927861787,0.02044169822534795,0.05433473215369036,0.21663085698672052,0.24695405439999996,0.045217172667029945,True,True,False,False,False,-0.34999882961319734,-0.3586720655106301,0.011962358125343409,"{""0.0000"": 1, ""0.2500"": 1, ""0.5000"": 2}"
c3_w2_tcop_cm1_states_L0.4_km0_7599_up0_5000_s31415,cm1,stageB,-0.35,-0.7599,0.5,,31415,225,9,0,True,,0.438132,0.005839312098143163,6.021365626618032,-0.058056217472769414,-5.338275036234909,0.025673187073323556,0.05645016031791798,0.21911204792365752,0.24556064800000005,0.04551297151362456,True,True,False,False,False,-0.34999882961319734,-0.3556814759792942,0.011962358125343409,"{""0.0000"": 2, ""0.2500"": 1, ""0.5000"": 1}"
c3_w2_tcop_cm1_states_L0.4_km0_7599_up0_5000_s31415,cm1,stageB,-0.35,-0.7599,0.5,,31415,250,10,1,True,,0.44502400000000003,0.005017399386640631,4.917114469747636,-0.047755625302594126,-5.291663202240603,0.039449188232790096,0.048633040018829406,0.21571870232679868,0.24650922559999994,0.04570994885142621,True,True,False,False,False,-0.34999882961319734,-0.35837353281405526,0.011962358125343409,"{""0.0000"": 1, ""0.2500"": 2, ""0.5000"": 1}"
c3_w2_tcop_cm1_states_L0.4_km0_7599_up0_5000_s31415,cm1,stageB,-0.35,-0.7599,0.5,,31415,275,11,2,True,,0.451172,0.006053520860370591,5.540016332702678,-0.04434998444504146,-4.297948837881308,0.024500246819478762,0.05425828848713918,0.212779161355804,0.24701656479999998,0.0450362788871372,True,True,False,False,False,-0.34999882961319734,-0.3586720655106301,0.011962358125343409,"{""0.0000"": 1, ""0.2500"": 1, ""0.5000"": 2}"
c3_w2_tcop_cm1_states_L0.4_km0_7599_up0_5000_s31415,cm1,stageB,-0.35,-0.7599,0.5,,31415,300,12,0,False,EXITS_PRIMARY_BLOCK_SET,0.4398280000000001,0.003478182410644462,3.7766282542426985,-0.0448909697505585,-4.46917286395385,0.027279026757509036,0.05477589886159189,0.21826714029514446,0.24579890719999997,0.04633541211643639,True,True,False,False,False,-0.34999882961319734,-0.3556814759792942,0.011962358125343409,"{""0.0000"": 2, ""0.2500"": 1, ""0.5000"": 1}"
