run_id,mode,stage,c_label,kappa,tier,u_const,seed,block_idx,u_t,schedule_phase,block_in_primary_set,primary_exclusion_reason,block_rho,raw_Psi_meanI_state,raw_Psi_persistence_I,analytic_realized_delta_p_driven,mean_p_become,mean_slope,q05_slope,tail_mass,p_min,p_max,prop_I_full_surface,prop_I_masked_diagnostic
c3_w2_tcop_cm0_states_L0.4_kp0_0000_ucp0_0498_s42,cm0,stageC,0.0,0.0,0.1,0.04977134874876729,42,0,0.04977134874876729,0,False,PRE_PRIMARY_INCOMPLETE_CYCLE,0.393472,0.0006831663319899816,0.007915718592086153,0.0,0.41200238360480473,0.242256419508764,0.24225641950876406,0.0,0.4120023836048047,0.4120023836048047,0.0,0.0
c3_w2_tcop_cm0_states_L0.4_kp0_0000_ucp0_0498_s42,cm0,stageC,0.0,0.0,0.1,0.04977134874876729,42,1,0.04977134874876729,1,False,PRE_PRIMARY_INCOMPLETE_CYCLE,0.40649599999999997,-0.0028972805029363713,-0.014721511888310983,0.0,0.41200238360480473,0.242256419508764,0.24225641950876406,0.0,0.4120023836048047,0.4120023836048047,0.0,0.0
c3_w2_tcop_cm0_states_L0.4_kp0_0000_ucp0_0498_s42,cm0,stageC,0.0,0.0,0.1,0.04977134874876729,42,2,0.04977134874876729,2,False,PRE_PRIMARY_INCOMPLETE_CYCLE,0.40519999999999995,-0.0003619555743183889,-0.00038858216084062733,0.0,0.41200238360480473,0.242256419508764,0.24225641950876406,0.0,0.4120023836048047,0.4120023836048047,0.0,0.0
c3_w2_tcop_cm0_states_L0.4_kp0_0000_ucp0_0498_s42,cm0,stageC,0.0,0.0,0.1,0.04977134874876729,42,3,0.04977134874876729,0,True,,0.40808,-0.0006005224262279611,-0.017529307711494406,0.0,0.41200238360480473,0.242256419508764,0.24225641950876406,0.0,0.4120023836048047,0.4120023836048047,0.0,0.0
c3_w2_tcop_cm0_states_L0.4_kp0_0000_ucp0_0498_s42,cm0,stageC,0.0,0.0,0.1,0.04977134874876729,42,4,0.04977134874876729,1,True,,0.407136,0.0027415781822705204,-0.0024935432896637743,0.0,0.41200238360480473,0.242256419508764,0.24225641950876406,0.0,0.4120023836048047,0.4120023836048047,0.0,0.0
c3_w2_tcop_cm0_states_L0.4_kp0_0000_ucp0_0498_s42,cm0,stageC,0.0,0.0,0.1,0.04977134874876729,42,5,0.04977134874876729,2,True,,0.41001599999999994,-0.0003825212278987276,-0.006241908497175187,0.0,0.41200238360480473,0.242256419508764,0.24225641950876406,0.0,0.4120023836048047,0.4120023836048047,0.0,0.0
c3_w2_tcop_cm0_states_L0.4_kp0_0000_ucp0_0498_s42,cm0,stageC,0.0,0.0,0.1,0.04977134874876729,42,6,0.04977134874876729,0,True,,0.405088,-5.959181345636433e-05,-0.004218346109284896,0.0,0.41200238360480473,0.242256419508764,0.24225641950876406,0.0,0.4120023836048047,0.4120023836048047,0.0,0.0
c3_w2_tcop_cm0_states_L0.4_kp0_0000_ucp0_0498_s42,cm0,stageC,0.0,0.0,0.1,0.04977134874876729,42,7,0.04977134874876729,1,True,,0.40726399999999996,0.000372955773449512,-0.0030741131410770748,0.0,0.41200238360480473,0.242256419508764,0.24225641950876406,0.0,0.4120023836048047,0.4120023836048047,0.0,0.0
c3_w2_tcop_cm0_states_L0.4_kp0_0000_ucp0_0498_s42,cm0,stageC,0.0,0.0,0.1,0.04977134874876729,42,8,0.04977134874876729,2,True,,0.405216,-0.0005758975155214021,0.008500263623464083,0.0,0.41200238360480473,0.242256419508764,0.24225641950876406,0.0,0.4120023836048047,0.4120023836048047,0.0,0.0
c3_w2_tcop_cm0_states_L0.4_kp0_0000_ucp0_0498_s42,cm0,stageC,0.0,0.0,0.1,0.04977134874876729,42,9,0.04977134874876729,0,True,,0.408416,0.0005380323679683476,0.017253009401619772,0.0,0.41200238360480473,0.242256419508764,0.24225641950876406,0.0,0.4120023836048047,0.4120023836048047,0.0,0.0
c3_w2_tcop_cm0_states_L0.4_kp0_0000_ucp0_0498_s42,cm0,stageC,0.0,0.0,0.1,0.04977134874876729,42,10,0.04977134874876729,1,True,,0.40667200000000003,0.0010248615056429274,-0.001633942911846704,0.0,0.41200238360480473,0.242256419508764,0.24225641950876406,0.0,0.4120023836048047,0.4120023836048047,0.0,0.0
c3_w2_tcop_cm0_states_L0.4_kp0_0000_ucp0_0498_s42,cm0,stageC,0.0,0.0,0.1,0.04977134874876729,42,11,0.04977134874876729,2,True,,0.404288,6.95215740568815e-05,-0.015075850248623224,0.0,0.41200238360480473,0.242256419508764,0.24225641950876406,0.0,0.4120023836048047,0.4120023836048047,0.0,0.0
c3_w2_tcop_cm0_states_L0.4_kp0_0000_ucp0_0498_s42,cm0,stageC,0.0,0.0,0.1,0.04977134874876729,42,12,0.04977134874876729,0,True,,0.41006400000000004,0.00034287237701863607,0.0034387205744721414,0.0,0.41200238360480473,0.242256419508764,0.24225641950876406,0.0,0.4120023836048047,0.4120023836048047,0.0,0.0
c3_w2_tcop_cm0_states_L0.4_kp0_0000_ucp0_0498_s42,cm0,stageC,0.0,0.0,0.1,0.04977134874876729,42,13,0.04977134874876729,1,True,,0.40761600000000003,-0.004777477700719464,-0.012065830723033041,0.0,0.41200238360480473,0.242256419508764,0.24225641950876406,0.0,0.4120023836048047,0.4120023836048047,0.0,0.0
c3_w2_tcop_cm0_states_L0.4_kp0_0000_ucp0_0498_s42,cm0,stageC,0.0,0.0,0.1,0.04977134874876729,42,14,0.04977134874876729,2,True,,0.40424,-0.001327944620416872,0.007956005020590417,0.0,0.41200238360480473,0.242256419508764,0.24225641950876406,0.0,0.4120023836048047,0.4120023836048047,0.0,0.0
c3_w2_tcop_cm0_states_L0.4_kp0_0000_ucp0_0498_s42,cm0,stageC,0.0,0.0,0.1,0.04977134874876729,42,15,0.04977134874876729,0,False,BLOCK_15_PARTIAL_CYCLE,0.407504,-0.003836428051642907,0.010391540773647807,0.0,0.41200238360480473,0.242256419508764,0.24225641950876406,0.0,0.4120023836048047,0.4120023836048047,0.0,0.0
c3_w2_tcop_cm0_states_L0.4_kp0_0000_ucp0_0498_s137,cm0,stageC,0.0,0.0,0.1,0.04977134874876729,137,0,0.04977134874876729,0,False,PRE_PRIMARY_INCOMPLETE_CYCLE,0.398672,0.0005782727905687105,0.0053055950990873344,0.0,0.41200238360480473,0.242256419508764,0.24225641950876406,0.0,0.4120023836048047,0.4120023836048047,0.0,0.0
c3_w2_tcop_cm0_states_L0.4_kp0_0000_ucp0_0498_s137,cm0,stageC,0.0,0.0,0.1,0.04977134874876729,137,1,0.04977134874876729,1,False,PRE_PRIMARY_INCOMPLETE_CYCLE,0.4058240000000001,-0.003063543058111793,-0.014721722957769173,0.0,0.41200238360480473,0.242256419508764,0.24225641950876406,0.0,0.4120023836048047,0.4120023836048047,0.0,0.0
c3_w2_tcop_cm0_states_L0.4_kp0_0000_ucp0_0498_s137,cm0,stageC,0.0,0.0,0.1,0.04977134874876729,137,2,0.04977134874876729,2,False,PRE_PRIMARY_INCOMPLETE_CYCLE,0.405856,0.0003297008075398849,0.0007314182970735673,0.0,0.41200238360480473,0.242256419508764,0.24225641950876406,0.0,0.4120023836048047,0.4120023836048047,0.0,0.0
c3_w2_tcop_cm0_states_L0.4_kp0_0000_ucp0_0498_s137,cm0,stageC,0.0,0.0,0.1,0.04977134874876729,137,3,0.04977134874876729,0,True,,0.40817600000000004,0.0007850374272027727,0.000277083687235128,0.0,0.41200238360480473,0.242256419508764,0.24225641950876406,0.0,0.4120023836048047,0.4120023836048047,0.0,0.0
c3_w2_tcop_cm0_states_L0.4_kp0_0000_ucp0_0498_s137,cm0,stageC,0.0,0.0,0.1,0.04977134874876729,137,4,0.04977134874876729,1,True,,0.40593599999999996,0.001557715946407295,-0.02009286323564019,0.0,0.41200238360480473,0.242256419508764,0.24225641950876406,0.0,0.4120023836048047,0.4120023836048047,0.0,0.0
c3_w2_tcop_cm0_states_L0.4_kp0_0000_ucp0_0498_s137,cm0,stageC,0.0,0.0,0.1,0.04977134874876729,137,5,0.04977134874876729,2,True,,0.40598399999999996,0.0017728526075100647,-0.002565594425805605,0.0,0.41200238360480473,0.242256419508764,0.24225641950876406,0.0,0.4120023836048047,0.4120023836048047,0.0,0.0
c3_w2_tcop_cm0_states_L0.4_kp0_0000_ucp0_0498_s137,cm0,stageC,0.0,0.0,0.1,0.04977134874876729,137,6,0.04977134874876729,0,True,,0.40705600000000003,0.0013638965568298286,-0.009723000868223268,0.0,0.41200238360480473,0.242256419508764,0.24225641950876406,0.0,0.4120023836048047,0.4120023836048047,0.0,0.0
c3_w2_tcop_cm0_states_L0.4_kp0_0000_ucp0_0498_s137,cm0,stageC,0.0,0.0,0.1,0.04977134874876729,137,7,0.04977134874876729,1,True,,0.40792,-0.0005712383643751046,-0.006286644800267848,0.0,0.41200238360480473,0.242256419508764,0.24225641950876406,0.0,0.4120023836048047,0.4120023836048047,0.0,0.0
c3_w2_tcop_cm0_states_L0.4_kp0_0000_ucp0_0498_s137,cm0,stageC,0.0,0.0,0.1,0.04977134874876729,137,8,0.04977134874876729,2,True,,0.40556800000000004,-0.0004015862196400409,0.001290848465953009,0.0,0.41200238360480473,0.242256419508764,0.24225641950876406,0.0,0.4120023836048047,0.4120023836048047,0.0,0.0
c3_w2_tcop_cm0_states_L0.4_kp0_0000_ucp0_0498_s137,cm0,stageC,0.0,0.0,0.1,0.04977134874876729,137,9,0.04977134874876729,0,True,,0.40633600000000003,0.003684581929096158,0.022180110574161097,0.0,0.41200238360480473,0.242256419508764,0.24225641950876406,0.0,0.4120023836048047,0.4120023836048047,0.0,0.0
c3_w2_tcop_cm0_states_L0.4_kp0_0000_ucp0_0498_s137,cm0,stageC,0.0,0.0,0.1,0.04977134874876729,137,10,0.04977134874876729,1,True,,0.40713600000000005,-0.0016737121820469005,0.012000670137258506,0.0,0.41200238360480473,0.242256419508764,0.24225641950876406,0.0,0.4120023836048047,0.4120023836048047,0.0,0.0
c3_w2_tcop_cm0_states_L0.4_kp0_0000_ucp0_0498_s137,cm0,stageC,0.0,0.0,0.1,0.04977134874876729,137,11,0.04977134874876729,2,True,,0.40577599999999997,-0.0004345596447494389,0.0034909349862804087,0.0,0.41200238360480473,0.242256419508764,0.24225641950876406,0.0,0.4120023836048047,0.4120023836048047,0.0,0.0
c3_w2_tcop_cm0_states_L0.4_kp0_0000_ucp0_0498_s137,cm0,stageC,0.0,0.0,0.1,0.04977134874876729,137,12,0.04977134874876729,0,True,,0.409376,-0.00011733347861352918,0.002449869931626107,0.0,0.41200238360480473,0.242256419508764,0.24225641950876406,0.0,0.4120023836048047,0.4120023836048047,0.0,0.0
c3_w2_tcop_cm0_states_L0.4_kp0_0000_ucp0_0498_s137,cm0,stageC,0.0,0.0,0.1,0.04977134874876729,137,13,0.04977134874876729,1,True,,0.405952,0.0002731340611196583,-0.007063336642046338,0.0,0.41200238360480473,0.242256419508764,0.24225641950876406,0.0,0.4120023836048047,0.4120023836048047,0.0,0.0
c3_w2_tcop_cm0_states_L0.4_kp0_0000_ucp0_0498_s137,cm0,stageC,0.0,0.0,0.1,0.04977134874876729,137,14,0.04977134874876729,2,True,,0.407904,0.0020372093461639954,0.0032564506873478875,0.0,0.41200238360480473,0.242256419508764,0.24225641950876406,0.0,0.4120023836048047,0.4120023836048047,0.0,0.0
c3_w2_tcop_cm0_states_L0.4_kp0_0000_ucp0_0498_s137,cm0,stageC,0.0,0.0,0.1,0.04977134874876729,137,15,0.04977134874876729,0,False,BLOCK_15_PARTIAL_CYCLE,0.40646399999999994,9.897529336180704e-05,0.021262512775677003,0.0,0.41200238360480473,0.242256419508764,0.24225641950876406,0.0,0.4120023836048047,0.4120023836048047,0.0,0.0
c3_w2_tcop_cm0_states_L0.4_kp0_0000_ucp0_0498_s256,cm0,stageC,0.0,0.0,0.1,0.04977134874876729,256,0,0.04977134874876729,0,False,PRE_PRIMARY_INCOMPLETE_CYCLE,0.39592,0.002526589396994415,0.007346571751821379,0.0,0.41200238360480473,0.242256419508764,0.24225641950876406,0.0,0.4120023836048047,0.4120023836048047,0.0,0.0
c3_w2_tcop_cm0_states_L0.4_kp0_0000_ucp0_0498_s256,cm0,stageC,0.0,0.0,0.1,0.04977134874876729,256,1,0.04977134874876729,1,False,PRE_PRIMARY_INCOMPLETE_CYCLE,0.4083840000000001,-0.003185111797215479,0.0061738304496835855,0.0,0.41200238360480473,0.242256419508764,0.24225641950876406,0.0,0.4120023836048047,0.4120023836048047,0.0,0.0
c3_w2_tcop_cm0_states_L0.4_kp0_0000_ucp0_0498_s256,cm0,stageC,0.0,0.0,0.1,0.04977134874876729,256,2,0.04977134874876729,2,False,PRE_PRIMARY_INCOMPLETE_CYCLE,0.40913599999999994,-0.0014131490792180373,-0.0008125035396945408,0.0,0.41200238360480473,0.242256419508764,0.24225641950876406,0.0,0.4120023836048047,0.4120023836048047,0.0,0.0
c3_w2_tcop_cm0_states_L0.4_kp0_0000_ucp0_0498_s256,cm0,stageC,0.0,0.0,0.1,0.04977134874876729,256,3,0.04977134874876729,0,True,,0.41028800000000004,-0.0006929603976169213,0.0027295887263268283,0.0,0.41200238360480473,0.242256419508764,0.24225641950876406,0.0,0.4120023836048047,0.4120023836048047,0.0,0.0
c3_w2_tcop_cm0_states_L0.4_kp0_0000_ucp0_0498_s256,cm0,stageC,0.0,0.0,0.1,0.04977134874876729,256,4,0.04977134874876729,1,True,,0.40649599999999997,0.00305654176598216,0.011971692054394224,0.0,0.41200238360480473,0.242256419508764,0.24225641950876406,0.0,0.4120023836048047,0.4120023836048047,0.0,0.0
c3_w2_tcop_cm0_states_L0.4_kp0_0000_ucp0_0498_s256,cm0,stageC,0.0,0.0,0.1,0.04977134874876729,256,5,0.04977134874876729,2,True,,0.40366399999999997,0.0008663739273869256,-0.019016075612796616,0.0,0.41200238360480473,0.242256419508764,0.24225641950876406,0.0,0.4120023836048047,0.4120023836048047,0.0,0.0
c3_w2_tcop_cm0_states_L0.4_kp0_0000_ucp0_0498_s256,cm0,stageC,0.0,0.0,0.1,0.04977134874876729,256,6,0.04977134874876729,0,True,,0.4054559999999999,-0.0037229463353311005,-0.005764207704262096,0.0,0.41200238360480473,0.242256419508764,0.24225641950876406,0.0,0.4120023836048047,0.4120023836048047,0.0,0.0
c3_w2_tcop_cm0_states_L0.4_kp0_0000_ucp0_0498_s256,cm0,stageC,0.0,0.0,0.1,0.04977134874876729,256,7,0.04977134874876729,1,True,,0.40910399999999997,-0.0009018005062952807,-0.0010375350195840425,0.0,0.41200238360480473,0.242256419508764,0.24225641950876406,0.0,0.4120023836048047,0.4120023836048047,0.0,0.0
c3_w2_tcop_cm0_states_L0.4_kp0_0000_ucp0_0498_s256,cm0,stageC,0.0,0.0,0.1,0.04977134874876729,256,8,0.04977134874876729,2,True,,0.40843199999999996,0.0036510286622345634,-0.007520326039662802,0.0,0.41200238360480473,0.242256419508764,0.24225641950876406,0.0,0.4120023836048047,0.4120023836048047,0.0,0.0
c3_w2_tcop_cm0_states_L0.4_kp0_0000_ucp0_0498_s256,cm0,stageC,0.0,0.0,0.1,0.04977134874876729,256,9,0.04977134874876729,0,True,,0.408624,-0.0017165922031163394,0.016340043100915566,0.0,0.41200238360480473,0.242256419508764,0.24225641950876406,0.0,0.4120023836048047,0.4120023836048047,0.0,0.0
c3_w2_tcop_cm0_states_L0.4_kp0_0000_ucp0_0498_s256,cm0,stageC,0.0,0.0,0.1,0.04977134874876729,256,10,0.04977134874876729,1,True,,0.406208,-0.0008054471871640256,-0.006838243365994527,0.0,0.41200238360480473,0.242256419508764,0.24225641950876406,0.0,0.4120023836048047,0.4120023836048047,0.0,0.0
c3_w2_tcop_cm0_states_L0.4_kp0_0000_ucp0_0498_s256,cm0,stageC,0.0,0.0,0.1,0.04977134874876729,256,11,0.04977134874876729,2,True,,0.406432,-0.0014710373880741615,-0.0022105523044595823,0.0,0.41200238360480473,0.242256419508764,0.24225641950876406,0.0,0.4120023836048047,0.4120023836048047,0.0,0.0
c3_w2_tcop_cm0_states_L0.4_kp0_0000_ucp0_0498_s256,cm0,stageC,0.0,0.0,0.1,0.04977134874876729,256,12,0.04977134874876729,0,True,,0.40592,-0.0024416307975122634,0.004019419185920824,0.0,0.41200238360480473,0.242256419508764,0.24225641950876406,0.0,0.4120023836048047,0.4120023836048047,0.0,0.0
c3_w2_tcop_cm0_states_L0.4_kp0_0000_ucp0_0498_s256,cm0,stageC,0.0,0.0,0.1,0.04977134874876729,256,13,0.04977134874876729,1,True,,0.40403200000000006,0.006176211375601982,0.013513227967208144,0.0,0.41200238360480473,0.242256419508764,0.24225641950876406,0.0,0.4120023836048047,0.4120023836048047,0.0,0.0
c3_w2_tcop_cm0_states_L0.4_kp0_0000_ucp0_0498_s256,cm0,stageC,0.0,0.0,0.1,0.04977134874876729,256,14,0.04977134874876729,2,True,,0.40721599999999997,-0.004226961725874129,0.006860511741147857,0.0,0.41200238360480473,0.242256419508764,0.24225641950876406,0.0,0.4120023836048047,0.4120023836048047,0.0,0.0
c3_w2_tcop_cm0_states_L0.4_kp0_0000_ucp0_0498_s256,cm0,stageC,0.0,0.0,0.1,0.04977134874876729,256,15,0.04977134874876729,0,False,BLOCK_15_PARTIAL_CYCLE,0.40660799999999997,-0.0001984924311783128,-0.0003975850010207029,0.0,0.41200238360480473,0.242256419508764,0.24225641950876406,0.0,0.4120023836048047,0.4120023836048047,0.0,0.0
c3_w2_tcop_cm0_states_L0.4_kp0_0000_ucp0_0498_s1024,cm0,stageC,0.0,0.0,0.1,0.04977134874876729,1024,0,0.04977134874876729,0,False,PRE_PRIMARY_INCOMPLETE_CYCLE,0.39604800000000007,-0.0028693902682668006,0.0008591447349927465,0.0,0.41200238360480473,0.242256419508764,0.24225641950876406,0.0,0.4120023836048047,0.4120023836048047,0.0,0.0
c3_w2_tcop_cm0_states_L0.4_kp0_0000_ucp0_0498_s1024,cm0,stageC,0.0,0.0,0.1,0.04977134874876729,1024,1,0.04977134874876729,1,False,PRE_PRIMARY_INCOMPLETE_CYCLE,0.40630399999999994,-0.00033358435728275514,-0.003979168349979787,0.0,0.41200238360480473,0.242256419508764,0.24225641950876406,0.0,0.4120023836048047,0.4120023836048047,0.0,0.0
c3_w2_tcop_cm0_states_L0.4_kp0_0000_ucp0_0498_s1024,cm0,stageC,0.0,0.0,0.1,0.04977134874876729,1024,2,0.04977134874876729,2,False,PRE_PRIMARY_INCOMPLETE_CYCLE,0.405328,0.0009723868078507072,0.008181342274601308,0.0,0.41200238360480473,0.242256419508764,0.24225641950876406,0.0,0.4120023836048047,0.4120023836048047,0.0,0.0
c3_w2_tcop_cm0_states_L0.4_kp0_0000_ucp0_0498_s1024,cm0,stageC,0.0,0.0,0.1,0.04977134874876729,1024,3,0.04977134874876729,0,True,,0.40654399999999996,0.00039006056903998073,-0.00312454922345774,0.0,0.41200238360480473,0.242256419508764,0.24225641950876406,0.0,0.4120023836048047,0.4120023836048047,0.0,0.0
c3_w2_tcop_cm0_states_L0.4_kp0_0000_ucp0_0498_s1024,cm0,stageC,0.0,0.0,0.1,0.04977134874876729,1024,4,0.04977134874876729,1,True,,0.40886399999999995,0.0012817239620752897,-5.2004332753468875e-05,0.0,0.41200238360480473,0.242256419508764,0.24225641950876406,0.0,0.4120023836048047,0.4120023836048047,0.0,0.0
c3_w2_tcop_cm0_states_L0.4_kp0_0000_ucp0_0498_s1024,cm0,stageC,0.0,0.0,0.1,0.04977134874876729,1024,5,0.04977134874876729,2,True,,0.407808,-0.0007981447988170051,-0.009057001856357428,0.0,0.41200238360480473,0.242256419508764,0.24225641950876406,0.0,0.4120023836048047,0.4120023836048047,0.0,0.0
c3_w2_tcop_cm0_states_L0.4_kp0_0000_ucp0_0498_s1024,cm0,stageC,0.0,0.0,0.1,0.04977134874876729,1024,6,0.04977134874876729,0,True,,0.411504,-0.002712730196160168,0.00033880505960897815,0.0,0.41200238360480473,0.242256419508764,0.24225641950876406,0.0,0.4120023836048047,0.4120023836048047,0.0,0.0
c3_w2_tcop_cm0_states_L0.4_kp0_0000_ucp0_0498_s1024,cm0,stageC,0.0,0.0,0.1,0.04977134874876729,1024,7,0.04977134874876729,1,True,,0.403616,0.001279948390801438,0.021138515088613512,0.0,0.41200238360480473,0.242256419508764,0.24225641950876406,0.0,0.4120023836048047,0.4120023836048047,0.0,0.0
c3_w2_tcop_cm0_states_L0.4_kp0_0000_ucp0_0498_s1024,cm0,stageC,0.0,0.0,0.1,0.04977134874876729,1024,8,0.04977134874876729,2,True,,0.40412800000000004,-0.0009946464871545156,0.0105141882147071,0.0,0.41200238360480473,0.242256419508764,0.24225641950876406,0.0,0.4120023836048047,0.4120023836048047,0.0,0.0
c3_w2_tcop_cm0_states_L0.4_kp0_0000_ucp0_0498_s1024,cm0,stageC,0.0,0.0,0.1,0.04977134874876729,1024,9,0.04977134874876729,0,True,,0.408016,-0.0033840943741601935,0.003133856493296211,0.0,0.41200238360480473,0.242256419508764,0.24225641950876406,0.0,0.4120023836048047,0.4120023836048047,0.0,0.0
c3_w2_tcop_cm0_states_L0.4_kp0_0000_ucp0_0498_s1024,cm0,stageC,0.0,0.0,0.1,0.04977134874876729,1024,10,0.04977134874876729,1,True,,0.4068,0.0005106506335772451,-0.007767663632423064,0.0,0.41200238360480473,0.242256419508764,0.24225641950876406,0.0,0.4120023836048047,0.4120023836048047,0.0,0.0
c3_w2_tcop_cm0_states_L0.4_kp0_0000_ucp0_0498_s1024,cm0,stageC,0.0,0.0,0.1,0.04977134874876729,1024,11,0.04977134874876729,2,True,,0.40588799999999997,0.0005617301657957278,0.009866868029789576,0.0,0.41200238360480473,0.242256419508764,0.24225641950876406,0.0,0.4120023836048047,0.4120023836048047,0.0,0.0
c3_w2_tcop_cm0_states_L0.4_kp0_0000_ucp0_0498_s1024,cm0,stageC,0.0,0.0,0.1,0.04977134874876729,1024,12,0.04977134874876729,0,True,,0.405408,-0.001391744971972783,-0.013932516197476187,0.0,0.41200238360480473,0.242256419508764,0.24225641950876406,0.0,0.4120023836048047,0.4120023836048047,0.0,0.0
c3_w2_tcop_cm0_states_L0.4_kp0_0000_ucp0_0498_s1024,cm0,stageC,0.0,0.0,0.1,0.04977134874876729,1024,13,0.04977134874876729,1,True,,0.408704,-0.0016654472500212572,-0.026172975366233968,0.0,0.41200238360480473,0.242256419508764,0.24225641950876406,0.0,0.4120023836048047,0.4120023836048047,0.0,0.0
c3_w2_tcop_cm0_states_L0.4_kp0_0000_ucp0_0498_s1024,cm0,stageC,0.0,0.0,0.1,0.04977134874876729,1024,14,0.04977134874876729,2,True,,0.40897600000000006,-0.0014063929646540095,-0.0035499423862211245,0.0,0.41200238360480473,0.242256419508764,0.24225641950876406,0.0,0.4120023836048047,0.4120023836048047,0.0,0.0
c3_w2_tcop_cm0_states_L0.4_kp0_0000_ucp0_0498_s1024,cm0,stageC,0.0,0.0,0.1,0.04977134874876729,1024,15,0.04977134874876729,0,False,BLOCK_15_PARTIAL_CYCLE,0.406624,0.0006557033026892477,-0.001329115819798299,0.0,0.41200238360480473,0.242256419508764,0.24225641950876406,0.0,0.4120023836048047,0.4120023836048047,0.0,0.0
c3_w2_tcop_cm0_states_L0.4_kp0_0000_ucp0_0498_s31415,cm0,stageC,0.0,0.0,0.1,0.04977134874876729,31415,0,0.04977134874876729,0,False,PRE_PRIMARY_INCOMPLETE_CYCLE,0.39048,-0.004482611007280802,0.02003603021791313,0.0,0.41200238360480473,0.242256419508764,0.24225641950876406,0.0,0.4120023836048047,0.4120023836048047,0.0,0.0
c3_w2_tcop_cm0_states_L0.4_kp0_0000_ucp0_0498_s31415,cm0,stageC,0.0,0.0,0.1,0.04977134874876729,31415,1,0.04977134874876729,1,False,PRE_PRIMARY_INCOMPLETE_CYCLE,0.404672,-0.00027024829337762564,0.008472319333857538,0.0,0.41200238360480473,0.242256419508764,0.24225641950876406,0.0,0.4120023836048047,0.4120023836048047,0.0,0.0
c3_w2_tcop_cm0_states_L0.4_kp0_0000_ucp0_0498_s31415,cm0,stageC,0.0,0.0,0.1,0.04977134874876729,31415,2,0.04977134874876729,2,False,PRE_PRIMARY_INCOMPLETE_CYCLE,0.407968,0.000665268138632886,-0.009614170163164765,0.0,0.41200238360480473,0.242256419508764,0.24225641950876406,0.0,0.4120023836048047,0.4120023836048047,0.0,0.0
c3_w2_tcop_cm0_states_L0.4_kp0_0000_ucp0_0498_s31415,cm0,stageC,0.0,0.0,0.1,0.04977134874876729,31415,3,0.04977134874876729,0,True,,0.405424,-0.0022238886681795996,-0.0015156799307261249,0.0,0.41200238360480473,0.242256419508764,0.24225641950876406,0.0,0.4120023836048047,0.4120023836048047,0.0,0.0
c3_w2_tcop_cm0_states_L0.4_kp0_0000_ucp0_0498_s31415,cm0,stageC,0.0,0.0,0.1,0.04977134874876729,31415,4,0.04977134874876729,1,True,,0.40700800000000004,-2.315633910490528e-05,-0.01627425924646292,0.0,0.41200238360480473,0.242256419508764,0.24225641950876406,0.0,0.4120023836048047,0.4120023836048047,0.0,0.0
c3_w2_tcop_cm0_states_L0.4_kp0_0000_ucp0_0498_s31415,cm0,stageC,0.0,0.0,0.1,0.04977134874876729,31415,5,0.04977134874876729,2,True,,0.404848,0.0018465793591417097,0.007546774054948206,0.0,0.41200238360480473,0.242256419508764,0.24225641950876406,0.0,0.4120023836048047,0.4120023836048047,0.0,0.0
c3_w2_tcop_cm0_states_L0.4_kp0_0000_ucp0_0498_s31415,cm0,stageC,0.0,0.0,0.1,0.04977134874876729,31415,6,0.04977134874876729,0,True,,0.406352,0.0011372758486782753,-0.007350874092300365,0.0,0.41200238360480473,0.242256419508764,0.24225641950876406,0.0,0.4120023836048047,0.4120023836048047,0.0,0.0
c3_w2_tcop_cm0_states_L0.4_kp0_0000_ucp0_0498_s31415,cm0,stageC,0.0,0.0,0.1,0.04977134874876729,31415,7,0.04977134874876729,1,True,,0.40611200000000003,-0.0026501106507928036,-0.008712323328676051,0.0,0.41200238360480473,0.242256419508764,0.24225641950876406,0.0,0.4120023836048047,0.4120023836048047,0.0,0.0
c3_w2_tcop_cm0_states_L0.4_kp0_0000_ucp0_0498_s31415,cm0,stageC,0.0,0.0,0.1,0.04977134874876729,31415,8,0.04977134874876729,2,True,,0.406128,0.002994190118639959,0.002845467051935477,0.0,0.41200238360480473,0.242256419508764,0.24225641950876406,0.0,0.4120023836048047,0.4120023836048047,0.0,0.0
c3_w2_tcop_cm0_states_L0.4_kp0_0000_ucp0_0498_s31415,cm0,stageC,0.0,0.0,0.1,0.04977134874876729,31415,9,0.04977134874876729,0,True,,0.40456,-0.0007900121357079396,-0.007696524415833193,0.0,0.41200238360480473,0.242256419508764,0.24225641950876406,0.0,0.4120023836048047,0.4120023836048047,0.0,0.0
c3_w2_tcop_cm0_states_L0.4_kp0_0000_ucp0_0498_s31415,cm0,stageC,0.0,0.0,0.1,0.04977134874876729,31415,10,0.04977134874876729,1,True,,0.40833600000000003,0.0002885265193315849,0.007781266028404194,0.0,0.41200238360480473,0.242256419508764,0.24225641950876406,0.0,0.4120023836048047,0.4120023836048047,0.0,0.0
c3_w2_tcop_cm0_states_L0.4_kp0_0000_ucp0_0498_s31415,cm0,stageC,0.0,0.0,0.1,0.04977134874876729,31415,11,0.04977134874876729,2,True,,0.404544,0.003357855625061415,-0.002246613426711108,0.0,0.41200238360480473,0.242256419508764,0.24225641950876406,0.0,0.4120023836048047,0.4120023836048047,0.0,0.0
c3_w2_tcop_cm0_states_L0.4_kp0_0000_ucp0_0498_s31415,cm0,stageC,0.0,0.0,0.1,0.04977134874876729,31415,12,0.04977134874876729,0,True,,0.40647999999999995,-0.003601032074337889,0.010921222727301113,0.0,0.41200238360480473,0.242256419508764,0.24225641950876406,0.0,0.4120023836048047,0.4120023836048047,0.0,0.0
c3_w2_tcop_cm0_states_L0.4_kp0_0000_ucp0_0498_s31415,cm0,stageC,0.0,0.0,0.1,0.04977134874876729,31415,13,0.04977134874876729,1,True,,0.40803200000000006,-0.004950352745013666,-0.012749021699039981,0.0,0.41200238360480473,0.242256419508764,0.24225641950876406,0.0,0.4120023836048047,0.4120023836048047,0.0,0.0
c3_w2_tcop_cm0_states_L0.4_kp0_0000_ucp0_0498_s31415,cm0,stageC,0.0,0.0,0.1,0.04977134874876729,31415,14,0.04977134874876729,2,True,,0.4049920000000001,0.0004226642827779185,-0.0016941070563410536,0.0,0.41200238360480473,0.242256419508764,0.24225641950876406,0.0,0.4120023836048047,0.4120023836048047,0.0,0.0
c3_w2_tcop_cm0_states_L0.4_kp0_0000_ucp0_0498_s31415,cm0,stageC,0.0,0.0,0.1,0.04977134874876729,31415,15,0.04977134874876729,0,False,BLOCK_15_PARTIAL_CYCLE,0.41052800000000006,-0.0017264715746623633,-0.009568283846392344,0.0,0.41200238360480473,0.242256419508764,0.24225641950876406,0.0,0.4120023836048047,0.4120023836048047,0.0,0.0
c3_w2_tcop_cm0_states_L0.4_kp0_0000_ucp0_1234_s42,cm0,stageC,0.0,0.0,0.25,0.12339551870278656,42,0,0.12339551870278656,0,False,PRE_PRIMARY_INCOMPLETE_CYCLE,0.40337599999999996,0.0007883029813744187,0.006588421187667107,0.0,0.4299464618453418,0.2450925017920138,0.24509250179201383,0.0,0.4299464618453418,0.4299464618453418,0.0,0.0
c3_w2_tcop_cm0_states_L0.4_kp0_0000_ucp0_1234_s42,cm0,stageC,0.0,0.0,0.25,0.12339551870278656,42,1,0.12339551870278656,1,False,PRE_PRIMARY_INCOMPLETE_CYCLE,0.41623999999999994,-0.003194931122192738,-0.012421599487581416,0.0,0.4299464618453418,0.2450925017920138,0.24509250179201383,0.0,0.4299464618453418,0.4299464618453418,0.0,0.0
c3_w2_tcop_cm0_states_L0.4_kp0_0000_ucp0_1234_s42,cm0,stageC,0.0,0.0,0.25,0.12339551870278656,42,2,0.12339551870278656,2,False,PRE_PRIMARY_INCOMPLETE_CYCLE,0.416224,-0.0010652449206906844,-0.0021406589269477565,0.0,0.4299464618453418,0.2450925017920138,0.24509250179201383,0.0,0.4299464618453418,0.4299464618453418,0.0,0.0
c3_w2_tcop_cm0_states_L0.4_kp0_0000_ucp0_1234_s42,cm0,stageC,0.0,0.0,0.25,0.12339551870278656,42,3,0.12339551870278656,0,True,,0.41896,-0.0007142489499263105,-0.016099011176474883,0.0,0.4299464618453418,0.2450925017920138,0.24509250179201383,0.0,0.4299464618453418,0.4299464618453418,0.0,0.0
c3_w2_tcop_cm0_states_L0.4_kp0_0000_ucp0_1234_s42,cm0,stageC,0.0,0.0,0.25,0.12339551870278656,42,4,0.12339551870278656,1,True,,0.4174399999999999,0.002738771521673911,-0.0026972531741810074,0.0,0.4299464618453418,0.2450925017920138,0.24509250179201383,0.0,0.4299464618453418,0.4299464618453418,0.0,0.0
c3_w2_tcop_cm0_states_L0.4_kp0_0000_ucp0_1234_s42,cm0,stageC,0.0,0.0,0.25,0.12339551870278656,42,5,0.12339551870278656,2,True,,0.42003200000000007,0.0008195103789424846,-0.008303913090560833,0.0,0.4299464618453418,0.2450925017920138,0.24509250179201383,0.0,0.4299464618453418,0.4299464618453418,0.0,0.0
c3_w2_tcop_cm0_states_L0.4_kp0_0000_ucp0_1234_s42,cm0,stageC,0.0,0.0,0.25,0.12339551870278656,42,6,0.12339551870278656,0,True,,0.4154880000000001,-0.0001629073381584069,-0.006188643592035815,0.0,0.4299464618453418,0.2450925017920138,0.24509250179201383,0.0,0.4299464618453418,0.4299464618453418,0.0,0.0
c3_w2_tcop_cm0_states_L0.4_kp0_0000_ucp0_1234_s42,cm0,stageC,0.0,0.0,0.25,0.12339551870278656,42,7,0.12339551870278656,1,True,,0.417744,-0.0001299238814801995,-0.0020405582642677345,0.0,0.4299464618453418,0.2450925017920138,0.24509250179201383,0.0,0.4299464618453418,0.4299464618453418,0.0,0.0
c3_w2_tcop_cm0_states_L0.4_kp0_0000_ucp0_1234_s42,cm0,stageC,0.0,0.0,0.25,0.12339551870278656,42,8,0.12339551870278656,2,True,,0.415776,-5.02897439543267e-05,0.007777365320187764,0.0,0.4299464618453418,0.2450925017920138,0.24509250179201383,0.0,0.4299464618453418,0.4299464618453418,0.0,0.0
c3_w2_tcop_cm0_states_L0.4_kp0_0000_ucp0_1234_s42,cm0,stageC,0.0,0.0,0.25,0.12339551870278656,42,9,0.12339551870278656,0,True,,0.418752,-9.082618848107183e-05,0.01794241483545991,0.0,0.4299464618453418,0.2450925017920138,0.24509250179201383,0.0,0.4299464618453418,0.4299464618453418,0.0,0.0
c3_w2_tcop_cm0_states_L0.4_kp0_0000_ucp0_1234_s42,cm0,stageC,0.0,0.0,0.25,0.12339551870278656,42,10,0.12339551870278656,1,True,,0.416288,0.0012325153261031512,-0.003451119897547913,0.0,0.4299464618453418,0.2450925017920138,0.24509250179201383,0.0,0.4299464618453418,0.4299464618453418,0.0,0.0
c3_w2_tcop_cm0_states_L0.4_kp0_0000_ucp0_1234_s42,cm0,stageC,0.0,0.0,0.25,0.12339551870278656,42,11,0.12339551870278656,2,True,,0.41468799999999995,0.0006199902295933037,-0.01179663232171759,0.0,0.4299464618453418,0.2450925017920138,0.24509250179201383,0.0,0.4299464618453418,0.4299464618453418,0.0,0.0
c3_w2_tcop_cm0_states_L0.4_kp0_0000_ucp0_1234_s42,cm0,stageC,0.0,0.0,0.25,0.12339551870278656,42,12,0.12339551870278656,0,True,,0.4198239999999999,0.0007076520504329679,0.001214016281760196,0.0,0.4299464618453418,0.2450925017920138,0.24509250179201383,0.0,0.4299464618453418,0.4299464618453418,0.0,0.0
c3_w2_tcop_cm0_states_L0.4_kp0_0000_ucp0_1234_s42,cm0,stageC,0.0,0.0,0.25,0.12339551870278656,42,13,0.12339551870278656,1,True,,0.4175519999999999,-0.005248334821212159,-0.014177966753256522,0.0,0.4299464618453418,0.2450925017920138,0.24509250179201383,0.0,0.4299464618453418,0.4299464618453418,0.0,0.0
c3_w2_tcop_cm0_states_L0.4_kp0_0000_ucp0_1234_s42,cm0,stageC,0.0,0.0,0.25,0.12339551870278656,42,14,0.12339551870278656,2,True,,0.415264,-0.0004550301391966539,0.004229380132798136,0.0,0.4299464618453418,0.2450925017920138,0.24509250179201383,0.0,0.4299464618453418,0.4299464618453418,0.0,0.0
c3_w2_tcop_cm0_states_L0.4_kp0_0000_ucp0_1234_s42,cm0,stageC,0.0,0.0,0.25,0.12339551870278656,42,15,0.12339551870278656,0,False,BLOCK_15_PARTIAL_CYCLE,0.41775999999999996,-0.004985956898045829,0.012623714639484154,0.0,0.4299464618453418,0.2450925017920138,0.24509250179201383,0.0,0.4299464618453418,0.4299464618453418,0.0,0.0
c3_w2_tcop_cm0_states_L0.4_kp0_0000_ucp0_1234_s137,cm0,stageC,0.0,0.0,0.25,0.12339551870278656,137,0,0.12339551870278656,0,False,PRE_PRIMARY_INCOMPLETE_CYCLE,0.4090560000000001,0.0009949642405284547,0.0014808210938794784,0.0,0.4299464618453418,0.2450925017920138,0.24509250179201383,0.0,0.4299464618453418,0.4299464618453418,0.0,0.0
c3_w2_tcop_cm0_states_L0.4_kp0_0000_ucp0_1234_s137,cm0,stageC,0.0,0.0,0.25,0.12339551870278656,137,1,0.12339551870278656,1,False,PRE_PRIMARY_INCOMPLETE_CYCLE,0.41651200000000005,-0.0028726115050204237,-0.013374290597019053,0.0,0.4299464618453418,0.2450925017920138,0.24509250179201383,0.0,0.4299464618453418,0.4299464618453418,0.0,0.0
c3_w2_tcop_cm0_states_L0.4_kp0_0000_ucp0_1234_s137,cm0,stageC,0.0,0.0,0.25,0.12339551870278656,137,2,0.12339551870278656,2,False,PRE_PRIMARY_INCOMPLETE_CYCLE,0.4166239999999999,0.0009593412485920719,-0.00470141934491743,0.0,0.4299464618453418,0.2450925017920138,0.24509250179201383,0.0,0.4299464618453418,0.4299464618453418,0.0,0.0
c3_w2_tcop_cm0_states_L0.4_kp0_0000_ucp0_1234_s137,cm0,stageC,0.0,0.0,0.25,0.12339551870278656,137,3,0.12339551870278656,0,True,,0.418608,-0.000606989438322219,-0.0005498615103080677,0.0,0.4299464618453418,0.2450925017920138,0.24509250179201383,0.0,0.4299464618453418,0.4299464618453418,0.0,0.0
c3_w2_tcop_cm0_states_L0.4_kp0_0000_ucp0_1234_s137,cm0,stageC,0.0,0.0,0.25,0.12339551870278656,137,4,0.12339551870278656,1,True,,0.416624,0.001844490024601039,-0.021737614311600494,0.0,0.4299464618453418,0.2450925017920138,0.24509250179201383,0.0,0.4299464618453418,0.4299464618453418,0.0,0.0
c3_w2_tcop_cm0_states_L0.4_kp0_0000_ucp0_1234_s137,cm0,stageC,0.0,0.0,0.25,0.12339551870278656,137,5,0.12339551870278656,2,True,,0.417008,0.0025289467618163823,-0.0014712560967387845,0.0,0.4299464618453418,0.2450925017920138,0.24509250179201383,0.0,0.4299464618453418,0.4299464618453418,0.0,0.0
c3_w2_tcop_cm0_states_L0.4_kp0_0000_ucp0_1234_s137,cm0,stageC,0.0,0.0,0.25,0.12339551870278656,137,6,0.12339551870278656,0,True,,0.417104,0.0007014624796736167,-0.009322410229697991,0.0,0.4299464618453418,0.2450925017920138,0.24509250179201383,0.0,0.4299464618453418,0.4299464618453418,0.0,0.0
c3_w2_tcop_cm0_states_L0.4_kp0_0000_ucp0_1234_s137,cm0,stageC,0.0,0.0,0.25,0.12339551870278656,137,7,0.12339551870278656,1,True,,0.4178720000000001,8.500024908746025e-05,-0.004730855578864593,0.0,0.4299464618453418,0.2450925017920138,0.24509250179201383,0.0,0.4299464618453418,0.4299464618453418,0.0,0.0
c3_w2_tcop_cm0_states_L0.4_kp0_0000_ucp0_1234_s137,cm0,stageC,0.0,0.0,0.25,0.12339551870278656,137,8,0.12339551870278656,2,True,,0.415952,-0.0005555327658324677,0.0012416473177640109,0.0,0.4299464618453418,0.2450925017920138,0.24509250179201383,0.0,0.4299464618453418,0.4299464618453418,0.0,0.0
c3_w2_tcop_cm0_states_L0.4_kp0_0000_ucp0_1234_s137,cm0,stageC,0.0,0.0,0.25,0.12339551870278656,137,9,0.12339551870278656,0,True,,0.416864,0.003580396904924859,0.020660473527569407,0.0,0.4299464618453418,0.2450925017920138,0.24509250179201383,0.0,0.4299464618453418,0.4299464618453418,0.0,0.0
c3_w2_tcop_cm0_states_L0.4_kp0_0000_ucp0_1234_s137,cm0,stageC,0.0,0.0,0.25,0.12339551870278656,137,10,0.12339551870278656,1,True,,0.417232,-0.0018330973189574023,0.009239963490949514,0.0,0.4299464618453418,0.2450925017920138,0.24509250179201383,0.0,0.4299464618453418,0.4299464618453418,0.0,0.0
c3_w2_tcop_cm0_states_L0.4_kp0_0000_ucp0_1234_s137,cm0,stageC,0.0,0.0,0.25,0.12339551870278656,137,11,0.12339551870278656,2,True,,0.41625600000000007,-0.00036062485951881445,0.006455324923714793,0.0,0.4299464618453418,0.2450925017920138,0.24509250179201383,0.0,0.4299464618453418,0.4299464618453418,0.0,0.0
c3_w2_tcop_cm0_states_L0.4_kp0_0000_ucp0_1234_s137,cm0,stageC,0.0,0.0,0.25,0.12339551870278656,137,12,0.12339551870278656,0,True,,0.419648,-0.00027760740632486387,0.004088663261441318,0.0,0.4299464618453418,0.2450925017920138,0.24509250179201383,0.0,0.4299464618453418,0.4299464618453418,0.0,0.0
c3_w2_tcop_cm0_states_L0.4_kp0_0000_ucp0_1234_s137,cm0,stageC,0.0,0.0,0.25,0.12339551870278656,137,13,0.12339551870278656,1,True,,0.41574399999999995,0.0001312318502177527,-0.009759691756091073,0.0,0.4299464618453418,0.2450925017920138,0.24509250179201383,0.0,0.4299464618453418,0.4299464618453418,0.0,0.0
c3_w2_tcop_cm0_states_L0.4_kp0_0000_ucp0_1234_s137,cm0,stageC,0.0,0.0,0.25,0.12339551870278656,137,14,0.12339551870278656,2,True,,0.41888,0.003074838926448859,0.0003691803498350179,0.0,0.4299464618453418,0.2450925017920138,0.24509250179201383,0.0,0.4299464618453418,0.4299464618453418,0.0,0.0
c3_w2_tcop_cm0_states_L0.4_kp0_0000_ucp0_1234_s137,cm0,stageC,0.0,0.0,0.25,0.12339551870278656,137,15,0.12339551870278656,0,False,BLOCK_15_PARTIAL_CYCLE,0.417232,-0.000650673169931841,0.02215488661600917,0.0,0.4299464618453418,0.2450925017920138,0.24509250179201383,0.0,0.4299464618453418,0.4299464618453418,0.0,0.0
c3_w2_tcop_cm0_states_L0.4_kp0_0000_ucp0_1234_s256,cm0,stageC,0.0,0.0,0.25,0.12339551870278656,256,0,0.12339551870278656,0,False,PRE_PRIMARY_INCOMPLETE_CYCLE,0.406,0.0027527797031319163,0.000658628954060627,0.0,0.4299464618453418,0.2450925017920138,0.24509250179201383,0.0,0.4299464618453418,0.4299464618453418,0.0,0.0
c3_w2_tcop_cm0_states_L0.4_kp0_0000_ucp0_1234_s256,cm0,stageC,0.0,0.0,0.25,0.12339551870278656,256,1,0.12339551870278656,1,False,PRE_PRIMARY_INCOMPLETE_CYCLE,0.4188319999999999,-0.0036556924216604703,-0.0002943391561610764,0.0,0.4299464618453418,0.2450925017920138,0.24509250179201383,0.0,0.4299464618453418,0.4299464618453418,0.0,0.0
c3_w2_tcop_cm0_states_L0.4_kp0_0000_ucp0_1234_s256,cm0,stageC,0.0,0.0,0.25,0.12339551870278656,256,2,0.12339551870278656,2,False,PRE_PRIMARY_INCOMPLETE_CYCLE,0.41915199999999997,-0.0016568649055198822,-0.0005418384485595067,0.0,0.4299464618453418,0.2450925017920138,0.24509250179201383,0.0,0.4299464618453418,0.4299464618453418,0.0,0.0
c3_w2_tcop_cm0_states_L0.4_kp0_0000_ucp0_1234_s256,cm0,stageC,0.0,0.0,0.25,0.12339551870278656,256,3,0.12339551870278656,0,True,,0.42086399999999996,-0.00012948774550154127,-8.594269826592112e-05,0.0,0.4299464618453418,0.2450925017920138,0.24509250179201383,0.0,0.4299464618453418,0.4299464618453418,0.0,0.0
c3_w2_tcop_cm0_states_L0.4_kp0_0000_ucp0_1234_s256,cm0,stageC,0.0,0.0,0.25,0.12339551870278656,256,4,0.12339551870278656,1,True,,0.416288,0.003612129238744804,0.015765853546511055,0.0,0.4299464618453418,0.2450925017920138,0.24509250179201383,0.0,0.4299464618453418,0.4299464618453418,0.0,0.0
c3_w2_tcop_cm0_states_L0.4_kp0_0000_ucp0_1234_s256,cm0,stageC,0.0,0.0,0.25,0.12339551870278656,256,5,0.12339551870278656,2,True,,0.4141120000000001,0.00047166929960441357,-0.020748393117573653,0.0,0.4299464618453418,0.2450925017920138,0.24509250179201383,0.0,0.4299464618453418,0.4299464618453418,0.0,0.0
c3_w2_tcop_cm0_states_L0.4_kp0_0000_ucp0_1234_s256,cm0,stageC,0.0,0.0,0.25,0.12339551870278656,256,6,0.12339551870278656,0,True,,0.415632,-0.004195082677950401,-0.003857918424989794,0.0,0.4299464618453418,0.2450925017920138,0.24509250179201383,0.0,0.4299464618453418,0.4299464618453418,0.0,0.0
c3_w2_tcop_cm0_states_L0.4_kp0_0000_ucp0_1234_s256,cm0,stageC,0.0,0.0,0.25,0.12339551870278656,256,7,0.12339551870278656,1,True,,0.418592,-0.0011641280485561515,0.000146323200621641,0.0,0.4299464618453418,0.2450925017920138,0.24509250179201383,0.0,0.4299464618453418,0.4299464618453418,0.0,0.0
c3_w2_tcop_cm0_states_L0.4_kp0_0000_ucp0_1234_s256,cm0,stageC,0.0,0.0,0.25,0.12339551870278656,256,8,0.12339551870278656,2,True,,0.41846399999999995,0.003568224315037563,-0.006057346587870086,0.0,0.4299464618453418,0.2450925017920138,0.24509250179201383,0.0,0.4299464618453418,0.4299464618453418,0.0,0.0
c3_w2_tcop_cm0_states_L0.4_kp0_0000_ucp0_1234_s256,cm0,stageC,0.0,0.0,0.25,0.12339551870278656,256,9,0.12339551870278656,0,True,,0.41891200000000006,-0.0017007962720642091,0.019207292090402936,0.0,0.4299464618453418,0.2450925017920138,0.24509250179201383,0.0,0.4299464618453418,0.4299464618453418,0.0,0.0
c3_w2_tcop_cm0_states_L0.4_kp0_0000_ucp0_1234_s256,cm0,stageC,0.0,0.0,0.25,0.12339551870278656,256,10,0.12339551870278656,1,True,,0.417392,-0.0012399915696941113,-0.0027332707422852765,0.0,0.4299464618453418,0.2450925017920138,0.24509250179201383,0.0,0.4299464618453418,0.4299464618453418,0.0,0.0
c3_w2_tcop_cm0_states_L0.4_kp0_0000_ucp0_1234_s256,cm0,stageC,0.0,0.0,0.25,0.12339551870278656,256,11,0.12339551870278656,2,True,,0.41699200000000003,-0.0010456574314451142,-0.004212649325470073,0.0,0.4299464618453418,0.2450925017920138,0.24509250179201383,0.0,0.4299464618453418,0.4299464618453418,0.0,0.0
c3_w2_tcop_cm0_states_L0.4_kp0_0000_ucp0_1234_s256,cm0,stageC,0.0,0.0,0.25,0.12339551870278656,256,12,0.12339551870278656,0,True,,0.41604800000000003,-0.003584308933510218,0.005553547950937297,0.0,0.4299464618453418,0.2450925017920138,0.24509250179201383,0.0,0.4299464618453418,0.4299464618453418,0.0,0.0
c3_w2_tcop_cm0_states_L0.4_kp0_0000_ucp0_1234_s256,cm0,stageC,0.0,0.0,0.25,0.12339551870278656,256,13,0.12339551870278656,1,True,,0.41476799999999997,0.005820954320913203,0.01338193079557712,0.0,0.4299464618453418,0.2450925017920138,0.24509250179201383,0.0,0.4299464618453418,0.4299464618453418,0.0,0.0
c3_w2_tcop_cm0_states_L0.4_kp0_0000_ucp0_1234_s256,cm0,stageC,0.0,0.0,0.25,0.12339551870278656,256,14,0.12339551870278656,2,True,,0.41659199999999996,-0.004532894813869346,0.006631624552659233,0.0,0.4299464618453418,0.2450925017920138,0.24509250179201383,0.0,0.4299464618453418,0.4299464618453418,0.0,0.0
c3_w2_tcop_cm0_states_L0.4_kp0_0000_ucp0_1234_s256,cm0,stageC,0.0,0.0,0.25,0.12339551870278656,256,15,0.12339551870278656,0,False,BLOCK_15_PARTIAL_CYCLE,0.41659199999999996,4.2147000567726714e-05,0.004903657740353412,0.0,0.4299464618453418,0.2450925017920138,0.24509250179201383,0.0,0.4299464618453418,0.4299464618453418,0.0,0.0
c3_w2_tcop_cm0_states_L0.4_kp0_0000_ucp0_1234_s1024,cm0,stageC,0.0,0.0,0.25,0.12339551870278656,1024,0,0.12339551870278656,0,False,PRE_PRIMARY_INCOMPLETE_CYCLE,0.406592,-0.003038275425207621,-0.004643389458825424,0.0,0.4299464618453418,0.2450925017920138,0.24509250179201383,0.0,0.4299464618453418,0.4299464618453418,0.0,0.0
c3_w2_tcop_cm0_states_L0.4_kp0_0000_ucp0_1234_s1024,cm0,stageC,0.0,0.0,0.25,0.12339551870278656,1024,1,0.12339551870278656,1,False,PRE_PRIMARY_INCOMPLETE_CYCLE,0.4168,-0.0006361112290845,-0.0052264808362369325,0.0,0.4299464618453418,0.2450925017920138,0.24509250179201383,0.0,0.4299464618453418,0.4299464618453418,0.0,0.0
c3_w2_tcop_cm0_states_L0.4_kp0_0000_ucp0_1234_s1024,cm0,stageC,0.0,0.0,0.25,0.12339551870278656,1024,2,0.12339551870278656,2,False,PRE_PRIMARY_INCOMPLETE_CYCLE,0.41614399999999996,0.0010083094623726833,0.0063483508005892034,0.0,0.4299464618453418,0.2450925017920138,0.24509250179201383,0.0,0.4299464618453418,0.4299464618453418,0.0,0.0
c3_w2_tcop_cm0_states_L0.4_kp0_0000_ucp0_1234_s1024,cm0,stageC,0.0,0.0,0.25,0.12339551870278656,1024,3,0.12339551870278656,0,True,,0.417056,-0.0003134312427713409,-0.006934914302759745,0.0,0.4299464618453418,0.2450925017920138,0.24509250179201383,0.0,0.4299464618453418,0.4299464618453418,0.0,0.0
c3_w2_tcop_cm0_states_L0.4_kp0_0000_ucp0_1234_s1024,cm0,stageC,0.0,0.0,0.25,0.12339551870278656,1024,4,0.12339551870278656,1,True,,0.419024,0.0009506977757126012,-0.00020828698964077256,0.0,0.4299464618453418,0.2450925017920138,0.24509250179201383,0.0,0.4299464618453418,0.4299464618453418,0.0,0.0
c3_w2_tcop_cm0_states_L0.4_kp0_0000_ucp0_1234_s1024,cm0,stageC,0.0,0.0,0.25,0.12339551870278656,1024,5,0.12339551870278656,2,True,,0.41824,-0.001618077685620187,-0.010020092146741957,0.0,0.4299464618453418,0.2450925017920138,0.24509250179201383,0.0,0.4299464618453418,0.4299464618453418,0.0,0.0
c3_w2_tcop_cm0_states_L0.4_kp0_0000_ucp0_1234_s1024,cm0,stageC,0.0,0.0,0.25,0.12339551870278656,1024,6,0.12339551870278656,0,True,,0.421344,-0.00219816141237996,0.003128206443812883,0.0,0.4299464618453418,0.2450925017920138,0.24509250179201383,0.0,0.4299464618453418,0.4299464618453418,0.0,0.0
c3_w2_tcop_cm0_states_L0.4_kp0_0000_ucp0_1234_s1024,cm0,stageC,0.0,0.0,0.25,0.12339551870278656,1024,7,0.12339551870278656,1,True,,0.41412800000000005,0.0006960164335663527,0.019403009887313263,0.0,0.4299464618453418,0.2450925017920138,0.24509250179201383,0.0,0.4299464618453418,0.4299464618453418,0.0,0.0
c3_w2_tcop_cm0_states_L0.4_kp0_0000_ucp0_1234_s1024,cm0,stageC,0.0,0.0,0.25,0.12339551870278656,1024,8,0.12339551870278656,2,True,,0.4144,-0.001118430602301406,0.009644075021312875,0.0,0.4299464618453418,0.2450925017920138,0.24509250179201383,0.0,0.4299464618453418,0.4299464618453418,0.0,0.0
c3_w2_tcop_cm0_states_L0.4_kp0_0000_ucp0_1234_s1024,cm0,stageC,0.0,0.0,0.25,0.12339551870278656,1024,9,0.12339551870278656,0,True,,0.418048,-0.003544202016211094,0.005565499201254468,0.0,0.4299464618453418,0.2450925017920138,0.24509250179201383,0.0,0.4299464618453418,0.4299464618453418,0.0,0.0
c3_w2_tcop_cm0_states_L0.4_kp0_0000_ucp0_1234_s1024,cm0,stageC,0.0,0.0,0.25,0.12339551870278656,1024,10,0.12339551870278656,1,True,,0.41692799999999997,0.0005907554042832903,-0.007469519588642508,0.0,0.4299464618453418,0.2450925017920138,0.24509250179201383,0.0,0.4299464618453418,0.4299464618453418,0.0,0.0
c3_w2_tcop_cm0_states_L0.4_kp0_0000_ucp0_1234_s1024,cm0,stageC,0.0,0.0,0.25,0.12339551870278656,1024,11,0.12339551870278656,2,True,,0.416432,0.00017033861234757932,0.0063913840210683154,0.0,0.4299464618453418,0.2450925017920138,0.24509250179201383,0.0,0.4299464618453418,0.4299464618453418,0.0,0.0
c3_w2_tcop_cm0_states_L0.4_kp0_0000_ucp0_1234_s1024,cm0,stageC,0.0,0.0,0.25,0.12339551870278656,1024,12,0.12339551870278656,0,True,,0.415776,-0.0008519635799956409,-0.01166207746657539,0.0,0.4299464618453418,0.2450925017920138,0.24509250179201383,0.0,0.4299464618453418,0.4299464618453418,0.0,0.0
c3_w2_tcop_cm0_states_L0.4_kp0_0000_ucp0_1234_s1024,cm0,stageC,0.0,0.0,0.25,0.12339551870278656,1024,13,0.12339551870278656,1,True,,0.41924799999999995,-0.0019051979418470166,-0.02442383045219365,0.0,0.4299464618453418,0.2450925017920138,0.24509250179201383,0.0,0.4299464618453418,0.4299464618453418,0.0,0.0
c3_w2_tcop_cm0_states_L0.4_kp0_0000_ucp0_1234_s1024,cm0,stageC,0.0,0.0,0.25,0.12339551870278656,1024,14,0.12339551870278656,2,True,,0.41945600000000005,-0.0011161609154181295,-0.0015786864842666614,0.0,0.4299464618453418,0.2450925017920138,0.24509250179201383,0.0,0.4299464618453418,0.4299464618453418,0.0,0.0
c3_w2_tcop_cm0_states_L0.4_kp0_0000_ucp0_1234_s1024,cm0,stageC,0.0,0.0,0.25,0.12339551870278656,1024,15,0.12339551870278656,0,False,BLOCK_15_PARTIAL_CYCLE,0.416992,0.0004500790690029343,0.0023001927397879283,0.0,0.4299464618453418,0.2450925017920138,0.24509250179201383,0.0,0.4299464618453418,0.4299464618453418,0.0,0.0
c3_w2_tcop_cm0_states_L0.4_kp0_0000_ucp0_1234_s31415,cm0,stageC,0.0,0.0,0.25,0.12339551870278656,31415,0,0.12339551870278656,0,False,PRE_PRIMARY_INCOMPLETE_CYCLE,0.400912,-0.004288816304826091,0.01563293087520232,0.0,0.4299464618453418,0.2450925017920138,0.24509250179201383,0.0,0.4299464618453418,0.4299464618453418,0.0,0.0
c3_w2_tcop_cm0_states_L0.4_kp0_0000_ucp0_1234_s31415,cm0,stageC,0.0,0.0,0.25,0.12339551870278656,31415,1,0.12339551870278656,1,False,PRE_PRIMARY_INCOMPLETE_CYCLE,0.4148799999999999,0.00038187289116109154,0.007450328760312154,0.0,0.4299464618453418,0.2450925017920138,0.24509250179201383,0.0,0.4299464618453418,0.4299464618453418,0.0,0.0
c3_w2_tcop_cm0_states_L0.4_kp0_0000_ucp0_1234_s31415,cm0,stageC,0.0,0.0,0.25,0.12339551870278656,31415,2,0.12339551870278656,2,False,PRE_PRIMARY_INCOMPLETE_CYCLE,0.41824,0.00032613167353869087,-0.006951709863312727,0.0,0.4299464618453418,0.2450925017920138,0.24509250179201383,0.0,0.4299464618453418,0.4299464618453418,0.0,0.0
c3_w2_tcop_cm0_states_L0.4_kp0_0000_ucp0_1234_s31415,cm0,stageC,0.0,0.0,0.25,0.12339551870278656,31415,3,0.12339551870278656,0,True,,0.41604800000000003,-0.0028642322096361656,-0.0029148989135039907,0.0,0.4299464618453418,0.2450925017920138,0.24509250179201383,0.0,0.4299464618453418,0.4299464618453418,0.0,0.0
c3_w2_tcop_cm0_states_L0.4_kp0_0000_ucp0_1234_s31415,cm0,stageC,0.0,0.0,0.25,0.12339551870278656,31415,4,0.12339551870278656,1,True,,0.41711999999999994,0.00020355604254382282,-0.016526106002028043,0.0,0.4299464618453418,0.2450925017920138,0.24509250179201383,0.0,0.4299464618453418,0.4299464618453418,0.0,0.0
c3_w2_tcop_cm0_states_L0.4_kp0_0000_ucp0_1234_s31415,cm0,stageC,0.0,0.0,0.25,0.12339551870278656,31415,5,0.12339551870278656,2,True,,0.415008,0.002476447319206229,0.006344989915178253,0.0,0.4299464618453418,0.2450925017920138,0.24509250179201383,0.0,0.4299464618453418,0.4299464618453418,0.0,0.0
c3_w2_tcop_cm0_states_L0.4_kp0_0000_ucp0_1234_s31415,cm0,stageC,0.0,0.0,0.25,0.12339551870278656,31415,6,0.12339551870278656,0,True,,0.41711999999999994,0.0010324169463916534,-0.005576387842536343,0.0,0.4299464618453418,0.2450925017920138,0.24509250179201383,0.0,0.4299464618453418,0.4299464618453418,0.0,0.0
c3_w2_tcop_cm0_states_L0.4_kp0_0000_ucp0_1234_s31415,cm0,stageC,0.0,0.0,0.25,0.12339551870278656,31415,7,0.12339551870278656,1,True,,0.41668800000000006,-0.0033639858747979232,-0.0080390786187407,0.0,0.4299464618453418,0.2450925017920138,0.24509250179201383,0.0,0.4299464618453418,0.4299464618453418,0.0,0.0
c3_w2_tcop_cm0_states_L0.4_kp0_0000_ucp0_1234_s31415,cm0,stageC,0.0,0.0,0.25,0.12339551870278656,31415,8,0.12339551870278656,2,True,,0.4164000000000001,0.002564791154817538,0.004412150923575241,0.0,0.4299464618453418,0.2450925017920138,0.24509250179201383,0.0,0.4299464618453418,0.4299464618453418,0.0,0.0
c3_w2_tcop_cm0_states_L0.4_kp0_0000_ucp0_1234_s31415,cm0,stageC,0.0,0.0,0.25,0.12339551870278656,31415,9,0.12339551870278656,0,True,,0.41519999999999996,-0.0004809952164097817,-0.007105898585719212,0.0,0.4299464618453418,0.2450925017920138,0.24509250179201383,0.0,0.4299464618453418,0.4299464618453418,0.0,0.0
c3_w2_tcop_cm0_states_L0.4_kp0_0000_ucp0_1234_s31415,cm0,stageC,0.0,0.0,0.25,0.12339551870278656,31415,10,0.12339551870278656,1,True,,0.41847999999999996,-0.0004369462448013108,0.005189933117545865,0.0,0.4299464618453418,0.2450925017920138,0.24509250179201383,0.0,0.4299464618453418,0.4299464618453418,0.0,0.0
c3_w2_tcop_cm0_states_L0.4_kp0_0000_ucp0_1234_s31415,cm0,stageC,0.0,0.0,0.25,0.12339551870278656,31415,11,0.12339551870278656,2,True,,0.41519999999999996,0.003237466332698161,-0.005888160214371342,0.0,0.4299464618453418,0.2450925017920138,0.24509250179201383,0.0,0.4299464618453418,0.4299464618453418,0.0,0.0
c3_w2_tcop_cm0_states_L0.4_kp0_0000_ucp0_1234_s31415,cm0,stageC,0.0,0.0,0.25,0.12339551870278656,31415,12,0.12339551870278656,0,True,,0.41688000000000003,-0.003698588366118957,0.012053419512093346,0.0,0.4299464618453418,0.2450925017920138,0.24509250179201383,0.0,0.4299464618453418,0.4299464618453418,0.0,0.0
c3_w2_tcop_cm0_states_L0.4_kp0_0000_ucp0_1234_s31415,cm0,stageC,0.0,0.0,0.25,0.12339551870278656,31415,13,0.12339551870278656,1,True,,0.418352,-0.00409562491936817,-0.009243787286349737,0.0,0.4299464618453418,0.2450925017920138,0.24509250179201383,0.0,0.4299464618453418,0.4299464618453418,0.0,0.0
c3_w2_tcop_cm0_states_L0.4_kp0_0000_ucp0_1234_s31415,cm0,stageC,0.0,0.0,0.25,0.12339551870278656,31415,14,0.12339551870278656,2,True,,0.414864,-4.647108691459512e-05,-0.001377100877520506,0.0,0.4299464618453418,0.2450925017920138,0.24509250179201383,0.0,0.4299464618453418,0.4299464618453418,0.0,0.0
c3_w2_tcop_cm0_states_L0.4_kp0_0000_ucp0_1234_s31415,cm0,stageC,0.0,0.0,0.25,0.12339551870278656,31415,15,0.12339551870278656,0,False,BLOCK_15_PARTIAL_CYCLE,0.421104,-0.003431365032300027,-0.01594238418147796,0.0,0.4299464618453418,0.2450925017920138,0.24509250179201383,0.0,0.4299464618453418,0.4299464618453418,0.0,0.0
c3_w2_tcop_cm0_states_L0.4_kp0_0000_ucp0_2425_s42,cm0,stageC,0.0,0.0,0.5,0.24248438819907564,42,0,0.24248438819907564,0,False,PRE_PRIMARY_INCOMPLETE_CYCLE,0.41958400000000007,0.0010506796558233803,0.007386304451865584,0.0,0.4593447729746423,0.24834715251551656,0.24834715251551662,0.0,0.45934477297464243,0.45934477297464243,0.0,0.0
c3_w2_tcop_cm0_states_L0.4_kp0_0000_ucp0_2425_s42,cm0,stageC,0.0,0.0,0.5,0.24248438819907564,42,1,0.24248438819907564,1,False,PRE_PRIMARY_INCOMPLETE_CYCLE,0.43275199999999997,-0.002701668073396727,-0.016414525231933617,0.0,0.4593447729746423,0.24834715251551656,0.24834715251551662,0.0,0.45934477297464243,0.45934477297464243,0.0,0.0
c3_w2_tcop_cm0_states_L0.4_kp0_0000_ucp0_2425_s42,cm0,stageC,0.0,0.0,0.5,0.24248438819907564,42,2,0.24248438819907564,2,False,PRE_PRIMARY_INCOMPLETE_CYCLE,0.4314720000000001,-8.37080064520647e-05,-0.0016084971051696366,0.0,0.4593447729746423,0.24834715251551656,0.24834715251551662,0.0,0.45934477297464243,0.45934477297464243,0.0,0.0
c3_w2_tcop_cm0_states_L0.4_kp0_0000_ucp0_2425_s42,cm0,stageC,0.0,0.0,0.5,0.24248438819907564,42,3,0.24248438819907564,0,True,,0.43536,-2.840143480178414e-05,-0.01360115562687654,0.0,0.4593447729746423,0.24834715251551656,0.24834715251551662,0.0,0.45934477297464243,0.45934477297464243,0.0,0.0
c3_w2_tcop_cm0_states_L0.4_kp0_0000_ucp0_2425_s42,cm0,stageC,0.0,0.0,0.5,0.24248438819907564,42,4,0.24248438819907564,1,True,,0.433344,0.0027001487607041575,-0.004484002405190286,0.0,0.4593447729746423,0.24834715251551656,0.24834715251551662,0.0,0.45934477297464243,0.45934477297464243,0.0,0.0
c3_w2_tcop_cm0_states_L0.4_kp0_0000_ucp0_2425_s42,cm0,stageC,0.0,0.0,0.5,0.24248438819907564,42,5,0.24248438819907564,2,True,,0.4365599999999999,0.0005930913496875735,-0.003495893484564399,0.0,0.4593447729746423,0.24834715251551656,0.24834715251551662,0.0,0.45934477297464243,0.45934477297464243,0.0,0.0
c3_w2_tcop_cm0_states_L0.4_kp0_0000_ucp0_2425_s42,cm0,stageC,0.0,0.0,0.5,0.24248438819907564,42,6,0.24248438819907564,0,True,,0.4314879999999999,-4.692055096161505e-05,-0.002849264347119696,0.0,0.4593447729746423,0.24834715251551656,0.24834715251551662,0.0,0.45934477297464243,0.45934477297464243,0.0,0.0
c3_w2_tcop_cm0_states_L0.4_kp0_0000_ucp0_2425_s42,cm0,stageC,0.0,0.0,0.5,0.24248438819907564,42,7,0.24248438819907564,1,True,,0.433808,0.0006711726212622928,-0.005820156485293882,0.0,0.4593447729746423,0.24834715251551656,0.24834715251551662,0.0,0.45934477297464243,0.45934477297464243,0.0,0.0
c3_w2_tcop_cm0_states_L0.4_kp0_0000_ucp0_2425_s42,cm0,stageC,0.0,0.0,0.5,0.24248438819907564,42,8,0.24248438819907564,2,True,,0.433152,-0.0008156089739132367,0.004983700132010334,0.0,0.4593447729746423,0.24834715251551656,0.24834715251551662,0.0,0.45934477297464243,0.45934477297464243,0.0,0.0
c3_w2_tcop_cm0_states_L0.4_kp0_0000_ucp0_2425_s42,cm0,stageC,0.0,0.0,0.5,0.24248438819907564,42,9,0.24248438819907564,0,True,,0.43431999999999993,0.000212224054804708,0.01855690360953735,0.0,0.4593447729746423,0.24834715251551656,0.24834715251551662,0.0,0.45934477297464243,0.45934477297464243,0.0,0.0
c3_w2_tcop_cm0_states_L0.4_kp0_0000_ucp0_2425_s42,cm0,stageC,0.0,0.0,0.5,0.24248438819907564,42,10,0.24248438819907564,1,True,,0.43255999999999994,0.0003124145928094059,-0.0060283237469354045,0.0,0.4593447729746423,0.24834715251551656,0.24834715251551662,0.0,0.45934477297464243,0.45934477297464243,0.0,0.0
c3_w2_tcop_cm0_states_L0.4_kp0_0000_ucp0_2425_s42,cm0,stageC,0.0,0.0,0.5,0.24248438819907564,42,11,0.24248438819907564,2,True,,0.43080000000000007,0.0007561316402627169,-0.012773023374632774,0.0,0.4593447729746423,0.24834715251551656,0.24834715251551662,0.0,0.45934477297464243,0.45934477297464243,0.0,0.0
c3_w2_tcop_cm0_states_L0.4_kp0_0000_ucp0_2425_s42,cm0,stageC,0.0,0.0,0.5,0.24248438819907564,42,12,0.24248438819907564,0,True,,0.43611199999999994,-0.0006136290231447524,-0.002573834597970423,0.0,0.4593447729746423,0.24834715251551656,0.24834715251551662,0.0,0.45934477297464243,0.45934477297464243,0.0,0.0
c3_w2_tcop_cm0_states_L0.4_kp0_0000_ucp0_2425_s42,cm0,stageC,0.0,0.0,0.5,0.24248438819907564,42,13,0.24248438819907564,1,True,,0.43409600000000004,-0.006094723516156586,-0.020294160943967555,0.0,0.4593447729746423,0.24834715251551656,0.24834715251551662,0.0,0.45934477297464243,0.45934477297464243,0.0,0.0
c3_w2_tcop_cm0_states_L0.4_kp0_0000_ucp0_2425_s42,cm0,stageC,0.0,0.0,0.5,0.24248438819907564,42,14,0.24248438819907564,2,True,,0.43236800000000003,-0.00022544757069653754,0.008227029329231831,0.0,0.4593447729746423,0.24834715251551656,0.24834715251551662,0.0,0.45934477297464243,0.45934477297464243,0.0,0.0
c3_w2_tcop_cm0_states_L0.4_kp0_0000_ucp0_2425_s42,cm0,stageC,0.0,0.0,0.5,0.24248438819907564,42,15,0.24248438819907564,0,False,BLOCK_15_PARTIAL_CYCLE,0.43459200000000003,-0.0028561947449176066,0.02399524514940373,0.0,0.4593447729746423,0.24834715251551656,0.24834715251551662,0.0,0.45934477297464243,0.45934477297464243,0.0,0.0
c3_w2_tcop_cm0_states_L0.4_kp0_0000_ucp0_2425_s137,cm0,stageC,0.0,0.0,0.5,0.24248438819907564,137,0,0.24248438819907564,0,False,PRE_PRIMARY_INCOMPLETE_CYCLE,0.42472,-0.000417321688309257,-0.004555086657267779,0.0,0.4593447729746423,0.24834715251551656,0.24834715251551662,0.0,0.45934477297464243,0.45934477297464243,0.0,0.0
c3_w2_tcop_cm0_states_L0.4_kp0_0000_ucp0_2425_s137,cm0,stageC,0.0,0.0,0.5,0.24248438819907564,137,1,0.24248438819907564,1,False,PRE_PRIMARY_INCOMPLETE_CYCLE,0.4328,-0.002050483906082762,-0.010919984538074997,0.0,0.4593447729746423,0.24834715251551656,0.24834715251551662,0.0,0.45934477297464243,0.45934477297464243,0.0,0.0
c3_w2_tcop_cm0_states_L0.4_kp0_0000_ucp0_2425_s137,cm0,stageC,0.0,0.0,0.5,0.24248438819907564,137,2,0.24248438819907564,2,False,PRE_PRIMARY_INCOMPLETE_CYCLE,0.433072,0.0010518254507928624,-0.0026630389405275976,0.0,0.4593447729746423,0.24834715251551656,0.24834715251551662,0.0,0.45934477297464243,0.45934477297464243,0.0,0.0
c3_w2_tcop_cm0_states_L0.4_kp0_0000_ucp0_2425_s137,cm0,stageC,0.0,0.0,0.5,0.24248438819907564,137,3,0.24248438819907564,0,True,,0.43414400000000003,-0.0003048737856434719,-0.004930214344932926,0.0,0.4593447729746423,0.24834715251551656,0.24834715251551662,0.0,0.45934477297464243,0.45934477297464243,0.0,0.0
c3_w2_tcop_cm0_states_L0.4_kp0_0000_ucp0_2425_s137,cm0,stageC,0.0,0.0,0.5,0.24248438819907564,137,4,0.24248438819907564,1,True,,0.433296,0.0014509780240196915,-0.01907628808047314,0.0,0.4593447729746423,0.24834715251551656,0.24834715251551662,0.0,0.45934477297464243,0.45934477297464243,0.0,0.0
c3_w2_tcop_cm0_states_L0.4_kp0_0000_ucp0_2425_s137,cm0,stageC,0.0,0.0,0.5,0.24248438819907564,137,5,0.24248438819907564,2,True,,0.43288,0.002909672987135244,-0.00090231964876783,0.0,0.4593447729746423,0.24834715251551656,0.24834715251551662,0.0,0.45934477297464243,0.45934477297464243,0.0,0.0
c3_w2_tcop_cm0_states_L0.4_kp0_0000_ucp0_2425_s137,cm0,stageC,0.0,0.0,0.5,0.24248438819907564,137,6,0.24248438819907564,0,True,,0.43251199999999995,0.0005663829088627362,-0.006570417878682371,0.0,0.4593447729746423,0.24834715251551656,0.24834715251551662,0.0,0.45934477297464243,0.45934477297464243,0.0,0.0
c3_w2_tcop_cm0_states_L0.4_kp0_0000_ucp0_2425_s137,cm0,stageC,0.0,0.0,0.5,0.24248438819907564,137,7,0.24248438819907564,1,True,,0.433952,-0.0001517641947281973,-0.0008974918685545806,0.0,0.4593447729746423,0.24834715251551656,0.24834715251551662,0.0,0.45934477297464243,0.45934477297464243,0.0,0.0
c3_w2_tcop_cm0_states_L0.4_kp0_0000_ucp0_2425_s137,cm0,stageC,0.0,0.0,0.5,0.24248438819907564,137,8,0.24248438819907564,2,True,,0.43209600000000004,0.00047607465979668766,0.0017506827521978849,0.0,0.4593447729746423,0.24834715251551656,0.24834715251551662,0.0,0.45934477297464243,0.45934477297464243,0.0,0.0
c3_w2_tcop_cm0_states_L0.4_kp0_0000_ucp0_2425_s137,cm0,stageC,0.0,0.0,0.5,0.24248438819907564,137,9,0.24248438819907564,0,True,,0.43260800000000005,0.002491500657882436,0.017247139207504272,0.0,0.4593447729746423,0.24834715251551656,0.24834715251551662,0.0,0.45934477297464243,0.45934477297464243,0.0,0.0
c3_w2_tcop_cm0_states_L0.4_kp0_0000_ucp0_2425_s137,cm0,stageC,0.0,0.0,0.5,0.24248438819907564,137,10,0.24248438819907564,1,True,,0.433504,-0.0012312418366635688,0.0068547709885845055,0.0,0.4593447729746423,0.24834715251551656,0.24834715251551662,0.0,0.45934477297464243,0.45934477297464243,0.0,0.0
c3_w2_tcop_cm0_states_L0.4_kp0_0000_ucp0_2425_s137,cm0,stageC,0.0,0.0,0.5,0.24248438819907564,137,11,0.24248438819907564,2,True,,0.43254400000000004,-0.0007841212650544271,0.001583205913479608,0.0,0.4593447729746423,0.24834715251551656,0.24834715251551662,0.0,0.45934477297464243,0.45934477297464243,0.0,0.0
c3_w2_tcop_cm0_states_L0.4_kp0_0000_ucp0_2425_s137,cm0,stageC,0.0,0.0,0.5,0.24248438819907564,137,12,0.24248438819907564,0,True,,0.43545600000000007,-0.0002501268130806157,0.007335604180483701,0.0,0.4593447729746423,0.24834715251551656,0.24834715251551662,0.0,0.45934477297464243,0.45934477297464243,0.0,0.0
c3_w2_tcop_cm0_states_L0.4_kp0_0000_ucp0_2425_s137,cm0,stageC,0.0,0.0,0.5,0.24248438819907564,137,13,0.24248438819907564,1,True,,0.43148800000000004,-0.0009332693953993213,-0.006822214530697431,0.0,0.4593447729746423,0.24834715251551656,0.24834715251551662,0.0,0.45934477297464243,0.45934477297464243,0.0,0.0
c3_w2_tcop_cm0_states_L0.4_kp0_0000_ucp0_2425_s137,cm0,stageC,0.0,0.0,0.5,0.24248438819907564,137,14,0.24248438819907564,2,True,,0.434064,0.0029331823371244715,0.0033895028432026995,0.0,0.4593447729746423,0.24834715251551656,0.24834715251551662,0.0,0.45934477297464243,0.45934477297464243,0.0,0.0
c3_w2_tcop_cm0_states_L0.4_kp0_0000_ucp0_2425_s137,cm0,stageC,0.0,0.0,0.5,0.24248438819907564,137,15,0.24248438819907564,0,False,BLOCK_15_PARTIAL_CYCLE,0.4328,-0.001992316395954341,0.025063819911812484,0.0,0.4593447729746423,0.24834715251551656,0.24834715251551662,0.0,0.45934477297464243,0.45934477297464243,0.0,0.0
c3_w2_tcop_cm0_states_L0.4_kp0_0000_ucp0_2425_s256,cm0,stageC,0.0,0.0,0.5,0.24248438819907564,256,0,0.24248438819907564,0,False,PRE_PRIMARY_INCOMPLETE_CYCLE,0.421008,0.0037229924700536536,0.002900007906128085,0.0,0.4593447729746423,0.24834715251551656,0.24834715251551662,0.0,0.45934477297464243,0.45934477297464243,0.0,0.0
c3_w2_tcop_cm0_states_L0.4_kp0_0000_ucp0_2425_s256,cm0,stageC,0.0,0.0,0.5,0.24248438819907564,256,1,0.24248438819907564,1,False,PRE_PRIMARY_INCOMPLETE_CYCLE,0.43504,-0.0032201841460084723,-0.0017150683784454663,0.0,0.4593447729746423,0.24834715251551656,0.24834715251551662,0.0,0.45934477297464243,0.45934477297464243,0.0,0.0
c3_w2_tcop_cm0_states_L0.4_kp0_0000_ucp0_2425_s256,cm0,stageC,0.0,0.0,0.5,0.24248438819907564,256,2,0.24248438819907564,2,False,PRE_PRIMARY_INCOMPLETE_CYCLE,0.43556799999999996,-0.0007177225078346413,-0.0021577935016479136,0.0,0.4593447729746423,0.24834715251551656,0.24834715251551662,0.0,0.45934477297464243,0.45934477297464243,0.0,0.0
c3_w2_tcop_cm0_states_L0.4_kp0_0000_ucp0_2425_s256,cm0,stageC,0.0,0.0,0.5,0.24248438819907564,256,3,0.24248438819907564,0,True,,0.43644800000000006,0.0001435954817472364,0.0017568154855855684,0.0,0.4593447729746423,0.24834715251551656,0.24834715251551662,0.0,0.45934477297464243,0.45934477297464243,0.0,0.0
c3_w2_tcop_cm0_states_L0.4_kp0_0000_ucp0_2425_s256,cm0,stageC,0.0,0.0,0.5,0.24248438819907564,256,4,0.24248438819907564,1,True,,0.4325280000000001,0.0037041047512455538,0.014937719934028057,0.0,0.4593447729746423,0.24834715251551656,0.24834715251551662,0.0,0.45934477297464243,0.45934477297464243,0.0,0.0
c3_w2_tcop_cm0_states_L0.4_kp0_0000_ucp0_2425_s256,cm0,stageC,0.0,0.0,0.5,0.24248438819907564,256,5,0.24248438819907564,2,True,,0.43049600000000005,0.0005189401242634638,-0.02562397754591432,0.0,0.4593447729746423,0.24834715251551656,0.24834715251551662,0.0,0.45934477297464243,0.45934477297464243,0.0,0.0
c3_w2_tcop_cm0_states_L0.4_kp0_0000_ucp0_2425_s256,cm0,stageC,0.0,0.0,0.5,0.24248438819907564,256,6,0.24248438819907564,0,True,,0.431712,-0.004282451038092113,-0.00254411242123184,0.0,0.4593447729746423,0.24834715251551656,0.24834715251551662,0.0,0.45934477297464243,0.45934477297464243,0.0,0.0
c3_w2_tcop_cm0_states_L0.4_kp0_0000_ucp0_2425_s256,cm0,stageC,0.0,0.0,0.5,0.24248438819907564,256,7,0.24248438819907564,1,True,,0.43492800000000004,-0.0004853295505739844,0.005492178367895028,0.0,0.4593447729746423,0.24834715251551656,0.24834715251551662,0.0,0.45934477297464243,0.45934477297464243,0.0,0.0
c3_w2_tcop_cm0_states_L0.4_kp0_0000_ucp0_2425_s256,cm0,stageC,0.0,0.0,0.5,0.24248438819907564,256,8,0.24248438819907564,2,True,,0.434512,0.0034893883688823044,-0.009577692985448713,0.0,0.4593447729746423,0.24834715251551656,0.24834715251551662,0.0,0.45934477297464243,0.45934477297464243,0.0,0.0
c3_w2_tcop_cm0_states_L0.4_kp0_0000_ucp0_2425_s256,cm0,stageC,0.0,0.0,0.5,0.24248438819907564,256,9,0.24248438819907564,0,True,,0.43491199999999997,-0.0010681845411118934,0.018566305752829516,0.0,0.4593447729746423,0.24834715251551656,0.24834715251551662,0.0,0.45934477297464243,0.45934477297464243,0.0,0.0
c3_w2_tcop_cm0_states_L0.4_kp0_0000_ucp0_2425_s256,cm0,stageC,0.0,0.0,0.5,0.24248438819907564,256,10,0.24248438819907564,1,True,,0.433568,-0.0030288911877502473,-0.004777286889522106,0.0,0.4593447729746423,0.24834715251551656,0.24834715251551662,0.0,0.45934477297464243,0.45934477297464243,0.0,0.0
c3_w2_tcop_cm0_states_L0.4_kp0_0000_ucp0_2425_s256,cm0,stageC,0.0,0.0,0.5,0.24248438819907564,256,11,0.24248438819907564,2,True,,0.43368,-0.00041551825254037585,-0.0037904974642854316,0.0,0.4593447729746423,0.24834715251551656,0.24834715251551662,0.0,0.45934477297464243,0.45934477297464243,0.0,0.0
c3_w2_tcop_cm0_states_L0.4_kp0_0000_ucp0_2425_s256,cm0,stageC,0.0,0.0,0.5,0.24248438819907564,256,12,0.24248438819907564,0,True,,0.43233600000000005,-0.002916767891520024,0.004479407185005668,0.0,0.4593447729746423,0.24834715251551656,0.24834715251551662,0.0,0.45934477297464243,0.45934477297464243,0.0,0.0
c3_w2_tcop_cm0_states_L0.4_kp0_0000_ucp0_2425_s256,cm0,stageC,0.0,0.0,0.5,0.24248438819907564,256,13,0.24248438819907564,1,True,,0.43152000000000007,0.006311086993009295,0.013935853859574014,0.0,0.4593447729746423,0.24834715251551656,0.24834715251551662,0.0,0.45934477297464243,0.45934477297464243,0.0,0.0
c3_w2_tcop_cm0_states_L0.4_kp0_0000_ucp0_2425_s256,cm0,stageC,0.0,0.0,0.5,0.24248438819907564,256,14,0.24248438819907564,2,True,,0.432704,-0.004308825291481708,0.009996059516035287,0.0,0.4593447729746423,0.24834715251551656,0.24834715251551662,0.0,0.45934477297464243,0.45934477297464243,0.0,0.0
c3_w2_tcop_cm0_states_L0.4_kp0_0000_ucp0_2425_s256,cm0,stageC,0.0,0.0,0.5,0.24248438819907564,256,15,0.24248438819907564,0,False,BLOCK_15_PARTIAL_CYCLE,0.43249599999999994,0.0008498743117464773,-0.0004025548417089793,0.0,0.4593447729746423,0.24834715251551656,0.24834715251551662,0.0,0.45934477297464243,0.45934477297464243,0.0,0.0
c3_w2_tcop_cm0_states_L0.4_kp0_0000_ucp0_2425_s1024,cm0,stageC,0.0,0.0,0.5,0.24248438819907564,1024,0,0.24248438819907564,0,False,PRE_PRIMARY_INCOMPLETE_CYCLE,0.42342399999999997,-0.0025982641618909437,-0.002992167940444259,0.0,0.4593447729746423,0.24834715251551656,0.24834715251551662,0.0,0.45934477297464243,0.45934477297464243,0.0,0.0
c3_w2_tcop_cm0_states_L0.4_kp0_0000_ucp0_2425_s1024,cm0,stageC,0.0,0.0,0.5,0.24248438819907564,1024,1,0.24248438819907564,1,False,PRE_PRIMARY_INCOMPLETE_CYCLE,0.43288000000000004,-0.0006913463322257569,-0.005186315689955567,0.0,0.4593447729746423,0.24834715251551656,0.24834715251551662,0.0,0.45934477297464243,0.45934477297464243,0.0,0.0
c3_w2_tcop_cm0_states_L0.4_kp0_0000_ucp0_2425_s1024,cm0,stageC,0.0,0.0,0.5,0.24248438819907564,1024,2,0.24248438819907564,2,False,PRE_PRIMARY_INCOMPLETE_CYCLE,0.431936,0.0003379804020260098,0.006781798933957948,0.0,0.4593447729746423,0.24834715251551656,0.24834715251551662,0.0,0.45934477297464243,0.45934477297464243,0.0,0.0
c3_w2_tcop_cm0_states_L0.4_kp0_0000_ucp0_2425_s1024,cm0,stageC,0.0,0.0,0.5,0.24248438819907564,1024,3,0.24248438819907564,0,True,,0.43267199999999995,0.00039944673315388534,-0.009807753640596764,0.0,0.4593447729746423,0.24834715251551656,0.24834715251551662,0.0,0.45934477297464243,0.45934477297464243,0.0,0.0
c3_w2_tcop_cm0_states_L0.4_kp0_0000_ucp0_2425_s1024,cm0,stageC,0.0,0.0,0.5,0.24248438819907564,1024,4,0.24248438819907564,1,True,,0.434976,0.000524248163949182,-0.002117137344329697,0.0,0.4593447729746423,0.24834715251551656,0.24834715251551662,0.0,0.45934477297464243,0.45934477297464243,0.0,0.0
c3_w2_tcop_cm0_states_L0.4_kp0_0000_ucp0_2425_s1024,cm0,stageC,0.0,0.0,0.5,0.24248438819907564,1024,5,0.24248438819907564,2,True,,0.43407999999999997,-0.0013133939096765484,-0.004771872774102805,0.0,0.4593447729746423,0.24834715251551656,0.24834715251551662,0.0,0.45934477297464243,0.45934477297464243,0.0,0.0
c3_w2_tcop_cm0_states_L0.4_kp0_0000_ucp0_2425_s1024,cm0,stageC,0.0,0.0,0.5,0.24248438819907564,1024,6,0.24248438819907564,0,True,,0.43750400000000006,-0.0015039352299194367,-0.0007247027634712638,0.0,0.4593447729746423,0.24834715251551656,0.24834715251551662,0.0,0.45934477297464243,0.45934477297464243,0.0,0.0
c3_w2_tcop_cm0_states_L0.4_kp0_0000_ucp0_2425_s1024,cm0,stageC,0.0,0.0,0.5,0.24248438819907564,1024,7,0.24248438819907564,1,True,,0.43091199999999996,-0.000113274848891645,0.017795556426547905,0.0,0.4593447729746423,0.24834715251551656,0.24834715251551662,0.0,0.45934477297464243,0.45934477297464243,0.0,0.0
c3_w2_tcop_cm0_states_L0.4_kp0_0000_ucp0_2425_s1024,cm0,stageC,0.0,0.0,0.5,0.24248438819907564,1024,8,0.24248438819907564,2,True,,0.43007999999999996,-0.001073588037438419,0.004749989648216834,0.0,0.4593447729746423,0.24834715251551656,0.24834715251551662,0.0,0.45934477297464243,0.45934477297464243,0.0,0.0
c3_w2_tcop_cm0_states_L0.4_kp0_0000_ucp0_2425_s1024,cm0,stageC,0.0,0.0,0.5,0.24248438819907564,1024,9,0.24248438819907564,0,True,,0.43332800000000005,-0.004692574939008136,0.0016062181490484866,0.0,0.4593447729746423,0.24834715251551656,0.24834715251551662,0.0,0.45934477297464243,0.45934477297464243,0.0,0.0
c3_w2_tcop_cm0_states_L0.4_kp0_0000_ucp0_2425_s1024,cm0,stageC,0.0,0.0,0.5,0.24248438819907564,1024,10,0.24248438819907564,1,True,,0.43316799999999994,0.0007592727375369227,-0.004381432484496902,0.0,0.4593447729746423,0.24834715251551656,0.24834715251551662,0.0,0.45934477297464243,0.45934477297464243,0.0,0.0
c3_w2_tcop_cm0_states_L0.4_kp0_0000_ucp0_2425_s1024,cm0,stageC,0.0,0.0,0.5,0.24248438819907564,1024,11,0.24248438819907564,2,True,,0.433072,0.0007698637068842188,0.0068122082198953686,0.0,0.4593447729746423,0.24834715251551656,0.24834715251551662,0.0,0.45934477297464243,0.45934477297464243,0.0,0.0
c3_w2_tcop_cm0_states_L0.4_kp0_0000_ucp0_2425_s1024,cm0,stageC,0.0,0.0,0.5,0.24248438819907564,1024,12,0.24248438819907564,0,True,,0.43190400000000007,-0.001249229604265059,-0.01598791040525224,0.0,0.4593447729746423,0.24834715251551656,0.24834715251551662,0.0,0.45934477297464243,0.45934477297464243,0.0,0.0
c3_w2_tcop_cm0_states_L0.4_kp0_0000_ucp0_2425_s1024,cm0,stageC,0.0,0.0,0.5,0.24248438819907564,1024,13,0.24248438819907564,1,True,,0.43659200000000004,-0.0011815711039502102,-0.02536174327608548,0.0,0.4593447729746423,0.24834715251551656,0.24834715251551662,0.0,0.45934477297464243,0.45934477297464243,0.0,0.0
c3_w2_tcop_cm0_states_L0.4_kp0_0000_ucp0_2425_s1024,cm0,stageC,0.0,0.0,0.5,0.24248438819907564,1024,14,0.24248438819907564,2,True,,0.436144,-0.0004370730460310629,0.002797939538189136,0.0,0.4593447729746423,0.24834715251551656,0.24834715251551662,0.0,0.45934477297464243,0.45934477297464243,0.0,0.0
c3_w2_tcop_cm0_states_L0.4_kp0_0000_ucp0_2425_s1024,cm0,stageC,0.0,0.0,0.5,0.24248438819907564,1024,15,0.24248438819907564,0,False,BLOCK_15_PARTIAL_CYCLE,0.434192,0.0016216430261049013,0.0016050655407630898,0.0,0.4593447729746423,0.24834715251551656,0.24834715251551662,0.0,0.45934477297464243,0.45934477297464243,0.0,0.0
c3_w2_tcop_cm0_states_L0.4_kp0_0000_ucp0_2425_s31415,cm0,stageC,0.0,0.0,0.5,0.24248438819907564,31415,0,0.24248438819907564,0,False,PRE_PRIMARY_INCOMPLETE_CYCLE,0.41739200000000004,-0.00513808963624553,0.01438432489348679,0.0,0.4593447729746423,0.24834715251551656,0.24834715251551662,0.0,0.45934477297464243,0.45934477297464243,0.0,0.0
c3_w2_tcop_cm0_states_L0.4_kp0_0000_ucp0_2425_s31415,cm0,stageC,0.0,0.0,0.5,0.24248438819907564,31415,1,0.24248438819907564,1,False,PRE_PRIMARY_INCOMPLETE_CYCLE,0.430528,0.0012461341258304514,0.008068905402917638,0.0,0.4593447729746423,0.24834715251551656,0.24834715251551662,0.0,0.45934477297464243,0.45934477297464243,0.0,0.0
c3_w2_tcop_cm0_states_L0.4_kp0_0000_ucp0_2425_s31415,cm0,stageC,0.0,0.0,0.5,0.24248438819907564,31415,2,0.24248438819907564,2,False,PRE_PRIMARY_INCOMPLETE_CYCLE,0.433728,0.0008198935602585077,-0.00866117662510987,0.0,0.4593447729746423,0.24834715251551656,0.24834715251551662,0.0,0.45934477297464243,0.45934477297464243,0.0,0.0
c3_w2_tcop_cm0_states_L0.4_kp0_0000_ucp0_2425_s31415,cm0,stageC,0.0,0.0,0.5,0.24248438819907564,31415,3,0.24248438819907564,0,True,,0.432144,-0.004162542101649899,-0.005418504343092393,0.0,0.4593447729746423,0.24834715251551656,0.24834715251551662,0.0,0.45934477297464243,0.45934477297464243,0.0,0.0
c3_w2_tcop_cm0_states_L0.4_kp0_0000_ucp0_2425_s31415,cm0,stageC,0.0,0.0,0.5,0.24248438819907564,31415,4,0.24248438819907564,1,True,,0.43316799999999994,0.0007310718082735768,-0.013214774162560748,0.0,0.4593447729746423,0.24834715251551656,0.24834715251551662,0.0,0.45934477297464243,0.45934477297464243,0.0,0.0
c3_w2_tcop_cm0_states_L0.4_kp0_0000_ucp0_2425_s31415,cm0,stageC,0.0,0.0,0.5,0.24248438819907564,31415,5,0.24248438819907564,2,True,,0.43075199999999997,0.0018274723184959058,0.008414008486035561,0.0,0.4593447729746423,0.24834715251551656,0.24834715251551662,0.0,0.45934477297464243,0.45934477297464243,0.0,0.0
c3_w2_tcop_cm0_states_L0.4_kp0_0000_ucp0_2425_s31415,cm0,stageC,0.0,0.0,0.5,0.24248438819907564,31415,6,0.24248438819907564,0,True,,0.434512,0.0018120379910103953,-0.0038380882298775032,0.0,0.4593447729746423,0.24834715251551656,0.24834715251551662,0.0,0.45934477297464243,0.45934477297464243,0.0,0.0
c3_w2_tcop_cm0_states_L0.4_kp0_0000_ucp0_2425_s31415,cm0,stageC,0.0,0.0,0.5,0.24248438819907564,31415,7,0.24248438819907564,1,True,,0.43344,-0.002812481630914869,-0.007867365988087835,0.0,0.4593447729746423,0.24834715251551656,0.24834715251551662,0.0,0.45934477297464243,0.45934477297464243,0.0,0.0
c3_w2_tcop_cm0_states_L0.4_kp0_0000_ucp0_2425_s31415,cm0,stageC,0.0,0.0,0.5,0.24248438819907564,31415,8,0.24248438819907564,2,True,,0.43283199999999994,0.0027638459689963723,0.006590325267795772,0.0,0.4593447729746423,0.24834715251551656,0.24834715251551662,0.0,0.45934477297464243,0.45934477297464243,0.0,0.0
c3_w2_tcop_cm0_states_L0.4_kp0_0000_ucp0_2425_s31415,cm0,stageC,0.0,0.0,0.5,0.24248438819907564,31415,9,0.24248438819907564,0,True,,0.43076800000000004,0.00028445429892952416,-0.010121105829311482,0.0,0.4593447729746423,0.24834715251551656,0.24834715251551662,0.0,0.45934477297464243,0.45934477297464243,0.0,0.0
c3_w2_tcop_cm0_states_L0.4_kp0_0000_ucp0_2425_s31415,cm0,stageC,0.0,0.0,0.5,0.24248438819907564,31415,10,0.24248438819907564,1,True,,0.43367999999999995,-0.0017219947215373255,0.0032952058413221893,0.0,0.4593447729746423,0.24834715251551656,0.24834715251551662,0.0,0.45934477297464243,0.45934477297464243,0.0,0.0
c3_w2_tcop_cm0_states_L0.4_kp0_0000_ucp0_2425_s31415,cm0,stageC,0.0,0.0,0.5,0.24248438819907564,31415,11,0.24248438819907564,2,True,,0.431296,0.0026040441658175912,-0.0053994925565214215,0.0,0.4593447729746423,0.24834715251551656,0.24834715251551662,0.0,0.45934477297464243,0.45934477297464243,0.0,0.0
c3_w2_tcop_cm0_states_L0.4_kp0_0000_ucp0_2425_s31415,cm0,stageC,0.0,0.0,0.5,0.24248438819907564,31415,12,0.24248438819907564,0,True,,0.43324799999999997,-0.003219028929016646,0.009287755119026726,0.0,0.4593447729746423,0.24834715251551656,0.24834715251551662,0.0,0.45934477297464243,0.45934477297464243,0.0,0.0
c3_w2_tcop_cm0_states_L0.4_kp0_0000_ucp0_2425_s31415,cm0,stageC,0.0,0.0,0.5,0.24248438819907564,31415,13,0.24248438819907564,1,True,,0.43422399999999994,-0.0039034886456234463,-0.013594483692878445,0.0,0.4593447729746423,0.24834715251551656,0.24834715251551662,0.0,0.45934477297464243,0.45934477297464243,0.0,0.0
c3_w2_tcop_cm0_states_L0.4_kp0_0000_ucp0_2425_s31415,cm0,stageC,0.0,0.0,0.5,0.24248438819907564,31415,14,0.24248438819907564,2,True,,0.43156800000000006,-0.0003829909282757683,0.001311595147364542,0.0,0.4593447729746423,0.24834715251551656,0.24834715251551662,0.0,0.45934477297464243,0.45934477297464243,0.0,0.0
c3_w2_tcop_cm0_states_L0.4_kp0_0000_ucp0_2425_s31415,cm0,stageC,0.0,0.0,0.5,0.24248438819907564,31415,15,0.24248438819907564,0,False,BLOCK_15_PARTIAL_CYCLE,0.43723200000000007,-0.0023050162162182707,-0.009460028483527987,0.0,0.4593447729746423,0.24834715251551656,0.24834715251551662,0.0,0.45934477297464243,0.45934477297464243,0.0,0.0
c3_w2_tcop_cm0_states_L0.4_kp0_1042_ucp0_0498_s42,cm0,stageC,0.05,0.1042,0.1,0.04977134874876729,42,0,0.04977134874876729,0,False,PRE_PRIMARY_INCOMPLETE_CYCLE,0.38974400000000003,0.0009347057806543194,0.01620942872605708,0.050444840840891125,0.4064794771452134,0.24117106397436378,0.2385956506716495,0.0,0.3870110273962671,0.4374558682371582,0.3771251632701043,0.2743090277396322
c3_w2_tcop_cm0_states_L0.4_kp0_1042_ucp0_0498_s42,cm0,stageC,0.05,0.1042,0.1,0.04977134874876729,42,1,0.04977134874876729,1,False,PRE_PRIMARY_INCOMPLETE_CYCLE,0.40348800000000007,-0.002958781374153216,-0.005351028644341343,0.050444840840891125,0.40716728837452953,0.24130721386592904,0.2385956506716495,0.0,0.3870110273962671,0.4374558682371582,0.3634723482019913,0.26632313316412387
c3_w2_tcop_cm0_states_L0.4_kp0_1042_ucp0_0498_s42,cm0,stageC,0.05,0.1042,0.1,0.04977134874876729,42,2,0.04977134874876729,2,False,PRE_PRIMARY_INCOMPLETE_CYCLE,0.402112,0.00023974750138599807,0.005312575244590989,0.050444840840891125,0.40709882566432537,0.24129255636404107,0.2385956506716495,0.0,0.3870110273962671,0.4374558682371582,0.3778725872421534,0.27666787439883483
c3_w2_tcop_cm0_states_L0.4_kp0_1042_ucp0_0498_s42,cm0,stageC,0.05,0.1042,0.1,0.04977134874876729,42,3,0.04977134874876729,0,True,,0.40510399999999996,-0.0005081422892622037,-0.008743004110707765,0.050444840840891125,0.4072490152219572,0.2413211571351203,0.2385956506716495,0.0,0.3870110273962671,0.4374558682371582,0.3703659711278581,0.2652815072539532
c3_w2_tcop_cm0_states_L0.4_kp0_1042_ucp0_0498_s42,cm0,stageC,0.05,0.1042,0.1,0.04977134874876729,42,4,0.04977134874876729,1,True,,0.403936,0.00311573718553907,0.0008296511836957987,0.050444840840891125,0.4071904489307461,0.24130990206129782,0.2385956506716495,0.0,0.3870110273962671,0.4374558682371582,0.3796180268367982,0.2772052912514161
c3_w2_tcop_cm0_states_L0.4_kp0_1042_ucp0_0498_s42,cm0,stageC,0.05,0.1042,0.1,0.04977134874876729,42,5,0.04977134874876729,2,True,,0.40692799999999996,-0.0008791494484746127,0.004047786170381869,0.050444840840891125,0.4073405089686923,0.24133876434822094,0.2385956506716495,0.0,0.3870110273962671,0.4374558682371582,0.3667964635780401,0.26571366417512016
c3_w2_tcop_cm0_states_L0.4_kp0_1042_ucp0_0498_s42,cm0,stageC,0.05,0.1042,0.1,0.04977134874876729,42,6,0.04977134874876729,0,True,,0.40204799999999996,-0.0010555367049633634,-0.00030419294597293747,0.050444840840891125,0.4070949937762535,0.24129349854887233,0.2385956506716495,0.0,0.3870110273962671,0.4374558682371582,0.37018229706210304,0.2716917731567431
c3_w2_tcop_cm0_states_L0.4_kp0_1042_ucp0_0498_s42,cm0,stageC,0.05,0.1042,0.1,0.04977134874876729,42,7,0.04977134874876729,1,True,,0.40399999999999997,0.00024533772885863885,0.0053987528716770575,0.050444840840891125,0.407193564165668,0.2413107085279868,0.2385956506716495,0.0,0.3870110273962671,0.4374558682371582,0.37107912062681636,0.2733586791501546
c3_w2_tcop_cm0_states_L0.4_kp0_1042_ucp0_0498_s42,cm0,stageC,0.05,0.1042,0.1,0.04977134874876729,42,8,0.04977134874876729,2,True,,0.40211199999999997,-0.0009172800214787236,0.014991121180061542,0.050444840840891125,0.40709838293795636,0.2412936732689819,0.2385956506716495,0.0,0.3870110273962671,0.4374558682371582,0.36974766310014906,0.27057853691752337
c3_w2_tcop_cm0_states_L0.4_kp0_1042_ucp0_0498_s42,cm0,stageC,0.05,0.1042,0.1,0.04977134874876729,42,9,0.04977134874876729,0,True,,0.405216,0.00048114709773115663,0.02617679103717248,0.050444840840891125,0.4072545377512326,0.2413224885031224,0.2385956506716495,0.0,0.3870110273962671,0.4374558682371582,0.3737848599118086,0.27079857483863967
c3_w2_tcop_cm0_states_L0.4_kp0_1042_ucp0_0498_s42,cm0,stageC,0.05,0.1042,0.1,0.04977134874876729,42,10,0.04977134874876729,1,True,,0.403424,0.0009645236760537712,0.0018742579809724604,0.050444840840891125,0.4071646401361723,0.24130527174045047,0.2385956506716495,0.0,0.3870110273962671,0.4374558682371582,0.37305675167695285,0.27090405850795685
c3_w2_tcop_cm0_states_L0.4_kp0_1042_ucp0_0498_s42,cm0,stageC,0.05,0.1042,0.1,0.04977134874876729,42,11,0.04977134874876729,2,True,,0.40136000000000005,0.0006278180915254397,-0.007385547574768932,0.050444840840891125,0.40706074601098946,0.24128623837154006,0.2385956506716495,0.0,0.3870110273962671,0.4374558682371582,0.377025993122378,0.27781152650922986
c3_w2_tcop_cm0_states_L0.4_kp0_1042_ucp0_0498_s42,cm0,stageC,0.05,0.1042,0.1,0.04977134874876729,42,12,0.04977134874876729,0,True,,0.40751999999999994,0.0003964281107545747,0.00797656845900272,0.050444840840891125,0.40737110769391177,0.2413422931545112,0.2385956506716495,0.0,0.3870110273962671,0.4374558682371582,0.37043760738238357,0.27461318907392673
c3_w2_tcop_cm0_states_L0.4_kp0_1042_ucp0_0498_s42,cm0,stageC,0.05,0.1042,0.1,0.04977134874876729,42,13,0.04977134874876729,1,True,,0.40478400000000003,-0.004440039887644111,-0.00454731326237187,0.050444840840891125,0.40723287648659795,0.24131828678520797,0.2385956506716495,0.0,0.3870110273962671,0.4374558682371582,0.36140159660767296,0.26878348060918184
c3_w2_tcop_cm0_states_L0.4_kp0_1042_ucp0_0498_s42,cm0,stageC,0.05,0.1042,0.1,0.04977134874876729,42,14,0.04977134874876729,2,True,,0.4012,-0.0008250075751843452,0.012489018277032263,0.050444840840891125,0.4070523679298271,0.24128549517968387,0.2385956506716495,0.0,0.3870110273962671,0.4374558682371582,0.36524146065774,0.2683923447198799
c3_w2_tcop_cm0_states_L0.4_kp0_1042_ucp0_0498_s42,cm0,stageC,0.05,0.1042,0.1,0.04977134874876729,42,15,0.04977134874876729,0,False,BLOCK_15_PARTIAL_CYCLE,0.40465599999999996,-0.003770465597246215,0.02398816452682673,0.050444840840891125,0.40722629539723265,0.2413174876825942,0.2385956506716495,0.0,0.3870110273962671,0.4374558682371582,0.36374541854272147,0.2725036000449087
c3_w2_tcop_cm0_states_L0.4_kp0_1042_ucp0_0498_s137,cm0,stageC,0.05,0.1042,0.1,0.04977134874876729,137,0,0.04977134874876729,0,False,PRE_PRIMARY_INCOMPLETE_CYCLE,0.395408,0.0007925392233253794,0.013896617544849402,0.050444840840891125,0.40676464002335816,0.24122313518283348,0.2385956506716495,0.0,0.3870110273962671,0.4374558682371582,0.3761025552392283,0.2744286253640295
c3_w2_tcop_cm0_states_L0.4_kp0_1042_ucp0_0498_s137,cm0,stageC,0.05,0.1042,0.1,0.04977134874876729,137,1,0.04977134874876729,1,False,PRE_PRIMARY_INCOMPLETE_CYCLE,0.4036,-0.0032795082640235834,-0.007721868403485668,0.050444840840891125,0.40717320140154534,0.24130756459432678,0.2385956506716495,0.0,0.3870110273962671,0.4374558682371582,0.36648815349790614,0.2682833547181273
c3_w2_tcop_cm0_states_L0.4_kp0_1042_ucp0_0498_s137,cm0,stageC,0.05,0.1042,0.1,0.04977134874876729,137,2,0.04977134874876729,2,False,PRE_PRIMARY_INCOMPLETE_CYCLE,0.402752,0.0007306051239888302,0.007289941828665956,0.050444840840891125,0.40713063780216696,0.24129944838714967,0.2385956506716495,0.0,0.3870110273962671,0.4374558682371582,0.3688434056383298,0.2681947606343898
c3_w2_tcop_cm0_states_L0.4_kp0_1042_ucp0_0498_s137,cm0,stageC,0.05,0.1042,0.1,0.04977134874876729,137,3,0.04977134874876729,0,True,,0.40516800000000003,0.0011902767680527868,0.0072381124020991505,0.050444840840891125,0.40725208605732655,0.24132214400774432,0.2385956506716495,0.0,0.3870110273962671,0.4374558682371582,0.3758663609445629,0.26960821739780577
c3_w2_tcop_cm0_states_L0.4_kp0_1042_ucp0_0498_s137,cm0,stageC,0.05,0.1042,0.1,0.04977134874876729,137,4,0.04977134874876729,1,True,,0.4029760000000001,0.001625290038564553,-0.014674880112301964,0.050444840840891125,0.4071422711138619,0.2413006453500599,0.2385956506716495,0.0,0.3870110273962671,0.4374558682371582,0.3796024886785908,0.271588689911215
c3_w2_tcop_cm0_states_L0.4_kp0_1042_ucp0_0498_s137,cm0,stageC,0.05,0.1042,0.1,0.04977134874876729,137,5,0.04977134874876729,2,True,,0.402848,0.001860410597512133,0.0021505303106227874,0.050444840840891125,0.40713580803410937,0.24129955814222218,0.2385956506716495,0.0,0.3870110273962671,0.4374558682371582,0.37303507944352704,0.26921482215611936
c3_w2_tcop_cm0_states_L0.4_kp0_1042_ucp0_0498_s137,cm0,stageC,0.05,0.1042,0.1,0.04977134874876729,137,6,0.04977134874876729,0,True,,0.403968,0.001528924517689858,-0.0056422988768843685,0.050444840840891125,0.4071921089384506,0.24131000361176158,0.2385956506716495,0.0,0.3870110273962671,0.4374558682371582,0.3766488869211472,0.2680398382592286
c3_w2_tcop_cm0_states_L0.4_kp0_1042_ucp0_0498_s137,cm0,stageC,0.05,0.1042,0.1,0.04977134874876729,137,7,0.04977134874876729,1,True,,0.404816,-0.00023042698324969373,0.0027940675500058836,0.050444840840891125,0.4072343764618636,0.2413188999054373,0.2385956506716495,0.0,0.3870110273962671,0.4374558682371582,0.3728906309738129,0.273152826895863
c3_w2_tcop_cm0_states_L0.4_kp0_1042_ucp0_0498_s137,cm0,stageC,0.05,0.1042,0.1,0.04977134874876729,137,8,0.04977134874876729,2,True,,0.402752,-0.00046430260541670515,0.010438616076225427,0.050444840840891125,0.4071309157805504,0.24129881271289544,0.2385956506716495,0.0,0.3870110273962671,0.4374558682371582,0.3730922433357629,0.27394025896940966
c3_w2_tcop_cm0_states_L0.4_kp0_1042_ucp0_0498_s137,cm0,stageC,0.05,0.1042,0.1,0.04977134874876729,137,9,0.04977134874876729,0,True,,0.403824,0.0038530429462295575,0.028197061330640955,0.050444840840891125,0.4071852577454832,0.24130771191201786,0.2385956506716495,0.0,0.3870110273962671,0.4374558682371582,0.3845186220470252,0.2767335669227753
c3_w2_tcop_cm0_states_L0.4_kp0_1042_ucp0_0498_s137,cm0,stageC,0.05,0.1042,0.1,0.04977134874876729,137,10,0.04977134874876729,1,True,,0.404048,-0.002185377968504172,0.019558915892938917,0.050444840840891125,0.407195373802361,0.24131263313662987,0.2385956506716495,0.0,0.3870110273962671,0.4374558682371582,0.3667593166187407,0.26791036835427023
c3_w2_tcop_cm0_states_L0.4_kp0_1042_ucp0_0498_s137,cm0,stageC,0.05,0.1042,0.1,0.04977134874876729,137,11,0.04977134874876729,2,True,,0.402656,-0.0007275291500510345,0.013765946744490056,0.050444840840891125,0.40712608173056214,0.24129790578955296,0.2385956506716495,0.0,0.3870110273962671,0.4374558682371582,0.37328287078542033,0.2714977930000138
c3_w2_tcop_cm0_states_L0.4_kp0_1042_ucp0_0498_s137,cm0,stageC,0.05,0.1042,0.1,0.04977134874876729,137,12,0.04977134874876729,0,True,,0.406544,0.00038961626123692225,0.008669577055280663,0.050444840840891125,0.40732138087747755,0.24133477270371584,0.2385956506716495,0.0,0.3870110273962671,0.4374558682371582,0.37197488567381826,0.2697242689827325
c3_w2_tcop_cm0_states_L0.4_kp0_1042_ucp0_0498_s137,cm0,stageC,0.05,0.1042,0.1,0.04977134874876729,137,13,0.04977134874876729,1,True,,0.40268800000000005,0.0005070292578955778,0.0002553839878314344,0.050444840840891125,0.407127599600147,0.24129839848260146,0.2385956506716495,0.0,0.3870110273962671,0.4374558682371582,0.3728783677696076,0.26873503432369966
c3_w2_tcop_cm0_states_L0.4_kp0_1042_ucp0_0498_s137,cm0,stageC,0.05,0.1042,0.1,0.04977134874876729,137,14,0.04977134874876729,2,True,,0.40492799999999995,0.002140856272324081,0.010673292139446943,0.050444840840891125,0.4072407026892823,0.24131825261480047,0.2385956506716495,0.0,0.3870110273962671,0.4374558682371582,0.37910201373246705,0.27430397986377947
c3_w2_tcop_cm0_states_L0.4_kp0_1042_ucp0_0498_s137,cm0,stageC,0.05,0.1042,0.1,0.04977134874876729,137,15,0.04977134874876729,0,False,BLOCK_15_PARTIAL_CYCLE,0.4036,8.068467809797392e-05,0.02794992453165231,0.050444840840891125,0.4071733427897437,0.24130723372606647,0.2385956506716495,0.0,0.3870110273962671,0.4374558682371582,0.37413484245420386,0.2745322326865992
c3_w2_tcop_cm0_states_L0.4_kp0_1042_ucp0_0498_s256,cm0,stageC,0.05,0.1042,0.1,0.04977134874876729,256,0,0.04977134874876729,0,False,PRE_PRIMARY_INCOMPLETE_CYCLE,0.391904,0.0019006164498500601,0.014353448022515975,0.050444840840891125,0.4065885142637524,0.24119024725054392,0.2385956506716495,0.0,0.3870110273962671,0.4374558682371582,0.3802304507851821,0.2787557183381424
c3_w2_tcop_cm0_states_L0.4_kp0_1042_ucp0_0498_s256,cm0,stageC,0.05,0.1042,0.1,0.04977134874876729,256,1,0.04977134874876729,1,False,PRE_PRIMARY_INCOMPLETE_CYCLE,0.405488,-0.003329161183962789,0.007066530495817334,0.050444840840891125,0.4072684476424911,0.24132447479969854,0.2385956506716495,0.0,0.3870110273962671,0.4374558682371582,0.36290724508714517,0.26771881715367013
c3_w2_tcop_cm0_states_L0.4_kp0_1042_ucp0_0498_s256,cm0,stageC,0.05,0.1042,0.1,0.04977134874876729,256,2,0.04977134874876729,2,False,PRE_PRIMARY_INCOMPLETE_CYCLE,0.40657600000000005,-0.0019268297233636874,0.005368879282928112,0.050444840840891125,0.4073227116590718,0.24133574181751238,0.2385956506716495,0.0,0.3870110273962671,0.4374558682371582,0.36992232399693237,0.2717789069032273
c3_w2_tcop_cm0_states_L0.4_kp0_1042_ucp0_0498_s256,cm0,stageC,0.05,0.1042,0.1,0.04977134874876729,256,3,0.04977134874876729,0,True,,0.40748799999999996,-0.00043924617535632507,0.01175845980470608,0.050444840840891125,0.4073690931133601,0.24134298951840397,0.2385956506716495,0.0,0.3870110273962671,0.4374558682371582,0.3720401196101309,0.2719970761976617
c3_w2_tcop_cm0_states_L0.4_kp0_1042_ucp0_0498_s256,cm0,stageC,0.05,0.1042,0.1,0.04977134874876729,256,4,0.04977134874876729,1,True,,0.40385600000000005,0.0027663987001161085,0.02075188579738981,0.050444840840891125,0.4071866491963344,0.24130858547279102,0.2385956506716495,0.0,0.3870110273962671,0.4374558682371582,0.3793405497831791,0.2728794579138304
c3_w2_tcop_cm0_states_L0.4_kp0_1042_ucp0_0498_s256,cm0,stageC,0.05,0.1042,0.1,0.04977134874876729,256,5,0.04977134874876729,2,True,,0.400608,0.0003420972315208382,-0.013855139864984134,0.050444840840891125,0.40702302299234805,0.24127895055611268,0.2385956506716495,0.0,0.3870110273962671,0.4374558682371582,0.3760545016084042,0.27504174545779864
c3_w2_tcop_cm0_states_L0.4_kp0_1042_ucp0_0498_s256,cm0,stageC,0.05,0.1042,0.1,0.04977134874876729,256,6,0.04977134874876729,0,True,,0.40296,-0.003939627338495021,-0.0017915122104362744,0.050444840840891125,0.4071409641925303,0.24130171502510894,0.2385956506716495,0.0,0.3870110273962671,0.4374558682371582,0.36004684558935196,0.26907343899008196
c3_w2_tcop_cm0_states_L0.4_kp0_1042_ucp0_0498_s256,cm0,stageC,0.05,0.1042,0.1,0.04977134874876729,256,7,0.04977134874876729,1,True,,0.406288,-0.0010214737171258315,0.01194512309437966,0.050444840840891125,0.40730865119928156,0.24133206699222445,0.2385956506716495,0.0,0.3870110273962671,0.4374558682371582,0.37040484739728063,0.2752563498748855
c3_w2_tcop_cm0_states_L0.4_kp0_1042_ucp0_0498_s256,cm0,stageC,0.05,0.1042,0.1,0.04977134874876729,256,8,0.04977134874876729,2,True,,0.40572800000000003,0.0037843824686533676,8.197236017391083e-05,0.050444840840891125,0.40728071379074454,0.2413261832492391,0.2385956506716495,0.0,0.3870110273962671,0.4374558682371582,0.3796975724287638,0.2708561590449218
c3_w2_tcop_cm0_states_L0.4_kp0_1042_ucp0_0498_s256,cm0,stageC,0.05,0.1042,0.1,0.04977134874876729,256,9,0.04977134874876729,0,True,,0.40598399999999996,-0.002152156992500651,0.023538385652262357,0.050444840840891125,0.4072930545990454,0.2413299418700465,0.2385956506716495,0.0,0.3870110273962671,0.4374558682371582,0.3690672752407791,0.2694636408245238
c3_w2_tcop_cm0_states_L0.4_kp0_1042_ucp0_0498_s256,cm0,stageC,0.05,0.1042,0.1,0.04977134874876729,256,10,0.04977134874876729,1,True,,0.40336,-0.0007961190872448859,-0.001932822997257688,0.050444840840891125,0.4071614065250325,0.2413046379133917,0.2385956506716495,0.0,0.3870110273962671,0.4374558682371582,0.369457915282213,0.26729501276804285
c3_w2_tcop_cm0_states_L0.4_kp0_1042_ucp0_0498_s256,cm0,stageC,0.05,0.1042,0.1,0.04977134874876729,256,11,0.04977134874876729,2,True,,0.403376,-0.001639094782155883,0.002873656521944079,0.050444840840891125,0.40716204108343484,0.24130527331587187,0.2385956506716495,0.0,0.3870110273962671,0.4374558682371582,0.36830057848915004,0.27277668504723973
c3_w2_tcop_cm0_states_L0.4_kp0_1042_ucp0_0498_s256,cm0,stageC,0.05,0.1042,0.1,0.04977134874876729,256,12,0.04977134874876729,0,True,,0.40235200000000004,-0.0025532615874276814,0.013897477531503909,0.050444840840891125,0.4071105205775945,0.24129578314235556,0.2385956506716495,0.0,0.3870110273962671,0.4374558682371582,0.36638354062633893,0.27496977987930626
c3_w2_tcop_cm0_states_L0.4_kp0_1042_ucp0_0498_s256,cm0,stageC,0.05,0.1042,0.1,0.04977134874876729,256,13,0.04977134874876729,1,True,,0.401472,0.005730381985862572,0.019338785017349504,0.050444840840891125,0.40706698645137784,0.24128576488959702,0.2385956506716495,0.0,0.3870110273962671,0.4374558682371582,0.3866161214812481,0.2758348500180397
c3_w2_tcop_cm0_states_L0.4_kp0_1042_ucp0_0498_s256,cm0,stageC,0.05,0.1042,0.1,0.04977134874876729,256,14,0.04977134874876729,2,True,,0.4041119999999999,-0.0037457230336224987,0.014099227359986198,0.050444840840891125,0.4071984927265208,0.24131346493102757,0.2385956506716495,0.0,0.3870110273962671,0.4374558682371582,0.3606998335094693,0.2644160017231667
c3_w2_tcop_cm0_states_L0.4_kp0_1042_ucp0_0498_s256,cm0,stageC,0.05,0.1042,0.1,0.04977134874876729,256,15,0.04977134874876729,0,False,BLOCK_15_PARTIAL_CYCLE,0.40353600000000006,9.537850093105982e-05,0.006054433679935875,0.050444840840891125,0.4071702770087187,0.24130630782261767,0.2385956506716495,0.0,0.3870110273962671,0.4374558682371582,0.36828543591133245,0.2724076442967457
c3_w2_tcop_cm0_states_L0.4_kp0_1042_ucp0_0498_s1024,cm0,stageC,0.05,0.1042,0.1,0.04977134874876729,1024,0,0.04977134874876729,0,False,PRE_PRIMARY_INCOMPLETE_CYCLE,0.39263999999999993,-0.0026533018682868103,0.004894211185284769,0.050444840840891125,0.40662532035664745,0.24119764630396007,0.2385956506716495,0.0,0.3870110273962671,0.4374558682371582,0.37000185631572213,0.2771831112786777
c3_w2_tcop_cm0_states_L0.4_kp0_1042_ucp0_0498_s1024,cm0,stageC,0.05,0.1042,0.1,0.04977134874876729,1024,1,0.04977134874876729,1,False,PRE_PRIMARY_INCOMPLETE_CYCLE,0.40348799999999996,-0.00047699945395869906,0.00346727954497701,0.050444840840891125,0.40716760602536306,0.24130648799079482,0.2385956506716495,0.0,0.3870110273962671,0.4374558682371582,0.3706489455434044,0.2748793904436294
c3_w2_tcop_cm0_states_L0.4_kp0_1042_ucp0_0498_s1024,cm0,stageC,0.05,0.1042,0.1,0.04977134874876729,1024,2,0.04977134874876729,2,False,PRE_PRIMARY_INCOMPLETE_CYCLE,0.40211199999999997,0.000884301187444409,0.016331397015518237,0.050444840840891125,0.4070984888111503,0.2412933696917258,0.2385956506716495,0.0,0.3870110273962671,0.4374558682371582,0.3758567708830459,0.26953259706906096
c3_w2_tcop_cm0_states_L0.4_kp0_1042_ucp0_0498_s1024,cm0,stageC,0.05,0.1042,0.1,0.04977134874876729,1024,3,0.04977134874876729,0,True,,0.40384,0.0006876882665408909,0.006423682893391072,0.050444840840891125,0.4071853676179065,0.2413095941613717,0.2385956506716495,0.0,0.3870110273962671,0.4374558682371582,0.3749347154690142,0.2705167413534013
c3_w2_tcop_cm0_states_L0.4_kp0_1042_ucp0_0498_s1024,cm0,stageC,0.05,0.1042,0.1,0.04977134874876729,1024,4,0.04977134874876729,1,True,,0.40598399999999996,0.0015085078459616433,0.006837929565712512,0.050444840840891125,0.4072934801006336,0.24132884533537097,0.2385956506716495,0.0,0.3870110273962671,0.4374558682371582,0.3739565949732721,0.26642127286226785
c3_w2_tcop_cm0_states_L0.4_kp0_1042_ucp0_0498_s1024,cm0,stageC,0.05,0.1042,0.1,0.04977134874876729,1024,5,0.04977134874876729,2,True,,0.40448,-0.0013293557714293693,-0.0005371774817458513,0.050444840840891125,0.4072172076177001,0.24131641714935081,0.2385956506716495,0.0,0.3870110273962671,0.4374558682371582,0.3703352234732904,0.27275702206090086
c3_w2_tcop_cm0_states_L0.4_kp0_1042_ucp0_0498_s1024,cm0,stageC,0.05,0.1042,0.1,0.04977134874876729,1024,6,0.04977134874876729,0,True,,0.40871999999999997,-0.002733004362573123,0.009148367999051008,0.050444840840891125,0.40743092298451195,0.2413547684621263,0.2385956506716495,0.0,0.3870110273962671,0.4374558682371582,0.3645126407365632,0.266877901451426
c3_w2_tcop_cm0_states_L0.4_kp0_1042_ucp0_0498_s1024,cm0,stageC,0.05,0.1042,0.1,0.04977134874876729,1024,7,0.04977134874876729,1,True,,0.400672,0.00214417473156468,0.031293953949259726,0.050444840840891125,0.40702612209145445,0.24127983682711754,0.2385956506716495,0.0,0.3870110273962671,0.4374558682371582,0.3757292178681132,0.2676285185268943
c3_w2_tcop_cm0_states_L0.4_kp0_1042_ucp0_0498_s1024,cm0,stageC,0.05,0.1042,0.1,0.04977134874876729,1024,8,0.04977134874876729,2,True,,0.401344,-0.000942784956970544,0.01768396366226918,0.050444840840891125,0.4070601758487022,0.24128546910695475,0.2385956506716495,0.0,0.3870110273962671,0.4374558682371582,0.3733232881602979,0.27361436045468074
c3_w2_tcop_cm0_states_L0.4_kp0_1042_ucp0_0498_s1024,cm0,stageC,0.05,0.1042,0.1,0.04977134874876729,1024,9,0.04977134874876729,0,True,,0.40536,-0.003101268481813641,0.0067559504985292805,0.050444840840891125,0.40726175401751824,0.2413239018463128,0.2385956506716495,0.0,0.3870110273962671,0.4374558682371582,0.36700307257940745,0.270737830225086
c3_w2_tcop_cm0_states_L0.4_kp0_1042_ucp0_0498_s1024,cm0,stageC,0.05,0.1042,0.1,0.04977134874876729,1024,10,0.04977134874876729,1,True,,0.403968,0.0006355708791883638,0.0011665816523210037,0.050444840840891125,0.4071918924695483,0.2413106017050153,0.2385956506716495,0.0,0.3870110273962671,0.4374558682371582,0.3727611092314664,0.2731817057397835
c3_w2_tcop_cm0_states_L0.4_kp0_1042_ucp0_0498_s1024,cm0,stageC,0.05,0.1042,0.1,0.04977134874876729,1024,11,0.04977134874876729,2,True,,0.402992,0.00012624213697010829,0.016175816998334064,0.050444840840891125,0.40714299716193136,0.24130098910677045,0.2385956506716495,0.0,0.3870110273962671,0.4374558682371582,0.375453132889429,0.274424308933323
c3_w2_tcop_cm0_states_L0.4_kp0_1042_ucp0_0498_s1024,cm0,stageC,0.05,0.1042,0.1,0.04977134874876729,1024,12,0.04977134874876729,0,True,,0.402624,-0.0008016306438616455,-0.008557763351097272,0.050444840840891125,0.40712412369376116,0.24129846850090314,0.2385956506716495,0.0,0.3870110273962671,0.4374558682371582,0.36980281146830635,0.2683420536426362
c3_w2_tcop_cm0_states_L0.4_kp0_1042_ucp0_0498_s1024,cm0,stageC,0.05,0.1042,0.1,0.04977134874876729,1024,13,0.04977134874876729,1,True,,0.405696,-0.0012034991405649907,-0.020445233965194938,0.050444840840891125,0.4072789505529009,0.2413263395644832,0.2385956506716495,0.0,0.3870110273962671,0.4374558682371582,0.3669388635852078,0.2708953624578724
c3_w2_tcop_cm0_states_L0.4_kp0_1042_ucp0_0498_s1024,cm0,stageC,0.05,0.1042,0.1,0.04977134874876729,1024,14,0.04977134874876729,2,True,,0.406448,-0.0005370469336042984,0.0032531681961721296,0.050444840840891125,0.40731659701158873,0.24133376657907865,0.2385956506716495,0.0,0.3870110273962671,0.4374558682371582,0.3698557055370605,0.2710253716219089
c3_w2_tcop_cm0_states_L0.4_kp0_1042_ucp0_0498_s1024,cm0,stageC,0.05,0.1042,0.1,0.04977134874876729,1024,15,0.04977134874876729,0,False,BLOCK_15_PARTIAL_CYCLE,0.40371199999999996,-0.0002489926514633871,0.002167994975825822,0.050444840840891125,0.40717885114308056,0.24130859944763972,0.2385956506716495,0.0,0.3870110273962671,0.4374558682371582,0.37184256687170647,0.2702005792481565
c3_w2_tcop_cm0_states_L0.4_kp0_1042_ucp0_0498_s31415,cm0,stageC,0.05,0.1042,0.1,0.04977134874876729,31415,0,0.04977134874876729,0,False,PRE_PRIMARY_INCOMPLETE_CYCLE,0.38708800000000004,-0.0038336043551527098,0.024703889450193594,0.050444840840891125,0.4063456785422594,0.2411468824174272,0.2385956506716495,0.0,0.3870110273962671,0.4374558682371582,0.364179364065756,0.27466098036139835
c3_w2_tcop_cm0_states_L0.4_kp0_1042_ucp0_0498_s31415,cm0,stageC,0.05,0.1042,0.1,0.04977134874876729,31415,1,0.04977134874876729,1,False,PRE_PRIMARY_INCOMPLETE_CYCLE,0.401328,0.00040183744271138203,0.015187718364495326,0.050444840840891125,0.4070590682654354,0.2412860777144681,0.2385956506716495,0.0,0.3870110273962671,0.4374558682371582,0.37520198214465383,0.2732717990416508
c3_w2_tcop_cm0_states_L0.4_kp0_1042_ucp0_0498_s31415,cm0,stageC,0.05,0.1042,0.1,0.04977134874876729,31415,2,0.04977134874876729,2,False,PRE_PRIMARY_INCOMPLETE_CYCLE,0.404928,0.0010373585345642522,-0.003937974406157278,0.050444840840891125,0.4072401924149639,0.24131944189887702,0.2385956506716495,0.0,0.3870110273962671,0.4374558682371582,0.37940807964915524,0.2725028939375777
c3_w2_tcop_cm0_states_L0.4_kp0_1042_ucp0_0498_s31415,cm0,stageC,0.05,0.1042,0.1,0.04977134874876729,31415,3,0.04977134874876729,0,True,,0.402752,-0.002149351009936936,0.006591147336141866,0.050444840840891125,0.4071306322911705,0.2412994611460203,0.2385956506716495,0.0,0.3870110273962671,0.4374558682371582,0.36772970603297334,0.26943639458353325
c3_w2_tcop_cm0_states_L0.4_kp0_1042_ucp0_0498_s31415,cm0,stageC,0.05,0.1042,0.1,0.04977134874876729,31415,4,0.04977134874876729,1,True,,0.40374399999999994,6.889776389250119e-05,-0.010700292733969368,0.050444840840891125,0.4071808798742856,0.2413078690567867,0.2385956506716495,0.0,0.3870110273962671,0.4374558682371582,0.36844922546924513,0.268148745331565
c3_w2_tcop_cm0_states_L0.4_kp0_1042_ucp0_0498_s31415,cm0,stageC,0.05,0.1042,0.1,0.04977134874876729,31415,5,0.04977134874876729,2,True,,0.401648,0.002126762521948296,0.01739783460103772,0.050444840840891125,0.4070757429110254,0.24128767864436979,0.2385956506716495,0.0,0.3870110273962671,0.4374558682371582,0.3777957765306805,0.2736268259308973
c3_w2_tcop_cm0_states_L0.4_kp0_1042_ucp0_0498_s31415,cm0,stageC,0.05,0.1042,0.1,0.04977134874876729,31415,6,0.04977134874876729,0,True,,0.4032,3.903598848507227e-05,-0.00020715370805137227,0.050444840840891125,0.40715361137000755,0.24130255643212184,0.2385956506716495,0.0,0.3870110273962671,0.4374558682371582,0.37400446905371176,0.27223106534287117
c3_w2_tcop_cm0_states_L0.4_kp0_1042_ucp0_0498_s31415,cm0,stageC,0.05,0.1042,0.1,0.04977134874876729,31415,7,0.04977134874876729,1,True,,0.403568,-0.0029195531373785656,-0.00037983101194754583,0.050444840840891125,0.40717175095546315,0.24130689327821958,0.2385956506716495,0.0,0.3870110273962671,0.4374558682371582,0.3681856544624349,0.2706180970385946
c3_w2_tcop_cm0_states_L0.4_kp0_1042_ucp0_0498_s31415,cm0,stageC,0.05,0.1042,0.1,0.04977134874876729,31415,8,0.04977134874876729,2,True,,0.402688,0.0024098334402501797,0.008602894256391463,0.050444840840891125,0.4071277976857923,0.24129794722479664,0.2385956506716495,0.0,0.3870110273962671,0.4374558682371582,0.3749365312940672,0.272034343264193
c3_w2_tcop_cm0_states_L0.4_kp0_1042_ucp0_0498_s31415,cm0,stageC,0.05,0.1042,0.1,0.04977134874876729,31415,9,0.04977134874876729,0,True,,0.401088,-0.001133705452522299,0.0018716834108254623,0.050444840840891125,0.4070470665378694,0.2412836622095469,0.2385956506716495,0.0,0.3870110273962671,0.4374558682371582,0.37214303245513514,0.27460916623528575
c3_w2_tcop_cm0_states_L0.4_kp0_1042_ucp0_0498_s31415,cm0,stageC,0.05,0.1042,0.1,0.04977134874876729,31415,10,0.04977134874876729,1,True,,0.405488,0.0005427886852079199,0.017639932467172735,0.050444840840891125,0.40726855787514826,0.2413241509108718,0.2385956506716495,0.0,0.3870110273962671,0.4374558682371582,0.37716462483911495,0.272183898686196
c3_w2_tcop_cm0_states_L0.4_kp0_1042_ucp0_0498_s31415,cm0,stageC,0.05,0.1042,0.1,0.04977134874876729,31415,11,0.04977134874876729,2,True,,0.40187200000000006,0.004037617890073717,0.005470172902786104,0.050444840840891125,0.4070864522924168,0.24129112343954878,0.2385956506716495,0.0,0.3870110273962671,0.4374558682371582,0.382667086837,0.2775223854292635
c3_w2_tcop_cm0_states_L0.4_kp0_1042_ucp0_0498_s31415,cm0,stageC,0.05,0.1042,0.1,0.04977134874876729,31415,12,0.04977134874876729,0,True,,0.40420800000000007,-0.003913257111551677,0.015797524950135075,0.050444840840891125,0.40720383810454613,0.2413131289596142,0.2385956506716495,0.0,0.3870110273962671,0.4374558682371582,0.3660468028414781,0.27225324900862696
c3_w2_tcop_cm0_states_L0.4_kp0_1042_ucp0_0498_s31415,cm0,stageC,0.05,0.1042,0.1,0.04977134874876729,31415,13,0.04977134874876729,1,True,,0.40555199999999997,-0.005185341786423497,-0.007967238285840384,0.050444840840891125,0.407271186048071,0.24132626634781704,0.2385956506716495,0.0,0.3870110273962671,0.4374558682371582,0.3595915737322625,0.26819131348370984
c3_w2_tcop_cm0_states_L0.4_kp0_1042_ucp0_0498_s31415,cm0,stageC,0.05,0.1042,0.1,0.04977134874876729,31415,14,0.04977134874876729,2,True,,0.40152,0.0007848025464551314,0.008431682545688908,0.050444840840891125,0.40706908005837467,0.24128704564832076,0.2385956506716495,0.0,0.3870110273962671,0.4374558682371582,0.3694813471969822,0.2721016155428515
c3_w2_tcop_cm0_states_L0.4_kp0_1042_ucp0_0498_s31415,cm0,stageC,0.05,0.1042,0.1,0.04977134874876729,31415,15,0.04977134874876729,0,False,BLOCK_15_PARTIAL_CYCLE,0.40777599999999997,-0.0013782402087897216,0.001150145285777347,0.050444840840891125,0.4073833676165534,0.24134614783475122,0.2385956506716495,0.0,0.3870110273962671,0.4374558682371582,0.37280459532222027,0.2723870696486137
c3_w2_tcop_cm0_states_L0.4_kp0_1042_ucp0_1234_s42,cm0,stageC,0.05,0.1042,0.25,0.12339551870278656,42,0,0.12339551870278656,0,False,PRE_PRIMARY_INCOMPLETE_CYCLE,0.4006720000000001,0.00037675196791216745,0.015375895745452057,0.05103382697148107,0.4249070935190043,0.24427461113902232,0.24206233232390356,0.0,0.4046156427288084,0.45564946970028947,0.37614571985433004,0.2720821566202965
c3_w2_tcop_cm0_states_L0.4_kp0_1042_ucp0_1234_s42,cm0,stageC,0.05,0.1042,0.25,0.12339551870278656,42,1,0.12339551870278656,1,False,PRE_PRIMARY_INCOMPLETE_CYCLE,0.41422400000000004,-0.0033796795324285587,-0.006707195580807985,0.05103382697148107,0.42559427676174627,0.24438642693799745,0.24206233232390356,0.0,0.4046156427288084,0.45564946970028947,0.36231451551026167,0.2639300167035676
c3_w2_tcop_cm0_states_L0.4_kp0_1042_ucp0_1234_s42,cm0,stageC,0.05,0.1042,0.25,0.12339551870278656,42,2,0.12339551870278656,2,False,PRE_PRIMARY_INCOMPLETE_CYCLE,0.41348799999999997,-0.0010120381148908707,0.0068334218525132355,0.05103382697148107,0.4255573778385052,0.24437896823980074,0.24206233232390356,0.0,0.4046156427288084,0.45564946970028947,0.3754200909157741,0.2745356611596154
c3_w2_tcop_cm0_states_L0.4_kp0_1042_ucp0_1234_s42,cm0,stageC,0.05,0.1042,0.25,0.12339551870278656,42,3,0.12339551870278656,0,True,,0.41612799999999994,-0.0012829447887311755,-0.010916097434115599,0.05103382697148107,0.42569158978170757,0.24439974523140143,0.24206233232390356,0.0,0.4046156427288084,0.45564946970028947,0.36870890267820977,0.26253519021750454
c3_w2_tcop_cm0_states_L0.4_kp0_1042_ucp0_1234_s42,cm0,stageC,0.05,0.1042,0.25,0.12339551870278656,42,4,0.12339551870278656,1,True,,0.41472000000000003,0.0027609684113527183,0.0017678908628463567,0.05103382697148107,0.42561999192154093,0.24438880892695003,0.24206233232390356,0.0,0.4046156427288084,0.45564946970028947,0.3784745808954257,0.2721290836689216
c3_w2_tcop_cm0_states_L0.4_kp0_1042_ucp0_1234_s42,cm0,stageC,0.05,0.1042,0.25,0.12339551870278656,42,5,0.12339551870278656,2,True,,0.41807999999999995,-0.00024268229871113393,0.0014928545824869916,0.05103382697148107,0.42579097217199857,0.24441469644397112,0.24206233232390356,0.0,0.4046156427288084,0.45564946970028947,0.36884752609278243,0.2660733762369237
c3_w2_tcop_cm0_states_L0.4_kp0_1042_ucp0_1234_s42,cm0,stageC,0.05,0.1042,0.25,0.12339551870278656,42,6,0.12339551870278656,0,True,,0.41308799999999996,-0.00033800875147216964,0.0025859402485864393,0.05103382697148107,0.42553666230036796,0.24437709771558888,0.24206233232390356,0.0,0.4046156427288084,0.45564946970028947,0.3729322565005519,0.27046689435187127
c3_w2_tcop_cm0_states_L0.4_kp0_1042_ucp0_1234_s42,cm0,stageC,0.05,0.1042,0.25,0.12339551870278656,42,7,0.12339551870278656,1,True,,0.41523200000000005,-0.0001686586753406874,0.005869429517860072,0.05103382697148107,0.4256460502332425,0.24439270937699814,0.24206233232390356,0.0,0.4046156427288084,0.45564946970028947,0.3694142837037145,0.2717293528159869
c3_w2_tcop_cm0_states_L0.4_kp0_1042_ucp0_1234_s42,cm0,stageC,0.05,0.1042,0.25,0.12339551870278656,42,8,0.12339551870278656,2,True,,0.41296000000000005,0.000323516135247528,0.016143517343225805,0.05103382697148107,0.42553031160353205,0.24437556398831412,0.24206233232390356,0.0,0.4046156427288084,0.45564946970028947,0.3730242998433138,0.2698738402853361
c3_w2_tcop_cm0_states_L0.4_kp0_1042_ucp0_1234_s42,cm0,stageC,0.05,0.1042,0.25,0.12339551870278656,42,9,0.12339551870278656,0,True,,0.41641599999999995,-0.001017837064209665,0.02357671587654898,0.05103382697148107,0.42570620146127575,0.2444021596678343,0.24206233232390356,0.0,0.4046156427288084,0.45564946970028947,0.37145539936508853,0.2699433956486369
c3_w2_tcop_cm0_states_L0.4_kp0_1042_ucp0_1234_s42,cm0,stageC,0.05,0.1042,0.25,0.12339551870278656,42,10,0.12339551870278656,1,True,,0.41382399999999997,0.0002555546126513883,0.0018113921018588512,0.05103382697148107,0.42557435359811785,0.24438203746022621,0.24206233232390356,0.0,0.4046156427288084,0.45564946970028947,0.3712045362322101,0.267364584076387
c3_w2_tcop_cm0_states_L0.4_kp0_1042_ucp0_1234_s42,cm0,stageC,0.05,0.1042,0.25,0.12339551870278656,42,11,0.12339551870278656,2,True,,0.411952,0.0009568988795380736,-0.006902866617532764,0.05103382697148107,0.42547898649500815,0.2443679337472911,0.24206233232390356,0.0,0.4046156427288084,0.45564946970028947,0.3760398225202995,0.2739900594003834
c3_w2_tcop_cm0_states_L0.4_kp0_1042_ucp0_1234_s42,cm0,stageC,0.05,0.1042,0.25,0.12339551870278656,42,12,0.12339551870278656,0,True,,0.41755200000000003,5.836598560556794e-05,0.0072705288143464514,0.05103382697148107,0.42576456615523517,0.2444091496707155,0.24206233232390356,0.0,0.4046156427288084,0.45564946970028947,0.3693172578710635,0.2711317106245809
c3_w2_tcop_cm0_states_L0.4_kp0_1042_ucp0_1234_s42,cm0,stageC,0.05,0.1042,0.25,0.12339551870278656,42,13,0.12339551870278656,1,True,,0.41531199999999996,-0.005913271260101568,-0.00818468632128603,0.05103382697148107,0.42564994287600405,0.2443938512109157,0.24206233232390356,0.0,0.4046156427288084,0.45564946970028947,0.3583795025695158,0.26525900453830537
c3_w2_tcop_cm0_states_L0.4_kp0_1042_ucp0_1234_s42,cm0,stageC,0.05,0.1042,0.25,0.12339551870278656,42,14,0.12339551870278656,2,True,,0.41233600000000004,-0.0002406419676901854,0.014092732206109229,0.05103382697148107,0.4254982979534431,0.2443715453402055,0.24206233232390356,0.0,0.4046156427288084,0.45564946970028947,0.36714067315798565,0.26663955891899177
c3_w2_tcop_cm0_states_L0.4_kp0_1042_ucp0_1234_s42,cm0,stageC,0.05,0.1042,0.25,0.12339551870278656,42,15,0.12339551870278656,0,False,BLOCK_15_PARTIAL_CYCLE,0.41576,-0.004837338373768777,0.02033762153168802,0.05103382697148107,0.4256726674045399,0.24439760779724345,0.24206233232390356,0.0,0.4046156427288084,0.45564946970028947,0.3601039272735446,0.2693177062313149
c3_w2_tcop_cm0_states_L0.4_kp0_1042_ucp0_1234_s137,cm0,stageC,0.05,0.1042,0.25,0.12339551870278656,137,0,0.12339551870278656,0,False,PRE_PRIMARY_INCOMPLETE_CYCLE,0.40608000000000005,0.00044503587621685226,0.008098075133409514,0.05103382697148107,0.42518275179970755,0.24431487860397266,0.24206233232390356,0.0,0.4046156427288084,0.45564946970028947,0.37575163352597,0.2724363011594313
c3_w2_tcop_cm0_states_L0.4_kp0_1042_ucp0_1234_s137,cm0,stageC,0.05,0.1042,0.25,0.12339551870278656,137,1,0.12339551870278656,1,False,PRE_PRIMARY_INCOMPLETE_CYCLE,0.41351999999999994,-0.0032065107767477287,-0.0068653956924664495,0.05103382697148107,0.42555870831656284,0.24438017183615626,0.24206233232390356,0.0,0.4046156427288084,0.45564946970028947,0.3666932324355197,0.26491682759633967
c3_w2_tcop_cm0_states_L0.4_kp0_1042_ucp0_1234_s137,cm0,stageC,0.05,0.1042,0.25,0.12339551870278656,137,2,0.12339551870278656,2,False,PRE_PRIMARY_INCOMPLETE_CYCLE,0.41367999999999994,-3.5806249646576844e-05,0.004387704793562475,0.05103382697148107,0.4255668145627711,0.24438153078442398,0.24206233232390356,0.0,0.4046156427288084,0.45564946970028947,0.36844348784875935,0.2666254616587137
c3_w2_tcop_cm0_states_L0.4_kp0_1042_ucp0_1234_s137,cm0,stageC,0.05,0.1042,0.25,0.12339551870278656,137,3,0.12339551870278656,0,True,,0.4161919999999999,-0.0005580361917951219,0.005091250443297126,0.05103382697148107,0.4256946729469772,0.24440084501607048,0.24206233232390356,0.0,0.4046156427288084,0.45564946970028947,0.3721764392448818,0.2671414597255637
c3_w2_tcop_cm0_states_L0.4_kp0_1042_ucp0_1234_s137,cm0,stageC,0.05,0.1042,0.25,0.12339551870278656,137,4,0.12339551870278656,1,True,,0.414304,0.0012691178536110637,-0.015592868394120557,0.05103382697148107,0.42559890823640945,0.24438528900707396,0.24206233232390356,0.0,0.4046156427288084,0.45564946970028947,0.3790282315273745,0.2695418405461304
c3_w2_tcop_cm0_states_L0.4_kp0_1042_ucp0_1234_s137,cm0,stageC,0.05,0.1042,0.25,0.12339551870278656,137,5,0.12339551870278656,2,True,,0.41452799999999995,0.00271486785378716,0.008426322605805813,0.05103382697148107,0.4256104031695223,0.24438675157269463,0.24206233232390356,0.0,0.4046156427288084,0.45564946970028947,0.37642375914720694,0.2680138773056995
c3_w2_tcop_cm0_states_L0.4_kp0_1042_ucp0_1234_s137,cm0,stageC,0.05,0.1042,0.25,0.12339551870278656,137,6,0.12339551870278656,0,True,,0.41459199999999996,0.0012595235772040545,-0.004703409830394445,0.05103382697148107,0.4256135290362738,0.24438757766978864,0.24206233232390356,0.0,0.4046156427288084,0.45564946970028947,0.37482557607600214,0.26417522100808033
c3_w2_tcop_cm0_states_L0.4_kp0_1042_ucp0_1234_s137,cm0,stageC,0.05,0.1042,0.25,0.12339551870278656,137,7,0.12339551870278656,1,True,,0.41559999999999997,-0.0004345556876323275,0.0016272565471650154,0.05103382697148107,0.42566455261765923,0.24439629133550062,0.24206233232390356,0.0,0.4046156427288084,0.45564946970028947,0.37074329226005964,0.26869313900882863
c3_w2_tcop_cm0_states_L0.4_kp0_1042_ucp0_1234_s137,cm0,stageC,0.05,0.1042,0.25,0.12339551870278656,137,8,0.12339551870278656,2,True,,0.413376,-0.0005230745747149007,0.007607680685329936,0.05103382697148107,0.4255515846093919,0.24437847649579053,0.24206233232390356,0.0,0.4046156427288084,0.45564946970028947,0.37223704793701407,0.2700851191096983
c3_w2_tcop_cm0_states_L0.4_kp0_1042_ucp0_1234_s137,cm0,stageC,0.05,0.1042,0.25,0.12339551870278656,137,9,0.12339551870278656,0,True,,0.41406399999999993,0.0039001297331672184,0.030253624339192164,0.05103382697148107,0.4255870669079891,0.24438222574479695,0.24206233232390356,0.0,0.4046156427288084,0.45564946970028947,0.38565553269296154,0.2745219646616736
c3_w2_tcop_cm0_states_L0.4_kp0_1042_ucp0_1234_s137,cm0,stageC,0.05,0.1042,0.25,0.12339551870278656,137,10,0.12339551870278656,1,True,,0.41470399999999996,-0.0021247505056460367,0.015714189864579148,0.05103382697148107,0.42561859446178046,0.2443904858482992,0.24206233232390356,0.0,0.4046156427288084,0.45564946970028947,0.3656490733815587,0.265852328907186
c3_w2_tcop_cm0_states_L0.4_kp0_1042_ucp0_1234_s137,cm0,stageC,0.05,0.1042,0.25,0.12339551870278656,137,11,0.12339551870278656,2,True,,0.414208,-0.00029412630860808486,0.011672028525573521,0.05103382697148107,0.42559406551899204,0.24438440071667636,0.24206233232390356,0.0,0.4046156427288084,0.45564946970028947,0.3748077056423228,0.2694908365339124
c3_w2_tcop_cm0_states_L0.4_kp0_1042_ucp0_1234_s137,cm0,stageC,0.05,0.1042,0.25,0.12339551870278656,137,12,0.12339551870278656,0,True,,0.41702399999999995,-0.0006110179166973263,0.0119210678088601,0.05103382697148107,0.42573712521006846,0.24440691937938872,0.24206233232390356,0.0,0.4046156427288084,0.45564946970028947,0.3688044847022705,0.2645798305426507
c3_w2_tcop_cm0_states_L0.4_kp0_1042_ucp0_1234_s137,cm0,stageC,0.05,0.1042,0.25,0.12339551870278656,137,13,0.12339551870278656,1,True,,0.413264,1.1710911330248194e-05,-0.0007217474197586631,0.05103382697148107,0.42554588131019394,0.24437755441124767,0.24206233232390356,0.0,0.4046156427288084,0.45564946970028947,0.3723458948752352,0.26680595786059935
c3_w2_tcop_cm0_states_L0.4_kp0_1042_ucp0_1234_s137,cm0,stageC,0.05,0.1042,0.25,0.12339551870278656,137,14,0.12339551870278656,2,True,,0.416032,0.0027441649822590236,0.009062745996802535,0.05103382697148107,0.4256871924234853,0.24439751592437914,0.24206233232390356,0.0,0.4046156427288084,0.45564946970028947,0.3791162857007139,0.2705686204591927
c3_w2_tcop_cm0_states_L0.4_kp0_1042_ucp0_1234_s137,cm0,stageC,0.05,0.1042,0.25,0.12339551870278656,137,15,0.12339551870278656,0,False,BLOCK_15_PARTIAL_CYCLE,0.41472000000000003,-0.0005838585870895655,0.029381763737610755,0.05103382697148107,0.4256198759366033,0.24438912553406641,0.24206233232390356,0.0,0.4046156427288084,0.45564946970028947,0.3729199067632548,0.2708082445230734
c3_w2_tcop_cm0_states_L0.4_kp0_1042_ucp0_1234_s256,cm0,stageC,0.05,0.1042,0.25,0.12339551870278656,256,0,0.12339551870278656,0,False,PRE_PRIMARY_INCOMPLETE_CYCLE,0.402752,0.0025878887189374217,0.010788058113150175,0.05103382697148107,0.4250133463500339,0.24428942631028397,0.24206233232390356,0.0,0.4046156427288084,0.45564946970028947,0.3806280122754814,0.2774749856038144
c3_w2_tcop_cm0_states_L0.4_kp0_1042_ucp0_1234_s256,cm0,stageC,0.05,0.1042,0.25,0.12339551870278656,256,1,0.12339551870278656,1,False,PRE_PRIMARY_INCOMPLETE_CYCLE,0.416768,-0.003661601627525115,0.005139434672687907,0.05103382697148107,0.4257242919680054,0.2444042862410547,0.24206233232390356,0.0,0.4046156427288084,0.45564946970028947,0.36177461967614283,0.26435618740835437
c3_w2_tcop_cm0_states_L0.4_kp0_1042_ucp0_1234_s256,cm0,stageC,0.05,0.1042,0.25,0.12339551870278656,256,2,0.12339551870278656,2,False,PRE_PRIMARY_INCOMPLETE_CYCLE,0.41705600000000004,-0.0016852054428559287,0.006397948244477145,0.05103382697148107,0.42573865441286446,0.24440748904640058,0.24206233232390356,0.0,0.4046156427288084,0.45564946970028947,0.3702494850584435,0.2706375932989274
c3_w2_tcop_cm0_states_L0.4_kp0_1042_ucp0_1234_s256,cm0,stageC,0.05,0.1042,0.25,0.12339551870278656,256,3,0.12339551870278656,0,True,,0.41839999999999994,-0.00047487792185850106,0.006654901095668795,0.05103382697148107,0.4258075295160944,0.2444163222432073,0.24206233232390356,0.0,0.4046156427288084,0.45564946970028947,0.37197301911367764,0.269561368668533
c3_w2_tcop_cm0_states_L0.4_kp0_1042_ucp0_1234_s256,cm0,stageC,0.05,0.1042,0.25,0.12339551870278656,256,4,0.12339551870278656,1,True,,0.41417599999999993,0.0033867805173635173,0.0235535708022462,0.05103382697148107,0.42559266846799226,0.2443834499062686,0.24206233232390356,0.0,0.4046156427288084,0.45564946970028947,0.3800889760724235,0.27100372492334274
c3_w2_tcop_cm0_states_L0.4_kp0_1042_ucp0_1234_s256,cm0,stageC,0.05,0.1042,0.25,0.12339551870278656,256,5,0.12339551870278656,2,True,,0.4115200000000001,0.0006367393532185537,-0.015985410779812692,0.05103382697148107,0.4254570422227102,0.2443644222982983,0.24206233232390356,0.0,0.4046156427288084,0.45564946970028947,0.3760596225390938,0.27190618480410406
c3_w2_tcop_cm0_states_L0.4_kp0_1042_ucp0_1234_s256,cm0,stageC,0.05,0.1042,0.25,0.12339551870278656,256,6,0.12339551870278656,0,True,,0.413696,-0.004002018924167445,0.002100045249450555,0.05103382697148107,0.4255675931807051,0.24438177097019698,0.24206233232390356,0.0,0.4046156427288084,0.45564946970028947,0.36072465066066717,0.26730551752053705
c3_w2_tcop_cm0_states_L0.4_kp0_1042_ucp0_1234_s256,cm0,stageC,0.05,0.1042,0.25,0.12339551870278656,256,7,0.12339551870278656,1,True,,0.41632,-0.0013797916669377552,0.010515793628479356,0.05103382697148107,0.42570146237179374,0.24440100662150394,0.24206233232390356,0.0,0.4046156427288084,0.45564946970028947,0.3700796732622526,0.27177300110251545
c3_w2_tcop_cm0_states_L0.4_kp0_1042_ucp0_1234_s256,cm0,stageC,0.05,0.1042,0.25,0.12339551870278656,256,8,0.12339551870278656,2,True,,0.4160960000000001,0.003036921773708476,0.0002871336151472213,0.05103382697148107,0.4256901492112309,0.24439890119232213,0.24206233232390356,0.0,0.4046156427288084,0.45564946970028947,0.37900158775227605,0.267956539923649
c3_w2_tcop_cm0_states_L0.4_kp0_1042_ucp0_1234_s256,cm0,stageC,0.05,0.1042,0.25,0.12339551870278656,256,9,0.12339551870278656,0,True,,0.416704,-0.0017947437564116014,0.027236375890277737,0.05103382697148107,0.42572076990955615,0.24440467528902388,0.24206233232390356,0.0,0.4046156427288084,0.45564946970028947,0.36907125278052894,0.2662004278790791
c3_w2_tcop_cm0_states_L0.4_kp0_1042_ucp0_1234_s256,cm0,stageC,0.05,0.1042,0.25,0.12339551870278656,256,10,0.12339551870278656,1,True,,0.414544,-0.0006678215505166877,0.0010546858363959341,0.05103382697148107,0.4256111162637202,0.2443871281185768,0.24206233232390356,0.0,0.4046156427288084,0.45564946970028947,0.3698026496911306,0.26504973133373944
c3_w2_tcop_cm0_states_L0.4_kp0_1042_ucp0_1234_s256,cm0,stageC,0.05,0.1042,0.25,0.12339551870278656,256,11,0.12339551870278656,2,True,,0.41464,-0.0018014425696102113,0.0011335833776211519,0.05103382697148107,0.4256158249701617,0.24438849412518804,0.24206233232390356,0.0,0.4046156427288084,0.45564946970028947,0.3675294456832963,0.2686615807940515
c3_w2_tcop_cm0_states_L0.4_kp0_1042_ucp0_1234_s256,cm0,stageC,0.05,0.1042,0.25,0.12339551870278656,256,12,0.12339551870278656,0,True,,0.41392,-0.003139241322597389,0.011483527182274682,0.05103382697148107,0.42557907313909954,0.24438331602674276,0.24206233232390356,0.0,0.4046156427288084,0.45564946970028947,0.36426974860092115,0.27259980724655225
c3_w2_tcop_cm0_states_L0.4_kp0_1042_ucp0_1234_s256,cm0,stageC,0.05,0.1042,0.25,0.12339551870278656,256,13,0.12339551870278656,1,True,,0.4124320000000001,0.0054048714450957635,0.020797434730193094,0.05103382697148107,0.42550389726756854,0.2443700243271573,0.24206233232390356,0.0,0.4046156427288084,0.45564946970028947,0.3857352842924699,0.27105041467008506
c3_w2_tcop_cm0_states_L0.4_kp0_1042_ucp0_1234_s256,cm0,stageC,0.05,0.1042,0.25,0.12339551870278656,256,14,0.12339551870278656,2,True,,0.41456000000000004,-0.004701442509231133,0.012825060270929483,0.05103382697148107,0.4256111942866355,0.24438957835053501,0.24206233232390356,0.0,0.4046156427288084,0.45564946970028947,0.35841666208992273,0.2602340416633828
c3_w2_tcop_cm0_states_L0.4_kp0_1042_ucp0_1234_s256,cm0,stageC,0.05,0.1042,0.25,0.12339551870278656,256,15,0.12339551870278656,0,False,BLOCK_15_PARTIAL_CYCLE,0.414272,0.0005032248646086551,0.0066711718316475,0.05103382697148107,0.42559725572121127,0.24438515672455036,0.24206233232390356,0.0,0.4046156427288084,0.45564946970028947,0.37032495534302856,0.2699885050497923
c3_w2_tcop_cm0_states_L0.4_kp0_1042_ucp0_1234_s1024,cm0,stageC,0.05,0.1042,0.25,0.12339551870278656,1024,0,0.12339551870278656,0,False,PRE_PRIMARY_INCOMPLETE_CYCLE,0.403536,-0.003727273899586402,0.00581494026953763,0.05103382697148107,0.4250530823339165,0.24429598278012546,0.24206233232390356,0.0,0.4046156427288084,0.45564946970028947,0.366875896955562,0.2736738915599922
c3_w2_tcop_cm0_states_L0.4_kp0_1042_ucp0_1234_s1024,cm0,stageC,0.05,0.1042,0.25,0.12339551870278656,1024,1,0.12339551870278656,1,False,PRE_PRIMARY_INCOMPLETE_CYCLE,0.41409599999999996,-0.0009270767591238543,0.0004947259965201895,0.05103382697148107,0.4255880410024723,0.24438463345317113,0.24206233232390356,0.0,0.4046156427288084,0.45564946970028947,0.36916794227181127,0.2725436992918824
c3_w2_tcop_cm0_states_L0.4_kp0_1042_ucp0_1234_s1024,cm0,stageC,0.05,0.1042,0.25,0.12339551870278656,1024,2,0.12339551870278656,2,False,PRE_PRIMARY_INCOMPLETE_CYCLE,0.413376,0.0008894768185498445,0.011138517508757922,0.05103382697148107,0.4255515010472388,0.24437867866767873,0.24206233232390356,0.0,0.4046156427288084,0.45564946970028947,0.3764016217515377,0.26759991271707767
c3_w2_tcop_cm0_states_L0.4_kp0_1042_ucp0_1234_s1024,cm0,stageC,0.05,0.1042,0.25,0.12339551870278656,1024,3,0.12339551870278656,0,True,,0.4146880000000001,6.920363312479218e-05,0.0011916360207587524,0.05103382697148107,0.42561815435518346,0.244389192182715,0.24206233232390356,0.0,0.4046156427288084,0.45564946970028947,0.3731571876105971,0.26733715282692555
c3_w2_tcop_cm0_states_L0.4_kp0_1042_ucp0_1234_s1024,cm0,stageC,0.05,0.1042,0.25,0.12339551870278656,1024,4,0.12339551870278656,1,True,,0.41660800000000003,0.00040870140217928106,0.0034465980746626354,0.05103382697148107,0.4257161875966215,0.24440291579161613,0.24206233232390356,0.0,0.4046156427288084,0.45564946970028947,0.3715458493310435,0.26326853527170047
c3_w2_tcop_cm0_states_L0.4_kp0_1042_ucp0_1234_s1024,cm0,stageC,0.05,0.1042,0.25,0.12339551870278656,1024,5,0.12339551870278656,2,True,,0.41523199999999993,-0.0013864644699853935,0.000755500653867418,0.05103382697148107,0.42564572647095705,0.24439374440300674,0.24206233232390356,0.0,0.4046156427288084,0.45564946970028947,0.37282398357331553,0.2710856133152043
c3_w2_tcop_cm0_states_L0.4_kp0_1042_ucp0_1234_s1024,cm0,stageC,0.05,0.1042,0.25,0.12339551870278656,1024,6,0.12339551870278656,0,True,,0.4191839999999999,-0.0028260502565694255,0.009661908711452954,0.05103382697148107,0.42584725147206837,0.24442288493127842,0.24206233232390356,0.0,0.4046156427288084,0.45564946970028947,0.3644332770959215,0.2642995202338652
c3_w2_tcop_cm0_states_L0.4_kp0_1042_ucp0_1234_s1024,cm0,stageC,0.05,0.1042,0.25,0.12339551870278656,1024,7,0.12339551870278656,1,True,,0.41135999999999995,0.00050664057055926,0.02643055248824783,0.05103382697148107,0.4254487065588569,0.2443637863640322,0.24206233232390356,0.0,0.4046156427288084,0.45564946970028947,0.3730091948133506,0.26362633471521935
c3_w2_tcop_cm0_states_L0.4_kp0_1042_ucp0_1234_s1024,cm0,stageC,0.05,0.1042,0.25,0.12339551870278656,1024,8,0.12339551870278656,2,True,,0.41190400000000005,-0.001629695961555167,0.015296511825350863,0.05103382697148107,0.4254766031253928,0.24436730334834436,0.24206233232390356,0.0,0.4046156427288084,0.45564946970028947,0.37156496580278464,0.2694846741763974
c3_w2_tcop_cm0_states_L0.4_kp0_1042_ucp0_1234_s1024,cm0,stageC,0.05,0.1042,0.25,0.12339551870278656,1024,9,0.12339551870278656,0,True,,0.41571199999999997,-0.003514841826658096,0.009055027752933334,0.05103382697148107,0.4256702935819026,0.2443969748691397,0.24206233232390356,0.0,0.4046156427288084,0.45564946970028947,0.36474297422293867,0.2676259901565093
c3_w2_tcop_cm0_states_L0.4_kp0_1042_ucp0_1234_s1024,cm0,stageC,0.05,0.1042,0.25,0.12339551870278656,1024,10,0.12339551870278656,1,True,,0.41428800000000005,0.0007072169709530976,-0.0004824078966938324,0.05103382697148107,0.42559790674854314,0.2443857979061986,0.24206233232390356,0.0,0.4046156427288084,0.45564946970028947,0.3738237872661032,0.2705050618943618
c3_w2_tcop_cm0_states_L0.4_kp0_1042_ucp0_1234_s1024,cm0,stageC,0.05,0.1042,0.25,0.12339551870278656,1024,11,0.12339551870278656,2,True,,0.41318400000000005,0.0006534524042499628,0.015411610212545272,0.05103382697148107,0.4255418596561257,0.2443768272186764,0.24206233232390356,0.0,0.4046156427288084,0.45564946970028947,0.3761716502789849,0.27215657534982357
c3_w2_tcop_cm0_states_L0.4_kp0_1042_ucp0_1234_s1024,cm0,stageC,0.05,0.1042,0.25,0.12339551870278656,1024,12,0.12339551870278656,0,True,,0.41288,-0.0010157726390476927,-0.00670275934091275,0.05103382697148107,0.4255261388351088,0.24437527926885022,0.24206233232390356,0.0,0.4046156427288084,0.45564946970028947,0.37064315335498516,0.2665715013537629
c3_w2_tcop_cm0_states_L0.4_kp0_1042_ucp0_1234_s1024,cm0,stageC,0.05,0.1042,0.25,0.12339551870278656,1024,13,0.12339551870278656,1,True,,0.4165920000000001,-0.001594011200077119,-0.01514179745941308,0.05103382697148107,0.4257153199371042,0.24440305029094395,0.24206233232390356,0.0,0.4046156427288084,0.45564946970028947,0.3657940648570442,0.2676972408445942
c3_w2_tcop_cm0_states_L0.4_kp0_1042_ucp0_1234_s1024,cm0,stageC,0.05,0.1042,0.25,0.12339551870278656,1024,14,0.12339551870278656,2,True,,0.4169280000000001,-0.001282994064695908,0.0024685012436677445,0.05103382697148107,0.4257323806105623,0.24440572421511522,0.24206233232390356,0.0,0.4046156427288084,0.45564946970028947,0.36871405628295534,0.26808563159951726
c3_w2_tcop_cm0_states_L0.4_kp0_1042_ucp0_1234_s1024,cm0,stageC,0.05,0.1042,0.25,0.12339551870278656,1024,15,0.12339551870278656,0,False,BLOCK_15_PARTIAL_CYCLE,0.41470399999999996,0.0005168019458913942,0.007597308900274776,0.05103382697148107,0.4256190399892882,0.24438911779868866,0.24206233232390356,0.0,0.4046156427288084,0.45564946970028947,0.3726421767532353,0.26809651313336663
c3_w2_tcop_cm0_states_L0.4_kp0_1042_ucp0_1234_s31415,cm0,stageC,0.05,0.1042,0.25,0.12339551870278656,31415,0,0.12339551870278656,0,False,PRE_PRIMARY_INCOMPLETE_CYCLE,0.3975039999999999,-0.004718811503418023,0.023986613895571496,0.05103382697148107,0.42474542052900593,0.24425169132348035,0.24206233232390356,0.0,0.4046156427288084,0.45564946970028947,0.3620476731162963,0.2726204854200034
c3_w2_tcop_cm0_states_L0.4_kp0_1042_ucp0_1234_s31415,cm0,stageC,0.05,0.1042,0.25,0.12339551870278656,31415,1,0.12339551870278656,1,False,PRE_PRIMARY_INCOMPLETE_CYCLE,0.41275200000000006,0.00021303924855100003,0.016160471723371705,0.05103382697148107,0.42551962157435935,0.24437430859745027,0.24206233232390356,0.0,0.4046156427288084,0.45564946970028947,0.3740487683680953,0.26870413849230124
c3_w2_tcop_cm0_states_L0.4_kp0_1042_ucp0_1234_s31415,cm0,stageC,0.05,0.1042,0.25,0.12339551870278656,31415,2,0.12339551870278656,2,False,PRE_PRIMARY_INCOMPLETE_CYCLE,0.415936,0.0005045617324385335,-0.002713100748975794,0.05103382697148107,0.4256817909142346,0.24439836868173484,0.24206233232390356,0.0,0.4046156427288084,0.45564946970028947,0.37696021097281573,0.2693500593095744
c3_w2_tcop_cm0_states_L0.4_kp0_1042_ucp0_1234_s31415,cm0,stageC,0.05,0.1042,0.25,0.12339551870278656,31415,3,0.12339551870278656,0,True,,0.41377600000000003,-0.0025986825880475696,0.005512514161363226,0.05103382697148107,0.42557178690690095,0.24438198486371432,0.24206233232390356,0.0,0.4046156427288084,0.45564946970028947,0.36693840539327505,0.2662420674795636
c3_w2_tcop_cm0_states_L0.4_kp0_1042_ucp0_1234_s31415,cm0,stageC,0.05,0.1042,0.25,0.12339551870278656,31415,4,0.12339551870278656,1,True,,0.41400000000000003,-0.0002942382985442427,-0.006707128146244549,0.05103382697148107,0.42558341584432285,0.24438303413070092,0.24206233232390356,0.0,0.4046156427288084,0.45564946970028947,0.367958407836713,0.26574880574642334
c3_w2_tcop_cm0_states_L0.4_kp0_1042_ucp0_1234_s31415,cm0,stageC,0.05,0.1042,0.25,0.12339551870278656,31415,5,0.12339551870278656,2,True,,0.412736,0.0019672901675379523,0.01509316956010804,0.05103382697148107,0.4255192890446655,0.24437268200767143,0.24206233232390356,0.0,0.4046156427288084,0.45564946970028947,0.3766509719244897,0.2699866653754375
c3_w2_tcop_cm0_states_L0.4_kp0_1042_ucp0_1234_s31415,cm0,stageC,0.05,0.1042,0.25,0.12339551870278656,31415,6,0.12339551870278656,0,True,,0.414832,0.0008770794703983202,0.00037218651396252655,0.05103382697148107,0.4256260437734613,0.2443884897557011,0.24206233232390356,0.0,0.4046156427288084,0.45564946970028947,0.37600622314573734,0.27010921945004407
c3_w2_tcop_cm0_states_L0.4_kp0_1042_ucp0_1234_s31415,cm0,stageC,0.05,0.1042,0.25,0.12339551870278656,31415,7,0.12339551870278656,1,True,,0.414208,-0.0035696201103854537,-0.0009696687694988398,0.05103382697148107,0.42559377582681296,0.24438533433795634,0.24206233232390356,0.0,0.4046156427288084,0.45564946970028947,0.3655330241427688,0.2690481151095958
c3_w2_tcop_cm0_states_L0.4_kp0_1042_ucp0_1234_s31415,cm0,stageC,0.05,0.1042,0.25,0.12339551870278656,31415,8,0.12339551870278656,2,True,,0.41412800000000005,0.002293130653717544,0.010109340589683722,0.05103382697148107,0.425589924424717,0.24438404335194785,0.24206233232390356,0.0,0.4046156427288084,0.45564946970028947,0.37396482933049296,0.26972435896795444
c3_w2_tcop_cm0_states_L0.4_kp0_1042_ucp0_1234_s31415,cm0,stageC,0.05,0.1042,0.25,0.12339551870278656,31415,9,0.12339551870278656,0,True,,0.41249600000000003,-0.001349784468100232,-0.0013679498021755816,0.05103382697148107,0.4255066201590935,0.24437222917597398,0.24206233232390356,0.0,0.4046156427288084,0.45564946970028947,0.3709830016855385,0.2710121582446275
c3_w2_tcop_cm0_states_L0.4_kp0_1042_ucp0_1234_s31415,cm0,stageC,0.05,0.1042,0.25,0.12339551870278656,31415,10,0.12339551870278656,1,True,,0.41608000000000006,-0.0004061622629681902,0.017285067329191887,0.05103382697148107,0.42568921613248517,0.2443991244144653,0.24206233232390356,0.0,0.4046156427288084,0.45564946970028947,0.3738110530761659,0.2682006478785652
c3_w2_tcop_cm0_states_L0.4_kp0_1042_ucp0_1234_s31415,cm0,stageC,0.05,0.1042,0.25,0.12339551870278656,31415,11,0.12339551870278656,2,True,,0.41264,0.0031427918315624142,0.00011339337782673713,0.05103382697148107,0.4255138816318476,0.24437360320338455,0.24206233232390356,0.0,0.4046156427288084,0.45564946970028947,0.3793987211339651,0.27330136436337954
c3_w2_tcop_cm0_states_L0.4_kp0_1042_ucp0_1234_s31415,cm0,stageC,0.05,0.1042,0.25,0.12339551870278656,31415,12,0.12339551870278656,0,True,,0.41440000000000005,-0.0039737023933221855,0.015629475794901173,0.05103382697148107,0.4256035680643058,0.24438675122910097,0.24206233232390356,0.0,0.4046156427288084,0.45564946970028947,0.3672510871353851,0.27056598589103353
c3_w2_tcop_cm0_states_L0.4_kp0_1042_ucp0_1234_s31415,cm0,stageC,0.05,0.1042,0.25,0.12339551870278656,31415,13,0.12339551870278656,1,True,,0.41552,-0.004020050300330865,-0.0015583204495815883,0.05103382697148107,0.4256604571233543,0.24439575184193588,0.24206233232390356,0.0,0.4046156427288084,0.45564946970028947,0.3621515722549472,0.2675622139527801
c3_w2_tcop_cm0_states_L0.4_kp0_1042_ucp0_1234_s31415,cm0,stageC,0.05,0.1042,0.25,0.12339551870278656,31415,14,0.12339551870278656,2,True,,0.4122239999999999,0.0004757041301068565,0.009609824424568841,0.05103382697148107,0.42549298175001116,0.24436955481859432,0.24206233232390356,0.0,0.4046156427288084,0.45564946970028947,0.3684441345142684,0.26951359096067623
c3_w2_tcop_cm0_states_L0.4_kp0_1042_ucp0_1234_s31415,cm0,stageC,0.05,0.1042,0.25,0.12339551870278656,31415,15,0.12339551870278656,0,False,BLOCK_15_PARTIAL_CYCLE,0.41875200000000007,-0.0025439612506189375,-0.004110484156750743,0.05103382697148107,0.42582508194179564,0.24442014408943852,0.24206233232390356,0.0,0.4046156427288084,0.45564946970028947,0.3689175734773182,0.2698203823449399
c3_w2_tcop_cm0_states_L0.4_kp0_1042_ucp0_2425_s42,cm0,stageC,0.05,0.1042,0.5,0.24248438819907564,42,0,0.24248438819907564,0,False,PRE_PRIMARY_INCOMPLETE_CYCLE,0.41702399999999995,0.0010452148283553887,0.014808737003958267,0.051709695088832774,0.4550699463197525,0.2478900631492132,0.24640092651181145,0.0,0.43359935467158467,0.48530904976041744,0.3784115105693573,0.26917467520606875
c3_w2_tcop_cm0_states_L0.4_kp0_1042_ucp0_2425_s42,cm0,stageC,0.05,0.1042,0.5,0.24248438819907564,42,1,0.24248438819907564,1,False,PRE_PRIMARY_INCOMPLETE_CYCLE,0.43046400000000007,-0.0033157994918719047,-0.009320139642065817,0.051709695088832774,0.4557623155512734,0.24796263730869497,0.24640092651181145,0.0,0.43359935467158467,0.48530904976041744,0.36180127385422134,0.260244169254084
c3_w2_tcop_cm0_states_L0.4_kp0_1042_ucp0_2425_s42,cm0,stageC,0.05,0.1042,0.5,0.24248438819907564,42,2,0.24248438819907564,2,False,PRE_PRIMARY_INCOMPLETE_CYCLE,0.42971200000000004,-0.0006367349026854978,0.005237007477010961,0.051709695088832774,0.4557238290032829,0.24795712472017922,0.24640092651181145,0.0,0.43359935467158467,0.48530904976041744,0.37557826706397174,0.27121663233087867
c3_w2_tcop_cm0_states_L0.4_kp0_1042_ucp0_2425_s42,cm0,stageC,0.05,0.1042,0.5,0.24248438819907564,42,3,0.24248438819907564,0,True,,0.43368,-0.0008301390337579424,-0.007548291526345408,0.051709695088832774,0.45592879041144657,0.2479757549264625,0.24640092651181145,0.0,0.43359935467158467,0.48530904976041744,0.3721539396526592,0.2601132331642264
c3_w2_tcop_cm0_states_L0.4_kp0_1042_ucp0_2425_s42,cm0,stageC,0.05,0.1042,0.5,0.24248438819907564,42,4,0.24248438819907564,1,True,,0.431696,0.0025534140556258134,-0.0001255754015497297,0.051709695088832774,0.4558263919708019,0.2479660840970727,0.24640092651181145,0.0,0.43359935467158467,0.48530904976041744,0.37896538844718386,0.2682072601761638
c3_w2_tcop_cm0_states_L0.4_kp0_1042_ucp0_2425_s42,cm0,stageC,0.05,0.1042,0.5,0.24248438819907564,42,5,0.24248438819907564,2,True,,0.43492800000000004,0.00010947649353887063,0.0016983228134027511,0.051709695088832774,0.4559932190926322,0.24798188498420118,0.24640092651181145,0.0,0.43359935467158467,0.48530904976041744,0.37030892113516845,0.26356748880059344
c3_w2_tcop_cm0_states_L0.4_kp0_1042_ucp0_2425_s42,cm0,stageC,0.05,0.1042,0.5,0.24248438819907564,42,6,0.24248438819907564,0,True,,0.429472,-0.0007801533881097136,0.002474931353327583,0.051709695088832774,0.4557111959370005,0.24795739889096519,0.24640092651181145,0.0,0.43359935467158467,0.48530904976041744,0.37227622061238397,0.2665722381723244
c3_w2_tcop_cm0_states_L0.4_kp0_1042_ucp0_2425_s42,cm0,stageC,0.05,0.1042,0.5,0.24248438819907564,42,7,0.24248438819907564,1,True,,0.43166400000000005,-0.0004445518518472753,1.229076703703084e-05,0.051709695088832774,0.45582454490607,0.24796693318011065,0.24640092651181145,0.0,0.43359935467158467,0.48530904976041744,0.36759026478373386,0.26417824741392576
c3_w2_tcop_cm0_states_L0.4_kp0_1042_ucp0_2425_s42,cm0,stageC,0.05,0.1042,0.5,0.24248438819907564,42,8,0.24248438819907564,2,True,,0.430736,-0.0010441309540136442,0.011367392406436043,0.051709695088832774,0.455776560791714,0.2479628962711033,0.24640092651181145,0.0,0.43359935467158467,0.48530904976041744,0.36998125685617855,0.2649046934173687
c3_w2_tcop_cm0_states_L0.4_kp0_1042_ucp0_2425_s42,cm0,stageC,0.05,0.1042,0.5,0.24248438819907564,42,9,0.24248438819907564,0,True,,0.43291199999999996,-0.0009779786146954098,0.024699066202230127,0.051709695088832774,0.45588902873400977,0.2479727619472319,0.24640092651181145,0.0,0.43359935467158467,0.48530904976041744,0.3714920567922792,0.2679163985007358
c3_w2_tcop_cm0_states_L0.4_kp0_1042_ucp0_2425_s42,cm0,stageC,0.05,0.1042,0.5,0.24248438819907564,42,10,0.24248438819907564,1,True,,0.43065600000000004,-0.000320709616491534,0.00036228430769016164,0.051709695088832774,0.4557724751438947,0.24796228392772016,0.24640092651181145,0.0,0.43359935467158467,0.48530904976041744,0.37087478313509237,0.2612686466126648
c3_w2_tcop_cm0_states_L0.4_kp0_1042_ucp0_2425_s42,cm0,stageC,0.05,0.1042,0.5,0.24248438819907564,42,11,0.24248438819907564,2,True,,0.428992,0.0003256167276592914,-0.003946469048438572,0.051709695088832774,0.45568652248173924,0.24795449235465392,0.24640092651181145,0.0,0.43359935467158467,0.48530904976041744,0.3751816658472815,0.267743844389214
c3_w2_tcop_cm0_states_L0.4_kp0_1042_ucp0_2425_s42,cm0,stageC,0.05,0.1042,0.5,0.24248438819907564,42,12,0.24248438819907564,0,True,,0.434272,-0.0005045880075392191,0.0032192833917240333,0.051709695088832774,0.455959630036908,0.24797718348557107,0.24640092651181145,0.0,0.43359935467158467,0.48530904976041744,0.36920379501281614,0.26939155610296023
c3_w2_tcop_cm0_states_L0.4_kp0_1042_ucp0_2425_s42,cm0,stageC,0.05,0.1042,0.5,0.24248438819907564,42,13,0.24248438819907564,1,True,,0.43190400000000007,-0.005741842473758037,-0.010475960200750273,0.051709695088832774,0.45583686908384463,0.2479684400204082,0.24640092651181145,0.0,0.43359935467158467,0.48530904976041744,0.3586576239934095,0.260947047737106
c3_w2_tcop_cm0_states_L0.4_kp0_1042_ucp0_2425_s42,cm0,stageC,0.05,0.1042,0.5,0.24248438819907564,42,14,0.24248438819907564,2,True,,0.430368,-0.0003940512515692886,0.011417009085124023,0.051709695088832774,0.45575751350017046,0.24796130507730293,0.24640092651181145,0.0,0.43359935467158467,0.48530904976041744,0.368581222456369,0.2649619353963868
c3_w2_tcop_cm0_states_L0.4_kp0_1042_ucp0_2425_s42,cm0,stageC,0.05,0.1042,0.5,0.24248438819907564,42,15,0.24248438819907564,0,False,BLOCK_15_PARTIAL_CYCLE,0.432736,-0.0033595432141670773,0.031368760237109855,0.051709695088832774,0.4558799113165862,0.24797210374290518,0.24640092651181145,0.0,0.43359935467158467,0.48530904976041744,0.3642149739102651,0.2666920786892654
c3_w2_tcop_cm0_states_L0.4_kp0_1042_ucp0_2425_s137,cm0,stageC,0.05,0.1042,0.5,0.24248438819907564,137,0,0.24248438819907564,0,False,PRE_PRIMARY_INCOMPLETE_CYCLE,0.42216000000000004,-0.000895584220058311,-0.00027713170253591075,0.051709695088832774,0.45533540168627556,0.2479132660987164,0.24640092651181145,0.0,0.43359935467158467,0.48530904976041744,0.3729214731917714,0.26672320040687025
c3_w2_tcop_cm0_states_L0.4_kp0_1042_ucp0_2425_s137,cm0,stageC,0.05,0.1042,0.5,0.24248438819907564,137,1,0.24248438819907564,1,False,PRE_PRIMARY_INCOMPLETE_CYCLE,0.43081600000000003,-0.0023894549804911952,-0.006476102543964061,0.051709695088832774,0.4557807367686768,0.24796296351874192,0.24640092651181145,0.0,0.43359935467158467,0.48530904976041744,0.36795720342419846,0.2626469187764579
c3_w2_tcop_cm0_states_L0.4_kp0_1042_ucp0_2425_s137,cm0,stageC,0.05,0.1042,0.5,0.24248438819907564,137,2,0.24248438819907564,2,False,PRE_PRIMARY_INCOMPLETE_CYCLE,0.430912,0.0005184356419816596,0.00195362838704902,0.051709695088832774,0.45578567901772016,0.24796349095193088,0.24640092651181145,0.0,0.43359935467158467,0.48530904976041744,0.3692685760870015,0.26101444956577036
c3_w2_tcop_cm0_states_L0.4_kp0_1042_ucp0_2425_s137,cm0,stageC,0.05,0.1042,0.5,0.24248438819907564,137,3,0.24248438819907564,0,True,,0.43254400000000004,-0.00037939362676585347,0.0015283422735914497,0.051709695088832774,0.4558698795881485,0.24797184626542731,0.24640092651181145,0.0,0.43359935467158467,0.48530904976041744,0.37093847029935234,0.263572804991537
c3_w2_tcop_cm0_states_L0.4_kp0_1042_ucp0_2425_s137,cm0,stageC,0.05,0.1042,0.5,0.24248438819907564,137,4,0.24248438819907564,1,True,,0.43128,0.0007536437869643483,-0.014411822421486718,0.051709695088832774,0.45580480427539943,0.24796463168995542,0.24640092651181145,0.0,0.43359935467158467,0.48530904976041744,0.37975423200517944,0.266392811291655
c3_w2_tcop_cm0_states_L0.4_kp0_1042_ucp0_2425_s137,cm0,stageC,0.05,0.1042,0.5,0.24248438819907564,137,5,0.24248438819907564,2,True,,0.43110400000000004,0.00219562847965527,0.002728675797869666,0.051709695088832774,0.45579578883542826,0.24796341108789946,0.24640092651181145,0.0,0.43359935467158467,0.48530904976041744,0.3756177773586454,0.2645674500235249
c3_w2_tcop_cm0_states_L0.4_kp0_1042_ucp0_2425_s137,cm0,stageC,0.05,0.1042,0.5,0.24248438819907564,137,6,0.24248438819907564,0,True,,0.430784,-3.0478325074086537e-05,-0.002941870721605396,0.051709695088832774,0.45577910860932774,0.24796266079089618,0.24640092651181145,0.0,0.43359935467158467,0.48530904976041744,0.3698039304978091,0.25941419765831464
c3_w2_tcop_cm0_states_L0.4_kp0_1042_ucp0_2425_s137,cm0,stageC,0.05,0.1042,0.5,0.24248438819907564,137,7,0.24248438819907564,1,True,,0.43174400000000007,0.00017038270343419095,0.007071919404306728,0.051709695088832774,0.45582865902575315,0.24796746158864535,0.24640092651181145,0.0,0.43359935467158467,0.48530904976041744,0.371425581024236,0.264763567035767
c3_w2_tcop_cm0_states_L0.4_kp0_1042_ucp0_2425_s137,cm0,stageC,0.05,0.1042,0.5,0.24248438819907564,137,8,0.24248438819907564,2,True,,0.43022400000000005,0.0002926363752284325,0.009898843571009825,0.051709695088832774,0.45575027273357915,0.24795961839179761,0.24640092651181145,0.0,0.43359935467158467,0.48530904976041744,0.37490351440150227,0.2685139146425773
c3_w2_tcop_cm0_states_L0.4_kp0_1042_ucp0_2425_s137,cm0,stageC,0.05,0.1042,0.5,0.24248438819907564,137,9,0.24248438819907564,0,True,,0.43038400000000004,0.0022186386487209,0.02066305113222675,0.051709695088832774,0.45575861968175496,0.24795981853415455,0.24640092651181145,0.0,0.43359935467158467,0.48530904976041744,0.3811302690138633,0.26909402082343553
c3_w2_tcop_cm0_states_L0.4_kp0_1042_ucp0_2425_s137,cm0,stageC,0.05,0.1042,0.5,0.24248438819907564,137,10,0.24248438819907564,1,True,,0.43112,-0.0018378729624463194,0.01186598625581059,0.051709695088832774,0.4557962384445709,0.24796550849361426,0.24640092651181145,0.0,0.43359935467158467,0.48530904976041744,0.3668599405378363,0.2610550754702128
c3_w2_tcop_cm0_states_L0.4_kp0_1042_ucp0_2425_s137,cm0,stageC,0.05,0.1042,0.5,0.24248438819907564,137,11,0.24248438819907564,2,True,,0.4309120000000001,-0.0012942095039802123,0.01189043168014125,0.051709695088832774,0.45578579013556136,0.24796291498841969,0.24640092651181145,0.0,0.43359935467158467,0.48530904976041744,0.37253973176960714,0.2639091432532282
c3_w2_tcop_cm0_states_L0.4_kp0_1042_ucp0_2425_s137,cm0,stageC,0.05,0.1042,0.5,0.24248438819907564,137,12,0.24248438819907564,0,True,,0.43355200000000005,-0.0007098261203751808,0.014882631679206877,0.051709695088832774,0.45592204333489883,0.24797598371372095,0.24640092651181145,0.0,0.43359935467158467,0.48530904976041744,0.3672210799592307,0.2595161656549052
c3_w2_tcop_cm0_states_L0.4_kp0_1042_ucp0_2425_s137,cm0,stageC,0.05,0.1042,0.5,0.24248438819907564,137,13,0.24248438819907564,1,True,,0.42991999999999997,-0.0011633023373738894,0.001683849401314271,0.051709695088832774,0.45573446838110404,0.24795862308405284,0.24640092651181145,0.0,0.43359935467158467,0.48530904976041744,0.3715581859316482,0.2621808085316232
c3_w2_tcop_cm0_states_L0.4_kp0_1042_ucp0_2425_s137,cm0,stageC,0.05,0.1042,0.5,0.24248438819907564,137,14,0.24248438819907564,2,True,,0.43217599999999995,0.002678860687073652,0.006964108674168421,0.051709695088832774,0.4558513811072655,0.2479671623870086,0.24640092651181145,0.0,0.43359935467158467,0.48530904976041744,0.37997614269265556,0.26594179776298615
c3_w2_tcop_cm0_states_L0.4_kp0_1042_ucp0_2425_s137,cm0,stageC,0.05,0.1042,0.5,0.24248438819907564,137,15,0.24248438819907564,0,False,BLOCK_15_PARTIAL_CYCLE,0.43064,-0.0019172934852490539,0.030623587031186658,0.051709695088832774,0.4557716541639866,0.2479621272006619,0.24640092651181145,0.0,0.43359935467158467,0.48530904976041744,0.3710394958817493,0.2682182035937846
c3_w2_tcop_cm0_states_L0.4_kp0_1042_ucp0_2425_s256,cm0,stageC,0.05,0.1042,0.5,0.24248438819907564,256,0,0.24248438819907564,0,False,PRE_PRIMARY_INCOMPLETE_CYCLE,0.418624,0.002874050275287088,0.007279354186488188,0.051709695088832774,0.455152846860746,0.24789622441974463,0.24640092651181145,0.0,0.43359935467158467,0.48530904976041744,0.38180896322668434,0.27429896682724564
c3_w2_tcop_cm0_states_L0.4_kp0_1042_ucp0_2425_s256,cm0,stageC,0.05,0.1042,0.5,0.24248438819907564,256,1,0.24248438819907564,1,False,PRE_PRIMARY_INCOMPLETE_CYCLE,0.4331200000000001,-0.003829203931066133,0.004402273827520557,0.051709695088832774,0.45589980981517847,0.24797346768722578,0.24640092651181145,0.0,0.43359935467158467,0.48530904976041744,0.3618515933920591,0.26082032271289685
c3_w2_tcop_cm0_states_L0.4_kp0_1042_ucp0_2425_s256,cm0,stageC,0.05,0.1042,0.5,0.24248438819907564,256,2,0.24248438819907564,2,False,PRE_PRIMARY_INCOMPLETE_CYCLE,0.43368,-0.0015610857358157773,0.008108901365491214,0.051709695088832774,0.4559286286712247,0.24797674025826483,0.24640092651181145,0.0,0.43359935467158467,0.48530904976041744,0.37126581828200517,0.267589751398051
c3_w2_tcop_cm0_states_L0.4_kp0_1042_ucp0_2425_s256,cm0,stageC,0.05,0.1042,0.5,0.24248438819907564,256,3,0.24248438819907564,0,True,,0.43459200000000003,-0.0008268071033652825,0.009742802217710797,0.051709695088832774,0.4559759581073645,0.24797977271202387,0.24640092651181145,0.0,0.43359935467158467,0.48530904976041744,0.3725761988790716,0.2663135885138685
c3_w2_tcop_cm0_states_L0.4_kp0_1042_ucp0_2425_s256,cm0,stageC,0.05,0.1042,0.5,0.24248438819907564,256,4,0.24248438819907564,1,True,,0.43024,0.0026526343738143055,0.020067277001043115,0.051709695088832774,0.45575123136327367,0.24795895306558993,0.24640092651181145,0.0,0.43359935467158467,0.48530904976041744,0.3780032906002092,0.2656905295298124
c3_w2_tcop_cm0_states_L0.4_kp0_1042_ucp0_2425_s256,cm0,stageC,0.05,0.1042,0.5,0.24248438819907564,256,5,0.24248438819907564,2,True,,0.42823999999999995,0.00023031118453438468,-0.018069327896873287,0.051709695088832774,0.4556476883811379,0.24795087999653598,0.24640092651181145,0.0,0.43359935467158467,0.48530904976041744,0.37552150540539697,0.27089044628860187
c3_w2_tcop_cm0_states_L0.4_kp0_1042_ucp0_2425_s256,cm0,stageC,0.05,0.1042,0.5,0.24248438819907564,256,6,0.24248438819907564,0,True,,0.42977599999999994,-0.0043317607365493125,0.002926386025591192,0.051709695088832774,0.45572691270306825,0.24795869748336477,0.24640092651181145,0.0,0.43359935467158467,0.48530904976041744,0.36145332752452936,0.2649492418994253
c3_w2_tcop_cm0_states_L0.4_kp0_1042_ucp0_2425_s256,cm0,stageC,0.05,0.1042,0.5,0.24248438819907564,256,7,0.24248438819907564,1,True,,0.43371200000000004,-0.0006728453589487818,0.012799368260347738,0.051709695088832774,0.45593050208289826,0.24797574663358454,0.24640092651181145,0.0,0.43359935467158467,0.48530904976041744,0.37203401175389417,0.2695160125846
c3_w2_tcop_cm0_states_L0.4_kp0_1042_ucp0_2425_s256,cm0,stageC,0.05,0.1042,0.5,0.24248438819907564,256,8,0.24248438819907564,2,True,,0.43222399999999994,0.003728464323391412,-0.00449953568903022,0.051709695088832774,0.4558536683142616,0.24796843084670322,0.24640092651181145,0.0,0.43359935467158467,0.48530904976041744,0.38140870413742733,0.2663787954598807
c3_w2_tcop_cm0_states_L0.4_kp0_1042_ucp0_2425_s256,cm0,stageC,0.05,0.1042,0.5,0.24248438819907564,256,9,0.24248438819907564,0,True,,0.43332800000000005,-0.0015559646335133442,0.024619248933316754,0.051709695088832774,0.45591042828455147,0.24797519321690228,0.24640092651181145,0.0,0.43359935467158467,0.48530904976041744,0.3687710954006257,0.26215962431837125
c3_w2_tcop_cm0_states_L0.4_kp0_1042_ucp0_2425_s256,cm0,stageC,0.05,0.1042,0.5,0.24248438819907564,256,10,0.24248438819907564,1,True,,0.431392,-0.003499556106909878,0.0005113896337791891,0.051709695088832774,0.45581052269075234,0.24796544864804052,0.24640092651181145,0.0,0.43359935467158467,0.48530904976041744,0.36518493190027806,0.258741858584955
c3_w2_tcop_cm0_states_L0.4_kp0_1042_ucp0_2425_s256,cm0,stageC,0.05,0.1042,0.5,0.24248438819907564,256,11,0.24248438819907564,2,True,,0.43147199999999997,-0.0006414239298634553,0.0034385458225312687,0.051709695088832774,0.4558146732391801,0.2479658455635077,0.24640092651181145,0.0,0.43359935467158467,0.48530904976041744,0.36805966056288325,0.26273303526782354
c3_w2_tcop_cm0_states_L0.4_kp0_1042_ucp0_2425_s256,cm0,stageC,0.05,0.1042,0.5,0.24248438819907564,256,12,0.24248438819907564,0,True,,0.430256,-0.0032803428518275606,0.012158320863580875,0.051709695088832774,0.45575170719178515,0.24796103994674717,0.24640092651181145,0.0,0.43359935467158467,0.48530904976041744,0.3630213356467415,0.2674421638717388
c3_w2_tcop_cm0_states_L0.4_kp0_1042_ucp0_2425_s256,cm0,stageC,0.05,0.1042,0.5,0.24248438819907564,256,13,0.24248438819907564,1,True,,0.4296,0.00609277611665709,0.021781746896101066,0.051709695088832774,0.4557182477380681,0.247955447260277,0.24640092651181145,0.0,0.43359935467158467,0.48530904976041744,0.386767304333547,0.2689651363964884
c3_w2_tcop_cm0_states_L0.4_kp0_1042_ucp0_2425_s256,cm0,stageC,0.05,0.1042,0.5,0.24248438819907564,256,14,0.24248438819907564,2,True,,0.43096,-0.005227975584879617,0.016393259022601588,0.051709695088832774,0.45578782679040347,0.24796555157464154,0.24640092651181145,0.0,0.43359935467158467,0.48530904976041744,0.35857473576866883,0.2562966327926096
c3_w2_tcop_cm0_states_L0.4_kp0_1042_ucp0_2425_s256,cm0,stageC,0.05,0.1042,0.5,0.24248438819907564,256,15,0.24248438819907564,0,False,BLOCK_15_PARTIAL_CYCLE,0.430688,0.0005733526588165113,0.006378941995526739,0.051709695088832774,0.4557741959981769,0.24796212448913293,0.24640092651181145,0.0,0.43359935467158467,0.48530904976041744,0.3704867271404854,0.26696068955666613
c3_w2_tcop_cm0_states_L0.4_kp0_1042_ucp0_2425_s1024,cm0,stageC,0.05,0.1042,0.5,0.24248438819907564,1024,0,0.24248438819907564,0,False,PRE_PRIMARY_INCOMPLETE_CYCLE,0.42105599999999993,-0.0035769661594934584,0.005307596407021421,0.051709695088832774,0.4552783203391846,0.24790850423889352,0.24640092651181145,0.0,0.43359935467158467,0.48530904976041744,0.36708574103821434,0.26931324242696525
c3_w2_tcop_cm0_states_L0.4_kp0_1042_ucp0_2425_s1024,cm0,stageC,0.05,0.1042,0.5,0.24248438819907564,1024,1,0.24248438819907564,1,False,PRE_PRIMARY_INCOMPLETE_CYCLE,0.431008,-0.0016316736617526812,0.001271134624968027,0.051709695088832774,0.4557906702531569,0.2479638401004453,0.24640092651181145,0.0,0.43359935467158467,0.48530904976041744,0.367241947585622,0.2655185810708114
c3_w2_tcop_cm0_states_L0.4_kp0_1042_ucp0_2425_s1024,cm0,stageC,0.05,0.1042,0.5,0.24248438819907564,1024,2,0.24248438819907564,2,False,PRE_PRIMARY_INCOMPLETE_CYCLE,0.4301920000000001,0.0007020418110714116,0.012505935702446814,0.051709695088832774,0.45574848891889186,0.24796010959545373,0.24640092651181145,0.0,0.43359935467158467,0.48530904976041744,0.375225656037031,0.2615170187914348
c3_w2_tcop_cm0_states_L0.4_kp0_1042_ucp0_2425_s1024,cm0,stageC,0.05,0.1042,0.5,0.24248438819907564,1024,3,0.24248438819907564,0,True,,0.430432,-0.00035453065495259545,-0.00570356188468716,0.051709695088832774,0.4557607880717898,0.24796185868217407,0.24640092651181145,0.0,0.43359935467158467,0.48530904976041744,0.37331720390642026,0.26638554362369293
c3_w2_tcop_cm0_states_L0.4_kp0_1042_ucp0_2425_s1024,cm0,stageC,0.05,0.1042,0.5,0.24248438819907564,1024,4,0.24248438819907564,1,True,,0.43323199999999995,-0.0003011278945883754,0.003810579551458146,0.051709695088832774,0.45590561395237084,0.2479738390173429,0.24640092651181145,0.0,0.43359935467158467,0.48530904976041744,0.37022106615491973,0.25754633449334713
c3_w2_tcop_cm0_states_L0.4_kp0_1042_ucp0_2425_s1024,cm0,stageC,0.05,0.1042,0.5,0.24248438819907564,1024,5,0.24248438819907564,2,True,,0.4328,-0.00210501673950421,0.0015347757730029188,0.051709695088832774,0.4558830923567907,0.24797305351592208,0.24640092651181145,0.0,0.43359935467158467,0.48530904976041744,0.369555626226985,0.2643890870091522
c3_w2_tcop_cm0_states_L0.4_kp0_1042_ucp0_2425_s1024,cm0,stageC,0.05,0.1042,0.5,0.24248438819907564,1024,6,0.24248438819907564,0,True,,0.43568000000000007,-0.0021010152668450026,0.0104902113961105,0.051709695088832774,0.456032140882857,0.24798496608179607,0.24640092651181145,0.0,0.43359935467158467,0.48530904976041744,0.36562217710669165,0.26115332761771837
c3_w2_tcop_cm0_states_L0.4_kp0_1042_ucp0_2425_s1024,cm0,stageC,0.05,0.1042,0.5,0.24248438819907564,1024,7,0.24248438819907564,1,True,,0.428544,-0.0004718042519871328,0.025681537615190844,0.051709695088832774,0.45566328116845506,0.2479528432619605,0.24640092651181145,0.0,0.43359935467158467,0.48530904976041744,0.3702760529355512,0.25973954669452864
c3_w2_tcop_cm0_states_L0.4_kp0_1042_ucp0_2425_s1024,cm0,stageC,0.05,0.1042,0.5,0.24248438819907564,1024,8,0.24248438819907564,2,True,,0.427904,-0.0014199189218098754,0.01288616262462187,0.051709695088832774,0.45563037961260006,0.24794896455917864,0.24640092651181145,0.0,0.43359935467158467,0.48530904976041744,0.3716893179971927,0.2641293553305053
c3_w2_tcop_cm0_states_L0.4_kp0_1042_ucp0_2425_s1024,cm0,stageC,0.05,0.1042,0.5,0.24248438819907564,1024,9,0.24248438819907564,0,True,,0.43163199999999996,-0.004322349211852212,0.00722390834362399,0.051709695088832774,0.4558227812678906,0.24796742803278707,0.24640092651181145,0.0,0.43359935467158467,0.48530904976041744,0.3630004494660358,0.2628188879365497
c3_w2_tcop_cm0_states_L0.4_kp0_1042_ucp0_2425_s1024,cm0,stageC,0.05,0.1042,0.5,0.24248438819907564,1024,10,0.24248438819907564,1,True,,0.4304639999999999,5.763128155446409e-05,0.004038527162006839,0.051709695088832774,0.45576252196030936,0.24796159579929505,0.24640092651181145,0.0,0.43359935467158467,0.48530904976041744,0.3721154997776287,0.2650631647332535
c3_w2_tcop_cm0_states_L0.4_kp0_1042_ucp0_2425_s1024,cm0,stageC,0.05,0.1042,0.5,0.24248438819907564,1024,11,0.24248438819907564,2,True,,0.4312,0.00039380360787994085,0.016387726638772658,0.051709695088832774,0.45580072624829665,0.24796397997178446,0.24640092651181145,0.0,0.43359935467158467,0.48530904976041744,0.3758956725689652,0.26746573244361566
c3_w2_tcop_cm0_states_L0.4_kp0_1042_ucp0_2425_s1024,cm0,stageC,0.05,0.1042,0.5,0.24248438819907564,1024,12,0.24248438819907564,0,True,,0.4303039999999999,-0.00103053384263419,-0.003928316416584662,0.051709695088832774,0.4557542511866585,0.2479608264098193,0.24640092651181145,0.0,0.43359935467158467,0.48530904976041744,0.3678038383556188,0.26084036785395825
c3_w2_tcop_cm0_states_L0.4_kp0_1042_ucp0_2425_s1024,cm0,stageC,0.05,0.1042,0.5,0.24248438819907564,1024,13,0.24248438819907564,1,True,,0.434672,-0.0022095737450967185,-0.01688375550332958,0.051709695088832774,0.45598009362618963,0.24798017911516781,0.24640092651181145,0.0,0.43359935467158467,0.48530904976041744,0.3649049633308224,0.2647899394524192
c3_w2_tcop_cm0_states_L0.4_kp0_1042_ucp0_2425_s1024,cm0,stageC,0.05,0.1042,0.5,0.24248438819907564,1024,14,0.24248438819907564,2,True,,0.434336,-0.0009248823296003702,0.006853110822970821,0.051709695088832774,0.4559626872819363,0.24797885397101316,0.24640092651181145,0.0,0.43359935467158467,0.48530904976041744,0.3708458031800324,0.2662925095442913
c3_w2_tcop_cm0_states_L0.4_kp0_1042_ucp0_2425_s1024,cm0,stageC,0.05,0.1042,0.5,0.24248438819907564,1024,15,0.24248438819907564,0,False,BLOCK_15_PARTIAL_CYCLE,0.4322560000000001,0.0011363707715087378,0.006420597742055801,0.051709695088832774,0.4558551647376708,0.24796958533807473,0.24640092651181145,0.0,0.43359935467158467,0.48530904976041744,0.37531698189294965,0.26559822707149505
c3_w2_tcop_cm0_states_L0.4_kp0_1042_ucp0_2425_s31415,cm0,stageC,0.05,0.1042,0.5,0.24248438819907564,31415,0,0.24248438819907564,0,False,PRE_PRIMARY_INCOMPLETE_CYCLE,0.41500800000000004,-0.00504481709911774,0.019213962509150972,0.051709695088832774,0.4549655959926582,0.2478818823348093,0.24640092651181145,0.0,0.43359935467158467,0.48530904976041744,0.3619046879502941,0.2677521671918283
c3_w2_tcop_cm0_states_L0.4_kp0_1042_ucp0_2425_s31415,cm0,stageC,0.05,0.1042,0.5,0.24248438819907564,31415,1,0.24248438819907564,1,False,PRE_PRIMARY_INCOMPLETE_CYCLE,0.428688,0.0009934429051221523,0.015816769292659984,0.051709695088832774,0.4556707863329083,0.24795320901625995,0.24640092651181145,0.0,0.43359935467158467,0.48530904976041744,0.3762572746216432,0.2664809585752563
c3_w2_tcop_cm0_states_L0.4_kp0_1042_ucp0_2425_s31415,cm0,stageC,0.05,0.1042,0.5,0.24248438819907564,31415,2,0.24248438819907564,2,False,PRE_PRIMARY_INCOMPLETE_CYCLE,0.431728,-7.798447751611824e-05,-0.001306684402448708,0.051709695088832774,0.4558277636378008,0.24796771998128372,0.24640092651181145,0.0,0.43359935467158467,0.48530904976041744,0.3747231819494578,0.26532582965270807
c3_w2_tcop_cm0_states_L0.4_kp0_1042_ucp0_2425_s31415,cm0,stageC,0.05,0.1042,0.5,0.24248438819907564,31415,3,0.24248438819907564,0,True,,0.43001599999999995,-0.0034011900029949737,0.005636908422917227,0.051709695088832774,0.455739376677855,0.24795944301954648,0.24640092651181145,0.0,0.43359935467158467,0.48530904976041744,0.36590321849209895,0.26437075777825236
c3_w2_tcop_cm0_states_L0.4_kp0_1042_ucp0_2425_s31415,cm0,stageC,0.05,0.1042,0.5,0.24248438819907564,31415,4,0.24248438819907564,1,True,,0.43160000000000004,0.0002501205853828033,-0.008166030067548494,0.051709695088832774,0.455821406395398,0.24796577606829925,0.24640092651181145,0.0,0.43359935467158467,0.48530904976041744,0.37115853930618914,0.2642199758802918
c3_w2_tcop_cm0_states_L0.4_kp0_1042_ucp0_2425_s31415,cm0,stageC,0.05,0.1042,0.5,0.24248438819907564,31415,5,0.24248438819907564,2,True,,0.42891199999999996,0.0014694669082259378,0.016719975738280792,0.051709695088832774,0.455682560568611,0.24795315257672051,0.24640092651181145,0.0,0.43359935467158467,0.48530904976041744,0.3758070891849059,0.2652417139875002
c3_w2_tcop_cm0_states_L0.4_kp0_1042_ucp0_2425_s31415,cm0,stageC,0.05,0.1042,0.5,0.24248438819907564,31415,6,0.24248438819907564,0,True,,0.431888,0.001315863792270688,0.002052773017767722,0.051709695088832774,0.45583641758143867,0.2479663199168468,0.24640092651181145,0.0,0.43359935467158467,0.48530904976041744,0.37641936853224583,0.26712564910152226
c3_w2_tcop_cm0_states_L0.4_kp0_1042_ucp0_2425_s31415,cm0,stageC,0.05,0.1042,0.5,0.24248438819907564,31415,7,0.24248438819907564,1,True,,0.43132800000000004,-0.0033505188498261502,-0.00047856073955585384,0.051709695088832774,0.4558072027016018,0.24796532592769713,0.24640092651181145,0.0,0.43359935467158467,0.48530904976041744,0.3673580742633811,0.2666463033826831
c3_w2_tcop_cm0_states_L0.4_kp0_1042_ucp0_2425_s31415,cm0,stageC,0.05,0.1042,0.5,0.24248438819907564,31415,8,0.24248438819907564,2,True,,0.43105600000000005,0.002635053443927926,0.013263626395090072,0.051709695088832774,0.45579324874689325,0.24796352480376477,0.24640092651181145,0.0,0.43359935467158467,0.48530904976041744,0.37263822350643666,0.26445206518151243
c3_w2_tcop_cm0_states_L0.4_kp0_1042_ucp0_2425_s31415,cm0,stageC,0.05,0.1042,0.5,0.24248438819907564,31415,9,0.24248438819907564,0,True,,0.429056,-0.0004934634709733757,-0.009294671489202658,0.051709695088832774,0.4556898770722485,0.2479544284118879,0.24640092651181145,0.0,0.43359935467158467,0.48530904976041744,0.373662862662999,0.26648493422887376
c3_w2_tcop_cm0_states_L0.4_kp0_1042_ucp0_2425_s31415,cm0,stageC,0.05,0.1042,0.5,0.24248438819907564,31415,10,0.24248438819907564,1,True,,0.431776,-0.001550784773633712,0.01003974623899367,0.051709695088832774,0.4558303444866152,0.24796727712621097,0.24640092651181145,0.0,0.43359935467158467,0.48530904976041744,0.3731665287313545,0.265578723985783
c3_w2_tcop_cm0_states_L0.4_kp0_1042_ucp0_2425_s31415,cm0,stageC,0.05,0.1042,0.5,0.24248438819907564,31415,11,0.24248438819907564,2,True,,0.429216,0.0019516576013420164,0.0018036522855865936,0.051709695088832774,0.45569798145708396,0.24795615063116272,0.24640092651181145,0.0,0.43359935467158467,0.48530904976041744,0.37685253869773033,0.26698454031292435
c3_w2_tcop_cm0_states_L0.4_kp0_1042_ucp0_2425_s31415,cm0,stageC,0.05,0.1042,0.5,0.24248438819907564,31415,12,0.24248438819907564,0,True,,0.4312,-0.0037133958799158624,0.020351593843460497,0.051709695088832774,0.45580054466623615,0.24796494023947696,0.24640092651181145,0.0,0.43359935467158467,0.48530904976041744,0.36588745415977103,0.2646837615237521
c3_w2_tcop_cm0_states_L0.4_kp0_1042_ucp0_2425_s31415,cm0,stageC,0.05,0.1042,0.5,0.24248438819907564,31415,13,0.24248438819907564,1,True,,0.43214400000000003,-0.00415590895404916,-0.0015288063918694132,0.051709695088832774,0.45584920364675646,0.2479699928119699,0.24640092651181145,0.0,0.43359935467158467,0.48530904976041744,0.36042665214420105,0.2607302669766629
c3_w2_tcop_cm0_states_L0.4_kp0_1042_ucp0_2425_s31415,cm0,stageC,0.05,0.1042,0.5,0.24248438819907564,31415,14,0.24248438819907564,2,True,,0.42990399999999995,-0.0009441528269993472,0.007169710656653289,0.051709695088832774,0.4557337273572838,0.24795824918167741,0.24640092651181145,0.0,0.43359935467158467,0.48530904976041744,0.36793822486084216,0.26729393573992527
c3_w2_tcop_cm0_states_L0.4_kp0_1042_ucp0_2425_s31415,cm0,stageC,0.05,0.1042,0.5,0.24248438819907564,31415,15,0.24248438819907564,0,False,BLOCK_15_PARTIAL_CYCLE,0.435888,-0.003434255320009399,-0.0039868207445478265,0.051709695088832774,0.4560427252845961,0.24798686012655952,0.24640092651181145,0.0,0.43359935467158467,0.48530904976041744,0.36494636641449596,0.2656382090190212
c3_w2_tcop_cm0_states_L0.4_km0_1042_ucp0_0498_s42,cm0,stageC,-0.05,-0.1042,0.1,0.04977134874876729,42,0,0.04977134874876729,0,False,PRE_PRIMARY_INCOMPLETE_CYCLE,0.39671999999999996,0.00039930578556317975,0.0010919230929711684,-0.050444840840891125,0.41725526373292887,0.2430684326178525,0.2398879386159067,0.0,0.3870110273962671,0.4374558682371582,0.37595400157875686,0.2744042636612603
c3_w2_tcop_cm0_states_L0.4_km0_1042_ucp0_0498_s42,cm0,stageC,-0.05,-0.1042,0.1,0.04977134874876729,42,1,0.04977134874876729,1,False,PRE_PRIMARY_INCOMPLETE_CYCLE,0.4089919999999999,-0.0028702948510321157,-0.022653496338657722,-0.050444840840891125,0.4166308495609813,0.2429734236070892,0.2398879386159067,0.0,0.3870110273962671,0.4374558682371582,0.363063603188765,0.2659250781001006
c3_w2_tcop_cm0_states_L0.4_km0_1042_ucp0_0498_s42,cm0,stageC,-0.05,-0.1042,0.1,0.04977134874876729,42,2,0.04977134874876729,2,False,PRE_PRIMARY_INCOMPLETE_CYCLE,0.40795200000000004,-0.0005244058649661508,-0.008000391170722425,-0.050444840840891125,0.4166841441152102,0.24298049845609354,0.2398879386159067,0.0,0.3870110273962671,0.4374558682371582,0.3754487359627653,0.27610379365717114
c3_w2_tcop_cm0_states_L0.4_km0_1042_ucp0_0498_s42,cm0,stageC,-0.05,-0.1042,0.1,0.04977134874876729,42,3,0.04977134874876729,0,True,,0.41086399999999995,-0.0005364259316038545,-0.02389379222474443,-0.050444840840891125,0.4165364878361084,0.24295647229259973,0.2398879386159067,0.0,0.3870110273962671,0.4374558682371582,0.3714991476186166,0.26570666524496095
c3_w2_tcop_cm0_states_L0.4_km0_1042_ucp0_0498_s42,cm0,stageC,-0.05,-0.1042,0.1,0.04977134874876729,42,4,0.04977134874876729,1,True,,0.40991999999999995,0.002563571483017924,-0.007033115833714829,-0.050444840840891125,0.41658432971822984,0.24296425988699843,0.2398879386159067,0.0,0.3870110273962671,0.4374558682371582,0.37805674605878614,0.27496018154873403
c3_w2_tcop_cm0_states_L0.4_km0_1042_ucp0_0498_s42,cm0,stageC,-0.05,-0.1042,0.1,0.04977134874876729,42,5,0.04977134874876729,2,True,,0.41270399999999996,-2.6102664047996104e-05,-0.012540907597870602,-0.050444840840891125,0.41644318430018784,0.2429412704025687,0.2398879386159067,0.0,0.3870110273962671,0.4374558682371582,0.36961829426606374,0.2680760646419507
c3_w2_tcop_cm0_states_L0.4_km0_1042_ucp0_0498_s42,cm0,stageC,-0.05,-0.1042,0.1,0.04977134874876729,42,6,0.04977134874876729,0,True,,0.40820799999999996,-0.0002686601684581579,-0.012813285828407796,-0.050444840840891125,0.4166706512238993,0.24297972353707656,0.2398879386159067,0.0,0.3870110273962671,0.4374558682371582,0.37138066281744203,0.2716791712411504
c3_w2_tcop_cm0_states_L0.4_km0_1042_ucp0_0498_s42,cm0,stageC,-0.05,-0.1042,0.1,0.04977134874876729,42,7,0.04977134874876729,1,True,,0.4100799999999999,8.363263668680072e-05,-0.00960367363436578,-0.050444840840891125,0.41657624565066514,0.2429628933383909,0.2398879386159067,0.0,0.3870110273962671,0.4374558682371582,0.37000037261467994,0.27359435839098756
c3_w2_tcop_cm0_states_L0.4_km0_1042_ucp0_0498_s42,cm0,stageC,-0.05,-0.1042,0.1,0.04977134874876729,42,8,0.04977134874876729,2,True,,0.40793599999999997,-8.098703257645887e-05,0.0033087306017061933,-0.050444840840891125,0.41668456585639585,0.24298164170304493,0.2398879386159067,0.0,0.3870110273962671,0.4374558682371582,0.3720042101504303,0.27195609633881135
c3_w2_tcop_cm0_states_L0.4_km0_1042_ucp0_0498_s42,cm0,stageC,-0.05,-0.1042,0.1,0.04977134874876729,42,9,0.04977134874876729,0,True,,0.41068799999999994,0.00046598542638574993,0.010319629673870385,-0.050444840840891125,0.41654530786790517,0.24295816543608564,0.2398879386159067,0.0,0.3870110273962671,0.4374558682371582,0.37379640173336987,0.2721593786283727
c3_w2_tcop_cm0_states_L0.4_km0_1042_ucp0_0498_s42,cm0,stageC,-0.05,-0.1042,0.1,0.04977134874876729,42,10,0.04977134874876729,1,True,,0.409024,0.0018707264264697086,-0.00860181361445501,-0.050444840840891125,0.416629750100527,0.24297166745378213,0.2398879386159067,0.0,0.3870110273962671,0.4374558682371582,0.3751233932932281,0.27291031743929134
c3_w2_tcop_cm0_states_L0.4_km0_1042_ucp0_0498_s42,cm0,stageC,-0.05,-0.1042,0.1,0.04977134874876729,42,11,0.04977134874876729,2,True,,0.40672,-0.00035606839813265366,-0.023897804934235777,-0.050444840840891125,0.4167462109054353,0.24299167606738808,0.2398879386159067,0.0,0.3870110273962671,0.4374558682371582,0.3742216127302088,0.2776628582401808
c3_w2_tcop_cm0_states_L0.4_km0_1042_ucp0_0498_s42,cm0,stageC,-0.05,-0.1042,0.1,0.04977134874876729,42,12,0.04977134874876729,0,True,,0.41200000000000003,0.0009145226784619511,-0.005199681041929695,-0.050444840840891125,0.41647943811983146,0.24294555524490435,0.2398879386159067,0.0,0.3870110273962671,0.4374558682371582,0.3716367176505593,0.27512776383673293
c3_w2_tcop_cm0_states_L0.4_km0_1042_ucp0_0498_s42,cm0,stageC,-0.05,-0.1042,0.1,0.04977134874876729,42,13,0.04977134874876729,1,True,,0.41017599999999993,-0.004825506728434946,-0.021444237581245137,-0.050444840840891125,0.4165712332874987,0.24296253383308603,0.2398879386159067,0.0,0.3870110273962671,0.4374558682371582,0.36119043645867427,0.2681716284845113
c3_w2_tcop_cm0_states_L0.4_km0_1042_ucp0_0498_s42,cm0,stageC,-0.05,-0.1042,0.1,0.04977134874876729,42,14,0.04977134874876729,2,True,,0.407152,-0.000786854693959966,0.0010027523895651577,-0.050444840840891125,0.41672424384092527,0.24298835798757776,0.2398879386159067,0.0,0.3870110273962671,0.4374558682371582,0.3668472779512814,0.2694070404671767
c3_w2_tcop_cm0_states_L0.4_km0_1042_ucp0_0498_s42,cm0,stageC,-0.05,-0.1042,0.1,0.04977134874876729,42,15,0.04977134874876729,0,False,BLOCK_15_PARTIAL_CYCLE,0.40985600000000005,-0.00406521126480591,0.001580050100796111,-0.050444840840891125,0.41658725539750535,0.24296565417059543,0.2398879386159067,0.0,0.3870110273962671,0.4374558682371582,0.3628834163585666,0.2734818904151861
c3_w2_tcop_cm0_states_L0.4_km0_1042_ucp0_0498_s137,cm0,stageC,-0.05,-0.1042,0.1,0.04977134874876729,137,0,0.04977134874876729,0,False,PRE_PRIMARY_INCOMPLETE_CYCLE,0.40152,0.001231087957083891,0.0004476070156203147,-0.050444840840891125,0.4170124958815343,0.24302713084456465,0.2398879386159067,0.0,0.3870110273962671,0.4374558682371582,0.376511764463037,0.27535641138206096
c3_w2_tcop_cm0_states_L0.4_km0_1042_ucp0_0498_s137,cm0,stageC,-0.05,-0.1042,0.1,0.04977134874876729,137,1,0.04977134874876729,1,False,PRE_PRIMARY_INCOMPLETE_CYCLE,0.4085599999999999,-0.0028445201437695745,-0.018184752784204016,-0.050444840840891125,0.4166530851198387,0.24297610299424918,0.2398879386159067,0.0,0.3870110273962671,0.4374558682371582,0.3678993824371169,0.26822365454441366
c3_w2_tcop_cm0_states_L0.4_km0_1042_ucp0_0498_s137,cm0,stageC,-0.05,-0.1042,0.1,0.04977134874876729,137,2,0.04977134874876729,2,False,PRE_PRIMARY_INCOMPLETE_CYCLE,0.40895999999999993,0.0007192070111103302,-0.009120480387037645,-0.050444840840891125,0.4166327887745384,0.24297282788085836,0.2398879386159067,0.0,0.3870110273962671,0.4374558682371582,0.36940146849260336,0.2692239503997886
c3_w2_tcop_cm0_states_L0.4_km0_1042_ucp0_0498_s137,cm0,stageC,-0.05,-0.1042,0.1,0.04977134874876729,137,3,0.04977134874876729,0,True,,0.41104,0.0007759091403900531,-0.005303319492377089,-0.050444840840891125,0.41652741570805013,0.24295538689287122,0.2398879386159067,0.0,0.3870110273962671,0.4374558682371582,0.37564369415315924,0.26977929582470145
c3_w2_tcop_cm0_states_L0.4_km0_1042_ucp0_0498_s137,cm0,stageC,-0.05,-0.1042,0.1,0.04977134874876729,137,4,0.04977134874876729,1,True,,0.4086559999999999,0.00213547424053452,-0.02481559982745417,-0.050444840840891125,0.4166485403416815,0.24297441999963726,0.2398879386159067,0.0,0.3870110273962671,0.4374558682371582,0.3815133544104551,0.27305180666580475
c3_w2_tcop_cm0_states_L0.4_km0_1042_ucp0_0498_s137,cm0,stageC,-0.05,-0.1042,0.1,0.04977134874876729,137,5,0.04977134874876729,2,True,,0.40904,0.0015925312112241804,-0.009346911245527912,-0.050444840840891125,0.416628922199181,0.24297158418625442,0.2398879386159067,0.0,0.3870110273962671,0.4374558682371582,0.3715611785407079,0.2687888952106569
c3_w2_tcop_cm0_states_L0.4_km0_1042_ucp0_0498_s137,cm0,stageC,-0.05,-0.1042,0.1,0.04977134874876729,137,6,0.04977134874876729,0,True,,0.40976,0.0015431936465766826,-0.015751790640510646,-0.050444840840891125,0.4165925189671529,0.24296543488292818,0.2398879386159067,0.0,0.3870110273962671,0.4374558682371582,0.374433188984196,0.26633777733696906
c3_w2_tcop_cm0_states_L0.4_km0_1042_ucp0_0498_s137,cm0,stageC,-0.05,-0.1042,0.1,0.04977134874876729,137,7,0.04977134874876729,1,True,,0.410368,4.942824666672723e-05,-0.012567425807605297,-0.050444840840891125,0.4165614176895175,0.24296110417491337,0.2398879386159067,0.0,0.3870110273962671,0.4374558682371582,0.37314907908889644,0.2724876725259936
c3_w2_tcop_cm0_states_L0.4_km0_1042_ucp0_0498_s137,cm0,stageC,-0.05,-0.1042,0.1,0.04977134874876729,137,8,0.04977134874876729,2,True,,0.40846400000000005,-0.0009193932009800992,-0.006574828385866952,-0.050444840840891125,0.4166581326279036,0.24297634897448234,0.2398879386159067,0.0,0.3870110273962671,0.4374558682371582,0.3710554411639933,0.2725303329230202
c3_w2_tcop_cm0_states_L0.4_km0_1042_ucp0_0498_s137,cm0,stageC,-0.05,-0.1042,0.1,0.04977134874876729,137,9,0.04977134874876729,0,True,,0.409008,0.00335630902614307,0.012629037217067996,-0.050444840840891125,0.4166309017054473,0.2429709466670807,0.2398879386159067,0.0,0.3870110273962671,0.4374558682371582,0.3837493169789811,0.2775772194386396
c3_w2_tcop_cm0_states_L0.4_km0_1042_ucp0_0498_s137,cm0,stageC,-0.05,-0.1042,0.1,0.04977134874876729,137,10,0.04977134874876729,1,True,,0.409696,-0.001862387516249809,0.00304549947038201,-0.050444840840891125,0.4165951648582013,0.24296756801476563,0.2398879386159067,0.0,0.3870110273962671,0.4374558682371582,0.3673342153963553,0.2686941737763166
c3_w2_tcop_cm0_states_L0.4_km0_1042_ucp0_0498_s137,cm0,stageC,-0.05,-0.1042,0.1,0.04977134874876729,137,11,0.04977134874876729,2,True,,0.40827199999999997,-0.0004895973105539806,-0.005437196793307645,-0.050444840840891125,0.4166679191886937,0.24297781682118233,0.2398879386159067,0.0,0.3870110273962671,0.4374558682371582,0.37504759699113294,0.2723444905565136
c3_w2_tcop_cm0_states_L0.4_km0_1042_ucp0_0498_s137,cm0,stageC,-0.05,-0.1042,0.1,0.04977134874876729,137,12,0.04977134874876729,0,True,,0.411744,-0.00025886840572615253,-0.003394905121635564,-0.050444840840891125,0.4164917592775192,0.24294944212849112,0.2398879386159067,0.0,0.3870110273962671,0.4374558682371582,0.36981301086267626,0.2681373461079433
c3_w2_tcop_cm0_states_L0.4_km0_1042_ucp0_0498_s137,cm0,stageC,-0.05,-0.1042,0.1,0.04977134874876729,137,13,0.04977134874876729,1,True,,0.408432,0.0004791010048040419,-0.013740065598966228,-0.050444840840891125,0.41665970285087905,0.24297681106854058,0.2398879386159067,0.0,0.3870110273962671,0.4374558682371582,0.3727477273876451,0.2696748126366633
c3_w2_tcop_cm0_states_L0.4_km0_1042_ucp0_0498_s137,cm0,stageC,-0.05,-0.1042,0.1,0.04977134874876729,137,14,0.04977134874876729,2,True,,0.41119999999999995,0.002796870079304486,-0.003841969264245887,-0.050444840840891125,0.41651996493435434,0.24295225662260356,0.2398879386159067,0.0,0.3870110273962671,0.4374558682371582,0.37836604687112185,0.27165631231596427
c3_w2_tcop_cm0_states_L0.4_km0_1042_ucp0_0498_s137,cm0,stageC,-0.05,-0.1042,0.1,0.04977134874876729,137,15,0.04977134874876729,0,False,BLOCK_15_PARTIAL_CYCLE,0.40936,-0.0003235897819837863,0.016389973518893236,-0.050444840840891125,0.4166126024034631,0.2429692523389786,0.2398879386159067,0.0,0.3870110273962671,0.4374558682371582,0.37372667588860203,0.27453461135912954
c3_w2_tcop_cm0_states_L0.4_km0_1042_ucp0_0498_s256,cm0,stageC,-0.05,-0.1042,0.1,0.04977134874876729,256,0,0.04977134874876729,0,False,PRE_PRIMARY_INCOMPLETE_CYCLE,0.39923200000000003,0.002440878218981126,0.0005039054953946837,-0.050444840840891125,0.4171285403215184,0.2430458990047263,0.2398879386159067,0.0,0.3870110273962671,0.4374558682371582,0.38107859051951615,0.27955496952920894
c3_w2_tcop_cm0_states_L0.4_km0_1042_ucp0_0498_s256,cm0,stageC,-0.05,-0.1042,0.1,0.04977134874876729,256,1,0.04977134874876729,1,False,PRE_PRIMARY_INCOMPLETE_CYCLE,0.411136,-0.0027997079256904932,-0.005290487131489252,-0.050444840840891125,0.416522804087422,0.24295389724132002,0.2398879386159067,0.0,0.3870110273962671,0.4374558682371582,0.3636031047556331,0.26837862581911437
c3_w2_tcop_cm0_states_L0.4_km0_1042_ucp0_0498_s256,cm0,stageC,-0.05,-0.1042,0.1,0.04977134874876729,256,2,0.04977134874876729,2,False,PRE_PRIMARY_INCOMPLETE_CYCLE,0.412016,-0.0016036067842997083,-0.01034709250902095,-0.050444840840891125,0.41647784711794683,0.2429475056603641,0.2398879386159067,0.0,0.3870110273962671,0.4374558682371582,0.3701719565125156,0.2747657117797372
c3_w2_tcop_cm0_states_L0.4_km0_1042_ucp0_0498_s256,cm0,stageC,-0.05,-0.1042,0.1,0.04977134874876729,256,3,0.04977134874876729,0,True,,0.4128320000000001,-0.0005657068731663465,-0.004132657366446462,-0.050444840840891125,0.4164369417602033,0.24293951212317794,0.2398879386159067,0.0,0.3870110273962671,0.4374558682371582,0.37219234724115274,0.27306774233286507
c3_w2_tcop_cm0_states_L0.4_km0_1042_ucp0_0498_s256,cm0,stageC,-0.05,-0.1042,0.1,0.04977134874876729,256,4,0.04977134874876729,1,True,,0.408928,0.0030994474780100677,0.006433590354881477,-0.050444840840891125,0.4166348969445615,0.24297172676967066,0.2398879386159067,0.0,0.3870110273962671,0.4374558682371582,0.3797489291100233,0.2744802752337754
c3_w2_tcop_cm0_states_L0.4_km0_1042_ucp0_0498_s256,cm0,stageC,-0.05,-0.1042,0.1,0.04977134874876729,256,5,0.04977134874876729,2,True,,0.406176,0.00059216608099679,-0.023455204315864446,-0.050444840840891125,0.4167739150445601,0.24299587526120064,0.2398879386159067,0.0,0.3870110273962671,0.4374558682371582,0.37559301939845213,0.2756301930623955
c3_w2_tcop_cm0_states_L0.4_km0_1042_ucp0_0498_s256,cm0,stageC,-0.05,-0.1042,0.1,0.04977134874876729,256,6,0.04977134874876729,0,True,,0.408336,-0.004112071597069989,-0.011030246222691418,-0.050444840840891125,0.41666417585271365,0.2429786634135013,0.2398879386159067,0.0,0.3870110273962671,0.4374558682371582,0.35985359897023406,0.26854221301813164
c3_w2_tcop_cm0_states_L0.4_km0_1042_ucp0_0498_s256,cm0,stageC,-0.05,-0.1042,0.1,0.04977134874876729,256,7,0.04977134874876729,1,True,,0.411856,-0.0004697918328976102,-0.007941755750898472,-0.050444840840891125,0.4164863410450961,0.24294777052672425,0.2398879386159067,0.0,0.3870110273962671,0.4374558682371582,0.37167948014908553,0.27570131868469483
c3_w2_tcop_cm0_states_L0.4_km0_1042_ucp0_0498_s256,cm0,stageC,-0.05,-0.1042,0.1,0.04977134874876729,256,8,0.04977134874876729,2,True,,0.4107839999999999,0.0037779897788979295,-0.01196357448154235,-0.050444840840891125,0.4165407427954933,0.24295661273334698,0.2398879386159067,0.0,0.3870110273962671,0.4374558682371582,0.3802768726742785,0.27093322933738434
c3_w2_tcop_cm0_states_L0.4_km0_1042_ucp0_0498_s256,cm0,stageC,-0.05,-0.1042,0.1,0.04977134874876729,256,9,0.04977134874876729,0,True,,0.411072,-0.0016448903105053564,0.009979815303459443,-0.050444840840891125,0.4165257264058673,0.2429552842337274,0.2398879386159067,0.0,0.3870110273962671,0.4374558682371582,0.370140559899891,0.26853186953061486
c3_w2_tcop_cm0_states_L0.4_km0_1042_ucp0_0498_s256,cm0,stageC,-0.05,-0.1042,0.1,0.04977134874876729,256,10,0.04977134874876729,1,True,,0.409376,-0.0009595179190605252,-0.010243013746174909,-0.050444840840891125,0.416611920435065,0.24296879046969688,0.2398879386159067,0.0,0.3870110273962671,0.4374558682371582,0.36918454925033295,0.26754267778712026
c3_w2_tcop_cm0_states_L0.4_km0_1042_ucp0_0498_s256,cm0,stageC,-0.05,-0.1042,0.1,0.04977134874876729,256,11,0.04977134874876729,2,True,,0.40945600000000004,-0.0013373627771772342,-0.009117055862644998,-0.050444840840891125,0.416607670618778,0.24296858325820375,0.2398879386159067,0.0,0.3870110273962671,0.4374558682371582,0.367866205386222,0.27168724366914615
c3_w2_tcop_cm0_states_L0.4_km0_1042_ucp0_0498_s256,cm0,stageC,-0.05,-0.1042,0.1,0.04977134874876729,256,12,0.04977134874876729,0,True,,0.408528,-0.00239210090129249,-0.001677791109600139,-0.050444840840891125,0.41665462082932186,0.24297651579900872,0.2398879386159067,0.0,0.3870110273962671,0.4374558682371582,0.3659868764067448,0.2759295048467853
c3_w2_tcop_cm0_states_L0.4_km0_1042_ucp0_0498_s256,cm0,stageC,-0.05,-0.1042,0.1,0.04977134874876729,256,13,0.04977134874876729,1,True,,0.407072,0.0070711679912976895,0.009066977811712314,-0.050444840840891125,0.41672913218173474,0.242986748743638,0.2398879386159067,0.0,0.3870110273962671,0.4374558682371582,0.39003730282991833,0.27565534355458604
c3_w2_tcop_cm0_states_L0.4_km0_1042_ucp0_0498_s256,cm0,stageC,-0.05,-0.1042,0.1,0.04977134874876729,256,14,0.04977134874876729,2,True,,0.40942400000000007,-0.004379320535459285,0.0017649126501280213,-0.050444840840891125,0.41660876431365834,0.24297034910157295,0.2398879386159067,0.0,0.3870110273962671,0.4374558682371582,0.3593095710261462,0.2632833420609725
c3_w2_tcop_cm0_states_L0.4_km0_1042_ucp0_0498_s256,cm0,stageC,-0.05,-0.1042,0.1,0.04977134874876729,256,15,0.04977134874876729,0,False,BLOCK_15_PARTIAL_CYCLE,0.40923200000000004,-2.5304816985685226e-05,-0.006493765993734599,-0.050444840840891125,0.4166191102613612,0.2429702122465935,0.2398879386159067,0.0,0.3870110273962671,0.4374558682371582,0.36807473529269075,0.27095655499725313
c3_w2_tcop_cm0_states_L0.4_km0_1042_ucp0_0498_s1024,cm0,stageC,-0.05,-0.1042,0.1,0.04977134874876729,1024,0,0.04977134874876729,0,False,PRE_PRIMARY_INCOMPLETE_CYCLE,0.399248,-0.002465190235622054,-0.009375547280342319,-0.050444840840891125,0.4171274276863083,0.24304656809683617,0.2398879386159067,0.0,0.3870110273962671,0.4374558682371582,0.3687490374640791,0.27567236987734534
c3_w2_tcop_cm0_states_L0.4_km0_1042_ucp0_0498_s1024,cm0,stageC,-0.05,-0.1042,0.1,0.04977134874876729,1024,1,0.04977134874876729,1,False,PRE_PRIMARY_INCOMPLETE_CYCLE,0.40931200000000006,-0.0003590622473203922,-0.011994523360451075,-0.050444840840891125,0.41661497664346137,0.24296975496030912,0.2398879386159067,0.0,0.3870110273962671,0.4374558682371582,0.37153560685583914,0.2757360079541166
c3_w2_tcop_cm0_states_L0.4_km0_1042_ucp0_0498_s1024,cm0,stageC,-0.05,-0.1042,0.1,0.04977134874876729,1024,2,0.04977134874876729,2,False,PRE_PRIMARY_INCOMPLETE_CYCLE,0.408288,0.001383247914964668,0.0006029718416410732,-0.050444840840891125,0.41666692070045763,0.24297822387660162,0.2398879386159067,0.0,0.3870110273962671,0.4374558682371582,0.3766140677452337,0.26976585828806454
c3_w2_tcop_cm0_states_L0.4_km0_1042_ucp0_0498_s1024,cm0,stageC,-0.05,-0.1042,0.1,0.04977134874876729,1024,3,0.04977134874876729,0,True,,0.40923199999999993,0.0002454895949796771,-0.00978885153999754,-0.050444840840891125,0.41661896681694816,0.2429706436671044,0.2398879386159067,0.0,0.3870110273962671,0.4374558682371582,0.3740723715457218,0.27043861646913714
c3_w2_tcop_cm0_states_L0.4_km0_1042_ucp0_0498_s1024,cm0,stageC,-0.05,-0.1042,0.1,0.04977134874876729,1024,4,0.04977134874876729,1,True,,0.4118240000000001,0.0008569019752191992,-0.009338446046552571,-0.050444840840891125,0.41648804201825207,0.24294791473772848,0.2398879386159067,0.0,0.3870110273962671,0.4374558682371582,0.372769027880968,0.2664062843832885
c3_w2_tcop_cm0_states_L0.4_km0_1042_ucp0_0498_s1024,cm0,stageC,-0.05,-0.1042,0.1,0.04977134874876729,1024,5,0.04977134874876729,2,True,,0.411248,-0.0010111322361979912,-0.017303548638519597,-0.050444840840891125,0.4165167234282379,0.24295404651504207,0.2398879386159067,0.0,0.3870110273962671,0.4374558682371582,0.37190866402109407,0.2731374691580307
c3_w2_tcop_cm0_states_L0.4_km0_1042_ucp0_0498_s1024,cm0,stageC,-0.05,-0.1042,0.1,0.04977134874876729,1024,6,0.04977134874876729,0,True,,0.414128,-0.0014034404946785908,-0.0038030442843250143,-0.050444840840891125,0.416371316203979,0.2429286321746707,0.2398879386159067,0.0,0.3870110273962671,0.4374558682371582,0.36749214336015656,0.2663315789199029
c3_w2_tcop_cm0_states_L0.4_km0_1042_ucp0_0498_s1024,cm0,stageC,-0.05,-0.1042,0.1,0.04977134874876729,1024,7,0.04977134874876729,1,True,,0.40641599999999994,0.0018261338990984864,0.015893075117732473,-0.050444840840891125,0.4167616976532943,0.24299404199062608,0.2398879386159067,0.0,0.3870110273962671,0.4374558682371582,0.37552287185177446,0.2677410606773647
c3_w2_tcop_cm0_states_L0.4_km0_1042_ucp0_0498_s1024,cm0,stageC,-0.05,-0.1042,0.1,0.04977134874876729,1024,8,0.04977134874876729,2,True,,0.406896,-0.0004879180925904048,0.005261678056684601,-0.050444840840891125,0.4167376084383843,0.24298941884036815,0.2398879386159067,0.0,0.3870110273962671,0.4374558682371582,0.37407241747902903,0.27228107964034126
c3_w2_tcop_cm0_states_L0.4_km0_1042_ucp0_0498_s1024,cm0,stageC,-0.05,-0.1042,0.1,0.04977134874876729,1024,9,0.04977134874876729,0,True,,0.410384,-0.00295400354855608,-0.002546228651897732,-0.050444840840891125,0.4165606332104192,0.24296092199907418,0.2398879386159067,0.0,0.3870110273962671,0.4374558682371582,0.3669559481997073,0.2718053552493035
c3_w2_tcop_cm0_states_L0.4_km0_1042_ucp0_0498_s1024,cm0,stageC,-0.05,-0.1042,0.1,0.04977134874876729,1024,10,0.04977134874876729,1,True,,0.409344,0.0011846880651037073,-0.011736189083669132,-0.050444840840891125,0.41661343561388775,0.24296927083487665,0.2398879386159067,0.0,0.3870110273962671,0.4374558682371582,0.3751813161733888,0.2743284824856964
c3_w2_tcop_cm0_states_L0.4_km0_1042_ucp0_0498_s1024,cm0,stageC,-0.05,-0.1042,0.1,0.04977134874876729,1024,11,0.04977134874876729,2,True,,0.40916800000000003,0.00014150688428197147,0.0005538773844413267,-0.050444840840891125,0.4166225542286885,0.24297023694676786,0.2398879386159067,0.0,0.3870110273962671,0.4374558682371582,0.37552789338606,0.27456058913881715
c3_w2_tcop_cm0_states_L0.4_km0_1042_ucp0_0498_s1024,cm0,stageC,-0.05,-0.1042,0.1,0.04977134874876729,1024,12,0.04977134874876729,0,True,,0.40816,-0.001157847824181983,-0.01757364913240949,-0.050444840840891125,0.4166732348600273,0.242979712532768,0.2398879386159067,0.0,0.3870110273962671,0.4374558682371582,0.3699389877230098,0.27065918792814286
c3_w2_tcop_cm0_states_L0.4_km0_1042_ucp0_0498_s1024,cm0,stageC,-0.05,-0.1042,0.1,0.04977134874876729,1024,13,0.04977134874876729,1,True,,0.411952,-0.0015511666201936086,-0.034177992808058374,-0.050444840840891125,0.4164814841040911,0.24294698342977528,0.2398879386159067,0.0,0.3870110273962671,0.4374558682371582,0.3665411616804697,0.2707290218896477
c3_w2_tcop_cm0_states_L0.4_km0_1042_ucp0_0498_s1024,cm0,stageC,-0.05,-0.1042,0.1,0.04977134874876729,1024,14,0.04977134874876729,2,True,,0.41119999999999995,-0.0014058398062650878,-0.010047403132728769,-0.050444840840891125,0.416519442377142,0.24295366418929992,0.2398879386159067,0.0,0.3870110273962671,0.4374558682371582,0.369505211146515,0.2713526624434288
c3_w2_tcop_cm0_states_L0.4_km0_1042_ucp0_0498_s1024,cm0,stageC,-0.05,-0.1042,0.1,0.04977134874876729,1024,15,0.04977134874876729,0,False,BLOCK_15_PARTIAL_CYCLE,0.409568,0.0011864803201693567,-0.009916930319016394,-0.050444840840891125,0.4166020755470661,0.24296745585767646,0.2398879386159067,0.0,0.3870110273962671,0.4374558682371582,0.3745683505054586,0.2704924145824343
c3_w2_tcop_cm0_states_L0.4_km0_1042_ucp0_0498_s31415,cm0,stageC,-0.05,-0.1042,0.1,0.04977134874876729,31415,0,0.04977134874876729,0,False,PRE_PRIMARY_INCOMPLETE_CYCLE,0.39376,-0.004301655632612154,0.010652312862322382,-0.050444840840891125,0.4174049003373989,0.24309404825376102,0.2398879386159067,0.0,0.3870110273962671,0.4374558682371582,0.36319196366370543,0.2740695684061226
c3_w2_tcop_cm0_states_L0.4_km0_1042_ucp0_0498_s31415,cm0,stageC,-0.05,-0.1042,0.1,0.04977134874876729,31415,1,0.04977134874876729,1,False,PRE_PRIMARY_INCOMPLETE_CYCLE,0.40744,-0.000351811857534037,0.0019919636737371757,-0.050444840840891125,0.4167096776408606,0.24298585085412866,0.2398879386159067,0.0,0.3870110273962671,0.4374558682371582,0.3738052565638782,0.27211790277725334
c3_w2_tcop_cm0_states_L0.4_km0_1042_ucp0_0498_s31415,cm0,stageC,-0.05,-0.1042,0.1,0.04977134874876729,31415,2,0.04977134874876729,2,False,PRE_PRIMARY_INCOMPLETE_CYCLE,0.41060800000000003,0.0008149309509450152,-0.015220038720515602,-0.050444840840891125,0.4165493781650055,0.24295881853363926,0.2398879386159067,0.0,0.3870110273962671,0.4374558682371582,0.3776423793898404,0.2737846339100083
c3_w2_tcop_cm0_states_L0.4_km0_1042_ucp0_0498_s31415,cm0,stageC,-0.05,-0.1042,0.1,0.04977134874876729,31415,3,0.04977134874876729,0,True,,0.408448,-0.002130547880917157,-0.010372600938107018,-0.050444840840891125,0.41665869734506567,0.24297720945869788,0.2398879386159067,0.0,0.3870110273962671,0.4374558682371582,0.365891504298234,0.26810407341639697
c3_w2_tcop_cm0_states_L0.4_km0_1042_ucp0_0498_s31415,cm0,stageC,-0.05,-0.1042,0.1,0.04977134874876729,31415,4,0.04977134874876729,1,True,,0.41001600000000005,0.0003706447716479902,-0.02349713040254552,-0.050444840840891125,0.4165797214601349,0.24296278098662596,0.2398879386159067,0.0,0.3870110273962671,0.4374558682371582,0.37003237881420925,0.26856695126081237
c3_w2_tcop_cm0_states_L0.4_km0_1042_ucp0_0498_s31415,cm0,stageC,-0.05,-0.1042,0.1,0.04977134874876729,31415,5,0.04977134874876729,2,True,,0.40761600000000003,0.0024955443384048147,0.0006685194686177862,-0.050444840840891125,0.4167014312341433,0.24298251850222854,0.2398879386159067,0.0,0.3870110273962671,0.4374558682371582,0.3773477372736962,0.2725583572253289
c3_w2_tcop_cm0_states_L0.4_km0_1042_ucp0_0498_s31415,cm0,stageC,-0.05,-0.1042,0.1,0.04977134874876729,31415,6,0.04977134874876729,0,True,,0.40915199999999996,0.0012545173647777524,-0.010439157160253914,-0.050444840840891125,0.41662366600796236,0.2429695585864733,0.2398879386159067,0.0,0.3870110273962671,0.4374558682371582,0.3761994883812452,0.2746315512266591
c3_w2_tcop_cm0_states_L0.4_km0_1042_ucp0_0498_s31415,cm0,stageC,-0.05,-0.1042,0.1,0.04977134874876729,31415,7,0.04977134874876729,1,True,,0.409184,-0.002708743983085656,-0.016301073469728797,-0.050444840840891125,0.4166214694466271,0.24297085911635438,0.2398879386159067,0.0,0.3870110273962671,0.4374558682371582,0.367910172777105,0.271051126213569
c3_w2_tcop_cm0_states_L0.4_km0_1042_ucp0_0498_s31415,cm0,stageC,-0.05,-0.1042,0.1,0.04977134874876729,31415,8,0.04977134874876729,2,True,,0.40887999999999997,0.0032276609009946043,-0.0031007089369744136,-0.050444840840891125,0.41663724769019606,0.24297235774634388,0.2398879386159067,0.0,0.3870110273962671,0.4374558682371582,0.37677546313803717,0.2722770632313008
c3_w2_tcop_cm0_states_L0.4_km0_1042_ucp0_0498_s31415,cm0,stageC,-0.05,-0.1042,0.1,0.04977134874876729,31415,9,0.04977134874876729,0,True,,0.4075840000000001,-0.00045984947353529926,-0.01162650449823461,-0.050444840840891125,0.4167026027576324,0.24298404412841704,0.2398879386159067,0.0,0.3870110273962671,0.4374558682371582,0.3732385901952452,0.2754132387086784
c3_w2_tcop_cm0_states_L0.4_km0_1042_ucp0_0498_s31415,cm0,stageC,-0.05,-0.1042,0.1,0.04977134874876729,31415,10,0.04977134874876729,1,True,,0.411168,0.00011734942741351153,0.0008544119804542534,-0.050444840840891125,0.41652122789394574,0.24295357230616876,0.2398879386159067,0.0,0.3870110273962671,0.4374558682371582,0.37560459645355615,0.2720213082204246
c3_w2_tcop_cm0_states_L0.4_km0_1042_ucp0_0498_s31415,cm0,stageC,-0.05,-0.1042,0.1,0.04977134874876729,31415,11,0.04977134874876729,2,True,,0.40758399999999995,0.003393414085463154,-0.009829791538180704,-0.050444840840891125,0.41670240851564266,0.24298453249408808,0.2398879386159067,0.0,0.3870110273962671,0.4374558682371582,0.3796001856469229,0.27690965296709164
c3_w2_tcop_cm0_states_L0.4_km0_1042_ucp0_0498_s31415,cm0,stageC,-0.05,-0.1042,0.1,0.04977134874876729,31415,12,0.04977134874876729,0,True,,0.408752,-0.003846026641226843,0.00362877315331426,-0.050444840840891125,0.41664327822708996,0.24297465368036006,0.2398879386159067,0.0,0.3870110273962671,0.4374558682371582,0.3677507541346782,0.2741518101073789
c3_w2_tcop_cm0_states_L0.4_km0_1042_ucp0_0498_s31415,cm0,stageC,-0.05,-0.1042,0.1,0.04977134874876729,31415,13,0.04977134874876729,1,True,,0.41049599999999997,-0.004590290074121306,-0.013851517249860635,-0.050444840840891125,0.4165546915452706,0.2429606647677452,0.2398879386159067,0.0,0.3870110273962671,0.4374558682371582,0.36138087421461296,0.26996720458131346
c3_w2_tcop_cm0_states_L0.4_km0_1042_ucp0_0498_s31415,cm0,stageC,-0.05,-0.1042,0.1,0.04977134874876729,31415,14,0.04977134874876729,2,True,,0.407472,0.0001303361408235179,-0.009056368362454015,-0.050444840840891125,0.41670843359483034,0.24298449525651228,0.2398879386159067,0.0,0.3870110273962671,0.4374558682371582,0.3686476183567609,0.2736853965569079
c3_w2_tcop_cm0_states_L0.4_km0_1042_ucp0_0498_s31415,cm0,stageC,-0.05,-0.1042,0.1,0.04977134874876729,31415,15,0.04977134874876729,0,False,BLOCK_15_PARTIAL_CYCLE,0.4132,-0.002769107051212006,-0.02394657283891574,-0.050444840840891125,0.4164180227102112,0.24293722514410673,0.2398879386159067,0.0,0.3870110273962671,0.4374558682371582,0.36914502948517497,0.27187957100376847
c3_w2_tcop_cm0_states_L0.4_km0_1042_ucp0_1234_s42,cm0,stageC,-0.05,-0.1042,0.25,0.12339551870278656,42,0,0.12339551870278656,0,False,PRE_PRIMARY_INCOMPLETE_CYCLE,0.40649599999999997,0.001484562854442571,0.002115082320666552,-0.05103382697148107,0.4347522423085917,0.2456545307341781,0.24314853859795352,0.0,0.4046156427288084,0.45564946970028947,0.37785241775705736,0.2718264275961811
c3_w2_tcop_cm0_states_L0.4_km0_1042_ucp0_1234_s42,cm0,stageC,-0.05,-0.1042,0.25,0.12339551870278656,42,1,0.12339551870278656,1,False,PRE_PRIMARY_INCOMPLETE_CYCLE,0.41888,-0.0023592715383030523,-0.018184291305971968,-0.05103382697148107,0.4341158842531879,0.24558066052203975,0.24314853859795352,0.0,0.4046156427288084,0.45564946970028947,0.36415375612624973,0.2643772439429149
c3_w2_tcop_cm0_states_L0.4_km0_1042_ucp0_1234_s42,cm0,stageC,-0.05,-0.1042,0.25,0.12339551870278656,42,2,0.12339551870278656,2,False,PRE_PRIMARY_INCOMPLETE_CYCLE,0.418384,-0.0007130571859254398,-0.008684231137738392,-0.05103382697148107,0.43414173043031945,0.24558238226603582,0.24314853859795352,0.0,0.4046156427288084,0.45564946970028947,0.3749025478273174,0.2732442494398544
c3_w2_tcop_cm0_states_L0.4_km0_1042_ucp0_1234_s42,cm0,stageC,-0.05,-0.1042,0.25,0.12339551870278656,42,3,0.12339551870278656,0,True,,0.42088000000000003,-4.666274076366425e-05,-0.021005891725793837,-0.05103382697148107,0.43401380579520926,0.2455661868996641,0.24314853859795352,0.0,0.4046156427288084,0.45564946970028947,0.3722012783503202,0.2624742307711513
c3_w2_tcop_cm0_states_L0.4_km0_1042_ucp0_1234_s42,cm0,stageC,-0.05,-0.1042,0.25,0.12339551870278656,42,4,0.12339551870278656,1,True,,0.419728,0.003126212315740923,-0.0075775619991648715,-0.05103382697148107,0.4340728470965257,0.24557357977954014,0.24314853859795352,0.0,0.4046156427288084,0.45564946970028947,0.37979476870772877,0.272276540984504
c3_w2_tcop_cm0_states_L0.4_km0_1042_ucp0_1234_s42,cm0,stageC,-0.05,-0.1042,0.25,0.12339551870278656,42,5,0.12339551870278656,2,True,,0.42267199999999994,0.0009622991873295946,-0.015359880463813846,-0.05103382697148107,0.433922024476066,0.24555428394079612,0.24314853859795352,0.0,0.4046156427288084,0.45564946970028947,0.37181816260980355,0.2677176822147618
c3_w2_tcop_cm0_states_L0.4_km0_1042_ucp0_1234_s42,cm0,stageC,-0.05,-0.1042,0.25,0.12339551870278656,42,6,0.12339551870278656,0,True,,0.41811199999999993,-0.0002124393929577215,-0.00909263130127809,-0.05103382697148107,0.43415524316598963,0.24558559546024342,0.24314853859795352,0.0,0.4046156427288084,0.45564946970028947,0.3738326341242768,0.27058113755696245
c3_w2_tcop_cm0_states_L0.4_km0_1042_ucp0_1234_s42,cm0,stageC,-0.05,-0.1042,0.25,0.12339551870278656,42,7,0.12339551870278656,1,True,,0.420208,0.0003881313569390802,-0.010947838046224744,-0.05103382697148107,0.4340482223887065,0.24557059832387196,0.24314853859795352,0.0,0.4046156427288084,0.45564946970028947,0.37048508566697086,0.27063028147335727
c3_w2_tcop_cm0_states_L0.4_km0_1042_ucp0_1234_s42,cm0,stageC,-0.05,-0.1042,0.25,0.12339551870278656,42,8,0.12339551870278656,2,True,,0.41803199999999996,8.849080364377055e-05,0.0011973143334536207,-0.05103382697148107,0.4341594780283107,0.24558564667979116,0.24314853859795352,0.0,0.4046156427288084,0.45564946970028947,0.3724641328796986,0.26907419313889736
c3_w2_tcop_cm0_states_L0.4_km0_1042_ucp0_1234_s42,cm0,stageC,-0.05,-0.1042,0.25,0.12339551870278656,42,9,0.12339551870278656,0,True,,0.4208,0.0006767056858951244,0.009771754636233953,-0.05103382697148107,0.4340178197224999,0.2455669359309189,0.24314853859795352,0.0,0.4046156427288084,0.45564946970028947,0.37500959552380597,0.27126215761438904
c3_w2_tcop_cm0_states_L0.4_km0_1042_ucp0_1234_s42,cm0,stageC,-0.05,-0.1042,0.25,0.12339551870278656,42,10,0.12339551870278656,1,True,,0.418704,0.0015045329850523106,-0.010179263256719048,-0.05103382697148107,0.4341252180794268,0.24558059774448582,0.24314853859795352,0.0,0.4046156427288084,0.45564946970028947,0.37411827923412744,0.26772027717317054
c3_w2_tcop_cm0_states_L0.4_km0_1042_ucp0_1234_s42,cm0,stageC,-0.05,-0.1042,0.25,0.12339551870278656,42,11,0.12339551870278656,2,True,,0.41694400000000004,0.0006834695750171154,-0.015894376506470218,-0.05103382697148107,0.4342152656860333,0.24559257127464432,0.24314853859795352,0.0,0.4046156427288084,0.45564946970028947,0.3762728479075054,0.2741369269399907
c3_w2_tcop_cm0_states_L0.4_km0_1042_ucp0_1234_s42,cm0,stageC,-0.05,-0.1042,0.25,0.12339551870278656,42,12,0.12339551870278656,0,True,,0.422304,0.0012695640868443097,-0.003781924177448731,-0.05103382697148107,0.4339413417406893,0.24555504715627874,0.24314853859795352,0.0,0.4046156427288084,0.45564946970028947,0.37235701373930086,0.2716340993442853
c3_w2_tcop_cm0_states_L0.4_km0_1042_ucp0_1234_s42,cm0,stageC,-0.05,-0.1042,0.25,0.12339551870278656,42,13,0.12339551870278656,1,True,,0.41974399999999995,-0.004924457235706556,-0.022433576087896232,-0.05103382697148107,0.4340718090236099,0.24557432225453327,0.24314853859795352,0.0,0.4046156427288084,0.45564946970028947,0.359807989933384,0.26529649710854125
c3_w2_tcop_cm0_states_L0.4_km0_1042_ucp0_1234_s42,cm0,stageC,-0.05,-0.1042,0.25,0.12339551870278656,42,14,0.12339551870278656,2,True,,0.418016,-0.0005306051454431759,-0.002916396349239219,-0.05103382697148107,0.43416019803901224,0.24558613838326088,0.24314853859795352,0.0,0.4046156427288084,0.45564946970028947,0.3677096073986391,0.26786195336689056
c3_w2_tcop_cm0_states_L0.4_km0_1042_ucp0_1234_s42,cm0,stageC,-0.05,-0.1042,0.25,0.12339551870278656,42,15,0.12339551870278656,0,False,BLOCK_15_PARTIAL_CYCLE,0.42032,-0.00335437779050249,0.008630157045063517,-0.05103382697148107,0.43404229088591983,0.2455704985407457,0.24314853859795352,0.0,0.4046156427288084,0.45564946970028947,0.3641842926838438,0.2708637074628897
c3_w2_tcop_cm0_states_L0.4_km0_1042_ucp0_1234_s137,cm0,stageC,-0.05,-0.1042,0.25,0.12339551870278656,137,0,0.12339551870278656,0,False,PRE_PRIMARY_INCOMPLETE_CYCLE,0.411648,0.0012879202214431352,-0.005334305976507445,-0.05103382697148107,0.4344888342841236,0.24561884503786924,0.24314853859795352,0.0,0.4046156427288084,0.45564946970028947,0.37756421164150034,0.27271024517489467
c3_w2_tcop_cm0_states_L0.4_km0_1042_ucp0_1234_s137,cm0,stageC,-0.05,-0.1042,0.25,0.12339551870278656,137,1,0.12339551870278656,1,False,PRE_PRIMARY_INCOMPLETE_CYCLE,0.418864,-0.0022200679014027815,-0.021348851526673505,-0.05103382697148107,0.43411700409400567,0.24557969804403762,0.24314853859795352,0.0,0.4046156427288084,0.45564946970028947,0.36946149895578606,0.26681421437387637
c3_w2_tcop_cm0_states_L0.4_km0_1042_ucp0_1234_s137,cm0,stageC,-0.05,-0.1042,0.25,0.12339551870278656,137,2,0.12339551870278656,2,False,PRE_PRIMARY_INCOMPLETE_CYCLE,0.41896,0.000980482132610803,-0.010507655538282503,-0.05103382697148107,0.4341120255855217,0.2455792842955995,0.24314853859795352,0.0,0.4046156427288084,0.45564946970028947,0.3709820573977838,0.26690624817494657
c3_w2_tcop_cm0_states_L0.4_km0_1042_ucp0_1234_s137,cm0,stageC,-0.05,-0.1042,0.25,0.12339551870278656,137,3,0.12339551870278656,0,True,,0.42075199999999996,-0.0004353932913532001,-0.009100412017716126,-0.05103382697148107,0.4340200940526984,0.24556792307987074,0.24314853859795352,0.0,0.4046156427288084,0.45564946970028947,0.37212601378536186,0.26706848784818754
c3_w2_tcop_cm0_states_L0.4_km0_1042_ucp0_1234_s137,cm0,stageC,-0.05,-0.1042,0.25,0.12339551870278656,137,4,0.12339551870278656,1,True,,0.41921600000000003,0.001561965062613487,-0.02871904934871108,-0.05103382697148107,0.43409913067870265,0.24557679348019354,0.24314853859795352,0.0,0.4046156427288084,0.45564946970028947,0.38126385267826923,0.2709920429587768
c3_w2_tcop_cm0_states_L0.4_km0_1042_ucp0_1234_s137,cm0,stageC,-0.05,-0.1042,0.25,0.12339551870278656,137,5,0.12339551870278656,2,True,,0.41924800000000007,0.003025095907655658,-0.010065931742377578,-0.05103382697148107,0.43409753526055705,0.24557638786029834,0.24314853859795352,0.0,0.4046156427288084,0.45564946970028947,0.37674384231743213,0.26826288537255755
c3_w2_tcop_cm0_states_L0.4_km0_1042_ucp0_1234_s137,cm0,stageC,-0.05,-0.1042,0.25,0.12339551870278656,137,6,0.12339551870278656,0,True,,0.41950400000000004,0.0009779412559680917,-0.016069372272140177,-0.05103382697148107,0.4340842707045196,0.24557530786060677,0.24314853859795352,0.0,0.4046156427288084,0.45564946970028947,0.3729055795218623,0.2627371698978767
c3_w2_tcop_cm0_states_L0.4_km0_1042_ucp0_1234_s137,cm0,stageC,-0.05,-0.1042,0.25,0.12339551870278656,137,7,0.12339551870278656,1,True,,0.419984,3.262638615496763e-05,-0.012107558987825676,-0.05103382697148107,0.43405953615188797,0.24557260553774243,0.24314853859795352,0.0,0.4046156427288084,0.45564946970028947,0.3734701877274619,0.2699283781716631
c3_w2_tcop_cm0_states_L0.4_km0_1042_ucp0_1234_s137,cm0,stageC,-0.05,-0.1042,0.25,0.12339551870278656,137,8,0.12339551870278656,2,True,,0.4180479999999999,-0.0004664026858394972,-0.004195335924929447,-0.05103382697148107,0.4341587720282774,0.2455851013848687,0.24314853859795352,0.0,0.4046156427288084,0.45564946970028947,0.37219330058979955,0.2712056618893881
c3_w2_tcop_cm0_states_L0.4_km0_1042_ucp0_1234_s137,cm0,stageC,-0.05,-0.1042,0.25,0.12339551870278656,137,9,0.12339551870278656,0,True,,0.41950399999999993,0.004035395005394017,0.011645063858487232,-0.05103382697148107,0.4340846369164434,0.24557401381938238,0.24314853859795352,0.0,0.4046156427288084,0.45564946970028947,0.3851150630710782,0.2740756762104561
c3_w2_tcop_cm0_states_L0.4_km0_1042_ucp0_1234_s137,cm0,stageC,-0.05,-0.1042,0.25,0.12339551870278656,137,10,0.12339551870278656,1,True,,0.41975999999999997,-0.001271691479663286,0.0004469525686686272,-0.05103382697148107,0.43407073391292217,0.24557511564474493,0.24314853859795352,0.0,0.4046156427288084,0.45564946970028947,0.36714617218407775,0.26402120517697036
c3_w2_tcop_cm0_states_L0.4_km0_1042_ucp0_1234_s137,cm0,stageC,-0.05,-0.1042,0.25,0.12339551870278656,137,11,0.12339551870278656,2,True,,0.4188479999999999,-0.00019048338601523266,-0.0014830036148681688,-0.05103382697148107,0.4341180127927238,0.24557910220604756,0.24314853859795352,0.0,0.4046156427288084,0.45564946970028947,0.37536476111978184,0.26954089477637
c3_w2_tcop_cm0_states_L0.4_km0_1042_ucp0_1234_s137,cm0,stageC,-0.05,-0.1042,0.25,0.12339551870278656,137,12,0.12339551870278656,0,True,,0.4216480000000001,-0.00040611034828271755,-0.0039665400589379805,-0.05103382697148107,0.43397432776270456,0.24556155055763665,0.24314853859795352,0.0,0.4046156427288084,0.45564946970028947,0.3678232405138789,0.2631634830309428
c3_w2_tcop_cm0_states_L0.4_km0_1042_ucp0_1234_s137,cm0,stageC,-0.05,-0.1042,0.25,0.12339551870278656,137,13,0.12339551870278656,1,True,,0.41809599999999997,0.0006933609703654974,-0.012453291849284308,-0.05103382697148107,0.43415636581687966,0.2455846912799435,0.24314853859795352,0.0,0.4046156427288084,0.45564946970028947,0.37439586838648475,0.26709978695851827
c3_w2_tcop_cm0_states_L0.4_km0_1042_ucp0_1234_s137,cm0,stageC,-0.05,-0.1042,0.25,0.12339551870278656,137,14,0.12339551870278656,2,True,,0.42064,0.0030507726970347786,-0.005522901594248384,-0.05103382697148107,0.43402652522657975,0.24556619513374717,0.24314853859795352,0.0,0.4046156427288084,0.45564946970028947,0.38157295210097675,0.27133779752669224
c3_w2_tcop_cm0_states_L0.4_km0_1042_ucp0_1234_s137,cm0,stageC,-0.05,-0.1042,0.25,0.12339551870278656,137,15,0.12339551870278656,0,False,BLOCK_15_PARTIAL_CYCLE,0.419216,-0.0007789980036294122,0.015442323967040594,-0.05103382697148107,0.43409887668764546,0.2455776903531095,0.24314853859795352,0.0,0.4046156427288084,0.45564946970028947,0.37187690581806115,0.2714982092175569
c3_w2_tcop_cm0_states_L0.4_km0_1042_ucp0_1234_s256,cm0,stageC,-0.05,-0.1042,0.25,0.12339551870278656,256,0,0.12339551870278656,0,False,PRE_PRIMARY_INCOMPLETE_CYCLE,0.408496,0.0032714940596041218,-0.007408599490687786,-0.05103382697148107,0.4346503149936794,0.24563946029785783,0.24314853859795352,0.0,0.4046156427288084,0.45564946970028947,0.3823344282199502,0.2781464193611836
c3_w2_tcop_cm0_states_L0.4_km0_1042_ucp0_1234_s256,cm0,stageC,-0.05,-0.1042,0.25,0.12339551870278656,256,1,0.12339551870278656,1,False,PRE_PRIMARY_INCOMPLETE_CYCLE,0.421232,-0.002849565984024383,-0.0057051515395524196,-0.05103382697148107,0.43399575293388043,0.24556389250599212,0.24314853859795352,0.0,0.4046156427288084,0.45564946970028947,0.3627198085564909,0.26556284047760836
c3_w2_tcop_cm0_states_L0.4_km0_1042_ucp0_1234_s256,cm0,stageC,-0.05,-0.1042,0.25,0.12339551870278656,256,2,0.12339551870278656,2,False,PRE_PRIMARY_INCOMPLETE_CYCLE,0.42182400000000003,-0.0011570563717848007,-0.008742318963806155,-0.05103382697148107,0.4339652632372944,0.24556055552735712,0.24314853859795352,0.0,0.4046156427288084,0.45564946970028947,0.37137718610491244,0.2707265367712106
c3_w2_tcop_cm0_states_L0.4_km0_1042_ucp0_1234_s256,cm0,stageC,-0.05,-0.1042,0.25,0.12339551870278656,256,3,0.12339551870278656,0,True,,0.42308799999999996,0.0003905670625530022,-0.007222876997428773,-0.05103382697148107,0.4339009645765268,0.24555065355857042,0.24314853859795352,0.0,0.4046156427288084,0.45564946970028947,0.3743861422841349,0.27032989152639597
c3_w2_tcop_cm0_states_L0.4_km0_1042_ucp0_1234_s256,cm0,stageC,-0.05,-0.1042,0.25,0.12339551870278656,256,4,0.12339551870278656,1,True,,0.418432,0.003644746875141273,0.006770871731662943,-0.05103382697148107,0.434139456329452,0.24558133470726976,0.24314853859795352,0.0,0.4046156427288084,0.45564946970028947,0.3806058329535715,0.27136975540094094
c3_w2_tcop_cm0_states_L0.4_km0_1042_ucp0_1234_s256,cm0,stageC,-0.05,-0.1042,0.25,0.12339551870278656,256,5,0.12339551870278656,2,True,,0.41663999999999995,0.0012426441549631454,-0.024028447593435774,-0.05103382697148107,0.4342309501709085,0.24559421414365049,0.24314853859795352,0.0,0.4046156427288084,0.45564946970028947,0.3787062653783527,0.2738928972239619
c3_w2_tcop_cm0_states_L0.4_km0_1042_ucp0_1234_s256,cm0,stageC,-0.05,-0.1042,0.25,0.12339551870278656,256,6,0.12339551870278656,0,True,,0.41787199999999997,-0.004061762167011446,-0.008188193680588542,-0.05103382697148107,0.43416754069073465,0.24558718564872703,0.24314853859795352,0.0,0.4046156427288084,0.45564946970028947,0.360935135663509,0.2671644620527557
c3_w2_tcop_cm0_states_L0.4_km0_1042_ucp0_1234_s256,cm0,stageC,-0.05,-0.1042,0.25,0.12339551870278656,256,7,0.12339551870278656,1,True,,0.42103999999999997,5.224732913398228e-05,-0.005398230633146671,-0.05103382697148107,0.434005686874882,0.24556474029639164,0.24314853859795352,0.0,0.4046156427288084,0.45564946970028947,0.37351076296130975,0.2727770963208888
c3_w2_tcop_cm0_states_L0.4_km0_1042_ucp0_1234_s256,cm0,stageC,-0.05,-0.1042,0.25,0.12339551870278656,256,8,0.12339551870278656,2,True,,0.4208799999999999,0.003851350078782152,-0.013320077724803267,-0.05103382697148107,0.4340140272781503,0.2455654131127993,0.24314853859795352,0.0,0.4046156427288084,0.45564946970028947,0.38055095287721385,0.26811623675889357
c3_w2_tcop_cm0_states_L0.4_km0_1042_ucp0_1234_s256,cm0,stageC,-0.05,-0.1042,0.25,0.12339551870278656,256,9,0.12339551870278656,0,True,,0.42119999999999996,-0.0013413344787667374,0.01119609206468061,-0.05103382697148107,0.4339971746824943,0.24556485978567344,0.24314853859795352,0.0,0.4046156427288084,0.45564946970028947,0.3695374713842422,0.26684555481857236
c3_w2_tcop_cm0_states_L0.4_km0_1042_ucp0_1234_s256,cm0,stageC,-0.05,-0.1042,0.25,0.12339551870278656,256,10,0.12339551870278656,1,True,,0.4195999999999999,-0.0013415090509984622,-0.011071294860137991,-0.05103382697148107,0.43407944913149205,0.2455743270713807,0.24314853859795352,0.0,0.4046156427288084,0.45564946970028947,0.36918649110439483,0.26588016096904526
c3_w2_tcop_cm0_states_L0.4_km0_1042_ucp0_1234_s256,cm0,stageC,-0.05,-0.1042,0.25,0.12339551870278656,256,11,0.12339551870278656,2,True,,0.41910400000000003,-0.0004947175852263108,-0.00995012631481132,-0.05103382697148107,0.43410466886022314,0.24557818859846883,0.24314853859795352,0.0,0.4046156427288084,0.45564946970028947,0.3692906305450001,0.26910589550056735
c3_w2_tcop_cm0_states_L0.4_km0_1042_ucp0_1234_s256,cm0,stageC,-0.05,-0.1042,0.25,0.12339551870278656,256,12,0.12339551870278656,0,True,,0.418464,-0.003129497944905659,-0.004121999260769251,-0.05103382697148107,0.4341372393992633,0.24558312808017183,0.24314853859795352,0.0,0.4046156427288084,0.45564946970028947,0.36418957516852507,0.2722660504546037
c3_w2_tcop_cm0_states_L0.4_km0_1042_ucp0_1234_s256,cm0,stageC,-0.05,-0.1042,0.25,0.12339551870278656,256,13,0.12339551870278656,1,True,,0.41708799999999996,0.006320277862745232,0.0053196373566318485,-0.05103382697148107,0.4342083618206788,0.24559001994207896,0.24314853859795352,0.0,0.4046156427288084,0.45564946970028947,0.3880677735317592,0.2724720640483319
c3_w2_tcop_cm0_states_L0.4_km0_1042_ucp0_1234_s256,cm0,stageC,-0.05,-0.1042,0.25,0.12339551870278656,256,14,0.12339551870278656,2,True,,0.4188160000000001,-0.00429212090050521,0.0010211799352501006,-0.05103382697148107,0.434118829397316,0.24558226673900882,0.24314853859795352,0.0,0.4046156427288084,0.45564946970028947,0.35920779696751276,0.2610232638335069
c3_w2_tcop_cm0_states_L0.4_km0_1042_ucp0_1234_s256,cm0,stageC,-0.05,-0.1042,0.25,0.12339551870278656,256,15,0.12339551870278656,0,False,BLOCK_15_PARTIAL_CYCLE,0.418784,0.0011175040031141995,-0.0009626000404636528,-0.05103382697148107,0.4341211207550273,0.24558005428831184,0.24314853859795352,0.0,0.4046156427288084,0.45564946970028947,0.3711353209572661,0.26945230260812086
c3_w2_tcop_cm0_states_L0.4_km0_1042_ucp0_1234_s1024,cm0,stageC,-0.05,-0.1042,0.25,0.12339551870278656,1024,0,0.12339551870278656,0,False,PRE_PRIMARY_INCOMPLETE_CYCLE,0.40950400000000003,-0.002423630806309797,-0.009807500047328842,-0.05103382697148107,0.4345983579619008,0.24563396788956218,0.24314853859795352,0.0,0.4046156427288084,0.45564946970028947,0.36867539592879156,0.2724411414532985
c3_w2_tcop_cm0_states_L0.4_km0_1042_ucp0_1234_s1024,cm0,stageC,-0.05,-0.1042,0.25,0.12339551870278656,1024,1,0.12339551870278656,1,False,PRE_PRIMARY_INCOMPLETE_CYCLE,0.41952,-0.00020718306378607497,-0.012158603494010971,-0.05103382697148107,0.4340833683774027,0.24557543373855123,0.24314853859795352,0.0,0.4046156427288084,0.45564946970028947,0.3705962546542649,0.27035115846458013
c3_w2_tcop_cm0_states_L0.4_km0_1042_ucp0_1234_s1024,cm0,stageC,-0.05,-0.1042,0.25,0.12339551870278656,1024,2,0.12339551870278656,2,False,PRE_PRIMARY_INCOMPLETE_CYCLE,0.41820799999999997,0.0013602889924737944,0.0004710205268457504,-0.05103382697148107,0.4341505941227248,0.2455840658698467,0.24314853859795352,0.0,0.4046156427288084,0.45564946970028947,0.37819592714992345,0.26738791092660075
c3_w2_tcop_cm0_states_L0.4_km0_1042_ucp0_1234_s1024,cm0,stageC,-0.05,-0.1042,0.25,0.12339551870278656,1024,3,0.12339551870278656,0,True,,0.41958399999999996,3.568619027773178e-05,-0.014408746971163289,-0.05103382697148107,0.43407995387140824,0.24557551269646566,0.24314853859795352,0.0,0.4046156427288084,0.45564946970028947,0.3729751678692047,0.26775179290559326
c3_w2_tcop_cm0_states_L0.4_km0_1042_ucp0_1234_s1024,cm0,stageC,-0.05,-0.1042,0.25,0.12339551870278656,1024,4,0.12339551870278656,1,True,,0.4214879999999999,0.0011581529291771434,-0.004278004643574331,-0.05103382697148107,0.43398282369890245,0.24556159323871857,0.24314853859795352,0.0,0.4046156427288084,0.45564946970028947,0.37347687053248213,0.2634992717095173
c3_w2_tcop_cm0_states_L0.4_km0_1042_ucp0_1234_s1024,cm0,stageC,-0.05,-0.1042,0.25,0.12339551870278656,1024,5,0.12339551870278656,2,True,,0.421088,-0.0011246974580480947,-0.012715616511516693,-0.05103382697148107,0.4340029341443215,0.24556550406865316,0.24314853859795352,0.0,0.4046156427288084,0.45564946970028947,0.37297377884620986,0.271266767871391
c3_w2_tcop_cm0_states_L0.4_km0_1042_ucp0_1234_s1024,cm0,stageC,-0.05,-0.1042,0.25,0.12339551870278656,1024,6,0.12339551870278656,0,True,,0.42408,-0.0014432168285169117,-0.004835006540325464,-0.05103382697148107,0.4338500483786101,0.2455445220442585,0.24314853859795352,0.0,0.4046156427288084,0.45564946970028947,0.3661088336292775,0.26429896087759086
c3_w2_tcop_cm0_states_L0.4_km0_1042_ucp0_1234_s1024,cm0,stageC,-0.05,-0.1042,0.25,0.12339551870278656,1024,7,0.12339551870278656,1,True,,0.41667199999999993,0.0007752728128420452,0.014050948524073974,-0.05103382697148107,0.43422907247902687,0.2455948937633013,0.24314853859795352,0.0,0.4046156427288084,0.45564946970028947,0.3729655997890899,0.26316770808442036
c3_w2_tcop_cm0_states_L0.4_km0_1042_ucp0_1234_s1024,cm0,stageC,-0.05,-0.1042,0.25,0.12339551870278656,1024,8,0.12339551870278656,2,True,,0.41711999999999994,-0.0013233478144732064,0.0028587666463897035,-0.05103382697148107,0.43420635499015037,0.24559112200447503,0.24314853859795352,0.0,0.4046156427288084,0.45564946970028947,0.37162894733588187,0.26862168521691054
c3_w2_tcop_cm0_states_L0.4_km0_1042_ucp0_1234_s1024,cm0,stageC,-0.05,-0.1042,0.25,0.12339551870278656,1024,9,0.12339551870278656,0,True,,0.420368,-0.0038018229678770886,-0.0023950946527308823,-0.05103382697148107,0.4340397955715291,0.24557034947595305,0.24314853859795352,0.0,0.4046156427288084,0.45564946970028947,0.36393860511621307,0.2682279027067808
c3_w2_tcop_cm0_states_L0.4_km0_1042_ucp0_1234_s1024,cm0,stageC,-0.05,-0.1042,0.25,0.12339551870278656,1024,10,0.12339551870278656,1,True,,0.419328,0.0013318344555486028,-0.012469364881895643,-0.05103382697148107,0.43409318003735825,0.24557676926290337,0.24314853859795352,0.0,0.4046156427288084,0.45564946970028947,0.37541755112743336,0.26993359802598177
c3_w2_tcop_cm0_states_L0.4_km0_1042_ucp0_1234_s1024,cm0,stageC,-0.05,-0.1042,0.25,0.12339551870278656,1024,11,0.12339551870278656,2,True,,0.41860800000000004,0.0004820108387152832,0.0005244535706708743,-0.05103382697148107,0.4341302165401171,0.24558098475881399,0.24314853859795352,0.0,0.4046156427288084,0.45564946970028947,0.3761701324708194,0.2716055048907629
c3_w2_tcop_cm0_states_L0.4_km0_1042_ucp0_1234_s1024,cm0,stageC,-0.05,-0.1042,0.25,0.12339551870278656,1024,12,0.12339551870278656,0,True,,0.4180479999999999,-0.0004270393730001572,-0.01870507698409177,-0.05103382697148107,0.4341586979774854,0.24558540921155916,0.24314853859795352,0.0,0.4046156427288084,0.45564946970028947,0.37117563072677745,0.2670520039414425
c3_w2_tcop_cm0_states_L0.4_km0_1042_ucp0_1234_s1024,cm0,stageC,-0.05,-0.1042,0.25,0.12339551870278656,1024,13,0.12339551870278656,1,True,,0.422208,-0.0019273945358916048,-0.030872032314255567,-0.05103382697148107,0.4339458484385223,0.2455570943537564,0.24314853859795352,0.0,0.4046156427288084,0.45564946970028947,0.36440544495923843,0.269104783948962
c3_w2_tcop_cm0_states_L0.4_km0_1042_ucp0_1234_s1024,cm0,stageC,-0.05,-0.1042,0.25,0.12339551870278656,1024,14,0.12339551870278656,2,True,,0.42158400000000007,-0.0005892434634209832,-0.005088578877468058,-0.05103382697148107,0.43397778860124603,0.24556132323310506,0.24314853859795352,0.0,0.4046156427288084,0.45564946970028947,0.37139757167688714,0.2703667708932802
c3_w2_tcop_cm0_states_L0.4_km0_1042_ucp0_1234_s1024,cm0,stageC,-0.05,-0.1042,0.25,0.12339551870278656,1024,15,0.12339551870278656,0,False,BLOCK_15_PARTIAL_CYCLE,0.419456,0.0012660698816288883,-0.004761601104046887,-0.05103382697148107,0.4340866095732839,0.24557598132364888,0.24314853859795352,0.0,0.4046156427288084,0.45564946970028947,0.374522771689998,0.2681331304886273
c3_w2_tcop_cm0_states_L0.4_km0_1042_ucp0_1234_s31415,cm0,stageC,-0.05,-0.1042,0.25,0.12339551870278656,31415,0,0.12339551870278656,0,False,PRE_PRIMARY_INCOMPLETE_CYCLE,0.4039999999999999,-0.003687498652584747,0.01052403950118936,-0.05103382697148107,0.434879747850169,0.24567215786862054,0.24314853859795352,0.0,0.4046156427288084,0.45564946970028947,0.3644540981522416,0.2721419802198533
c3_w2_tcop_cm0_states_L0.4_km0_1042_ucp0_1234_s31415,cm0,stageC,-0.05,-0.1042,0.25,0.12339551870278656,31415,1,0.12339551870278656,1,False,PRE_PRIMARY_INCOMPLETE_CYCLE,0.4173759999999999,0.00020598600941408308,-0.0009913647850027351,-0.05103382697148107,0.4341929810499773,0.24559031418396315,0.24314853859795352,0.0,0.4046156427288084,0.45564946970028947,0.3741404779218955,0.26873406670431177
c3_w2_tcop_cm0_states_L0.4_km0_1042_ucp0_1234_s31415,cm0,stageC,-0.05,-0.1042,0.25,0.12339551870278656,31415,2,0.12339551870278656,2,False,PRE_PRIMARY_INCOMPLETE_CYCLE,0.420672,0.0006586180357612562,-0.015448747443557256,-0.05103382697148107,0.43402437466820515,0.24556785024829902,0.24314853859795352,0.0,0.4046156427288084,0.45564946970028947,0.3769663718653529,0.2686555130446713
c3_w2_tcop_cm0_states_L0.4_km0_1042_ucp0_1234_s31415,cm0,stageC,-0.05,-0.1042,0.25,0.12339551870278656,31415,3,0.12339551870278656,0,True,,0.41876800000000003,-0.0025846267319230352,-0.011074198759856201,-0.05103382697148107,0.43412173594383074,0.24558097632625797,0.24314853859795352,0.0,0.4046156427288084,0.45564946970028947,0.3660520558248851,0.266137476461514
c3_w2_tcop_cm0_states_L0.4_km0_1042_ucp0_1234_s31415,cm0,stageC,-0.05,-0.1042,0.25,0.12339551870278656,31415,4,0.12339551870278656,1,True,,0.41948799999999997,0.001260300473987936,-0.02280227644457265,-0.05103382697148107,0.4340853227319893,0.24557452669059898,0.24314853859795352,0.0,0.4046156427288084,0.45564946970028947,0.37260065010581406,0.2677179941212019
c3_w2_tcop_cm0_states_L0.4_km0_1042_ucp0_1234_s31415,cm0,stageC,-0.05,-0.1042,0.25,0.12339551870278656,31415,5,0.12339551870278656,2,True,,0.417216,0.0025569281668697138,-0.0036183262706945144,-0.05103382697148107,0.4342016611729863,0.2455896232072417,0.24314853859795352,0.0,0.4046156427288084,0.45564946970028947,0.37713438639551533,0.2693691765699288
c3_w2_tcop_cm0_states_L0.4_km0_1042_ucp0_1234_s31415,cm0,stageC,-0.05,-0.1042,0.25,0.12339551870278656,31415,6,0.12339551870278656,0,True,,0.419456,0.0020969952387958134,-0.01072897172031295,-0.05103382697148107,0.4340871046822933,0.24557425178537728,0.24314853859795352,0.0,0.4046156427288084,0.45564946970028947,0.3785464753002398,0.27294378303391
c3_w2_tcop_cm0_states_L0.4_km0_1042_ucp0_1234_s31415,cm0,stageC,-0.05,-0.1042,0.25,0.12339551870278656,31415,7,0.12339551870278656,1,True,,0.4197759999999999,-0.0022467061717088214,-0.014857538725964965,-0.05103382697148107,0.4340703181782312,0.24557355899479194,0.24314853859795352,0.0,0.4046156427288084,0.45564946970028947,0.3694305028838523,0.26946335280742845
c3_w2_tcop_cm0_states_L0.4_km0_1042_ucp0_1234_s31415,cm0,stageC,-0.05,-0.1042,0.25,0.12339551870278656,31415,8,0.12339551870278656,2,True,,0.419376,0.0033310799433038858,-0.0010658940733653764,-0.05103382697148107,0.4340909439679247,0.24557565654911742,0.24314853859795352,0.0,0.4046156427288084,0.45564946970028947,0.3762622420474089,0.2693467988436173
c3_w2_tcop_cm0_states_L0.4_km0_1042_ucp0_1234_s31415,cm0,stageC,-0.05,-0.1042,0.25,0.12339551870278656,31415,9,0.12339551870278656,0,True,,0.41745600000000005,0.0003875001466920626,-0.01128048420980035,-0.05103382697148107,0.43418910991306503,0.24558900972274877,0.24314853859795352,0.0,0.4046156427288084,0.45564946970028947,0.3754193576846931,0.27256684806173287
c3_w2_tcop_cm0_states_L0.4_km0_1042_ucp0_1234_s31415,cm0,stageC,-0.05,-0.1042,0.25,0.12339551870278656,31415,10,0.12339551870278656,1,True,,0.42088000000000003,-0.000671898924941099,-0.0045434220463176625,-0.05103382697148107,0.4340138799678853,0.2455659527591562,0.24314853859795352,0.0,0.4046156427288084,0.45564946970028947,0.3741459267860485,0.27062392834392357
c3_w2_tcop_cm0_states_L0.4_km0_1042_ucp0_1234_s31415,cm0,stageC,-0.05,-0.1042,0.25,0.12339551870278656,31415,11,0.12339551870278656,2,True,,0.41745599999999994,0.0028259605294028113,-0.010838265621834802,-0.05103382697148107,0.43418888277487316,0.24558976416937708,0.24314853859795352,0.0,0.4046156427288084,0.45564946970028947,0.37951263661265644,0.2744284949251806
c3_w2_tcop_cm0_states_L0.4_km0_1042_ucp0_1234_s31415,cm0,stageC,-0.05,-0.1042,0.25,0.12339551870278656,31415,12,0.12339551870278656,0,True,,0.4194239999999999,-0.0032277891090844745,0.006256589988877248,-0.05103382697148107,0.4340882412950172,0.24557622590610234,0.24314853859795352,0.0,0.4046156427288084,0.45564946970028947,0.3673872284627979,0.2712865745589427
c3_w2_tcop_cm0_states_L0.4_km0_1042_ucp0_1234_s31415,cm0,stageC,-0.05,-0.1042,0.25,0.12339551870278656,31415,13,0.12339551870278656,1,True,,0.420368,-0.004482232829804322,-0.016588619087531734,-0.05103382697148107,0.4340396852550067,0.2455706898366546,0.24314853859795352,0.0,0.4046156427288084,0.45564946970028947,0.36070032080400866,0.26691574101580817
c3_w2_tcop_cm0_states_L0.4_km0_1042_ucp0_1234_s31415,cm0,stageC,-0.05,-0.1042,0.25,0.12339551870278656,31415,14,0.12339551870278656,2,True,,0.417744,-6.783494914913077e-05,-0.006691914574473698,-0.05103382697148107,0.43417442832814307,0.2455867940311849,0.24314853859795352,0.0,0.4046156427288084,0.45564946970028947,0.36763362592385174,0.27029628176098486
c3_w2_tcop_cm0_states_L0.4_km0_1042_ucp0_1234_s31415,cm0,stageC,-0.05,-0.1042,0.25,0.12339551870278656,31415,15,0.12339551870278656,0,False,BLOCK_15_PARTIAL_CYCLE,0.423312,-0.002960727221183351,-0.026026824749840635,-0.05103382697148107,0.4338891199352305,0.24555051784948115,0.24314853859795352,0.0,0.4046156427288084,0.45564946970028947,0.36712794506364377,0.269145036553841
c3_w2_tcop_cm0_states_L0.4_km0_1042_ucp0_2425_s42,cm0,stageC,-0.05,-0.1042,0.5,0.24248438819907564,42,0,0.24248438819907564,0,False,PRE_PRIMARY_INCOMPLETE_CYCLE,0.4221599999999999,0.0016258615646042073,-0.002177938473238134,-0.051709695088832774,0.46338962659336147,0.24856712584250484,0.2471309137993893,0.0,0.43359935467158467,0.48530904976041744,0.37950942561447276,0.26742594687953963
c3_w2_tcop_cm0_states_L0.4_km0_1042_ucp0_2425_s42,cm0,stageC,-0.05,-0.1042,0.5,0.24248438819907564,42,1,0.24248438819907564,1,False,PRE_PRIMARY_INCOMPLETE_CYCLE,0.43486400000000003,-0.0025020510661106295,-0.02039320370746561,-0.051709695088832774,0.4627300273697429,0.24852967607091267,0.2471309137993893,0.0,0.43359935467158467,0.48530904976041744,0.36370838148929957,0.2576102053767039
c3_w2_tcop_cm0_states_L0.4_km0_1042_ucp0_2425_s42,cm0,stageC,-0.05,-0.1042,0.5,0.24248438819907564,42,2,0.24248438819907564,2,False,PRE_PRIMARY_INCOMPLETE_CYCLE,0.433056,7.007477811950199e-06,-0.00864737343594411,-0.051709695088832774,0.4628239522249308,0.24853479257467256,0.2471309137993893,0.0,0.43359935467158467,0.48530904976041744,0.37678192224286094,0.2711722659377903
c3_w2_tcop_cm0_states_L0.4_km0_1042_ucp0_2425_s42,cm0,stageC,-0.05,-0.1042,0.5,0.24248438819907564,42,3,0.24248438819907564,0,True,,0.43729599999999996,-0.00025438089519322116,-0.01973110448827586,-0.051709695088832774,0.46260425636708424,0.2485190219731304,0.2471309137993893,0.0,0.43359935467158467,0.48530904976041744,0.3731729927943574,0.25877242047349436
c3_w2_tcop_cm0_states_L0.4_km0_1042_ucp0_2425_s42,cm0,stageC,-0.05,-0.1042,0.5,0.24248438819907564,42,4,0.24248438819907564,1,True,,0.43520000000000003,0.0031263535980936828,-0.011728395061728392,-0.051709695088832774,0.4627128964202843,0.24852648403916333,0.2471309137993893,0.0,0.43359935467158467,0.48530904976041744,0.3805798301177001,0.26781389616564705
c3_w2_tcop_cm0_states_L0.4_km0_1042_ucp0_2425_s42,cm0,stageC,-0.05,-0.1042,0.5,0.24248438819907564,42,5,0.24248438819907564,2,True,,0.437968,0.0010662951859198824,-0.00968277092996006,-0.051709695088832774,0.46256934975022673,0.24851696804766468,0.2471309137993893,0.0,0.43359935467158467,0.48530904976041744,0.3722131981910335,0.2624991408487389
c3_w2_tcop_cm0_states_L0.4_km0_1042_ucp0_2425_s42,cm0,stageC,-0.05,-0.1042,0.5,0.24248438819907564,42,6,0.24248438819907564,0,True,,0.43376,-0.00039404884591029437,-0.008695142189359914,-0.051709695088832774,0.46278726285830524,0.24853343324869304,0.2471309137993893,0.0,0.43359935467158467,0.48530904976041744,0.3734933149052473,0.26713212641566486
c3_w2_tcop_cm0_states_L0.4_km0_1042_ucp0_2425_s42,cm0,stageC,-0.05,-0.1042,0.5,0.24248438819907564,42,7,0.24248438819907564,1,True,,0.43566399999999994,0.0011635873608876158,-0.011812363191542493,-0.051709695088832774,0.4626887545396426,0.24852544862342574,0.2471309137993893,0.0,0.43359935467158467,0.48530904976041744,0.3709388778497351,0.26476515977953624
c3_w2_tcop_cm0_states_L0.4_km0_1042_ucp0_2425_s42,cm0,stageC,-0.05,-0.1042,0.5,0.24248438819907564,42,8,0.24248438819907564,2,True,,0.4347519999999999,-0.0007094820259738679,-0.0008307734577532406,-0.051709695088832774,0.4627359038031126,0.24852950581002095,0.2471309137993893,0.0,0.43359935467158467,0.48530904976041744,0.37164534682331046,0.26601031968596417
c3_w2_tcop_cm0_states_L0.4_km0_1042_ucp0_2425_s42,cm0,stageC,-0.05,-0.1042,0.5,0.24248438819907564,42,9,0.24248438819907564,0,True,,0.436384,0.0005086567079545801,0.009998089544490479,-0.051709695088832774,0.46265142891598726,0.24852283080916912,0.2471309137993893,0.0,0.43359935467158467,0.48530904976041744,0.37543254824506017,0.268206919104185
c3_w2_tcop_cm0_states_L0.4_km0_1042_ucp0_2425_s42,cm0,stageC,-0.05,-0.1042,0.5,0.24248438819907564,42,10,0.24248438819907564,1,True,,0.4344160000000001,0.0011102609207994647,-0.014853908058287239,-0.051709695088832774,0.46275340535317744,0.2485300852627435,0.2471309137993893,0.0,0.43359935467158467,0.48530904976041744,0.373455656192793,0.2627395708899604
c3_w2_tcop_cm0_states_L0.4_km0_1042_ucp0_2425_s42,cm0,stageC,-0.05,-0.1042,0.5,0.24248438819907564,42,11,0.24248438819907564,2,True,,0.4325920000000001,0.0009004751499591834,-0.016607975561883728,-0.051709695088832774,0.4628478447467181,0.2485373480369788,0.2471309137993893,0.0,0.43359935467158467,0.48530904976041744,0.37561767931042356,0.26714324694065633
c3_w2_tcop_cm0_states_L0.4_km0_1042_ucp0_2425_s42,cm0,stageC,-0.05,-0.1042,0.5,0.24248438819907564,42,12,0.24248438819907564,0,True,,0.437712,-0.0006212857976397132,-0.009953914102834154,-0.051709695088832774,0.46258287453844105,0.24851616779570276,0.2471309137993893,0.0,0.43359935467158467,0.48530904976041744,0.3690541745655149,0.2707114779286967
c3_w2_tcop_cm0_states_L0.4_km0_1042_ucp0_2425_s42,cm0,stageC,-0.05,-0.1042,0.5,0.24248438819907564,42,13,0.24248438819907564,1,True,,0.43587200000000004,-0.005221930018538362,-0.026694847434509436,-0.051709695088832774,0.46267789140797144,0.24852528414364541,0.2471309137993893,0.0,0.43359935467158467,0.48530904976041744,0.3606322443597556,0.2615509020295202
c3_w2_tcop_cm0_states_L0.4_km0_1042_ucp0_2425_s42,cm0,stageC,-0.05,-0.1042,0.5,0.24248438819907564,42,14,0.24248438819907564,2,True,,0.4338719999999999,-7.635768862792775e-05,0.0009481294244318172,-0.051709695088832774,0.46278150012527247,0.2485328499473299,0.2471309137993893,0.0,0.43359935467158467,0.48530904976041744,0.36921691330072726,0.2655740505628853
c3_w2_tcop_cm0_states_L0.4_km0_1042_ucp0_2425_s42,cm0,stageC,-0.05,-0.1042,0.5,0.24248438819907564,42,15,0.24248438819907564,0,False,BLOCK_15_PARTIAL_CYCLE,0.436384,-0.0022930988661769526,0.01596620122484607,-0.051709695088832774,0.462651392197415,0.24852302922281763,0.2471309137993893,0.0,0.43359935467158467,0.48530904976041744,0.36731636743374385,0.2674966556649428
c3_w2_tcop_cm0_states_L0.4_km0_1042_ucp0_2425_s137,cm0,stageC,-0.05,-0.1042,0.5,0.24248438819907564,137,0,0.24248438819907564,0,False,PRE_PRIMARY_INCOMPLETE_CYCLE,0.426384,2.7117042928793673e-05,-0.008488951950292898,-0.051709695088832774,0.46317088138083684,0.24855061147870866,0.2471309137993893,0.0,0.43359935467158467,0.48530904976041744,0.3749409889359431,0.26763865591281966
c3_w2_tcop_cm0_states_L0.4_km0_1042_ucp0_2425_s137,cm0,stageC,-0.05,-0.1042,0.5,0.24248438819907564,137,1,0.24248438819907564,1,False,PRE_PRIMARY_INCOMPLETE_CYCLE,0.43422399999999994,-0.001957260044188899,-0.011838200575890327,-0.051709695088832774,0.46276333345384246,0.24853108915370753,0.2471309137993893,0.0,0.43359935467158467,0.48530904976041744,0.36971773903501115,0.2636961320953875
c3_w2_tcop_cm0_states_L0.4_km0_1042_ucp0_2425_s137,cm0,stageC,-0.05,-0.1042,0.5,0.24248438819907564,137,2,0.24248438819907564,2,False,PRE_PRIMARY_INCOMPLETE_CYCLE,0.43465600000000004,0.0019152709859027101,-0.010416944934546228,-0.051709695088832774,0.462740966517275,0.2485293589689615,0.2471309137993893,0.0,0.43359935467158467,0.48530904976041744,0.37173506999835476,0.26151530143583246
c3_w2_tcop_cm0_states_L0.4_km0_1042_ucp0_2425_s137,cm0,stageC,-0.05,-0.1042,0.5,0.24248438819907564,137,3,0.24248438819907564,0,True,,0.43601600000000007,0.0002303111421582932,-0.011433733069552525,-0.051709695088832774,0.4626703719287191,0.24852502218437006,0.2471309137993893,0.0,0.43359935467158467,0.48530904976041744,0.3721638429333627,0.26282382238125246
c3_w2_tcop_cm0_states_L0.4_km0_1042_ucp0_2425_s137,cm0,stageC,-0.05,-0.1042,0.5,0.24248438819907564,137,4,0.24248438819907564,1,True,,0.434592,0.002188891700832328,-0.02611636261769454,-0.051709695088832774,0.4627443584025245,0.24852902011208097,0.2471309137993893,0.0,0.43359935467158467,0.48530904976041744,0.3828642090885559,0.2673019949003882
c3_w2_tcop_cm0_states_L0.4_km0_1042_ucp0_2425_s137,cm0,stageC,-0.05,-0.1042,0.5,0.24248438819907564,137,5,0.24248438819907564,2,True,,0.434752,0.0034103643090594373,-0.006001752054388595,-0.051709695088832774,0.4627361142140697,0.24852811802558744,0.2471309137993893,0.0,0.43359935467158467,0.48530904976041744,0.37807991901080784,0.2652551968237173
c3_w2_tcop_cm0_states_L0.4_km0_1042_ucp0_2425_s137,cm0,stageC,-0.05,-0.1042,0.5,0.24248438819907564,137,6,0.24248438819907564,0,True,,0.43473599999999996,0.001453047290264373,-0.011477075230939715,-0.051709695088832774,0.46273690546298285,0.24852856493183734,0.2471309137993893,0.0,0.43359935467158467,0.48530904976041744,0.3736384366635199,0.25894664799135464
c3_w2_tcop_cm0_states_L0.4_km0_1042_ucp0_2425_s137,cm0,stageC,-0.05,-0.1042,0.5,0.24248438819907564,137,7,0.24248438819907564,1,True,,0.43584,0.0003878027190852952,-0.005004625766940809,-0.051709695088832774,0.4626795721960122,0.24852511798310545,0.2471309137993893,0.0,0.43359935467158467,0.48530904976041744,0.37214111704322667,0.26626847748114224
c3_w2_tcop_cm0_states_L0.4_km0_1042_ucp0_2425_s137,cm0,stageC,-0.05,-0.1042,0.5,0.24248438819907564,137,8,0.24248438819907564,2,True,,0.43392,0.0010828992473277594,-0.006008978419748827,-0.051709695088832774,0.46277919056778255,0.24853142969686787,0.2471309137993893,0.0,0.43359935467158467,0.48530904976041744,0.3773295291275231,0.2688292519942206
c3_w2_tcop_cm0_states_L0.4_km0_1042_ucp0_2425_s137,cm0,stageC,-0.05,-0.1042,0.5,0.24248438819907564,137,9,0.24248438819907564,0,True,,0.43430399999999997,0.002684585488026763,0.007460833392740377,-0.051709695088832774,0.4627593375195398,0.2485297837108295,0.2471309137993893,0.0,0.43359935467158467,0.48530904976041744,0.3823480920114487,0.2701765496587521
c3_w2_tcop_cm0_states_L0.4_km0_1042_ucp0_2425_s137,cm0,stageC,-0.05,-0.1042,0.5,0.24248438819907564,137,10,0.24248438819907564,1,True,,0.435792,-0.0016139036128478832,0.000879314257875522,-0.051709695088832774,0.46268192698679594,0.24852626871154812,0.2471309137993893,0.0,0.43359935467158467,0.48530904976041744,0.36649159680173865,0.262199973515336
c3_w2_tcop_cm0_states_L0.4_km0_1042_ucp0_2425_s137,cm0,stageC,-0.05,-0.1042,0.5,0.24248438819907564,137,11,0.24248438819907564,2,True,,0.43432000000000004,-0.00011771864534188766,-0.0026078601476683927,-0.051709695088832774,0.46275843059368654,0.24853020997792982,0.2471309137993893,0.0,0.43359935467158467,0.48530904976041744,0.3751048802176762,0.2636429986385952
c3_w2_tcop_cm0_states_L0.4_km0_1042_ucp0_2425_s137,cm0,stageC,-0.05,-0.1042,0.5,0.24248438819907564,137,12,0.24248438819907564,0,True,,0.436896,0.00035376126694186517,0.0021039636377167084,-0.051709695088832774,0.4626248233117552,0.2485214225909835,0.2471309137993893,0.0,0.43359935467158467,0.48530904976041744,0.36870302635927255,0.2598440491220198
c3_w2_tcop_cm0_states_L0.4_km0_1042_ucp0_2425_s137,cm0,stageC,-0.05,-0.1042,0.5,0.24248438819907564,137,13,0.24248438819907564,1,True,,0.43327999999999994,6.806954867989538e-07,-0.01131235635460235,-0.051709695088832774,0.46281225593812075,0.2485345808333491,0.2471309137993893,0.0,0.43359935467158467,0.48530904976041744,0.37353068844404425,0.2626445010734954
c3_w2_tcop_cm0_states_L0.4_km0_1042_ucp0_2425_s137,cm0,stageC,-0.05,-0.1042,0.5,0.24248438819907564,137,14,0.24248438819907564,2,True,,0.435904,0.0042673338144271575,-0.0013592890348321503,-0.051709695088832774,0.4626766452331114,0.24852245195136743,0.2471309137993893,0.0,0.43359935467158467,0.48530904976041744,0.38264158328473064,0.2660950064092069
c3_w2_tcop_cm0_states_L0.4_km0_1042_ucp0_2425_s137,cm0,stageC,-0.05,-0.1042,0.5,0.24248438819907564,137,15,0.24248438819907564,0,False,BLOCK_15_PARTIAL_CYCLE,0.434752,-0.001475936615315625,0.018286285456473778,-0.051709695088832774,0.462735978750954,0.248528996177957,0.2471309137993893,0.0,0.43359935467158467,0.48530904976041744,0.3721983069709346,0.2699812611253903
c3_w2_tcop_cm0_states_L0.4_km0_1042_ucp0_2425_s256,cm0,stageC,-0.05,-0.1042,0.5,0.24248438819907564,256,0,0.24248438819907564,0,False,PRE_PRIMARY_INCOMPLETE_CYCLE,0.423456,0.003643126235241367,-0.001566048128138099,-0.051709695088832774,0.4633226721393916,0.24856094516937668,0.2471309137993893,0.0,0.43359935467158467,0.48530904976041744,0.3824993517196679,0.27324521630351123
c3_w2_tcop_cm0_states_L0.4_km0_1042_ucp0_2425_s256,cm0,stageC,-0.05,-0.1042,0.5,0.24248438819907564,256,1,0.24248438819907564,1,False,PRE_PRIMARY_INCOMPLETE_CYCLE,0.436592,-0.0025405206945128917,-0.007835867376860007,-0.051709695088832774,0.46264068786654805,0.24852189031459723,0.2471309137993893,0.0,0.43359935467158467,0.48530904976041744,0.36356474705983916,0.25948087290514293
c3_w2_tcop_cm0_states_L0.4_km0_1042_ucp0_2425_s256,cm0,stageC,-0.05,-0.1042,0.5,0.24248438819907564,256,2,0.24248438819907564,2,False,PRE_PRIMARY_INCOMPLETE_CYCLE,0.437072,-0.00013195827844705792,-0.008782918658603962,-0.051709695088832774,0.4626157212954455,0.24852066991402577,0.2471309137993893,0.0,0.43359935467158467,0.48530904976041744,0.3739498148587086,0.2665794897857126
c3_w2_tcop_cm0_states_L0.4_km0_1042_ucp0_2425_s256,cm0,stageC,-0.05,-0.1042,0.5,0.24248438819907564,256,3,0.24248438819907564,0,True,,0.437888,0.00035007994997318106,-0.005686033717283074,-0.051709695088832774,0.46257360108372425,0.24851658392227904,0.2471309137993893,0.0,0.43359935467158467,0.48530904976041744,0.3742022933044267,0.2655732188260595
c3_w2_tcop_cm0_states_L0.4_km0_1042_ucp0_2425_s256,cm0,stageC,-0.05,-0.1042,0.5,0.24248438819907564,256,4,0.24248438819907564,1,True,,0.43439999999999995,0.004085257910992984,0.005937342091965638,-0.051709695088832774,0.46275444036280783,0.24852886620788153,0.2471309137993893,0.0,0.43359935467158467,0.48530904976041744,0.38153325340998406,0.2663370742450293
c3_w2_tcop_cm0_states_L0.4_km0_1042_ucp0_2425_s256,cm0,stageC,-0.05,-0.1042,0.5,0.24248438819907564,256,5,0.24248438819907564,2,True,,0.43275199999999997,0.0017176295652497969,-0.030672637470568462,-0.051709695088832774,0.46283969149250387,0.24853592861450802,0.2471309137993893,0.0,0.43359935467158467,0.48530904976041744,0.3796242080772568,0.27039858459019867
c3_w2_tcop_cm0_states_L0.4_km0_1042_ucp0_2425_s256,cm0,stageC,-0.05,-0.1042,0.5,0.24248438819907564,256,6,0.24248438819907564,0,True,,0.43340799999999996,-0.004149974611633423,-0.010073770123526032,-0.051709695088832774,0.462805504213534,0.24853479679381865,0.2471309137993893,0.0,0.43359935467158467,0.48530904976041744,0.3626561347368388,0.26486838081587616
c3_w2_tcop_cm0_states_L0.4_km0_1042_ucp0_2425_s256,cm0,stageC,-0.05,-0.1042,0.5,0.24248438819907564,256,7,0.24248438819907564,1,True,,0.436896,0.00023710867786353858,-0.0018955622494424402,-0.051709695088832774,0.4626250096217185,0.24852012782848795,0.2471309137993893,0.0,0.43359935467158467,0.48530904976041744,0.3729308862935147,0.2678683225485884
c3_w2_tcop_cm0_states_L0.4_km0_1042_ucp0_2425_s256,cm0,stageC,-0.05,-0.1042,0.5,0.24248438819907564,256,8,0.24248438819907564,2,True,,0.43705600000000006,0.0036491663093979,-0.013744950916920285,-0.051709695088832774,0.46261678231918696,0.24851934933704767,0.2471309137993893,0.0,0.43359935467158467,0.48530904976041744,0.38068233306087756,0.2635696843046108
c3_w2_tcop_cm0_states_L0.4_km0_1042_ucp0_2425_s256,cm0,stageC,-0.05,-0.1042,0.5,0.24248438819907564,256,9,0.24248438819907564,0,True,,0.436928,-0.0007625638101498022,0.011393075849974467,-0.051709695088832774,0.46262314375021296,0.2485214353859006,0.2471309137993893,0.0,0.43359935467158467,0.48530904976041744,0.37092884503785134,0.2633571370649582
c3_w2_tcop_cm0_states_L0.4_km0_1042_ucp0_2425_s256,cm0,stageC,-0.05,-0.1042,0.5,0.24248438819907564,256,10,0.24248438819907564,1,True,,0.43508800000000003,-0.0024660322303382866,-0.0116737013499303,-0.051709695088832774,0.46271861122504215,0.24852759072470798,0.2471309137993893,0.0,0.43359935467158467,0.48530904976041744,0.36792389681412063,0.2605801372036796
c3_w2_tcop_cm0_states_L0.4_km0_1042_ucp0_2425_s256,cm0,stageC,-0.05,-0.1042,0.5,0.24248438819907564,256,11,0.24248438819907564,2,True,,0.435616,-0.0002945138990625119,-0.005192568811357175,-0.051709695088832774,0.46269122740401886,0.24852567015568303,0.2471309137993893,0.0,0.43359935467158467,0.48530904976041744,0.3696162346804406,0.2625050674890472
c3_w2_tcop_cm0_states_L0.4_km0_1042_ucp0_2425_s256,cm0,stageC,-0.05,-0.1042,0.5,0.24248438819907564,256,12,0.24248438819907564,0,True,,0.43449600000000005,-0.0017838304340027655,-0.0020319059398019035,-0.051709695088832774,0.4627491537387492,0.2485304833282437,0.2471309137993893,0.0,0.43359935467158467,0.48530904976041744,0.36698901294592245,0.26694791599529055
c3_w2_tcop_cm0_states_L0.4_km0_1042_ucp0_2425_s256,cm0,stageC,-0.05,-0.1042,0.5,0.24248438819907564,256,13,0.24248438819907564,1,True,,0.433744,0.007362245688603044,0.005897932635220334,-0.051709695088832774,0.46278854046885864,0.24853067803841003,0.2471309137993893,0.0,0.43359935467158467,0.48530904976041744,0.3907279961066202,0.27036257623184484
c3_w2_tcop_cm0_states_L0.4_km0_1042_ucp0_2425_s256,cm0,stageC,-0.05,-0.1042,0.5,0.24248438819907564,256,14,0.24248438819907564,2,True,,0.43454400000000004,-0.0033231168499370527,0.0030114574192922393,-0.051709695088832774,0.4627464614675071,0.24853179779753998,0.2471309137993893,0.0,0.43359935467158467,0.48530904976041744,0.3614120140109315,0.25686310657875844
c3_w2_tcop_cm0_states_L0.4_km0_1042_ucp0_2425_s256,cm0,stageC,-0.05,-0.1042,0.5,0.24248438819907564,256,15,0.24248438819907564,0,False,BLOCK_15_PARTIAL_CYCLE,0.43462399999999995,0.000612699695142241,-0.008665473162200557,-0.051709695088832774,0.4627426118164213,0.24852938071410136,0.2471309137993893,0.0,0.43359935467158467,0.48530904976041744,0.37159609778533714,0.2675287600778963
c3_w2_tcop_cm0_states_L0.4_km0_1042_ucp0_2425_s1024,cm0,stageC,-0.05,-0.1042,0.5,0.24248438819907564,1024,0,0.24248438819907564,0,False,PRE_PRIMARY_INCOMPLETE_CYCLE,0.42556799999999995,-0.0020115197181525754,-0.00789518022842159,-0.051709695088832774,0.4632130989411087,0.24855396182146883,0.2471309137993893,0.0,0.43359935467158467,0.48530904976041744,0.3713690927340659,0.2698887497686795
c3_w2_tcop_cm0_states_L0.4_km0_1042_ucp0_2425_s1024,cm0,stageC,-0.05,-0.1042,0.5,0.24248438819907564,1024,1,0.24248438819907564,1,False,PRE_PRIMARY_INCOMPLETE_CYCLE,0.43486400000000003,-0.00014659407513529734,-0.01312925094502759,-0.051709695088832774,0.4627302095643644,0.24852838225110535,0.2471309137993893,0.0,0.43359935467158467,0.48530904976041744,0.37055912546891095,0.2657713435064317
c3_w2_tcop_cm0_states_L0.4_km0_1042_ucp0_2425_s1024,cm0,stageC,-0.05,-0.1042,0.5,0.24248438819907564,1024,2,0.24248438819907564,2,False,PRE_PRIMARY_INCOMPLETE_CYCLE,0.433776,0.0007604156158300881,-0.0006857691515235436,-0.051709695088832774,0.46278652768969425,0.2485328964165318,0.2471309137993893,0.0,0.43359935467158467,0.48530904976041744,0.37521703865446665,0.26125444858139263
c3_w2_tcop_cm0_states_L0.4_km0_1042_ucp0_2425_s1024,cm0,stageC,-0.05,-0.1042,0.5,0.24248438819907564,1024,3,0.24248438819907564,0,True,,0.43460800000000005,0.0014863883802235392,-0.014226332226181079,-0.051709695088832774,0.46274337937141163,0.24852996600862645,0.2471309137993893,0.0,0.43359935467158467,0.48530904976041744,0.37759108795221136,0.2654871212125206
c3_w2_tcop_cm0_states_L0.4_km0_1042_ucp0_2425_s1024,cm0,stageC,-0.05,-0.1042,0.5,0.24248438819907564,1024,4,0.24248438819907564,1,True,,0.43687999999999994,0.0009281409615979008,-0.00668291145794146,-0.051709695088832774,0.4626258262668846,0.24852049140916543,0.2471309137993893,0.0,0.43359935467158467,0.48530904976041744,0.3737986762991287,0.2590541465287884
c3_w2_tcop_cm0_states_L0.4_km0_1042_ucp0_2425_s1024,cm0,stageC,-0.05,-0.1042,0.5,0.24248438819907564,1024,5,0.24248438819907564,2,True,,0.43590399999999996,-0.0002295436586783571,-0.007061701086659007,-0.051709695088832774,0.4626762005193509,0.24852522856743228,0.2471309137993893,0.0,0.43359935467158467,0.48530904976041744,0.37401684708745475,0.2667417148244663
c3_w2_tcop_cm0_states_L0.4_km0_1042_ucp0_2425_s1024,cm0,stageC,-0.05,-0.1042,0.5,0.24248438819907564,1024,6,0.24248438819907564,0,True,,0.439216,-0.0008800498439970733,-0.007397227318717159,-0.051709695088832774,0.46250481594253123,0.24851150347062026,0.2471309137993893,0.0,0.43359935467158467,0.48530904976041744,0.3691311023236882,0.2617271198202311
c3_w2_tcop_cm0_states_L0.4_km0_1042_ucp0_2425_s1024,cm0,stageC,-0.05,-0.1042,0.5,0.24248438819907564,1024,7,0.24248438819907564,1,True,,0.432864,0.0007589917749576109,0.009075954644018941,-0.051709695088832774,0.46283376237266505,0.24853641402235696,0.2471309137993893,0.0,0.43359935467158467,0.48530904976041744,0.37361434280502354,0.2603605295939937
c3_w2_tcop_cm0_states_L0.4_km0_1042_ucp0_2425_s1024,cm0,stageC,-0.05,-0.1042,0.5,0.24248438819907564,1024,8,0.24248438819907564,2,True,,0.43209600000000004,-0.00033046943605523105,-0.0023606249808099944,-0.051709695088832774,0.4628736817056698,0.24853842313453176,0.2471309137993893,0.0,0.43359935467158467,0.48530904976041744,0.374228582255546,0.2646620383784511
c3_w2_tcop_cm0_states_L0.4_km0_1042_ucp0_2425_s1024,cm0,stageC,-0.05,-0.1042,0.5,0.24248438819907564,1024,9,0.24248438819907564,0,True,,0.435184,-0.004346780870428211,-0.004975778872302289,-0.051709695088832774,0.46271346108020944,0.24852829603314971,0.2471309137993893,0.0,0.43359935467158467,0.48530904976041744,0.3623585440527494,0.26256833007640024
c3_w2_tcop_cm0_states_L0.4_km0_1042_ucp0_2425_s1024,cm0,stageC,-0.05,-0.1042,0.5,0.24248438819907564,1024,10,0.24248438819907564,1,True,,0.43489599999999995,0.0011013900038360268,-0.01331152583914675,-0.051709695088832774,0.4627285279004148,0.24852839745618055,0.2471309137993893,0.0,0.43359935467158467,0.48530904976041744,0.3764286628012272,0.2662018491000878
c3_w2_tcop_cm0_states_L0.4_km0_1042_ucp0_2425_s1024,cm0,stageC,-0.05,-0.1042,0.5,0.24248438819907564,1024,11,0.24248438819907564,2,True,,0.43491199999999997,0.000983768317661382,-0.001501488624764002,-0.051709695088832774,0.4627278366565892,0.24852745965708647,0.2471309137993893,0.0,0.43359935467158467,0.48530904976041744,0.3766545313422096,0.26767535389268415
c3_w2_tcop_cm0_states_L0.4_km0_1042_ucp0_2425_s1024,cm0,stageC,-0.05,-0.1042,0.5,0.24248438819907564,1024,12,0.24248438819907564,0,True,,0.4339039999999999,-0.000775079402390837,-0.022158874697206194,-0.051709695088832774,0.46277983840739007,0.24853270466718588,0.2471309137993893,0.0,0.43359935467158467,0.48530904976041744,0.3677283534312658,0.261076257639409
c3_w2_tcop_cm0_states_L0.4_km0_1042_ucp0_2425_s1024,cm0,stageC,-0.05,-0.1042,0.5,0.24248438819907564,1024,13,0.24248438819907564,1,True,,0.438384,-0.0006028284902028494,-0.0300179160541741,-0.051709695088832774,0.4625479171416755,0.2485145440823771,0.2471309137993893,0.0,0.43359935467158467,0.48530904976041744,0.3691034027331957,0.2670582628301813
c3_w2_tcop_cm0_states_L0.4_km0_1042_ucp0_2425_s1024,cm0,stageC,-0.05,-0.1042,0.5,0.24248438819907564,1024,14,0.24248438819907564,2,True,,0.4374079999999999,0.00025851367960005417,-0.003731035080249169,-0.051709695088832774,0.46259843578989585,0.24851856661713312,0.2471309137993893,0.0,0.43359935467158467,0.48530904976041744,0.3721493413838347,0.26612426056104
c3_w2_tcop_cm0_states_L0.4_km0_1042_ucp0_2425_s1024,cm0,stageC,-0.05,-0.1042,0.5,0.24248438819907564,1024,15,0.24248438819907564,0,False,BLOCK_15_PARTIAL_CYCLE,0.4356960000000001,0.0020407817581073605,-0.005940874237044345,-0.051709695088832774,0.462687101063118,0.24852521475733574,0.2471309137993893,0.0,0.43359935467158467,0.48530904976041744,0.37808587536853133,0.2660720709371311
c3_w2_tcop_cm0_states_L0.4_km0_1042_ucp0_2425_s31415,cm0,stageC,-0.05,-0.1042,0.5,0.24248438819907564,31415,0,0.24248438819907564,0,False,PRE_PRIMARY_INCOMPLETE_CYCLE,0.419552,-0.0046560807750597386,0.009160789784665046,-0.051709695088832774,0.46352450798565925,0.2485783856212875,0.2471309137993893,0.0,0.43359935467158467,0.48530904976041744,0.3628610154279353,0.2683443704827859
c3_w2_tcop_cm0_states_L0.4_km0_1042_ucp0_2425_s31415,cm0,stageC,-0.05,-0.1042,0.5,0.24248438819907564,31415,1,0.24248438819907564,1,False,PRE_PRIMARY_INCOMPLETE_CYCLE,0.43228800000000006,0.0006528851894681583,-0.001257597185037936,-0.051709695088832774,0.46286355891996583,0.24853879291567166,0.2471309137993893,0.0,0.43359935467158467,0.48530904976041744,0.37515304070921895,0.26523539337692026
c3_w2_tcop_cm0_states_L0.4_km0_1042_ucp0_2425_s31415,cm0,stageC,-0.05,-0.1042,0.5,0.24248438819907564,31415,2,0.24248438819907564,2,False,PRE_PRIMARY_INCOMPLETE_CYCLE,0.435488,0.0012204165128708532,-0.014343608782048644,-0.051709695088832774,0.4626977617243023,0.24852685709389025,0.2471309137993893,0.0,0.43359935467158467,0.48530904976041744,0.376612968090118,0.26428216742921923
c3_w2_tcop_cm0_states_L0.4_km0_1042_ucp0_2425_s31415,cm0,stageC,-0.05,-0.1042,0.5,0.24248438819907564,31415,3,0.24248438819907564,0,True,,0.43436800000000003,-0.0035743865661850716,-0.008276820075953262,-0.051709695088832774,0.4627558463931901,0.24853068509849727,0.2471309137993893,0.0,0.43359935467158467,0.48530904976041744,0.3663067217410282,0.2643595617328837
c3_w2_tcop_cm0_states_L0.4_km0_1042_ucp0_2425_s31415,cm0,stageC,-0.05,-0.1042,0.5,0.24248438819907564,31415,4,0.24248438819907564,1,True,,0.43494400000000005,0.0014889108072005878,-0.020368548337062857,-0.051709695088832774,0.46272613765430376,0.24852757694722102,0.2471309137993893,0.0,0.43359935467158467,0.48530904976041744,0.37305501399689683,0.26414913004231677
c3_w2_tcop_cm0_states_L0.4_km0_1042_ucp0_2425_s31415,cm0,stageC,-0.05,-0.1042,0.5,0.24248438819907564,31415,5,0.24248438819907564,2,True,,0.432656,0.0017913133080238563,0.00010706681870889359,-0.051709695088832774,0.46284470211498907,0.24853598491950205,0.2471309137993893,0.0,0.43359935467158467,0.48530904976041744,0.3772020536247071,0.26724396387340066
c3_w2_tcop_cm0_states_L0.4_km0_1042_ucp0_2425_s31415,cm0,stageC,-0.05,-0.1042,0.5,0.24248438819907564,31415,6,0.24248438819907564,0,True,,0.43633600000000006,0.0016741091004770893,-0.009898684837097185,-0.051709695088832774,0.46265419456923706,0.24852125394507704,0.2471309137993893,0.0,0.43359935467158467,0.48530904976041744,0.3769603225783617,0.26783850519371005
c3_w2_tcop_cm0_states_L0.4_km0_1042_ucp0_2425_s31415,cm0,stageC,-0.05,-0.1042,0.5,0.24248438819907564,31415,7,0.24248438819907564,1,True,,0.43536,-0.0025703333366982888,-0.013457151979382102,-0.051709695088832774,0.4627044764482141,0.2485267280395217,0.2471309137993893,0.0,0.43359935467158467,0.48530904976041744,0.3680305760199834,0.26648022098282065
c3_w2_tcop_cm0_states_L0.4_km0_1042_ucp0_2425_s31415,cm0,stageC,-0.05,-0.1042,0.5,0.24248438819907564,31415,8,0.24248438819907564,2,True,,0.43473600000000007,0.0024962444060789763,-0.005275620387397342,-0.051709695088832774,0.4627368349300529,0.24852885301651928,0.2471309137993893,0.0,0.43359935467158467,0.48530904976041744,0.37271354603900164,0.2650717868267111
c3_w2_tcop_cm0_states_L0.4_km0_1042_ucp0_2425_s31415,cm0,stageC,-0.05,-0.1042,0.5,0.24248438819907564,31415,9,0.24248438819907564,0,True,,0.43294400000000005,0.00044447342036706415,-0.015686776282069305,-0.051709695088832774,0.4628297099554937,0.24853548551186144,0.2471309137993893,0.0,0.43359935467158467,0.48530904976041744,0.37594783627782413,0.2663098812154613
c3_w2_tcop_cm0_states_L0.4_km0_1042_ucp0_2425_s31415,cm0,stageC,-0.05,-0.1042,0.5,0.24248438819907564,31415,10,0.24248438819907564,1,True,,0.43540799999999996,-0.0011258077148648341,-0.0027946280879429792,-0.051709695088832774,0.46270198824028297,0.24852674035623118,0.2471309137993893,0.0,0.43359935467158467,0.48530904976041744,0.37368705413366143,0.26579043941994945
c3_w2_tcop_cm0_states_L0.4_km0_1042_ucp0_2425_s31415,cm0,stageC,-0.05,-0.1042,0.5,0.24248438819907564,31415,11,0.24248438819907564,2,True,,0.433184,0.0030333272729043403,-0.008542767836156952,-0.051709695088832774,0.46281714713044136,0.2485353286244093,0.2471309137993893,0.0,0.43359935467158467,0.48530904976041744,0.37916606571020117,0.26690608317088843
c3_w2_tcop_cm0_states_L0.4_km0_1042_ucp0_2425_s31415,cm0,stageC,-0.05,-0.1042,0.5,0.24248438819907564,31415,12,0.24248438819907564,0,True,,0.43528000000000006,-0.002201162058404897,0.004654772297097326,-0.051709695088832774,0.462708617610528,0.24852708555029904,0.2471309137993893,0.0,0.43359935467158467,0.48530904976041744,0.36987845505029326,0.26468025170339815
c3_w2_tcop_cm0_states_L0.4_km0_1042_ucp0_2425_s31415,cm0,stageC,-0.05,-0.1042,0.5,0.24248438819907564,31415,13,0.24248438819907564,1,True,,0.43617599999999995,-0.004341204277276204,-0.022001225554022272,-0.051709695088832774,0.46266205534662275,0.24852459403083293,0.2471309137993893,0.0,0.43359935467158467,0.48530904976041744,0.36031142524033366,0.2609258055178892
c3_w2_tcop_cm0_states_L0.4_km0_1042_ucp0_2425_s31415,cm0,stageC,-0.05,-0.1042,0.5,0.24248438819907564,31415,14,0.24248438819907564,2,True,,0.43304000000000004,-0.0004845399694181833,-0.007378010758164061,-0.051709695088832774,0.46282468058388704,0.24853538329899247,0.2471309137993893,0.0,0.43359935467158467,0.48530904976041744,0.3672558933963381,0.26582718801543925
c3_w2_tcop_cm0_states_L0.4_km0_1042_ucp0_2425_s31415,cm0,stageC,-0.05,-0.1042,0.5,0.24248438819907564,31415,15,0.24248438819907564,0,False,BLOCK_15_PARTIAL_CYCLE,0.438976,-0.0020251267753921697,-0.018122396066431665,-0.051709695088832774,0.4625170976354815,0.24851335492459745,0.2471309137993893,0.0,0.43359935467158467,0.48530904976041744,0.3698001063955217,0.26686797847885196
c3_w2_tcop_cm0_states_L0.4_kp0_2090_ucp0_0498_s42,cm0,stageC,0.1,0.209,0.1,0.04977134874876729,42,0,0.04977134874876729,0,False,PRE_PRIMARY_INCOMPLETE_CYCLE,0.38632000000000005,0.0009695447088819531,0.020803662580036374,0.10093007227060136,0.4006761898008704,0.23980596168644042,0.23428006278910235,0.0,0.36246211150373425,0.4633921837743356,0.3777692713303603,0.27562121494913566
c3_w2_tcop_cm0_states_L0.4_kp0_2090_ucp0_0498_s42,cm0,stageC,0.1,0.209,0.1,0.04977134874876729,42,1,0.04977134874876729,1,False,PRE_PRIMARY_INCOMPLETE_CYCLE,0.40076800000000007,-0.002562790778244141,0.0026677354244305264,0.10093007227060136,0.40211223937185525,0.24011959243626643,0.23428006278910235,0.0,0.36246211150373425,0.4633921837743356,0.36447908591428096,0.26621926136338114
c3_w2_tcop_cm0_states_L0.4_kp0_2090_ucp0_0498_s42,cm0,stageC,0.1,0.209,0.1,0.04977134874876729,42,2,0.04977134874876729,2,False,PRE_PRIMARY_INCOMPLETE_CYCLE,0.39921599999999996,0.00046113096533316293,0.012682496353583815,0.10093007227060136,0.4019593451971223,0.2400823441867774,0.23428006278910235,0.0,0.36246211150373425,0.4633921837743356,0.37783190878494,0.2766361609383825
c3_w2_tcop_cm0_states_L0.4_kp0_2090_ucp0_0498_s42,cm0,stageC,0.1,0.209,0.1,0.04977134874876729,42,3,0.04977134874876729,0,True,,0.402368,-0.00047062760937571264,-0.0005797016274771326,0.10093007227060136,0.40227487204481044,0.24014616798137103,0.23428006278910235,0.0,0.36246211150373425,0.4633921837743356,0.3723009856271718,0.26635058638437686
c3_w2_tcop_cm0_states_L0.4_kp0_2090_ucp0_0498_s42,cm0,stageC,0.1,0.209,0.1,0.04977134874876729,42,4,0.04977134874876729,1,True,,0.400672,0.003612506151949603,0.010513577345037804,0.10093007227060136,0.4021053829352694,0.24011167962375063,0.23428006278910235,0.0,0.36246211150373425,0.4633921837743356,0.3798030334506079,0.27625227163056126
c3_w2_tcop_cm0_states_L0.4_kp0_2090_ucp0_0498_s42,cm0,stageC,0.1,0.209,0.1,0.04977134874876729,42,5,0.04977134874876729,2,True,,0.403632,4.4120521439182866e-05,0.01126013284501825,0.10093007227060136,0.4024006889654569,0.24017350619509054,0.23428006278910235,0.0,0.36246211150373425,0.4633921837743356,0.3687573308946078,0.26677432901033743
c3_w2_tcop_cm0_states_L0.4_kp0_2090_ucp0_0498_s42,cm0,stageC,0.1,0.209,0.1,0.04977134874876729,42,6,0.04977134874876729,0,True,,0.39872,-0.0008916465211729426,0.007763166979122965,0.10093007227060136,0.4019074196284703,0.24007791324121333,0.23428006278910235,0.0,0.36246211150373425,0.4633921837743356,0.37046075352562063,0.2725268389984184
c3_w2_tcop_cm0_states_L0.4_kp0_2090_ucp0_0498_s42,cm0,stageC,0.1,0.209,0.1,0.04977134874876729,42,7,0.04977134874876729,1,True,,0.400992,0.0003205055225923126,0.014609619265944231,0.10093007227060136,0.4021366179836084,0.2401196653743671,0.23428006278910235,0.0,0.36246211150373425,0.4633921837743356,0.3711917091552985,0.27297751112444263
c3_w2_tcop_cm0_states_L0.4_kp0_2090_ucp0_0498_s42,cm0,stageC,0.1,0.209,0.1,0.04977134874876729,42,8,0.04977134874876729,2,True,,0.399248,-0.0007981518169116727,0.02323464842330424,0.10093007227060136,0.4019608361860622,0.24008717717523564,0.23428006278910235,0.0,0.36246211150373425,0.4633921837743356,0.37011248001081554,0.2706827316992582
c3_w2_tcop_cm0_states_L0.4_kp0_2090_ucp0_0498_s42,cm0,stageC,0.1,0.209,0.1,0.04977134874876729,42,9,0.04977134874876729,0,True,,0.40265600000000007,0.00038784893518614916,0.03270992190446391,0.10093007227060136,0.40230308394644015,0.24015357638786083,0.23428006278910235,0.0,0.36246211150373425,0.4633921837743356,0.3735411671683098,0.2708184806206564
c3_w2_tcop_cm0_states_L0.4_kp0_2090_ucp0_0498_s42,cm0,stageC,0.1,0.209,0.1,0.04977134874876729,42,10,0.04977134874876729,1,True,,0.400336,0.001446706744673748,0.010877120101833917,0.10093007227060136,0.40207120758588577,0.24010615383380396,0.23428006278910235,0.0,0.36246211150373425,0.4633921837743356,0.37358834325654966,0.27150877195040457
c3_w2_tcop_cm0_states_L0.4_kp0_2090_ucp0_0498_s42,cm0,stageC,0.1,0.209,0.1,0.04977134874876729,42,11,0.04977134874876729,2,True,,0.39793599999999996,0.0009690559070909728,0.0006330204941841631,0.10093007227060136,0.4018299007118401,0.24005988949477056,0.23428006278910235,0.0,0.36246211150373425,0.4633921837743356,0.3778462835969681,0.2777985076963661
c3_w2_tcop_cm0_states_L0.4_kp0_2090_ucp0_0498_s42,cm0,stageC,0.1,0.209,0.1,0.04977134874876729,42,12,0.04977134874876729,0,True,,0.404384,-0.0005371032962756633,0.01668656441124971,0.10093007227060136,0.4024788971799819,0.240182241224557,0.23428006278910235,0.0,0.36246211150373425,0.4633921837743356,0.36888939929984693,0.2751793837963476
c3_w2_tcop_cm0_states_L0.4_kp0_2090_ucp0_0498_s42,cm0,stageC,0.1,0.209,0.1,0.04977134874876729,42,13,0.04977134874876729,1,True,,0.40176,-0.004831188422326184,0.004783897271818616,0.10093007227060136,0.40221328860700994,0.240135579559532,0.23428006278910235,0.0,0.36246211150373425,0.4633921837743356,0.35968233384586507,0.2680889538272353
c3_w2_tcop_cm0_states_L0.4_kp0_2090_ucp0_0498_s42,cm0,stageC,0.1,0.209,0.1,0.04977134874876729,42,14,0.04977134874876729,2,True,,0.398592,-0.000239031807889996,0.01701594886447746,0.10093007227060136,0.4018946236274614,0.24007498182176013,0.23428006278910235,0.0,0.36246211150373425,0.4633921837743356,0.36705677824434746,0.26996668455489575
c3_w2_tcop_cm0_states_L0.4_kp0_2090_ucp0_0498_s42,cm0,stageC,0.1,0.209,0.1,0.04977134874876729,42,15,0.04977134874876729,0,False,BLOCK_15_PARTIAL_CYCLE,0.402064,-0.004148486077448776,0.031133966347052403,0.10093007227060136,0.4022434897497248,0.24014252885239165,0.23428006278910235,0.0,0.36246211150373425,0.4633921837743356,0.3634219941381248,0.2717286201052118
c3_w2_tcop_cm0_states_L0.4_kp0_2090_ucp0_0498_s137,cm0,stageC,0.1,0.209,0.1,0.04977134874876729,137,0,0.04977134874876729,0,False,PRE_PRIMARY_INCOMPLETE_CYCLE,0.391808,0.0009402238587675715,0.01966505355115123,0.10093007227060136,0.40122828144979766,0.23991079188432324,0.23428006278910235,0.0,0.36246211150373425,0.4633921837743356,0.3763777964008789,0.2738694095374856
c3_w2_tcop_cm0_states_L0.4_kp0_2090_ucp0_0498_s137,cm0,stageC,0.1,0.209,0.1,0.04977134874876729,137,1,0.04977134874876729,1,False,PRE_PRIMARY_INCOMPLETE_CYCLE,0.400704,-0.0029649249465519443,0.001665009991665779,0.10093007227060136,0.4021071375192186,0.24011524363310682,0.23428006278910235,0.0,0.36246211150373425,0.4633921837743356,0.3681664136253972,0.2700959286870159
c3_w2_tcop_cm0_states_L0.4_kp0_2090_ucp0_0498_s137,cm0,stageC,0.1,0.209,0.1,0.04977134874876729,137,2,0.04977134874876729,2,False,PRE_PRIMARY_INCOMPLETE_CYCLE,0.3998400000000001,0.0007012133446271212,0.014245501725207067,0.10093007227060136,0.4020204712535246,0.2400981413120418,0.23428006278910235,0.0,0.36246211150373425,0.4633921837743356,0.3686045144214654,0.2684620094357218
c3_w2_tcop_cm0_states_L0.4_kp0_2090_ucp0_0498_s137,cm0,stageC,0.1,0.209,0.1,0.04977134874876729,137,3,0.04977134874876729,0,True,,0.40211199999999997,0.0013560935606744323,0.01610214311642219,0.10093007227060136,0.40224845709050644,0.2401430249910073,0.23428006278910235,0.0,0.36246211150373425,0.4633921837743356,0.37644006517551964,0.26955921653050224
c3_w2_tcop_cm0_states_L0.4_kp0_2090_ucp0_0498_s137,cm0,stageC,0.1,0.209,0.1,0.04977134874876729,137,4,0.04977134874876729,1,True,,0.400288,0.0010694594751680295,-0.010324659816929588,0.10093007227060136,0.40206659583447907,0.24010434338187361,0.23428006278910235,0.0,0.36246211150373425,0.4633921837743356,0.3778351981375825,0.2710987950876231
c3_w2_tcop_cm0_states_L0.4_kp0_2090_ucp0_0498_s137,cm0,stageC,0.1,0.209,0.1,0.04977134874876729,137,5,0.04977134874876729,2,True,,0.39972799999999997,0.0018966582762137351,0.010880753894218373,0.10093007227060136,0.40201062160918677,0.2400931873630161,0.23428006278910235,0.0,0.36246211150373425,0.4633921837743356,0.3732566563892617,0.2707825525148317
c3_w2_tcop_cm0_states_L0.4_kp0_2090_ucp0_0498_s137,cm0,stageC,0.1,0.209,0.1,0.04977134874876729,137,6,0.04977134874876729,0,True,,0.4009439999999999,0.0020194139818670454,0.0011913442140371886,0.10093007227060136,0.40213247578444655,0.24011687412280036,0.23428006278910235,0.0,0.36246211150373425,0.4633921837743356,0.37824359272522,0.268167186974753
c3_w2_tcop_cm0_states_L0.4_kp0_2090_ucp0_0498_s137,cm0,stageC,0.1,0.209,0.1,0.04977134874876729,137,7,0.04977134874876729,1,True,,0.402032,-6.0588458428068005e-05,0.014081852029531479,0.10093007227060136,0.4022406894538525,0.24014097065591258,0.23428006278910235,0.0,0.36246211150373425,0.4633921837743356,0.3739065319512017,0.2723198136051298
c3_w2_tcop_cm0_states_L0.4_kp0_2090_ucp0_0498_s137,cm0,stageC,0.1,0.209,0.1,0.04977134874876729,137,8,0.04977134874876729,2,True,,0.39977599999999996,5.592619453042291e-05,0.019282496584635635,0.10093007227060136,0.40201561715465567,0.24009360311270797,0.23428006278910235,0.0,0.36246211150373425,0.4633921837743356,0.37467810039925664,0.27551936157895546
c3_w2_tcop_cm0_states_L0.4_kp0_2090_ucp0_0498_s137,cm0,stageC,0.1,0.209,0.1,0.04977134874876729,137,9,0.04977134874876729,0,True,,0.40041599999999994,0.0038906910915373,0.03295818370723855,0.10093007227060136,0.40208114805298034,0.2401028073241635,0.23428006278910235,0.0,0.36246211150373425,0.4633921837743356,0.38453588113874404,0.2768235238002397
c3_w2_tcop_cm0_states_L0.4_kp0_2090_ucp0_0498_s137,cm0,stageC,0.1,0.209,0.1,0.04977134874876729,137,10,0.04977134874876729,1,True,,0.401072,-0.0011713564693711864,0.031444620431222974,0.10093007227060136,0.40214269323477325,0.24012576178364597,0.23428006278910235,0.0,0.36246211150373425,0.4633921837743356,0.36848518752810727,0.2680117625628877
c3_w2_tcop_cm0_states_L0.4_kp0_2090_ucp0_0498_s137,cm0,stageC,0.1,0.209,0.1,0.04977134874876729,137,11,0.04977134874876729,2,True,,0.39923200000000003,-0.00025352953705876655,0.02000728677639429,0.10093007227060136,0.4019604821671488,0.2400838961291806,0.23428006278910235,0.0,0.36246211150373425,0.4633921837743356,0.37380679672376005,0.2719997137530289
c3_w2_tcop_cm0_states_L0.4_kp0_2090_ucp0_0498_s137,cm0,stageC,0.1,0.209,0.1,0.04977134874876729,137,12,0.04977134874876729,0,True,,0.40296,0.0011822406897482032,0.015819593500615483,0.10093007227060136,0.40233420765637534,0.24015832391738484,0.23428006278910235,0.0,0.36246211150373425,0.4633921837743356,0.37423618156452887,0.270468173366119
c3_w2_tcop_cm0_states_L0.4_kp0_2090_ucp0_0498_s137,cm0,stageC,0.1,0.209,0.1,0.04977134874876729,137,13,0.04977134874876729,1,True,,0.39984,0.00028236430297249855,0.00766496091865027,0.10093007227060136,0.402021000227783,0.24009681216624548,0.23428006278910235,0.0,0.36246211150373425,0.4633921837743356,0.3734255888635072,0.26887951025263673
c3_w2_tcop_cm0_states_L0.4_kp0_2090_ucp0_0498_s137,cm0,stageC,0.1,0.209,0.1,0.04977134874876729,137,14,0.04977134874876729,2,True,,0.40159999999999996,0.0021297909684430192,0.018477263792425633,0.10093007227060136,0.40219965876399505,0.24012723227338847,0.23428006278910235,0.0,0.36246211150373425,0.4633921837743356,0.3790830567049284,0.27494243117181005
c3_w2_tcop_cm0_states_L0.4_kp0_2090_ucp0_0498_s137,cm0,stageC,0.1,0.209,0.1,0.04977134874876729,137,15,0.04977134874876729,0,False,BLOCK_15_PARTIAL_CYCLE,0.400576,5.9024329991237965e-05,0.03428778351556596,0.10093007227060136,0.4020948755085777,0.2401113886155026,0.23428006278910235,0.0,0.36246211150373425,0.4633921837743356,0.374678771523015,0.2737060961568333
c3_w2_tcop_cm0_states_L0.4_kp0_2090_ucp0_0498_s256,cm0,stageC,0.1,0.209,0.1,0.04977134874876729,256,0,0.04977134874876729,0,False,PRE_PRIMARY_INCOMPLETE_CYCLE,0.38864,0.0018256890570854398,0.019546975930509445,0.10093007227060136,0.40091025400262104,0.2398488860245753,0.23428006278910235,0.0,0.36246211150373425,0.4633921837743356,0.37962413698873065,0.2776364136428976
c3_w2_tcop_cm0_states_L0.4_kp0_2090_ucp0_0498_s256,cm0,stageC,0.1,0.209,0.1,0.04977134874876729,256,1,0.04977134874876729,1,False,PRE_PRIMARY_INCOMPLETE_CYCLE,0.40236799999999995,-0.0030939463017899695,0.01246214283927498,0.10093007227060136,0.402275288290667,0.2401454135123482,0.23428006278910235,0.0,0.36246211150373425,0.4633921837743356,0.3637519058904639,0.26739422118420725
c3_w2_tcop_cm0_states_L0.4_kp0_2090_ucp0_0498_s256,cm0,stageC,0.1,0.209,0.1,0.04977134874876729,256,2,0.04977134874876729,2,False,PRE_PRIMARY_INCOMPLETE_CYCLE,0.403984,-0.0014790193237370303,0.011842989554601824,0.10093007227060136,0.4024358142200238,0.24018105287921931,0.23428006278910235,0.0,0.36246211150373425,0.4633921837743356,0.37135382850982834,0.27215966737322844
c3_w2_tcop_cm0_states_L0.4_kp0_2090_ucp0_0498_s256,cm0,stageC,0.1,0.209,0.1,0.04977134874876729,256,3,0.04977134874876729,0,True,,0.40435199999999993,-9.393734974471438e-05,0.020089665975660875,0.10093007227060136,0.40247469379906076,0.2401838497879816,0.23428006278910235,0.0,0.36246211150373425,0.4633921837743356,0.37277727350880674,0.27140568639264484
c3_w2_tcop_cm0_states_L0.4_kp0_2090_ucp0_0498_s256,cm0,stageC,0.1,0.209,0.1,0.04977134874876729,256,4,0.04977134874876729,1,True,,0.4008479999999999,0.002427967259999805,0.02414989332409609,0.10093007227060136,0.402123532072293,0.24011371307082113,0.23428006278910235,0.0,0.36246211150373425,0.4633921837743356,0.3791969134087023,0.2713204370894651
c3_w2_tcop_cm0_states_L0.4_kp0_2090_ucp0_0498_s256,cm0,stageC,0.1,0.209,0.1,0.04977134874876729,256,5,0.04977134874876729,2,True,,0.39744,5.985201727896142e-05,-0.004167751135981606,0.10093007227060136,0.4017803241367541,0.24004950869385996,0.23428006278910235,0.0,0.36246211150373425,0.4633921837743356,0.37513857744853996,0.2749512030263857
c3_w2_tcop_cm0_states_L0.4_kp0_2090_ucp0_0498_s256,cm0,stageC,0.1,0.209,0.1,0.04977134874876729,256,6,0.04977134874876729,0,True,,0.399968,-0.0030930141304696106,0.005053293165857428,0.10093007227060136,0.40203278598858905,0.2401018728030102,0.23428006278910235,0.0,0.36246211150373425,0.4633921837743356,0.36128917939994326,0.26875657040984885
c3_w2_tcop_cm0_states_L0.4_kp0_2090_ucp0_0498_s256,cm0,stageC,0.1,0.209,0.1,0.04977134874876729,256,7,0.04977134874876729,1,True,,0.4036,-7.405675485352936e-05,0.023108247338381273,0.10093007227060136,0.4023992347457006,0.24016941243175685,0.23428006278910235,0.0,0.36246211150373425,0.4633921837743356,0.372785822808584,0.27596116175851976
c3_w2_tcop_cm0_states_L0.4_kp0_2090_ucp0_0498_s256,cm0,stageC,0.1,0.209,0.1,0.04977134874876729,256,8,0.04977134874876729,2,True,,0.402496,0.00429286940773924,0.008260721729123914,0.10093007227060136,0.40228869050048244,0.24014634533019452,0.23428006278910235,0.0,0.36246211150373425,0.4633921837743356,0.3799220767963247,0.2705336925062229
c3_w2_tcop_cm0_states_L0.4_kp0_2090_ucp0_0498_s256,cm0,stageC,0.1,0.209,0.1,0.04977134874876729,256,9,0.04977134874876729,0,True,,0.4023840000000001,-0.0014511246014112058,0.03507329857060311,0.10093007227060136,0.40227532718060155,0.24014955858351153,0.23428006278910235,0.0,0.36246211150373425,0.4633921837743356,0.36987730765137444,0.2703626658485376
c3_w2_tcop_cm0_states_L0.4_kp0_2090_ucp0_0498_s256,cm0,stageC,0.1,0.209,0.1,0.04977134874876729,256,10,0.04977134874876729,1,True,,0.40025599999999995,4.087697983195596e-06,0.005372680246878926,0.10093007227060136,0.40206347016078253,0.240103337811528,0.23428006278910235,0.0,0.36246211150373425,0.4633921837743356,0.37176969352029593,0.2674561446552932
c3_w2_tcop_cm0_states_L0.4_kp0_2090_ucp0_0498_s256,cm0,stageC,0.1,0.209,0.1,0.04977134874876729,256,11,0.04977134874876729,2,True,,0.40078400000000003,-0.0013841233757011426,0.007769560964850672,0.10093007227060136,0.402115738460197,0.24011592937302415,0.23428006278910235,0.0,0.36246211150373425,0.4633921837743356,0.36969248958195533,0.27298446331371606
c3_w2_tcop_cm0_states_L0.4_kp0_2090_ucp0_0498_s256,cm0,stageC,0.1,0.209,0.1,0.04977134874876729,256,12,0.04977134874876729,0,True,,0.39995200000000003,-0.0023798009896709078,0.019222987317764176,0.10093007227060136,0.4020319654078248,0.24010019556274284,0.23428006278910235,0.0,0.36246211150373425,0.4633921837743356,0.3665123939005594,0.2737998097064465
c3_w2_tcop_cm0_states_L0.4_kp0_2090_ucp0_0498_s256,cm0,stageC,0.1,0.209,0.1,0.04977134874876729,256,13,0.04977134874876729,1,True,,0.397904,0.0065085989175187675,0.028959453973642045,0.10093007227060136,0.4018293455094479,0.24005283852791298,0.23428006278910235,0.0,0.36246211150373425,0.4633921837743356,0.38858166231894664,0.27538246103489883
c3_w2_tcop_cm0_states_L0.4_kp0_2090_ucp0_0498_s256,cm0,stageC,0.1,0.209,0.1,0.04977134874876729,256,14,0.04977134874876729,2,True,,0.401056,-0.0031394188027920183,0.019701073818859893,0.10093007227060136,0.40214044457204356,0.24012682563923046,0.23428006278910235,0.0,0.36246211150373425,0.4633921837743356,0.36207934060908087,0.2651093304252835
c3_w2_tcop_cm0_states_L0.4_kp0_2090_ucp0_0498_s256,cm0,stageC,0.1,0.209,0.1,0.04977134874876729,256,15,0.04977134874876729,0,False,BLOCK_15_PARTIAL_CYCLE,0.40072,0.00036254494267669887,0.01496170043875126,0.10093007227060136,0.4021100594601204,0.24011285850187092,0.23428006278910235,0.0,0.36246211150373425,0.4633921837743356,0.3689192770253318,0.2720128380038757
c3_w2_tcop_cm0_states_L0.4_kp0_2090_ucp0_0498_s1024,cm0,stageC,0.1,0.209,0.1,0.04977134874876729,1024,0,0.04977134874876729,0,False,PRE_PRIMARY_INCOMPLETE_CYCLE,0.389232,-0.0026786403369270196,0.014127169544242806,0.10093007227060136,0.4009692101871117,0.23986175081071345,0.23428006278910235,0.0,0.36246211150373425,0.4633921837743356,0.3700039520777086,0.27766390815178466
c3_w2_tcop_cm0_states_L0.4_kp0_2090_ucp0_0498_s1024,cm0,stageC,0.1,0.209,0.1,0.04977134874876729,1024,1,0.04977134874876729,1,False,PRE_PRIMARY_INCOMPLETE_CYCLE,0.40059199999999995,-0.00043573731019397116,0.010760206193727317,0.10093007227060136,0.4020959029889525,0.24011349568807352,0.23428006278910235,0.0,0.36246211150373425,0.4633921837743356,0.37089918241922104,0.27486706817388357
c3_w2_tcop_cm0_states_L0.4_kp0_2090_ucp0_0498_s1024,cm0,stageC,0.1,0.209,0.1,0.04977134874876729,1024,2,0.04977134874876729,2,False,PRE_PRIMARY_INCOMPLETE_CYCLE,0.399184,0.00113024528705602,0.029250671744880337,0.10093007227060136,0.40195465043495054,0.24008506244286365,0.23428006278910235,0.0,0.36246211150373425,0.4633921837743356,0.37691571470702995,0.2705582873280335
c3_w2_tcop_cm0_states_L0.4_kp0_2090_ucp0_0498_s1024,cm0,stageC,0.1,0.209,0.1,0.04977134874876729,1024,3,0.04977134874876729,0,True,,0.40044799999999997,0.001127647595415451,0.016745705062095217,0.10093007227060136,0.4020819439828018,0.24010928320296576,0.23428006278910235,0.0,0.36246211150373425,0.4633921837743356,0.3764087152123802,0.27128240979597795
c3_w2_tcop_cm0_states_L0.4_kp0_2090_ucp0_0498_s1024,cm0,stageC,0.1,0.209,0.1,0.04977134874876729,1024,4,0.04977134874876729,1,True,,0.4028,0.001691333094188437,0.01217105808612599,0.10093007227060136,0.402318931246387,0.24015292597161197,0.23428006278910235,0.0,0.36246211150373425,0.4633921837743356,0.37493811473862343,0.2660620541031909
c3_w2_tcop_cm0_states_L0.4_kp0_2090_ucp0_0498_s1024,cm0,stageC,0.1,0.209,0.1,0.04977134874876729,1024,5,0.04977134874876729,2,True,,0.40159999999999996,-0.00106904160133464,0.0076210926499577555,0.10093007227060136,0.4021959778763181,0.24013559298073678,0.23428006278910235,0.0,0.36246211150373425,0.4633921837743356,0.37160512012254954,0.2734664039312382
c3_w2_tcop_cm0_states_L0.4_kp0_2090_ucp0_0498_s1024,cm0,stageC,0.1,0.209,0.1,0.04977134874876729,1024,6,0.04977134874876729,0,True,,0.40614399999999995,-0.003098893721578412,0.015400505739981127,0.10093007227060136,0.4026537978622821,0.24022053458688655,0.23428006278910235,0.0,0.36246211150373425,0.4633921837743356,0.36405942806476915,0.26667649683754846
c3_w2_tcop_cm0_states_L0.4_kp0_2090_ucp0_0498_s1024,cm0,stageC,0.1,0.209,0.1,0.04977134874876729,1024,7,0.04977134874876729,1,True,,0.39742400000000005,0.002191793240071048,0.039279244150312,0.10093007227060136,0.40177825269908807,0.24005016304077906,0.23428006278910235,0.0,0.36246211150373425,0.4633921837743356,0.376864897064753,0.2685423574827255
c3_w2_tcop_cm0_states_L0.4_kp0_2090_ucp0_0498_s1024,cm0,stageC,0.1,0.209,0.1,0.04977134874876729,1024,8,0.04977134874876729,2,True,,0.398672,-0.000267166795887218,0.026918622391626464,0.10093007227060136,0.40190513440082465,0.24007087750000244,0.23428006278910235,0.0,0.36246211150373425,0.4633921837743356,0.37581331877242535,0.2740227372571664
c3_w2_tcop_cm0_states_L0.4_kp0_2090_ucp0_0498_s1024,cm0,stageC,0.1,0.209,0.1,0.04977134874876729,1024,9,0.04977134874876729,0,True,,0.402352,-0.0023396879487500894,0.016703583312257998,0.10093007227060136,0.4022726604670933,0.2401473880349883,0.23428006278910235,0.0,0.36246211150373425,0.4633921837743356,0.3688022678001226,0.27040322116563187
c3_w2_tcop_cm0_states_L0.4_kp0_2090_ucp0_0498_s1024,cm0,stageC,0.1,0.209,0.1,0.04977134874876729,1024,10,0.04977134874876729,1,True,,0.40084800000000004,0.0013307849677550282,0.007662898023320618,0.10093007227060136,0.4021222663965023,0.24011685628980486,0.23428006278910235,0.0,0.36246211150373425,0.4633921837743356,0.37388061555346175,0.27185889485860854
c3_w2_tcop_cm0_states_L0.4_kp0_2090_ucp0_0498_s1024,cm0,stageC,0.1,0.209,0.1,0.04977134874876729,1024,11,0.04977134874876729,2,True,,0.399776,8.163457592012806e-05,0.024499902362531047,0.10093007227060136,0.4020149891348146,0.24009467860807773,0.23428006278910235,0.0,0.36246211150373425,0.4633921837743356,0.3751187295117503,0.27393394519119085
c3_w2_tcop_cm0_states_L0.4_kp0_2090_ucp0_0498_s1024,cm0,stageC,0.1,0.209,0.1,0.04977134874876729,1024,12,0.04977134874876729,0,True,,0.39977599999999996,-0.0009635874513663007,-0.00042552671875301085,0.10093007227060136,0.4020137458362123,0.24009777700346324,0.23428006278910235,0.0,0.36246211150373425,0.4633921837743356,0.3697377592799034,0.26858924879727514
c3_w2_tcop_cm0_states_L0.4_kp0_2090_ucp0_0498_s1024,cm0,stageC,0.1,0.209,0.1,0.04977134874876729,1024,13,0.04977134874876729,1,True,,0.40238399999999996,-0.0009757312509621496,-0.011942674569026175,0.10093007227060136,0.402276905333295,0.24014597060608395,0.23428006278910235,0.0,0.36246211150373425,0.4633921837743356,0.36843994626561744,0.27174428224764113
c3_w2_tcop_cm0_states_L0.4_kp0_2090_ucp0_0498_s1024,cm0,stageC,0.1,0.209,0.1,0.04977134874876729,1024,14,0.04977134874876729,2,True,,0.403968,-0.00019766571079261587,0.012702204245902227,0.10093007227060136,0.40243538377829596,0.2401782198983059,0.23428006278910235,0.0,0.36246211150373425,0.4633921837743356,0.37170299870432033,0.27289303002688725
c3_w2_tcop_cm0_states_L0.4_kp0_2090_ucp0_0498_s1024,cm0,stageC,0.1,0.209,0.1,0.04977134874876729,1024,15,0.04977134874876729,0,False,BLOCK_15_PARTIAL_CYCLE,0.40035200000000004,0.000999661637277498,0.012938864409990137,0.10093007227060136,0.40207222903488044,0.24010763586727815,0.23428006278910235,0.0,0.36246211150373425,0.4633921837743356,0.3745492357130267,0.27137945884070613
c3_w2_tcop_cm0_states_L0.4_kp0_2090_ucp0_0498_s31415,cm0,stageC,0.1,0.209,0.1,0.04977134874876729,31415,0,0.04977134874876729,0,False,PRE_PRIMARY_INCOMPLETE_CYCLE,0.3836319999999999,-0.0034692367478591658,0.03190751414764379,0.10093007227060136,0.40040543390156275,0.23975576368063367,0.23428006278910235,0.0,0.36246211150373425,0.4633921837743356,0.3642684351783727,0.2759210642772185
c3_w2_tcop_cm0_states_L0.4_kp0_2090_ucp0_0498_s31415,cm0,stageC,0.1,0.209,0.1,0.04977134874876729,31415,1,0.04977134874876729,1,False,PRE_PRIMARY_INCOMPLETE_CYCLE,0.398064,0.0008929335300153867,0.025818902627135196,0.10093007227060136,0.4018426394930019,0.2400625207994135,0.23428006278910235,0.0,0.36246211150373425,0.4633921837743356,0.3764050177978073,0.27467687872282837
c3_w2_tcop_cm0_states_L0.4_kp0_2090_ucp0_0498_s31415,cm0,stageC,0.1,0.209,0.1,0.04977134874876729,31415,2,0.04977134874876729,2,False,PRE_PRIMARY_INCOMPLETE_CYCLE,0.40217600000000003,0.0011422094600704955,0.0053146954239271915,0.10093007227060136,0.40225551377686375,0.24014252633392869,0.23428006278910235,0.0,0.36246211150373425,0.4633921837743356,0.37979624102023846,0.2714758295955141
c3_w2_tcop_cm0_states_L0.4_kp0_2090_ucp0_0498_s31415,cm0,stageC,0.1,0.209,0.1,0.04977134874876729,31415,3,0.04977134874876729,0,True,,0.399632,-0.0017866785270128558,0.01735233758680779,0.10093007227060136,0.4019998013584807,0.24009363045218535,0.23428006278910235,0.0,0.36246211150373425,0.4633921837743356,0.3687402961819594,0.27025567974340364
c3_w2_tcop_cm0_states_L0.4_kp0_2090_ucp0_0498_s31415,cm0,stageC,0.1,0.209,0.1,0.04977134874876729,31415,4,0.04977134874876729,1,True,,0.40038399999999996,-7.716319976453081e-05,-0.001605699409806035,0.10093007227060136,0.40207640887934853,0.24010592173761874,0.23428006278910235,0.0,0.36246211150373425,0.4633921837743356,0.36838551511752626,0.2683598542061182
c3_w2_tcop_cm0_states_L0.4_kp0_2090_ucp0_0498_s31415,cm0,stageC,0.1,0.209,0.1,0.04977134874876729,31415,5,0.04977134874876729,2,True,,0.39887999999999996,0.0019929704664446374,0.02477917892709369,0.10093007227060136,0.40192677841991686,0.24007358709972945,0.23428006278910235,0.0,0.36246211150373425,0.4633921837743356,0.3784010568228085,0.2743161205508915
c3_w2_tcop_cm0_states_L0.4_kp0_2090_ucp0_0498_s31415,cm0,stageC,0.1,0.209,0.1,0.04977134874876729,31415,6,0.04977134874876729,0,True,,0.399952,0.0007234412082044176,0.006466902186504842,0.10093007227060136,0.40203360764452734,0.24009592617530057,0.23428006278910235,0.0,0.36246211150373425,0.4633921837743356,0.37514199167771145,0.2711481307677852
c3_w2_tcop_cm0_states_L0.4_kp0_2090_ucp0_0498_s31415,cm0,stageC,0.1,0.209,0.1,0.04977134874876729,31415,7,0.04977134874876729,1,True,,0.40052800000000005,-0.0026444193276523266,0.010210825400551076,0.10093007227060136,0.40208965977740035,0.2401114260058163,0.23428006278910235,0.0,0.36246211150373425,0.4633921837743356,0.3686425539507551,0.27067972288232406
c3_w2_tcop_cm0_states_L0.4_kp0_2090_ucp0_0498_s31415,cm0,stageC,0.1,0.209,0.1,0.04977134874876729,31415,8,0.04977134874876729,2,True,,0.399184,0.0026355715889116354,0.020093073905413917,0.10093007227060136,0.4019565918717481,0.2400809092243766,0.23428006278910235,0.0,0.36246211150373425,0.4633921837743356,0.37575167414029226,0.27304033306193337
c3_w2_tcop_cm0_states_L0.4_kp0_2090_ucp0_0498_s31415,cm0,stageC,0.1,0.209,0.1,0.04977134874876729,31415,9,0.04977134874876729,0,True,,0.398544,-0.0016379265781878939,0.006586298642742092,0.10093007227060136,0.40189054947488906,0.2400724983716328,0.23428006278910235,0.0,0.36246211150373425,0.4633921837743356,0.37013759500978166,0.2733007599175503
c3_w2_tcop_cm0_states_L0.4_kp0_2090_ucp0_0498_s31415,cm0,stageC,0.1,0.209,0.1,0.04977134874876729,31415,10,0.04977134874876729,1,True,,0.402832,0.0015734036467107174,0.026025260916696154,0.10093007227060136,0.4023224833766214,0.24015267834433332,0.23428006278910235,0.0,0.36246211150373425,0.4633921837743356,0.3795963262550025,0.272550915734288
c3_w2_tcop_cm0_states_L0.4_kp0_2090_ucp0_0498_s31415,cm0,stageC,0.1,0.209,0.1,0.04977134874876729,31415,11,0.04977134874876729,2,True,,0.39894399999999997,0.0045128867804164665,0.013449002688853875,0.10093007227060136,0.40193123747822607,0.24007930741917333,0.23428006278910235,0.0,0.36246211150373425,0.4633921837743356,0.3840628414267052,0.2772576923632446
c3_w2_tcop_cm0_states_L0.4_kp0_2090_ucp0_0498_s31415,cm0,stageC,0.1,0.209,0.1,0.04977134874876729,31415,12,0.04977134874876729,0,True,,0.400736,-0.003490438678954869,0.02272665817210433,0.10093007227060136,0.40211033827841197,0.24011611675040564,0.23428006278910235,0.0,0.36246211150373425,0.4633921837743356,0.36713370933283246,0.2714230618501915
c3_w2_tcop_cm0_states_L0.4_kp0_2090_ucp0_0498_s31415,cm0,stageC,0.1,0.209,0.1,0.04977134874876729,31415,13,0.04977134874876729,1,True,,0.40256000000000003,-0.0047454222074268994,0.0015396061361843175,0.10093007227060136,0.40229244884991133,0.2401542943177573,0.23428006278910235,0.0,0.36246211150373425,0.4633921837743356,0.360425697175258,0.2690748185076925
c3_w2_tcop_cm0_states_L0.4_kp0_2090_ucp0_0498_s31415,cm0,stageC,0.1,0.209,0.1,0.04977134874876729,31415,14,0.04977134874876729,2,True,,0.39846400000000004,0.0011501665002739375,0.017380796720775245,0.10093007227060136,0.4018841865234702,0.24006738522355006,0.23428006278910235,0.0,0.36246211150373425,0.4633921837743356,0.3709168722084201,0.2721667622257413
c3_w2_tcop_cm0_states_L0.4_kp0_2090_ucp0_0498_s31415,cm0,stageC,0.1,0.209,0.1,0.04977134874876729,31415,15,0.04977134874876729,0,False,BLOCK_15_PARTIAL_CYCLE,0.40452799999999994,-0.001544246936381725,0.007027299567071064,0.10093007227060136,0.40249116812439195,0.24018979425082052,0.23428006278910235,0.0,0.36246211150373425,0.4633921837743356,0.37260582964258854,0.271836894402494
c3_w2_tcop_cm0_states_L0.4_kp0_2090_ucp0_1234_s42,cm0,stageC,0.1,0.209,0.25,0.12339551870278656,42,0,0.12339551870278656,0,False,PRE_PRIMARY_INCOMPLETE_CYCLE,0.39719999999999994,0.0003727004283045609,0.02207845008926836,0.10209909391676597,0.4195607389563254,0.24318668752729572,0.23834081055489553,0.0,0.3796416321152653,0.4817407260320313,0.3752566885298448,0.2715294611471026
c3_w2_tcop_cm0_states_L0.4_kp0_2090_ucp0_1234_s42,cm0,stageC,0.1,0.209,0.25,0.12339551870278656,42,1,0.12339551870278656,1,False,PRE_PRIMARY_INCOMPLETE_CYCLE,0.41126399999999996,-0.003052382678662335,0.0012589191969197089,0.10209909391676597,0.4209794706356928,0.2434465367055245,0.23834081055489553,0.0,0.3796416321152653,0.4817407260320313,0.3639001639903449,0.264890694746691
c3_w2_tcop_cm0_states_L0.4_kp0_2090_ucp0_1234_s42,cm0,stageC,0.1,0.209,0.25,0.12339551870278656,42,2,0.12339551870278656,2,False,PRE_PRIMARY_INCOMPLETE_CYCLE,0.4102879999999999,-0.000332661101387269,0.011382295905294257,0.10209909391676597,0.420882580703877,0.24342339098256793,0.23834081055489553,0.0,0.3796416321152653,0.4817407260320313,0.3768210927543327,0.27464372381428137
c3_w2_tcop_cm0_states_L0.4_kp0_2090_ucp0_1234_s42,cm0,stageC,0.1,0.209,0.25,0.12339551870278656,42,3,0.12339551870278656,0,True,,0.41377600000000003,-0.0015852723509806612,-0.001920843336194895,0.10209909391676597,0.42123631433180936,0.24348314689157943,0.23834081055489553,0.0,0.3796416321152653,0.4817407260320313,0.36858357132207337,0.2630441200627333
c3_w2_tcop_cm0_states_L0.4_kp0_2090_ucp0_1234_s42,cm0,stageC,0.1,0.209,0.25,0.12339551870278656,42,4,0.12339551870278656,1,True,,0.412224,0.00311173807294665,0.0058048469911957,0.10209909391676597,0.42107893309066097,0.2434571001606307,0.23834081055489553,0.0,0.3796416321152653,0.4817407260320313,0.37924285976957584,0.2728684725427031
c3_w2_tcop_cm0_states_L0.4_kp0_2090_ucp0_1234_s42,cm0,stageC,0.1,0.209,0.25,0.12339551870278656,42,5,0.12339551870278656,2,True,,0.415776,-0.0006698817827568663,0.013016016032198124,0.10209909391676597,0.4214396386000551,0.2435160927586496,0.23834081055489553,0.0,0.3796416321152653,0.4817407260320313,0.36665136351279703,0.26419730192373575
c3_w2_tcop_cm0_states_L0.4_kp0_2090_ucp0_1234_s42,cm0,stageC,0.1,0.209,0.25,0.12339551870278656,42,6,0.12339551870278656,0,True,,0.410336,-0.0011227954070166628,0.007402855279430458,0.10209909391676597,0.42088590004490023,0.2434293094782669,0.23834081055489553,0.0,0.3796416321152653,0.4817407260320313,0.3717317371662351,0.2700428189311543
c3_w2_tcop_cm0_states_L0.4_kp0_2090_ucp0_1234_s42,cm0,stageC,0.1,0.209,0.25,0.12339551870278656,42,7,0.12339551870278656,1,True,,0.41257600000000005,-0.00031191546152047457,0.015280654166685777,0.10209909391676597,0.4211145915305707,0.2434628427668608,0.23834081055489553,0.0,0.3796416321152653,0.4817407260320313,0.36940620367969823,0.2700712684657401
c3_w2_tcop_cm0_states_L0.4_kp0_2090_ucp0_1234_s42,cm0,stageC,0.1,0.209,0.25,0.12339551870278656,42,8,0.12339551870278656,2,True,,0.41023999999999994,-0.00041751336453909596,0.021584790392802113,0.10209909391676597,0.4208763677887182,0.24342693039447308,0.23834081055489553,0.0,0.3796416321152653,0.4817407260320313,0.3708157475692992,0.2692146471305894
c3_w2_tcop_cm0_states_L0.4_kp0_2090_ucp0_1234_s42,cm0,stageC,0.1,0.209,0.25,0.12339551870278656,42,9,0.12339551870278656,0,True,,0.41342399999999996,-0.00017839525946287016,0.03528169746484343,0.10209909391676597,0.4212003950144989,0.24347796823549508,0.23834081055489553,0.0,0.3796416321152653,0.4817407260320313,0.3738784092489192,0.2698750053119181
c3_w2_tcop_cm0_states_L0.4_kp0_2090_ucp0_1234_s42,cm0,stageC,0.1,0.209,0.25,0.12339551870278656,42,10,0.12339551870278656,1,True,,0.41120000000000007,0.0005501612284848748,0.008380977130977131,0.10209909391676597,0.4209748386719469,0.2434403405288134,0.23834081055489553,0.0,0.3796416321152653,0.4817407260320313,0.37224644643312993,0.26784569632559063
c3_w2_tcop_cm0_states_L0.4_kp0_2090_ucp0_1234_s42,cm0,stageC,0.1,0.209,0.25,0.12339551870278656,42,11,0.12339551870278656,2,True,,0.409248,0.001291897075172203,-0.00016640177536927353,0.10209909391676597,0.4207760753160542,0.24340917894524464,0.23834081055489553,0.0,0.3796416321152653,0.4817407260320313,0.3776440298975901,0.27240069612789364
c3_w2_tcop_cm0_states_L0.4_kp0_2090_ucp0_1234_s42,cm0,stageC,0.1,0.209,0.25,0.12339551870278656,42,12,0.12339551870278656,0,True,,0.415344,0.00010860139467792824,0.013099440146555025,0.10209909391676597,0.42139812779486957,0.2435018801605254,0.23834081055489553,0.0,0.3796416321152653,0.4817407260320313,0.3692836155663688,0.27171254991315086
c3_w2_tcop_cm0_states_L0.4_kp0_2090_ucp0_1234_s42,cm0,stageC,0.1,0.209,0.25,0.12339551870278656,42,13,0.12339551870278656,1,True,,0.41272,-0.005468377240128098,-0.0029855676999408515,0.10209909391676597,0.42112852675044293,0.24346710623272727,0.23834081055489553,0.0,0.3796416321152653,0.4817407260320313,0.3589098442807991,0.26473413362904147
c3_w2_tcop_cm0_states_L0.4_kp0_2090_ucp0_1234_s42,cm0,stageC,0.1,0.209,0.25,0.12339551870278656,42,14,0.12339551870278656,2,True,,0.40974400000000005,-0.0001790208969067212,0.023462532482461097,0.10209909391676597,0.420825457470741,0.24341989021059948,0.23834081055489553,0.0,0.3796416321152653,0.4817407260320313,0.367129360735975,0.2660640666660495
c3_w2_tcop_cm0_states_L0.4_kp0_2090_ucp0_1234_s42,cm0,stageC,0.1,0.209,0.25,0.12339551870278656,42,15,0.12339551870278656,0,False,BLOCK_15_PARTIAL_CYCLE,0.41307199999999994,-0.0047194775197051154,0.02865478086371568,0.10209909391676597,0.4211641288659791,0.24347395955422496,0.23834081055489553,0.0,0.3796416321152653,0.4817407260320313,0.36060012244902856,0.2689305861490929
c3_w2_tcop_cm0_states_L0.4_kp0_2090_ucp0_1234_s137,cm0,stageC,0.1,0.209,0.25,0.12339551870278656,137,0,0.12339551870278656,0,False,PRE_PRIMARY_INCOMPLETE_CYCLE,0.403184,2.0560141697973624e-06,0.015223957453111272,0.10209909391676597,0.42017084926269266,0.24327939797663917,0.23834081055489553,0.0,0.3796416321152653,0.4817407260320313,0.37435584175966446,0.2714309624610689
c3_w2_tcop_cm0_states_L0.4_kp0_2090_ucp0_1234_s137,cm0,stageC,0.1,0.209,0.25,0.12339551870278656,137,1,0.12339551870278656,1,False,PRE_PRIMARY_INCOMPLETE_CYCLE,0.411152,-0.0033891182755474685,-0.0016474159179242173,0.10209909391676597,0.42096897628147023,0.24344202424578384,0.23834081055489553,0.0,0.3796416321152653,0.4817407260320313,0.3663561256530185,0.2661933379178625
c3_w2_tcop_cm0_states_L0.4_kp0_2090_ucp0_1234_s137,cm0,stageC,0.1,0.209,0.25,0.12339551870278656,137,2,0.12339551870278656,2,False,PRE_PRIMARY_INCOMPLETE_CYCLE,0.4112159999999999,0.00038658612421475845,0.013153507736842034,0.10209909391676597,0.4209755235910369,0.24344288839293876,0.23834081055489553,0.0,0.3796416321152653,0.4817407260320313,0.3685003559938595,0.26590912897043234
c3_w2_tcop_cm0_states_L0.4_kp0_2090_ucp0_1234_s137,cm0,stageC,0.1,0.209,0.25,0.12339551870278656,137,3,0.12339551870278656,0,True,,0.41371199999999997,-8.176469753378156e-06,0.011092730867521463,0.10209909391676597,0.42122928953596517,0.24348397965542173,0.23834081055489553,0.0,0.3796416321152653,0.4817407260320313,0.3726206838161781,0.2670764531754357
c3_w2_tcop_cm0_states_L0.4_kp0_2090_ucp0_1234_s137,cm0,stageC,0.1,0.209,0.25,0.12339551870278656,137,4,0.12339551870278656,1,True,,0.411872,0.0011096532596994542,-0.00913347512468952,0.10209909391676597,0.4210435248540371,0.24344990213021808,0.23834081055489553,0.0,0.3796416321152653,0.4817407260320313,0.3778685266027593,0.2692589914247591
c3_w2_tcop_cm0_states_L0.4_kp0_2090_ucp0_1234_s137,cm0,stageC,0.1,0.209,0.25,0.12339551870278656,137,5,0.12339551870278656,2,True,,0.41134400000000004,0.002852710535044654,0.014082745258755799,0.10209909391676597,0.4209903421734905,0.24344009959463306,0.23834081055489553,0.0,0.3796416321152653,0.4817407260320313,0.3761273810584831,0.26761733329636533
c3_w2_tcop_cm0_states_L0.4_kp0_2090_ucp0_1234_s137,cm0,stageC,0.1,0.209,0.25,0.12339551870278656,137,6,0.12339551870278656,0,True,,0.412208,0.0014091813953525723,0.003709497085529526,0.10209909391676597,0.4210774874987812,0.24345561145433697,0.23834081055489553,0.0,0.3796416321152653,0.4817407260320313,0.3750776788248577,0.26402466467086433
c3_w2_tcop_cm0_states_L0.4_kp0_2090_ucp0_1234_s137,cm0,stageC,0.1,0.209,0.25,0.12339551870278656,137,7,0.12339551870278656,1,True,,0.41260800000000003,-0.0008890804634620793,0.009532819027775398,0.10209909391676597,0.4211169314030202,0.24346644450033164,0.23834081055489553,0.0,0.3796416321152653,0.4817407260320313,0.37032625200913766,0.26921999937342617
c3_w2_tcop_cm0_states_L0.4_kp0_2090_ucp0_1234_s137,cm0,stageC,0.1,0.209,0.25,0.12339551870278656,137,8,0.12339551870278656,2,True,,0.41052800000000006,-4.393960330537624e-05,0.017481461013978624,0.10209909391676597,0.42090685263988153,0.24342831579204202,0.23834081055489553,0.0,0.3796416321152653,0.4817407260320313,0.3733228526325048,0.27179614723455947
c3_w2_tcop_cm0_states_L0.4_kp0_2090_ucp0_1234_s137,cm0,stageC,0.1,0.209,0.25,0.12339551870278656,137,9,0.12339551870278656,0,True,,0.41137599999999996,0.00395405708497092,0.035626101911403314,0.10209909391676597,0.4209945383338029,0.2434371446897236,0.23834081055489553,0.0,0.3796416321152653,0.4817407260320313,0.38543779070334344,0.2739055608322817
c3_w2_tcop_cm0_states_L0.4_kp0_2090_ucp0_1234_s137,cm0,stageC,0.1,0.209,0.25,0.12339551870278656,137,10,0.12339551870278656,1,True,,0.41190400000000005,-0.0019161215707825486,0.024209960601970153,0.10209909391676597,0.4210440772593584,0.24345843372360143,0.23834081055489553,0.0,0.3796416321152653,0.4817407260320313,0.3665879470133288,0.2667988673260736
c3_w2_tcop_cm0_states_L0.4_kp0_2090_ucp0_1234_s137,cm0,stageC,0.1,0.209,0.25,0.12339551870278656,137,11,0.12339551870278656,2,True,,0.41152,-0.0004703730757082551,0.023112266565339355,0.10209909391676597,0.421007782414204,0.2434438696309089,0.23834081055489553,0.0,0.3796416321152653,0.4817407260320313,0.37414333122470017,0.2685383821626441
c3_w2_tcop_cm0_states_L0.4_kp0_2090_ucp0_1234_s137,cm0,stageC,0.1,0.209,0.25,0.12339551870278656,137,12,0.12339551870278656,0,True,,0.4144,-0.00018552062309754925,0.018338223526273675,0.10209909391676597,0.42129961834793,0.2434942509567665,0.23834081055489553,0.0,0.3796416321152653,0.4817407260320313,0.3705216394593407,0.26658354978185483
c3_w2_tcop_cm0_states_L0.4_kp0_2090_ucp0_1234_s137,cm0,stageC,0.1,0.209,0.25,0.12339551870278656,137,13,0.12339551870278656,1,True,,0.41076799999999997,0.0005377954682292146,0.006396857182252292,0.10209909391676597,0.4209308254011685,0.24343290534425066,0.23834081055489553,0.0,0.3796416321152653,0.4817407260320313,0.373029271672916,0.2660768123007315
c3_w2_tcop_cm0_states_L0.4_kp0_2090_ucp0_1234_s137,cm0,stageC,0.1,0.209,0.25,0.12339551870278656,137,14,0.12339551870278656,2,True,,0.41296,0.002298385764745459,0.015773460239281657,0.10209909391676597,0.421155596556334,0.24346345690854296,0.23834081055489553,0.0,0.3796416321152653,0.4817407260320313,0.37855896008903317,0.2714461514437343
c3_w2_tcop_cm0_states_L0.4_kp0_2090_ucp0_1234_s137,cm0,stageC,0.1,0.209,0.25,0.12339551870278656,137,15,0.12339551870278656,0,False,BLOCK_15_PARTIAL_CYCLE,0.41129600000000005,0.00027560564600269296,0.03797540327242086,0.10209909391676597,0.4209842608736167,0.24344246394765318,0.23834081055489553,0.0,0.3796416321152653,0.4817407260320313,0.3750897243649748,0.2718680333170166
c3_w2_tcop_cm0_states_L0.4_kp0_2090_ucp0_1234_s256,cm0,stageC,0.1,0.209,0.25,0.12339551870278656,256,0,0.12339551870278656,0,False,PRE_PRIMARY_INCOMPLETE_CYCLE,0.399616,0.0017197825079918,0.018368829942768727,0.10209909391676597,0.41980794412104,0.24322197800268539,0.23834081055489553,0.0,0.3796416321152653,0.4817407260320313,0.37898203537378694,0.27714310439734374
c3_w2_tcop_cm0_states_L0.4_kp0_2090_ucp0_1234_s256,cm0,stageC,0.1,0.209,0.25,0.12339551870278656,256,1,0.12339551870278656,1,False,PRE_PRIMARY_INCOMPLETE_CYCLE,0.41385599999999995,-0.003537792599577471,0.013932776172006929,0.10209909391676597,0.4212450462597829,0.24348276357175197,0.23834081055489553,0.0,0.3796416321152653,0.4817407260320313,0.3622004146404029,0.26437579673965983
c3_w2_tcop_cm0_states_L0.4_kp0_2090_ucp0_1234_s256,cm0,stageC,0.1,0.209,0.25,0.12339551870278656,256,2,0.12339551870278656,2,False,PRE_PRIMARY_INCOMPLETE_CYCLE,0.414208,-0.00182494428481706,0.016309427354341478,0.10209909391676597,0.42127951976646066,0.24349277333390212,0.23834081055489553,0.0,0.3796416321152653,0.4817407260320313,0.3708260510451775,0.2704452265962665
c3_w2_tcop_cm0_states_L0.4_kp0_2090_ucp0_1234_s256,cm0,stageC,0.1,0.209,0.25,0.12339551870278656,256,3,0.12339551870278656,0,True,,0.41540800000000005,-0.0006506304069445923,0.015014727043703638,0.10209909391676597,0.42140333064279045,0.2435069275244152,0.23834081055489553,0.0,0.3796416321152653,0.4817407260320313,0.37171406378129035,0.26902892637020476
c3_w2_tcop_cm0_states_L0.4_kp0_2090_ucp0_1234_s256,cm0,stageC,0.1,0.209,0.25,0.12339551870278656,256,4,0.12339551870278656,1,True,,0.41153599999999996,0.002869200858723743,0.031707275435115534,0.10209909391676597,0.4210102189406668,0.2434419813672034,0.23834081055489553,0.0,0.3796416321152653,0.4817407260320313,0.3787838763560737,0.27063514276718637
c3_w2_tcop_cm0_states_L0.4_kp0_2090_ucp0_1234_s256,cm0,stageC,0.1,0.209,0.25,0.12339551870278656,256,5,0.12339551870278656,2,True,,0.40856000000000003,0.0001483268802259003,-0.007724436375598652,0.10209909391676597,0.42070611678606956,0.24339772575065657,0.23834081055489553,0.0,0.3796416321152653,0.4817407260320313,0.375316816453243,0.27188105113696215
c3_w2_tcop_cm0_states_L0.4_kp0_2090_ucp0_1234_s256,cm0,stageC,0.1,0.209,0.25,0.12339551870278656,256,6,0.12339551870278656,0,True,,0.410752,-0.0036106351166830582,0.008848864651564483,0.10209909391676597,0.420928080802566,0.2434360692399629,0.23834081055489553,0.0,0.3796416321152653,0.4817407260320313,0.3613134886705669,0.2668338736745089
c3_w2_tcop_cm0_states_L0.4_kp0_2090_ucp0_1234_s256,cm0,stageC,0.1,0.209,0.25,0.12339551870278656,256,7,0.12339551870278656,1,True,,0.41416000000000003,-0.00125735268653724,0.018622936937143456,0.10209909391676597,0.4212761257148441,0.243487956309513,0.23834081055489553,0.0,0.3796416321152653,0.4817407260320313,0.371126340144564,0.27268212166843375
c3_w2_tcop_cm0_states_L0.4_kp0_2090_ucp0_1234_s256,cm0,stageC,0.1,0.209,0.25,0.12339551870278656,256,8,0.12339551870278656,2,True,,0.4132,0.0032252167746764965,0.005876857749469217,0.10209909391676597,0.42117869086355264,0.2434707118418331,0.23834081055489553,0.0,0.3796416321152653,0.4817407260320313,0.3792575281019188,0.2675587720200096
c3_w2_tcop_cm0_states_L0.4_kp0_2090_ucp0_1234_s256,cm0,stageC,0.1,0.209,0.25,0.12339551870278656,256,9,0.12339551870278656,0,True,,0.41416,-0.0019097301560786666,0.036594325818959855,0.10209909391676597,0.4212749028992856,0.2434912625431701,0.23834081055489553,0.0,0.3796416321152653,0.4817407260320313,0.36919641253080654,0.2671672725131627
c3_w2_tcop_cm0_states_L0.4_kp0_2090_ucp0_1234_s256,cm0,stageC,0.1,0.209,0.25,0.12339551870278656,256,10,0.12339551870278656,1,True,,0.412112,-0.0012332762968647478,0.006244447054654922,0.10209909391676597,0.4210676754296689,0.24345422218232893,0.23834081055489553,0.0,0.3796416321152653,0.4817407260320313,0.36923117267375694,0.2643265573198693
c3_w2_tcop_cm0_states_L0.4_kp0_2090_ucp0_1234_s256,cm0,stageC,0.1,0.209,0.25,0.12339551870278656,256,11,0.12339551870278656,2,True,,0.411936,-0.001715210487830703,0.007293530490601143,0.10209909391676597,0.4210491740384204,0.2434537470952579,0.23834081055489553,0.0,0.3796416321152653,0.4817407260320313,0.3679029676316917,0.26850306083904896
c3_w2_tcop_cm0_states_L0.4_kp0_2090_ucp0_1234_s256,cm0,stageC,0.1,0.209,0.25,0.12339551870278656,256,12,0.12339551870278656,0,True,,0.411072,-0.003084073690543586,0.022171419576074276,0.10209909391676597,0.4209610690749641,0.24344057604525826,0.23834081055489553,0.0,0.3796416321152653,0.4817407260320313,0.36475504935618114,0.2727909916268067
c3_w2_tcop_cm0_states_L0.4_kp0_2090_ucp0_1234_s256,cm0,stageC,0.1,0.209,0.25,0.12339551870278656,256,13,0.12339551870278656,1,True,,0.409696,0.005015014178541868,0.02717092070107935,0.10209909391676597,0.42082326668135517,0.24341121150537218,0.23834081055489553,0.0,0.3796416321152653,0.4817407260320313,0.38491911255571387,0.271184357181064
c3_w2_tcop_cm0_states_L0.4_kp0_2090_ucp0_1234_s256,cm0,stageC,0.1,0.209,0.25,0.12339551870278656,256,14,0.12339551870278656,2,True,,0.41220799999999996,-0.004163210141162387,0.02437175447448354,0.10209909391676597,0.4210748300676701,0.2434637512917485,0.23834081055489553,0.0,0.3796416321152653,0.4817407260320313,0.3603295988949134,0.2621026244217122
c3_w2_tcop_cm0_states_L0.4_kp0_2090_ucp0_1234_s256,cm0,stageC,0.1,0.209,0.25,0.12339551870278656,256,15,0.12339551870278656,0,False,BLOCK_15_PARTIAL_CYCLE,0.41169599999999995,0.00017517223169638115,0.010534330976095787,0.10209909391676597,0.4210254049304705,0.24344799015072663,0.23834081055489553,0.0,0.3796416321152653,0.4817407260320313,0.3687526832917982,0.26904804211657335
c3_w2_tcop_cm0_states_L0.4_kp0_2090_ucp0_1234_s1024,cm0,stageC,0.1,0.209,0.25,0.12339551870278656,1024,0,0.12339551870278656,0,False,PRE_PRIMARY_INCOMPLETE_CYCLE,0.400432,-0.0032927510925927876,0.014452586059008395,0.10209909391676597,0.41989051401387284,0.24323649739968253,0.23834081055489553,0.0,0.3796416321152653,0.4817407260320313,0.3677492272551838,0.27355768963860333
c3_w2_tcop_cm0_states_L0.4_kp0_2090_ucp0_1234_s1024,cm0,stageC,0.1,0.209,0.25,0.12339551870278656,1024,1,0.12339551870278656,1,False,PRE_PRIMARY_INCOMPLETE_CYCLE,0.41129599999999994,-0.0009586939533638963,0.007943613027379958,0.10209909391676597,0.42098354425620566,0.2434450888004696,0.23834081055489553,0.0,0.3796416321152653,0.4817407260320313,0.3687472360142367,0.2717644129070177
c3_w2_tcop_cm0_states_L0.4_kp0_2090_ucp0_1234_s1024,cm0,stageC,0.1,0.209,0.25,0.12339551870278656,1024,2,0.12339551870278656,2,False,PRE_PRIMARY_INCOMPLETE_CYCLE,0.41062400000000004,0.000615305600189316,0.01850997453996011,0.10209909391676597,0.4209156678385289,0.2434320963503276,0.23834081055489553,0.0,0.3796416321152653,0.4817407260320313,0.3756973639493756,0.2675750483006859
c3_w2_tcop_cm0_states_L0.4_kp0_2090_ucp0_1234_s1024,cm0,stageC,0.1,0.209,0.25,0.12339551870278656,1024,3,0.12339551870278656,0,True,,0.411504,0.000273565545879954,0.010513576774778604,0.10209909391676597,0.4210048473270442,0.24344772496094816,0.23834081055489553,0.0,0.3796416321152653,0.4817407260320313,0.3743180817735179,0.2681849592222363
c3_w2_tcop_cm0_states_L0.4_kp0_2090_ucp0_1234_s1024,cm0,stageC,0.1,0.209,0.25,0.12339551870278656,1024,4,0.12339551870278656,1,True,,0.413968,0.0002790952267419551,0.011217016234123505,0.10209909391676597,0.42125632784911843,0.24348479144259103,0.23834081055489553,0.0,0.3796416321152653,0.4817407260320313,0.3707658545793254,0.26294439647677553
c3_w2_tcop_cm0_states_L0.4_kp0_2090_ucp0_1234_s1024,cm0,stageC,0.1,0.209,0.25,0.12339551870278656,1024,5,0.12339551870278656,2,True,,0.41247999999999996,-0.001746116484967013,0.006619566952476513,0.10209909391676597,0.4211033948777148,0.2434658042767687,0.23834081055489553,0.0,0.3796416321152653,0.4817407260320313,0.37006719518705167,0.27069614155680743
c3_w2_tcop_cm0_states_L0.4_kp0_2090_ucp0_1234_s1024,cm0,stageC,0.1,0.209,0.25,0.12339551870278656,1024,6,0.12339551870278656,0,True,,0.41689600000000004,-0.002886889698228484,0.014578447793907117,0.10209909391676597,0.4215540652106423,0.24353280051610834,0.23834081055489553,0.0,0.3796416321152653,0.4817407260320313,0.3644778460965796,0.2652882270182331
c3_w2_tcop_cm0_states_L0.4_kp0_2090_ucp0_1234_s1024,cm0,stageC,0.1,0.209,0.25,0.12339551870278656,1024,7,0.12339551870278656,1,True,,0.408912,0.0008896098682763026,0.036071942956642525,0.10209909391676597,0.420741143061933,0.24340562566094276,0.23834081055489553,0.0,0.3796416321152653,0.4817407260320313,0.3743427709576037,0.2638100289648321
c3_w2_tcop_cm0_states_L0.4_kp0_2090_ucp0_1234_s1024,cm0,stageC,0.1,0.209,0.25,0.12339551870278656,1024,8,0.12339551870278656,2,True,,0.408752,-0.001724627019560415,0.022425616042434232,0.10209909391676597,0.4207256325198031,0.24340077212999894,0.23834081055489553,0.0,0.3796416321152653,0.4817407260320313,0.37076609318375225,0.269958550847218
c3_w2_tcop_cm0_states_L0.4_kp0_2090_ucp0_1234_s1024,cm0,stageC,0.1,0.209,0.25,0.12339551870278656,1024,9,0.12339551870278656,0,True,,0.413264,-0.0031977392827830576,0.01494921276209848,0.10209909391676597,0.42118390958137564,0.24347596545562727,0.23834081055489553,0.0,0.3796416321152653,0.4817407260320313,0.36539568423239216,0.2666921157910466
c3_w2_tcop_cm0_states_L0.4_kp0_2090_ucp0_1234_s1024,cm0,stageC,0.1,0.209,0.25,0.12339551870278656,1024,10,0.12339551870278656,1,True,,0.41153600000000007,0.0010649534670579238,0.008009897571373688,0.10209909391676597,0.42100875221585604,0.24344649467255353,0.23834081055489553,0.0,0.3796416321152653,0.4817407260320313,0.37404994546755027,0.26967014216397156
c3_w2_tcop_cm0_states_L0.4_kp0_2090_ucp0_1234_s1024,cm0,stageC,0.1,0.209,0.25,0.12339551870278656,1024,11,0.12339551870278656,2,True,,0.410544,0.0007012869204161196,0.020828399167113196,0.10209909391676597,0.42090833986304876,0.243428659019959,0.23834081055489553,0.0,0.3796416321152653,0.4817407260320313,0.3770207073250414,0.2728969839732468
c3_w2_tcop_cm0_states_L0.4_kp0_2090_ucp0_1234_s1024,cm0,stageC,0.1,0.209,0.25,0.12339551870278656,1024,12,0.12339551870278656,0,True,,0.41073599999999993,-0.0011870062360517626,0.000908341106559122,0.10209909391676597,0.4209267136513338,0.24343523896341743,0.23834081055489553,0.0,0.3796416321152653,0.4817407260320313,0.36976589108979036,0.2649299418521067
c3_w2_tcop_cm0_states_L0.4_kp0_2090_ucp0_1234_s1024,cm0,stageC,0.1,0.209,0.25,0.12339551870278656,1024,13,0.12339551870278656,1,True,,0.41355200000000003,-0.0013378746122390528,-0.010728386870814679,0.10209909391676597,0.4212142541675454,0.243477945975275,0.23834081055489553,0.0,0.3796416321152653,0.4817407260320313,0.36587526916971724,0.26794631809637093
c3_w2_tcop_cm0_states_L0.4_kp0_2090_ucp0_1234_s1024,cm0,stageC,0.1,0.209,0.25,0.12339551870278656,1024,14,0.12339551870278656,2,True,,0.41487999999999997,-0.0009923502137130944,0.013899182553856004,0.10209909391676597,0.4213491018971483,0.24349993768293315,0.23834081055489553,0.0,0.3796416321152653,0.4817407260320313,0.36942774814864393,0.267811348726548
c3_w2_tcop_cm0_states_L0.4_kp0_2090_ucp0_1234_s1024,cm0,stageC,0.1,0.209,0.25,0.12339551870278656,1024,15,0.12339551870278656,0,False,BLOCK_15_PARTIAL_CYCLE,0.412128,8.413272137414121e-05,0.012651005277567242,0.10209909391676597,0.42106847660133345,0.24345754863676178,0.23834081055489553,0.0,0.3796416321152653,0.4817407260320313,0.371718720237334,0.26805004316679765
c3_w2_tcop_cm0_states_L0.4_kp0_2090_ucp0_1234_s31415,cm0,stageC,0.1,0.209,0.25,0.12339551870278656,31415,0,0.12339551870278656,0,False,PRE_PRIMARY_INCOMPLETE_CYCLE,0.394464,-0.004354655960081864,0.030229840166583997,0.10209909391676597,0.4192813369478266,0.24314615592380187,0.23834081055489553,0.0,0.3796416321152653,0.4817407260320313,0.3627401901452083,0.2724115264188831
c3_w2_tcop_cm0_states_L0.4_kp0_2090_ucp0_1234_s31415,cm0,stageC,0.1,0.209,0.25,0.12339551870278656,31415,1,0.12339551870278656,1,False,PRE_PRIMARY_INCOMPLETE_CYCLE,0.41001600000000005,0.0007090782893006928,0.02378198819877324,0.10209909391676597,0.42085384476395105,0.2434226269716951,0.23834081055489553,0.0,0.3796416321152653,0.4817407260320313,0.37579235024055974,0.2699681794499014
c3_w2_tcop_cm0_states_L0.4_kp0_2090_ucp0_1234_s31415,cm0,stageC,0.1,0.209,0.25,0.12339551870278656,31415,2,0.12339551870278656,2,False,PRE_PRIMARY_INCOMPLETE_CYCLE,0.41304,0.0005597410821573841,0.002820719492103586,0.10209909391676597,0.42116152413240854,0.24347097475259682,0.23834081055489553,0.0,0.3796416321152653,0.4817407260320313,0.3776254586843951,0.26876997760426447
c3_w2_tcop_cm0_states_L0.4_kp0_2090_ucp0_1234_s31415,cm0,stageC,0.1,0.209,0.25,0.12339551870278656,31415,3,0.12339551870278656,0,True,,0.41081600000000007,-0.0023099298405327147,0.012767549858831481,0.10209909391676597,0.4209350952346971,0.24343563028121937,0.23834081055489553,0.0,0.3796416321152653,0.4817407260320313,0.36802814310444704,0.2668823484119648
c3_w2_tcop_cm0_states_L0.4_kp0_2090_ucp0_1234_s31415,cm0,stageC,0.1,0.209,0.25,0.12339551870278656,31415,4,0.12339551870278656,1,True,,0.4111040000000001,4.8556146248492185e-05,0.0023313635849184678,0.10209909391676597,0.4209655073201667,0.24343728195788397,0.23834081055489553,0.0,0.3796416321152653,0.4817407260320313,0.36843321209000324,0.26565395862112856
c3_w2_tcop_cm0_states_L0.4_kp0_2090_ucp0_1234_s31415,cm0,stageC,0.1,0.209,0.25,0.12339551870278656,31415,5,0.12339551870278656,2,True,,0.4099359999999999,0.002093490941428105,0.024953789152566484,0.10209909391676597,0.4208475084086827,0.2434161364493661,0.23834081055489553,0.0,0.3796416321152653,0.4817407260320313,0.37716204793470776,0.27071531466689275
c3_w2_tcop_cm0_states_L0.4_kp0_2090_ucp0_1234_s31415,cm0,stageC,0.1,0.209,0.25,0.12339551870278656,31415,6,0.12339551870278656,0,True,,0.41211200000000003,0.00039184666912722043,0.005823893631261636,0.10209909391676597,0.4210685880666644,0.24345171396713652,0.23834081055489553,0.0,0.3796416321152653,0.4817407260320313,0.37459598346267575,0.26934616268892464
c3_w2_tcop_cm0_states_L0.4_kp0_2090_ucp0_1234_s31415,cm0,stageC,0.1,0.209,0.25,0.12339551870278656,31415,7,0.12339551870278656,1,True,,0.41211200000000003,-0.0030624121076677706,0.006238010472807465,0.10209909391676597,0.42106731509917605,0.24345570224646282,0.23834081055489553,0.0,0.3796416321152653,0.4817407260320313,0.3679476783848743,0.2693964975871823
c3_w2_tcop_cm0_states_L0.4_kp0_2090_ucp0_1234_s31415,cm0,stageC,0.1,0.209,0.25,0.12339551870278656,31415,8,0.12339551870278656,2,True,,0.41072000000000003,0.002989387693465478,0.01538764761819615,0.10209909391676597,0.4209263986062552,0.24343117695372563,0.23834081055489553,0.0,0.3796416321152653,0.4817407260320313,0.3756305121976427,0.27031366410755414
c3_w2_tcop_cm0_states_L0.4_kp0_2090_ucp0_1234_s31415,cm0,stageC,0.1,0.209,0.25,0.12339551870278656,31415,9,0.12339551870278656,0,True,,0.409424,-0.0012047334754638076,0.006523789634068471,0.10209909391676597,0.4207937237064542,0.24341251875080663,0.23834081055489553,0.0,0.3796416321152653,0.4817407260320313,0.37209618191969873,0.2713284612632257
c3_w2_tcop_cm0_states_L0.4_kp0_2090_ucp0_1234_s31415,cm0,stageC,0.1,0.209,0.25,0.12339551870278656,31415,10,0.12339551870278656,1,True,,0.412784,0.00022928928625417017,0.025687083894903453,0.10209909391676597,0.42113573652734176,0.24346570723451938,0.23834081055489553,0.0,0.3796416321152653,0.4817407260320313,0.37547504930573317,0.2685538832706091
c3_w2_tcop_cm0_states_L0.4_kp0_2090_ucp0_1234_s31415,cm0,stageC,0.1,0.209,0.25,0.12339551870278656,31415,11,0.12339551870278656,2,True,,0.40974399999999994,0.0033587567339545994,0.007431739815960826,0.10209909391676597,0.4208258750834471,0.2434192881281107,0.23834081055489553,0.0,0.3796416321152653,0.4817407260320313,0.3803879214964178,0.2733429851417901
c3_w2_tcop_cm0_states_L0.4_kp0_2090_ucp0_1234_s31415,cm0,stageC,0.1,0.209,0.25,0.12339551870278656,31415,12,0.12339551870278656,0,True,,0.41227199999999997,-0.003745270831629322,0.026559993072337463,0.10209909391676597,0.42108332833003953,0.24345904443687225,0.23834081055489553,0.0,0.3796416321152653,0.4817407260320313,0.36683363521616663,0.2698556752932966
c3_w2_tcop_cm0_states_L0.4_kp0_2090_ucp0_1234_s31415,cm0,stageC,0.1,0.209,0.25,0.12339551870278656,31415,13,0.12339551870278656,1,True,,0.41307199999999994,-0.004019154033664675,0.002990565403535085,0.10209909391676597,0.42116410426898376,0.2434740388032024,0.23834081055489553,0.0,0.3796416321152653,0.4817407260320313,0.3617894769777555,0.26717177427470107
c3_w2_tcop_cm0_states_L0.4_kp0_2090_ucp0_1234_s31415,cm0,stageC,0.1,0.209,0.25,0.12339551870278656,31415,14,0.12339551870278656,2,True,,0.40958399999999995,0.0002582520265684121,0.016239465544777412,0.10209909391676597,0.420810672550744,0.24341355664467684,0.23834081055489553,0.0,0.3796416321152653,0.4817407260320313,0.36886099502186476,0.2688578943234622
c3_w2_tcop_cm0_states_L0.4_kp0_2090_ucp0_1234_s31415,cm0,stageC,0.1,0.209,0.25,0.12339551870278656,31415,15,0.12339551870278656,0,False,BLOCK_15_PARTIAL_CYCLE,0.41624,-0.0022710557703285316,0.006643796683050486,0.10209909391676597,0.4214866861260008,0.24352400658687037,0.23834081055489553,0.0,0.3796416321152653,0.4817407260320313,0.36923113704173793,0.2693935517762187
c3_w2_tcop_cm0_states_L0.4_kp0_2090_ucp0_2425_s42,cm0,stageC,0.1,0.209,0.5,0.24248438819907564,42,0,0.24248438819907564,0,False,PRE_PRIMARY_INCOMPLETE_CYCLE,0.41374399999999995,0.0009331984663766013,0.019706146072668265,0.10344029341860317,0.4504773845611493,0.24718360477926735,0.2437180703431886,0.0,0.40806249664982785,0.511502790068431,0.3772516171334804,0.2696401385400306
c3_w2_tcop_cm0_states_L0.4_kp0_2090_ucp0_2425_s42,cm0,stageC,0.1,0.209,0.5,0.24248438819907564,42,1,0.24248438819907564,1,False,PRE_PRIMARY_INCOMPLETE_CYCLE,0.42856,-0.0039866642377956755,-0.0045091028723759415,0.10344029341860317,0.45199961779920084,0.24737493604782074,0.2437180703431886,0.0,0.40806249664982785,0.511502790068431,0.36046663892226943,0.25989426272324806
c3_w2_tcop_cm0_states_L0.4_kp0_2090_ucp0_2425_s42,cm0,stageC,0.1,0.209,0.5,0.24248438819907564,42,2,0.24248438819907564,2,False,PRE_PRIMARY_INCOMPLETE_CYCLE,0.427792,-0.0003964585289951685,0.01475144640992234,0.10344029341860317,0.451922037520797,0.24735780249359937,0.2437180703431886,0.0,0.40806249664982785,0.511502790068431,0.3771585024767963,0.2726235362989651
c3_w2_tcop_cm0_states_L0.4_kp0_2090_ucp0_2425_s42,cm0,stageC,0.1,0.209,0.5,0.24248438819907564,42,3,0.24248438819907564,0,True,,0.43180799999999997,-0.0012466683608268608,0.0010760046680835592,0.10344029341860317,0.45233669657107906,0.24740073929676257,0.2437180703431886,0.0,0.40806249664982785,0.511502790068431,0.3706876820167676,0.2594393692083711
c3_w2_tcop_cm0_states_L0.4_kp0_2090_ucp0_2425_s42,cm0,stageC,0.1,0.209,0.5,0.24248438819907564,42,4,0.24248438819907564,1,True,,0.42971200000000004,0.002081377301010004,0.007314365888360638,0.10344029341860317,0.4521204697451983,0.24737829033303313,0.2437180703431886,0.0,0.40806249664982785,0.511502790068431,0.3775609265625498,0.26922189229078825
c3_w2_tcop_cm0_states_L0.4_kp0_2090_ucp0_2425_s42,cm0,stageC,0.1,0.209,0.5,0.24248438819907564,42,5,0.24248438819907564,2,True,,0.433008,-0.00032660170066882844,0.010149291155267515,0.10344029341860317,0.45246062939234555,0.24741394230364525,0.2437180703431886,0.0,0.40806249664982785,0.511502790068431,0.36909569293853073,0.26243837228236594
c3_w2_tcop_cm0_states_L0.4_kp0_2090_ucp0_2425_s42,cm0,stageC,0.1,0.209,0.5,0.24248438819907564,42,6,0.24248438819907564,0,True,,0.42755200000000004,-0.000997972205562109,0.010802163914489724,0.10344029341860317,0.4518962635423052,0.24736103302829032,0.2437180703431886,0.0,0.40806249664982785,0.511502790068431,0.3713115523668489,0.26647960961765443
c3_w2_tcop_cm0_states_L0.4_kp0_2090_ucp0_2425_s42,cm0,stageC,0.1,0.209,0.5,0.24248438819907564,42,7,0.24248438819907564,1,True,,0.429056,-0.0007792881338690113,0.007343556672208842,0.10344029341860317,0.4520519166574519,0.24737480391177688,0.2437180703431886,0.0,0.40806249664982785,0.511502790068431,0.3671348966877006,0.26495556353865024
c3_w2_tcop_cm0_states_L0.4_kp0_2090_ucp0_2425_s42,cm0,stageC,0.1,0.209,0.5,0.24248438819907564,42,8,0.24248438819907564,2,True,,0.42828799999999995,-0.0006089706986453795,0.01794108130301109,0.10344029341860317,0.4519725434479326,0.2473671757478262,0.2437180703431886,0.0,0.40806249664982785,0.511502790068431,0.3708973423056833,0.2650443031804585
c3_w2_tcop_cm0_states_L0.4_kp0_2090_ucp0_2425_s42,cm0,stageC,0.1,0.209,0.5,0.24248438819907564,42,9,0.24248438819907564,0,True,,0.430848,-0.0013741737997099684,0.028334634999060273,0.10344029341860317,0.4522371772553469,0.24739315707791845,0.2437180703431886,0.0,0.40806249664982785,0.511502790068431,0.37009908975077827,0.2664934112165939
c3_w2_tcop_cm0_states_L0.4_kp0_2090_ucp0_2425_s42,cm0,stageC,0.1,0.209,0.5,0.24248438819907564,42,10,0.24248438819907564,1,True,,0.4286559999999999,-0.0005739412990829663,0.007258440031901547,0.10344029341860317,0.4520108041017215,0.24737014695433998,0.2437180703431886,0.0,0.40806249664982785,0.511502790068431,0.37074574617726586,0.2631120290324118
c3_w2_tcop_cm0_states_L0.4_kp0_2090_ucp0_2425_s42,cm0,stageC,0.1,0.209,0.5,0.24248438819907564,42,11,0.24248438819907564,2,True,,0.427104,0.00045456399078155603,0.004511564939706782,0.10344029341860317,0.4518504828397191,0.24735381585462712,0.2437180703431886,0.0,0.40806249664982785,0.511502790068431,0.3753824323470636,0.26842395334946606
c3_w2_tcop_cm0_states_L0.4_kp0_2090_ucp0_2425_s42,cm0,stageC,0.1,0.209,0.5,0.24248438819907564,42,12,0.24248438819907564,0,True,,0.43217599999999995,-0.0006563301879675588,0.011159256020189703,0.10344029341860317,0.4523759994527083,0.2473986641223462,0.2437180703431886,0.0,0.40806249664982785,0.511502790068431,0.3687735221765385,0.2686568656487454
c3_w2_tcop_cm0_states_L0.4_kp0_2090_ucp0_2425_s42,cm0,stageC,0.1,0.209,0.5,0.24248438819907564,42,13,0.24248438819907564,1,True,,0.43041599999999997,-0.0061756252869729225,-0.000928251421866553,0.10344029341860317,0.4521922308161893,0.24738976225734066,0.2437180703431886,0.0,0.40806249664982785,0.511502790068431,0.35686017973185097,0.2606933304293845
c3_w2_tcop_cm0_states_L0.4_kp0_2090_ucp0_2425_s42,cm0,stageC,0.1,0.209,0.5,0.24248438819907564,42,14,0.24248438819907564,2,True,,0.427584,-0.0004527235513178672,0.020313461543505253,0.10344029341860317,0.4518993987792547,0.24736135620204075,0.2437180703431886,0.0,0.40806249664982785,0.511502790068431,0.36826171779864075,0.26460956788712325
c3_w2_tcop_cm0_states_L0.4_kp0_2090_ucp0_2425_s42,cm0,stageC,0.1,0.209,0.5,0.24248438819907564,42,15,0.24248438819907564,0,False,BLOCK_15_PARTIAL_CYCLE,0.431168,-0.004078400825207956,0.03772808052157341,0.10344029341860317,0.45227029178776523,0.24739653312305104,0.2437180703431886,0.0,0.40806249664982785,0.511502790068431,0.3634955901516212,0.26653534875440443
c3_w2_tcop_cm0_states_L0.4_kp0_2090_ucp0_2425_s137,cm0,stageC,0.1,0.209,0.5,0.24248438819907564,137,0,0.24248438819907564,0,False,PRE_PRIMARY_INCOMPLETE_CYCLE,0.41964799999999997,-0.001554910450715542,0.008224484435304056,0.10344029341860317,0.4510879812282766,0.24724155249830115,0.2437180703431886,0.0,0.40806249664982785,0.511502790068431,0.3720814972302977,0.26686134641750364
c3_w2_tcop_cm0_states_L0.4_kp0_2090_ucp0_2425_s137,cm0,stageC,0.1,0.209,0.5,0.24248438819907564,137,1,0.24248438819907564,1,False,PRE_PRIMARY_INCOMPLETE_CYCLE,0.4284800000000001,-0.002744659867023709,0.0023492923983012668,0.10344029341860317,0.45199234811094835,0.24736895633445516,0.2437180703431886,0.0,0.40806249664982785,0.511502790068431,0.3673722861212147,0.263098110892104
c3_w2_tcop_cm0_states_L0.4_kp0_2090_ucp0_2425_s137,cm0,stageC,0.1,0.209,0.5,0.24248438819907564,137,2,0.24248438819907564,2,False,PRE_PRIMARY_INCOMPLETE_CYCLE,0.42856,0.000283508165409767,0.009578500343348893,0.10344029341860317,0.4520005914706743,0.24736987328973778,0.2437180703431886,0.0,0.40806249664982785,0.511502790068431,0.3685300050947854,0.2617553811212586
c3_w2_tcop_cm0_states_L0.4_kp0_2090_ucp0_2425_s137,cm0,stageC,0.1,0.209,0.5,0.24248438819907564,137,3,0.24248438819907564,0,True,,0.431008,-0.0009410967986968512,0.00977679093475636,0.10344029341860317,0.4522533023880135,0.24739721433543382,0.2437180703431886,0.0,0.40806249664982785,0.511502790068431,0.3700534162699607,0.26369698252678403
c3_w2_tcop_cm0_states_L0.4_kp0_2090_ucp0_2425_s137,cm0,stageC,0.1,0.209,0.5,0.24248438819907564,137,4,0.24248438819907564,1,True,,0.428944,0.0008604851970876499,-0.008336376070399734,0.10344029341860317,0.4520408239126347,0.2473713215457296,0.2437180703431886,0.0,0.40806249664982785,0.511502790068431,0.37922607216916326,0.26593380084417556
c3_w2_tcop_cm0_states_L0.4_kp0_2090_ucp0_2425_s137,cm0,stageC,0.1,0.209,0.5,0.24248438819907564,137,5,0.24248438819907564,2,True,,0.42894400000000005,0.0018165949679803525,0.007434749418053249,0.10344029341860317,0.4520412696113318,0.24736928103673428,0.2437180703431886,0.0,0.40806249664982785,0.511502790068431,0.3758420908457396,0.26446036928976524
c3_w2_tcop_cm0_states_L0.4_kp0_2090_ucp0_2425_s137,cm0,stageC,0.1,0.209,0.5,0.24248438819907564,137,6,0.24248438819907564,0,True,,0.42868799999999996,-4.653278533938384e-05,0.006819065993251172,0.10344029341860317,0.4520140853312635,0.24736965477705786,0.2437180703431886,0.0,0.40806249664982785,0.511502790068431,0.3700275176022461,0.2595260501174297
c3_w2_tcop_cm0_states_L0.4_kp0_2090_ucp0_2425_s137,cm0,stageC,0.1,0.209,0.5,0.24248438819907564,137,7,0.24248438819907564,1,True,,0.42990400000000006,-0.00030144416128629194,0.013884258138734938,0.10344029341860317,0.45213948516963637,0.24738432501207622,0.2437180703431886,0.0,0.40806249664982785,0.511502790068431,0.36989019472481877,0.26509460809755786
c3_w2_tcop_cm0_states_L0.4_kp0_2090_ucp0_2425_s137,cm0,stageC,0.1,0.209,0.5,0.24248438819907564,137,8,0.24248438819907564,2,True,,0.42766400000000004,0.0002428293061890303,0.016408164227483514,0.10344029341860317,0.45190877928545875,0.2473571911951336,0.2437180703431886,0.0,0.40806249664982785,0.511502790068431,0.37533969689606067,0.26849438013196664
c3_w2_tcop_cm0_states_L0.4_kp0_2090_ucp0_2425_s137,cm0,stageC,0.1,0.209,0.5,0.24248438819907564,137,9,0.24248438819907564,0,True,,0.42784,0.002694682310931437,0.029672533153915624,0.10344029341860317,0.4519274535629536,0.24735566046160878,0.2437180703431886,0.0,0.40806249664982785,0.511502790068431,0.38253964477185165,0.2696753399274937
c3_w2_tcop_cm0_states_L0.4_kp0_2090_ucp0_2425_s137,cm0,stageC,0.1,0.209,0.5,0.24248438819907564,137,10,0.24248438819907564,1,True,,0.42867199999999994,-0.0025430795025446445,0.020001687748094573,0.10344029341860317,0.45201124371824425,0.24737574037686472,0.2437180703431886,0.0,0.40806249664982785,0.511502790068431,0.36607680435676926,0.2619472771408707
c3_w2_tcop_cm0_states_L0.4_kp0_2090_ucp0_2425_s137,cm0,stageC,0.1,0.209,0.5,0.24248438819907564,137,11,0.24248438819907564,2,True,,0.42878400000000005,-0.001756814566059324,0.018485272542595712,0.10344029341860317,0.45202430460175935,0.2473693902948793,0.2437180703431886,0.0,0.40806249664982785,0.511502790068431,0.37222025938940734,0.2637797418585363
c3_w2_tcop_cm0_states_L0.4_kp0_2090_ucp0_2425_s137,cm0,stageC,0.1,0.209,0.5,0.24248438819907564,137,12,0.24248438819907564,0,True,,0.43160000000000004,-0.0004070021728374513,0.02333304049898972,0.10344029341860317,0.4523148466719794,0.2474011424607459,0.2437180703431886,0.0,0.40806249664982785,0.511502790068431,0.36818465449002796,0.2604849781011473
c3_w2_tcop_cm0_states_L0.4_kp0_2090_ucp0_2425_s137,cm0,stageC,0.1,0.209,0.5,0.24248438819907564,137,13,0.24248438819907564,1,True,,0.42772800000000005,-0.001366104615587429,0.006988504643007994,0.10344029341860317,0.45191476597176,0.2473601320341964,0.2437180703431886,0.0,0.40806249664982785,0.511502790068431,0.3707092375639433,0.26144505702877163
c3_w2_tcop_cm0_states_L0.4_kp0_2090_ucp0_2425_s137,cm0,stageC,0.1,0.209,0.5,0.24248438819907564,137,14,0.24248438819907564,2,True,,0.431168,0.002490758513670712,0.013248881608309605,0.10344029341860317,0.4522719277296801,0.2473873416955648,0.2437180703431886,0.0,0.40806249664982785,0.511502790068431,0.3792856640563577,0.26596097634882376
c3_w2_tcop_cm0_states_L0.4_kp0_2090_ucp0_2425_s137,cm0,stageC,0.1,0.209,0.5,0.24248438819907564,137,15,0.24248438819907564,0,False,BLOCK_15_PARTIAL_CYCLE,0.42859200000000003,-0.0016645637696067956,0.035416835000140555,0.10344029341860317,0.4520040371075706,0.24736956480935068,0.2437180703431886,0.0,0.40806249664982785,0.511502790068431,0.3715425563762544,0.2667705580915416
c3_w2_tcop_cm0_states_L0.4_kp0_2090_ucp0_2425_s256,cm0,stageC,0.1,0.209,0.5,0.24248438819907564,256,0,0.24248438819907564,0,False,PRE_PRIMARY_INCOMPLETE_CYCLE,0.415712,0.0033617808484831656,0.017121662732037187,0.10344029341860317,0.4506817324439072,0.24719927678267278,0.2437180703431886,0.0,0.40806249664982785,0.511502790068431,0.38211928096878917,0.2735068411788461
c3_w2_tcop_cm0_states_L0.4_kp0_2090_ucp0_2425_s256,cm0,stageC,0.1,0.209,0.5,0.24248438819907564,256,1,0.24248438819907564,1,False,PRE_PRIMARY_INCOMPLETE_CYCLE,0.43105600000000005,-0.003857319683756523,0.010314026438961925,0.10344029341860317,0.45225902331881607,0.2473930764131574,0.2437180703431886,0.0,0.40806249664982785,0.511502790068431,0.3621092481805046,0.2613602695429603
c3_w2_tcop_cm0_states_L0.4_kp0_2090_ucp0_2425_s256,cm0,stageC,0.1,0.209,0.5,0.24248438819907564,256,2,0.24248438819907564,2,False,PRE_PRIMARY_INCOMPLETE_CYCLE,0.43132800000000004,-0.001728601578539227,0.014750621644710303,0.10344029341860317,0.4522865918476548,0.24739901439163525,0.2437180703431886,0.0,0.40806249664982785,0.511502790068431,0.3713168880306659,0.2671345372992359
c3_w2_tcop_cm0_states_L0.4_kp0_2090_ucp0_2425_s256,cm0,stageC,0.1,0.209,0.5,0.24248438819907564,256,3,0.24248438819907564,0,True,,0.432752,-0.0009522494928283493,0.013256347724946544,0.10344029341860317,0.4524346929782891,0.24740876609213683,0.2437180703431886,0.0,0.40806249664982785,0.511502790068431,0.3722170070853236,0.26724713272168615
c3_w2_tcop_cm0_states_L0.4_kp0_2090_ucp0_2425_s256,cm0,stageC,0.1,0.209,0.5,0.24248438819907564,256,4,0.24248438819907564,1,True,,0.428448,0.002720201987614045,0.02708158518140393,0.10344029341860317,0.4519903169068465,0.24736257637183345,0.2437180703431886,0.0,0.40806249664982785,0.511502790068431,0.3780357842979844,0.26614240064523087
c3_w2_tcop_cm0_states_L0.4_kp0_2090_ucp0_2425_s256,cm0,stageC,0.1,0.209,0.5,0.24248438819907564,256,5,0.24248438819907564,2,True,,0.425792,-0.000251290787346962,-0.015088327527174249,0.10344029341860317,0.45171474078638674,0.24734076135725383,0.2437180703431886,0.0,0.40806249664982785,0.511502790068431,0.3748388090155315,0.27006940923245015
c3_w2_tcop_cm0_states_L0.4_kp0_2090_ucp0_2425_s256,cm0,stageC,0.1,0.209,0.5,0.24248438819907564,256,6,0.24248438819907564,0,True,,0.42745600000000006,-0.004543529133695699,0.008203743137271046,0.10344029341860317,0.4518861652338316,0.24736046501845133,0.2437180703431886,0.0,0.40806249664982785,0.511502790068431,0.3605758364928375,0.2642727781458341
c3_w2_tcop_cm0_states_L0.4_kp0_2090_ucp0_2425_s256,cm0,stageC,0.1,0.209,0.5,0.24248438819907564,256,7,0.24248438819907564,1,True,,0.431584,-0.0013208259613575366,0.020235577782376658,0.10344029341860317,0.4523139776753612,0.24739765617751097,0.2437180703431886,0.0,0.40806249664982785,0.511502790068431,0.3697560832565078,0.26961368219048987
c3_w2_tcop_cm0_states_L0.4_kp0_2090_ucp0_2425_s256,cm0,stageC,0.1,0.209,0.5,0.24248438819907564,256,8,0.24248438819907564,2,True,,0.430176,0.0031042397115921406,0.004742313825064552,0.10344029341860317,0.45216844962179326,0.24738214039062098,0.2437180703431886,0.0,0.40806249664982785,0.511502790068431,0.38058879270505713,0.26663694622778045
c3_w2_tcop_cm0_states_L0.4_kp0_2090_ucp0_2425_s256,cm0,stageC,0.1,0.209,0.5,0.24248438819907564,256,9,0.24248438819907564,0,True,,0.431168,-0.0019658517909811723,0.03279014673793644,0.10344029341860317,0.45226985041137563,0.24739852857574837,0.2437180703431886,0.0,0.40806249664982785,0.511502790068431,0.36684382469135485,0.26072249826555394
c3_w2_tcop_cm0_states_L0.4_kp0_2090_ucp0_2425_s256,cm0,stageC,0.1,0.209,0.5,0.24248438819907564,256,10,0.24248438819907564,1,True,,0.429376,-0.003381911909790479,0.00804272785324659,0.10344029341860317,0.4520852420078486,0.24737636645668337,0.2437180703431886,0.0,0.40806249664982785,0.511502790068431,0.36483907778082675,0.25795431321784007
c3_w2_tcop_cm0_states_L0.4_kp0_2090_ucp0_2425_s256,cm0,stageC,0.1,0.209,0.5,0.24248438819907564,256,11,0.24248438819907564,2,True,,0.429152,-0.0008268716435542562,0.008443346468168154,0.10344029341860317,0.452062113898557,0.24737482328810909,0.2437180703431886,0.0,0.40806249664982785,0.511502790068431,0.3684826509066715,0.2631241470175694
c3_w2_tcop_cm0_states_L0.4_kp0_2090_ucp0_2425_s256,cm0,stageC,0.1,0.209,0.5,0.24248438819907564,256,12,0.24248438819907564,0,True,,0.42800000000000005,-0.003978925680852149,0.01917325357829524,0.10344029341860317,0.45194232170698034,0.24736702394654447,0.2437180703431886,0.0,0.40806249664982785,0.511502790068431,0.36197834141770385,0.26744067679200956
c3_w2_tcop_cm0_states_L0.4_kp0_2090_ucp0_2425_s256,cm0,stageC,0.1,0.209,0.5,0.24248438819907564,256,13,0.24248438819907564,1,True,,0.427248,0.006197744640699779,0.029659149114345796,0.10344029341860317,0.4518666025888724,0.24734813834414346,0.2437180703431886,0.0,0.40806249664982785,0.511502790068431,0.38689854559269593,0.26885806188881345
c3_w2_tcop_cm0_states_L0.4_kp0_2090_ucp0_2425_s256,cm0,stageC,0.1,0.209,0.5,0.24248438819907564,256,14,0.24248438819907564,2,True,,0.429152,-0.005667835075108093,0.021676788832118488,0.10344029341860317,0.45206050004064074,0.24738239145752058,0.2437180703431886,0.0,0.40806249664982785,0.511502790068431,0.35697579786846084,0.2567376788866871
c3_w2_tcop_cm0_states_L0.4_kp0_2090_ucp0_2425_s256,cm0,stageC,0.1,0.209,0.5,0.24248438819907564,256,15,0.24248438819907564,0,False,BLOCK_15_PARTIAL_CYCLE,0.428624,0.0009619868586327664,0.014820500075980233,0.10344029341860317,0.4520079139071709,0.24736784547750892,0.2437180703431886,0.0,0.40806249664982785,0.511502790068431,0.3721163179312504,0.26731591116155284
c3_w2_tcop_cm0_states_L0.4_kp0_2090_ucp0_2425_s1024,cm0,stageC,0.1,0.209,0.5,0.24248438819907564,1024,0,0.24248438819907564,0,False,PRE_PRIMARY_INCOMPLETE_CYCLE,0.41865600000000003,-0.0031959599884655086,0.010112660887743865,0.10344029341860317,0.45098558773570424,0.2472315221260911,0.2437180703431886,0.0,0.40806249664982785,0.511502790068431,0.3686805512106857,0.2697698637175629
c3_w2_tcop_cm0_states_L0.4_kp0_2090_ucp0_2425_s1024,cm0,stageC,0.1,0.209,0.5,0.24248438819907564,1024,1,0.24248438819907564,1,False,PRE_PRIMARY_INCOMPLETE_CYCLE,0.42905600000000005,-0.0012666307292456386,0.009808504395777774,0.10344029341860317,0.4520522042300783,0.24737372013714595,0.2437180703431886,0.0,0.40806249664982785,0.511502790068431,0.36802534760980365,0.2666477833571801
c3_w2_tcop_cm0_states_L0.4_kp0_2090_ucp0_2425_s1024,cm0,stageC,0.1,0.209,0.5,0.24248438819907564,1024,2,0.24248438819907564,2,False,PRE_PRIMARY_INCOMPLETE_CYCLE,0.428624,0.0006610588531420721,0.018125604248164687,0.10344029341860317,0.45200740262789596,0.2473694610207997,0.2437180703431886,0.0,0.40806249664982785,0.511502790068431,0.3746248083021842,0.2625680833872119
c3_w2_tcop_cm0_states_L0.4_kp0_2090_ucp0_2425_s1024,cm0,stageC,0.1,0.209,0.5,0.24248438819907564,1024,3,0.24248438819907564,0,True,,0.42847999999999997,-0.0013935803611066775,0.0009049978671559527,0.10344029341860317,0.4519919091894651,0.24737165049756196,0.2437180703431886,0.0,0.40806249664982785,0.511502790068431,0.3707811667943789,0.2660866818572541
c3_w2_tcop_cm0_states_L0.4_kp0_2090_ucp0_2425_s1024,cm0,stageC,0.1,0.209,0.5,0.24248438819907564,1024,4,0.24248438819907564,1,True,,0.43140800000000007,0.00013598283296821425,0.009428087146643128,0.10344029341860317,0.45229541266159357,0.24739635157065382,0.2437180703431886,0.0,0.40806249664982785,0.511502790068431,0.36997449719398895,0.25740689478697565
c3_w2_tcop_cm0_states_L0.4_kp0_2090_ucp0_2425_s1024,cm0,stageC,0.1,0.209,0.5,0.24248438819907564,1024,5,0.24248438819907564,2,True,,0.430432,-0.0023331120851432653,0.00835684345256081,0.10344029341860317,0.45219350094174243,0.24739236035610998,0.2437180703431886,0.0,0.40806249664982785,0.511502790068431,0.3693098918027891,0.2651259183704617
c3_w2_tcop_cm0_states_L0.4_kp0_2090_ucp0_2425_s1024,cm0,stageC,0.1,0.209,0.5,0.24248438819907564,1024,6,0.24248438819907564,0,True,,0.43398400000000004,-0.002495582603684096,0.016528026233515403,0.10344029341860317,0.4525618049115547,0.2474224623722474,0.2437180703431886,0.0,0.40806249664982785,0.511502790068431,0.36512258652213136,0.260754488636527
c3_w2_tcop_cm0_states_L0.4_kp0_2090_ucp0_2425_s1024,cm0,stageC,0.1,0.209,0.5,0.24248438819907564,1024,7,0.24248438819907564,1,True,,0.42668800000000007,-0.000642671068482471,0.03458577999328479,0.10344029341860317,0.4518069538978941,0.24735170541669182,0.2437180703431886,0.0,0.40806249664982785,0.511502790068431,0.37058008141568743,0.26018063918056206
c3_w2_tcop_cm0_states_L0.4_kp0_2090_ucp0_2425_s1024,cm0,stageC,0.1,0.209,0.5,0.24248438819907564,1024,8,0.24248438819907564,2,True,,0.42593600000000004,-0.0015668612312791314,0.018264045008218883,0.10344029341860317,0.45172995916919867,0.24734007550949166,0.2437180703431886,0.0,0.40806249664982785,0.511502790068431,0.3706626894435928,0.26323935488077344
c3_w2_tcop_cm0_states_L0.4_kp0_2090_ucp0_2425_s1024,cm0,stageC,0.1,0.209,0.5,0.24248438819907564,1024,9,0.24248438819907564,0,True,,0.42968000000000006,-0.004907712133707193,0.015381642321274537,0.10344029341860317,0.45211605630895363,0.2473831219975493,0.2437180703431886,0.0,0.40806249664982785,0.511502790068431,0.3613687889845749,0.26370765637229787
c3_w2_tcop_cm0_states_L0.4_kp0_2090_ucp0_2425_s1024,cm0,stageC,0.1,0.209,0.5,0.24248438819907564,1024,10,0.24248438819907564,1,True,,0.428368,-0.0005260415174993548,0.0061875147423635,0.10344029341860317,0.451980811708431,0.24736845783508207,0.2437180703431886,0.0,0.40806249664982785,0.511502790068431,0.37052906050560014,0.2655218198831955
c3_w2_tcop_cm0_states_L0.4_kp0_2090_ucp0_2425_s1024,cm0,stageC,0.1,0.209,0.5,0.24248438819907564,1024,11,0.24248438819907564,2,True,,0.42870400000000003,-0.0004974510694371371,0.02358162745675662,0.10344029341860317,0.452016024478728,0.2473690922600163,0.2437180703431886,0.0,0.40806249664982785,0.511502790068431,0.3733772919356496,0.26782306962910474
c3_w2_tcop_cm0_states_L0.4_kp0_2090_ucp0_2425_s1024,cm0,stageC,0.1,0.209,0.5,0.24248438819907564,1024,12,0.24248438819907564,0,True,,0.428224,-0.0012676754766550338,0.004902770423554674,0.10344029341860317,0.45196589762730943,0.24736671499862117,0.2437180703431886,0.0,0.40806249664982785,0.511502790068431,0.3686509986408631,0.261017772870104
c3_w2_tcop_cm0_states_L0.4_kp0_2090_ucp0_2425_s1024,cm0,stageC,0.1,0.209,0.5,0.24248438819907564,1024,13,0.24248438819907564,1,True,,0.43254400000000004,-0.002751462326983477,-0.008879095466417204,0.10344029341860317,0.4524130521674732,0.2474078783795837,0.2437180703431886,0.0,0.40806249664982785,0.511502790068431,0.363950239144023,0.26524721129966883
c3_w2_tcop_cm0_states_L0.4_kp0_2090_ucp0_2425_s1024,cm0,stageC,0.1,0.209,0.5,0.24248438819907564,1024,14,0.24248438819907564,2,True,,0.43251200000000006,-0.0010959172450154208,0.011120096268834798,0.10344029341860317,0.4524095409114189,0.24740816834370322,0.2437180703431886,0.0,0.40806249664982785,0.511502790068431,0.36890951588865795,0.26416029284531195
c3_w2_tcop_cm0_states_L0.4_kp0_2090_ucp0_2425_s1024,cm0,stageC,0.1,0.209,0.5,0.24248438819907564,1024,15,0.24248438819907564,0,False,BLOCK_15_PARTIAL_CYCLE,0.43011199999999994,0.0012000585049788915,0.01242090307505272,0.10344029341860317,0.4521613297186631,0.24738472093668265,0.2437180703431886,0.0,0.40806249664982785,0.511502790068431,0.37527772537213094,0.26544354069014175
c3_w2_tcop_cm0_states_L0.4_kp0_2090_ucp0_2425_s31415,cm0,stageC,0.1,0.209,0.5,0.24248438819907564,31415,0,0.24248438819907564,0,False,PRE_PRIMARY_INCOMPLETE_CYCLE,0.4124159999999999,-0.0057809280688656695,0.025734576922426065,0.10344029341860317,0.4503392193440143,0.24717541490471256,0.2437180703431886,0.0,0.40806249664982785,0.511502790068431,0.36055688756464604,0.26863497480193765
c3_w2_tcop_cm0_states_L0.4_kp0_2090_ucp0_2425_s31415,cm0,stageC,0.1,0.209,0.5,0.24248438819907564,31415,1,0.24248438819907564,1,False,PRE_PRIMARY_INCOMPLETE_CYCLE,0.426912,0.0009827305738792104,0.01920199729598242,0.10344029341860317,0.4518303129384658,0.24735331492036464,0.2437180703431886,0.0,0.40806249664982785,0.511502790068431,0.37577718336544713,0.26565188193530026
c3_w2_tcop_cm0_states_L0.4_kp0_2090_ucp0_2425_s31415,cm0,stageC,0.1,0.209,0.5,0.24248438819907564,31415,2,0.24248438819907564,2,False,PRE_PRIMARY_INCOMPLETE_CYCLE,0.43056,-0.00031292509590840045,0.007080751653620033,0.10344029341860317,0.4522073377107378,0.2473900858528031,0.2437180703431886,0.0,0.40806249664982785,0.511502790068431,0.37540996810946753,0.2658145490985401
c3_w2_tcop_cm0_states_L0.4_kp0_2090_ucp0_2425_s31415,cm0,stageC,0.1,0.209,0.5,0.24248438819907564,31415,3,0.24248438819907564,0,True,,0.428112,-0.002945153226893084,0.01209625002427468,0.10344029341860317,0.45195449230701074,0.24736439989570636,0.2437180703431886,0.0,0.40806249664982785,0.511502790068431,0.3680242598995262,0.2650638283392734
c3_w2_tcop_cm0_states_L0.4_kp0_2090_ucp0_2425_s31415,cm0,stageC,0.1,0.209,0.5,0.24248438819907564,31415,4,0.24248438819907564,1,True,,0.42950399999999994,-0.0004859137014156971,0.0006853903846968227,0.10344029341860317,0.4520990233738539,0.24737566522529225,0.2437180703431886,0.0,0.40806249664982785,0.511502790068431,0.3692288104088022,0.2634588365265024
c3_w2_tcop_cm0_states_L0.4_kp0_2090_ucp0_2425_s31415,cm0,stageC,0.1,0.209,0.5,0.24248438819907564,31415,5,0.24248438819907564,2,True,,0.42662400000000006,0.0017445854682996975,0.027843967528770608,0.10344029341860317,0.45180155543355993,0.2473453933100353,0.2437180703431886,0.0,0.40806249664982785,0.511502790068431,0.37688282757265573,0.2655834711336709
c3_w2_tcop_cm0_states_L0.4_kp0_2090_ucp0_2425_s31415,cm0,stageC,0.1,0.209,0.5,0.24248438819907564,31415,6,0.24248438819907564,0,True,,0.43004800000000004,0.0012352433120791742,0.011245651918085442,0.10344029341860317,0.4521558759083774,0.24737750007962284,0.2437180703431886,0.0,0.40806249664982785,0.511502790068431,0.37693289192786084,0.26732375584401236
c3_w2_tcop_cm0_states_L0.4_kp0_2090_ucp0_2425_s31415,cm0,stageC,0.1,0.209,0.5,0.24248438819907564,31415,7,0.24248438819907564,1,True,,0.428896,-0.003824226277229989,0.007786819403755075,0.10344029341860317,0.45203557877840694,0.24737231063950474,0.2437180703431886,0.0,0.40806249664982785,0.511502790068431,0.36638571539711,0.2665761755268455
c3_w2_tcop_cm0_states_L0.4_kp0_2090_ucp0_2425_s31415,cm0,stageC,0.1,0.209,0.5,0.24248438819907564,31415,8,0.24248438819907564,2,True,,0.42843200000000004,0.002512580366877039,0.017886727159033746,0.10344029341860317,0.4519880136957426,0.24736573417579227,0.2437180703431886,0.0,0.40806249664982785,0.511502790068431,0.373867673446466,0.2651539969724119
c3_w2_tcop_cm0_states_L0.4_kp0_2090_ucp0_2425_s31415,cm0,stageC,0.1,0.209,0.5,0.24248438819907564,31415,9,0.24248438819907564,0,True,,0.42700799999999994,-0.000819236538867074,-0.0007211126916988961,0.10344029341860317,0.4518406685105929,0.24735177334336966,0.2437180703431886,0.0,0.40806249664982785,0.511502790068431,0.37273818944973663,0.26740275353574494
c3_w2_tcop_cm0_states_L0.4_kp0_2090_ucp0_2425_s31415,cm0,stageC,0.1,0.209,0.5,0.24248438819907564,31415,10,0.24248438819907564,1,True,,0.42982400000000004,-0.001444372114138244,0.01679576795006854,0.10344029341860317,0.4521313441118331,0.24738147879737993,0.2437180703431886,0.0,0.40806249664982785,0.511502790068431,0.3723973472237418,0.26428751821691937
c3_w2_tcop_cm0_states_L0.4_kp0_2090_ucp0_2425_s31415,cm0,stageC,0.1,0.209,0.5,0.24248438819907564,31415,11,0.24248438819907564,2,True,,0.427008,0.0023078152399943104,0.00790957407751092,0.10344029341860317,0.45184002880415985,0.24735557438285852,0.2437180703431886,0.0,0.40806249664982785,0.511502790068431,0.3773492460729625,0.2681884741520553
c3_w2_tcop_cm0_states_L0.4_kp0_2090_ucp0_2425_s31415,cm0,stageC,0.1,0.209,0.5,0.24248438819907564,31415,12,0.24248438819907564,0,True,,0.42928000000000005,-0.004324992502575842,0.025529133991061638,0.10344029341860317,0.45207493443757796,0.2473777929418963,0.2437180703431886,0.0,0.40806249664982785,0.511502790068431,0.3647397917283638,0.2645318981908355
c3_w2_tcop_cm0_states_L0.4_kp0_2090_ucp0_2425_s31415,cm0,stageC,0.1,0.209,0.5,0.24248438819907564,31415,13,0.24248438819907564,1,True,,0.4304319999999999,-0.004140068430886423,0.006229161762700736,0.10344029341860317,0.45219374666882456,0.24739104716748994,0.2437180703431886,0.0,0.40806249664982785,0.511502790068431,0.36074199019727216,0.26080716894138517
c3_w2_tcop_cm0_states_L0.4_kp0_2090_ucp0_2425_s31415,cm0,stageC,0.1,0.209,0.5,0.24248438819907564,31415,14,0.24248438819907564,2,True,,0.42745600000000006,-0.0006630654475911514,0.015050969440612998,0.10344029341860317,0.4518872587610156,0.2473558106294032,0.2437180703431886,0.0,0.40806249664982785,0.511502790068431,0.3689204761991738,0.2690644539281962
c3_w2_tcop_cm0_states_L0.4_kp0_2090_ucp0_2425_s31415,cm0,stageC,0.1,0.209,0.5,0.24248438819907564,31415,15,0.24248438819907564,0,False,BLOCK_15_PARTIAL_CYCLE,0.43392000000000003,-0.0036187389038505966,0.00395946498620416,0.10344029341860317,0.4525546006395604,0.24742480726375318,0.2437180703431886,0.0,0.40806249664982785,0.511502790068431,0.3656565719661888,0.26608318915729723
c3_w2_tcop_cm0_states_L0.4_km0_2090_ucp0_0498_s42,cm0,stageC,-0.1,-0.209,0.1,0.04977134874876729,42,0,0.04977134874876729,0,False,PRE_PRIMARY_INCOMPLETE_CYCLE,0.40024,0.0013753129159064146,-0.004079923332602009,-0.10093007227060136,0.4222510781069928,0.24360908676478063,0.23721740468925687,0.0,0.36246211150373425,0.4633921837743356,0.37772027467544556,0.27431966769836813
c3_w2_tcop_cm0_states_L0.4_km0_2090_ucp0_0498_s42,cm0,stageC,-0.1,-0.209,0.1,0.04977134874876729,42,1,0.04977134874876729,1,False,PRE_PRIMARY_INCOMPLETE_CYCLE,0.41155200000000003,-0.002193389055848687,-0.02954525427310138,-0.10093007227060136,0.4210884029498773,0.243463856825578,0.23721740468925687,0.0,0.36246211150373425,0.4633921837743356,0.3657551399230287,0.26808296968246004
c3_w2_tcop_cm0_states_L0.4_km0_2090_ucp0_0498_s42,cm0,stageC,-0.1,-0.209,0.1,0.04977134874876729,42,2,0.04977134874876729,2,False,PRE_PRIMARY_INCOMPLETE_CYCLE,0.41068800000000005,-0.0007152236645784686,-0.015973959287238142,-0.10093007227060136,0.4211784799612658,0.24347177198627123,0.23721740468925687,0.0,0.36246211150373425,0.4633921837743356,0.374583888351799,0.2752310327386318
c3_w2_tcop_cm0_states_L0.4_km0_2090_ucp0_0498_s42,cm0,stageC,-0.1,-0.209,0.1,0.04977134874876729,42,3,0.04977134874876729,0,True,,0.413392,-0.00040885610372590957,-0.029641617712158654,-0.10093007227060136,0.42090240499325654,0.24343080364715838,0.23721740468925687,0.0,0.36246211150373425,0.4633921837743356,0.37133286575710495,0.2654261450928675
c3_w2_tcop_cm0_states_L0.4_km0_2090_ucp0_0498_s42,cm0,stageC,-0.1,-0.209,0.1,0.04977134874876729,42,4,0.04977134874876729,1,True,,0.412288,0.0028100298442490907,-0.014795347557074278,-0.10093007227060136,0.42101521484757193,0.24344675697201076,0.23721740468925687,0.0,0.36246211150373425,0.4633921837743356,0.3788612524729866,0.27483510126795185
c3_w2_tcop_cm0_states_L0.4_km0_2090_ucp0_0498_s42,cm0,stageC,-0.1,-0.209,0.1,0.04977134874876729,42,5,0.04977134874876729,2,True,,0.414976,0.0010047732113473125,-0.020637961786127704,-0.10093007227060136,0.4207409509773782,0.24340576687017013,0.23721740468925687,0.0,0.36246211150373425,0.4633921837743356,0.3723695259833129,0.2695011390433777
c3_w2_tcop_cm0_states_L0.4_km0_2090_ucp0_0498_s42,cm0,stageC,-0.1,-0.209,0.1,0.04977134874876729,42,6,0.04977134874876729,0,True,,0.410848,0.0005257643068370762,-0.014593903716641916,-0.10093007227060136,0.42116019124612764,0.2434743892670621,0.23721740468925687,0.0,0.36246211150373425,0.4633921837743356,0.37355629124501966,0.272230850831419
c3_w2_tcop_cm0_states_L0.4_km0_2090_ucp0_0498_s42,cm0,stageC,-0.1,-0.209,0.1,0.04977134874876729,42,7,0.04977134874876729,1,True,,0.4129920000000001,0.0009418198612910658,-0.017760068476902473,-0.10093007227060136,0.420943688423662,0.2434354280368898,0.23721740468925687,0.0,0.36246211150373425,0.4633921837743356,0.37122255702183465,0.2730076684415474
c3_w2_tcop_cm0_states_L0.4_km0_2090_ucp0_0498_s42,cm0,stageC,-0.1,-0.209,0.1,0.04977134874876729,42,8,0.04977134874876729,2,True,,0.410544,4.2814867250179914e-05,-0.005356065967639985,-0.10093007227060136,0.42119187466192193,0.24347719164863385,0.23721740468925687,0.0,0.36246211150373425,0.4633921837743356,0.3726785330394678,0.2723298829428411
c3_w2_tcop_cm0_states_L0.4_km0_2090_ucp0_0498_s42,cm0,stageC,-0.1,-0.209,0.1,0.04977134874876729,42,9,0.04977134874876729,0,True,,0.413456,0.0013775638253508932,0.0024611634212344585,-0.10093007227060136,0.4208959223128762,0.24342922568044403,0.23721740468925687,0.0,0.36246211150373425,0.4633921837743356,0.3751806569826773,0.2734430194918184
c3_w2_tcop_cm0_states_L0.4_km0_2090_ucp0_0498_s42,cm0,stageC,-0.1,-0.209,0.1,0.04977134874876729,42,10,0.04977134874876729,1,True,,0.411472,0.0024353291446162833,-0.014598350698701313,-0.10093007227060136,0.4210984550533779,0.24345913348027307,0.23721740468925687,0.0,0.36246211150373425,0.4633921837743356,0.37593512406382046,0.2720835524997564
c3_w2_tcop_cm0_states_L0.4_km0_2090_ucp0_0498_s42,cm0,stageC,-0.1,-0.209,0.1,0.04977134874876729,42,11,0.04977134874876729,2,True,,0.409376,0.0002653300013269524,-0.02628491422656687,-0.10093007227060136,0.42131088071798833,0.24349529226020905,0.23721740468925687,0.0,0.36246211150373425,0.4633921837743356,0.37553567250001285,0.2776223061492422
c3_w2_tcop_cm0_states_L0.4_km0_2090_ucp0_0498_s42,cm0,stageC,-0.1,-0.209,0.1,0.04977134874876729,42,12,0.04977134874876729,0,True,,0.414688,0.0014719382428063188,-0.010444287247520702,-0.10093007227060136,0.4207725715874387,0.24340373529227358,0.23721740468925687,0.0,0.36246211150373425,0.4633921837743356,0.3736331421915395,0.2759486766713652
c3_w2_tcop_cm0_states_L0.4_km0_2090_ucp0_0498_s42,cm0,stageC,-0.1,-0.209,0.1,0.04977134874876729,42,13,0.04977134874876729,1,True,,0.41281599999999996,-0.004635541573142736,-0.027177685867747783,-0.10093007227060136,0.42096086079283196,0.24344056842113623,0.23721740468925687,0.0,0.36246211150373425,0.4633921837743356,0.36303980030650207,0.2690975283788465
c3_w2_tcop_cm0_states_L0.4_km0_2090_ucp0_0498_s42,cm0,stageC,-0.1,-0.209,0.1,0.04977134874876729,42,14,0.04977134874876729,2,True,,0.41014399999999995,-0.0007045741309017036,-0.009980874027778202,-0.10093007227060136,0.42123235532005304,0.2434845727504057,0.23721740468925687,0.0,0.36246211150373425,0.4633921837743356,0.3677480127207429,0.27002525555283596
c3_w2_tcop_cm0_states_L0.4_km0_2090_ucp0_0498_s42,cm0,stageC,-0.1,-0.209,0.1,0.04977134874876729,42,15,0.04977134874876729,0,False,BLOCK_15_PARTIAL_CYCLE,0.4124960000000001,-0.0032831376209759965,-0.003922506912923383,-0.10093007227060136,0.42099267621235803,0.24344710195874789,0.23721740468925687,0.0,0.36246211150373425,0.4633921837743356,0.36460806390894385,0.2755905879070068
c3_w2_tcop_cm0_states_L0.4_km0_2090_ucp0_0498_s137,cm0,stageC,-0.1,-0.209,0.1,0.04977134874876729,137,0,0.04977134874876729,0,False,PRE_PRIMARY_INCOMPLETE_CYCLE,0.404592,0.0014595882177808656,-0.0053997439386426725,-0.10093007227060136,0.4218092116666638,0.24353628190869167,0.23721740468925687,0.0,0.36246211150373425,0.4633921837743356,0.3778629241700775,0.2765511366678727
c3_w2_tcop_cm0_states_L0.4_km0_2090_ucp0_0498_s137,cm0,stageC,-0.1,-0.209,0.1,0.04977134874876729,137,1,0.04977134874876729,1,False,PRE_PRIMARY_INCOMPLETE_CYCLE,0.410976,-0.0023984492004340122,-0.024228238560088045,-0.10093007227060136,0.42114828068139665,0.24346956914215812,0.23721740468925687,0.0,0.36246211150373425,0.4633921837743356,0.36874718982047155,0.2680284500059786
c3_w2_tcop_cm0_states_L0.4_km0_2090_ucp0_0498_s137,cm0,stageC,-0.1,-0.209,0.1,0.04977134874876729,137,2,0.04977134874876729,2,False,PRE_PRIMARY_INCOMPLETE_CYCLE,0.411312,0.0011628394995724222,-0.01614995772507964,-0.10093007227060136,0.42111412585503644,0.24346397891762628,0.23721740468925687,0.0,0.36246211150373425,0.4633921837743356,0.37151314857614265,0.2705392134129181
c3_w2_tcop_cm0_states_L0.4_km0_2090_ucp0_0498_s137,cm0,stageC,-0.1,-0.209,0.1,0.04977134874876729,137,3,0.04977134874876729,0,True,,0.413296,0.0007678962085057296,-0.013229909006531655,-0.10093007227060136,0.42091163403680826,0.24343361751278786,0.23721740468925687,0.0,0.36246211150373425,0.4633921837743356,0.37488347898993324,0.26916984237712216
c3_w2_tcop_cm0_states_L0.4_km0_2090_ucp0_0498_s137,cm0,stageC,-0.1,-0.209,0.1,0.04977134874876729,137,4,0.04977134874876729,1,True,,0.41147200000000006,0.002734802738737526,-0.03129883645357433,-0.10093007227060136,0.4210990699797595,0.24345773804291485,0.23721740468925687,0.0,0.36246211150373425,0.4633921837743356,0.3834271799006433,0.27438643513762484
c3_w2_tcop_cm0_states_L0.4_km0_2090_ucp0_0498_s137,cm0,stageC,-0.1,-0.209,0.1,0.04977134874876729,137,5,0.04977134874876729,2,True,,0.41135999999999995,0.0026098372013525647,-0.013780548737368913,-0.10093007227060136,0.421109943744069,0.2434607276407164,0.23721740468925687,0.0,0.36246211150373425,0.4633921837743356,0.3741147228398017,0.26990636513524896
c3_w2_tcop_cm0_states_L0.4_km0_2090_ucp0_0498_s137,cm0,stageC,-0.1,-0.209,0.1,0.04977134874876729,137,6,0.04977134874876729,0,True,,0.41204799999999997,0.0017076255959441572,-0.023048119647297572,-0.10093007227060136,0.42103967585433333,0.24345095229432634,0.23721740468925687,0.0,0.36246211150373425,0.4633921837743356,0.37459568578635233,0.2659248881601074
c3_w2_tcop_cm0_states_L0.4_km0_2090_ucp0_0498_s137,cm0,stageC,-0.1,-0.209,0.1,0.04977134874876729,137,7,0.04977134874876729,1,True,,0.412624,0.0007390371819159747,-0.017441652963628613,-0.10093007227060136,0.42098008323095437,0.24344403468649,0.23721740468925687,0.0,0.36246211150373425,0.4633921837743356,0.3745813793863845,0.27218375718784305
c3_w2_tcop_cm0_states_L0.4_km0_2090_ucp0_0498_s137,cm0,stageC,-0.1,-0.209,0.1,0.04977134874876729,137,8,0.04977134874876729,2,True,,0.411136,-0.000515559419113364,-0.01249552459227813,-0.10093007227060136,0.42113251476770674,0.2434650448213304,0.23721740468925687,0.0,0.36246211150373425,0.4633921837743356,0.3721890500195155,0.272628953684597
c3_w2_tcop_cm0_states_L0.4_km0_2090_ucp0_0498_s137,cm0,stageC,-0.1,-0.209,0.1,0.04977134874876729,137,9,0.04977134874876729,0,True,,0.41168,0.004256965232578884,0.003058542380600931,-0.10093007227060136,0.421078652844421,0.24345241960488176,0.23721740468925687,0.0,0.36246211150373425,0.4633921837743356,0.38598777258316713,0.27778921922940736
c3_w2_tcop_cm0_states_L0.4_km0_2090_ucp0_0498_s137,cm0,stageC,-0.1,-0.209,0.1,0.04977134874876729,137,10,0.04977134874876729,1,True,,0.413056,-0.0012405177972424296,-0.004288302060318089,-0.10093007227060136,0.4209350678314758,0.24344046207847736,0.23721740468925687,0.0,0.36246211150373425,0.4633921837743356,0.3672430342513192,0.26673656985596017
c3_w2_tcop_cm0_states_L0.4_km0_2090_ucp0_0498_s137,cm0,stageC,-0.1,-0.209,0.1,0.04977134874876729,137,11,0.04977134874876729,2,True,,0.41124799999999995,-0.00044935373935112074,-0.011047612968469749,-0.10093007227060136,0.42112143415674774,0.24346255900467115,0.23721740468925687,0.0,0.36246211150373425,0.4633921837743356,0.37477985291688365,0.27160792899365965
c3_w2_tcop_cm0_states_L0.4_km0_2090_ucp0_0498_s137,cm0,stageC,-0.1,-0.209,0.1,0.04977134874876729,137,12,0.04977134874876729,0,True,,0.414176,-7.37589877191017e-05,-0.009471097720690267,-0.10093007227060136,0.42082198455278896,0.24341959436197236,0.23721740468925687,0.0,0.36246211150373425,0.4633921837743356,0.36915460768865804,0.2674026573868451
c3_w2_tcop_cm0_states_L0.4_km0_2090_ucp0_0498_s137,cm0,stageC,-0.1,-0.209,0.1,0.04977134874876729,137,13,0.04977134874876729,1,True,,0.4108,0.0011855267202867865,-0.01844627632345413,-0.10093007227060136,0.4211667501226762,0.24347078896363888,0.23721740468925687,0.0,0.36246211150373425,0.4633921837743356,0.3742215502797725,0.27052506274990185
c3_w2_tcop_cm0_states_L0.4_km0_2090_ucp0_0498_s137,cm0,stageC,-0.1,-0.209,0.1,0.04977134874876729,137,14,0.04977134874876729,2,True,,0.413216,0.0031747091871953993,-0.010115742524455013,-0.10093007227060136,0.4209223727019649,0.24342740030572307,0.23721740468925687,0.0,0.36246211150373425,0.4633921837743356,0.38129925141986426,0.27301775027788394
c3_w2_tcop_cm0_states_L0.4_km0_2090_ucp0_0498_s137,cm0,stageC,-0.1,-0.209,0.1,0.04977134874876729,137,15,0.04977134874876729,0,False,BLOCK_15_PARTIAL_CYCLE,0.41204799999999997,-0.000983092082617475,0.008712176227876458,-0.10093007227060136,0.42103891601701027,0.2434527739601183,0.23721740468925687,0.0,0.36246211150373425,0.4633921837743356,0.372149877033899,0.27569745810341073
c3_w2_tcop_cm0_states_L0.4_km0_2090_ucp0_0498_s256,cm0,stageC,-0.1,-0.209,0.1,0.04977134874876729,256,0,0.04977134874876729,0,False,PRE_PRIMARY_INCOMPLETE_CYCLE,0.40187199999999995,0.0030936175224139575,-0.008624173346946588,-0.10093007227060136,0.42208681672935255,0.24357748449298358,0.23721740468925687,0.0,0.36246211150373425,0.4633921837743356,0.38209891985925665,0.2794019695514127
c3_w2_tcop_cm0_states_L0.4_km0_2090_ucp0_0498_s256,cm0,stageC,-0.1,-0.209,0.1,0.04977134874876729,256,1,0.04977134874876729,1,False,PRE_PRIMARY_INCOMPLETE_CYCLE,0.413632,-0.002272503047896849,-0.012426527390015936,-0.10093007227060136,0.42087840082507827,0.24342545906176705,0.23721740468925687,0.0,0.36246211150373425,0.4633921837743356,0.3651436152625913,0.26901233604954317
c3_w2_tcop_cm0_states_L0.4_km0_2090_ucp0_0498_s256,cm0,stageC,-0.1,-0.209,0.1,0.04977134874876729,256,2,0.04977134874876729,2,False,PRE_PRIMARY_INCOMPLETE_CYCLE,0.414688,-0.0005798975520430907,-0.015377765290406157,-0.10093007227060136,0.4207694923257346,0.24341235821491333,0.23721740468925687,0.0,0.36246211150373425,0.4633921837743356,0.37238626739215563,0.27417607476471917
c3_w2_tcop_cm0_states_L0.4_km0_2090_ucp0_0498_s256,cm0,stageC,-0.1,-0.209,0.1,0.04977134874876729,256,3,0.04977134874876729,0,True,,0.41564799999999996,0.0008627707092791135,-0.011111526491558967,-0.10093007227060136,0.42067367281329004,0.2433916033977461,0.23721740468925687,0.0,0.36246211150373425,0.4633921837743356,0.3753782361209284,0.27375458358919635
c3_w2_tcop_cm0_states_L0.4_km0_2090_ucp0_0498_s256,cm0,stageC,-0.1,-0.209,0.1,0.04977134874876729,256,4,0.04977134874876729,1,True,,0.41163200000000005,0.0038163819053338294,0.0013744401756707848,-0.10093007227060136,0.4210834289796927,0.2434531617376575,0.23721740468925687,0.0,0.36246211150373425,0.4633921837743356,0.38181520622808124,0.274111940054847
c3_w2_tcop_cm0_states_L0.4_km0_2090_ucp0_0498_s256,cm0,stageC,-0.1,-0.209,0.1,0.04977134874876729,256,5,0.04977134874876729,2,True,,0.408912,0.0008242827673401745,-0.030913739442481304,-0.10093007227060136,0.4213588222558419,0.2435009233569926,0.23721740468925687,0.0,0.36246211150373425,0.4633921837743356,0.37710032831813356,0.2765164528637674
c3_w2_tcop_cm0_states_L0.4_km0_2090_ucp0_0498_s256,cm0,stageC,-0.1,-0.209,0.1,0.04977134874876729,256,6,0.04977134874876729,0,True,,0.411056,-0.004577591530451712,-0.016132741828292756,-0.10093007227060136,0.4211387739173797,0.2434720670194619,0.23721740468925687,0.0,0.36246211150373425,0.4633921837743356,0.3590851409847138,0.2679758139928659
c3_w2_tcop_cm0_states_L0.4_km0_2090_ucp0_0498_s256,cm0,stageC,-0.1,-0.209,0.1,0.04977134874876729,256,7,0.04977134874876729,1,True,,0.414048,9.518224164377989e-06,-0.0160509964919855,-0.10093007227060136,0.4208361013759916,0.2434181993743662,0.23721740468925687,0.0,0.36246211150373425,0.4633921837743356,0.37361579012347407,0.2764230535910551
c3_w2_tcop_cm0_states_L0.4_km0_2090_ucp0_0498_s256,cm0,stageC,-0.1,-0.209,0.1,0.04977134874876729,256,8,0.04977134874876729,2,True,,0.41363200000000006,0.004149360131881028,-0.019765402410838535,-0.10093007227060136,0.42087915740012144,0.24342370192345947,0.23721740468925687,0.0,0.36246211150373425,0.4633921837743356,0.3818441108329336,0.27201322644885045
c3_w2_tcop_cm0_states_L0.4_km0_2090_ucp0_0498_s256,cm0,stageC,-0.1,-0.209,0.1,0.04977134874876729,256,9,0.04977134874876729,0,True,,0.413536,-0.0011721590963437375,0.0005410124102927662,-0.10093007227060136,0.4208868502820678,0.24343058996934056,0.23721740468925687,0.0,0.36246211150373425,0.4633921837743356,0.3701154561087624,0.26844744896024586
c3_w2_tcop_cm0_states_L0.4_km0_2090_ucp0_0498_s256,cm0,stageC,-0.1,-0.209,0.1,0.04977134874876729,256,10,0.04977134874876729,1,True,,0.41208000000000006,-0.0009522845610470534,-0.016865861202004343,-0.10093007227060136,0.421036461511158,0.2434502295894691,0.23721740468925687,0.0,0.36246211150373425,0.4633921837743356,0.36997067755062185,0.26840895239521123
c3_w2_tcop_cm0_states_L0.4_km0_2090_ucp0_0498_s256,cm0,stageC,-0.1,-0.209,0.1,0.04977134874876729,256,11,0.04977134874876729,2,True,,0.41184,-0.0008002866387066543,-0.017010026505605284,-0.10093007227060136,0.42106013027307615,0.24345573567536402,0.23721740468925687,0.0,0.36246211150373425,0.4633921837743356,0.3698959987093936,0.2722429202977395
c3_w2_tcop_cm0_states_L0.4_km0_2090_ucp0_0498_s256,cm0,stageC,-0.1,-0.209,0.1,0.04977134874876729,256,12,0.04977134874876729,0,True,,0.411152,-0.0024843673931435124,-0.013394195947104118,-0.10093007227060136,0.4211297015388928,0.24346794435251143,0.23721740468925687,0.0,0.36246211150373425,0.4633921837743356,0.36596339755245366,0.2754052126672176
c3_w2_tcop_cm0_states_L0.4_km0_2090_ucp0_0498_s256,cm0,stageC,-0.1,-0.209,0.1,0.04977134874876729,256,13,0.04977134874876729,1,True,,0.409936,0.007097450353956754,-0.00011833391772663765,-0.10093007227060136,0.4212567058904912,0.24347872356356953,0.23721740468925687,0.0,0.36246211150373425,0.4633921837743356,0.3900895600755686,0.2764793946102742
c3_w2_tcop_cm0_states_L0.4_km0_2090_ucp0_0498_s256,cm0,stageC,-0.1,-0.209,0.1,0.04977134874876729,256,14,0.04977134874876729,2,True,,0.411472,-0.004288781223620821,-0.0030147276930213495,-0.10093007227060136,0.4210949466995453,0.2434696789819311,0.23721740468925687,0.0,0.36246211150373425,0.4633921837743356,0.35912892750225117,0.2627095281707027
c3_w2_tcop_cm0_states_L0.4_km0_2090_ucp0_0498_s256,cm0,stageC,-0.1,-0.209,0.1,0.04977134874876729,256,15,0.04977134874876729,0,False,BLOCK_15_PARTIAL_CYCLE,0.4117279999999999,0.0011567294587719217,-0.00963423868575067,-0.10093007227060136,0.42107191735769783,0.24345631876663354,0.23721740468925687,0.0,0.36246211150373425,0.4633921837743356,0.3706689793201348,0.272054506303596
c3_w2_tcop_cm0_states_L0.4_km0_2090_ucp0_0498_s1024,cm0,stageC,-0.1,-0.209,0.1,0.04977134874876729,1024,0,0.04977134874876729,0,False,PRE_PRIMARY_INCOMPLETE_CYCLE,0.40244800000000003,-0.0026753690899971655,-0.01654722465720772,-0.10093007227060136,0.42202659501695605,0.24357261853252776,0.23721740468925687,0.0,0.36246211150373425,0.4633921837743356,0.368008050336869,0.2751926262549238
c3_w2_tcop_cm0_states_L0.4_km0_2090_ucp0_0498_s1024,cm0,stageC,-0.1,-0.209,0.1,0.04977134874876729,1024,1,0.04977134874876729,1,False,PRE_PRIMARY_INCOMPLETE_CYCLE,0.412192,0.00046734929911226283,-0.019599217314398575,-0.10093007227060136,0.4210246852472964,0.24344907576678176,0.23721740468925687,0.0,0.36246211150373425,0.4633921837743356,0.3731594891456402,0.2753333343554619
c3_w2_tcop_cm0_states_L0.4_km0_2090_ucp0_0498_s1024,cm0,stageC,-0.1,-0.209,0.1,0.04977134874876729,1024,2,0.04977134874876729,2,False,PRE_PRIMARY_INCOMPLETE_CYCLE,0.4103359999999999,0.0020836173729879524,-0.004240804062434476,-0.10093007227060136,0.4212138119255451,0.2434786928116284,0.23721740468925687,0.0,0.36246211150373425,0.4633921837743356,0.3786128608544413,0.2699909423670322
c3_w2_tcop_cm0_states_L0.4_km0_2090_ucp0_0498_s1024,cm0,stageC,-0.1,-0.209,0.1,0.04977134874876729,1024,3,0.04977134874876729,0,True,,0.41240000000000004,0.0009422704302815669,-0.01639401141508943,-0.10093007227060136,0.421003093709585,0.24344722225492382,0.23721740468925687,0.0,0.36246211150373425,0.4633921837743356,0.3759566260467468,0.2710192574163216
c3_w2_tcop_cm0_states_L0.4_km0_2090_ucp0_0498_s1024,cm0,stageC,-0.1,-0.209,0.1,0.04977134874876729,1024,4,0.04977134874876729,1,True,,0.414256,0.0010190490023204522,-0.014090548661042148,-0.10093007227060136,0.4208152433137263,0.24341462480731593,0.23721740468925687,0.0,0.36246211150373425,0.4633921837743356,0.3735163094945738,0.26681246808398046
c3_w2_tcop_cm0_states_L0.4_km0_2090_ucp0_0498_s1024,cm0,stageC,-0.1,-0.209,0.1,0.04977134874876729,1024,5,0.04977134874876729,2,True,,0.41375999999999996,-4.6522795618500545e-05,-0.02084840269511383,-0.10093007227060136,0.4208641488761867,0.24342666561926793,0.23721740468925687,0.0,0.36246211150373425,0.4633921837743356,0.374305136150343,0.27443752992919257
c3_w2_tcop_cm0_states_L0.4_km0_2090_ucp0_0498_s1024,cm0,stageC,-0.1,-0.209,0.1,0.04977134874876729,1024,6,0.04977134874876729,0,True,,0.416816,-0.0010582555796550858,-0.010640750068109186,-0.10093007227060136,0.4205545601018845,0.24337406493822655,0.23721740468925687,0.0,0.36246211150373425,0.4633921837743356,0.3675489857561322,0.26581346409335815
c3_w2_tcop_cm0_states_L0.4_km0_2090_ucp0_0498_s1024,cm0,stageC,-0.1,-0.209,0.1,0.04977134874876729,1024,7,0.04977134874876729,1,True,,0.409216,0.0012196800395359647,0.005134463602481766,-0.10093007227060136,0.4213271543571629,0.2434983788753212,0.23721740468925687,0.0,0.36246211150373425,0.4633921837743356,0.3741839975225061,0.26710215930703235
c3_w2_tcop_cm0_states_L0.4_km0_2090_ucp0_0498_s1024,cm0,stageC,-0.1,-0.209,0.1,0.04977134874876729,1024,8,0.04977134874876729,2,True,,0.4095039999999999,-0.0003749751619331156,-0.00481747307282894,-0.10093007227060136,0.4212990253489636,0.2434904210062141,0.23721740468925687,0.0,0.36246211150373425,0.4633921837743356,0.37385638798293586,0.27232023276078127
c3_w2_tcop_cm0_states_L0.4_km0_2090_ucp0_0498_s1024,cm0,stageC,-0.1,-0.209,0.1,0.04977134874876729,1024,9,0.04977134874876729,0,True,,0.41265599999999997,-0.0028101048717083677,-0.007832572151744982,-0.10093007227060136,0.42097673593631413,0.24344399257074512,0.23721740468925687,0.0,0.36246211150373425,0.4633921837743356,0.3674744334898631,0.271521128386253
c3_w2_tcop_cm0_states_L0.4_km0_2090_ucp0_0498_s1024,cm0,stageC,-0.1,-0.209,0.1,0.04977134874876729,1024,10,0.04977134874876729,1,True,,0.412,0.0019071760128495524,-0.017221707195321973,-0.10093007227060136,0.4210442352554769,0.24345204347740573,0.23721740468925687,0.0,0.36246211150373425,0.4633921837743356,0.37751394442266006,0.27444361553942875
c3_w2_tcop_cm0_states_L0.4_km0_2090_ucp0_0498_s1024,cm0,stageC,-0.1,-0.209,0.1,0.04977134874876729,1024,11,0.04977134874876729,2,True,,0.4116160000000001,0.00040318227543945426,-0.00798211077175407,-0.10093007227060136,0.42108397714714924,0.24345663971174758,0.23721740468925687,0.0,0.36246211150373425,0.4633921837743356,0.3767129794184477,0.27365482587073214
c3_w2_tcop_cm0_states_L0.4_km0_2090_ucp0_0498_s1024,cm0,stageC,-0.1,-0.209,0.1,0.04977134874876729,1024,12,0.04977134874876729,0,True,,0.4106720000000001,-0.00033978839140100416,-0.023146602780802977,-0.10093007227060136,0.4211790056037657,0.24347468476005654,0.23721740468925687,0.0,0.36246211150373425,0.4633921837743356,0.3717431229679362,0.2720625612689884
c3_w2_tcop_cm0_states_L0.4_km0_2090_ucp0_0498_s1024,cm0,stageC,-0.1,-0.209,0.1,0.04977134874876729,1024,13,0.04977134874876729,1,True,,0.414752,-0.0010371121269974431,-0.04139852900984069,-0.10093007227060136,0.4207644505755042,0.24340720973609006,0.23721740468925687,0.0,0.36246211150373425,0.4633921837743356,0.36719094317607864,0.27058404038478545
c3_w2_tcop_cm0_states_L0.4_km0_2090_ucp0_0498_s1024,cm0,stageC,-0.1,-0.209,0.1,0.04977134874876729,1024,14,0.04977134874876729,2,True,,0.41393599999999997,-0.00047304691308186166,-0.016088318636394122,-0.10093007227060136,0.42084728047977593,0.24342089523766341,0.23721740468925687,0.0,0.36246211150373425,0.4633921837743356,0.37169743955491663,0.27275766325676964
c3_w2_tcop_cm0_states_L0.4_km0_2090_ucp0_0498_s1024,cm0,stageC,-0.1,-0.209,0.1,0.04977134874876729,1024,15,0.04977134874876729,0,False,BLOCK_15_PARTIAL_CYCLE,0.41184,0.001232291914327384,-0.01731286899354915,-0.10093007227060136,0.42106011156142176,0.2434559533722119,0.23721740468925687,0.0,0.36246211150373425,0.4633921837743356,0.3749050669495485,0.2712315617722545
c3_w2_tcop_cm0_states_L0.4_km0_2090_ucp0_0498_s31415,cm0,stageC,-0.1,-0.209,0.1,0.04977134874876729,31415,0,0.04977134874876729,0,False,PRE_PRIMARY_INCOMPLETE_CYCLE,0.39686399999999994,-0.003645691684630575,0.004185215345842004,-0.10093007227060136,0.4225937529727386,0.2436655845632266,0.23721740468925687,0.0,0.36246211150373425,0.4633921837743356,0.3647749739309289,0.2752296412340675
c3_w2_tcop_cm0_states_L0.4_km0_2090_ucp0_0498_s31415,cm0,stageC,-0.1,-0.209,0.1,0.04977134874876729,31415,1,0.04977134874876729,1,False,PRE_PRIMARY_INCOMPLETE_CYCLE,0.41008,-0.0001445061987126854,-0.005074519631941747,-0.10093007227060136,0.42123878912666396,0.24348567984120584,0.23721740468925687,0.0,0.36246211150373425,0.4633921837743356,0.37345902189521823,0.27060121470423637
c3_w2_tcop_cm0_states_L0.4_km0_2090_ucp0_0498_s31415,cm0,stageC,-0.1,-0.209,0.1,0.04977134874876729,31415,2,0.04977134874876729,2,False,PRE_PRIMARY_INCOMPLETE_CYCLE,0.41336,0.0010922515074315532,-0.02423052705133439,-0.10093007227060136,0.4209055619875432,0.24343156059022178,0.23721740468925687,0.0,0.36246211150373425,0.4633921837743356,0.37834627391688685,0.27299710322765847
c3_w2_tcop_cm0_states_L0.4_km0_2090_ucp0_0498_s31415,cm0,stageC,-0.1,-0.209,0.1,0.04977134874876729,31415,3,0.04977134874876729,0,True,,0.41105600000000003,-0.0015229599667650308,-0.01725880461404952,-0.10093007227060136,0.42113997555871646,0.2434687425395212,0.23721740468925687,0.0,0.36246211150373425,0.4633921837743356,0.36730530757099167,0.267957838607242
c3_w2_tcop_cm0_states_L0.4_km0_2090_ucp0_0498_s31415,cm0,stageC,-0.1,-0.209,0.1,0.04977134874876729,31415,4,0.04977134874876729,1,True,,0.41260800000000003,0.0012704729821917788,-0.028699574433293313,-0.10093007227060136,0.4209836639356811,0.2434387808709326,0.23721740468925687,0.0,0.36246211150373425,0.4633921837743356,0.3729693604806041,0.26961427115119746
c3_w2_tcop_cm0_states_L0.4_km0_2090_ucp0_0498_s31415,cm0,stageC,-0.1,-0.209,0.1,0.04977134874876729,31415,5,0.04977134874876729,2,True,,0.40998399999999996,0.002713434122690453,-0.007621231427648755,-0.10093007227060136,0.4212511129962194,0.24347955479827674,0.23721740468925687,0.0,0.36246211150373425,0.4633921837743356,0.3773292444783388,0.2733730271387518
c3_w2_tcop_cm0_states_L0.4_km0_2090_ucp0_0498_s31415,cm0,stageC,-0.1,-0.209,0.1,0.04977134874876729,31415,6,0.04977134874876729,0,True,,0.41176,0.0020286847989323758,-0.01479944509133636,-0.10093007227060136,0.42107075600873073,0.2434502372720414,0.23721740468925687,0.0,0.36246211150373425,0.4633921837743356,0.3787986032647275,0.2760094360749361
c3_w2_tcop_cm0_states_L0.4_km0_2090_ucp0_0498_s31415,cm0,stageC,-0.1,-0.209,0.1,0.04977134874876729,31415,7,0.04977134874876729,1,True,,0.41244800000000004,-0.002223995058314927,-0.02462771020855313,-0.10093007227060136,0.42099836358887543,0.24344603243295987,0.23721740468925687,0.0,0.36246211150373425,0.4633921837743356,0.36882196274357143,0.2710644217953861
c3_w2_tcop_cm0_states_L0.4_km0_2090_ucp0_0498_s31415,cm0,stageC,-0.1,-0.209,0.1,0.04977134874876729,31415,8,0.04977134874876729,2,True,,0.411488,0.0039722706213187655,-0.01031783339888907,-0.10093007227060136,0.42109744500870316,0.24345725003240487,0.23721740468925687,0.0,0.36246211150373425,0.4633921837743356,0.378317998743452,0.27277012236820436
c3_w2_tcop_cm0_states_L0.4_km0_2090_ucp0_0498_s31415,cm0,stageC,-0.1,-0.209,0.1,0.04977134874876729,31415,9,0.04977134874876729,0,True,,0.410208,0.00017426957415822987,-0.015506969099068913,-0.10093007227060136,0.4212270002580687,0.24348006871323954,0.23721740468925687,0.0,0.36246211150373425,0.4633921837743356,0.3751532779283763,0.27630259421992615
c3_w2_tcop_cm0_states_L0.4_km0_2090_ucp0_0498_s31415,cm0,stageC,-0.1,-0.209,0.1,0.04977134874876729,31415,10,0.04977134874876729,1,True,,0.413808,0.00015680629884399063,-0.01097401916554396,-0.10093007227060136,0.4208609426645965,0.24342185542687897,0.23721740468925687,0.0,0.36246211150373425,0.4633921837743356,0.37618002715367355,0.273438321015527
c3_w2_tcop_cm0_states_L0.4_km0_2090_ucp0_0498_s31415,cm0,stageC,-0.1,-0.209,0.1,0.04977134874876729,31415,11,0.04977134874876729,2,True,,0.41028800000000004,0.0035108085471298816,-0.01642878002835028,-0.10093007227060136,0.4212177077473937,0.24348168323375743,0.23721740468925687,0.0,0.36246211150373425,0.4633921837743356,0.3798214597679948,0.27729574119278044
c3_w2_tcop_cm0_states_L0.4_km0_2090_ucp0_0498_s31415,cm0,stageC,-0.1,-0.209,0.1,0.04977134874876729,31415,12,0.04977134874876729,0,True,,0.4116160000000001,-0.0028373431698618355,-0.002943293042931968,-0.10093007227060136,0.42108277452976156,0.24345990050175648,0.23721740468925687,0.0,0.36246211150373425,0.4633921837743356,0.3699328616007167,0.27479015171778665
c3_w2_tcop_cm0_states_L0.4_km0_2090_ucp0_0498_s31415,cm0,stageC,-0.1,-0.209,0.1,0.04977134874876729,31415,13,0.04977134874876729,1,True,,0.41270399999999996,-0.004221897806758381,-0.021216781483434005,-0.10093007227060136,0.4209709537693803,0.24344542217051063,0.23721740468925687,0.0,0.36246211150373425,0.4633921837743356,0.3624121384240142,0.2697392913944183
c3_w2_tcop_cm0_states_L0.4_km0_2090_ucp0_0498_s31415,cm0,stageC,-0.1,-0.209,0.1,0.04977134874876729,31415,14,0.04977134874876729,2,True,,0.4107039999999999,0.0005977203595682689,-0.015524598720637516,-0.10093007227060136,0.4211769701892297,0.24347040961870126,0.23721740468925687,0.0,0.36246211150373425,0.4633921837743356,0.36916090945339236,0.2729802237130125
c3_w2_tcop_cm0_states_L0.4_km0_2090_ucp0_0498_s31415,cm0,stageC,-0.1,-0.209,0.1,0.04977134874876729,31415,15,0.04977134874876729,0,False,BLOCK_15_PARTIAL_CYCLE,0.41574399999999995,-0.001358041248481791,-0.029759173531064304,-0.10093007227060136,0.42066270944388995,0.2433938585891182,0.23721740468925687,0.0,0.36246211150373425,0.4633921837743356,0.3720031904947667,0.2727666221632718
c3_w2_tcop_cm0_states_L0.4_km0_2090_ucp0_1234_s42,cm0,stageC,-0.1,-0.209,0.25,0.12339551870278656,42,0,0.12339551870278656,0,False,PRE_PRIMARY_INCOMPLETE_CYCLE,0.40923199999999993,0.0017914853475073827,-0.004860215338456925,-0.10209909391676597,0.43935775238912494,0.24596464742672366,0.24088803260042801,0.0,0.3796416321152653,0.4817407260320313,0.3790470982533979,0.2718448980703923
c3_w2_tcop_cm0_states_L0.4_km0_2090_ucp0_1234_s42,cm0,stageC,-0.1,-0.209,0.25,0.12339551870278656,42,1,0.12339551870278656,1,False,PRE_PRIMARY_INCOMPLETE_CYCLE,0.421264,-0.002660339158569039,-0.026446424367500585,-0.10209909391676597,0.438111541318856,0.2458529119237749,0.24088803260042801,0.0,0.3796416321152653,0.4817407260320313,0.3637925819834852,0.26371529316522524
c3_w2_tcop_cm0_states_L0.4_km0_2090_ucp0_1234_s42,cm0,stageC,-0.1,-0.209,0.25,0.12339551870278656,42,2,0.12339551870278656,2,False,PRE_PRIMARY_INCOMPLETE_CYCLE,0.420592,-6.258639268776283e-05,-0.015602486634023069,-0.10209909391676597,0.43818252046499473,0.24585428615447752,0.24088803260042801,0.0,0.3796416321152653,0.4817407260320313,0.3758052172123096,0.2730687214741132
c3_w2_tcop_cm0_states_L0.4_km0_2090_ucp0_1234_s42,cm0,stageC,-0.1,-0.209,0.25,0.12339551870278656,42,3,0.12339551870278656,0,True,,0.42294400000000004,0.0008646570067053094,-0.0293285633940642,-0.10209909391676597,0.4379404133144644,0.24582584018229467,0.24088803260042801,0.0,0.3796416321152653,0.4817407260320313,0.3748746641718054,0.2630893901320083
c3_w2_tcop_cm0_states_L0.4_km0_2090_ucp0_1234_s42,cm0,stageC,-0.1,-0.209,0.25,0.12339551870278656,42,4,0.12339551870278656,1,True,,0.422272,0.0035797580588825617,-0.016768591340367768,-0.10209909391676597,0.4380097038190878,0.24583311029526853,0.24088803260042801,0.0,0.3796416321152653,0.4817407260320313,0.3812050536944044,0.27091671889783625
c3_w2_tcop_cm0_states_L0.4_km0_2090_ucp0_1234_s42,cm0,stageC,-0.1,-0.209,0.25,0.12339551870278656,42,5,0.12339551870278656,2,True,,0.42446400000000006,0.0010054191214200787,-0.023093651524064427,-0.10209909391676597,0.4377833824501662,0.24580903697661793,0.24088803260042801,0.0,0.3796416321152653,0.4817407260320313,0.37130865068063323,0.2672064055428807
c3_w2_tcop_cm0_states_L0.4_km0_2090_ucp0_1234_s42,cm0,stageC,-0.1,-0.209,0.25,0.12339551870278656,42,6,0.12339551870278656,0,True,,0.420672,0.0004387954618885753,-0.013035264427426616,-0.10209909391676597,0.4381729369086131,0.2458578810470839,0.24088803260042801,0.0,0.3796416321152653,0.4817407260320313,0.37442401261715813,0.27080202087077443
c3_w2_tcop_cm0_states_L0.4_km0_2090_ucp0_1234_s42,cm0,stageC,-0.1,-0.209,0.25,0.12339551870278656,42,7,0.12339551870278656,1,True,,0.42243200000000003,0.0013560188606669854,-0.020516012386438548,-0.10209909391676597,0.4379930029734222,0.24583211116088038,0.24088803260042801,0.0,0.3796416321152653,0.4817407260320313,0.3726057337728019,0.27061441632683103
c3_w2_tcop_cm0_states_L0.4_km0_2090_ucp0_1234_s42,cm0,stageC,-0.1,-0.209,0.25,0.12339551870278656,42,8,0.12339551870278656,2,True,,0.4208,0.0003370253276666227,-0.007120796156485935,-0.10209909391676597,0.43816026317451773,0.24585449270664209,0.24088803260042801,0.0,0.3796416321152653,0.4817407260320313,0.3742038576826811,0.27041653041506725
c3_w2_tcop_cm0_states_L0.4_km0_2090_ucp0_1234_s42,cm0,stageC,-0.1,-0.209,0.25,0.12339551870278656,42,9,0.12339551870278656,0,True,,0.422992,0.002186525892608668,0.0029908423801206347,-0.10209909391676597,0.43793515852784015,0.2458258700675803,0.24088803260042801,0.0,0.3796416321152653,0.4817407260320313,0.37813379086636145,0.2716536511820763
c3_w2_tcop_cm0_states_L0.4_km0_2090_ucp0_1234_s42,cm0,stageC,-0.1,-0.209,0.25,0.12339551870278656,42,10,0.12339551870278656,1,True,,0.42095999999999995,0.0021502992723339024,-0.017698590904185168,-0.10209909391676597,0.43814432453016455,0.2458501622298334,0.24088803260042801,0.0,0.3796416321152653,0.4817407260320313,0.3766393164377526,0.26887106775408426
c3_w2_tcop_cm0_states_L0.4_km0_2090_ucp0_1234_s42,cm0,stageC,-0.1,-0.209,0.25,0.12339551870278656,42,11,0.12339551870278656,2,True,,0.41960000000000003,0.0007876007985042835,-0.024256664841086156,-0.10209909391676597,0.4382839151429617,0.24586820114040212,0.24088803260042801,0.0,0.3796416321152653,0.4817407260320313,0.37678809414120307,0.27432502289165794
c3_w2_tcop_cm0_states_L0.4_km0_2090_ucp0_1234_s42,cm0,stageC,-0.1,-0.209,0.25,0.12339551870278656,42,12,0.12339551870278656,0,True,,0.424304,0.0010878173236003649,-0.01228980169786971,-0.10209909391676597,0.43780193728901273,0.2458031990423746,0.24088803260042801,0.0,0.3796416321152653,0.4817407260320313,0.37213155129664605,0.2723439036611192
c3_w2_tcop_cm0_states_L0.4_km0_2090_ucp0_1234_s42,cm0,stageC,-0.1,-0.209,0.25,0.12339551870278656,42,13,0.12339551870278656,1,True,,0.4219840000000001,-0.005007061653271483,-0.030387630107120117,-0.10209909391676597,0.4380381562021703,0.2458414575881953,0.24088803260042801,0.0,0.3796416321152653,0.4817407260320313,0.35981659072349886,0.2650499974077679
c3_w2_tcop_cm0_states_L0.4_km0_2090_ucp0_1234_s42,cm0,stageC,-0.1,-0.209,0.25,0.12339551870278656,42,14,0.12339551870278656,2,True,,0.42052799999999996,9.424371283683272e-06,-0.008427656544827421,-0.10209909391676597,0.43818792454293715,0.245859328122869,0.24088803260042801,0.0,0.3796416321152653,0.4817407260320313,0.3690475679239992,0.2683781015672437
c3_w2_tcop_cm0_states_L0.4_km0_2090_ucp0_1234_s42,cm0,stageC,-0.1,-0.209,0.25,0.12339551870278656,42,15,0.12339551870278656,0,False,BLOCK_15_PARTIAL_CYCLE,0.422528,-0.002794771217627193,-0.0003321593053872459,-0.10209909391676597,0.43798213562793437,0.2458342345785009,0.24088803260042801,0.0,0.3796416321152653,0.4817407260320313,0.3655558840615892,0.2712241379620006
c3_w2_tcop_cm0_states_L0.4_km0_2090_ucp0_1234_s137,cm0,stageC,-0.1,-0.209,0.25,0.12339551870278656,137,0,0.12339551870278656,0,False,PRE_PRIMARY_INCOMPLETE_CYCLE,0.414096,0.0021567945033239937,-0.012218127144554185,-0.10209909391676597,0.43885887487063696,0.2458990864443971,0.24088803260042801,0.0,0.3796416321152653,0.4817407260320313,0.3786479383000245,0.27279353872112266
c3_w2_tcop_cm0_states_L0.4_km0_2090_ucp0_1234_s137,cm0,stageC,-0.1,-0.209,0.25,0.12339551870278656,137,1,0.12339551870278656,1,False,PRE_PRIMARY_INCOMPLETE_CYCLE,0.42084799999999994,-0.0010681529663004203,-0.02420488733073199,-0.10209909391676597,0.43815583936078717,0.24585242682559091,0.24088803260042801,0.0,0.3796416321152653,0.4817407260320313,0.3724096282770869,0.26636346063693833
c3_w2_tcop_cm0_states_L0.4_km0_2090_ucp0_1234_s137,cm0,stageC,-0.1,-0.209,0.25,0.12339551870278656,137,2,0.12339551870278656,2,False,PRE_PRIMARY_INCOMPLETE_CYCLE,0.42129599999999995,0.0009543002180661362,-0.017550867199767943,-0.10209909391676597,0.4381094220960096,0.24584810520971673,0.24088803260042801,0.0,0.3796416321152653,0.4817407260320313,0.3701018486965977,0.26594688211756495
c3_w2_tcop_cm0_states_L0.4_km0_2090_ucp0_1234_s137,cm0,stageC,-0.1,-0.209,0.25,0.12339551870278656,137,3,0.12339551870278656,0,True,,0.422592,0.0006201759460727135,-0.018919840382239827,-0.10209909391676597,0.4379755067767452,0.2458338498521055,0.24088803260042801,0.0,0.3796416321152653,0.4817407260320313,0.3747345923035458,0.267977451408359
c3_w2_tcop_cm0_states_L0.4_km0_2090_ucp0_1234_s137,cm0,stageC,-0.1,-0.209,0.25,0.12339551870278656,137,4,0.12339551870278656,1,True,,0.421792,0.002351938266452522,-0.02981601329683249,-0.10209909391676597,0.43805927536964623,0.24583837624215713,0.24088803260042801,0.0,0.3796416321152653,0.4817407260320313,0.38276235437587786,0.27075873731177
c3_w2_tcop_cm0_states_L0.4_km0_2090_ucp0_1234_s137,cm0,stageC,-0.1,-0.209,0.25,0.12339551870278656,137,5,0.12339551870278656,2,True,,0.42135999999999996,0.0034735145024297025,-0.015044143961231153,-0.10209909391676597,0.438103724776898,0.2458434052494795,0.24088803260042801,0.0,0.3796416321152653,0.4817407260320313,0.37778321396565145,0.26850632198773383
c3_w2_tcop_cm0_states_L0.4_km0_2090_ucp0_1234_s137,cm0,stageC,-0.1,-0.209,0.25,0.12339551870278656,137,6,0.12339551870278656,0,True,,0.4217120000000001,0.0014555007772580112,-0.019291801967810693,-0.10209909391676597,0.43806691921941576,0.24584190938862302,0.24088803260042801,0.0,0.3796416321152653,0.4817407260320313,0.3736884195859536,0.2624501059309921
c3_w2_tcop_cm0_states_L0.4_km0_2090_ucp0_1234_s137,cm0,stageC,-0.1,-0.209,0.25,0.12339551870278656,137,7,0.12339551870278656,1,True,,0.422368,0.001046360610716495,-0.014252836830329086,-0.10209909391676597,0.437998839703267,0.24583531018480204,0.24088803260042801,0.0,0.3796416321152653,0.4817407260320313,0.3742054918854656,0.2701344155926304
c3_w2_tcop_cm0_states_L0.4_km0_2090_ucp0_1234_s137,cm0,stageC,-0.1,-0.209,0.25,0.12339551870278656,137,8,0.12339551870278656,2,True,,0.42072000000000004,-0.0002816238574018568,-0.01059469825843738,-0.10209909391676597,0.43816901843280787,0.245853092448368,0.24088803260042801,0.0,0.3796416321152653,0.4817407260320313,0.37301530829850643,0.27188446254288456
c3_w2_tcop_cm0_states_L0.4_km0_2090_ucp0_1234_s137,cm0,stageC,-0.1,-0.209,0.25,0.12339551870278656,137,9,0.12339551870278656,0,True,,0.421744,0.004324754177028033,0.004533244031345321,-0.10209909391676597,0.43806495893658554,0.24583639413630512,0.24088803260042801,0.0,0.3796416321152653,0.4817407260320313,0.3860940454390637,0.2756639539129719
c3_w2_tcop_cm0_states_L0.4_km0_2090_ucp0_1234_s137,cm0,stageC,-0.1,-0.209,0.25,0.12339551870278656,137,10,0.12339551870278656,1,True,,0.42196799999999995,-0.0005823282995709685,-0.004285644422365102,-0.10209909391676597,0.4380391282511735,0.2458440635419482,0.24088803260042801,0.0,0.3796416321152653,0.4817407260320313,0.3684047725447946,0.26439813415937874
c3_w2_tcop_cm0_states_L0.4_km0_2090_ucp0_1234_s137,cm0,stageC,-0.1,-0.209,0.25,0.12339551870278656,137,11,0.12339551870278656,2,True,,0.42119999999999996,-5.447408782343064e-05,-0.010080100801008013,-0.10209909391676597,0.43812012070479583,0.2458459401137208,0.24088803260042801,0.0,0.3796416321152653,0.4817407260320313,0.3753847094267037,0.2676638971134572
c3_w2_tcop_cm0_states_L0.4_km0_2090_ucp0_1234_s137,cm0,stageC,-0.1,-0.209,0.25,0.12339551870278656,137,12,0.12339551870278656,0,True,,0.423968,-5.749491710028063e-05,-0.0093562244227771,-0.10209909391676597,0.4378341695827005,0.24581597024496918,0.24088803260042801,0.0,0.3796416321152653,0.4817407260320313,0.36885763469425703,0.2643267205947779
c3_w2_tcop_cm0_states_L0.4_km0_2090_ucp0_1234_s137,cm0,stageC,-0.1,-0.209,0.25,0.12339551870278656,137,13,0.12339551870278656,1,True,,0.42054400000000003,0.0010345785805804231,-0.01816067000027501,-0.10209909391676597,0.4381871991358516,0.2458559362217885,0.24088803260042801,0.0,0.3796416321152653,0.4817407260320313,0.3752852090299132,0.2678523272492751
c3_w2_tcop_cm0_states_L0.4_km0_2090_ucp0_1234_s137,cm0,stageC,-0.1,-0.209,0.25,0.12339551870278656,137,14,0.12339551870278656,2,True,,0.422864,0.0032396148812728247,-0.009915628433496058,-0.10209909391676597,0.43795009918471794,0.24582094638476387,0.24088803260042801,0.0,0.3796416321152653,0.4817407260320313,0.38176460626788533,0.2702512075212064
c3_w2_tcop_cm0_states_L0.4_km0_2090_ucp0_1234_s137,cm0,stageC,-0.1,-0.209,0.25,0.12339551870278656,137,15,0.12339551870278656,0,False,BLOCK_15_PARTIAL_CYCLE,0.42142399999999997,-0.0009209119408292412,0.011732622191935948,-0.10209909391676597,0.4380959083472399,0.2458473415384133,0.24088803260042801,0.0,0.3796416321152653,0.4817407260320313,0.37159283511704166,0.2733717522726432
c3_w2_tcop_cm0_states_L0.4_km0_2090_ucp0_1234_s256,cm0,stageC,-0.1,-0.209,0.25,0.12339551870278656,256,0,0.12339551870278656,0,False,PRE_PRIMARY_INCOMPLETE_CYCLE,0.411056,0.003970968564875279,-0.01229542333492453,-0.10209909391676597,0.43917204905154,0.2459344996922104,0.24088803260042801,0.0,0.3796416321152653,0.4817407260320313,0.38405711535063597,0.27765261829855864
c3_w2_tcop_cm0_states_L0.4_km0_2090_ucp0_1234_s256,cm0,stageC,-0.1,-0.209,0.25,0.12339551870278656,256,1,0.12339551870278656,1,False,PRE_PRIMARY_INCOMPLETE_CYCLE,0.42361600000000005,-0.0023861497924405053,-0.011023914863669496,-0.10209909391676597,0.43787100718297767,0.24581804150821973,0.24088803260042801,0.0,0.3796416321152653,0.4817407260320313,0.36404707623436766,0.2665681382624135
c3_w2_tcop_cm0_states_L0.4_km0_2090_ucp0_1234_s256,cm0,stageC,-0.1,-0.209,0.25,0.12339551870278656,256,2,0.12339551870278656,2,False,PRE_PRIMARY_INCOMPLETE_CYCLE,0.423984,-0.0004982920826200985,-0.015906607197099618,-0.10209909391676597,0.4378322904141082,0.24581660504347336,0.24088803260042801,0.0,0.3796416321152653,0.4817407260320313,0.37241377066961134,0.2707619005031707
c3_w2_tcop_cm0_states_L0.4_km0_2090_ucp0_1234_s256,cm0,stageC,-0.1,-0.209,0.25,0.12339551870278656,256,3,0.12339551870278656,0,True,,0.424928,0.0008860470077242527,-0.011080929815740225,-0.10209909391676597,0.4377369258450101,0.24579854138805662,0.24088803260042801,0.0,0.3796416321152653,0.4817407260320313,0.37617965722902236,0.27026669592103475
c3_w2_tcop_cm0_states_L0.4_km0_2090_ucp0_1234_s256,cm0,stageC,-0.1,-0.209,0.25,0.12339551870278656,256,4,0.12339551870278656,1,True,,0.42100800000000005,0.004216368213348935,-0.0012183649148811316,-0.10209909391676597,0.4381405876312951,0.24584528492468022,0.24088803260042801,0.0,0.3796416321152653,0.4817407260320313,0.3824189478670536,0.27240552428985143
c3_w2_tcop_cm0_states_L0.4_km0_2090_ucp0_1234_s256,cm0,stageC,-0.1,-0.209,0.25,0.12339551870278656,256,5,0.12339551870278656,2,True,,0.41916799999999993,0.0022746572613218203,-0.03213327434524281,-0.10209909391676597,0.4383289936422823,0.24587141047626182,0.24088803260042801,0.0,0.3796416321152653,0.4817407260320313,0.38033544226991794,0.27398861430083454
c3_w2_tcop_cm0_states_L0.4_km0_2090_ucp0_1234_s256,cm0,stageC,-0.1,-0.209,0.25,0.12339551870278656,256,6,0.12339551870278656,0,True,,0.420272,-0.003944593239098736,-0.015054022760193596,-0.10209909391676597,0.43821407633830806,0.24586309079863103,0.24088803260042801,0.0,0.3796416321152653,0.4817407260320313,0.3616013807464077,0.2666792137223979
c3_w2_tcop_cm0_states_L0.4_km0_2090_ucp0_1234_s256,cm0,stageC,-0.1,-0.209,0.25,0.12339551870278656,256,7,0.12339551870278656,1,True,,0.423488,-0.00016220949155473094,-0.01101085230554515,-0.10209909391676597,0.4378844007924483,0.24581842537453502,0.24088803260042801,0.0,0.3796416321152653,0.4817407260320313,0.37299926724854543,0.27221011360593317
c3_w2_tcop_cm0_states_L0.4_km0_2090_ucp0_1234_s256,cm0,stageC,-0.1,-0.209,0.25,0.12339551870278656,256,8,0.12339551870278656,2,True,,0.423296,0.0044939999646435415,-0.020640521196069482,-0.10209909391676597,0.4379049263460328,0.24581898901429622,0.24088803260042801,0.0,0.3796416321152653,0.4817407260320313,0.3816904769346928,0.26843852545982877
c3_w2_tcop_cm0_states_L0.4_km0_2090_ucp0_1234_s256,cm0,stageC,-0.1,-0.209,0.25,0.12339551870278656,256,9,0.12339551870278656,0,True,,0.423584,-0.0006391423439244472,0.0036109621810999325,-0.10209909391676597,0.43787364097428133,0.24582091698876746,0.24088803260042801,0.0,0.3796416321152653,0.4817407260320313,0.3707418507118341,0.26653038773483173
c3_w2_tcop_cm0_states_L0.4_km0_2090_ucp0_1234_s256,cm0,stageC,-0.1,-0.209,0.25,0.12339551870278656,256,10,0.12339551870278656,1,True,,0.421952,-0.0017679124838123372,-0.01545078847162259,-0.10209909391676597,0.4380422714310903,0.2458386776315507,0.24088803260042801,0.0,0.3796416321152653,0.4817407260320313,0.3680042379874338,0.2656868181370685
c3_w2_tcop_cm0_states_L0.4_km0_2090_ucp0_1234_s256,cm0,stageC,-0.1,-0.209,0.25,0.12339551870278656,256,11,0.12339551870278656,2,True,,0.42184000000000005,-4.175292031234283e-05,-0.015727211095946055,-0.10209909391676597,0.43805353733261115,0.24584050780802558,0.24088803260042801,0.0,0.3796416321152653,0.4817407260320313,0.37110749138056903,0.26855613712654436
c3_w2_tcop_cm0_states_L0.4_km0_2090_ucp0_1234_s256,cm0,stageC,-0.1,-0.209,0.25,0.12339551870278656,256,12,0.12339551870278656,0,True,,0.42064,-0.00204353023350212,-0.007063061660722874,-0.10209909391676597,0.4381761906312787,0.24585802671816315,0.24088803260042801,0.0,0.3796416321152653,0.4817407260320313,0.366292340613622,0.27210159720952404
c3_w2_tcop_cm0_states_L0.4_km0_2090_ucp0_1234_s256,cm0,stageC,-0.1,-0.209,0.25,0.12339551870278656,256,13,0.12339551870278656,1,True,,0.41961600000000004,0.007472069312671771,0.0026170191086840153,-0.10209909391676597,0.4382842356360339,0.24586119794417982,0.24088803260042801,0.0,0.3796416321152653,0.4817407260320313,0.39121957110237005,0.2743014605458698
c3_w2_tcop_cm0_states_L0.4_km0_2090_ucp0_1234_s256,cm0,stageC,-0.1,-0.209,0.25,0.12339551870278656,256,14,0.12339551870278656,2,True,,0.421152,-0.003468166809034259,-0.001887141651274322,-0.10209909391676597,0.43812195082176336,0.2458583528704651,0.24088803260042801,0.0,0.3796416321152653,0.4817407260320313,0.36064441092851174,0.2616436666231922
c3_w2_tcop_cm0_states_L0.4_km0_2090_ucp0_1234_s256,cm0,stageC,-0.1,-0.209,0.25,0.12339551870278656,256,15,0.12339551870278656,0,False,BLOCK_15_PARTIAL_CYCLE,0.4208800000000001,0.0011626731987662915,-0.008876879922010417,-0.10209909391676597,0.4381522107259774,0.24585230697063187,0.24088803260042801,0.0,0.3796416321152653,0.4817407260320313,0.3724259189757029,0.27066096479051516
c3_w2_tcop_cm0_states_L0.4_km0_2090_ucp0_1234_s1024,cm0,stageC,-0.1,-0.209,0.25,0.12339551870278656,1024,0,0.12339551870278656,0,False,PRE_PRIMARY_INCOMPLETE_CYCLE,0.4123840000000001,-0.0023878326392497043,-0.01992615535094349,-0.10209909391676597,0.4390338213973425,0.24592400574442502,0.24088803260042801,0.0,0.3796416321152653,0.4817407260320313,0.36932523391730654,0.2730231347110054
c3_w2_tcop_cm0_states_L0.4_km0_2090_ucp0_1234_s1024,cm0,stageC,-0.1,-0.209,0.25,0.12339551870278656,1024,1,0.12339551870278656,1,False,PRE_PRIMARY_INCOMPLETE_CYCLE,0.42180799999999996,0.0005157141440037004,-0.0187369385355781,-0.10209909391676597,0.43805711112482243,0.24583999496060477,0.24088803260042801,0.0,0.3796416321152653,0.4817407260320313,0.3729851426103968,0.2708071359318632
c3_w2_tcop_cm0_states_L0.4_km0_2090_ucp0_1234_s1024,cm0,stageC,-0.1,-0.209,0.25,0.12339551870278656,1024,2,0.12339551870278656,2,False,PRE_PRIMARY_INCOMPLETE_CYCLE,0.42038400000000004,0.0016893652650188788,-0.00588894057310032,-0.10209909391676597,0.43820341472497,0.24585862958766713,0.24088803260042801,0.0,0.3796416321152653,0.4817407260320313,0.3782278154826822,0.26777602024381053
c3_w2_tcop_cm0_states_L0.4_km0_2090_ucp0_1234_s1024,cm0,stageC,-0.1,-0.209,0.25,0.12339551870278656,1024,3,0.12339551870278656,0,True,,0.421632,0.000545064896078898,-0.018920636534069078,-0.10209909391676597,0.43807425608418626,0.245845885641545,0.24088803260042801,0.0,0.3796416321152653,0.4817407260320313,0.3749964517841804,0.26808984615848447
c3_w2_tcop_cm0_states_L0.4_km0_2090_ucp0_1234_s1024,cm0,stageC,-0.1,-0.209,0.25,0.12339551870278656,1024,4,0.12339551870278656,1,True,,0.42382400000000003,0.0014152870466426503,-0.008079327070926118,-0.10209909391676597,0.4378501438042761,0.24581391361882252,0.24088803260042801,0.0,0.3796416321152653,0.4817407260320313,0.37380004432785574,0.2633488228652047
c3_w2_tcop_cm0_states_L0.4_km0_2090_ucp0_1234_s1024,cm0,stageC,-0.1,-0.209,0.25,0.12339551870278656,1024,5,0.12339551870278656,2,True,,0.4232,-0.00022567975670371128,-0.02069934205662749,-0.10209909391676597,0.4379130335486571,0.24582595755881792,0.24088803260042801,0.0,0.3796416321152653,0.4817407260320313,0.3742138467031308,0.2713830733499512
c3_w2_tcop_cm0_states_L0.4_km0_2090_ucp0_1234_s1024,cm0,stageC,-0.1,-0.209,0.25,0.12339551870278656,1024,6,0.12339551870278656,0,True,,0.425856,-0.0008433001035083374,-0.011226953532494862,-0.10209909391676597,0.43764089567946174,0.24578954060862576,0.24088803260042801,0.0,0.3796416321152653,0.4817407260320313,0.3671247486227614,0.2635161034555779
c3_w2_tcop_cm0_states_L0.4_km0_2090_ucp0_1234_s1024,cm0,stageC,-0.1,-0.209,0.25,0.12339551870278656,1024,7,0.12339551870278656,1,True,,0.41907200000000006,0.0006134158265161757,0.0049659712939594414,-0.10209909391676597,0.43833774424445526,0.2458772428516429,0.24088803260042801,0.0,0.3796416321152653,0.4817407260320313,0.37232007240942216,0.2631651879963111
c3_w2_tcop_cm0_states_L0.4_km0_2090_ucp0_1234_s1024,cm0,stageC,-0.1,-0.209,0.25,0.12339551870278656,1024,8,0.12339551870278656,2,True,,0.41931199999999996,-5.8520526025574656e-05,-0.004284171285269457,-0.10209909391676597,0.4383140707757137,0.2458703658623902,0.24088803260042801,0.0,0.3796416321152653,0.4817407260320313,0.3740729046958856,0.2685509325218907
c3_w2_tcop_cm0_states_L0.4_km0_2090_ucp0_1234_s1024,cm0,stageC,-0.1,-0.209,0.25,0.12339551870278656,1024,9,0.12339551870278656,0,True,,0.421888,-0.003072631456199495,-0.008185438521730091,-0.10209909391676597,0.43804802119772995,0.245842364715847,0.24088803260042801,0.0,0.3796416321152653,0.4817407260320313,0.3665061186236966,0.26915506612204515
c3_w2_tcop_cm0_states_L0.4_km0_2090_ucp0_1234_s1024,cm0,stageC,-0.1,-0.209,0.25,0.12339551870278656,1024,10,0.12339551870278656,1,True,,0.4219199999999999,0.0010944890950857961,-0.017402832785124524,-0.10209909391676597,0.4380451374955012,0.24584011613893997,0.24088803260042801,0.0,0.3796416321152653,0.4817407260320313,0.3746529744264351,0.26981568070246914
c3_w2_tcop_cm0_states_L0.4_km0_2090_ucp0_1234_s1024,cm0,stageC,-0.1,-0.209,0.25,0.12339551870278656,1024,11,0.12339551870278656,2,True,,0.42153599999999997,0.0012087095968502963,-0.00709858797379725,-0.10209909391676597,0.4380855678227221,0.2458416264761659,0.24088803260042801,0.0,0.3796416321152653,0.4817407260320313,0.37708829412416006,0.27103457137252657
c3_w2_tcop_cm0_states_L0.4_km0_2090_ucp0_1234_s1024,cm0,stageC,-0.1,-0.209,0.25,0.12339551870278656,1024,12,0.12339551870278656,0,True,,0.42033599999999993,-0.000528002720949901,-0.02463707791787501,-0.10209909391676597,0.4382076379566422,0.24586162532226088,0.24088803260042801,0.0,0.3796416321152653,0.4817407260320313,0.3694961977978978,0.2659804853612174
c3_w2_tcop_cm0_states_L0.4_km0_2090_ucp0_1234_s1024,cm0,stageC,-0.1,-0.209,0.25,0.12339551870278656,1024,13,0.12339551870278656,1,True,,0.424592,-0.001554744682808115,-0.040107064586911205,-0.10209909391676597,0.4377707604106872,0.24580512799902376,0.24088803260042801,0.0,0.3796416321152653,0.4817407260320313,0.36554555319529086,0.26952093415782646
c3_w2_tcop_cm0_states_L0.4_km0_2090_ucp0_1234_s1024,cm0,stageC,-0.1,-0.209,0.25,0.12339551870278656,1024,14,0.12339551870278656,2,True,,0.42368,0.00013981012086495325,-0.013621817503940169,-0.10209909391676597,0.4378647037565028,0.24581624573452962,0.24088803260042801,0.0,0.3796416321152653,0.4817407260320313,0.3731787134927235,0.27017575518487946
c3_w2_tcop_cm0_states_L0.4_km0_2090_ucp0_1234_s1024,cm0,stageC,-0.1,-0.209,0.25,0.12339551870278656,1024,15,0.12339551870278656,0,False,BLOCK_15_PARTIAL_CYCLE,0.422032,0.0018462713438308416,-0.011682492612261177,-0.10209909391676597,0.438033526736178,0.2458390875231154,0.24088803260042801,0.0,0.3796416321152653,0.4817407260320313,0.37617794890957595,0.26828261729586567
c3_w2_tcop_cm0_states_L0.4_km0_2090_ucp0_1234_s31415,cm0,stageC,-0.1,-0.209,0.25,0.12339551870278656,31415,0,0.12339551870278656,0,False,PRE_PRIMARY_INCOMPLETE_CYCLE,0.40616,-0.0036654770021621584,0.0024925120514501576,-0.10209909391676597,0.43967251683482966,0.24600679315766832,0.24088803260042801,0.0,0.3796416321152653,0.4817407260320313,0.3640202081064188,0.27232876389424354
c3_w2_tcop_cm0_states_L0.4_km0_2090_ucp0_1234_s31415,cm0,stageC,-0.1,-0.209,0.25,0.12339551870278656,31415,1,0.12339551870278656,1,False,PRE_PRIMARY_INCOMPLETE_CYCLE,0.419216,0.00031845226792345853,-0.008575700160445407,-0.10209909391676597,0.43832256774031847,0.24587654229653683,0.24088803260042801,0.0,0.3796416321152653,0.4817407260320313,0.3743027209335332,0.26852448653469996
c3_w2_tcop_cm0_states_L0.4_km0_2090_ucp0_1234_s31415,cm0,stageC,-0.1,-0.209,0.25,0.12339551870278656,31415,2,0.12339551870278656,2,False,PRE_PRIMARY_INCOMPLETE_CYCLE,0.422608,0.0012191069818912543,-0.02346971744826454,-0.10209909391676597,0.43797441412122445,0.24583193082557814,0.24088803260042801,0.0,0.3796416321152653,0.4817407260320313,0.37801630277862913,0.269144198825642
c3_w2_tcop_cm0_states_L0.4_km0_2090_ucp0_1234_s31415,cm0,stageC,-0.1,-0.209,0.25,0.12339551870278656,31415,3,0.12339551870278656,0,True,,0.42103999999999997,-0.0017073837680415416,-0.016123242831279697,-0.10209909391676597,0.4381356493638235,0.24585161073201933,0.24088803260042801,0.0,0.3796416321152653,0.4817407260320313,0.36829083834449655,0.2663731259250233
c3_w2_tcop_cm0_states_L0.4_km0_2090_ucp0_1234_s31415,cm0,stageC,-0.1,-0.209,0.25,0.12339551870278656,31415,4,0.12339551870278656,1,True,,0.42176,0.0015085913902436092,-0.028031467316739972,-0.10209909391676597,0.4380628037896241,0.245837711303444,0.24088803260042801,0.0,0.3796416321152653,0.4817407260320313,0.3731628226595046,0.2677703823656261
c3_w2_tcop_cm0_states_L0.4_km0_2090_ucp0_1234_s31415,cm0,stageC,-0.1,-0.209,0.25,0.12339551870278656,31415,5,0.12339551870278656,2,True,,0.41964799999999997,0.0028981411690293373,-0.009546935331531593,-0.10209909391676597,0.4382802014331013,0.24586303130327333,0.24088803260042801,0.0,0.3796416321152653,0.4817407260320313,0.3790164829322808,0.2700725467541237
c3_w2_tcop_cm0_states_L0.4_km0_2090_ucp0_1234_s31415,cm0,stageC,-0.1,-0.209,0.25,0.12339551870278656,31415,6,0.12339551870278656,0,True,,0.4224959999999999,0.003053170737462272,-0.015994983966409953,-0.10209909391676597,0.43798790960316614,0.2458257496026362,0.24088803260042801,0.0,0.3796416321152653,0.4817407260320313,0.3794428841379132,0.27301336257196573
c3_w2_tcop_cm0_states_L0.4_km0_2090_ucp0_1234_s31415,cm0,stageC,-0.1,-0.209,0.25,0.12339551870278656,31415,7,0.12339551870278656,1,True,,0.42168000000000005,-0.001748953464308351,-0.02068903030423672,-0.10209909391676597,0.4380701579000347,0.2458421866299817,0.24088803260042801,0.0,0.3796416321152653,0.4817407260320313,0.37035402403812007,0.26982385116185814
c3_w2_tcop_cm0_states_L0.4_km0_2090_ucp0_1234_s31415,cm0,stageC,-0.1,-0.209,0.25,0.12339551870278656,31415,8,0.12339551870278656,2,True,,0.421648,0.0030948939945408165,-0.011347892746265539,-0.10209909391676597,0.43807369598927054,0.24584141102223403,0.24088803260042801,0.0,0.3796416321152653,0.4817407260320313,0.3753990387652356,0.2676717672802998
c3_w2_tcop_cm0_states_L0.4_km0_2090_ucp0_1234_s31415,cm0,stageC,-0.1,-0.209,0.25,0.12339551870278656,31415,9,0.12339551870278656,0,True,,0.419696,0.0010091822276105094,-0.01636020854728013,-0.10209909391676597,0.4382744255758198,0.24586614028408504,0.24088803260042801,0.0,0.3796416321152653,0.4817407260320313,0.3768856498124905,0.271048669593133
c3_w2_tcop_cm0_states_L0.4_km0_2090_ucp0_1234_s31415,cm0,stageC,-0.1,-0.209,0.25,0.12339551870278656,31415,10,0.12339551870278656,1,True,,0.422864,-0.00041012407219107565,-0.011622762852702315,-0.10209909391676597,0.43794847498137934,0.24582774659845552,0.24088803260042801,0.0,0.3796416321152653,0.4817407260320313,0.3736021787034685,0.2702884556631464
c3_w2_tcop_cm0_states_L0.4_km0_2090_ucp0_1234_s31415,cm0,stageC,-0.1,-0.209,0.25,0.12339551870278656,31415,11,0.12339551870278656,2,True,,0.4199839999999999,0.0034859637079202514,-0.01760439800544364,-0.10209909391676597,0.4382440269431497,0.2458650052512968,0.24088803260042801,0.0,0.3796416321152653,0.4817407260320313,0.3812433642086102,0.27456431591960556
c3_w2_tcop_cm0_states_L0.4_km0_2090_ucp0_1234_s31415,cm0,stageC,-0.1,-0.209,0.25,0.12339551870278656,31415,12,0.12339551870278656,0,True,,0.421632,-0.0024583096702345455,-0.0005027774240802906,-0.10209909391676597,0.43807471806931814,0.24584398152347386,0.24088803260042801,0.0,0.3796416321152653,0.4817407260320313,0.36925711144597445,0.2711329926215158
c3_w2_tcop_cm0_states_L0.4_km0_2090_ucp0_1234_s31415,cm0,stageC,-0.1,-0.209,0.25,0.12339551870278656,31415,13,0.12339551870278656,1,True,,0.42263999999999996,-0.004083765427966645,-0.023970731524898356,-0.10209909391676597,0.43797017259448334,0.24583449337896274,0.24088803260042801,0.0,0.3796416321152653,0.4817407260320313,0.36260356485013284,0.2670544531884448
c3_w2_tcop_cm0_states_L0.4_km0_2090_ucp0_1234_s31415,cm0,stageC,-0.1,-0.209,0.25,0.12339551870278656,31415,14,0.12339551870278656,2,True,,0.420224,0.0006967073101184338,-0.015885469302912007,-0.10209909391676597,0.4382201566331822,0.24585876723305602,0.24088803260042801,0.0,0.3796416321152653,0.4817407260320313,0.36932613742579873,0.27085710281439984
c3_w2_tcop_cm0_states_L0.4_km0_2090_ucp0_1234_s31415,cm0,stageC,-0.1,-0.209,0.25,0.12339551870278656,31415,15,0.12339551870278656,0,False,BLOCK_15_PARTIAL_CYCLE,0.4254240000000001,-0.0028970495936444783,-0.03077452127087315,-0.10209909391676597,0.43768448158991374,0.2457979865278988,0.24088803260042801,0.0,0.3796416321152653,0.4817407260320313,0.3683961415805939,0.26922380987932126
c3_w2_tcop_cm0_states_L0.4_km0_2090_ucp0_2425_s42,cm0,stageC,-0.1,-0.209,0.5,0.24248438819907564,42,0,0.24248438819907564,0,False,PRE_PRIMARY_INCOMPLETE_CYCLE,0.424096,0.002374963315024233,-0.005449097202829593,-0.10344029341860317,0.46728298812709823,0.2485555842596566,0.24558116462810986,0.0,0.40806249664982785,0.511502790068431,0.3810013511735425,0.2680623635779214
c3_w2_tcop_cm0_states_L0.4_km0_2090_ucp0_2425_s42,cm0,stageC,-0.1,-0.209,0.5,0.24248438819907564,42,1,0.24248438819907564,1,False,PRE_PRIMARY_INCOMPLETE_CYCLE,0.436752,-0.0016827730749900327,-0.026695613552357486,-0.10344029341860317,0.4659630330816885,0.2485128290491936,0.24558116462810986,0.0,0.40806249664982785,0.511502790068431,0.36586369185600076,0.25753304103479413
c3_w2_tcop_cm0_states_L0.4_km0_2090_ucp0_2425_s42,cm0,stageC,-0.1,-0.209,0.5,0.24248438819907564,42,2,0.24248438819907564,2,False,PRE_PRIMARY_INCOMPLETE_CYCLE,0.434448,0.0010500151410475541,-0.013258715100951847,-0.10344029341860317,0.4662033491745385,0.2485222507833774,0.24558116462810986,0.0,0.40806249664982785,0.511502790068431,0.37855708645924496,0.27083680305271957
c3_w2_tcop_cm0_states_L0.4_km0_2090_ucp0_2425_s42,cm0,stageC,-0.1,-0.209,0.5,0.24248438819907564,42,3,0.24248438819907564,0,True,,0.4390239999999999,0.0009443555149021668,-0.024738122997938587,-0.10344029341860317,0.46572762044773436,0.24849240029557162,0.24558116462810986,0.0,0.40806249664982785,0.511502790068431,0.3756532916695569,0.2603660969967076
c3_w2_tcop_cm0_states_L0.4_km0_2090_ucp0_2425_s42,cm0,stageC,-0.1,-0.209,0.5,0.24248438819907564,42,4,0.24248438819907564,1,True,,0.437008,0.003909702843570787,-0.017963916097321835,-0.10344029341860317,0.4659372235347068,0.24850434053685888,0.24558116462810986,0.0,0.40806249664982785,0.511502790068431,0.3817851276249282,0.2682457040735715
c3_w2_tcop_cm0_states_L0.4_km0_2090_ucp0_2425_s42,cm0,stageC,-0.1,-0.209,0.5,0.24248438819907564,42,5,0.24248438819907564,2,True,,0.43936,0.0017763549404915865,-0.017193411309072,-0.10344029341860317,0.46569231039949194,0.24849189952960013,0.24558116462810986,0.0,0.40806249664982785,0.511502790068431,0.3743096341739849,0.263284803855351
c3_w2_tcop_cm0_states_L0.4_km0_2090_ucp0_2425_s42,cm0,stageC,-0.1,-0.209,0.5,0.24248438819907564,42,6,0.24248438819907564,0,True,,0.435856,0.0004890181206625731,-0.015370194904545944,-0.10344029341860317,0.4660562068122403,0.24851710547451097,0.24558116462810986,0.0,0.40806249664982785,0.511502790068431,0.37572316543710726,0.26811513863011155
c3_w2_tcop_cm0_states_L0.4_km0_2090_ucp0_2425_s42,cm0,stageC,-0.1,-0.209,0.5,0.24248438819907564,42,7,0.24248438819907564,1,True,,0.43764800000000004,0.0022055045588258203,-0.01810054246670486,-0.10344029341860317,0.46587048747454957,0.24850228995358936,0.24558116462810986,0.0,0.40806249664982785,0.511502790068431,0.3728123507098913,0.2637409897223892
c3_w2_tcop_cm0_states_L0.4_km0_2090_ucp0_2425_s42,cm0,stageC,-0.1,-0.209,0.5,0.24248438819907564,42,8,0.24248438819907564,2,True,,0.436592,-0.0002067514380270253,-0.007164329387807728,-0.10344029341860317,0.4659797062110792,0.24851269937057088,0.24558116462810986,0.0,0.40806249664982785,0.511502790068431,0.3730661611909293,0.2659777407010463
c3_w2_tcop_cm0_states_L0.4_km0_2090_ucp0_2425_s42,cm0,stageC,-0.1,-0.209,0.5,0.24248438819907564,42,9,0.24248438819907564,0,True,,0.43790399999999996,0.001693085188337105,0.0013457339714883203,-0.10344029341860317,0.4658436688106225,0.2485013248939077,0.24558116462810986,0.0,0.40806249664982785,0.511502790068431,0.3779303447613458,0.26780731151960596
c3_w2_tcop_cm0_states_L0.4_km0_2090_ucp0_2425_s42,cm0,stageC,-0.1,-0.209,0.5,0.24248438819907564,42,10,0.24248438819907564,1,True,,0.43620800000000004,0.002151020424231143,-0.020864591323718113,-0.10344029341860317,0.46602009406778916,0.24851108442570324,0.24558116462810986,0.0,0.40806249664982785,0.511502790068431,0.375997303307504,0.26349883871239327
c3_w2_tcop_cm0_states_L0.4_km0_2090_ucp0_2425_s42,cm0,stageC,-0.1,-0.209,0.5,0.24248438819907564,42,11,0.24248438819907564,2,True,,0.434464,0.0018628321660693306,-0.0181995294334587,-0.10344029341860317,0.46620118612125694,0.248524100769894,0.24558116462810986,0.0,0.40806249664982785,0.511502790068431,0.37832266021028316,0.26869655036689016
c3_w2_tcop_cm0_states_L0.4_km0_2090_ucp0_2425_s42,cm0,stageC,-0.1,-0.209,0.5,0.24248438819907564,42,12,0.24248438819907564,0,True,,0.439168,2.5406396578136203e-05,-0.01294849351770647,-0.10344029341860317,0.4657132300786398,0.24848591233412867,0.24558116462810986,0.0,0.40806249664982785,0.511502790068431,0.37079986193695147,0.27128935029629225
c3_w2_tcop_cm0_states_L0.4_km0_2090_ucp0_2425_s42,cm0,stageC,-0.1,-0.209,0.5,0.24248438819907564,42,13,0.24248438819907564,1,True,,0.43744,-0.004532185845390433,-0.029447164782001156,-0.10344029341860317,0.4658917607039154,0.24850643173950174,0.24558116462810986,0.0,0.40806249664982785,0.511502790068431,0.3626995854376864,0.26244861207257825
c3_w2_tcop_cm0_states_L0.4_km0_2090_ucp0_2425_s42,cm0,stageC,-0.1,-0.209,0.5,0.24248438819907564,42,14,0.24248438819907564,2,True,,0.436048,0.0007880390192398072,-0.007830834820951397,-0.10344029341860317,0.46603635323648157,0.24851606671049895,0.24558116462810986,0.0,0.40806249664982785,0.511502790068431,0.37134018286785747,0.2652802912989211
c3_w2_tcop_cm0_states_L0.4_km0_2090_ucp0_2425_s42,cm0,stageC,-0.1,-0.209,0.5,0.24248438819907564,42,15,0.24248438819907564,0,False,BLOCK_15_PARTIAL_CYCLE,0.43849599999999994,-0.0008032997836283207,0.00848652464512745,-0.10344029341860317,0.4657821686228289,0.24849678385108898,0.24558116462810986,0.0,0.40806249664982785,0.511502790068431,0.37060185655104616,0.2682405072430447
c3_w2_tcop_cm0_states_L0.4_km0_2090_ucp0_2425_s137,cm0,stageC,-0.1,-0.209,0.5,0.24248438819907564,137,0,0.24248438819907564,0,False,PRE_PRIMARY_INCOMPLETE_CYCLE,0.428272,0.0012464601799341251,-0.014198185713283922,-0.10344029341860317,0.46684948404182997,0.24852407398657442,0.24558116462810986,0.0,0.40806249664982785,0.511502790068431,0.37764386641139963,0.2682557500970492
c3_w2_tcop_cm0_states_L0.4_km0_2090_ucp0_2425_s137,cm0,stageC,-0.1,-0.209,0.5,0.24248438819907564,137,1,0.24248438819907564,1,False,PRE_PRIMARY_INCOMPLETE_CYCLE,0.435552,-0.0008635740657584964,-0.01718049609311233,-0.10344029341860317,0.4660882595679397,0.248517118328445,0.24558116462810986,0.0,0.40806249664982785,0.511502790068431,0.37279704059376917,0.26443532416641075
c3_w2_tcop_cm0_states_L0.4_km0_2090_ucp0_2425_s137,cm0,stageC,-0.1,-0.209,0.5,0.24248438819907564,137,2,0.24248438819907564,2,False,PRE_PRIMARY_INCOMPLETE_CYCLE,0.436288,0.002546144761203283,-0.01639058775908828,-0.10344029341860317,0.46601167583253744,0.24851266750878512,0.24558116462810986,0.0,0.40806249664982785,0.511502790068431,0.3731587088854653,0.26196702976930114
c3_w2_tcop_cm0_states_L0.4_km0_2090_ucp0_2425_s137,cm0,stageC,-0.1,-0.209,0.5,0.24248438819907564,137,3,0.24248438819907564,0,True,,0.4377440000000001,0.00048553725971963433,-0.021188664441936046,-0.10344029341860317,0.465859744689091,0.24850630680443453,0.24558116462810986,0.0,0.40806249664982785,0.511502790068431,0.372263437116662,0.2623857971070214
c3_w2_tcop_cm0_states_L0.4_km0_2090_ucp0_2425_s137,cm0,stageC,-0.1,-0.209,0.5,0.24248438819907564,137,4,0.24248438819907564,1,True,,0.43664000000000003,0.0028089065773723343,-0.03198278683449356,-0.10344029341860317,0.4659753604570941,0.24850759652838716,0.24558116462810986,0.0,0.40806249664982785,0.511502790068431,0.38353517557903044,0.2665690262601164
c3_w2_tcop_cm0_states_L0.4_km0_2090_ucp0_2425_s137,cm0,stageC,-0.1,-0.209,0.5,0.24248438819907564,137,5,0.24248438819907564,2,True,,0.436608,0.004092607374279055,-0.01199995098219716,-0.10344029341860317,0.46597879242338014,0.2485070809604828,0.24558116462810986,0.0,0.40806249664982785,0.511502790068431,0.37878004542771876,0.26390783317542554
c3_w2_tcop_cm0_states_L0.4_km0_2090_ucp0_2425_s137,cm0,stageC,-0.1,-0.209,0.5,0.24248438819907564,137,6,0.24248438819907564,0,True,,0.4365280000000001,0.0011751787863391813,-0.019981041430016836,-0.10344029341860317,0.4659870118569057,0.2485095503982424,0.24558116462810986,0.0,0.40806249664982785,0.511502790068431,0.3729263208159251,0.2587213216020921
c3_w2_tcop_cm0_states_L0.4_km0_2090_ucp0_2425_s137,cm0,stageC,-0.1,-0.209,0.5,0.24248438819907564,137,7,0.24248438819907564,1,True,,0.43758400000000003,0.0004632074462987903,-0.015199617469293587,-0.10344029341860317,0.46587667254134596,0.24850509495489567,0.24558116462810986,0.0,0.40806249664982785,0.511502790068431,0.37199918048842684,0.26553496586616926
c3_w2_tcop_cm0_states_L0.4_km0_2090_ucp0_2425_s137,cm0,stageC,-0.1,-0.209,0.5,0.24248438819907564,137,8,0.24248438819907564,2,True,,0.43593600000000005,0.0011559909348764906,-0.012123851630479745,-0.10344029341860317,0.46604860223213906,0.24851187185803336,0.24558116462810986,0.0,0.40806249664982785,0.511502790068431,0.37833233633690044,0.26818570743516534
c3_w2_tcop_cm0_states_L0.4_km0_2090_ucp0_2425_s137,cm0,stageC,-0.1,-0.209,0.5,0.24248438819907564,137,9,0.24248438819907564,0,True,,0.436672,0.0031476842771006076,0.0018589289879051135,-0.10344029341860317,0.4659723495380505,0.24850565863742688,0.24558116462810986,0.0,0.40806249664982785,0.511502790068431,0.3829052370974048,0.2696252253419486
c3_w2_tcop_cm0_states_L0.4_km0_2090_ucp0_2425_s137,cm0,stageC,-0.1,-0.209,0.5,0.24248438819907564,137,10,0.24248438819907564,1,True,,0.437552,-0.0006826696175750531,-0.007056257198542725,-0.10344029341860317,0.46587971187116184,0.24850803470882302,0.24558116462810986,0.0,0.40806249664982785,0.511502790068431,0.3689550425227728,0.262447408156959
c3_w2_tcop_cm0_states_L0.4_km0_2090_ucp0_2425_s137,cm0,stageC,-0.1,-0.209,0.5,0.24248438819907564,137,11,0.24248438819907564,2,True,,0.43574399999999996,0.0009434018696074534,-0.011000131148561182,-0.10344029341860317,0.46606837870374157,0.2485145584302258,0.24558116462810986,0.0,0.40806249664982785,0.511502790068431,0.3771296179121095,0.26549313063764723
c3_w2_tcop_cm0_states_L0.4_km0_2090_ucp0_2425_s137,cm0,stageC,-0.1,-0.209,0.5,0.24248438819907564,137,12,0.24248438819907564,0,True,,0.438624,0.0005090651564520653,-0.006817953475362874,-0.10344029341860317,0.4657685864710969,0.24849826548241347,0.24558116462810986,0.0,0.40806249664982785,0.511502790068431,0.37042371530011087,0.26052344159034335
c3_w2_tcop_cm0_states_L0.4_km0_2090_ucp0_2425_s137,cm0,stageC,-0.1,-0.209,0.5,0.24248438819907564,137,13,0.24248438819907564,1,True,,0.434928,0.0008094324541725723,-0.01580581883747381,-0.10344029341860317,0.46615312881280446,0.24852146252996393,0.24558116462810986,0.0,0.40806249664982785,0.511502790068431,0.37484084100693044,0.2631612556323889
c3_w2_tcop_cm0_states_L0.4_km0_2090_ucp0_2425_s137,cm0,stageC,-0.1,-0.209,0.5,0.24248438819907564,137,14,0.24248438819907564,2,True,,0.43799999999999994,0.0043584084639698255,-0.007087804966929651,-0.10344029341860317,0.46583498624970515,0.2484922380018268,0.24558116462810986,0.0,0.40806249664982785,0.511502790068431,0.38399255698979046,0.26632556013786923
c3_w2_tcop_cm0_states_L0.4_km0_2090_ucp0_2425_s137,cm0,stageC,-0.1,-0.209,0.5,0.24248438819907564,137,15,0.24248438819907564,0,False,BLOCK_15_PARTIAL_CYCLE,0.43652799999999997,-0.0004591072582336597,0.012408783931894051,-0.10344029341860317,0.4659866904910271,0.2485107443712991,0.24558116462810986,0.0,0.40806249664982785,0.511502790068431,0.3739143764157285,0.2698912285390178
c3_w2_tcop_cm0_states_L0.4_km0_2090_ucp0_2425_s256,cm0,stageC,-0.1,-0.209,0.5,0.24248438819907564,256,0,0.24248438819907564,0,False,PRE_PRIMARY_INCOMPLETE_CYCLE,0.425776,0.004261807790316211,-0.009971237305387962,-0.10344029341860317,0.46710920045890564,0.2485380704008228,0.24558116462810986,0.0,0.40806249664982785,0.511502790068431,0.3840181094132338,0.27350727194666363
c3_w2_tcop_cm0_states_L0.4_km0_2090_ucp0_2425_s256,cm0,stageC,-0.1,-0.209,0.5,0.24248438819907564,256,1,0.24248438819907564,1,False,PRE_PRIMARY_INCOMPLETE_CYCLE,0.438528,-0.0020452934019320537,-0.013169396494900072,-0.10344029341860317,0.4657789352708633,0.24849685351122328,0.24558116462810986,0.0,0.40806249664982785,0.511502790068431,0.3649935614064161,0.2589840126597751
c3_w2_tcop_cm0_states_L0.4_km0_2090_ucp0_2425_s256,cm0,stageC,-0.1,-0.209,0.5,0.24248438819907564,256,2,0.24248438819907564,2,False,PRE_PRIMARY_INCOMPLETE_CYCLE,0.438896,0.0001381345410569622,-0.014906592771055526,-0.10344029341860317,0.46574030716167747,0.24849662681228646,0.24558116462810986,0.0,0.40806249664982785,0.511502790068431,0.37505673864755673,0.26569058507063575
c3_w2_tcop_cm0_states_L0.4_km0_2090_ucp0_2425_s256,cm0,stageC,-0.1,-0.209,0.5,0.24248438819907564,256,3,0.24248438819907564,0,True,,0.439728,0.0007961876641223556,-0.013229846622097283,-0.10344029341860317,0.46565447516481406,0.24848655366126463,0.24558116462810986,0.0,0.40806249664982785,0.511502790068431,0.3751110791933967,0.26535982435698463
c3_w2_tcop_cm0_states_L0.4_km0_2090_ucp0_2425_s256,cm0,stageC,-0.1,-0.209,0.5,0.24248438819907564,256,4,0.24248438819907564,1,True,,0.4363040000000001,0.0040755737838631826,-0.001242717940684705,-0.10344029341860317,0.46601072055280174,0.2485067437441076,0.24558116462810986,0.0,0.40806249664982785,0.511502790068431,0.38147789877864036,0.26644205154968076
c3_w2_tcop_cm0_states_L0.4_km0_2090_ucp0_2425_s256,cm0,stageC,-0.1,-0.209,0.5,0.24248438819907564,256,5,0.24248438819907564,2,True,,0.434416,0.002579525931957445,-0.03405967383021561,-0.10344029341860317,0.46620656663557103,0.24852234743916468,0.24558116462810986,0.0,0.40806249664982785,0.511502790068431,0.3815810566669047,0.2704462609193391
c3_w2_tcop_cm0_states_L0.4_km0_2090_ucp0_2425_s256,cm0,stageC,-0.1,-0.209,0.5,0.24248438819907564,256,6,0.24248438819907564,0,True,,0.43496,-0.003302572489501934,-0.014830583816959536,-0.10344029341860317,0.4661493342426418,0.24852378775173437,0.24558116462810986,0.0,0.40806249664982785,0.511502790068431,0.36458800173553363,0.26578897075140245
c3_w2_tcop_cm0_states_L0.4_km0_2090_ucp0_2425_s256,cm0,stageC,-0.1,-0.209,0.5,0.24248438819907564,256,7,0.24248438819907564,1,True,,0.43867199999999995,0.0011386650357339994,-0.009796300494112105,-0.10344029341860317,0.46576418352554133,0.24849312066477094,0.24558116462810986,0.0,0.40806249664982785,0.511502790068431,0.3743970690990854,0.2675931432282201
c3_w2_tcop_cm0_states_L0.4_km0_2090_ucp0_2425_s256,cm0,stageC,-0.1,-0.209,0.5,0.24248438819907564,256,8,0.24248438819907564,2,True,,0.43857599999999997,0.004294791446188162,-0.018631994232251158,-0.10344029341860317,0.46577448318953935,0.24849360233390785,0.24558116462810986,0.0,0.40806249664982785,0.511502790068431,0.3820283660583593,0.2639603024994514
c3_w2_tcop_cm0_states_L0.4_km0_2090_ucp0_2425_s256,cm0,stageC,-0.1,-0.209,0.5,0.24248438819907564,256,9,0.24248438819907564,0,True,,0.43848000000000004,-0.0008239482978798516,0.0007531535519657339,-0.10344029341860317,0.4657833435153002,0.24850060899417797,0.24558116462810986,0.0,0.40806249664982785,0.511502790068431,0.3718487513368221,0.2633079078090737
c3_w2_tcop_cm0_states_L0.4_km0_2090_ucp0_2425_s256,cm0,stageC,-0.1,-0.209,0.5,0.24248438819907564,256,10,0.24248438819907564,1,True,,0.43672,-0.0019257242823677034,-0.01769771881543389,-0.10344029341860317,0.46596688559019495,0.2485091403381886,0.24558116462810986,0.0,0.40806249664982785,0.511502790068431,0.36849277846399814,0.261380744165314
c3_w2_tcop_cm0_states_L0.4_km0_2090_ucp0_2425_s256,cm0,stageC,-0.1,-0.209,0.5,0.24248438819907564,256,11,0.24248438819907564,2,True,,0.437264,0.0011816405057289293,-0.009883117597100541,-0.10344029341860317,0.46591033056539344,0.24850478689659586,0.24558116462810986,0.0,0.40806249664982785,0.511502790068431,0.3729707783585456,0.2631673326434933
c3_w2_tcop_cm0_states_L0.4_km0_2090_ucp0_2425_s256,cm0,stageC,-0.1,-0.209,0.5,0.24248438819907564,256,12,0.24248438819907564,0,True,,0.43654400000000004,-0.001029293840083371,-0.007268402879811933,-0.10344029341860317,0.46598467778566643,0.24851258526917716,0.24558116462810986,0.0,0.40806249664982785,0.511502790068431,0.36929383200284943,0.26680846331007846
c3_w2_tcop_cm0_states_L0.4_km0_2090_ucp0_2425_s256,cm0,stageC,-0.1,-0.209,0.5,0.24248438819907564,256,13,0.24248438819907564,1,True,,0.435456,0.007734645623842779,-0.0066881466653978625,-0.10344029341860317,0.46609933061249603,0.24850986267472874,0.24558116462810986,0.0,0.40806249664982785,0.511502790068431,0.3905818716540141,0.26970106582988607
c3_w2_tcop_cm0_states_L0.4_km0_2090_ucp0_2425_s256,cm0,stageC,-0.1,-0.209,0.5,0.24248438819907564,256,14,0.24248438819907564,2,True,,0.43651199999999996,-0.002949512527757381,-0.0033915780694107056,-0.10344029341860317,0.46598727920205146,0.24851899767442048,0.24558116462810986,0.0,0.40806249664982785,0.511502790068431,0.36163574472720844,0.2571355166169475
c3_w2_tcop_cm0_states_L0.4_km0_2090_ucp0_2425_s256,cm0,stageC,-0.1,-0.209,0.5,0.24248438819907564,256,15,0.24248438819907564,0,False,BLOCK_15_PARTIAL_CYCLE,0.435888,0.0011989724959903404,-0.01552854238099944,-0.10344029341860317,0.4660531943543579,0.24851454416745108,0.24558116462810986,0.0,0.40806249664982785,0.511502790068431,0.37293051275917,0.26693159363393376
c3_w2_tcop_cm0_states_L0.4_km0_2090_ucp0_2425_s1024,cm0,stageC,-0.1,-0.209,0.5,0.24248438819907564,1024,0,0.24248438819907564,0,False,PRE_PRIMARY_INCOMPLETE_CYCLE,0.4276,-0.0015598053326489275,-0.014056739546162496,-0.10344029341860317,0.46691896210060385,0.24853015059237663,0.24558116462810986,0.0,0.40806249664982785,0.511502790068431,0.37232458636773663,0.2704916056625393
c3_w2_tcop_cm0_states_L0.4_km0_2090_ucp0_2425_s1024,cm0,stageC,-0.1,-0.209,0.5,0.24248438819907564,1024,1,0.24248438819907564,1,False,PRE_PRIMARY_INCOMPLETE_CYCLE,0.43688000000000005,0.0005733234863181177,-0.01725920566411765,-0.10344029341860317,0.46595024720961603,0.24850726744299592,0.24558116462810986,0.0,0.40806249664982785,0.511502790068431,0.3717220379859571,0.26628231257717583
c3_w2_tcop_cm0_states_L0.4_km0_2090_ucp0_2425_s1024,cm0,stageC,-0.1,-0.209,0.5,0.24248438819907564,1024,2,0.24248438819907564,2,False,PRE_PRIMARY_INCOMPLETE_CYCLE,0.4355199999999999,0.0017083399429079248,-0.009278868718239918,-0.10344029341860317,0.4660915575763291,0.24851764080214833,0.24558116462810986,0.0,0.40806249664982785,0.511502790068431,0.3772808931125838,0.26267202531919837
c3_w2_tcop_cm0_states_L0.4_km0_2090_ucp0_2425_s1024,cm0,stageC,-0.1,-0.209,0.5,0.24248438819907564,1024,3,0.24248438819907564,0,True,,0.43660799999999994,0.00220231121821961,-0.01679575663490668,-0.10344029341860317,0.46597824359781914,0.24851125459838305,0.24558116462810986,0.0,0.40806249664982785,0.511502790068431,0.3795437355168966,0.26562784421441227
c3_w2_tcop_cm0_states_L0.4_km0_2090_ucp0_2425_s1024,cm0,stageC,-0.1,-0.209,0.5,0.24248438819907564,1024,4,0.24248438819907564,1,True,,0.438624,0.0016434641604259192,-0.015484550262274464,-0.10344029341860317,0.4657692592143491,0.2484946335885615,0.24558116462810986,0.0,0.40806249664982785,0.511502790068431,0.37517024015823813,0.2587631992967395
c3_w2_tcop_cm0_states_L0.4_km0_2090_ucp0_2425_s1024,cm0,stageC,-0.1,-0.209,0.5,0.24248438819907564,1024,5,0.24248438819907564,2,True,,0.43751999999999996,-0.0003559689553523509,-0.017592333384255924,-0.10344029341860317,0.46588316243203803,0.2485065034503792,0.24558116462810986,0.0,0.40806249664982785,0.511502790068431,0.37373029661495916,0.2675591611064896
c3_w2_tcop_cm0_states_L0.4_km0_2090_ucp0_2425_s1024,cm0,stageC,-0.1,-0.209,0.5,0.24248438819907564,1024,6,0.24248438819907564,0,True,,0.44124800000000003,8.993735219510739e-05,-0.0137007532793509,-0.10344029341860317,0.46549654000951096,0.24847607494712098,0.24558116462810986,0.0,0.40806249664982785,0.511502790068431,0.3720170339367336,0.2629231880803003
c3_w2_tcop_cm0_states_L0.4_km0_2090_ucp0_2425_s1024,cm0,stageC,-0.1,-0.209,0.5,0.24248438819907564,1024,7,0.24248438819907564,1,True,,0.434672,0.002029134666340092,-2.7106459261910234e-05,-0.10344029341860317,0.46617964802462664,0.24852348360070547,0.24558116462810986,0.0,0.40806249664982785,0.511502790068431,0.3767995733271916,0.26189154249005214
c3_w2_tcop_cm0_states_L0.4_km0_2090_ucp0_2425_s1024,cm0,stageC,-0.1,-0.209,0.5,0.24248438819907564,1024,8,0.24248438819907564,2,True,,0.43392000000000003,0.0003413554479051939,-0.007131741964003034,-0.10344029341860317,0.46625812197702354,0.24852610383713042,0.24558116462810986,0.0,0.40806249664982785,0.511502790068431,0.37556442328623235,0.264604293948167
c3_w2_tcop_cm0_states_L0.4_km0_2090_ucp0_2425_s1024,cm0,stageC,-0.1,-0.209,0.5,0.24248438819907564,1024,9,0.24248438819907564,0,True,,0.43689600000000006,-0.002993692805113345,-0.009207296265357203,-0.10344029341860317,0.465948022357601,0.24851135263966634,0.24558116462810986,0.0,0.40806249664982785,0.511502790068431,0.36611312889089,0.26434724544799854
c3_w2_tcop_cm0_states_L0.4_km0_2090_ucp0_2425_s1024,cm0,stageC,-0.1,-0.209,0.5,0.24248438819907564,1024,10,0.24248438819907564,1,True,,0.4369759999999999,0.002078350029446659,-0.017766137642913727,-0.10344029341860317,0.4659402103059772,0.24850704439022053,0.24558116462810986,0.0,0.40806249664982785,0.511502790068431,0.37876831703271646,0.2660053447616695
c3_w2_tcop_cm0_states_L0.4_km0_2090_ucp0_2425_s1024,cm0,stageC,-0.1,-0.209,0.5,0.24248438819907564,1024,11,0.24248438819907564,2,True,,0.436704,0.0018674285086585649,-0.007544450645619711,-0.10344029341860317,0.46596898269785286,0.24850552811914609,0.24558116462810986,0.0,0.40806249664982785,0.511502790068431,0.37836277103402916,0.26718909838067956
c3_w2_tcop_cm0_states_L0.4_km0_2090_ucp0_2425_s1024,cm0,stageC,-0.1,-0.209,0.5,0.24248438819907564,1024,12,0.24248438819907564,0,True,,0.436384,-0.0002820255703424124,-0.02754692923824212,-0.10344029341860317,0.46600139173240723,0.24851353862874606,0.24558116462810986,0.0,0.40806249664982785,0.511502790068431,0.3695999837887596,0.261836689493205
c3_w2_tcop_cm0_states_L0.4_km0_2090_ucp0_2425_s1024,cm0,stageC,-0.1,-0.209,0.5,0.24248438819907564,1024,13,0.24248438819907564,1,True,,0.44012799999999996,3.692087569739225e-05,-0.03535648972525794,-0.10344029341860317,0.4656129542842304,0.24848282215284964,0.24558116462810986,0.0,0.40806249664982785,0.511502790068431,0.37086405159390706,0.2666459643301559
c3_w2_tcop_cm0_states_L0.4_km0_2090_ucp0_2425_s1024,cm0,stageC,-0.1,-0.209,0.5,0.24248438819907564,1024,14,0.24248438819907564,2,True,,0.4391999999999999,0.00043438224142429915,-0.009851595706361215,-0.10344029341860317,0.46570912469249415,0.24849145055914135,0.24558116462810986,0.0,0.40806249664982785,0.511502790068431,0.3721946819494808,0.2649481594192432
c3_w2_tcop_cm0_states_L0.4_km0_2090_ucp0_2425_s1024,cm0,stageC,-0.1,-0.209,0.5,0.24248438819907564,1024,15,0.24248438819907564,0,False,BLOCK_15_PARTIAL_CYCLE,0.43718399999999996,0.002920573799991965,-0.01103287133631284,-0.10344029341860317,0.4659185949526129,0.24850529282426767,0.24558116462810986,0.0,0.40806249664982785,0.511502790068431,0.3794589107707992,0.26588939856862415
c3_w2_tcop_cm0_states_L0.4_km0_2090_ucp0_2425_s31415,cm0,stageC,-0.1,-0.209,0.5,0.24248438819907564,31415,0,0.24248438819907564,0,False,PRE_PRIMARY_INCOMPLETE_CYCLE,0.4221440000000001,-0.003979205452633533,0.0015861985636664664,-0.10344029341860317,0.46748516033061294,0.24857305578606645,0.24558116462810986,0.0,0.40806249664982785,0.511502790068431,0.3642649991376713,0.2685114827605497
c3_w2_tcop_cm0_states_L0.4_km0_2090_ucp0_2425_s31415,cm0,stageC,-0.1,-0.209,0.5,0.24248438819907564,31415,1,0.24248438819907564,1,False,PRE_PRIMARY_INCOMPLETE_CYCLE,0.43385599999999996,0.0010896542426512162,-0.008830433218434948,-0.10344029341860317,0.4662640077837438,0.24853148479329149,0.24558116462810986,0.0,0.40806249664982785,0.511502790068431,0.3752710450880455,0.26475343056570155
c3_w2_tcop_cm0_states_L0.4_km0_2090_ucp0_2425_s31415,cm0,stageC,-0.1,-0.209,0.5,0.24248438819907564,31415,2,0.24248438819907564,2,False,PRE_PRIMARY_INCOMPLETE_CYCLE,0.43705599999999994,0.0017029953674165125,-0.021039091165882186,-0.10344029341860317,0.4659315819988433,0.2485093334920655,0.24558116462810986,0.0,0.40806249664982785,0.511502790068431,0.37759149445348955,0.2642746732049991
c3_w2_tcop_cm0_states_L0.4_km0_2090_ucp0_2425_s31415,cm0,stageC,-0.1,-0.209,0.5,0.24248438819907564,31415,3,0.24248438819907564,0,True,,0.436384,-0.0023119868291336353,-0.015196627342403627,-0.10344029341860317,0.4660017180023191,0.24851162859778492,0.24558116462810986,0.0,0.40806249664982785,0.511502790068431,0.3681165409819491,0.265241431492503
c3_w2_tcop_cm0_states_L0.4_km0_2090_ucp0_2425_s31415,cm0,stageC,-0.1,-0.209,0.5,0.24248438819907564,31415,4,0.24248438819907564,1,True,,0.43721600000000005,0.0019606134748543598,-0.029076715631298496,-0.10344029341860317,0.46591572408129933,0.24850205068674194,0.24558116462810986,0.0,0.40806249664982785,0.511502790068431,0.37526910902669125,0.2656064470661773
c3_w2_tcop_cm0_states_L0.4_km0_2090_ucp0_2425_s31415,cm0,stageC,-0.1,-0.209,0.5,0.24248438819907564,31415,5,0.24248438819907564,2,True,,0.43448,0.0028593344129397473,-0.008880633151081715,-0.10344029341860317,0.46620016187028435,0.2485197066493039,0.24558116462810986,0.0,0.40806249664982785,0.511502790068431,0.3797616719405671,0.26711114217177334
c3_w2_tcop_cm0_states_L0.4_km0_2090_ucp0_2425_s31415,cm0,stageC,-0.1,-0.209,0.5,0.24248438819907564,31415,6,0.24248438819907564,0,True,,0.43776000000000004,0.0023922148106593154,-0.015161973674814932,-0.10344029341860317,0.46585974162750027,0.24849498662624026,0.24558116462810986,0.0,0.40806249664982785,0.511502790068431,0.3782255266572834,0.2682342116139147
c3_w2_tcop_cm0_states_L0.4_km0_2090_ucp0_2425_s31415,cm0,stageC,-0.1,-0.209,0.5,0.24248438819907564,31415,7,0.24248438819907564,1,True,,0.437168,-0.001577604897789432,-0.019366811923798407,-0.10344029341860317,0.4659201363971531,0.24850651912080785,0.24558116462810986,0.0,0.40806249664982785,0.511502790068431,0.3710657726700298,0.2678928853221855
c3_w2_tcop_cm0_states_L0.4_km0_2090_ucp0_2425_s31415,cm0,stageC,-0.1,-0.209,0.5,0.24248438819907564,31415,8,0.24248438819907564,2,True,,0.43664000000000003,0.0032133790685006775,-0.00878690589163924,-0.10344029341860317,0.46597518487881834,0.24850866882596248,0.24558116462810986,0.0,0.40806249664982785,0.511502790068431,0.3751337063521023,0.2649631856083854
c3_w2_tcop_cm0_states_L0.4_km0_2090_ucp0_2425_s31415,cm0,stageC,-0.1,-0.209,0.5,0.24248438819907564,31415,9,0.24248438819907564,0,True,,0.4343840000000001,0.001111091779955242,-0.019434406698633767,-0.10344029341860317,0.46620984547823763,0.24852358976202535,0.24558116462810986,0.0,0.40806249664982785,0.511502790068431,0.37779674751766423,0.26703657308402606
c3_w2_tcop_cm0_states_L0.4_km0_2090_ucp0_2425_s31415,cm0,stageC,-0.1,-0.209,0.5,0.24248438819907564,31415,10,0.24248438819907564,1,True,,0.43739199999999995,-0.0007150983508940169,-0.013319500929773236,-0.10344029341860317,0.46589689023731545,0.24850621401119302,0.24558116462810986,0.0,0.40806249664982785,0.511502790068431,0.3747390931228749,0.2664555213426442
c3_w2_tcop_cm0_states_L0.4_km0_2090_ucp0_2425_s31415,cm0,stageC,-0.1,-0.209,0.5,0.24248438819907564,31415,11,0.24248438819907564,2,True,,0.43504,0.004525383166062774,-0.01408201222212381,-0.10344029341860317,0.4661412190229981,0.248521239790693,0.24558116462810986,0.0,0.40806249664982785,0.511502790068431,0.3830983145471701,0.2678616008687213
c3_w2_tcop_cm0_states_L0.4_km0_2090_ucp0_2425_s31415,cm0,stageC,-0.1,-0.209,0.5,0.24248438819907564,31415,12,0.24248438819907564,0,True,,0.437184,-0.0015220240755697658,8.152572356759426e-06,-0.10344029341860317,0.46591855033791624,0.24850614173657024,0.24558116462810986,0.0,0.40806249664982785,0.511502790068431,0.37340065604976225,0.2662163998855822
c3_w2_tcop_cm0_states_L0.4_km0_2090_ucp0_2425_s31415,cm0,stageC,-0.1,-0.209,0.5,0.24248438819907564,31415,13,0.24248438819907564,1,True,,0.43782399999999994,-0.003510849301551674,-0.026950885056011405,-0.10344029341860317,0.46585151792463336,0.24850526146267315,0.24558116462810986,0.0,0.40806249664982785,0.511502790068431,0.36343737736053056,0.2618141679972932
c3_w2_tcop_cm0_states_L0.4_km0_2090_ucp0_2425_s31415,cm0,stageC,-0.1,-0.209,0.5,0.24248438819907564,31415,14,0.24248438819907564,2,True,,0.435056,0.0001008736662557623,-0.015016894523549726,-0.10344029341860317,0.4661397156809786,0.24851993784686505,0.24558116462810986,0.0,0.40806249664982785,0.511502790068431,0.36827012979136664,0.26570238999548645
c3_w2_tcop_cm0_states_L0.4_km0_2090_ucp0_2425_s31415,cm0,stageC,-0.1,-0.209,0.5,0.24248438819907564,31415,15,0.24248438819907564,0,False,BLOCK_15_PARTIAL_CYCLE,0.44032000000000004,-0.0010901770015981724,-0.025650242373736774,-0.10344029341860317,0.46559246658992726,0.24848603262841426,0.24558116462810986,0.0,0.40806249664982785,0.511502790068431,0.37326001347564153,0.2680256919084665
c3_w2_tcop_cm0_states_L0.4_kp0_4221_ucp0_0498_s42,cm0,stageC,0.2,0.4221,0.1,0.04977134874876729,42,0,0.04977134874876729,0,False,PRE_PRIMARY_INCOMPLETE_CYCLE,0.3790880000000001,0.0023101015582975616,0.03522363738626559,0.20179988595992915,0.3881229555262745,0.236181965758742,0.22375244038702308,0.0,0.31479557610817144,0.5165954620681006,0.3803574303062308,0.27582644883032964
c3_w2_tcop_cm0_states_L0.4_kp0_4221_ucp0_0498_s42,cm0,stageC,0.2,0.4221,0.1,0.04977134874876729,42,1,0.04977134874876729,1,False,PRE_PRIMARY_INCOMPLETE_CYCLE,0.39399999999999996,-0.0017865714645793431,0.014232702334538962,0.20179988595992915,0.3910433319778036,0.23693972503596475,0.22375244038702308,0.0,0.31479557610817144,0.5165954620681006,0.3679270999145055,0.2678449086092001
c3_w2_tcop_cm0_states_L0.4_kp0_4221_ucp0_0498_s42,cm0,stageC,0.2,0.4221,0.1,0.04977134874876729,42,2,0.04977134874876729,2,False,PRE_PRIMARY_INCOMPLETE_CYCLE,0.392992,0.0017803191435223757,0.031021707814207003,0.20179988595992915,0.3908544891868796,0.23686978126922204,0.22375244038702308,0.0,0.31479557610817144,0.5165954620681006,0.3804171267702203,0.2772918687377653
c3_w2_tcop_cm0_states_L0.4_kp0_4221_ucp0_0498_s42,cm0,stageC,0.2,0.4221,0.1,0.04977134874876729,42,3,0.04977134874876729,0,True,,0.394928,-0.00040580718021492116,0.014714088079520005,0.20179988595992915,0.3912363679186564,0.23696440774930116,0.22375244038702308,0.0,0.31479557610817144,0.5165954620681006,0.3735164313138463,0.2678694686060473
c3_w2_tcop_cm0_states_L0.4_kp0_4221_ucp0_0498_s42,cm0,stageC,0.2,0.4221,0.1,0.04977134874876729,42,4,0.04977134874876729,1,True,,0.393008,0.004574574490459624,0.0313944499895042,0.20179988595992915,0.3908547286370392,0.2368799611443365,0.22375244038702308,0.0,0.31479557610817144,0.5165954620681006,0.38066654983273857,0.27738375582230307
c3_w2_tcop_cm0_states_L0.4_kp0_4221_ucp0_0498_s42,cm0,stageC,0.2,0.4221,0.1,0.04977134874876729,42,5,0.04977134874876729,2,True,,0.397632,0.000855809028020309,0.027009400996830562,0.20179988595992915,0.39177399451936673,0.23708862169056028,0.22375244038702308,0.0,0.31479557610817144,0.5165954620681006,0.36990234309721154,0.2670882644468595
c3_w2_tcop_cm0_states_L0.4_kp0_4221_ucp0_0498_s42,cm0,stageC,0.2,0.4221,0.1,0.04977134874876729,42,6,0.04977134874876729,0,True,,0.392816,-0.00024323059104410397,0.026833351999383692,0.20179988595992915,0.39080832499760193,0.23688593442305295,0.22375244038702308,0.0,0.31479557610817144,0.5165954620681006,0.3726808345576309,0.27302062656867615
c3_w2_tcop_cm0_states_L0.4_kp0_4221_ucp0_0498_s42,cm0,stageC,0.2,0.4221,0.1,0.04977134874876729,42,7,0.04977134874876729,1,True,,0.3943520000000001,0.001662347365351477,0.03172184064866997,0.20179988595992915,0.39112198599643594,0.2369385608416999,0.22375244038702308,0.0,0.31479557610817144,0.5165954620681006,0.37482905281687046,0.27402825609977255
c3_w2_tcop_cm0_states_L0.4_kp0_4221_ucp0_0498_s42,cm0,stageC,0.2,0.4221,0.1,0.04977134874876729,42,8,0.04977134874876729,2,True,,0.3919520000000001,0.0009337202740298778,0.03969715905179214,0.20179988595992915,0.39063825041534117,0.23684275157084497,0.22375244038702308,0.0,0.31479557610817144,0.5165954620681006,0.37383537655869703,0.27230104660842747
c3_w2_tcop_cm0_states_L0.4_kp0_4221_ucp0_0498_s42,cm0,stageC,0.2,0.4221,0.1,0.04977134874876729,42,9,0.04977134874876729,0,True,,0.395696,0.0006225334927092525,0.0466945264844973,0.20179988595992915,0.3913879933545096,0.2370015572075382,0.22375244038702308,0.0,0.31479557610817144,0.5165954620681006,0.37580615014149354,0.27309704049591793
c3_w2_tcop_cm0_states_L0.4_kp0_4221_ucp0_0498_s42,cm0,stageC,0.2,0.4221,0.1,0.04977134874876729,42,10,0.04977134874876729,1,True,,0.394128,0.0011872347904442907,0.026344427990921664,0.20179988595992915,0.39107658580158633,0.2369320272193744,0.22375244038702308,0.0,0.31479557610817144,0.5165954620681006,0.37227171716006063,0.26988624261235933
c3_w2_tcop_cm0_states_L0.4_kp0_4221_ucp0_0498_s42,cm0,stageC,0.2,0.4221,0.1,0.04977134874876729,42,11,0.04977134874876729,2,True,,0.391424,0.0023059412937047673,0.017844612768146195,0.20179988595992915,0.3905370283471801,0.2368112531236302,0.22375244038702308,0.0,0.31479557610817144,0.5165954620681006,0.3810190914705893,0.27776087758279017
c3_w2_tcop_cm0_states_L0.4_kp0_4221_ucp0_0498_s42,cm0,stageC,0.2,0.4221,0.1,0.04977134874876729,42,12,0.04977134874876729,0,True,,0.39848,-1.038372162497997e-05,0.03717123133684341,0.20179988595992915,0.39195521569967584,0.23710330385754602,0.22375244038702308,0.0,0.31479557610817144,0.5165954620681006,0.3704135150810006,0.27556073667604897
c3_w2_tcop_cm0_states_L0.4_kp0_4221_ucp0_0498_s42,cm0,stageC,0.2,0.4221,0.1,0.04977134874876729,42,13,0.04977134874876729,1,True,,0.394576,-0.005036318504079406,0.015559404911906502,0.20179988595992915,0.39116303180148965,0.23695495368495798,0.22375244038702308,0.0,0.31479557610817144,0.5165954620681006,0.35901207805538576,0.2678032054343628
c3_w2_tcop_cm0_states_L0.4_kp0_4221_ucp0_0498_s42,cm0,stageC,0.2,0.4221,0.1,0.04977134874876729,42,14,0.04977134874876729,2,True,,0.391872,0.0008927743457753967,0.0336140458304851,0.20179988595992915,0.39062220143477244,0.2368371693933626,0.22375244038702308,0.0,0.31479557610817144,0.5165954620681006,0.36988178884635464,0.27083398605725134
c3_w2_tcop_cm0_states_L0.4_kp0_4221_ucp0_0498_s42,cm0,stageC,0.2,0.4221,0.1,0.04977134874876729,42,15,0.04977134874876729,0,False,BLOCK_15_PARTIAL_CYCLE,0.39568,-0.003081797382643123,0.04396717381185789,0.20179988595992915,0.3913853866705381,0.23700185149803024,0.22375244038702308,0.0,0.31479557610817144,0.5165954620681006,0.365242457702256,0.27126122463103447
c3_w2_tcop_cm0_states_L0.4_kp0_4221_ucp0_0498_s137,cm0,stageC,0.2,0.4221,0.1,0.04977134874876729,137,0,0.04977134874876729,0,False,PRE_PRIMARY_INCOMPLETE_CYCLE,0.383808,0.0022434265553335827,0.03654583586756414,0.20179988595992915,0.38907140174833854,0.23637760286809137,0.22375244038702308,0.0,0.31479557610817144,0.5165954620681006,0.3790200050648332,0.2735073882068423
c3_w2_tcop_cm0_states_L0.4_kp0_4221_ucp0_0498_s137,cm0,stageC,0.2,0.4221,0.1,0.04977134874876729,137,1,0.04977134874876729,1,False,PRE_PRIMARY_INCOMPLETE_CYCLE,0.39408,-0.0018996977953158922,0.017528686370777136,0.20179988595992915,0.3910661753553824,0.2369273429697031,0.22375244038702308,0.0,0.31479557610817144,0.5165954620681006,0.37124225944881156,0.26976951371498203
c3_w2_tcop_cm0_states_L0.4_kp0_4221_ucp0_0498_s137,cm0,stageC,0.2,0.4221,0.1,0.04977134874876729,137,2,0.04977134874876729,2,False,PRE_PRIMARY_INCOMPLETE_CYCLE,0.393008,0.002163440623485532,0.03024377847790988,0.20179988595992915,0.39084925407203375,0.23688741413365705,0.22375244038702308,0.0,0.31479557610817144,0.5165954620681006,0.3723404217043988,0.26839353058429144
c3_w2_tcop_cm0_states_L0.4_kp0_4221_ucp0_0498_s137,cm0,stageC,0.2,0.4221,0.1,0.04977134874876729,137,3,0.04977134874876729,0,True,,0.395792,0.001965990870932957,0.03204532170392877,0.20179988595992915,0.39140740441921207,0.23700697571201598,0.22375244038702308,0.0,0.31479557610817144,0.5165954620681006,0.3763404042053508,0.27005095127044015
c3_w2_tcop_cm0_states_L0.4_kp0_4221_ucp0_0498_s137,cm0,stageC,0.2,0.4221,0.1,0.04977134874876729,137,4,0.04977134874876729,1,True,,0.39353599999999994,0.0020115891879074433,0.009250893826126719,0.20179988595992915,0.3909608510606901,0.23689860002333768,0.22375244038702308,0.0,0.31479557610817144,0.5165954620681006,0.3807560809288708,0.2726500356132632
c3_w2_tcop_cm0_states_L0.4_kp0_4221_ucp0_0498_s137,cm0,stageC,0.2,0.4221,0.1,0.04977134874876729,137,5,0.04977134874876729,2,True,,0.39297600000000005,0.003171926730934761,0.032090545245533016,0.20179988595992915,0.39085216871201206,0.23687063969645933,0.22375244038702308,0.0,0.31479557610817144,0.5165954620681006,0.377278158482239,0.273008113582942
c3_w2_tcop_cm0_states_L0.4_kp0_4221_ucp0_0498_s137,cm0,stageC,0.2,0.4221,0.1,0.04977134874876729,137,6,0.04977134874876729,0,True,,0.39352,0.0038417357904011974,0.01426988409225864,0.20179988595992915,0.3909584418384393,0.236894400465222,0.22375244038702308,0.0,0.31479557610817144,0.5165954620681006,0.3827167540895614,0.26901889684568475
c3_w2_tcop_cm0_states_L0.4_kp0_4221_ucp0_0498_s137,cm0,stageC,0.2,0.4221,0.1,0.04977134874876729,137,7,0.04977134874876729,1,True,,0.3956000000000001,0.0008979819994765582,0.03526907874733962,0.20179988595992915,0.39136908643834034,0.23699883675063158,0.22375244038702308,0.0,0.31479557610817144,0.5165954620681006,0.3759176115475081,0.27168104978422575
c3_w2_tcop_cm0_states_L0.4_kp0_4221_ucp0_0498_s137,cm0,stageC,0.2,0.4221,0.1,0.04977134874876729,137,8,0.04977134874876729,2,True,,0.39297599999999994,0.0013029350398608436,0.03846364267216151,0.20179988595992915,0.39085068843906046,0.2368727280502244,0.22375244038702308,0.0,0.31479557610817144,0.5165954620681006,0.3783752707485508,0.27695783156616643
c3_w2_tcop_cm0_states_L0.4_kp0_4221_ucp0_0498_s137,cm0,stageC,0.2,0.4221,0.1,0.04977134874876729,137,9,0.04977134874876729,0,True,,0.393616,0.0044802279888047055,0.05045330214462824,0.20179988595992915,0.3909844290028351,0.2368855783325074,0.22375244038702308,0.0,0.31479557610817144,0.5165954620681006,0.38554013126258724,0.27663898289928485
c3_w2_tcop_cm0_states_L0.4_kp0_4221_ucp0_0498_s137,cm0,stageC,0.2,0.4221,0.1,0.04977134874876729,137,10,0.04977134874876729,1,True,,0.393568,5.408806140780497e-05,0.04521772018644176,0.20179988595992915,0.39095575188071263,0.23692400321032753,0.22375244038702308,0.0,0.31479557610817144,0.5165954620681006,0.37185195146491246,0.27020323420708214
c3_w2_tcop_cm0_states_L0.4_kp0_4221_ucp0_0498_s137,cm0,stageC,0.2,0.4221,0.1,0.04977134874876729,137,11,0.04977134874876729,2,True,,0.393424,0.0008630517215274887,0.034251589251741786,0.20179988595992915,0.390938932771679,0.23689204411777745,0.22375244038702308,0.0,0.31479557610817144,0.5165954620681006,0.37609958675451693,0.27052528338976833
c3_w2_tcop_cm0_states_L0.4_kp0_4221_ucp0_0498_s137,cm0,stageC,0.2,0.4221,0.1,0.04977134874876729,137,12,0.04977134874876729,0,True,,0.395728,0.002368748306259312,0.03762028855948491,0.20179988595992915,0.3913961749992061,0.23700134093102512,0.22375244038702308,0.0,0.31479557610817144,0.5165954620681006,0.3775939840556947,0.2721023489430533
c3_w2_tcop_cm0_states_L0.4_kp0_4221_ucp0_0498_s137,cm0,stageC,0.2,0.4221,0.1,0.04977134874876729,137,13,0.04977134874876729,1,True,,0.39203200000000005,0.001406332676255389,0.027253907281478317,0.20179988595992915,0.39065772173451,0.23683714087232718,0.22375244038702308,0.0,0.31479557610817144,0.5165954620681006,0.3751319793508517,0.2675143572441953
c3_w2_tcop_cm0_states_L0.4_kp0_4221_ucp0_0498_s137,cm0,stageC,0.2,0.4221,0.1,0.04977134874876729,137,14,0.04977134874876729,2,True,,0.39452800000000005,0.003675163083566332,0.0346299901803127,0.20179988595992915,0.39116589433461585,0.23692973834558884,0.22375244038702308,0.0,0.31479557610817144,0.5165954620681006,0.38321392374613944,0.275241434424956
c3_w2_tcop_cm0_states_L0.4_kp0_4221_ucp0_0498_s137,cm0,stageC,0.2,0.4221,0.1,0.04977134874876729,137,15,0.04977134874876729,0,False,BLOCK_15_PARTIAL_CYCLE,0.393696,0.0015163876104410925,0.05426088934810423,0.20179988595992915,0.39099321124208486,0.23690458472958284,0.22375244038702308,0.0,0.31479557610817144,0.5165954620681006,0.3787310440727002,0.27415368924506267
c3_w2_tcop_cm0_states_L0.4_kp0_4221_ucp0_0498_s256,cm0,stageC,0.2,0.4221,0.1,0.04977134874876729,256,0,0.04977134874876729,0,False,PRE_PRIMARY_INCOMPLETE_CYCLE,0.3801439999999999,0.0020553642993475663,0.033917027895213274,0.20179988595992915,0.3883381347600939,0.23622044349359436,0.22375244038702308,0.0,0.31479557610817144,0.5165954620681006,0.3800388749848825,0.27747339935913073
c3_w2_tcop_cm0_states_L0.4_kp0_4221_ucp0_0498_s256,cm0,stageC,0.2,0.4221,0.1,0.04977134874876729,256,1,0.04977134874876729,1,False,PRE_PRIMARY_INCOMPLETE_CYCLE,0.39601600000000003,-0.0024711067910082067,0.030394867333365397,0.20179988595992915,0.39145746009897814,0.2370058872262775,0.22375244038702308,0.0,0.31479557610817144,0.5165954620681006,0.3665214010219827,0.2679517657298534
c3_w2_tcop_cm0_states_L0.4_kp0_4221_ucp0_0498_s256,cm0,stageC,0.2,0.4221,0.1,0.04977134874876729,256,2,0.04977134874876729,2,False,PRE_PRIMARY_INCOMPLETE_CYCLE,0.397824,-0.00037492135135591643,0.034720211188207804,0.20179988595992915,0.39181196167571886,0.2370984764226089,0.22375244038702308,0.0,0.31479557610817144,0.5165954620681006,0.3736282738479923,0.27239297041728383
c3_w2_tcop_cm0_states_L0.4_kp0_4221_ucp0_0498_s256,cm0,stageC,0.2,0.4221,0.1,0.04977134874876729,256,3,0.04977134874876729,0,True,,0.39759999999999995,0.0012071282208193897,0.03560891938250428,0.20179988595992915,0.3917771540282264,0.23706872299976378,0.22375244038702308,0.0,0.31479557610817144,0.5165954620681006,0.3760455894806338,0.27214664445282966
c3_w2_tcop_cm0_states_L0.4_kp0_4221_ucp0_0498_s256,cm0,stageC,0.2,0.4221,0.1,0.04977134874876729,256,4,0.04977134874876729,1,True,,0.393136,0.003806536273621082,0.04629128182866287,0.20179988595992915,0.3908845181352142,0.23687257961839872,0.22375244038702308,0.0,0.31479557610817144,0.5165954620681006,0.38281178187945314,0.27123190007265285
c3_w2_tcop_cm0_states_L0.4_kp0_4221_ucp0_0498_s256,cm0,stageC,0.2,0.4221,0.1,0.04977134874876729,256,5,0.04977134874876729,2,True,,0.390032,0.0005191572198696597,0.008463577018962203,0.20179988595992915,0.3902562776764487,0.2367547873443424,0.22375244038702308,0.0,0.31479557610817144,0.5165954620681006,0.37580630199875903,0.27421293203700464
c3_w2_tcop_cm0_states_L0.4_kp0_4221_ucp0_0498_s256,cm0,stageC,0.2,0.4221,0.1,0.04977134874876729,256,6,0.04977134874876729,0,True,,0.39347199999999993,-0.0018732517523739095,0.01621334002306608,0.20179988595992915,0.3909429018028774,0.23690587346951414,0.22375244038702308,0.0,0.31479557610817144,0.5165954620681006,0.36572590943030425,0.2703146356653542
c3_w2_tcop_cm0_states_L0.4_kp0_4221_ucp0_0498_s256,cm0,stageC,0.2,0.4221,0.1,0.04977134874876729,256,7,0.04977134874876729,1,True,,0.396784,0.0009033389685899567,0.04328685958837784,0.20179988595992915,0.39161327014206176,0.23703754596409154,0.22375244038702308,0.0,0.31479557610817144,0.5165954620681006,0.3755812492175,0.27506849382899756
c3_w2_tcop_cm0_states_L0.4_kp0_4221_ucp0_0498_s256,cm0,stageC,0.2,0.4221,0.1,0.04977134874876729,256,8,0.04977134874876729,2,True,,0.39558400000000005,0.004222115270949938,0.024727057821530434,0.20179988595992915,0.3913721923372473,0.23698271942000376,0.22375244038702308,0.0,0.31479557610817144,0.5165954620681006,0.38146221097947497,0.27055738109172284
c3_w2_tcop_cm0_states_L0.4_kp0_4221_ucp0_0498_s256,cm0,stageC,0.2,0.4221,0.1,0.04977134874876729,256,9,0.04977134874876729,0,True,,0.3965600000000001,-0.0009583141599915092,0.05398296618430839,0.20179988595992915,0.39155792444499204,0.23704621164095682,0.22375244038702308,0.0,0.31479557610817144,0.5165954620681006,0.37137320716142036,0.26814080384416
c3_w2_tcop_cm0_states_L0.4_kp0_4221_ucp0_0498_s256,cm0,stageC,0.2,0.4221,0.1,0.04977134874876729,256,10,0.04977134874876729,1,True,,0.394048,0.0008286257474049222,0.019497772483554717,0.20179988595992915,0.3910620972431199,0.23692215431300523,0.22375244038702308,0.0,0.31479557610817144,0.5165954620681006,0.3742259897529621,0.2672660111641594
c3_w2_tcop_cm0_states_L0.4_kp0_4221_ucp0_0498_s256,cm0,stageC,0.2,0.4221,0.1,0.04977134874876729,256,11,0.04977134874876729,2,True,,0.39363200000000004,-0.0012508737187017715,0.020862954322173735,0.20179988595992915,0.3909770643510821,0.236911762357636,0.22375244038702308,0.0,0.31479557610817144,0.5165954620681006,0.369691878539687,0.2737318192365003
c3_w2_tcop_cm0_states_L0.4_kp0_4221_ucp0_0498_s256,cm0,stageC,0.2,0.4221,0.1,0.04977134874876729,256,12,0.04977134874876729,0,True,,0.393776,-0.002053793727162312,0.03944363836051799,0.20179988595992915,0.3910039064705117,0.23692177948995743,0.22375244038702308,0.0,0.31479557610817144,0.5165954620681006,0.36676031087906497,0.273008463618597
c3_w2_tcop_cm0_states_L0.4_kp0_4221_ucp0_0498_s256,cm0,stageC,0.2,0.4221,0.1,0.04977134874876729,256,13,0.04977134874876729,1,True,,0.3906719999999999,0.00645299945682129,0.04550369625364879,0.20179988595992915,0.3903962378099593,0.23675723182169447,0.22375244038702308,0.0,0.31479557610817144,0.5165954620681006,0.3881850329472209,0.27431747999488115
c3_w2_tcop_cm0_states_L0.4_kp0_4221_ucp0_0498_s256,cm0,stageC,0.2,0.4221,0.1,0.04977134874876729,256,14,0.04977134874876729,2,True,,0.393952,-0.0018104107308455836,0.037119179827010435,0.20179988595992915,0.3910314978717873,0.23694157079748135,0.22375244038702308,0.0,0.31479557610817144,0.5165954620681006,0.36526629193311466,0.26525705491632345
c3_w2_tcop_cm0_states_L0.4_kp0_4221_ucp0_0498_s256,cm0,stageC,0.2,0.4221,0.1,0.04977134874876729,256,15,0.04977134874876729,0,False,BLOCK_15_PARTIAL_CYCLE,0.394496,0.0007610572492214237,0.029975164676298238,0.20179988595992915,0.39115243323290555,0.23694210812940594,0.22375244038702308,0.0,0.31479557610817144,0.5165954620681006,0.3707013692643406,0.27091251092006835
c3_w2_tcop_cm0_states_L0.4_kp0_4221_ucp0_0498_s1024,cm0,stageC,0.2,0.4221,0.1,0.04977134874876729,1024,0,0.04977134874876729,0,False,PRE_PRIMARY_INCOMPLETE_CYCLE,0.38095999999999997,-0.0016621670028146047,0.03387574336033756,0.20179988595992915,0.3885004384659297,0.23625971400950868,0.22375244038702308,0.0,0.31479557610817144,0.5165954620681006,0.37154239112998544,0.2783846181670251
c3_w2_tcop_cm0_states_L0.4_kp0_4221_ucp0_0498_s1024,cm0,stageC,0.2,0.4221,0.1,0.04977134874876729,1024,1,0.04977134874876729,1,False,PRE_PRIMARY_INCOMPLETE_CYCLE,0.3936,-0.0002249600786400118,0.024154037104781815,0.20179988595992915,0.39096730020838943,0.23691688616052736,0.22375244038702308,0.0,0.31479557610817144,0.5165954620681006,0.3713280521169857,0.274558909140707
c3_w2_tcop_cm0_states_L0.4_kp0_4221_ucp0_0498_s1024,cm0,stageC,0.2,0.4221,0.1,0.04977134874876729,1024,2,0.04977134874876729,2,False,PRE_PRIMARY_INCOMPLETE_CYCLE,0.39116799999999996,0.0017446307003966006,0.04009557542128679,0.20179988595992915,0.39048043081229683,0.23680861247016471,0.22375244038702308,0.0,0.31479557610817144,0.5165954620681006,0.3772199187281941,0.2723605400916794
c3_w2_tcop_cm0_states_L0.4_kp0_4221_ucp0_0498_s1024,cm0,stageC,0.2,0.4221,0.1,0.04977134874876729,1024,3,0.04977134874876729,0,True,,0.3929919999999999,0.0024497260972734924,0.030431470300642992,0.20179988595992915,0.39084867642427235,0.23688289036310423,0.22375244038702308,0.0,0.31479557610817144,0.5165954620681006,0.3790689307910446,0.2713771748693131
c3_w2_tcop_cm0_states_L0.4_kp0_4221_ucp0_0498_s1024,cm0,stageC,0.2,0.4221,0.1,0.04977134874876729,1024,4,0.04977134874876729,1,True,,0.395648,0.002395998043415765,0.02765006905365315,0.20179988595992915,0.39138316950805324,0.23698915195356401,0.22375244038702308,0.0,0.31479557610817144,0.5165954620681006,0.37753458236673787,0.26793583398340015
c3_w2_tcop_cm0_states_L0.4_kp0_4221_ucp0_0498_s1024,cm0,stageC,0.2,0.4221,0.1,0.04977134874876729,1024,5,0.04977134874876729,2,True,,0.394272,0.0002465883597063249,0.02416984530291698,0.20179988595992915,0.3910988294171855,0.23695126279498205,0.22375244038702308,0.0,0.31479557610817144,0.5165954620681006,0.3738394574978483,0.2729750197876602
c3_w2_tcop_cm0_states_L0.4_kp0_4221_ucp0_0498_s1024,cm0,stageC,0.2,0.4221,0.1,0.04977134874876729,1024,6,0.04977134874876729,0,True,,0.40017600000000003,-0.002412693323971518,0.035633427351539876,0.20179988595992915,0.39228886207056535,0.23718736900921011,0.22375244038702308,0.0,0.31479557610817144,0.5165954620681006,0.3675343448469296,0.26840222738639813
c3_w2_tcop_cm0_states_L0.4_kp0_4221_ucp0_0498_s1024,cm0,stageC,0.2,0.4221,0.1,0.04977134874876729,1024,7,0.04977134874876729,1,True,,0.39103999999999994,0.0034649053960980236,0.05587343867322164,0.20179988595992915,0.3904584288964893,0.2367972063737078,0.22375244038702308,0.0,0.31479557610817144,0.5165954620681006,0.37979472387201857,0.2704716271986536
c3_w2_tcop_cm0_states_L0.4_kp0_4221_ucp0_0498_s1024,cm0,stageC,0.2,0.4221,0.1,0.04977134874876729,1024,8,0.04977134874876729,2,True,,0.39057600000000003,0.0011903966169400373,0.049073096788520315,0.20179988595992915,0.39037241736739875,0.23676307733607782,0.22375244038702308,0.0,0.31479557610817144,0.5165954620681006,0.3784508360683557,0.2750394838549224
c3_w2_tcop_cm0_states_L0.4_kp0_4221_ucp0_0498_s1024,cm0,stageC,0.2,0.4221,0.1,0.04977134874876729,1024,9,0.04977134874876729,0,True,,0.39624000000000004,-0.0015873881241386706,0.034622702726482844,0.20179988595992915,0.3914970857143815,0.2370249939368695,0.22375244038702308,0.0,0.31479557610817144,0.5165954620681006,0.3702973582441642,0.2707459085742808
c3_w2_tcop_cm0_states_L0.4_kp0_4221_ucp0_0498_s1024,cm0,stageC,0.2,0.4221,0.1,0.04977134874876729,1024,10,0.04977134874876729,1,True,,0.393776,0.0028692865094606564,0.0307251555776286,0.20179988595992915,0.39100789881489345,0.23691276691705054,0.22375244038702308,0.0,0.31479557610817144,0.5165954620681006,0.3770464389788726,0.27119884378356607
c3_w2_tcop_cm0_states_L0.4_kp0_4221_ucp0_0498_s1024,cm0,stageC,0.2,0.4221,0.1,0.04977134874876729,1024,11,0.04977134874876729,2,True,,0.39316799999999996,0.0007601152932349198,0.044688987967250085,0.20179988595992915,0.3908857243359489,0.23688414013866346,0.22375244038702308,0.0,0.31479557610817144,0.5165954620681006,0.3763960989933789,0.2727092818465023
c3_w2_tcop_cm0_states_L0.4_kp0_4221_ucp0_0498_s1024,cm0,stageC,0.2,0.4221,0.1,0.04977134874876729,1024,12,0.04977134874876729,0,True,,0.393296,-4.363107562714385e-05,0.01573088675215674,0.20179988595992915,0.3909070017751226,0.23690038403234168,0.22375244038702308,0.0,0.31479557610817144,0.5165954620681006,0.3725962344865596,0.2679503735540792
c3_w2_tcop_cm0_states_L0.4_kp0_4221_ucp0_0498_s1024,cm0,stageC,0.2,0.4221,0.1,0.04977134874876729,1024,13,0.04977134874876729,1,True,,0.395824,0.0005166144831965875,0.012793343702204156,0.20179988595992915,0.39141795633851856,0.23700192093998357,0.22375244038702308,0.0,0.31479557610817144,0.5165954620681006,0.3721641085048507,0.2731313038486848
c3_w2_tcop_cm0_states_L0.4_kp0_4221_ucp0_0498_s1024,cm0,stageC,0.2,0.4221,0.1,0.04977134874876729,1024,14,0.04977134874876729,2,True,,0.3976799999999999,0.0007889368873350617,0.030660764925336193,0.20179988595992915,0.39178952217835905,0.2370810979552585,0.22375244038702308,0.0,0.31479557610817144,0.5165954620681006,0.3747037134633275,0.27291178212010364
c3_w2_tcop_cm0_states_L0.4_kp0_4221_ucp0_0498_s1024,cm0,stageC,0.2,0.4221,0.1,0.04977134874876729,1024,15,0.04977134874876729,0,False,BLOCK_15_PARTIAL_CYCLE,0.393952,0.0014286402896325804,0.024168968958792805,0.20179988595992915,0.39104046257005387,0.2369255770661156,0.22375244038702308,0.0,0.31479557610817144,0.5165954620681006,0.3761430688164421,0.2719363039002719
c3_w2_tcop_cm0_states_L0.4_kp0_4221_ucp0_0498_s31415,cm0,stageC,0.2,0.4221,0.1,0.04977134874876729,31415,0,0.04977134874876729,0,False,PRE_PRIMARY_INCOMPLETE_CYCLE,0.37529599999999996,-0.002465923838290668,0.0468917625262716,0.20179988595992915,0.3873594701160081,0.23603103004854697,0.22375244038702308,0.0,0.31479557610817144,0.5165954620681006,0.3661376358798427,0.2773567141344433
c3_w2_tcop_cm0_states_L0.4_kp0_4221_ucp0_0498_s31415,cm0,stageC,0.2,0.4221,0.1,0.04977134874876729,31415,1,0.04977134874876729,1,False,PRE_PRIMARY_INCOMPLETE_CYCLE,0.391888,0.0021514704745665115,0.03826462497065967,0.20179988595992915,0.3906282747085747,0.23683388398474367,0.22375244038702308,0.0,0.31479557610817144,0.5165954620681006,0.37784873765780624,0.2745889196714326
c3_w2_tcop_cm0_states_L0.4_kp0_4221_ucp0_0498_s31415,cm0,stageC,0.2,0.4221,0.1,0.04977134874876729,31415,2,0.04977134874876729,2,False,PRE_PRIMARY_INCOMPLETE_CYCLE,0.39531200000000005,0.002613798995282833,0.020933608504345835,0.20179988595992915,0.39131620757744684,0.2369738647870582,0.22375244038702308,0.0,0.31479557610817144,0.5165954620681006,0.38304940833395323,0.27198559657021587
c3_w2_tcop_cm0_states_L0.4_kp0_4221_ucp0_0498_s31415,cm0,stageC,0.2,0.4221,0.1,0.04977134874876729,31415,3,0.04977134874876729,0,True,,0.39263999999999993,0.00011622227345282885,0.03521282138527954,0.20179988595992915,0.39078073497377636,0.23686159392367043,0.22375244038702308,0.0,0.31479557610817144,0.5165954620681006,0.37457186314272095,0.2727926624133484
c3_w2_tcop_cm0_states_L0.4_kp0_4221_ucp0_0498_s31415,cm0,stageC,0.2,0.4221,0.1,0.04977134874876729,31415,4,0.04977134874876729,1,True,,0.393888,0.0003882757294457958,0.016014006705830176,0.20179988595992915,0.3910320184504592,0.23691383699731405,0.22375244038702308,0.0,0.31479557610817144,0.5165954620681006,0.36888548006052263,0.2694285292484972
c3_w2_tcop_cm0_states_L0.4_kp0_4221_ucp0_0498_s31415,cm0,stageC,0.2,0.4221,0.1,0.04977134874876729,31415,5,0.04977134874876729,2,True,,0.39283200000000007,0.002435415406876536,0.04183670610350481,0.20179988595992915,0.39082787641574585,0.23685394855006023,0.22375244038702308,0.0,0.31479557610817144,0.5165954620681006,0.3794868952261943,0.27389865816716513
c3_w2_tcop_cm0_states_L0.4_kp0_4221_ucp0_0498_s31415,cm0,stageC,0.2,0.4221,0.1,0.04977134874876729,31415,6,0.04977134874876729,0,True,,0.393504,0.0009443056591149425,0.02510811581642567,0.20179988595992915,0.39095615789243693,0.2368916698467273,0.22375244038702308,0.0,0.31479557610817144,0.5165954620681006,0.3750358579339793,0.2694430825372511
c3_w2_tcop_cm0_states_L0.4_kp0_4221_ucp0_0498_s31415,cm0,stageC,0.2,0.4221,0.1,0.04977134874876729,31415,7,0.04977134874876729,1,True,,0.39428799999999997,-0.0018996807525287812,0.02631788471542841,0.20179988595992915,0.39110792102623637,0.23693947306803131,0.22375244038702308,0.0,0.31479557610817144,0.5165954620681006,0.37080845074861896,0.2733903015226987
c3_w2_tcop_cm0_states_L0.4_kp0_4221_ucp0_0498_s31415,cm0,stageC,0.2,0.4221,0.1,0.04977134874876729,31415,8,0.04977134874876729,2,True,,0.39252799999999993,0.004103732641413222,0.03926269394015083,0.20179988595992915,0.3907624509139668,0.23684787999372497,0.22375244038702308,0.0,0.31479557610817144,0.5165954620681006,0.37892830493446966,0.27043880505284795
c3_w2_tcop_cm0_states_L0.4_kp0_4221_ucp0_0498_s31415,cm0,stageC,0.2,0.4221,0.1,0.04977134874876729,31415,9,0.04977134874876729,0,True,,0.390864,-0.0006170642038067305,0.027421648067890173,0.20179988595992915,0.39042149412220273,0.23679291457565957,0.22375244038702308,0.0,0.31479557610817144,0.5165954620681006,0.37106341273876353,0.2716635196374205
c3_w2_tcop_cm0_states_L0.4_kp0_4221_ucp0_0498_s31415,cm0,stageC,0.2,0.4221,0.1,0.04977134874876729,31415,10,0.04977134874876729,1,True,,0.39563200000000004,0.0029187565833807268,0.04413952538325874,0.20179988595992915,0.3913812803436775,0.2369845341246734,0.22375244038702308,0.0,0.31479557610817144,0.5165954620681006,0.3821008061218466,0.2710747069410147
c3_w2_tcop_cm0_states_L0.4_kp0_4221_ucp0_0498_s31415,cm0,stageC,0.2,0.4221,0.1,0.04977134874876729,31415,11,0.04977134874876729,2,True,,0.39227199999999995,0.004833984423337246,0.02831325047943843,0.20179988595992915,0.39070610880521567,0.23685015047903504,0.22375244038702308,0.0,0.31479557610817144,0.5165954620681006,0.38416744689541493,0.2761566247045404
c3_w2_tcop_cm0_states_L0.4_kp0_4221_ucp0_0498_s31415,cm0,stageC,0.2,0.4221,0.1,0.04977134874876729,31415,12,0.04977134874876729,0,True,,0.39443200000000006,-0.0017048808450030575,0.041945953499803006,0.20179988595992915,0.39113601406751747,0.2369456783883459,0.22375244038702308,0.0,0.31479557610817144,0.5165954620681006,0.371481769745841,0.27002804122644264
c3_w2_tcop_cm0_states_L0.4_kp0_4221_ucp0_0498_s31415,cm0,stageC,0.2,0.4221,0.1,0.04977134874876729,31415,13,0.04977134874876729,1,True,,0.39465599999999995,-0.0033693340117870035,0.02154576798792493,0.20179988595992915,0.3911759892945312,0.23696781270505848,0.22375244038702308,0.0,0.31479557610817144,0.5165954620681006,0.36313319422954193,0.2696669617976814
c3_w2_tcop_cm0_states_L0.4_kp0_4221_ucp0_0498_s31415,cm0,stageC,0.2,0.4221,0.1,0.04977134874876729,31415,14,0.04977134874876729,2,True,,0.39211199999999996,0.002503635468828644,0.03372338553038478,0.20179988595992915,0.3906800969966788,0.23683148664724155,0.22375244038702308,0.0,0.31479557610817144,0.5165954620681006,0.3735461928563334,0.27161972197582734
c3_w2_tcop_cm0_states_L0.4_kp0_4221_ucp0_0498_s31415,cm0,stageC,0.2,0.4221,0.1,0.04977134874876729,31415,15,0.04977134874876729,0,False,BLOCK_15_PARTIAL_CYCLE,0.3987840000000001,0.0006015637164690172,0.02709908091686706,0.20179988595992915,0.3920094087745778,0.2371279828172642,0.22375244038702308,0.0,0.31479557610817144,0.5165954620681006,0.37710698679377685,0.27282322611730087
c3_w2_tcop_cm0_states_L0.4_kp0_4221_ucp0_1234_s42,cm0,stageC,0.2,0.4221,0.25,0.12339551870278656,42,0,0.12339551870278656,0,False,PRE_PRIMARY_INCOMPLETE_CYCLE,0.39014400000000005,0.001800850998717151,0.03152987133267368,0.2040620853058872,0.4078961283767523,0.24015180402783265,0.22887449712863925,0.0,0.33088842536132046,0.5349505106672077,0.3803215025584148,0.27494238078097244
c3_w2_tcop_cm0_states_L0.4_kp0_4221_ucp0_1234_s42,cm0,stageC,0.2,0.4221,0.25,0.12339551870278656,42,1,0.12339551870278656,1,False,PRE_PRIMARY_INCOMPLETE_CYCLE,0.40571199999999996,-0.0027695713566820825,0.01581610735018157,0.2040620853058872,0.41100309735988827,0.24084427139584602,0.22887449712863925,0.0,0.33088842536132046,0.5349505106672077,0.36442620436769013,0.26560034645177066
c3_w2_tcop_cm0_states_L0.4_kp0_4221_ucp0_1234_s42,cm0,stageC,0.2,0.4221,0.25,0.12339551870278656,42,2,0.12339551870278656,2,False,PRE_PRIMARY_INCOMPLETE_CYCLE,0.40500800000000003,0.0005508171649347952,0.029448476052624916,0.2040620853058872,0.4108711296233935,0.24078867893253877,0.22887449712863925,0.0,0.33088842536132046,0.5349505106672077,0.3792459968878212,0.27575167693593666
c3_w2_tcop_cm0_states_L0.4_kp0_4221_ucp0_1234_s42,cm0,stageC,0.2,0.4221,0.25,0.12339551870278656,42,3,0.12339551870278656,0,True,,0.407632,-0.00031964590732294694,0.014477482666844992,0.2040620853058872,0.41140143183403766,0.2408916842707402,0.22887449712863925,0.0,0.33088842536132046,0.5349505106672077,0.3732697541885476,0.2653640675695319
c3_w2_tcop_cm0_states_L0.4_kp0_4221_ucp0_1234_s42,cm0,stageC,0.2,0.4221,0.25,0.12339551870278656,42,4,0.12339551870278656,1,True,,0.40558400000000006,0.0042187772029365,0.0214652143556586,0.2040620853058872,0.4109871031028094,0.24081599125467276,0.22887449712863925,0.0,0.33088842536132046,0.5349505106672077,0.3813508166054957,0.27432202491211793
c3_w2_tcop_cm0_states_L0.4_kp0_4221_ucp0_1234_s42,cm0,stageC,0.2,0.4221,0.25,0.12339551870278656,42,5,0.12339551870278656,2,True,,0.4098400000000001,0.00021182977297250528,0.027504605442789865,0.2040620853058872,0.4118478423403621,0.2409785935553216,0.22887449712863925,0.0,0.33088842536132046,0.5349505106672077,0.3698291862893467,0.2647643274651712
c3_w2_tcop_cm0_states_L0.4_kp0_4221_ucp0_1234_s42,cm0,stageC,0.2,0.4221,0.25,0.12339551870278656,42,6,0.12339551870278656,0,True,,0.404144,-0.0010569703327627114,0.022189130913194396,0.2040620853058872,0.41068774648052,0.24077986104128812,0.22887449712863925,0.0,0.33088842536132046,0.5349505106672077,0.37164897740304154,0.26967813089485626
c3_w2_tcop_cm0_states_L0.4_kp0_4221_ucp0_1234_s42,cm0,stageC,0.2,0.4221,0.25,0.12339551870278656,42,7,0.12339551870278656,1,True,,0.40592,0.0007247101897442445,0.03125089104958512,0.2040620853058872,0.4110521532806452,0.2408338573067097,0.22887449712863925,0.0,0.33088842536132046,0.5349505106672077,0.3723242244173207,0.2712050180051194
c3_w2_tcop_cm0_states_L0.4_kp0_4221_ucp0_1234_s42,cm0,stageC,0.2,0.4221,0.25,0.12339551870278656,42,8,0.12339551870278656,2,True,,0.404208,-0.00041340898354382774,0.0374350217085947,0.2040620853058872,0.4107021434176539,0.24077800815816863,0.22887449712863925,0.0,0.33088842536132046,0.5349505106672077,0.37155585989570505,0.2688935795106168
c3_w2_tcop_cm0_states_L0.4_kp0_4221_ucp0_1234_s42,cm0,stageC,0.2,0.4221,0.25,0.12339551870278656,42,9,0.12339551870278656,0,True,,0.40856000000000003,-0.0005140037451951566,0.048646595893476384,0.2040620853058872,0.41158669725900415,0.24093472623519951,0.22887449712863925,0.0,0.33088842536132046,0.5349505106672077,0.3736806416528117,0.27028400535074487
c3_w2_tcop_cm0_states_L0.4_kp0_4221_ucp0_1234_s42,cm0,stageC,0.2,0.4221,0.25,0.12339551870278656,42,10,0.12339551870278656,1,True,,0.40588799999999997,0.0005745707550359877,0.025186969400484857,0.2040620853058872,0.4110461180713008,0.240834822907458,0.22887449712863925,0.0,0.33088842536132046,0.5349505106672077,0.37193513835111675,0.2684770482831319
c3_w2_tcop_cm0_states_L0.4_kp0_4221_ucp0_1234_s42,cm0,stageC,0.2,0.4221,0.25,0.12339551870278656,42,11,0.12339551870278656,2,True,,0.40348800000000007,0.0014089926009402832,0.018588512065597272,0.2040620853058872,0.4105579948608859,0.24074720815197878,0.22887449712863925,0.0,0.33088842536132046,0.5349505106672077,0.37776685272544364,0.27415886685856816
c3_w2_tcop_cm0_states_L0.4_kp0_4221_ucp0_1234_s42,cm0,stageC,0.2,0.4221,0.25,0.12339551870278656,42,12,0.12339551870278656,0,True,,0.409872,8.380321980229199e-05,0.02779879148157321,0.2040620853058872,0.41186224591585413,0.24096023038819891,0.22887449712863925,0.0,0.33088842536132046,0.5349505106672077,0.3697193030039576,0.27219727666307914
c3_w2_tcop_cm0_states_L0.4_kp0_4221_ucp0_1234_s42,cm0,stageC,0.2,0.4221,0.25,0.12339551870278656,42,13,0.12339551870278656,1,True,,0.40720000000000006,-0.006217609689377727,0.014785036668236561,0.2040620853058872,0.41130738719876136,0.2408919174313127,0.22887449712863925,0.0,0.33088842536132046,0.5349505106672077,0.35698715632228634,0.2637032222520137
c3_w2_tcop_cm0_states_L0.4_kp0_4221_ucp0_1234_s42,cm0,stageC,0.2,0.4221,0.25,0.12339551870278656,42,14,0.12339551870278656,2,True,,0.4037440000000001,0.0020864426946419646,0.035955931441517076,0.2040620853058872,0.4106089057610841,0.24075542841300474,0.22887449712863925,0.0,0.33088842536132046,0.5349505106672077,0.373219841073598,0.26885011076936327
c3_w2_tcop_cm0_states_L0.4_kp0_4221_ucp0_1234_s42,cm0,stageC,0.2,0.4221,0.25,0.12339551870278656,42,15,0.12339551870278656,0,False,BLOCK_15_PARTIAL_CYCLE,0.407568,-0.003766800530841873,0.051392293320576064,0.2040620853058872,0.41138598666329507,0.24089800281320622,0.22887449712863925,0.0,0.33088842536132046,0.5349505106672077,0.36443979918274466,0.26831373442971923
c3_w2_tcop_cm0_states_L0.4_kp0_4221_ucp0_1234_s137,cm0,stageC,0.2,0.4221,0.25,0.12339551870278656,137,0,0.12339551870278656,0,False,PRE_PRIMARY_INCOMPLETE_CYCLE,0.39617600000000003,0.0017693429136600618,0.032946800033375065,0.2040620853058872,0.40912606843162574,0.24035923999765244,0.22887449712863925,0.0,0.33088842536132046,0.5349505106672077,0.37806924526250507,0.2709788329488941
c3_w2_tcop_cm0_states_L0.4_kp0_4221_ucp0_1234_s137,cm0,stageC,0.2,0.4221,0.25,0.12339551870278656,137,1,0.12339551870278656,1,False,PRE_PRIMARY_INCOMPLETE_CYCLE,0.40579199999999993,-0.0021002145216819567,0.013887228131811242,0.2040620853058872,0.4110251980920464,0.2408303804585589,0.22887449712863925,0.0,0.33088842536132046,0.5349505106672077,0.3709287444990483,0.2677888950681986
c3_w2_tcop_cm0_states_L0.4_kp0_4221_ucp0_1234_s137,cm0,stageC,0.2,0.4221,0.25,0.12339551870278656,137,2,0.12339551870278656,2,False,PRE_PRIMARY_INCOMPLETE_CYCLE,0.404736,0.0012448573821420845,0.030391783253234748,0.2040620853058872,0.4108102813460975,0.24079385741479792,0.22887449712863925,0.0,0.33088842536132046,0.5349505106672077,0.3711167690437149,0.26731595056052276
c3_w2_tcop_cm0_states_L0.4_kp0_4221_ucp0_1234_s137,cm0,stageC,0.2,0.4221,0.25,0.12339551870278656,137,3,0.12339551870278656,0,True,,0.40763200000000005,0.0018148753689065395,0.0321661350088643,0.2040620853058872,0.4113997660999751,0.2408984752800574,0.22887449712863925,0.0,0.33088842536132046,0.5349505106672077,0.3773997041095643,0.26878935883589666
c3_w2_tcop_cm0_states_L0.4_kp0_4221_ucp0_1234_s137,cm0,stageC,0.2,0.4221,0.25,0.12339551870278656,137,4,0.12339551870278656,1,True,,0.405952,0.0003746928850805546,0.007487923646870242,0.2040620853058872,0.4110612507275248,0.24082900697349383,0.22887449712863925,0.0,0.33088842536132046,0.5349505106672077,0.37703039098145924,0.26975988334762
c3_w2_tcop_cm0_states_L0.4_kp0_4221_ucp0_1234_s137,cm0,stageC,0.2,0.4221,0.25,0.12339551870278656,137,5,0.12339551870278656,2,True,,0.40529600000000005,0.002892521838439028,0.028074381337136453,0.2040620853058872,0.41093234062451206,0.24079600078060764,0.22887449712863925,0.0,0.33088842536132046,0.5349505106672077,0.3789706100560793,0.27113471208000794
c3_w2_tcop_cm0_states_L0.4_kp0_4221_ucp0_1234_s137,cm0,stageC,0.2,0.4221,0.25,0.12339551870278656,137,6,0.12339551870278656,0,True,,0.406,0.0024707736036239793,0.01476933572098576,0.2040620853058872,0.4110705396937259,0.2408285617548778,0.22887449712863925,0.0,0.33088842536132046,0.5349505106672077,0.3789479717823657,0.2662847568448257
c3_w2_tcop_cm0_states_L0.4_kp0_4221_ucp0_1234_s137,cm0,stageC,0.2,0.4221,0.25,0.12339551870278656,137,7,0.12339551870278656,1,True,,0.407408,-0.0002672730147142068,0.030333623858332007,0.2040620853058872,0.41135380530094295,0.24089194373376543,0.22887449712863925,0.0,0.33088842536132046,0.5349505106672077,0.37227168963652185,0.2691606210470871
c3_w2_tcop_cm0_states_L0.4_kp0_4221_ucp0_1234_s137,cm0,stageC,0.2,0.4221,0.25,0.12339551870278656,137,8,0.12339551870278656,2,True,,0.404064,0.000994950432762364,0.036804388045722884,0.2040620853058872,0.4106793515446845,0.24075728679775388,0.22887449712863925,0.0,0.33088842536132046,0.5349505106672077,0.37741960155452786,0.27394155661283204
c3_w2_tcop_cm0_states_L0.4_kp0_4221_ucp0_1234_s137,cm0,stageC,0.2,0.4221,0.25,0.12339551870278656,137,9,0.12339551870278656,0,True,,0.405456,0.004665035298288074,0.05367141692782608,0.2040620853058872,0.4109670713115916,0.2407909955011499,0.22887449712863925,0.0,0.33088842536132046,0.5349505106672077,0.38743768618763264,0.2745571164917818
c3_w2_tcop_cm0_states_L0.4_kp0_4221_ucp0_1234_s137,cm0,stageC,0.2,0.4221,0.25,0.12339551870278656,137,10,0.12339551870278656,1,True,,0.40579199999999993,-0.0014907432621861496,0.04506742913139226,0.2040620853058872,0.411017386990171,0.24085284407686983,0.22887449712863925,0.0,0.33088842536132046,0.5349505106672077,0.36766047502790267,0.26727146075452135
c3_w2_tcop_cm0_states_L0.4_kp0_4221_ucp0_1234_s137,cm0,stageC,0.2,0.4221,0.25,0.12339551870278656,137,11,0.12339551870278656,2,True,,0.4054559999999999,0.00025601207106066046,0.03993792168704469,0.2040620853058872,0.4109621197436175,0.24080496298998702,0.22887449712863925,0.0,0.33088842536132046,0.5349505106672077,0.37676934607234364,0.26977973648291004
c3_w2_tcop_cm0_states_L0.4_kp0_4221_ucp0_1234_s137,cm0,stageC,0.2,0.4221,0.25,0.12339551870278656,137,12,0.12339551870278656,0,True,,0.407808,0.0009472060894294073,0.03417778965845897,0.2040620853058872,0.4114360069810174,0.24090484851009292,0.22887449712863925,0.0,0.33088842536132046,0.5349505106672077,0.3741014478701244,0.2689003849169779
c3_w2_tcop_cm0_states_L0.4_kp0_4221_ucp0_1234_s137,cm0,stageC,0.2,0.4221,0.25,0.12339551870278656,137,13,0.12339551870278656,1,True,,0.404064,0.0012959026168236382,0.0227169370487115,0.2040620853058872,0.4106762035131401,0.24076143087199298,0.22887449712863925,0.0,0.33088842536132046,0.5349505106672077,0.37548032156531286,0.2670783898788929
c3_w2_tcop_cm0_states_L0.4_kp0_4221_ucp0_1234_s137,cm0,stageC,0.2,0.4221,0.25,0.12339551870278656,137,14,0.12339551870278656,2,True,,0.40664,0.0026719313773573058,0.03131989254330032,0.2040620853058872,0.41120788881575693,0.2408376117866113,0.22887449712863925,0.0,0.33088842536132046,0.5349505106672077,0.38027798685387987,0.27291264374410557
c3_w2_tcop_cm0_states_L0.4_kp0_4221_ucp0_1234_s137,cm0,stageC,0.2,0.4221,0.25,0.12339551870278656,137,15,0.12339551870278656,0,False,BLOCK_15_PARTIAL_CYCLE,0.405344,0.0013136149730508498,0.056318527944609474,0.2040620853058872,0.4109374190627644,0.24080704725133928,0.22887449712863925,0.0,0.33088842536132046,0.5349505106672077,0.3780402094352256,0.27331779200773787
c3_w2_tcop_cm0_states_L0.4_kp0_4221_ucp0_1234_s256,cm0,stageC,0.2,0.4221,0.25,0.12339551870278656,256,0,0.12339551870278656,0,False,PRE_PRIMARY_INCOMPLETE_CYCLE,0.39238400000000007,0.0018039626244173523,0.03519323324633498,0.2040620853058872,0.4083547841864617,0.24022524671952838,0.22887449712863925,0.0,0.33088842536132046,0.5349505106672077,0.38026016935541873,0.27523262565274204
c3_w2_tcop_cm0_states_L0.4_kp0_4221_ucp0_1234_s256,cm0,stageC,0.2,0.4221,0.25,0.12339551870278656,256,1,0.12339551870278656,1,False,PRE_PRIMARY_INCOMPLETE_CYCLE,0.40784,-0.00206978479338881,0.028907127036621256,0.2040620853058872,0.41144541334652635,0.24089537737969458,0.22887449712863925,0.0,0.33088842536132046,0.5349505106672077,0.3660503392219646,0.2646281404911657
c3_w2_tcop_cm0_states_L0.4_kp0_4221_ucp0_1234_s256,cm0,stageC,0.2,0.4221,0.25,0.12339551870278656,256,2,0.12339551870278656,2,False,PRE_PRIMARY_INCOMPLETE_CYCLE,0.408768,-0.0005910958977416739,0.0323587795993153,0.2040620853058872,0.4116291985616193,0.24094207838988602,0.22887449712863925,0.0,0.33088842536132046,0.5349505106672077,0.37455623328835125,0.27065734876215997
c3_w2_tcop_cm0_states_L0.4_kp0_4221_ucp0_1234_s256,cm0,stageC,0.2,0.4221,0.25,0.12339551870278656,256,3,0.12339551870278656,0,True,,0.409392,0.00029542156412643,0.03852390406475718,0.2040620853058872,0.411762539834146,0.2409480276388767,0.22887449712863925,0.0,0.33088842536132046,0.5349505106672077,0.37420527741991294,0.2693698580172357
c3_w2_tcop_cm0_states_L0.4_kp0_4221_ucp0_1234_s256,cm0,stageC,0.2,0.4221,0.25,0.12339551870278656,256,4,0.12339551870278656,1,True,,0.406,0.0027271831281199233,0.04505606865686654,0.2040620853058872,0.4110740026337605,0.2408221816895217,0.22887449712863925,0.0,0.33088842536132046,0.5349505106672077,0.3794941991012928,0.26927369288803743
c3_w2_tcop_cm0_states_L0.4_kp0_4221_ucp0_1234_s256,cm0,stageC,0.2,0.4221,0.25,0.12339551870278656,256,5,0.12339551870278656,2,True,,0.40281600000000006,0.0006143444326882494,0.005523818884424713,0.2040620853058872,0.41042192027691793,0.2407201760704355,0.22887449712863925,0.0,0.33088842536132046,0.5349505106672077,0.3766750720909951,0.2719505665133395
c3_w2_tcop_cm0_states_L0.4_kp0_4221_ucp0_1234_s256,cm0,stageC,0.2,0.4221,0.25,0.12339551870278656,256,6,0.12339551870278656,0,True,,0.40504000000000007,-0.0030969016956164034,0.016625382103509813,0.2040620853058872,0.4108711700788413,0.24080683568383848,0.22887449712863925,0.0,0.33088842536132046,0.5349505106672077,0.36296730945809697,0.2672896105150803
c3_w2_tcop_cm0_states_L0.4_kp0_4221_ucp0_1234_s256,cm0,stageC,0.2,0.4221,0.25,0.12339551870278656,256,7,0.12339551870278656,1,True,,0.40820799999999996,0.00018991438747116487,0.03978417427631817,0.2040620853058872,0.4115211520176001,0.2409108194784202,0.22887449712863925,0.0,0.33088842536132046,0.5349505106672077,0.3738699544399546,0.272514164332332
c3_w2_tcop_cm0_states_L0.4_kp0_4221_ucp0_1234_s256,cm0,stageC,0.2,0.4221,0.25,0.12339551870278656,256,8,0.12339551870278656,2,True,,0.407312,0.0037598049373913024,0.02377100501839512,0.2040620853058872,0.41133836299416715,0.24087353136564002,0.22887449712863925,0.0,0.33088842536132046,0.5349505106672077,0.37981764602831986,0.26760301303455036
c3_w2_tcop_cm0_states_L0.4_kp0_4221_ucp0_1234_s256,cm0,stageC,0.2,0.4221,0.25,0.12339551870278656,256,9,0.12339551870278656,0,True,,0.408624,-0.002069050197342518,0.056963730552128757,0.2040620853058872,0.4115980249391084,0.24094415052559012,0.22887449712863925,0.0,0.33088842536132046,0.5349505106672077,0.3690003495223009,0.26727880346042737
c3_w2_tcop_cm0_states_L0.4_kp0_4221_ucp0_1234_s256,cm0,stageC,0.2,0.4221,0.25,0.12339551870278656,256,10,0.12339551870278656,1,True,,0.40614399999999995,-0.0010200694546268403,0.019334883668842888,0.2040620853058872,0.41109873136169667,0.24083755566292506,0.22887449712863925,0.0,0.33088842536132046,0.5349505106672077,0.36986288887416935,0.26384339412180563
c3_w2_tcop_cm0_states_L0.4_kp0_4221_ucp0_1234_s256,cm0,stageC,0.2,0.4221,0.25,0.12339551870278656,256,11,0.12339551870278656,2,True,,0.40667200000000003,-0.0006280674211035064,0.024926688777080618,0.2040620853058872,0.4112062642599795,0.24086092259130518,0.22887449712863925,0.0,0.33088842536132046,0.5349505106672077,0.37078316040501735,0.27034699421176966
c3_w2_tcop_cm0_states_L0.4_kp0_4221_ucp0_1234_s256,cm0,stageC,0.2,0.4221,0.25,0.12339551870278656,256,12,0.12339551870278656,0,True,,0.40559999999999996,-0.0025133930277102456,0.036162054018006005,0.2040620853058872,0.4109856824938353,0.24082992587983934,0.22887449712863925,0.0,0.33088842536132046,0.5349505106672077,0.36554502027748215,0.2718774105546678
c3_w2_tcop_cm0_states_L0.4_kp0_4221_ucp0_1234_s256,cm0,stageC,0.2,0.4221,0.25,0.12339551870278656,256,13,0.12339551870278656,1,True,,0.40387200000000006,0.0063874004350753435,0.04871855249466904,0.2040620853058872,0.4106463815632595,0.24073124162369844,0.22887449712863925,0.0,0.33088842536132046,0.5349505106672077,0.38850352230081775,0.27308500169913313
c3_w2_tcop_cm0_states_L0.4_kp0_4221_ucp0_1234_s256,cm0,stageC,0.2,0.4221,0.25,0.12339551870278656,256,14,0.12339551870278656,2,True,,0.40630399999999994,-0.002607839706058688,0.03958369023197279,0.2040620853058872,0.41112174674531404,0.24086975486288123,0.22887449712863925,0.0,0.33088842536132046,0.5349505106672077,0.36415004808808393,0.2639073984784517
c3_w2_tcop_cm0_states_L0.4_kp0_4221_ucp0_1234_s256,cm0,stageC,0.2,0.4221,0.25,0.12339551870278656,256,15,0.12339551870278656,0,False,BLOCK_15_PARTIAL_CYCLE,0.40584000000000003,0.0006796944116343716,0.031351524058198126,0.2040620853058872,0.4110388885603897,0.2408254483211239,0.22887449712863925,0.0,0.33088842536132046,0.5349505106672077,0.3721061229452203,0.2704324575477076
c3_w2_tcop_cm0_states_L0.4_kp0_4221_ucp0_1234_s1024,cm0,stageC,0.2,0.4221,0.25,0.12339551870278656,1024,0,0.12339551870278656,0,False,PRE_PRIMARY_INCOMPLETE_CYCLE,0.39331199999999994,-0.0028374810537615176,0.030485835103444103,0.2040620853058872,0.4085417299839433,0.2402647455054398,0.22887449712863925,0.0,0.33088842536132046,0.5349505106672077,0.36874663943111263,0.27421985934873944
c3_w2_tcop_cm0_states_L0.4_kp0_4221_ucp0_1234_s1024,cm0,stageC,0.2,0.4221,0.25,0.12339551870278656,1024,1,0.12339551870278656,1,False,PRE_PRIMARY_INCOMPLETE_CYCLE,0.40568,-0.000738464230032349,0.027161240498244234,0.2040620853058872,0.41100078044895966,0.24083584311625797,0.22887449712863925,0.0,0.33088842536132046,0.5349505106672077,0.3699909267107732,0.27323374041046655
c3_w2_tcop_cm0_states_L0.4_kp0_4221_ucp0_1234_s1024,cm0,stageC,0.2,0.4221,0.25,0.12339551870278656,1024,2,0.12339551870278656,2,False,PRE_PRIMARY_INCOMPLETE_CYCLE,0.40332799999999996,0.0014721494840821158,0.03907332217165398,0.2040620853058872,0.41052207597603685,0.24074654015134053,0.22887449712863925,0.0,0.33088842536132046,0.5349505106672077,0.3776247869028397,0.2683879687388407
c3_w2_tcop_cm0_states_L0.4_kp0_4221_ucp0_1234_s1024,cm0,stageC,0.2,0.4221,0.25,0.12339551870278656,1024,3,0.12339551870278656,0,True,,0.40561600000000003,0.0007231108663885186,0.023956982946167868,0.2040620853058872,0.4109888686242543,0.2408280805892641,0.22887449712863925,0.0,0.33088842536132046,0.5349505106672077,0.3758485297287873,0.2685329574844444
c3_w2_tcop_cm0_states_L0.4_kp0_4221_ucp0_1234_s1024,cm0,stageC,0.2,0.4221,0.25,0.12339551870278656,1024,4,0.12339551870278656,1,True,,0.407968,0.0014642054897561275,0.029089850246538575,0.2040620853058872,0.4114693271256741,0.24090428591283314,0.22887449712863925,0.0,0.33088842536132046,0.5349505106672077,0.374401411843189,0.26370701209482694
c3_w2_tcop_cm0_states_L0.4_kp0_4221_ucp0_1234_s1024,cm0,stageC,0.2,0.4221,0.25,0.12339551870278656,1024,5,0.12339551870278656,2,True,,0.4068,-0.0009554882717439263,0.02120596804096407,0.2040620853058872,0.41122623636970135,0.24087982147283987,0.22887449712863925,0.0,0.33088842536132046,0.5349505106672077,0.37233228070623753,0.27124708000295644
c3_w2_tcop_cm0_states_L0.4_kp0_4221_ucp0_1234_s1024,cm0,stageC,0.2,0.4221,0.25,0.12339551870278656,1024,6,0.12339551870278656,0,True,,0.411648,-0.004112644971809427,0.03129722257983496,0.2040620853058872,0.4122162058602089,0.24104294734046322,0.22887449712863925,0.0,0.33088842536132046,0.5349505106672077,0.36224388370284843,0.2649955121320118
c3_w2_tcop_cm0_states_L0.4_kp0_4221_ucp0_1234_s1024,cm0,stageC,0.2,0.4221,0.25,0.12339551870278656,1024,7,0.12339551870278656,1,True,,0.40327999999999997,0.00165894432574399,0.05541302480639736,0.2040620853058872,0.4105138962083564,0.24074260296032282,0.22887449712863925,0.0,0.33088842536132046,0.5349505106672077,0.37558329460555984,0.2658630214812219
c3_w2_tcop_cm0_states_L0.4_kp0_4221_ucp0_1234_s1024,cm0,stageC,0.2,0.4221,0.25,0.12339551870278656,1024,8,0.12339551870278656,2,True,,0.402464,-0.000319907088383454,0.043925606354281416,0.2040620853058872,0.4103530535254445,0.2406998700059818,0.22887449712863925,0.0,0.33088842536132046,0.5349505106672077,0.3753068907709981,0.27184766053599857
c3_w2_tcop_cm0_states_L0.4_kp0_4221_ucp0_1234_s1024,cm0,stageC,0.2,0.4221,0.25,0.12339551870278656,1024,9,0.12339551870278656,0,True,,0.40808,-0.003129910234310591,0.02934480359758843,0.2040620853058872,0.41148886682163244,0.24091845356326208,0.22887449712863925,0.0,0.33088842536132046,0.5349505106672077,0.36567570274679567,0.26740724524018644
c3_w2_tcop_cm0_states_L0.4_kp0_4221_ucp0_1234_s1024,cm0,stageC,0.2,0.4221,0.25,0.12339551870278656,1024,10,0.12339551870278656,1,True,,0.405504,0.001498375221991857,0.027529237425698534,0.2040620853058872,0.410967694935495,0.2408202020431622,0.22887449712863925,0.0,0.33088842536132046,0.5349505106672077,0.37466336709604725,0.26850855736751
c3_w2_tcop_cm0_states_L0.4_kp0_4221_ucp0_1234_s1024,cm0,stageC,0.2,0.4221,0.25,0.12339551870278656,1024,11,0.12339551870278656,2,True,,0.40443199999999996,0.000530003462801812,0.039757479057433286,0.2040620853058872,0.41075084505600534,0.24077591976942722,0.22887449712863925,0.0,0.33088842536132046,0.5349505106672077,0.3754956266058814,0.27078845624263864
c3_w2_tcop_cm0_states_L0.4_kp0_4221_ucp0_1234_s1024,cm0,stageC,0.2,0.4221,0.25,0.12339551870278656,1024,12,0.12339551870278656,0,True,,0.404928,-0.0005613698838043479,0.016379081825279862,0.2040620853058872,0.4108480796187734,0.24080490887056938,0.22887449712863925,0.0,0.33088842536132046,0.5349505106672077,0.3708544390020023,0.26480667520544887
c3_w2_tcop_cm0_states_L0.4_kp0_4221_ucp0_1234_s1024,cm0,stageC,0.2,0.4221,0.25,0.12339551870278656,1024,13,0.12339551870278656,1,True,,0.408016,-0.0012658950650262556,0.006902664742547302,0.2040620853058872,0.41147985364156464,0.24090881558330113,0.22887449712863925,0.0,0.33088842536132046,0.5349505106672077,0.36609749016082893,0.26946015731463296
c3_w2_tcop_cm0_states_L0.4_kp0_4221_ucp0_1234_s1024,cm0,stageC,0.2,0.4221,0.25,0.12339551870278656,1024,14,0.12339551870278656,2,True,,0.409552,0.00022626431417865325,0.0332729644905071,0.2040620853058872,0.41179230022514296,0.24096192600464947,0.22887449712863925,0.0,0.33088842536132046,0.5349505106672077,0.3720165081473125,0.26796499162894505
c3_w2_tcop_cm0_states_L0.4_kp0_4221_ucp0_1234_s1024,cm0,stageC,0.2,0.4221,0.25,0.12339551870278656,1024,15,0.12339551870278656,0,False,BLOCK_15_PARTIAL_CYCLE,0.4061440000000001,0.0009754814562933575,0.027294206862577153,0.2040620853058872,0.41109688558069096,0.2408454225185986,0.22887449712863925,0.0,0.33088842536132046,0.5349505106672077,0.3750196261625342,0.2681227290407934
c3_w2_tcop_cm0_states_L0.4_kp0_4221_ucp0_1234_s31415,cm0,stageC,0.2,0.4221,0.25,0.12339551870278656,31415,0,0.12339551870278656,0,False,PRE_PRIMARY_INCOMPLETE_CYCLE,0.3868960000000001,-0.0028312951708905844,0.04939584690696455,0.2040620853058872,0.40723156317627734,0.240049420490582,0.22887449712863925,0.0,0.33088842536132046,0.5349505106672077,0.36591690747091393,0.2746837943247548
c3_w2_tcop_cm0_states_L0.4_kp0_4221_ucp0_1234_s31415,cm0,stageC,0.2,0.4221,0.25,0.12339551870278656,31415,1,0.12339551870278656,1,False,PRE_PRIMARY_INCOMPLETE_CYCLE,0.402944,0.0022177038013341485,0.03683926781205178,0.2040620853058872,0.41044828080553886,0.24072483942581663,0.22887449712863925,0.0,0.33088842536132046,0.5349505106672077,0.378492214049691,0.2716649466680648
c3_w2_tcop_cm0_states_L0.4_kp0_4221_ucp0_1234_s31415,cm0,stageC,0.2,0.4221,0.25,0.12339551870278656,31415,2,0.12339551870278656,2,False,PRE_PRIMARY_INCOMPLETE_CYCLE,0.407744,0.0008596263176466043,0.019540615306307685,0.2040620853058872,0.41142263388318884,0.2408986087472734,0.22887449712863925,0.0,0.33088842536132046,0.5349505106672077,0.37870166707556796,0.2677227867154433
c3_w2_tcop_cm0_states_L0.4_kp0_4221_ucp0_1234_s31415,cm0,stageC,0.2,0.4221,0.25,0.12339551870278656,31415,3,0.12339551870278656,0,True,,0.40422399999999997,-0.0014182042102617734,0.029096409441490462,0.2040620853058872,0.41070707600621287,0.24077367635702276,0.22887449712863925,0.0,0.33088842536132046,0.5349505106672077,0.3710574654819704,0.26941161468867825
c3_w2_tcop_cm0_states_L0.4_kp0_4221_ucp0_1234_s31415,cm0,stageC,0.2,0.4221,0.25,0.12339551870278656,31415,4,0.12339551870278656,1,True,,0.4052800000000001,-0.0003190738998689218,0.014394279985814457,0.2040620853058872,0.4109249565372656,0.2408052807004909,0.22887449712863925,0.0,0.33088842536132046,0.5349505106672077,0.36758077711822423,0.26748432793736043
c3_w2_tcop_cm0_states_L0.4_kp0_4221_ucp0_1234_s31415,cm0,stageC,0.2,0.4221,0.25,0.12339551870278656,31415,5,0.12339551870278656,2,True,,0.40391999999999995,0.0027668799587430935,0.04396715166575074,0.2040620853058872,0.4106543638935816,0.24074094900949694,0.22887449712863925,0.0,0.33088842536132046,0.5349505106672077,0.3798129574065131,0.27254225718757197
c3_w2_tcop_cm0_states_L0.4_kp0_4221_ucp0_1234_s31415,cm0,stageC,0.2,0.4221,0.25,0.12339551870278656,31415,6,0.12339551870278656,0,True,,0.4058880000000001,0.001841021115885557,0.021077462077020555,0.2040620853058872,0.4110533048236424,0.24081052904344855,0.22887449712863925,0.0,0.33088842536132046,0.5349505106672077,0.37818772978976456,0.2679086755521116
c3_w2_tcop_cm0_states_L0.4_kp0_4221_ucp0_1234_s31415,cm0,stageC,0.2,0.4221,0.25,0.12339551870278656,31415,7,0.12339551870278656,1,True,,0.40556800000000004,-0.0021151886537600366,0.026430902167930013,0.2040620853058872,0.41097987216415954,0.24082375614798693,0.22887449712863925,0.0,0.33088842536132046,0.5349505106672077,0.3706035830035749,0.2695585501980182
c3_w2_tcop_cm0_states_L0.4_kp0_4221_ucp0_1234_s31415,cm0,stageC,0.2,0.4221,0.25,0.12339551870278656,31415,8,0.12339551870278656,2,True,,0.40460799999999997,0.0036749444001735166,0.036060526778698754,0.2040620853058872,0.4107902770254349,0.24077445065524314,0.22887449712863925,0.0,0.33088842536132046,0.5349505106672077,0.3775802171697358,0.2702076084185275
c3_w2_tcop_cm0_states_L0.4_kp0_4221_ucp0_1234_s31415,cm0,stageC,0.2,0.4221,0.25,0.12339551870278656,31415,9,0.12339551870278656,0,True,,0.40260799999999997,-0.00037213625608120644,0.018601150157079055,0.2040620853058872,0.41037794577599174,0.2407162781203654,0.22887449712863925,0.0,0.33088842536132046,0.5349505106672077,0.3730763768136249,0.2700604584533763
c3_w2_tcop_cm0_states_L0.4_kp0_4221_ucp0_1234_s31415,cm0,stageC,0.2,0.4221,0.25,0.12339551870278656,31415,10,0.12339551870278656,1,True,,0.4072639999999999,0.001395075510556802,0.03979531140896645,0.2040620853058872,0.4113275539480711,0.24087336152571262,0.22887449712863925,0.0,0.33088842536132046,0.5349505106672077,0.3779653216276764,0.2690976605342136
c3_w2_tcop_cm0_states_L0.4_kp0_4221_ucp0_1234_s31415,cm0,stageC,0.2,0.4221,0.25,0.12339551870278656,31415,11,0.12339551870278656,2,True,,0.40384,0.004840910947216936,0.025908944130653706,0.2040620853058872,0.41062972382397644,0.2407597385262684,0.22887449712863925,0.0,0.33088842536132046,0.5349505106672077,0.3846497950440343,0.2738046939332665
c3_w2_tcop_cm0_states_L0.4_kp0_4221_ucp0_1234_s31415,cm0,stageC,0.2,0.4221,0.25,0.12339551870278656,31415,12,0.12339551870278656,0,True,,0.40624000000000005,-0.0026661758709112383,0.038470879512822,0.2040620853058872,0.41111608514211695,0.24084866348163422,0.22887449712863925,0.0,0.33088842536132046,0.5349505106672077,0.36925317955721554,0.2690150259304712
c3_w2_tcop_cm0_states_L0.4_kp0_4221_ucp0_1234_s31415,cm0,stageC,0.2,0.4221,0.25,0.12339551870278656,31415,13,0.12339551870278656,1,True,,0.40767999999999993,-0.002619164434206373,0.017025236910904525,0.2040620853058872,0.4114080490311293,0.24090559475571335,0.22887449712863925,0.0,0.33088842536132046,0.5349505106672077,0.364699278768619,0.2681639806734374
c3_w2_tcop_cm0_states_L0.4_kp0_4221_ucp0_1234_s31415,cm0,stageC,0.2,0.4221,0.25,0.12339551870278656,31415,14,0.12339551870278656,2,True,,0.40340799999999993,0.001939188156068345,0.034560587551470213,0.2040620853058872,0.41054685955410936,0.24073181801908422,0.22887449712863925,0.0,0.33088842536132046,0.5349505106672077,0.3735141942704578,0.27048084770211195
c3_w2_tcop_cm0_states_L0.4_kp0_4221_ucp0_1234_s31415,cm0,stageC,0.2,0.4221,0.25,0.12339551870278656,31415,15,0.12339551870278656,0,False,BLOCK_15_PARTIAL_CYCLE,0.409968,-0.001344027714050925,0.024114339672785885,0.2040620853058872,0.41187462680416725,0.24098057893160016,0.22887449712863925,0.0,0.33088842536132046,0.5349505106672077,0.37238715545711876,0.26988545755553095
c3_w2_tcop_cm0_states_L0.4_kp0_4221_ucp0_2425_s42,cm0,stageC,0.2,0.4221,0.5,0.24248438819907564,42,0,0.24248438819907564,0,False,PRE_PRIMARY_INCOMPLETE_CYCLE,0.40795200000000004,0.0003540740307654419,0.03611032746494326,0.20665541913530328,0.44046687208081964,0.24500380858533324,0.23616013419568757,0.0,0.35776435989500555,0.5644197790303088,0.37633728330566163,0.27018489957801284
c3_w2_tcop_cm0_states_L0.4_kp0_4221_ucp0_2425_s42,cm0,stageC,0.2,0.4221,0.5,0.24248438819907564,42,1,0.24248438819907564,1,False,PRE_PRIMARY_INCOMPLETE_CYCLE,0.424448,-0.004476750095487762,0.013992747896970506,0.20665541913530328,0.44383885892530495,0.24555555784113373,0.23616013419568757,0.0,0.35776435989500555,0.5644197790303088,0.35957978705616794,0.26043595505129363
c3_w2_tcop_cm0_states_L0.4_kp0_4221_ucp0_2425_s42,cm0,stageC,0.2,0.4221,0.5,0.24248438819907564,42,2,0.24248438819907564,2,False,PRE_PRIMARY_INCOMPLETE_CYCLE,0.42318399999999995,0.0008691217063544566,0.03517773272473891,0.20665541913530328,0.4435858208854219,0.24548407176378143,0.23616013419568757,0.0,0.35776435989500555,0.5644197790303088,0.3810928356225374,0.27202879890578535
c3_w2_tcop_cm0_states_L0.4_kp0_4221_ucp0_2425_s42,cm0,stageC,0.2,0.4221,0.5,0.24248438819907564,42,3,0.24248438819907564,0,True,,0.427568,-0.002137735041106873,0.012598292593243129,0.20665541913530328,0.44449073662452526,0.24560612114013272,0.23616013419568757,0.0,0.35776435989500555,0.5644197790303088,0.367771417275878,0.25893119486412935
c3_w2_tcop_cm0_states_L0.4_kp0_4221_ucp0_2425_s42,cm0,stageC,0.2,0.4221,0.5,0.24248438819907564,42,4,0.24248438819907564,1,True,,0.42513599999999996,0.0032083450565729534,0.022377718691589284,0.20665541913530328,0.4439907750229725,0.24553675746606818,0.23616013419568757,0.0,0.35776435989500555,0.5644197790303088,0.3798089160455266,0.2703963496063066
c3_w2_tcop_cm0_states_L0.4_kp0_4221_ucp0_2425_s42,cm0,stageC,0.2,0.4221,0.5,0.24248438819907564,42,5,0.24248438819907564,2,True,,0.42870400000000003,-0.0012429733585524263,0.026146924902426868,0.20665541913530328,0.444725607357637,0.2456377934257208,0.23616013419568757,0.0,0.35776435989500555,0.5644197790303088,0.3659722130239683,0.2626665744429998
c3_w2_tcop_cm0_states_L0.4_kp0_4221_ucp0_2425_s42,cm0,stageC,0.2,0.4221,0.5,0.24248438819907564,42,6,0.24248438819907564,0,True,,0.42331199999999997,-0.0007826362282151119,0.02409135633636608,0.20665541913530328,0.44360840596921675,0.24551117265846,0.23616013419568757,0.0,0.35776435989500555,0.5644197790303088,0.37130930129722794,0.2657297654607838
c3_w2_tcop_cm0_states_L0.4_kp0_4221_ucp0_2425_s42,cm0,stageC,0.2,0.4221,0.5,0.24248438819907564,42,7,0.24248438819907564,1,True,,0.42472,-0.0005851395503783969,0.030074419070719036,0.20665541913530328,0.44390123343639304,0.24553574523483943,0.23616013419568757,0.0,0.35776435989500555,0.5644197790303088,0.36865457744917285,0.2657825707384379
c3_w2_tcop_cm0_states_L0.4_kp0_4221_ucp0_2425_s42,cm0,stageC,0.2,0.4221,0.5,0.24248438819907564,42,8,0.24248438819907564,2,True,,0.42384,-0.0005314146259818931,0.03607709851600812,0.20665541913530328,0.44371919009664834,0.2455150395204157,0.23616013419568757,0.0,0.35776435989500555,0.5644197790303088,0.3706423305735195,0.26553376868240863
c3_w2_tcop_cm0_states_L0.4_kp0_4221_ucp0_2425_s42,cm0,stageC,0.2,0.4221,0.5,0.24248438819907564,42,9,0.24248438819907564,0,True,,0.42620800000000003,-0.00116194865595379,0.04665844106370471,0.20665541913530328,0.44420805800173097,0.24557923996365316,0.23616013419568757,0.0,0.35776435989500555,0.5644197790303088,0.37107339971677183,0.2664529333835326
c3_w2_tcop_cm0_states_L0.4_kp0_4221_ucp0_2425_s42,cm0,stageC,0.2,0.4221,0.5,0.24248438819907564,42,10,0.24248438819907564,1,True,,0.42470399999999997,0.0002985400964063077,0.020844475313506184,0.20665541913530328,0.44389873783779676,0.24553563232825837,0.23616013419568757,0.0,0.35776435989500555,0.5644197790303088,0.3724784449500922,0.26189848572058655
c3_w2_tcop_cm0_states_L0.4_kp0_4221_ucp0_2425_s42,cm0,stageC,0.2,0.4221,0.5,0.24248438819907564,42,11,0.24248438819907564,2,True,,0.4226560000000001,0.0011014175812741197,0.019322962342919588,0.20665541913530328,0.4434747675132699,0.24548395781780044,0.23616013419568757,0.0,0.35776435989500555,0.5644197790303088,0.3774274651049401,0.267104178986013
c3_w2_tcop_cm0_states_L0.4_kp0_4221_ucp0_2425_s42,cm0,stageC,0.2,0.4221,0.5,0.24248438819907564,42,12,0.24248438819907564,0,True,,0.428016,-0.000879026286806651,0.030810477529917935,0.20665541913530328,0.44459072759612195,0.24558782494756415,0.23616013419568757,0.0,0.35776435989500555,0.5644197790303088,0.3686312767793703,0.268854504655598
c3_w2_tcop_cm0_states_L0.4_kp0_4221_ucp0_2425_s42,cm0,stageC,0.2,0.4221,0.5,0.24248438819907564,42,13,0.24248438819907564,1,True,,0.426304,-0.006505379403959946,0.015531225392350552,0.20665541913530328,0.4442266481271188,0.24558472852619365,0.23616013419568757,0.0,0.35776435989500555,0.5644197790303088,0.3560560446163038,0.2605143128112441
c3_w2_tcop_cm0_states_L0.4_kp0_4221_ucp0_2425_s42,cm0,stageC,0.2,0.4221,0.5,0.24248438819907564,42,14,0.24248438819907564,2,True,,0.423152,-0.00034696978785170985,0.03561622420930031,0.20665541913530328,0.4435732429523216,0.24550971393481635,0.23616013419568757,0.0,0.35776435989500555,0.5644197790303088,0.3677819428388457,0.2630441364491324
c3_w2_tcop_cm0_states_L0.4_kp0_4221_ucp0_2425_s42,cm0,stageC,0.2,0.4221,0.5,0.24248438819907564,42,15,0.24248438819907564,0,False,BLOCK_15_PARTIAL_CYCLE,0.42659199999999997,-0.004547496337031921,0.0518744776007953,0.20665541913530328,0.44428826002156596,0.24558857371608353,0.23616013419568757,0.0,0.35776435989500555,0.5644197790303088,0.36193321922768845,0.2659834675909289
c3_w2_tcop_cm0_states_L0.4_kp0_4221_ucp0_2425_s137,cm0,stageC,0.2,0.4221,0.5,0.24248438819907564,137,0,0.24248438819907564,0,False,PRE_PRIMARY_INCOMPLETE_CYCLE,0.41403199999999996,-0.0013716629531795401,0.030679762301209012,0.20665541913530328,0.44172844040267556,0.24513999403975076,0.23616013419568757,0.0,0.35776435989500555,0.5644197790303088,0.37237725081218204,0.2681909107925017
c3_w2_tcop_cm0_states_L0.4_kp0_4221_ucp0_2425_s137,cm0,stageC,0.2,0.4221,0.5,0.24248438819907564,137,1,0.24248438819907564,1,False,PRE_PRIMARY_INCOMPLETE_CYCLE,0.42432,-0.0029868844845392793,0.019571728422534025,0.20665541913530328,0.4438168728591212,0.2455321597193375,0.23616013419568757,0.0,0.35776435989500555,0.5644197790303088,0.3670500121913491,0.2638412043738153
c3_w2_tcop_cm0_states_L0.4_kp0_4221_ucp0_2425_s137,cm0,stageC,0.2,0.4221,0.5,0.24248438819907564,137,2,0.24248438819907564,2,False,PRE_PRIMARY_INCOMPLETE_CYCLE,0.423856,-0.000398062551709093,0.02373963963794351,0.20665541913530328,0.4437196043735134,0.24552698895812808,0.23616013419568757,0.0,0.35776435989500555,0.5644197790303088,0.3662706383417248,0.2619140936167689
c3_w2_tcop_cm0_states_L0.4_kp0_4221_ucp0_2425_s137,cm0,stageC,0.2,0.4221,0.5,0.24248438819907564,137,3,0.24248438819907564,0,True,,0.426832,4.1082225755270236e-05,0.025159179386072775,0.20665541913530328,0.4443375954114364,0.24559679629047548,0.23616013419568757,0.0,0.35776435989500555,0.5644197790303088,0.3722522429292149,0.2654189905937852
c3_w2_tcop_cm0_states_L0.4_kp0_4221_ucp0_2425_s137,cm0,stageC,0.2,0.4221,0.5,0.24248438819907564,137,4,0.24248438819907564,1,True,,0.424256,0.0005973107596673158,0.003619561297655457,0.20665541913530328,0.44380598050590964,0.24552449922205974,0.23616013419568757,0.0,0.35776435989500555,0.5644197790303088,0.37682132744218605,0.26670979056793015
c3_w2_tcop_cm0_states_L0.4_kp0_4221_ucp0_2425_s137,cm0,stageC,0.2,0.4221,0.5,0.24248438819907564,137,5,0.24248438819907564,2,True,,0.424064,0.0029065183287271708,0.022358176150730952,0.20665541913530328,0.44376951367789086,0.24550588426332637,0.23616013419568757,0.0,0.35776435989500555,0.5644197790303088,0.37836513073306444,0.2653332451444139
c3_w2_tcop_cm0_states_L0.4_kp0_4221_ucp0_2425_s137,cm0,stageC,0.2,0.4221,0.5,0.24248438819907564,137,6,0.24248438819907564,0,True,,0.424288,0.0007658654175532572,0.018430013983507812,0.20665541913530328,0.4438118991755592,0.24552108629545827,0.23616013419568757,0.0,0.35776435989500555,0.5644197790303088,0.37398492986429405,0.25985790057397684
c3_w2_tcop_cm0_states_L0.4_kp0_4221_ucp0_2425_s137,cm0,stageC,0.2,0.4221,0.5,0.24248438819907564,137,7,0.24248438819907564,1,True,,0.42580799999999996,-0.000572104871156671,0.03473877028364074,0.20665541913530328,0.4441261307294798,0.24556786067649236,0.23616013419568757,0.0,0.35776435989500555,0.5644197790303088,0.3697909889693966,0.26554501758159527
c3_w2_tcop_cm0_states_L0.4_kp0_4221_ucp0_2425_s137,cm0,stageC,0.2,0.4221,0.5,0.24248438819907564,137,8,0.24248438819907564,2,True,,0.42294400000000004,-0.00017522575458894774,0.03257015196897899,0.20665541913530328,0.44353570398961617,0.24548657202109167,0.23616013419568757,0.0,0.35776435989500555,0.5644197790303088,0.3752558972753639,0.2700343166894865
c3_w2_tcop_cm0_states_L0.4_kp0_4221_ucp0_2425_s137,cm0,stageC,0.2,0.4221,0.5,0.24248438819907564,137,9,0.24248438819907564,0,True,,0.423456,0.003398978325735365,0.05051976277915967,0.20665541913530328,0.4436450766240957,0.2454777075616871,0.23616013419568757,0.0,0.35776435989500555,0.5644197790303088,0.38562136836596567,0.2710420762839329
c3_w2_tcop_cm0_states_L0.4_kp0_4221_ucp0_2425_s137,cm0,stageC,0.2,0.4221,0.5,0.24248438819907564,137,10,0.24248438819907564,1,True,,0.42473600000000006,-0.002035455340682626,0.03776567205131697,0.20665541913530328,0.44389965549171173,0.24555659523498666,0.23616013419568757,0.0,0.35776435989500555,0.5644197790303088,0.36677058587846745,0.26181145977327397
c3_w2_tcop_cm0_states_L0.4_kp0_4221_ucp0_2425_s137,cm0,stageC,0.2,0.4221,0.5,0.24248438819907564,137,11,0.24248438819907564,2,True,,0.42391999999999996,-0.0017451305253315791,0.03176554236630693,0.20665541913530328,0.44373615835986413,0.24551381809973663,0.23616013419568757,0.0,0.35776435989500555,0.5644197790303088,0.3705358533614401,0.2637550858363844
c3_w2_tcop_cm0_states_L0.4_kp0_4221_ucp0_2425_s137,cm0,stageC,0.2,0.4221,0.5,0.24248438819907564,137,12,0.24248438819907564,0,True,,0.42740800000000007,-0.000703528935176047,0.04178482545764504,0.20665541913530328,0.4444574857400062,0.24560741153727275,0.23616013419568757,0.0,0.35776435989500555,0.5644197790303088,0.3687146615323648,0.2627230449742165
c3_w2_tcop_cm0_states_L0.4_kp0_4221_ucp0_2425_s137,cm0,stageC,0.2,0.4221,0.5,0.24248438819907564,137,13,0.24248438819907564,1,True,,0.423424,-0.001006998551264898,0.02075802715444158,0.20665541913530328,0.4436322045659265,0.2455047743822465,0.23616013419568757,0.0,0.35776435989500555,0.5644197790303088,0.37139433392182575,0.2612695994870402
c3_w2_tcop_cm0_states_L0.4_kp0_4221_ucp0_2425_s137,cm0,stageC,0.2,0.4221,0.5,0.24248438819907564,137,14,0.24248438819907564,2,True,,0.42620800000000003,0.0017080981971870667,0.026376167676878063,0.20665541913530328,0.44421523763446547,0.245546850148089,0.23616013419568757,0.0,0.35776435989500555,0.5644197790303088,0.37861692259133783,0.26659159943895805
c3_w2_tcop_cm0_states_L0.4_kp0_4221_ucp0_2425_s137,cm0,stageC,0.2,0.4221,0.5,0.24248438819907564,137,15,0.24248438819907564,0,False,BLOCK_15_PARTIAL_CYCLE,0.424448,-0.000566258651749,0.05293416059959409,0.20665541913530328,0.4438447602214735,0.2455300306805775,0.23616013419568757,0.0,0.35776435989500555,0.5644197790303088,0.3749597000887651,0.26767968595496905
c3_w2_tcop_cm0_states_L0.4_kp0_4221_ucp0_2425_s256,cm0,stageC,0.2,0.4221,0.5,0.24248438819907564,256,0,0.24248438819907564,0,False,PRE_PRIMARY_INCOMPLETE_CYCLE,0.409648,0.0025564592384316126,0.031441926493555365,0.20665541913530328,0.4408215388121773,0.24503351927758463,0.23616013419568757,0.0,0.35776435989500555,0.5644197790303088,0.38062735109469065,0.2735643208628955
c3_w2_tcop_cm0_states_L0.4_kp0_4221_ucp0_2425_s256,cm0,stageC,0.2,0.4221,0.5,0.24248438819907564,256,1,0.24248438819907564,1,False,PRE_PRIMARY_INCOMPLETE_CYCLE,0.42611200000000005,-0.003181236773375461,0.029831859762825347,0.20665541913530328,0.44419111660389776,0.24556280846152892,0.23616013419568757,0.0,0.35776435989500555,0.5644197790303088,0.36350909067097675,0.2610254153468856
c3_w2_tcop_cm0_states_L0.4_kp0_4221_ucp0_2425_s256,cm0,stageC,0.2,0.4221,0.5,0.24248438819907564,256,2,0.24248438819907564,2,False,PRE_PRIMARY_INCOMPLETE_CYCLE,0.42704000000000003,-0.002536088305168955,0.0335441278068106,0.20665541913530328,0.444379593482747,0.24560471533645992,0.23616013419568757,0.0,0.35776435989500555,0.5644197790303088,0.36891801935784696,0.2665680646415014
c3_w2_tcop_cm0_states_L0.4_kp0_4221_ucp0_2425_s256,cm0,stageC,0.2,0.4221,0.5,0.24248438819907564,256,3,0.24248438819907564,0,True,,0.4286559999999999,-0.0014700963285981207,0.028167165787310405,0.20665541913530328,0.4447184095629297,0.24562458854822866,0.23616013419568757,0.0,0.35776435989500555,0.5644197790303088,0.3701991390623002,0.26637143213362946
c3_w2_tcop_cm0_states_L0.4_kp0_4221_ucp0_2425_s256,cm0,stageC,0.2,0.4221,0.5,0.24248438819907564,256,4,0.24248438819907564,1,True,,0.42459199999999997,0.0030934549236038542,0.045844599241710526,0.20665541913530328,0.44387927507134955,0.24551478152469247,0.23616013419568757,0.0,0.35776435989500555,0.5644197790303088,0.3783972963520341,0.26536247498176685
c3_w2_tcop_cm0_states_L0.4_kp0_4221_ucp0_2425_s256,cm0,stageC,0.2,0.4221,0.5,0.24248438819907564,256,5,0.24248438819907564,2,True,,0.42102399999999995,-7.189982773067684e-05,-0.001930821900732884,0.20665541913530328,0.44313625094297876,0.24544563756460125,0.23616013419568757,0.0,0.35776435989500555,0.5644197790303088,0.3749858376733519,0.2697122847642681
c3_w2_tcop_cm0_states_L0.4_kp0_4221_ucp0_2425_s256,cm0,stageC,0.2,0.4221,0.5,0.24248438819907564,256,6,0.24248438819907564,0,True,,0.422864,-0.004580019360571488,0.022464041751060038,0.20665541913530328,0.4435131242294154,0.24550705055555086,0.23616013419568757,0.0,0.35776435989500555,0.5644197790303088,0.35963932160226386,0.26252504163198814
c3_w2_tcop_cm0_states_L0.4_kp0_4221_ucp0_2425_s256,cm0,stageC,0.2,0.4221,0.5,0.24248438819907564,256,7,0.24248438819907564,1,True,,0.42729599999999995,-0.0009436259821642834,0.0375772828059557,0.20665541913530328,0.4444381621306889,0.24559250156926044,0.23616013419568757,0.0,0.35776435989500555,0.5644197790303088,0.3702162345371231,0.2693982629928162
c3_w2_tcop_cm0_states_L0.4_kp0_4221_ucp0_2425_s256,cm0,stageC,0.2,0.4221,0.5,0.24248438819907564,256,8,0.24248438819907564,2,True,,0.42552,0.0035183192015234227,0.020607538087868953,0.20665541913530328,0.44406944504711543,0.24554292249608647,0.23616013419568757,0.0,0.35776435989500555,0.5644197790303088,0.38165315048594517,0.26615858646455165
c3_w2_tcop_cm0_states_L0.4_kp0_4221_ucp0_2425_s256,cm0,stageC,0.2,0.4221,0.5,0.24248438819907564,256,9,0.24248438819907564,0,True,,0.427248,-0.0026160498755168097,0.051585600498616706,0.20665541913530328,0.4444222890701089,0.24561284954662738,0.23616013419568757,0.0,0.35776435989500555,0.5644197790303088,0.36661179284314455,0.262233463171622
c3_w2_tcop_cm0_states_L0.4_kp0_4221_ucp0_2425_s256,cm0,stageC,0.2,0.4221,0.5,0.24248438819907564,256,10,0.24248438819907564,1,True,,0.42552000000000006,-0.003067790276401724,0.02409992114735974,0.20665541913530328,0.4440669787289223,0.24555326303300987,0.23616013419568757,0.0,0.35776435989500555,0.5644197790303088,0.3654688839362008,0.2584247550162878
c3_w2_tcop_cm0_states_L0.4_kp0_4221_ucp0_2425_s256,cm0,stageC,0.2,0.4221,0.5,0.24248438819907564,256,11,0.24248438819907564,2,True,,0.42489600000000005,-0.0017133066298141047,0.027618093860896573,0.20665541913530328,0.44393802711508584,0.24554375463729586,0.23616013419568757,0.0,0.35776435989500555,0.5644197790303088,0.3673300822665552,0.2645187822202683
c3_w2_tcop_cm0_states_L0.4_kp0_4221_ucp0_2425_s256,cm0,stageC,0.2,0.4221,0.5,0.24248438819907564,256,12,0.24248438819907564,0,True,,0.423968,-0.0049962210228063,0.03707896189329458,0.20665541913530328,0.4437422926654597,0.2455365120909061,0.23616013419568757,0.0,0.35776435989500555,0.5644197790303088,0.35925176686155447,0.26596712400238326
c3_w2_tcop_cm0_states_L0.4_kp0_4221_ucp0_2425_s256,cm0,stageC,0.2,0.4221,0.5,0.24248438819907564,256,13,0.24248438819907564,1,True,,0.422544,0.003977851649771735,0.046339061666821835,0.20665541913530328,0.44345417927991143,0.24546731211430484,0.23616013419568757,0.0,0.35776435989500555,0.5644197790303088,0.38234356935554653,0.26875301946979396
c3_w2_tcop_cm0_states_L0.4_kp0_4221_ucp0_2425_s256,cm0,stageC,0.2,0.4221,0.5,0.24248438819907564,256,14,0.24248438819907564,2,True,,0.4256,-0.005622382656161316,0.03562308478038815,0.20665541913530328,0.44407716368631167,0.24558320378503887,0.23616013419568757,0.0,0.35776435989500555,0.5644197790303088,0.35842010233398947,0.2579012465153898
c3_w2_tcop_cm0_states_L0.4_kp0_4221_ucp0_2425_s256,cm0,stageC,0.2,0.4221,0.5,0.24248438819907564,256,15,0.24248438819907564,0,False,BLOCK_15_PARTIAL_CYCLE,0.424576,0.00032401951146119413,0.027129020615264177,0.20665541913530328,0.44387321076766856,0.24552910235089867,0.23616013419568757,0.0,0.35776435989500555,0.5644197790303088,0.36948996699513004,0.26528979490776083
c3_w2_tcop_cm0_states_L0.4_kp0_4221_ucp0_2425_s1024,cm0,stageC,0.2,0.4221,0.5,0.24248438819907564,1024,0,0.24248438819907564,0,False,PRE_PRIMARY_INCOMPLETE_CYCLE,0.41244800000000004,-0.003203517304680713,0.032003813691557574,0.20665541913530328,0.44140068324903237,0.24510441325104748,0.23616013419568757,0.0,0.35776435989500555,0.5644197790303088,0.36936200790386925,0.27092466936437576
c3_w2_tcop_cm0_states_L0.4_kp0_4221_ucp0_2425_s1024,cm0,stageC,0.2,0.4221,0.5,0.24248438819907564,1024,1,0.24248438819907564,1,False,PRE_PRIMARY_INCOMPLETE_CYCLE,0.42408,-0.0011749787639329537,0.021423927155594446,0.20665541913530328,0.44376827511146166,0.24552584443772552,0.23616013419568757,0.0,0.35776435989500555,0.5644197790303088,0.3685460754036363,0.26814468960818777
c3_w2_tcop_cm0_states_L0.4_kp0_4221_ucp0_2425_s1024,cm0,stageC,0.2,0.4221,0.5,0.24248438819907564,1024,2,0.24248438819907564,2,False,PRE_PRIMARY_INCOMPLETE_CYCLE,0.423264,0.0008740861710189951,0.03363234900836024,0.20665541913530328,0.4435981312470667,0.24550585173001252,0.23616013419568757,0.0,0.35776435989500555,0.5644197790303088,0.3766368435429317,0.2647703143762879
c3_w2_tcop_cm0_states_L0.4_kp0_4221_ucp0_2425_s1024,cm0,stageC,0.2,0.4221,0.5,0.24248438819907564,1024,3,0.24248438819907564,0,True,,0.42404800000000004,-0.0008335245472704176,0.02078741089281571,0.20665541913530328,0.4437598786748735,0.24553147387290117,0.23616013419568757,0.0,0.35776435989500555,0.5644197790303088,0.37292068971744263,0.2647788668076832
c3_w2_tcop_cm0_states_L0.4_kp0_4221_ucp0_2425_s1024,cm0,stageC,0.2,0.4221,0.5,0.24248438819907564,1024,4,0.24248438819907564,1,True,,0.42700799999999994,-0.0006088709007091907,0.025571858104113967,0.20665541913530328,0.44437548014589995,0.2455883320256458,0.23616013419568757,0.0,0.35776435989500555,0.5644197790303088,0.36947909252565225,0.2596041422448193
c3_w2_tcop_cm0_states_L0.4_kp0_4221_ucp0_2425_s1024,cm0,stageC,0.2,0.4221,0.5,0.24248438819907564,1024,5,0.24248438819907564,2,True,,0.4254399999999999,-0.0027318431706608404,0.024123163738210517,0.20665541913530328,0.44404542690647153,0.245576888692543,0.23616013419568757,0.0,0.35776435989500555,0.5644197790303088,0.3678164840564875,0.2654720871982598
c3_w2_tcop_cm0_states_L0.4_kp0_4221_ucp0_2425_s1024,cm0,stageC,0.2,0.4221,0.5,0.24248438819907564,1024,6,0.24248438819907564,0,True,,0.430672,-0.0026513668956718054,0.027845401121975633,0.20665541913530328,0.4451361800189277,0.24567342983415758,0.23616013419568757,0.0,0.35776435989500555,0.5644197790303088,0.3654335548833227,0.2621511929041091
c3_w2_tcop_cm0_states_L0.4_kp0_4221_ucp0_2425_s1024,cm0,stageC,0.2,0.4221,0.5,0.24248438819907564,1024,7,0.24248438819907564,1,True,,0.422736,-0.0007657531835659661,0.05331358905876378,0.20665541913530328,0.443488421239435,0.24549526185549725,0.23616013419568757,0.0,0.35776435989500555,0.5644197790303088,0.37072234259119674,0.26044771722673354
c3_w2_tcop_cm0_states_L0.4_kp0_4221_ucp0_2425_s1024,cm0,stageC,0.2,0.4221,0.5,0.24248438819907564,1024,8,0.24248438819907564,2,True,,0.421632,-0.001834925876592994,0.03313514077898291,0.20665541913530328,0.443262857046762,0.2454557225065821,0.23616013419568757,0.0,0.35776435989500555,0.5644197790303088,0.3704445198996599,0.2651766704350595
c3_w2_tcop_cm0_states_L0.4_kp0_4221_ucp0_2425_s1024,cm0,stageC,0.2,0.4221,0.5,0.24248438819907564,1024,9,0.24248438819907564,0,True,,0.42587200000000003,-0.003955980359090717,0.03481274276876424,0.20665541913530328,0.4441386225056435,0.24557036613173594,0.23616013419568757,0.0,0.35776435989500555,0.5644197790303088,0.36437612153312976,0.2642960365884287
c3_w2_tcop_cm0_states_L0.4_kp0_4221_ucp0_2425_s1024,cm0,stageC,0.2,0.4221,0.5,0.24248438819907564,1024,10,0.24248438819907564,1,True,,0.42488,2.437251016424523e-05,0.02182083569375151,0.20665541913530328,0.4439349106604116,0.24554253539131604,0.23616013419568757,0.0,0.35776435989500555,0.5644197790303088,0.3716712813432451,0.26487862540726054
c3_w2_tcop_cm0_states_L0.4_kp0_4221_ucp0_2425_s1024,cm0,stageC,0.2,0.4221,0.5,0.24248438819907564,1024,11,0.24248438819907564,2,True,,0.42367999999999995,-0.00011098003235678138,0.03824284718983377,0.20665541913530328,0.44368691282031625,0.2455089052253896,0.23616013419568757,0.0,0.35776435989500555,0.5644197790303088,0.37364940214308207,0.2674758174227332
c3_w2_tcop_cm0_states_L0.4_kp0_4221_ucp0_2425_s1024,cm0,stageC,0.2,0.4221,0.5,0.24248438819907564,1024,12,0.24248438819907564,0,True,,0.42404800000000004,-0.0014684244923589317,0.019434313806899015,0.20665541913530328,0.44376155556417457,0.24552491605955648,0.23616013419568757,0.0,0.35776435989500555,0.5644197790303088,0.36893861805183564,0.2623805494451248
c3_w2_tcop_cm0_states_L0.4_kp0_4221_ucp0_2425_s1024,cm0,stageC,0.2,0.4221,0.5,0.24248438819907564,1024,13,0.24248438819907564,1,True,,0.427568,-0.0026662056787207424,0.006688904207473276,0.20665541913530328,0.4444926360666771,0.24560289010928377,0.23616013419568757,0.0,0.35776435989500555,0.5644197790303088,0.36286393163370884,0.263172358794437
c3_w2_tcop_cm0_states_L0.4_kp0_4221_ucp0_2425_s1024,cm0,stageC,0.2,0.4221,0.5,0.24248438819907564,1024,14,0.24248438819907564,2,True,,0.428416,-0.0008269382516990245,0.02346381235389241,0.20665541913530328,0.44466849054099533,0.24562068442506804,0.23616013419568757,0.0,0.35776435989500555,0.5644197790303088,0.3709834413669879,0.26553021672379684
c3_w2_tcop_cm0_states_L0.4_kp0_4221_ucp0_2425_s1024,cm0,stageC,0.2,0.4221,0.5,0.24248438819907564,1024,15,0.24248438819907564,0,False,BLOCK_15_PARTIAL_CYCLE,0.42540799999999995,0.0010659848301053368,0.025682244144896362,0.20665541913530328,0.44404440393698136,0.24555314020253635,0.23616013419568757,0.0,0.35776435989500555,0.5644197790303088,0.37503483882992605,0.26564878274158293
c3_w2_tcop_cm0_states_L0.4_kp0_4221_ucp0_2425_s31415,cm0,stageC,0.2,0.4221,0.5,0.24248438819907564,31415,0,0.24248438819907564,0,False,PRE_PRIMARY_INCOMPLETE_CYCLE,0.406704,-0.004355011617029835,0.044328671465343375,0.20665541913530328,0.4402058857810835,0.2449892257561616,0.23616013419568757,0.0,0.35776435989500555,0.5644197790303088,0.3626800301498829,0.269560832736275
c3_w2_tcop_cm0_states_L0.4_kp0_4221_ucp0_2425_s31415,cm0,stageC,0.2,0.4221,0.5,0.24248438819907564,31415,1,0.24248438819907564,1,False,PRE_PRIMARY_INCOMPLETE_CYCLE,0.422288,0.00218291313856785,0.03447573097479157,0.20665541913530328,0.4433983035526994,0.24547757500139775,0.23616013419568757,0.0,0.35776435989500555,0.5644197790303088,0.3780703855773263,0.26692307511301316
c3_w2_tcop_cm0_states_L0.4_kp0_4221_ucp0_2425_s31415,cm0,stageC,0.2,0.4221,0.5,0.24248438819907564,31415,2,0.24248438819907564,2,False,PRE_PRIMARY_INCOMPLETE_CYCLE,0.425776,0.0005144310483774686,0.02162741428592132,0.20665541913530328,0.4441197594125012,0.24556240054743422,0.23616013419568757,0.0,0.35776435989500555,0.5644197790303088,0.37947391975169237,0.2673945021349697
c3_w2_tcop_cm0_states_L0.4_kp0_4221_ucp0_2425_s31415,cm0,stageC,0.2,0.4221,0.5,0.24248438819907564,31415,3,0.24248438819907564,0,True,,0.423232,-0.0032039262085447684,0.028055866190096507,0.20665541913530328,0.44359166505976977,0.2455073538571736,0.23616013419568757,0.0,0.35776435989500555,0.5644197790303088,0.3669879371892128,0.2653955683256808
c3_w2_tcop_cm0_states_L0.4_kp0_4221_ucp0_2425_s31415,cm0,stageC,0.2,0.4221,0.5,0.24248438819907564,31415,4,0.24248438819907564,1,True,,0.42419199999999996,3.966820242031057e-05,0.017304073305940037,0.20665541913530328,0.4437947922851081,0.24551249150192037,0.23616013419568757,0.0,0.35776435989500555,0.5644197790303088,0.36987087041542543,0.2623440257432302
c3_w2_tcop_cm0_states_L0.4_kp0_4221_ucp0_2425_s31415,cm0,stageC,0.2,0.4221,0.5,0.24248438819907564,31415,5,0.24248438819907564,2,True,,0.422304,0.001927393157132283,0.04453086289691777,0.20665541913530328,0.443405014837302,0.24546297937919026,0.23616013419568757,0.0,0.35776435989500555,0.5644197790303088,0.37766286440148805,0.26575075338311255
c3_w2_tcop_cm0_states_L0.4_kp0_4221_ucp0_2425_s31415,cm0,stageC,0.2,0.4221,0.5,0.24248438819907564,31415,6,0.24248438819907564,0,True,,0.42496,0.00117774010208648,0.022617503498651742,0.20665541913530328,0.4439558630935276,0.24552000209764152,0.23616013419568757,0.0,0.35776435989500555,0.5644197790303088,0.37592210598356296,0.26547794871119546
c3_w2_tcop_cm0_states_L0.4_kp0_4221_ucp0_2425_s31415,cm0,stageC,0.2,0.4221,0.5,0.24248438819907564,31415,7,0.24248438819907564,1,True,,0.42480000000000007,-0.003816853505374261,0.020674627685127994,0.20665541913530328,0.44391838529302996,0.24553720317931874,0.23616013419568757,0.0,0.35776435989500555,0.5644197790303088,0.36620748705277345,0.2661315200476747
c3_w2_tcop_cm0_states_L0.4_kp0_4221_ucp0_2425_s31415,cm0,stageC,0.2,0.4221,0.5,0.24248438819907564,31415,8,0.24248438819907564,2,True,,0.42308799999999996,0.002587840763618823,0.03337715857433808,0.20665541913530328,0.44356482279810966,0.2454914432447186,0.23616013419568757,0.0,0.35776435989500555,0.5644197790303088,0.3751197400106723,0.2668686061308003
c3_w2_tcop_cm0_states_L0.4_kp0_4221_ucp0_2425_s31415,cm0,stageC,0.2,0.4221,0.5,0.24248438819907564,31415,9,0.24248438819907564,0,True,,0.42182400000000003,-0.0014474251463451502,0.019099167789944305,0.20665541913530328,0.44330086010416664,0.2454687365319511,0.23616013419568757,0.0,0.35776435989500555,0.5644197790303088,0.371976696639672,0.26747515121304244
c3_w2_tcop_cm0_states_L0.4_kp0_4221_ucp0_2425_s31415,cm0,stageC,0.2,0.4221,0.5,0.24248438819907564,31415,10,0.24248438819907564,1,True,,0.42566399999999993,-0.0006439065239441249,0.03302347219336833,0.20665541913530328,0.4440967221677792,0.24555480470680835,0.23616013419568757,0.0,0.35776435989500555,0.5644197790303088,0.37450299005883914,0.26704346555328234
c3_w2_tcop_cm0_states_L0.4_kp0_4221_ucp0_2425_s31415,cm0,stageC,0.2,0.4221,0.5,0.24248438819907564,31415,11,0.24248438819907564,2,True,,0.421952,0.002727588316008349,0.022387289320294504,0.20665541913530328,0.44332549944314886,0.24548317589609653,0.23616013419568757,0.0,0.35776435989500555,0.5644197790303088,0.37935641208374954,0.26860418744263087
c3_w2_tcop_cm0_states_L0.4_kp0_4221_ucp0_2425_s31415,cm0,stageC,0.2,0.4221,0.5,0.24248438819907564,31415,12,0.24248438819907564,0,True,,0.425776,-0.003711853147685318,0.04013592345310651,0.20665541913530328,0.44411888918057024,0.24556708743535074,0.23616013419568757,0.0,0.35776435989500555,0.5644197790303088,0.36571531709512206,0.265011405425723
c3_w2_tcop_cm0_states_L0.4_kp0_4221_ucp0_2425_s31415,cm0,stageC,0.2,0.4221,0.5,0.24248438819907564,31415,13,0.24248438819907564,1,True,,0.426432,-0.004572452247420916,0.023242299804605807,0.20665541913530328,0.4442537197635606,0.24558898511039845,0.23616013419568757,0.0,0.35776435989500555,0.5644197790303088,0.3598221943078333,0.26194877613319145
c3_w2_tcop_cm0_states_L0.4_kp0_4221_ucp0_2425_s31415,cm0,stageC,0.2,0.4221,0.5,0.24248438819907564,31415,14,0.24248438819907564,2,True,,0.42288000000000003,-0.0004486494710941946,0.02930478601105825,0.20665541913530328,0.4435221501751006,0.24548855892067728,0.23616013419568757,0.0,0.35776435989500555,0.5644197790303088,0.3687671900973917,0.2675992203894994
c3_w2_tcop_cm0_states_L0.4_kp0_4221_ucp0_2425_s31415,cm0,stageC,0.2,0.4221,0.5,0.24248438819907564,31415,15,0.24248438819907564,0,False,BLOCK_15_PARTIAL_CYCLE,0.429168,-0.002869608242438079,0.026383947885849593,0.20665541913530328,0.4448222197896673,0.24564703679627192,0.23616013419568757,0.0,0.35776435989500555,0.5644197790303088,0.3675638336016901,0.2668410570993491
c3_w2_tcop_cm0_states_L0.4_km0_4221_ucp0_0498_s42,cm0,stageC,-0.2,-0.4221,0.1,0.04977134874876729,42,0,0.04977134874876729,0,False,PRE_PRIMARY_INCOMPLETE_CYCLE,0.40590399999999993,0.0022559608392747955,-0.014918187775593783,-0.20179988595992915,0.4317760821279082,0.24391078933543991,0.23095283259548638,0.0,0.31479557610817144,0.5165954620681006,0.38025835691010756,0.27571319727992394
c3_w2_tcop_cm0_states_L0.4_km0_4221_ucp0_0498_s42,cm0,stageC,-0.2,-0.4221,0.1,0.04977134874876729,42,1,0.04977134874876729,1,False,PRE_PRIMARY_INCOMPLETE_CYCLE,0.416224,-0.0009824415855933257,-0.04121108266116196,-0.20179988595992915,0.4296138976943778,0.24376765891971128,0.23095283259548638,0.0,0.31479557610817144,0.5165954620681006,0.3688171637781321,0.26709715947871754
c3_w2_tcop_cm0_states_L0.4_km0_4221_ucp0_0498_s42,cm0,stageC,-0.2,-0.4221,0.1,0.04977134874876729,42,2,0.04977134874876729,2,False,PRE_PRIMARY_INCOMPLETE_CYCLE,0.415296,0.0007865640843758539,-0.027862491212168005,-0.20179988595992915,0.42981022271170655,0.24377599660091023,0.23095283259548638,0.0,0.31479557610817144,0.5165954620681006,0.3777026545376323,0.27681624483325645
c3_w2_tcop_cm0_states_L0.4_km0_4221_ucp0_0498_s42,cm0,stageC,-0.2,-0.4221,0.1,0.04977134874876729,42,3,0.04977134874876729,0,True,,0.41851200000000005,0.0010863881997520842,-0.0418135506463607,-0.20179988595992915,0.42914653976454165,0.2436886054958253,0.23095283259548638,0.0,0.31479557610817144,0.5165954620681006,0.37536715542014165,0.2666958773794855
c3_w2_tcop_cm0_states_L0.4_km0_4221_ucp0_0498_s42,cm0,stageC,-0.2,-0.4221,0.1,0.04977134874876729,42,4,0.04977134874876729,1,True,,0.41732800000000003,0.004074522727491326,-0.026127254230877126,-0.20179988595992915,0.4293912558351457,0.24371732971622445,0.23095283259548638,0.0,0.31479557610817144,0.5165954620681006,0.38211665951177315,0.27551104465566484
c3_w2_tcop_cm0_states_L0.4_km0_4221_ucp0_0498_s42,cm0,stageC,-0.2,-0.4221,0.1,0.04977134874876729,42,5,0.04977134874876729,2,True,,0.41979200000000005,0.00222099485818742,-0.029951947153311585,-0.20179988595992915,0.42888050920824067,0.24365759798145595,0.23095283259548638,0.0,0.31479557610817144,0.5165954620681006,0.3746526961067169,0.2706161021777781
c3_w2_tcop_cm0_states_L0.4_km0_4221_ucp0_0498_s42,cm0,stageC,-0.2,-0.4221,0.1,0.04977134874876729,42,6,0.04977134874876729,0,True,,0.41641600000000006,0.0016578129520849589,-0.02555846605393546,-0.20179988595992915,0.4295742688347834,0.24375821276386245,0.23095283259548638,0.0,0.31479557610817144,0.5165954620681006,0.3766848310198662,0.2736013402692064
c3_w2_tcop_cm0_states_L0.4_km0_4221_ucp0_0498_s42,cm0,stageC,-0.2,-0.4221,0.1,0.04977134874876729,42,7,0.04977134874876729,1,True,,0.418048,0.002566128631311212,-0.033161581483156,-0.20179988595992915,0.42924266653804954,0.24369880461016885,0.23095283259548638,0.0,0.31479557610817144,0.5165954620681006,0.3749428718325355,0.2730137919643991
c3_w2_tcop_cm0_states_L0.4_km0_4221_ucp0_0498_s42,cm0,stageC,-0.2,-0.4221,0.1,0.04977134874876729,42,8,0.04977134874876729,2,True,,0.41545600000000005,0.0009165434544997507,-0.019198349858717025,-0.20179988595992915,0.4297733989305912,0.24378114392511727,0.23095283259548638,0.0,0.31479557610817144,0.5165954620681006,0.37518798782254525,0.27204434547395634
c3_w2_tcop_cm0_states_L0.4_km0_4221_ucp0_0498_s42,cm0,stageC,-0.2,-0.4221,0.1,0.04977134874876729,42,9,0.04977134874876729,0,True,,0.41816000000000003,0.00307819921792621,-0.012579024869901348,-0.20179988595992915,0.42921863969657087,0.24369641934922767,0.23095283259548638,0.0,0.31479557610817144,0.5165954620681006,0.3805358341510494,0.2749225266077539
c3_w2_tcop_cm0_states_L0.4_km0_4221_ucp0_0498_s42,cm0,stageC,-0.2,-0.4221,0.1,0.04977134874876729,42,10,0.04977134874876729,1,True,,0.4167679999999999,0.003979012812159613,-0.02733404813691129,-0.20179988595992915,0.4295081644882072,0.24372481347046085,0.23095283259548638,0.0,0.31479557610817144,0.5165954620681006,0.3805526560067845,0.27427328865194556
c3_w2_tcop_cm0_states_L0.4_km0_4221_ucp0_0498_s42,cm0,stageC,-0.2,-0.4221,0.1,0.04977134874876729,42,11,0.04977134874876729,2,True,,0.414864,0.0008193766599674003,-0.03775646081086819,-0.20179988595992915,0.42989479657157254,0.24379829200003905,0.23095283259548638,0.0,0.31479557610817144,0.5165954620681006,0.3755565540510708,0.276113586492059
c3_w2_tcop_cm0_states_L0.4_km0_4221_ucp0_0498_s42,cm0,stageC,-0.2,-0.4221,0.1,0.04977134874876729,42,12,0.04977134874876729,0,True,,0.419664,0.0022686627326150323,-0.022855113039194082,-0.20179988595992915,0.4289166669797233,0.24362999089014792,0.23095283259548638,0.0,0.31479557610817144,0.5165954620681006,0.3756295900859639,0.27636197699248777
c3_w2_tcop_cm0_states_L0.4_km0_4221_ucp0_0498_s42,cm0,stageC,-0.2,-0.4221,0.1,0.04977134874876729,42,13,0.04977134874876729,1,True,,0.417408,-0.00285726849181158,-0.04027542322267464,-0.20179988595992915,0.42937354385801363,0.24372355426337183,0.23095283259548638,0.0,0.31479557610817144,0.5165954620681006,0.36727069808871265,0.26882232512034554
c3_w2_tcop_cm0_states_L0.4_km0_4221_ucp0_0498_s42,cm0,stageC,-0.2,-0.4221,0.1,0.04977134874876729,42,14,0.04977134874876729,2,True,,0.415536,-1.955468999381928e-05,-0.019896368948843828,-0.20179988595992915,0.42975589708984574,0.2437845186434936,0.23095283259548638,0.0,0.31479557610817144,0.5165954620681006,0.3697942832512366,0.27037076926352394
c3_w2_tcop_cm0_states_L0.4_km0_4221_ucp0_0498_s42,cm0,stageC,-0.2,-0.4221,0.1,0.04977134874876729,42,15,0.04977134874876729,0,False,BLOCK_15_PARTIAL_CYCLE,0.417728,-0.0009066048629278571,-0.015537328462627507,-0.20179988595992915,0.4293042341173254,0.2437168541178534,0.23095283259548638,0.0,0.31479557610817144,0.5165954620681006,0.3707619289742925,0.27702302723555683
c3_w2_tcop_cm0_states_L0.4_km0_4221_ucp0_0498_s137,cm0,stageC,-0.2,-0.4221,0.1,0.04977134874876729,137,0,0.04977134874876729,0,False,PRE_PRIMARY_INCOMPLETE_CYCLE,0.41017600000000004,0.0032564663496540986,-0.016014619584471295,-0.20179988595992915,0.4309033078742495,0.2437685375913858,0.23095283259548638,0.0,0.31479557610817144,0.5165954620681006,0.3814597781902178,0.27611422386948836
c3_w2_tcop_cm0_states_L0.4_km0_4221_ucp0_0498_s137,cm0,stageC,-0.2,-0.4221,0.1,0.04977134874876729,137,1,0.04977134874876729,1,False,PRE_PRIMARY_INCOMPLETE_CYCLE,0.416016,-0.0007081160744023635,-0.03695616430110193,-0.20179988595992915,0.42966049378852633,0.24376037566546793,0.23095283259548638,0.0,0.31479557610817144,0.5165954620681006,0.37315897733082387,0.2703109637019406
c3_w2_tcop_cm0_states_L0.4_km0_4221_ucp0_0498_s137,cm0,stageC,-0.2,-0.4221,0.1,0.04977134874876729,137,2,0.04977134874876729,2,False,PRE_PRIMARY_INCOMPLETE_CYCLE,0.41639999999999994,0.0023947620962916274,-0.030297792910351028,-0.20179988595992915,0.42958111746547273,0.243751022124079,0.23095283259548638,0.0,0.31479557610817144,0.5165954620681006,0.3737217315615286,0.2694689256741059
c3_w2_tcop_cm0_states_L0.4_km0_4221_ucp0_0498_s137,cm0,stageC,-0.2,-0.4221,0.1,0.04977134874876729,137,3,0.04977134874876729,0,True,,0.41785599999999995,0.0014473321041328536,-0.03255889125659785,-0.20179988595992915,0.4292768437839694,0.24371966578462137,0.23095283259548638,0.0,0.31479557610817144,0.5165954620681006,0.37643296724173175,0.27044691490505607
c3_w2_tcop_cm0_states_L0.4_km0_4221_ucp0_0498_s137,cm0,stageC,-0.2,-0.4221,0.1,0.04977134874876729,137,4,0.04977134874876729,1,True,,0.41692799999999997,0.0037841604602599425,-0.04166562977075807,-0.20179988595992915,0.42947527550859976,0.24372402499831033,0.23095283259548638,0.0,0.31479557610817144,0.5165954620681006,0.3856774277465824,0.2750685427660224
c3_w2_tcop_cm0_states_L0.4_km0_4221_ucp0_0498_s137,cm0,stageC,-0.2,-0.4221,0.1,0.04977134874876729,137,5,0.04977134874876729,2,True,,0.415712,0.004474648411707404,-0.024190562794386555,-0.20179988595992915,0.42972508918701957,0.2437593665546545,0.23095283259548638,0.0,0.31479557610817144,0.5165954620681006,0.3780410034073888,0.271095831341631
c3_w2_tcop_cm0_states_L0.4_km0_4221_ucp0_0498_s137,cm0,stageC,-0.2,-0.4221,0.1,0.04977134874876729,137,6,0.04977134874876729,0,True,,0.41715199999999997,0.0022850802018391965,-0.03203835753390543,-0.20179988595992915,0.42942653282962717,0.24372851058476838,0.23095283259548638,0.0,0.31479557610817144,0.5165954620681006,0.3744207158182784,0.2650599189720053
c3_w2_tcop_cm0_states_L0.4_km0_4221_ucp0_0498_s137,cm0,stageC,-0.2,-0.4221,0.1,0.04977134874876729,137,7,0.04977134874876729,1,True,,0.417632,0.0018975845278013741,-0.023596217507258682,-0.20179988595992915,0.4293255346271641,0.2437164857732806,0.23095283259548638,0.0,0.31479557610817144,0.5165954620681006,0.3778842816745525,0.27466020309016326
c3_w2_tcop_cm0_states_L0.4_km0_4221_ucp0_0498_s137,cm0,stageC,-0.2,-0.4221,0.1,0.04977134874876729,137,8,0.04977134874876729,2,True,,0.416224,0.000526713830776264,-0.026473438642612333,-0.20179988595992915,0.4296187082585354,0.24374704723399387,0.23095283259548638,0.0,0.31479557610817144,0.5165954620681006,0.375166200339555,0.2737448470295534
c3_w2_tcop_cm0_states_L0.4_km0_4221_ucp0_0498_s137,cm0,stageC,-0.2,-0.4221,0.1,0.04977134874876729,137,9,0.04977134874876729,0,True,,0.41718399999999994,0.004608745434486297,-0.010426037771768338,-0.20179988595992915,0.42942466979271987,0.24371025697744,0.23095283259548638,0.0,0.31479557610817144,0.5165954620681006,0.38573142792007536,0.2777066543472048
c3_w2_tcop_cm0_states_L0.4_km0_4221_ucp0_0498_s137,cm0,stageC,-0.2,-0.4221,0.1,0.04977134874876729,137,10,0.04977134874876729,1,True,,0.41796799999999995,-0.00032201027366506133,-0.01968503009460596,-0.20179988595992915,0.429252042763692,0.24372380263838667,0.23095283259548638,0.0,0.31479557610817144,0.5165954620681006,0.3693367467003075,0.2669992174056187
c3_w2_tcop_cm0_states_L0.4_km0_4221_ucp0_0498_s137,cm0,stageC,-0.2,-0.4221,0.1,0.04977134874876729,137,11,0.04977134874876729,2,True,,0.41607999999999995,0.0005955561814914288,-0.024224915233222417,-0.20179988595992915,0.4296487765232536,0.24375181738497725,0.23095283259548638,0.0,0.31479557610817144,0.5165954620681006,0.37777407400943624,0.27056950339507496
c3_w2_tcop_cm0_states_L0.4_km0_4221_ucp0_0498_s137,cm0,stageC,-0.2,-0.4221,0.1,0.04977134874876729,137,12,0.04977134874876729,0,True,,0.41881599999999997,-1.0046295360069888e-05,-0.022243827328601713,-0.20179988595992915,0.42907914883836684,0.2436912266053607,0.23095283259548638,0.0,0.31479557610817144,0.5165954620681006,0.36962747931461704,0.26877654911438426
c3_w2_tcop_cm0_states_L0.4_km0_4221_ucp0_0498_s137,cm0,stageC,-0.2,-0.4221,0.1,0.04977134874876729,137,13,0.04977134874876729,1,True,,0.41536,0.001718539897449002,-0.027612007904108886,-0.20179988595992915,0.4297964746154287,0.2437768197884184,0.23095283259548638,0.0,0.31479557610817144,0.5165954620681006,0.37606125161142323,0.2704238257733793
c3_w2_tcop_cm0_states_L0.4_km0_4221_ucp0_0498_s137,cm0,stageC,-0.2,-0.4221,0.1,0.04977134874876729,137,14,0.04977134874876729,2,True,,0.41822400000000004,0.004393689543539655,-0.020121875210948433,-0.20179988595992915,0.42921265261806507,0.24367386376742445,0.23095283259548638,0.0,0.31479557610817144,0.5165954620681006,0.38395889101155395,0.2729425966533529
c3_w2_tcop_cm0_states_L0.4_km0_4221_ucp0_0498_s137,cm0,stageC,-0.2,-0.4221,0.1,0.04977134874876729,137,15,0.04977134874876729,0,False,BLOCK_15_PARTIAL_CYCLE,0.416544,-0.0007466909033155472,0.0013277897326520554,-0.20179988595992915,0.42954883159836554,0.2437512795435487,0.23095283259548638,0.0,0.31479557610817144,0.5165954620681006,0.3726805370760819,0.2765848781799938
c3_w2_tcop_cm0_states_L0.4_km0_4221_ucp0_0498_s256,cm0,stageC,-0.2,-0.4221,0.1,0.04977134874876729,256,0,0.04977134874876729,0,False,PRE_PRIMARY_INCOMPLETE_CYCLE,0.40748799999999996,0.0044558873679991905,-0.019594637961863844,-0.20179988595992915,0.4314587450134466,0.2438354940104131,0.23095283259548638,0.0,0.31479557610817144,0.5165954620681006,0.38502028850281644,0.2806853507592822
c3_w2_tcop_cm0_states_L0.4_km0_4221_ucp0_0498_s256,cm0,stageC,-0.2,-0.4221,0.1,0.04977134874876729,256,1,0.04977134874876729,1,False,PRE_PRIMARY_INCOMPLETE_CYCLE,0.418256,-0.001009368721281123,-0.025836504282759232,-0.20179988595992915,0.4291988964837657,0.2436937128858496,0.23095283259548638,0.0,0.31479557610817144,0.5165954620681006,0.36725552782893167,0.2704320791548714
c3_w2_tcop_cm0_states_L0.4_km0_4221_ucp0_0498_s256,cm0,stageC,-0.2,-0.4221,0.1,0.04977134874876729,256,2,0.04977134874876729,2,False,PRE_PRIMARY_INCOMPLETE_CYCLE,0.4188160000000001,-0.0001674794725636379,-0.03167441621871118,-0.20179988595992915,0.42907849225824013,0.24369282776623977,0.23095283259548638,0.0,0.31479557610817144,0.5165954620681006,0.3737123652178409,0.2752489966404959
c3_w2_tcop_cm0_states_L0.4_km0_4221_ucp0_0498_s256,cm0,stageC,-0.2,-0.4221,0.1,0.04977134874876729,256,3,0.04977134874876729,0,True,,0.41974399999999995,0.002745110801601413,-0.024331811237267978,-0.20179988595992915,0.42889609837319226,0.24363922117517225,0.23095283259548638,0.0,0.31479557610817144,0.5165954620681006,0.3798096510874611,0.2756746107807947
c3_w2_tcop_cm0_states_L0.4_km0_4221_ucp0_0498_s256,cm0,stageC,-0.2,-0.4221,0.1,0.04977134874876729,256,4,0.04977134874876729,1,True,,0.41684800000000005,0.005764870679520349,-0.016414614184962362,-0.20179988595992915,0.4294958251069586,0.2437123993799066,0.23095283259548638,0.0,0.31479557610817144,0.5165954620681006,0.38637811174041914,0.27419725558860025
c3_w2_tcop_cm0_states_L0.4_km0_4221_ucp0_0498_s256,cm0,stageC,-0.2,-0.4221,0.1,0.04977134874876729,256,5,0.04977134874876729,2,True,,0.413872,0.0027330070852966105,-0.045301886683218544,-0.20179988595992915,0.4301042715450061,0.24381152245306426,0.23095283259548638,0.0,0.31479557610817144,0.5165954620681006,0.38208427244795184,0.2781286156254904
c3_w2_tcop_cm0_states_L0.4_km0_4221_ucp0_0498_s256,cm0,stageC,-0.2,-0.4221,0.1,0.04977134874876729,256,6,0.04977134874876729,0,True,,0.415808,-0.004143039208285744,-0.028433591273870358,-0.20179988595992915,0.4296974051539723,0.2437839810190936,0.23095283259548638,0.0,0.31479557610817144,0.5165954620681006,0.3613689999377728,0.26944160699823494
c3_w2_tcop_cm0_states_L0.4_km0_4221_ucp0_0498_s256,cm0,stageC,-0.2,-0.4221,0.1,0.04977134874876729,256,7,0.04977134874876729,1,True,,0.41907199999999994,0.0008373787980282918,-0.026268335486588537,-0.20179988595992915,0.42903138621408937,0.24366641260640293,0.23095283259548638,0.0,0.31479557610817144,0.5165954620681006,0.3755139624588585,0.27582740703700404
c3_w2_tcop_cm0_states_L0.4_km0_4221_ucp0_0498_s256,cm0,stageC,-0.2,-0.4221,0.1,0.04977134874876729,256,8,0.04977134874876729,2,True,,0.41883200000000004,0.005526411833082977,-0.03171353497192535,-0.20179988595992915,0.4290850305718407,0.24366772002758202,0.23095283259548638,0.0,0.31479557610817144,0.5165954620681006,0.3854992440715519,0.2727808584099049
c3_w2_tcop_cm0_states_L0.4_km0_4221_ucp0_0498_s256,cm0,stageC,-0.2,-0.4221,0.1,0.04977134874876729,256,9,0.04977134874876729,0,True,,0.41843199999999997,-0.0004402071904925943,-0.012360919424065095,-0.20179988595992915,0.4291577982767818,0.2437040711506317,0.23095283259548638,0.0,0.31479557610817144,0.5165954620681006,0.3721266092140272,0.2692252058909401
c3_w2_tcop_cm0_states_L0.4_km0_4221_ucp0_0498_s256,cm0,stageC,-0.2,-0.4221,0.1,0.04977134874876729,256,10,0.04977134874876729,1,True,,0.417184,-0.00019845260943375138,-0.029579214444745174,-0.20179988595992915,0.4294201145507249,0.2437261171677443,0.23095283259548638,0.0,0.31479557610817144,0.5165954620681006,0.3724786522404335,0.2699110575919651
c3_w2_tcop_cm0_states_L0.4_km0_4221_ucp0_0498_s256,cm0,stageC,-0.2,-0.4221,0.1,0.04977134874876729,256,11,0.04977134874876729,2,True,,0.41726399999999997,0.0001413742299887585,-0.025714869991532642,-0.20179988595992915,0.42940131800636844,0.24372684530826313,0.23095283259548638,0.0,0.31479557610817144,0.5165954620681006,0.37224960294200504,0.27255573058017585
c3_w2_tcop_cm0_states_L0.4_km0_4221_ucp0_0498_s256,cm0,stageC,-0.2,-0.4221,0.1,0.04977134874876729,256,12,0.04977134874876729,0,True,,0.416496,-0.0007079741811180662,-0.022942735854160373,-0.20179988595992915,0.4295584352097186,0.24375217939832475,0.23095283259548638,0.0,0.31479557610817144,0.5165954620681006,0.3703483224261814,0.27465075383909004
c3_w2_tcop_cm0_states_L0.4_km0_4221_ucp0_0498_s256,cm0,stageC,-0.2,-0.4221,0.1,0.04977134874876729,256,13,0.04977134874876729,1,True,,0.41588800000000004,0.00860391626460339,-0.014749794161531467,-0.20179988595992915,0.4296965584114221,0.24373298758476997,0.23095283259548638,0.0,0.31479557610817144,0.5165954620681006,0.3939252107195042,0.27693765205994636
c3_w2_tcop_cm0_states_L0.4_km0_4221_ucp0_0498_s256,cm0,stageC,-0.2,-0.4221,0.1,0.04977134874876729,256,14,0.04977134874876729,2,True,,0.41696,-0.0022781730259895158,-0.013979880016335265,-0.20179988595992915,0.4294548749880961,0.24376869455437625,0.23095283259548638,0.0,0.31479557610817144,0.5165954620681006,0.36295279838761824,0.2635428490052852
c3_w2_tcop_cm0_states_L0.4_km0_4221_ucp0_0498_s256,cm0,stageC,-0.2,-0.4221,0.1,0.04977134874876729,256,15,0.04977134874876729,0,False,BLOCK_15_PARTIAL_CYCLE,0.41612799999999994,0.002049280201600259,-0.0256489191739249,-0.20179988595992915,0.4296370336931496,0.24375226628047825,0.23095283259548638,0.0,0.31479557610817144,0.5165954620681006,0.3749456678054895,0.27481317791368715
c3_w2_tcop_cm0_states_L0.4_km0_4221_ucp0_0498_s1024,cm0,stageC,-0.2,-0.4221,0.1,0.04977134874876729,1024,0,0.04977134874876729,0,False,PRE_PRIMARY_INCOMPLETE_CYCLE,0.408304,-0.0014801903471605427,-0.030351215747276696,-0.20179988595992915,0.4312825125516448,0.2438363192936103,0.23095283259548638,0.0,0.31479557610817144,0.5165954620681006,0.3719223733711095,0.2759968188617024
c3_w2_tcop_cm0_states_L0.4_km0_4221_ucp0_0498_s1024,cm0,stageC,-0.2,-0.4221,0.1,0.04977134874876729,1024,1,0.04977134874876729,1,False,PRE_PRIMARY_INCOMPLETE_CYCLE,0.41712000000000005,0.0021581510101336813,-0.03628159280592137,-0.20179988595992915,0.4294348849554771,0.24372033667624327,0.23095283259548638,0.0,0.31479557610817144,0.5165954620681006,0.3778965772321002,0.27510314723637025
c3_w2_tcop_cm0_states_L0.4_km0_4221_ucp0_0498_s1024,cm0,stageC,-0.2,-0.4221,0.1,0.04977134874876729,1024,2,0.04977134874876729,2,False,PRE_PRIMARY_INCOMPLETE_CYCLE,0.41564799999999996,0.0026757311394877727,-0.022084853011240895,-0.20179988595992915,0.4297373596185364,0.24376753373661572,0.23095283259548638,0.0,0.31479557610817144,0.5165954620681006,0.3803520283551488,0.27102992132370174
c3_w2_tcop_cm0_states_L0.4_km0_4221_ucp0_0498_s1024,cm0,stageC,-0.2,-0.4221,0.1,0.04977134874876729,1024,3,0.04977134874876729,0,True,,0.41734399999999994,0.002459982533430732,-0.02819064211832609,-0.20179988595992915,0.42938579416592043,0.24372523433809296,0.23095283259548638,0.0,0.31479557610817144,0.5165954620681006,0.3799184834286611,0.27102637872997754
c3_w2_tcop_cm0_states_L0.4_km0_4221_ucp0_0498_s1024,cm0,stageC,-0.2,-0.4221,0.1,0.04977134874876729,1024,4,0.04977134874876729,1,True,,0.41952,0.0021789488060419823,-0.023826072664263467,-0.20179988595992915,0.42894152788807277,0.2436508379839313,0.23095283259548638,0.0,0.31479557610817144,0.5165954620681006,0.3754962521427162,0.2668110184326807
c3_w2_tcop_cm0_states_L0.4_km0_4221_ucp0_0498_s1024,cm0,stageC,-0.2,-0.4221,0.1,0.04977134874876729,1024,5,0.04977134874876729,2,True,,0.41833600000000004,0.0007718687272877012,-0.032823765326495044,-0.20179988595992915,0.4291787325760714,0.2437015571623928,0.23095283259548638,0.0,0.31479557610817144,0.5165954620681006,0.37518064364913284,0.27459137083844704
c3_w2_tcop_cm0_states_L0.4_km0_4221_ucp0_0498_s1024,cm0,stageC,-0.2,-0.4221,0.1,0.04977134874876729,1024,6,0.04977134874876729,0,True,,0.420896,-4.460857629851052e-05,-0.02163734200251938,-0.20179988595992915,0.4286563020467316,0.24361798801874707,0.23095283259548638,0.0,0.31479557610817144,0.5165954620681006,0.36948905905050244,0.2671174783576226
c3_w2_tcop_cm0_states_L0.4_km0_4221_ucp0_0498_s1024,cm0,stageC,-0.2,-0.4221,0.1,0.04977134874876729,1024,7,0.04977134874876729,1,True,,0.414608,0.0016121053122270393,-0.01017267573336258,-0.20179988595992915,0.4299487286808187,0.24380512901716087,0.23095283259548638,0.0,0.31479557610817144,0.5165954620681006,0.3756155446681376,0.2688013974877422
c3_w2_tcop_cm0_states_L0.4_km0_4221_ucp0_0498_s1024,cm0,stageC,-0.2,-0.4221,0.1,0.04977134874876729,1024,8,0.04977134874876729,2,True,,0.41436800000000007,0.0013450126124831042,-0.0195453787674997,-0.20179988595992915,0.43000268308598244,0.2437974471742696,0.23095283259548638,0.0,0.31479557610817144,0.5165954620681006,0.377000747864105,0.2717235680578911
c3_w2_tcop_cm0_states_L0.4_km0_4221_ucp0_0498_s1024,cm0,stageC,-0.2,-0.4221,0.1,0.04977134874876729,1024,9,0.04977134874876729,0,True,,0.416896,-0.0023558332846414297,-0.019572247803585664,-0.20179988595992915,0.42947531118833077,0.2437461803223515,0.23095283259548638,0.0,0.31479557610817144,0.5165954620681006,0.36898969158194617,0.2718247006919627
c3_w2_tcop_cm0_states_L0.4_km0_4221_ucp0_0498_s1024,cm0,stageC,-0.2,-0.4221,0.1,0.04977134874876729,1024,10,0.04977134874876729,1,True,,0.41721600000000003,0.0024711526576951946,-0.02995315203283493,-0.20179988595992915,0.4294120852812575,0.24372520483247964,0.23095283259548638,0.0,0.31479557610817144,0.5165954620681006,0.3795845584397752,0.2750322802490856
c3_w2_tcop_cm0_states_L0.4_km0_4221_ucp0_0498_s1024,cm0,stageC,-0.2,-0.4221,0.1,0.04977134874876729,1024,11,0.04977134874876729,2,True,,0.41659199999999996,0.0024256069686303446,-0.01789576818945016,-0.20179988595992915,0.4295446676777265,0.243733387781134,0.23095283259548638,0.0,0.31479557610817144,0.5165954620681006,0.3803387988734256,0.2742051476691443
c3_w2_tcop_cm0_states_L0.4_km0_4221_ucp0_0498_s1024,cm0,stageC,-0.2,-0.4221,0.1,0.04977134874876729,1024,12,0.04977134874876729,0,True,,0.41625600000000007,0.001395504378358039,-0.03739498837900361,-0.20179988595992915,0.42960987896641206,0.24375463137359765,0.23095283259548638,0.0,0.31479557610817144,0.5165954620681006,0.3740552735777634,0.2710658301044299
c3_w2_tcop_cm0_states_L0.4_km0_4221_ucp0_0498_s1024,cm0,stageC,-0.2,-0.4221,0.1,0.04977134874876729,1024,13,0.04977134874876729,1,True,,0.41975999999999997,4.488128433911769e-05,-0.05440408125489799,-0.20179988595992915,0.42889092428178854,0.24364482869802048,0.23095283259548638,0.0,0.31479557610817144,0.5165954620681006,0.37061028002155155,0.27214576333923096
c3_w2_tcop_cm0_states_L0.4_km0_4221_ucp0_0498_s1024,cm0,stageC,-0.2,-0.4221,0.1,0.04977134874876729,1024,14,0.04977134874876729,2,True,,0.41870399999999997,0.0009260066174489447,-0.0258556620770792,-0.20179988595992915,0.42910725622935336,0.2436787353172704,0.23095283259548638,0.0,0.31479557610817144,0.5165954620681006,0.3755216722466579,0.2741973309516087
c3_w2_tcop_cm0_states_L0.4_km0_4221_ucp0_0498_s1024,cm0,stageC,-0.2,-0.4221,0.1,0.04977134874876729,1024,15,0.04977134874876729,0,False,BLOCK_15_PARTIAL_CYCLE,0.417152,0.002920847325677206,-0.024936744324262395,-0.20179988595992915,0.42942493839383356,0.24372901621743565,0.23095283259548638,0.0,0.31479557610817144,0.5165954620681006,0.3800895444043092,0.2735365145195679
c3_w2_tcop_cm0_states_L0.4_km0_4221_ucp0_0498_s31415,cm0,stageC,-0.2,-0.4221,0.1,0.04977134874876729,31415,0,0.04977134874876729,0,False,PRE_PRIMARY_INCOMPLETE_CYCLE,0.40265600000000007,-0.0030217571701287756,-0.012950824469419742,-0.20179988595992915,0.43244189041367875,0.24401009395215645,0.23095283259548638,0.0,0.31479557610817144,0.5165954620681006,0.36622283208577594,0.2756797845273198
c3_w2_tcop_cm0_states_L0.4_km0_4221_ucp0_0498_s31415,cm0,stageC,-0.2,-0.4221,0.1,0.04977134874876729,31415,1,0.04977134874876729,1,False,PRE_PRIMARY_INCOMPLETE_CYCLE,0.414784,0.0011923192079743177,-0.019969620975914114,-0.20179988595992915,0.42990989788038875,0.24380746353643085,0.23095283259548638,0.0,0.31479557610817144,0.5165954620681006,0.3762800971574837,0.2721017051769652
c3_w2_tcop_cm0_states_L0.4_km0_4221_ucp0_0498_s31415,cm0,stageC,-0.2,-0.4221,0.1,0.04977134874876729,31415,2,0.04977134874876729,2,False,PRE_PRIMARY_INCOMPLETE_CYCLE,0.417904,0.002378380308540782,-0.03314853774673813,-0.20179988595992915,0.4292705077524491,0.24370942357363146,0.23095283259548638,0.0,0.31479557610817144,0.5165954620681006,0.3811250434626528,0.274478067773473
c3_w2_tcop_cm0_states_L0.4_km0_4221_ucp0_0498_s31415,cm0,stageC,-0.2,-0.4221,0.1,0.04977134874876729,31415,3,0.04977134874876729,0,True,,0.416272,-0.0013847340901467014,-0.02703351067309348,-0.20179988595992915,0.4296060393043419,0.2437583709547955,0.23095283259548638,0.0,0.31479557610817144,0.5165954620681006,0.36941334002230525,0.2695146125549706
c3_w2_tcop_cm0_states_L0.4_km0_4221_ucp0_0498_s31415,cm0,stageC,-0.2,-0.4221,0.1,0.04977134874876729,31415,4,0.04977134874876729,1,True,,0.4178079999999999,0.0034406038335178094,-0.03959647962794991,-0.20179988595992915,0.4292983290203682,0.2436850540681493,0.23095283259548638,0.0,0.31479557610817144,0.5165954620681006,0.3794867069253376,0.27228802535766683
c3_w2_tcop_cm0_states_L0.4_km0_4221_ucp0_0498_s31415,cm0,stageC,-0.2,-0.4221,0.1,0.04977134874876729,31415,5,0.04977134874876729,2,True,,0.41467200000000004,0.0028224570987563542,-0.022181164496773202,-0.20179988595992915,0.4299401848413182,0.24378365274158953,0.23095283259548638,0.0,0.31479557610817144,0.5165954620681006,0.377839025083863,0.2746456451313258
c3_w2_tcop_cm0_states_L0.4_km0_4221_ucp0_0498_s31415,cm0,stageC,-0.2,-0.4221,0.1,0.04977134874876729,31415,6,0.04977134874876729,0,True,,0.41697599999999996,0.0034264604284733047,-0.025656786881064056,-0.20179988595992915,0.42946995816418604,0.24370640413746697,0.23095283259548638,0.0,0.31479557610817144,0.5165954620681006,0.3816522779336882,0.27887042698353814
c3_w2_tcop_cm0_states_L0.4_km0_4221_ucp0_0498_s31415,cm0,stageC,-0.2,-0.4221,0.1,0.04977134874876729,31415,7,0.04977134874876729,1,True,,0.416976,-0.0012789807147673565,-0.03553192400605526,-0.20179988595992915,0.4294623571621948,0.24373404847212726,0.23095283259548638,0.0,0.31479557610817144,0.5165954620681006,0.3712894309569038,0.27133403536790446
c3_w2_tcop_cm0_states_L0.4_km0_4221_ucp0_0498_s31415,cm0,stageC,-0.2,-0.4221,0.1,0.04977134874876729,31415,8,0.04977134874876729,2,True,,0.416576,0.004506791625604526,-0.023727668890035174,-0.20179988595992915,0.4295467127805565,0.24373526344994156,0.23095283259548638,0.0,0.31479557610817144,0.5165954620681006,0.3800657081352428,0.27343116519293215
c3_w2_tcop_cm0_states_L0.4_km0_4221_ucp0_0498_s31415,cm0,stageC,-0.2,-0.4221,0.1,0.04977134874876729,31415,9,0.04977134874876729,0,True,,0.4152,0.001508230881202264,-0.027884817487563933,-0.20179988595992915,0.42983033289603156,0.2437765507934835,0.23095283259548638,0.0,0.31479557610817144,0.5165954620681006,0.37842538954946425,0.27550166503183193
c3_w2_tcop_cm0_states_L0.4_km0_4221_ucp0_0498_s31415,cm0,stageC,-0.2,-0.4221,0.1,0.04977134874876729,31415,10,0.04977134874876729,1,True,,0.418752,1.7167713327378153e-05,-0.0265705015164647,-0.20179988595992915,0.4290980250548467,0.2436804837667703,0.23095283259548638,0.0,0.31479557610817144,0.5165954620681006,0.3764066399716468,0.2747485438467874
c3_w2_tcop_cm0_states_L0.4_km0_4221_ucp0_0498_s31415,cm0,stageC,-0.2,-0.4221,0.1,0.04977134874876729,31415,11,0.04977134874876729,2,True,,0.41552,0.00481393431311803,-0.024987045185819276,-0.20179988595992915,0.42976053697503147,0.24377612494694326,0.23095283259548638,0.0,0.31479557610817144,0.5165954620681006,0.38374546490754224,0.27711095806981695
c3_w2_tcop_cm0_states_L0.4_km0_4221_ucp0_0498_s31415,cm0,stageC,-0.2,-0.4221,0.1,0.04977134874876729,31415,12,0.04977134874876729,0,True,,0.41713600000000006,-0.0014752941018598353,-0.015707508634066364,-0.20179988595992915,0.4294279367338803,0.24372966283270275,0.23095283259548638,0.0,0.31479557610817144,0.5165954620681006,0.37295433431535374,0.2752624279119011
c3_w2_tcop_cm0_states_L0.4_km0_4221_ucp0_0498_s31415,cm0,stageC,-0.2,-0.4221,0.1,0.04977134874876729,31415,13,0.04977134874876729,1,True,,0.417584,-0.0032910221368837545,-0.03704111894974315,-0.20179988595992915,0.4293311253349021,0.24373088209248736,0.23095283259548638,0.0,0.31479557610817144,0.5165954620681006,0.36567391279382333,0.26993646696100737
c3_w2_tcop_cm0_states_L0.4_km0_4221_ucp0_0498_s31415,cm0,stageC,-0.2,-0.4221,0.1,0.04977134874876729,31415,14,0.04977134874876729,2,True,,0.41531200000000007,0.0012467012879683922,-0.027360639122531467,-0.20179988595992915,0.4298067234140574,0.2437714641337777,0.23095283259548638,0.0,0.31479557610817144,0.5165954620681006,0.3708333839142567,0.2733459934465896
c3_w2_tcop_cm0_states_L0.4_km0_4221_ucp0_0498_s31415,cm0,stageC,-0.2,-0.4221,0.1,0.04977134874876729,31415,15,0.04977134874876729,0,False,BLOCK_15_PARTIAL_CYCLE,0.42001600000000006,-0.0006982292165513343,-0.04331221726518565,-0.20179988595992915,0.42883521199762525,0.24364884647978546,0.23095283259548638,0.0,0.31479557610817144,0.5165954620681006,0.3745272280276863,0.2741513899155063
c3_w2_tcop_cm0_states_L0.4_km0_4221_ucp0_1234_s42,cm0,stageC,-0.2,-0.4221,0.25,0.12339551870278656,42,0,0.12339551870278656,0,False,PRE_PRIMARY_INCOMPLETE_CYCLE,0.41483200000000003,0.00261032694890552,-0.018478868478500738,-0.2040620853058872,0.44796497057903606,0.2458121298309441,0.2353974401417426,0.0,0.33088842536132046,0.5349505106672077,0.3816789904397884,0.2733567828196999
c3_w2_tcop_cm0_states_L0.4_km0_4221_ucp0_1234_s42,cm0,stageC,-0.2,-0.4221,0.25,0.12339551870278656,42,1,0.12339551870278656,1,False,PRE_PRIMARY_INCOMPLETE_CYCLE,0.425552,-0.0008451213077334779,-0.036873463172706074,-0.2040620853058872,0.44570973947631604,0.2457471310493586,0.2353974401417426,0.0,0.33088842536132046,0.5349505106672077,0.36941190468248225,0.2639927324295888
c3_w2_tcop_cm0_states_L0.4_km0_4221_ucp0_1234_s42,cm0,stageC,-0.2,-0.4221,0.25,0.12339551870278656,42,2,0.12339551870278656,2,False,PRE_PRIMARY_INCOMPLETE_CYCLE,0.424496,0.001341477746057821,-0.028405923845865214,-0.2040620853058872,0.44593465221787487,0.24574595897162327,0.2353974401417426,0.0,0.33088842536132046,0.5349505106672077,0.3780324162463212,0.2738891484222616
c3_w2_tcop_cm0_states_L0.4_km0_4221_ucp0_1234_s42,cm0,stageC,-0.2,-0.4221,0.25,0.12339551870278656,42,3,0.12339551870278656,0,True,,0.426944,0.0021945986344277845,-0.04203033205605539,-0.2040620853058872,0.4454251088293956,0.245697341880414,0.2353974401417426,0.0,0.33088842536132046,0.5349505106672077,0.3778972022054792,0.2651325441778864
c3_w2_tcop_cm0_states_L0.4_km0_4221_ucp0_1234_s42,cm0,stageC,-0.2,-0.4221,0.25,0.12339551870278656,42,4,0.12339551870278656,1,True,,0.42614399999999997,0.00476941963925816,-0.030491313878737686,-0.2040620853058872,0.44559198925496046,0.24570853829154005,0.2353974401417426,0.0,0.33088842536132046,0.5349505106672077,0.3840832077899231,0.2719031627105931
c3_w2_tcop_cm0_states_L0.4_km0_4221_ucp0_1234_s42,cm0,stageC,-0.2,-0.4221,0.25,0.12339551870278656,42,5,0.12339551870278656,2,True,,0.428448,0.0024277246577357674,-0.031794699779933946,-0.2040620853058872,0.4451102053247376,0.24567090859656812,0.2353974401417426,0.0,0.33088842536132046,0.5349505106672077,0.3764846262177501,0.26686923494855364
c3_w2_tcop_cm0_states_L0.4_km0_4221_ucp0_1234_s42,cm0,stageC,-0.2,-0.4221,0.25,0.12339551870278656,42,6,0.12339551870278656,0,True,,0.42536,0.0010323906236877826,-0.028538642273067388,-0.2040620853058872,0.4457503285832128,0.24574403467854422,0.2353974401417426,0.0,0.33088842536132046,0.5349505106672077,0.3761144578273744,0.27036793472063697
c3_w2_tcop_cm0_states_L0.4_km0_4221_ucp0_1234_s42,cm0,stageC,-0.2,-0.4221,0.25,0.12339551870278656,42,7,0.12339551870278656,1,True,,0.4270399999999999,0.003366657978911369,-0.03195989920866075,-0.2040620853058872,0.44540501849981956,0.24569413200055243,0.2353974401417426,0.0,0.33088842536132046,0.5349505106672077,0.37539342540841825,0.2685478211475302
c3_w2_tcop_cm0_states_L0.4_km0_4221_ucp0_1234_s42,cm0,stageC,-0.2,-0.4221,0.25,0.12339551870278656,42,8,0.12339551870278656,2,True,,0.42499200000000004,0.001269486681485482,-0.015026059386598473,-0.2040620853058872,0.44582724393259954,0.24575084548783152,0.2353974401417426,0.0,0.33088842536132046,0.5349505106672077,0.37578590992023636,0.26970804772283796
c3_w2_tcop_cm0_states_L0.4_km0_4221_ucp0_1234_s42,cm0,stageC,-0.2,-0.4221,0.25,0.12339551870278656,42,9,0.12339551870278656,0,True,,0.427136,0.0031695531280520944,-0.01156640667042455,-0.2040620853058872,0.4453836386759201,0.2456941917288007,0.2353974401417426,0.0,0.33088842536132046,0.5349505106672077,0.38088613790242115,0.27316342205158933
c3_w2_tcop_cm0_states_L0.4_km0_4221_ucp0_1234_s42,cm0,stageC,-0.2,-0.4221,0.25,0.12339551870278656,42,10,0.12339551870278656,1,True,,0.42580799999999996,0.0037732460215845667,-0.03451602742326946,-0.2040620853058872,0.445660844658716,0.24571513888219196,0.2353974401417426,0.0,0.33088842536132046,0.5349505106672077,0.37996532819796947,0.2693163716900869
c3_w2_tcop_cm0_states_L0.4_km0_4221_ucp0_1234_s42,cm0,stageC,-0.2,-0.4221,0.25,0.12339551870278656,42,11,0.12339551870278656,2,True,,0.4243039999999999,0.00093656454259366,-0.03564453375045434,-0.2040620853058872,0.4459702736384446,0.24576073515075783,0.2353974401417426,0.0,0.33088842536132046,0.5349505106672077,0.3768797953322414,0.2742128409093598
c3_w2_tcop_cm0_states_L0.4_km0_4221_ucp0_1234_s42,cm0,stageC,-0.2,-0.4221,0.25,0.12339551870278656,42,12,0.12339551870278656,0,True,,0.428192,0.0024885835632365576,-0.021580224987790216,-0.2040620853058872,0.4451698044818257,0.24564840740879781,0.2353974401417426,0.0,0.33088842536132046,0.5349505106672077,0.37629198202713515,0.27502253413069283
c3_w2_tcop_cm0_states_L0.4_km0_4221_ucp0_1234_s42,cm0,stageC,-0.2,-0.4221,0.25,0.12339551870278656,42,13,0.12339551870278656,1,True,,0.42616,-0.002355569870709949,-0.0384815164143821,-0.2040620853058872,0.4455863761534223,0.24572118005276913,0.2353974401417426,0.0,0.33088842536132046,0.5349505106672077,0.3673649327306472,0.2672445548075102
c3_w2_tcop_cm0_states_L0.4_km0_4221_ucp0_1234_s42,cm0,stageC,-0.2,-0.4221,0.25,0.12339551870278656,42,14,0.12339551870278656,2,True,,0.424432,0.001154870082819213,-0.020481597897951963,-0.2040620853058872,0.4459439458278621,0.24576365476656356,0.2353974401417426,0.0,0.33088842536132046,0.5349505106672077,0.3723155740533914,0.26826750805240573
c3_w2_tcop_cm0_states_L0.4_km0_4221_ucp0_1234_s42,cm0,stageC,-0.2,-0.4221,0.25,0.12339551870278656,42,15,0.12339551870278656,0,False,BLOCK_15_PARTIAL_CYCLE,0.4276,-0.0007356455807175119,-0.013418370089037774,-0.2040620853058872,0.44528471099188377,0.24569273864147254,0.2353974401417426,0.0,0.33088842536132046,0.5349505106672077,0.36984933036613876,0.2716684329496538
c3_w2_tcop_cm0_states_L0.4_km0_4221_ucp0_1234_s137,cm0,stageC,-0.2,-0.4221,0.25,0.12339551870278656,137,0,0.12339551870278656,0,False,PRE_PRIMARY_INCOMPLETE_CYCLE,0.41867200000000004,0.0031316658382393196,-0.02420969029696927,-0.2040620853058872,0.4471709388821949,0.24571421085970582,0.2353974401417426,0.0,0.33088842536132046,0.5349505106672077,0.38074397477741906,0.27464949516953724
c3_w2_tcop_cm0_states_L0.4_km0_4221_ucp0_1234_s137,cm0,stageC,-0.2,-0.4221,0.25,0.12339551870278656,137,1,0.12339551870278656,1,False,PRE_PRIMARY_INCOMPLETE_CYCLE,0.42504000000000003,-0.0005959553105793762,-0.03260502107752534,-0.2040620853058872,0.44581950320941177,0.24574249852458055,0.2353974401417426,0.0,0.33088842536132046,0.5349505106672077,0.3731781523348643,0.26685359045905144
c3_w2_tcop_cm0_states_L0.4_km0_4221_ucp0_1234_s137,cm0,stageC,-0.2,-0.4221,0.25,0.12339551870278656,137,2,0.12339551870278656,2,False,PRE_PRIMARY_INCOMPLETE_CYCLE,0.425056,0.00318832325277025,-0.02803732622759224,-0.2040620853058872,0.4458167419219266,0.24574010684313544,0.2353974401417426,0.0,0.33088842536132046,0.5349505106672077,0.37544817057299207,0.2676027280592131
c3_w2_tcop_cm0_states_L0.4_km0_4221_ucp0_1234_s137,cm0,stageC,-0.2,-0.4221,0.25,0.12339551870278656,137,3,0.12339551870278656,0,True,,0.427072,0.002237409706521787,-0.03044943288440321,-0.2040620853058872,0.44539404009597133,0.2457090229279147,0.2353974401417426,0.0,0.33088842536132046,0.5349505106672077,0.37761891274784715,0.26750482705084794
c3_w2_tcop_cm0_states_L0.4_km0_4221_ucp0_1234_s137,cm0,stageC,-0.2,-0.4221,0.25,0.12339551870278656,137,4,0.12339551870278656,1,True,,0.426128,0.0036608442010591167,-0.040448494670172905,-0.2040620853058872,0.44559581011937716,0.2457062721712635,0.2353974401417426,0.0,0.33088842536132046,0.5349505106672077,0.38615838486360815,0.2724319888577801
c3_w2_tcop_cm0_states_L0.4_km0_4221_ucp0_1234_s137,cm0,stageC,-0.2,-0.4221,0.25,0.12339551870278656,137,5,0.12339551870278656,2,True,,0.42560000000000003,0.005325443532616304,-0.020004935138183865,-0.2040620853058872,0.44570597283108776,0.24571433584599825,0.2353974401417426,0.0,0.33088842536132046,0.5349505106672077,0.38154679493053534,0.26897451659602406
c3_w2_tcop_cm0_states_L0.4_km0_4221_ucp0_1234_s137,cm0,stageC,-0.2,-0.4221,0.25,0.12339551870278656,137,6,0.12339551870278656,0,True,,0.42623999999999995,0.0021526102722965305,-0.029094300655249178,-0.2040620853058872,0.44557164803355925,0.24571203270783903,0.2353974401417426,0.0,0.33088842536132046,0.5349505106672077,0.3751416022132711,0.26293419779233096
c3_w2_tcop_cm0_states_L0.4_km0_4221_ucp0_1234_s137,cm0,stageC,-0.2,-0.4221,0.25,0.12339551870278656,137,7,0.12339551870278656,1,True,,0.42672,0.0018183069622977111,-0.02394367371671749,-0.2040620853058872,0.4454682206015754,0.24571005203674995,0.2353974401417426,0.0,0.33088842536132046,0.5349505106672077,0.3754299928795883,0.2698461875454853
c3_w2_tcop_cm0_states_L0.4_km0_4221_ucp0_1234_s137,cm0,stageC,-0.2,-0.4221,0.25,0.12339551870278656,137,8,0.12339551870278656,2,True,,0.42540799999999995,0.0010131073631046766,-0.023962810096481345,-0.2040620853058872,0.44574371211802877,0.24572628210681385,0.2353974401417426,0.0,0.33088842536132046,0.5349505106672077,0.3772851956089589,0.2724052990879176
c3_w2_tcop_cm0_states_L0.4_km0_4221_ucp0_1234_s137,cm0,stageC,-0.2,-0.4221,0.25,0.12339551870278656,137,9,0.12339551870278656,0,True,,0.42617599999999994,0.004945000369355938,-0.0062144776500731875,-0.2040620853058872,0.44558749510059104,0.24569926888000732,0.2353974401417426,0.0,0.33088842536132046,0.5349505106672077,0.3877570442181038,0.27484736138412336
c3_w2_tcop_cm0_states_L0.4_km0_4221_ucp0_1234_s137,cm0,stageC,-0.2,-0.4221,0.25,0.12339551870278656,137,10,0.12339551870278656,1,True,,0.426768,7.684613721664106e-05,-0.019816494516558134,-0.2040620853058872,0.4454558896962589,0.24572406208697975,0.2353974401417426,0.0,0.33088842536132046,0.5349505106672077,0.3692592626745958,0.264394569456036
c3_w2_tcop_cm0_states_L0.4_km0_4221_ucp0_1234_s137,cm0,stageC,-0.2,-0.4221,0.25,0.12339551870278656,137,11,0.12339551870278656,2,True,,0.42507199999999995,0.0021931362254557353,-0.02249136214882279,-0.2040620853058872,0.4458150441391624,0.24573125249662595,0.2353974401417426,0.0,0.33088842536132046,0.5349505106672077,0.38144134905755656,0.26883347119121
c3_w2_tcop_cm0_states_L0.4_km0_4221_ucp0_1234_s137,cm0,stageC,-0.2,-0.4221,0.25,0.12339551870278656,137,12,0.12339551870278656,0,True,,0.42776,0.0009614555193076228,-0.017628653317528033,-0.2040620853058872,0.4452517177191318,0.2456909329389337,0.2353974401417426,0.0,0.33088842536132046,0.5349505106672077,0.3712340045962488,0.26452895707303536
c3_w2_tcop_cm0_states_L0.4_km0_4221_ucp0_1234_s137,cm0,stageC,-0.2,-0.4221,0.25,0.12339551870278656,137,13,0.12339551870278656,1,True,,0.424608,0.0031755852051501476,-0.03298129756065153,-0.2040620853058872,0.4459114599859745,0.2457445939350282,0.2353974401417426,0.0,0.33088842536132046,0.5349505106672077,0.37944602978350284,0.26834700416179147
c3_w2_tcop_cm0_states_L0.4_km0_4221_ucp0_1234_s137,cm0,stageC,-0.2,-0.4221,0.25,0.12339551870278656,137,14,0.12339551870278656,2,True,,0.427008,0.004502485716382917,-0.01886972391286346,-0.2040620853058872,0.4454171441152457,0.24566974836253083,0.2353974401417426,0.0,0.33088842536132046,0.5349505106672077,0.3845026964753163,0.2702646753794582
c3_w2_tcop_cm0_states_L0.4_km0_4221_ucp0_1234_s137,cm0,stageC,-0.2,-0.4221,0.25,0.12339551870278656,137,15,0.12339551870278656,0,False,BLOCK_15_PARTIAL_CYCLE,0.425648,0.00047696291932063345,-0.001037350150501046,-0.2040620853058872,0.4456916918410341,0.24573200266855366,0.2353974401417426,0.0,0.33088842536132046,0.5349505106672077,0.3746466214053318,0.2737343630609031
c3_w2_tcop_cm0_states_L0.4_km0_4221_ucp0_1234_s256,cm0,stageC,-0.2,-0.4221,0.25,0.12339551870278656,256,0,0.12339551870278656,0,False,PRE_PRIMARY_INCOMPLETE_CYCLE,0.41627200000000003,0.005579372411689024,-0.022645737412916,-0.2040620853058872,0.44767341233342434,0.24574711496340385,0.2353974401417426,0.0,0.33088842536132046,0.5349505106672077,0.38758313663508204,0.2782266252722378
c3_w2_tcop_cm0_states_L0.4_km0_4221_ucp0_1234_s256,cm0,stageC,-0.2,-0.4221,0.25,0.12339551870278656,256,1,0.12339551870278656,1,False,PRE_PRIMARY_INCOMPLETE_CYCLE,0.42744000000000004,-0.0005549471959610986,-0.02549245965194565,-0.2040620853058872,0.44531993048871066,0.24569068348264006,0.2353974401417426,0.0,0.33088842536132046,0.5349505106672077,0.36840929354345175,0.2654225884136629
c3_w2_tcop_cm0_states_L0.4_km0_4221_ucp0_1234_s256,cm0,stageC,-0.2,-0.4221,0.25,0.12339551870278656,256,2,0.12339551870278656,2,False,PRE_PRIMARY_INCOMPLETE_CYCLE,0.4284800000000001,0.000976344831995774,-0.027732527738992038,-0.2040620853058872,0.44510235501820883,0.2456743692808547,0.2353974401417426,0.0,0.33088842536132046,0.5349505106672077,0.3760532779989347,0.2712380245702027
c3_w2_tcop_cm0_states_L0.4_km0_4221_ucp0_1234_s256,cm0,stageC,-0.2,-0.4221,0.25,0.12339551870278656,256,3,0.12339551870278656,0,True,,0.42870400000000003,0.0021650791557981694,-0.024312760049691025,-0.2040620853058872,0.4450602001357854,0.24564978678492672,0.2353974401417426,0.0,0.33088842536132046,0.5349505106672077,0.3782942705357016,0.27276261830902554
c3_w2_tcop_cm0_states_L0.4_km0_4221_ucp0_1234_s256,cm0,stageC,-0.2,-0.4221,0.25,0.12339551870278656,256,4,0.12339551870278656,1,True,,0.425984,0.0055387039814988855,-0.012731611957447118,-0.2040620853058872,0.4456290398788723,0.24569447480692963,0.2353974401417426,0.0,0.33088842536132046,0.5349505106672077,0.3861211035875516,0.27167050062278664
c3_w2_tcop_cm0_states_L0.4_km0_4221_ucp0_1234_s256,cm0,stageC,-0.2,-0.4221,0.25,0.12339551870278656,256,5,0.12339551870278656,2,True,,0.42323199999999994,0.0033628140077865366,-0.042982726541805995,-0.2040620853058872,0.44619725866790877,0.24576733351657554,0.2353974401417426,0.0,0.33088842536132046,0.5349505106672077,0.3828349584310975,0.2746810184270562
c3_w2_tcop_cm0_states_L0.4_km0_4221_ucp0_1234_s256,cm0,stageC,-0.2,-0.4221,0.25,0.12339551870278656,256,6,0.12339551870278656,0,True,,0.42440000000000005,-0.0035369464801034128,-0.02978292085480192,-0.2040620853058872,0.44594826656315373,0.24577259466765605,0.2353974401417426,0.0,0.33088842536132046,0.5349505106672077,0.36303294290546056,0.2678592050845663
c3_w2_tcop_cm0_states_L0.4_km0_4221_ucp0_1234_s256,cm0,stageC,-0.2,-0.4221,0.25,0.12339551870278656,256,7,0.12339551870278656,1,True,,0.42769599999999997,0.0017756584406591258,-0.0264953006070169,-0.2040620853058872,0.4452690520982055,0.24567183381044144,0.2353974401417426,0.0,0.33088842536132046,0.5349505106672077,0.37741886462002383,0.2734553469461306
c3_w2_tcop_cm0_states_L0.4_km0_4221_ucp0_1234_s256,cm0,stageC,-0.2,-0.4221,0.25,0.12339551870278656,256,8,0.12339551870278656,2,True,,0.4279840000000001,0.004747694078080048,-0.032829459727891266,-0.2040620853058872,0.44521092775088594,0.2456698755066379,0.2353974401417426,0.0,0.33088842536132046,0.5349505106672077,0.3827191508686274,0.2680104283616245
c3_w2_tcop_cm0_states_L0.4_km0_4221_ucp0_1234_s256,cm0,stageC,-0.2,-0.4221,0.25,0.12339551870278656,256,9,0.12339551870278656,0,True,,0.42787200000000003,0.0003582510236856707,-0.011186891681679106,-0.2040620853058872,0.44522919850971493,0.24568621568382756,0.2353974401417426,0.0,0.33088842536132046,0.5349505106672077,0.37470576913897324,0.26677212085181234
c3_w2_tcop_cm0_states_L0.4_km0_4221_ucp0_1234_s256,cm0,stageC,-0.2,-0.4221,0.25,0.12339551870278656,256,10,0.12339551870278656,1,True,,0.426128,-0.0012093710573245686,-0.025770155254952787,-0.2040620853058872,0.4455932035733511,0.2457195767073134,0.2353974401417426,0.0,0.33088842536132046,0.5349505106672077,0.36958920342412166,0.2666397978061859
c3_w2_tcop_cm0_states_L0.4_km0_4221_ucp0_1234_s256,cm0,stageC,-0.2,-0.4221,0.25,0.12339551870278656,256,11,0.12339551870278656,2,True,,0.426416,0.0020862971739538,-0.022839545267646706,-0.2040620853058872,0.4455336945329964,0.2457081687197533,0.2353974401417426,0.0,0.33088842536132046,0.5349505106672077,0.3750862980401507,0.2688659679195733
c3_w2_tcop_cm0_states_L0.4_km0_4221_ucp0_1234_s256,cm0,stageC,-0.2,-0.4221,0.25,0.12339551870278656,256,12,0.12339551870278656,0,True,,0.42540800000000006,1.9370120777606157e-05,-0.022115084081073936,-0.2040620853058872,0.4457402561808806,0.2457402130990049,0.2353974401417426,0.0,0.33088842536132046,0.5349505106672077,0.3728749845630615,0.27236848840842276
c3_w2_tcop_cm0_states_L0.4_km0_4221_ucp0_1234_s256,cm0,stageC,-0.2,-0.4221,0.25,0.12339551870278656,256,13,0.12339551870278656,1,True,,0.4244,0.009042870350415923,-0.014874203167687441,-0.2040620853058872,0.44596010970120725,0.24572447592360364,0.2353974401417426,0.0,0.33088842536132046,0.5349505106672077,0.39478619653629954,0.27457711619540487
c3_w2_tcop_cm0_states_L0.4_km0_4221_ucp0_1234_s256,cm0,stageC,-0.2,-0.4221,0.25,0.12339551870278656,256,14,0.12339551870278656,2,True,,0.42612799999999995,-0.0018794470362714743,-0.014045743820309181,-0.2040620853058872,0.4455850472256611,0.2457530795426717,0.2353974401417426,0.0,0.33088842536132046,0.5349505106672077,0.3622741564155186,0.26047879069734703
c3_w2_tcop_cm0_states_L0.4_km0_4221_ucp0_1234_s256,cm0,stageC,-0.2,-0.4221,0.25,0.12339551870278656,256,15,0.12339551870278656,0,False,BLOCK_15_PARTIAL_CYCLE,0.42512000000000005,0.0033509521642394484,-0.021307135316606073,-0.2040620853058872,0.44580312718438175,0.24573308339286593,0.2353974401417426,0.0,0.33088842536132046,0.5349505106672077,0.3781031429954289,0.27135178196394333
c3_w2_tcop_cm0_states_L0.4_km0_4221_ucp0_1234_s1024,cm0,stageC,-0.2,-0.4221,0.25,0.12339551870278656,1024,0,0.12339551870278656,0,False,PRE_PRIMARY_INCOMPLETE_CYCLE,0.4177759999999999,-0.0013360899984374507,-0.033129713250510055,-0.2040620853058872,0.44735375477860806,0.2457433888652416,0.2353974401417426,0.0,0.33088842536132046,0.5349505106672077,0.3712107442430538,0.2731428375969205
c3_w2_tcop_cm0_states_L0.4_km0_4221_ucp0_1234_s1024,cm0,stageC,-0.2,-0.4221,0.25,0.12339551870278656,1024,1,0.12339551870278656,1,False,PRE_PRIMARY_INCOMPLETE_CYCLE,0.4259519999999999,0.0019191115779748252,-0.03203337935621274,-0.2040620853058872,0.4456310676145135,0.24571394855337397,0.2353974401417426,0.0,0.33088842536132046,0.5349505106672077,0.37631286066917463,0.2720965451347249
c3_w2_tcop_cm0_states_L0.4_km0_4221_ucp0_1234_s1024,cm0,stageC,-0.2,-0.4221,0.25,0.12339551870278656,1024,2,0.12339551870278656,2,False,PRE_PRIMARY_INCOMPLETE_CYCLE,0.424688,0.003538526514947794,-0.018837398740972452,-0.2040620853058872,0.445894177154263,0.24574361161202923,0.2353974401417426,0.0,0.33088842536132046,0.5349505106672077,0.3824791855602122,0.26948284854871707
c3_w2_tcop_cm0_states_L0.4_km0_4221_ucp0_1234_s1024,cm0,stageC,-0.2,-0.4221,0.25,0.12339551870278656,1024,3,0.12339551870278656,0,True,,0.42627199999999993,0.002571850909743896,-0.025974056273084734,-0.2040620853058872,0.4455617602874923,0.24572073749107684,0.2353974401417426,0.0,0.33088842536132046,0.5349505106672077,0.3795019734949341,0.26866189755938874
c3_w2_tcop_cm0_states_L0.4_km0_4221_ucp0_1234_s1024,cm0,stageC,-0.2,-0.4221,0.25,0.12339551870278656,1024,4,0.12339551870278656,1,True,,0.428,0.0035517252171445167,-0.020923240183940577,-0.2040620853058872,0.44520823606725074,0.24566392688148025,0.2353974401417426,0.0,0.33088842536132046,0.5349505106672077,0.37878208831696936,0.26414925056723876
c3_w2_tcop_cm0_states_L0.4_km0_4221_ucp0_1234_s1024,cm0,stageC,-0.2,-0.4221,0.25,0.12339551870278656,1024,5,0.12339551870278656,2,True,,0.427376,0.001412120559553477,-0.029577214835183864,-0.2040620853058872,0.445331945626133,0.24569584432842415,0.2353974401417426,0.0,0.33088842536132046,0.5349505106672077,0.3770014242264278,0.271756365714071
c3_w2_tcop_cm0_states_L0.4_km0_4221_ucp0_1234_s1024,cm0,stageC,-0.2,-0.4221,0.25,0.12339551870278656,1024,6,0.12339551870278656,0,True,,0.43009600000000003,0.0010770925817665058,-0.025593340522183216,-0.2040620853058872,0.4447715980603523,0.24562292041886197,0.2353974401417426,0.0,0.33088842536132046,0.5349505106672077,0.37229644187566835,0.26535551811777025
c3_w2_tcop_cm0_states_L0.4_km0_4221_ucp0_1234_s1024,cm0,stageC,-0.2,-0.4221,0.25,0.12339551870278656,1024,7,0.12339551870278656,1,True,,0.42368,0.002239366446748988,-0.012649232518476407,-0.2040620853058872,0.4461010697661283,0.24577552596743096,0.2353974401417426,0.0,0.33088842536132046,0.5349505106672077,0.3770449575542028,0.26616124073798014
c3_w2_tcop_cm0_states_L0.4_km0_4221_ucp0_1234_s1024,cm0,stageC,-0.2,-0.4221,0.25,0.12339551870278656,1024,8,0.12339551870278656,2,True,,0.423456,0.0022749725464987266,-0.015309391827712135,-0.2040620853058872,0.4461513055456365,0.24576328586590784,0.2353974401417426,0.0,0.33088842536132046,0.5349505106672077,0.37945349357460045,0.2698944780406319
c3_w2_tcop_cm0_states_L0.4_km0_4221_ucp0_1234_s1024,cm0,stageC,-0.2,-0.4221,0.25,0.12339551870278656,1024,9,0.12339551870278656,0,True,,0.425984,-0.00119179877681285,-0.01857381357200303,-0.2040620853058872,0.4456211701980284,0.24572868793070765,0.2353974401417426,0.0,0.33088842536132046,0.5349505106672077,0.37040262375838523,0.2707307093631525
c3_w2_tcop_cm0_states_L0.4_km0_4221_ucp0_1234_s1024,cm0,stageC,-0.2,-0.4221,0.25,0.12339551870278656,1024,10,0.12339551870278656,1,True,,0.42609600000000003,0.0025465117056164875,-0.031949010887493676,-0.2040620853058872,0.4455987168918337,0.2457203644597844,0.2353974401417426,0.0,0.33088842536132046,0.5349505106672077,0.37984908359728936,0.2706913624194885
c3_w2_tcop_cm0_states_L0.4_km0_4221_ucp0_1234_s1024,cm0,stageC,-0.2,-0.4221,0.25,0.12339551870278656,1024,11,0.12339551870278656,2,True,,0.42632,0.002770722788462335,-0.01886006769187477,-0.2040620853058872,0.44555648314007457,0.2457002476083226,0.2353974401417426,0.0,0.33088842536132046,0.5349505106672077,0.38022615055266834,0.27190134309670166
c3_w2_tcop_cm0_states_L0.4_km0_4221_ucp0_1234_s1024,cm0,stageC,-0.2,-0.4221,0.25,0.12339551870278656,1024,12,0.12339551870278656,0,True,,0.425248,0.0011174088986852743,-0.04058624681994288,-0.2040620853058872,0.445774158296293,0.24574388254465013,0.2353974401417426,0.0,0.33088842536132046,0.5349505106672077,0.37306390838484565,0.26655802642720666
c3_w2_tcop_cm0_states_L0.4_km0_4221_ucp0_1234_s1024,cm0,stageC,-0.2,-0.4221,0.25,0.12339551870278656,1024,13,0.12339551870278656,1,True,,0.42907199999999995,0.0008020624805505708,-0.052102723447946094,-0.2040620853058872,0.4449837470920472,0.24564180236314848,0.2353974401417426,0.0,0.33088842536132046,0.5349505106672077,0.37261291674611985,0.271198406547416
c3_w2_tcop_cm0_states_L0.4_km0_4221_ucp0_1234_s1024,cm0,stageC,-0.2,-0.4221,0.25,0.12339551870278656,1024,14,0.12339551870278656,2,True,,0.42755200000000004,0.0016332022883499364,-0.025682760104643872,-0.2040620853058872,0.44529816169942743,0.24568119900651583,0.2353974401417426,0.0,0.33088842536132046,0.5349505106672077,0.3763705891627251,0.2715871123241285
c3_w2_tcop_cm0_states_L0.4_km0_4221_ucp0_1234_s1024,cm0,stageC,-0.2,-0.4221,0.25,0.12339551870278656,1024,15,0.12339551870278656,0,False,BLOCK_15_PARTIAL_CYCLE,0.42624,0.0031595483660755933,-0.02342284289110212,-0.2040620853058872,0.4455681857051576,0.24572014664959108,0.2353974401417426,0.0,0.33088842536132046,0.5349505106672077,0.3789010438729828,0.2690837819127951
c3_w2_tcop_cm0_states_L0.4_km0_4221_ucp0_1234_s31415,cm0,stageC,-0.2,-0.4221,0.25,0.12339551870278656,31415,0,0.12339551870278656,0,False,PRE_PRIMARY_INCOMPLETE_CYCLE,0.411792,-0.0017412513780744462,-0.011124472489251228,-0.2040620853058872,0.44859383449473744,0.24588514612198967,0.2353974401417426,0.0,0.33088842536132046,0.5349505106672077,0.36920198739818033,0.2732594554231632
c3_w2_tcop_cm0_states_L0.4_km0_4221_ucp0_1234_s31415,cm0,stageC,-0.2,-0.4221,0.25,0.12339551870278656,31415,1,0.12339551870278656,1,False,PRE_PRIMARY_INCOMPLETE_CYCLE,0.42345600000000005,0.001582385573850464,-0.02046255399139538,-0.2040620853058872,0.4461451155589906,0.24578829822829112,0.2353974401417426,0.0,0.33088842536132046,0.5349505106672077,0.37626396024377184,0.26932578447228916
c3_w2_tcop_cm0_states_L0.4_km0_4221_ucp0_1234_s31415,cm0,stageC,-0.2,-0.4221,0.25,0.12339551870278656,31415,2,0.12339551870278656,2,False,PRE_PRIMARY_INCOMPLETE_CYCLE,0.426464,0.0025006287137120022,-0.03438192225133291,-0.2040620853058872,0.44552184606808104,0.24571882075808105,0.2353974401417426,0.0,0.33088842536132046,0.5349505106672077,0.37943893167098464,0.2693549009224681
c3_w2_tcop_cm0_states_L0.4_km0_4221_ucp0_1234_s31415,cm0,stageC,-0.2,-0.4221,0.25,0.12339551870278656,31415,3,0.12339551870278656,0,True,,0.425056,-0.0007949708166594522,-0.028254401828352788,-0.2040620853058872,0.4458160749199253,0.24574239807823364,0.2353974401417426,0.0,0.33088842536132046,0.5349505106672077,0.3707446273110109,0.2681791431053697
c3_w2_tcop_cm0_states_L0.4_km0_4221_ucp0_1234_s31415,cm0,stageC,-0.2,-0.4221,0.25,0.12339551870278656,31415,4,0.12339551870278656,1,True,,0.4261600000000001,0.00353861724523868,-0.03968400269179601,-0.2040620853058872,0.4455911601203005,0.24569547439339937,0.2353974401417426,0.0,0.33088842536132046,0.5349505106672077,0.3791162856723288,0.2698848908584288
c3_w2_tcop_cm0_states_L0.4_km0_4221_ucp0_1234_s31415,cm0,stageC,-0.2,-0.4221,0.25,0.12339551870278656,31415,5,0.12339551870278656,2,True,,0.42351999999999995,0.003946770212133211,-0.0215727812685875,-0.2040620853058872,0.4461388172253516,0.24575334972310045,0.2353974401417426,0.0,0.33088842536132046,0.5349505106672077,0.38236358010259963,0.27304891149584165
c3_w2_tcop_cm0_states_L0.4_km0_4221_ucp0_1234_s31415,cm0,stageC,-0.2,-0.4221,0.25,0.12339551870278656,31415,6,0.12339551870278656,0,True,,0.426496,0.004731764721838841,-0.02494596808214995,-0.2040620853058872,0.44552442773467027,0.2456775003504912,0.2353974401417426,0.0,0.33088842536132046,0.5349505106672077,0.3833443357540155,0.27382775710148527
c3_w2_tcop_cm0_states_L0.4_km0_4221_ucp0_1234_s31415,cm0,stageC,-0.2,-0.4221,0.25,0.12339551870278656,31415,7,0.12339551870278656,1,True,,0.426,4.158323224777401e-05,-0.03240700103576005,-0.2040620853058872,0.44561990326870626,0.2457195404265117,0.2353974401417426,0.0,0.33088842536132046,0.5349505106672077,0.37457932795431065,0.27040180766387967
c3_w2_tcop_cm0_states_L0.4_km0_4221_ucp0_1234_s31415,cm0,stageC,-0.2,-0.4221,0.25,0.12339551870278656,31415,8,0.12339551870278656,2,True,,0.42550399999999994,0.005029498257295654,-0.023960905713961495,-0.2040620853058872,0.44572406275924226,0.24572361203587648,0.2353974401417426,0.0,0.33088842536132046,0.5349505106672077,0.3803203649661584,0.26962599163637996
c3_w2_tcop_cm0_states_L0.4_km0_4221_ucp0_1234_s31415,cm0,stageC,-0.2,-0.4221,0.25,0.12339551870278656,31415,9,0.12339551870278656,0,True,,0.42342399999999997,0.002069112508394314,-0.0261062379380689,-0.2040620853058872,0.4461569352470399,0.24576825954050593,0.2353974401417426,0.0,0.33088842536132046,0.5349505106672077,0.3800364067755039,0.27252046481151715
c3_w2_tcop_cm0_states_L0.4_km0_4221_ucp0_1234_s31415,cm0,stageC,-0.2,-0.4221,0.25,0.12339551870278656,31415,10,0.12339551870278656,1,True,,0.42688000000000004,0.000747375397858458,-0.024838617967757045,-0.2040620853058872,0.4454380959641666,0.24570162470514303,0.2353974401417426,0.0,0.33088842536132046,0.5349505106672077,0.3778373983708465,0.2720529912957306
c3_w2_tcop_cm0_states_L0.4_km0_4221_ucp0_1234_s31415,cm0,stageC,-0.2,-0.4221,0.25,0.12339551870278656,31415,11,0.12339551870278656,2,True,,0.42465600000000003,0.005647059336319868,-0.021617393089723796,-0.2040620853058872,0.44589810482012704,0.24575011642913347,0.2353974401417426,0.0,0.33088842536132046,0.5349505106672077,0.38542750153847444,0.27386927582664505
c3_w2_tcop_cm0_states_L0.4_km0_4221_ucp0_1234_s31415,cm0,stageC,-0.2,-0.4221,0.25,0.12339551870278656,31415,12,0.12339551870278656,0,True,,0.42622399999999994,-0.0013160327032313813,-0.012611616742048712,-0.2040620853058872,0.4455729224740209,0.245714404063061,0.2353974401417426,0.0,0.33088842536132046,0.5349505106672077,0.3732247721668781,0.2718311669291342
c3_w2_tcop_cm0_states_L0.4_km0_4221_ucp0_1234_s31415,cm0,stageC,-0.2,-0.4221,0.25,0.12339551870278656,31415,13,0.12339551870278656,1,True,,0.426512,-0.0027760564371008645,-0.03169885197360985,-0.2040620853058872,0.4455087477567956,0.24572450563392279,0.2353974401417426,0.0,0.33088842536132046,0.5349505106672077,0.36608019204854647,0.26795368581996154
c3_w2_tcop_cm0_states_L0.4_km0_4221_ucp0_1234_s31415,cm0,stageC,-0.2,-0.4221,0.25,0.12339551870278656,31415,14,0.12339551870278656,2,True,,0.42489600000000005,0.0016847338078311768,-0.029413649387743254,-0.2040620853058872,0.4458493788313243,0.24573941238342564,0.2353974401417426,0.0,0.33088842536132046,0.5349505106672077,0.37102205690058426,0.26973816512809795
c3_w2_tcop_cm0_states_L0.4_km0_4221_ucp0_1234_s31415,cm0,stageC,-0.2,-0.4221,0.25,0.12339551870278656,31415,15,0.12339551870278656,0,False,BLOCK_15_PARTIAL_CYCLE,0.429664,3.917431808939e-05,-0.039670912074730016,-0.2040620853058872,0.4448585072381594,0.24564240339533322,0.2353974401417426,0.0,0.33088842536132046,0.5349505106672077,0.3767164776942351,0.2728297891372539
c3_w2_tcop_cm0_states_L0.4_km0_4221_ucp0_2425_s42,cm0,stageC,-0.2,-0.4221,0.5,0.24248438819907564,42,0,0.24248438819907564,0,False,PRE_PRIMARY_INCOMPLETE_CYCLE,0.428608,0.0031652818140867644,-0.012941177695588432,-0.20665541913530328,0.47450199618153144,0.24781221075546112,0.24145621774154155,0.0,0.35776435989500555,0.5644197790303088,0.38271682535708895,0.2681574218234262
c3_w2_tcop_cm0_states_L0.4_km0_4221_ucp0_2425_s42,cm0,stageC,-0.2,-0.4221,0.5,0.24248438819907564,42,1,0.24248438819907564,1,False,PRE_PRIMARY_INCOMPLETE_CYCLE,0.43971199999999994,-3.744431827353087e-05,-0.03607199904980928,-0.20665541913530328,0.47216555998120835,0.24787928629702696,0.24145621774154155,0.0,0.35776435989500555,0.5644197790303088,0.3686566554876653,0.25855610220687086
c3_w2_tcop_cm0_states_L0.4_km0_4221_ucp0_2425_s42,cm0,stageC,-0.2,-0.4221,0.5,0.24248438819907564,42,2,0.24248438819907564,2,False,PRE_PRIMARY_INCOMPLETE_CYCLE,0.43785599999999997,0.0016692883690302993,-0.023754854186747842,-0.20665541913530328,0.4725571745155172,0.24787932481203026,0.24145621774154155,0.0,0.35776435989500555,0.5644197790303088,0.3803836759565997,0.27016188061091223
c3_w2_tcop_cm0_states_L0.4_km0_4221_ucp0_2425_s42,cm0,stageC,-0.2,-0.4221,0.5,0.24248438819907564,42,3,0.24248438819907564,0,True,,0.44174399999999997,0.003269045300981817,-0.036634990652780385,-0.20665541913530328,0.47174306447230313,0.24783311112214823,0.24145621774154155,0.0,0.35776435989500555,0.5644197790303088,0.3816117106904357,0.26266318729167754
c3_w2_tcop_cm0_states_L0.4_km0_4221_ucp0_2425_s42,cm0,stageC,-0.2,-0.4221,0.5,0.24248438819907564,42,4,0.24248438819907564,1,True,,0.44064,0.00685890982745186,-0.027417894743029796,-0.20665541913530328,0.4719745550241418,0.24783428267497157,0.24145621774154155,0.0,0.35776435989500555,0.5644197790303088,0.3889694009930394,0.2690972360081835
c3_w2_tcop_cm0_states_L0.4_km0_4221_ucp0_2425_s42,cm0,stageC,-0.2,-0.4221,0.5,0.24248438819907564,42,5,0.24248438819907564,2,True,,0.44190399999999996,0.0030557162391116987,-0.02366022379046472,-0.20665541913530328,0.47170683224992965,0.24784426346235758,0.24145621774154155,0.0,0.35776435989500555,0.5644197790303088,0.37834963440028807,0.2632931878035758
c3_w2_tcop_cm0_states_L0.4_km0_4221_ucp0_2425_s42,cm0,stageC,-0.2,-0.4221,0.5,0.24248438819907564,42,6,0.24248438819907564,0,True,,0.43920000000000003,0.00197726663054957,-0.02664927320163996,-0.20665541913530328,0.4722725849046737,0.24787818283054877,0.24145621774154155,0.0,0.35776435989500555,0.5644197790303088,0.3782889863515623,0.26792706437801056
c3_w2_tcop_cm0_states_L0.4_km0_4221_ucp0_2425_s42,cm0,stageC,-0.2,-0.4221,0.5,0.24248438819907564,42,7,0.24248438819907564,1,True,,0.441168,0.004022504369405192,-0.033232794978214464,-0.20665541913530328,0.4718624849860021,0.24784292933076854,0.24145621774154155,0.0,0.35776435989500555,0.5644197790303088,0.3784087856395139,0.26602489635456067
c3_w2_tcop_cm0_states_L0.4_km0_4221_ucp0_2425_s42,cm0,stageC,-0.2,-0.4221,0.5,0.24248438819907564,42,8,0.24248438819907564,2,True,,0.43891199999999997,0.0016038554618354845,-0.016600665442976417,-0.20665541913530328,0.47233262604533777,0.24788611867710583,0.24145621774154155,0.0,0.35776435989500555,0.5644197790303088,0.3764253807773018,0.2662871040113929
c3_w2_tcop_cm0_states_L0.4_km0_4221_ucp0_2425_s42,cm0,stageC,-0.2,-0.4221,0.5,0.24248438819907564,42,9,0.24248438819907564,0,True,,0.44118399999999997,0.0032388079946579417,-0.0063222372549781095,-0.20665541913530328,0.47185747238898057,0.2478505797611541,0.24145621774154155,0.0,0.35776435989500555,0.5644197790303088,0.3808329461249518,0.2681432013883335
c3_w2_tcop_cm0_states_L0.4_km0_4221_ucp0_2425_s42,cm0,stageC,-0.2,-0.4221,0.5,0.24248438819907564,42,10,0.24248438819907564,1,True,,0.4396960000000001,0.0037949647464666477,-0.03650291740029558,-0.20665541913530328,0.4721693852566328,0.247859317923102,0.24145621774154155,0.0,0.35776435989500555,0.5644197790303088,0.38052533846409675,0.2657958908544949
c3_w2_tcop_cm0_states_L0.4_km0_4221_ucp0_2425_s42,cm0,stageC,-0.2,-0.4221,0.5,0.24248438819907564,42,11,0.24248438819907564,2,True,,0.438192,0.0026194217060649407,-0.028913190588270597,-0.20665541913530328,0.4724835687016443,0.24788161153008748,0.24145621774154155,0.0,0.35776435989500555,0.5644197790303088,0.3818502954582231,0.27116843689794
c3_w2_tcop_cm0_states_L0.4_km0_4221_ucp0_2425_s42,cm0,stageC,-0.2,-0.4221,0.5,0.24248438819907564,42,12,0.24248438819907564,0,True,,0.442112,0.0018122679633106441,-0.024944314138953542,-0.20665541913530328,0.4716661299534709,0.24781417490352894,0.24145621774154155,0.0,0.35776435989500555,0.5644197790303088,0.3755331785861201,0.27235816539120583
c3_w2_tcop_cm0_states_L0.4_km0_4221_ucp0_2425_s42,cm0,stageC,-0.2,-0.4221,0.5,0.24248438819907564,42,13,0.24248438819907564,1,True,,0.44065599999999994,-0.002315410315812975,-0.040532321917431224,-0.20665541913530328,0.47196950874738175,0.24785573011458684,0.24145621774154155,0.0,0.35776435989500555,0.5644197790303088,0.3696451043110436,0.26454060384099104
c3_w2_tcop_cm0_states_L0.4_km0_4221_ucp0_2425_s42,cm0,stageC,-0.2,-0.4221,0.5,0.24248438819907564,42,14,0.24248438819907564,2,True,,0.43913599999999997,0.002811869412390969,-0.016851409245857076,-0.20665541913530328,0.47228688130358915,0.2478779550785279,0.24145621774154155,0.0,0.35776435989500555,0.5644197790303088,0.3771343386219279,0.2663078869704487
c3_w2_tcop_cm0_states_L0.4_km0_4221_ucp0_2425_s42,cm0,stageC,-0.2,-0.4221,0.5,0.24248438819907564,42,15,0.24248438819907564,0,False,BLOCK_15_PARTIAL_CYCLE,0.44188799999999995,0.0006097363390537377,-0.005315816849754376,-0.20665541913530328,0.4717100372685484,0.24784183278849814,0.24145621774154155,0.0,0.35776435989500555,0.5644197790303088,0.37304795943594177,0.2673668287694006
c3_w2_tcop_cm0_states_L0.4_km0_4221_ucp0_2425_s137,cm0,stageC,-0.2,-0.4221,0.5,0.24248438819907564,137,0,0.24248438819907564,0,False,PRE_PRIMARY_INCOMPLETE_CYCLE,0.432624,0.002866820074283276,-0.021266087057285426,-0.20665541913530328,0.47366230649498564,0.24775661569867521,0.24145621774154155,0.0,0.35776435989500555,0.5644197790303088,0.38132987930058543,0.2705454469380603
c3_w2_tcop_cm0_states_L0.4_km0_4221_ucp0_2425_s137,cm0,stageC,-0.2,-0.4221,0.5,0.24248438819907564,137,1,0.24248438819907564,1,False,PRE_PRIMARY_INCOMPLETE_CYCLE,0.43936,0.002005486483358145,-0.03190747504565581,-0.20665541913530328,0.4722420560806521,0.2478607410180828,0.24145621774154155,0.0,0.35776435989500555,0.5644197790303088,0.3791073888105403,0.2644260970149314
c3_w2_tcop_cm0_states_L0.4_km0_4221_ucp0_2425_s137,cm0,stageC,-0.2,-0.4221,0.5,0.24248438819907564,137,2,0.24248438819907564,2,False,PRE_PRIMARY_INCOMPLETE_CYCLE,0.43943999999999994,0.0033280967987278686,-0.029202594000369644,-0.20665541913530328,0.4722236220120136,0.24787298690947565,0.24145621774154155,0.0,0.35776435989500555,0.5644197790303088,0.3751166487574671,0.26174409330665305
c3_w2_tcop_cm0_states_L0.4_km0_4221_ucp0_2425_s137,cm0,stageC,-0.2,-0.4221,0.5,0.24248438819907564,137,3,0.24248438819907564,0,True,,0.440944,0.002462900128512144,-0.03596829488160065,-0.20665541913530328,0.47190639053726197,0.2478676693741786,0.24145621774154155,0.0,0.35776435989500555,0.5644197790303088,0.3767699844705577,0.2631172103004792
c3_w2_tcop_cm0_states_L0.4_km0_4221_ucp0_2425_s137,cm0,stageC,-0.2,-0.4221,0.5,0.24248438819907564,137,4,0.24248438819907564,1,True,,0.44016000000000005,0.003803964899799426,-0.04438797851646862,-0.20665541913530328,0.4720728686185963,0.24785434162496287,0.24145621774154155,0.0,0.35776435989500555,0.5644197790303088,0.386148532829382,0.26686796450439426
c3_w2_tcop_cm0_states_L0.4_km0_4221_ucp0_2425_s137,cm0,stageC,-0.2,-0.4221,0.5,0.24248438819907564,137,5,0.24248438819907564,2,True,,0.43998400000000004,0.0063839778784598004,-0.023749389108602924,-0.20665541913530328,0.4721112845821594,0.24784626580570127,0.24145621774154155,0.0,0.35776435989500555,0.5644197790303088,0.38309388527308585,0.26334462197948233
c3_w2_tcop_cm0_states_L0.4_km0_4221_ucp0_2425_s137,cm0,stageC,-0.2,-0.4221,0.5,0.24248438819907564,137,6,0.24248438819907564,0,True,,0.43995199999999995,0.002539632536690858,-0.030965362943837116,-0.20665541913530328,0.47211786214706253,0.24785696313936822,0.24145621774154155,0.0,0.35776435989500555,0.5644197790303088,0.37627081714530847,0.26040240349111976
c3_w2_tcop_cm0_states_L0.4_km0_4221_ucp0_2425_s137,cm0,stageC,-0.2,-0.4221,0.5,0.24248438819907564,137,7,0.24248438819907564,1,True,,0.44049600000000005,0.002884888338019652,-0.021164471994198936,-0.20665541913530328,0.4720011627976513,0.24786193053916072,0.24145621774154155,0.0,0.35776435989500555,0.5644197790303088,0.376366679682834,0.26556617770525004
c3_w2_tcop_cm0_states_L0.4_km0_4221_ucp0_2425_s137,cm0,stageC,-0.2,-0.4221,0.5,0.24248438819907564,137,8,0.24248438819907564,2,True,,0.43934399999999996,0.0015705690327658158,-0.028032628931410498,-0.20665541913530328,0.4722445128137228,0.24785858018726956,0.24145621774154155,0.0,0.35776435989500555,0.5644197790303088,0.3795835064587509,0.26789522945722594
c3_w2_tcop_cm0_states_L0.4_km0_4221_ucp0_2425_s137,cm0,stageC,-0.2,-0.4221,0.5,0.24248438819907564,137,9,0.24248438819907564,0,True,,0.440368,0.005318359379374011,-0.006257974447738143,-0.20665541913530328,0.4720315114180081,0.2478382279835032,0.24145621774154155,0.0,0.35776435989500555,0.5644197790303088,0.38834919243742516,0.2717750649499346
c3_w2_tcop_cm0_states_L0.4_km0_4221_ucp0_2425_s137,cm0,stageC,-0.2,-0.4221,0.5,0.24248438819907564,137,10,0.24248438819907564,1,True,,0.44113600000000003,0.0006385458061566829,-0.02054187455966279,-0.20665541913530328,0.47186639128583047,0.24786591059844051,0.24145621774154155,0.0,0.35776435989500555,0.5644197790303088,0.371371821457006,0.26283061892157117
c3_w2_tcop_cm0_states_L0.4_km0_4221_ucp0_2425_s137,cm0,stageC,-0.2,-0.4221,0.5,0.24248438819907564,137,11,0.24248438819907564,2,True,,0.43948800000000005,0.004359921120392945,-0.022996571077566204,-0.20665541913530328,0.47221447755215934,0.2478574734533677,0.24145621774154155,0.0,0.35776435989500555,0.5644197790303088,0.3839601187143035,0.2656185842483028
c3_w2_tcop_cm0_states_L0.4_km0_4221_ucp0_2425_s137,cm0,stageC,-0.2,-0.4221,0.5,0.24248438819907564,137,12,0.24248438819907564,0,True,,0.44150400000000006,0.0009269384661123012,-0.015402508349205339,-0.20665541913530328,0.47178924406918304,0.24785863297172137,0.24145621774154155,0.0,0.35776435989500555,0.5644197790303088,0.3710732438408863,0.2593989869177293
c3_w2_tcop_cm0_states_L0.4_km0_4221_ucp0_2425_s137,cm0,stageC,-0.2,-0.4221,0.5,0.24248438819907564,137,13,0.24248438819907564,1,True,,0.43809600000000004,0.002096393342224957,-0.02665552868905415,-0.20665541913530328,0.47250556588314685,0.2478851545422881,0.24145621774154155,0.0,0.35776435989500555,0.5644197790303088,0.3766751504441157,0.26417782648896826
c3_w2_tcop_cm0_states_L0.4_km0_4221_ucp0_2425_s137,cm0,stageC,-0.2,-0.4221,0.5,0.24248438819907564,137,14,0.24248438819907564,2,True,,0.44102399999999997,0.00490060279936176,-0.022066182490777457,-0.20665541913530328,0.4718954517298691,0.24782009907567826,0.24145621774154155,0.0,0.35776435989500555,0.5644197790303088,0.3854120158342093,0.26733300390807685
c3_w2_tcop_cm0_states_L0.4_km0_4221_ucp0_2425_s137,cm0,stageC,-0.2,-0.4221,0.5,0.24248438819907564,137,15,0.24248438819907564,0,False,BLOCK_15_PARTIAL_CYCLE,0.43982400000000005,0.0018708900791790106,-0.0011505303033346572,-0.20665541913530328,0.47214269771078426,0.24786325194490236,0.24145621774154155,0.0,0.35776435989500555,0.5644197790303088,0.37895119201720284,0.27166005372185226
c3_w2_tcop_cm0_states_L0.4_km0_4221_ucp0_2425_s256,cm0,stageC,-0.2,-0.4221,0.5,0.24248438819907564,256,0,0.24248438819907564,0,False,PRE_PRIMARY_INCOMPLETE_CYCLE,0.43019199999999996,0.006650124059783813,-0.02210350910819865,-0.20665541913530328,0.4741741461774941,0.24775913365829852,0.24145621774154155,0.0,0.35776435989500555,0.5644197790303088,0.38939504220364607,0.2743824660186264
c3_w2_tcop_cm0_states_L0.4_km0_4221_ucp0_2425_s256,cm0,stageC,-0.2,-0.4221,0.5,0.24248438819907564,256,1,0.24248438819907564,1,False,PRE_PRIMARY_INCOMPLETE_CYCLE,0.441552,-0.0006933787762312776,-0.023405590472898835,-0.20665541913530328,0.47178090974056375,0.2478465289714821,0.24145621774154155,0.0,0.35776435989500555,0.5644197790303088,0.36792975850666443,0.2596861979457144
c3_w2_tcop_cm0_states_L0.4_km0_4221_ucp0_2425_s256,cm0,stageC,-0.2,-0.4221,0.5,0.24248438819907564,256,2,0.24248438819907564,2,False,PRE_PRIMARY_INCOMPLETE_CYCLE,0.44260799999999995,0.0027826896886639263,-0.028577987352145305,-0.20665541913530328,0.47155916155555905,0.24783973362784517,0.24145621774154155,0.0,0.35776435989500555,0.5644197790303088,0.381054216123028,0.26607405727793526
c3_w2_tcop_cm0_states_L0.4_km0_4221_ucp0_2425_s256,cm0,stageC,-0.2,-0.4221,0.5,0.24248438819907564,256,3,0.24248438819907564,0,True,,0.44321600000000005,0.0034136958926943807,-0.025132514805504335,-0.20665541913530328,0.4714337902124297,0.24781334261998944,0.24145621774154155,0.0,0.35776435989500555,0.5644197790303088,0.3811469432513207,0.2670181334543428
c3_w2_tcop_cm0_states_L0.4_km0_4221_ucp0_2425_s256,cm0,stageC,-0.2,-0.4221,0.5,0.24248438819907564,256,4,0.24248438819907564,1,True,,0.44009600000000004,0.005245730063711805,-0.016561202678770964,-0.20665541913530328,0.47208837805985926,0.2478397311055133,0.24145621774154155,0.0,0.35776435989500555,0.5644197790303088,0.3843557308723128,0.26701891451482496
c3_w2_tcop_cm0_states_L0.4_km0_4221_ucp0_2425_s256,cm0,stageC,-0.2,-0.4221,0.5,0.24248438819907564,256,5,0.24248438819907564,2,True,,0.437952,0.005228152130933772,-0.03926697292748762,-0.20665541913530328,0.4725370026403761,0.247864283037682,0.24145621774154155,0.0,0.35776435989500555,0.5644197790303088,0.386719408268453,0.27176501980903783
c3_w2_tcop_cm0_states_L0.4_km0_4221_ucp0_2425_s256,cm0,stageC,-0.2,-0.4221,0.5,0.24248438819907564,256,6,0.24248438819907564,0,True,,0.438624,-0.002624888264068057,-0.024728263282810897,-0.20665541913530328,0.47239267531543944,0.24789505910126167,0.24145621774154155,0.0,0.35776435989500555,0.5644197790303088,0.3651620600572049,0.2628960202132042
c3_w2_tcop_cm0_states_L0.4_km0_4221_ucp0_2425_s256,cm0,stageC,-0.2,-0.4221,0.5,0.24248438819907564,256,7,0.24248438819907564,1,True,,0.44233599999999995,0.0023023146945838624,-0.018197927469602075,-0.20665541913530328,0.47161703055317833,0.2478258931168759,0.24145621774154155,0.0,0.35776435989500555,0.5644197790303088,0.37787649880948343,0.26847883137644374
c3_w2_tcop_cm0_states_L0.4_km0_4221_ucp0_2425_s256,cm0,stageC,-0.2,-0.4221,0.5,0.24248438819907564,256,8,0.24248438819907564,2,True,,0.44164800000000004,0.005784015273390816,-0.028033825546039285,-0.20665541913530328,0.47176364607214105,0.24783394993554458,0.24145621774154155,0.0,0.35776435989500555,0.5644197790303088,0.38387267759587906,0.26368324013273364
c3_w2_tcop_cm0_states_L0.4_km0_4221_ucp0_2425_s256,cm0,stageC,-0.2,-0.4221,0.5,0.24248438819907564,256,9,0.24248438819907564,0,True,,0.44172799999999995,0.0013074786909893004,-0.01229740066864474,-0.20665541913530328,0.47174332335325003,0.24785019210985448,0.24145621774154155,0.0,0.35776435989500555,0.5644197790303088,0.3780153827433253,0.2640954837079532
c3_w2_tcop_cm0_states_L0.4_km0_4221_ucp0_2425_s256,cm0,stageC,-0.2,-0.4221,0.5,0.24248438819907564,256,10,0.24248438819907564,1,True,,0.43966399999999994,-0.0005326104843839985,-0.02712610731198797,-0.20665541913530328,0.47217660892650876,0.2478714935730194,0.24145621774154155,0.0,0.35776435989500555,0.5644197790303088,0.3719128315189444,0.2610092946050519
c3_w2_tcop_cm0_states_L0.4_km0_4221_ucp0_2425_s256,cm0,stageC,-0.2,-0.4221,0.5,0.24248438819907564,256,11,0.24248438819907564,2,True,,0.440432,0.0023930616275905352,-0.02061395699846182,-0.20665541913530328,0.47201558190547505,0.24785592919842606,0.24145621774154155,0.0,0.35776435989500555,0.5644197790303088,0.3753215114198173,0.2641109134793476
c3_w2_tcop_cm0_states_L0.4_km0_4221_ucp0_2425_s256,cm0,stageC,-0.2,-0.4221,0.5,0.24248438819907564,256,12,0.24248438819907564,0,True,,0.44032,0.0010740228393554185,-0.019951938556283407,-0.20665541913530328,0.4720379560596784,0.24786144069716412,0.24145621774154155,0.0,0.35776435989500555,0.5644197790303088,0.3744628607479581,0.2684460519150402
c3_w2_tcop_cm0_states_L0.4_km0_4221_ucp0_2425_s256,cm0,stageC,-0.2,-0.4221,0.5,0.24248438819907564,256,13,0.24248438819907564,1,True,,0.43923199999999996,0.009733600122430429,-0.01606118376228796,-0.20665541913530328,0.4722719042809985,0.24783415314101603,0.24145621774154155,0.0,0.35776435989500555,0.5644197790303088,0.3956216619202382,0.27112259295042124
c3_w2_tcop_cm0_states_L0.4_km0_4221_ucp0_2425_s256,cm0,stageC,-0.2,-0.4221,0.5,0.24248438819907564,256,14,0.24248438819907564,2,True,,0.44016000000000005,-0.00010015056808686654,-0.011648211696692085,-0.20665541913530328,0.4720696732494532,0.24788892918803734,0.24145621774154155,0.0,0.35776435989500555,0.5644197790303088,0.36716145133292794,0.2573261323502164
c3_w2_tcop_cm0_states_L0.4_km0_4221_ucp0_2425_s256,cm0,stageC,-0.2,-0.4221,0.5,0.24248438819907564,256,15,0.24248438819907564,0,False,BLOCK_15_PARTIAL_CYCLE,0.439648,0.0031306160000524547,-0.028074376177468,-0.20665541913530328,0.47217956093382196,0.24786264497669006,0.24145621774154155,0.0,0.35776435989500555,0.5644197790303088,0.3777703641406387,0.2676889038010418
c3_w2_tcop_cm0_states_L0.4_km0_4221_ucp0_2425_s1024,cm0,stageC,-0.2,-0.4221,0.5,0.24248438819907564,1024,0,0.24248438819907564,0,False,PRE_PRIMARY_INCOMPLETE_CYCLE,0.431552,0.00010143258302478898,-0.030150470270305905,-0.20665541913530328,0.47388606051127313,0.24776938366820506,0.24145621774154155,0.0,0.35776435989500555,0.5644197790303088,0.3760567678367445,0.2691285433792141
c3_w2_tcop_cm0_states_L0.4_km0_4221_ucp0_2425_s1024,cm0,stageC,-0.2,-0.4221,0.5,0.24248438819907564,1024,1,0.24248438819907564,1,False,PRE_PRIMARY_INCOMPLETE_CYCLE,0.44046399999999997,0.0025836722553950853,-0.032261050319599534,-0.20665541913530328,0.47200965937796374,0.24785007960719663,0.24145621774154155,0.0,0.35776435989500555,0.5644197790303088,0.37752961562353626,0.2668732640347162
c3_w2_tcop_cm0_states_L0.4_km0_4221_ucp0_2425_s1024,cm0,stageC,-0.2,-0.4221,0.5,0.24248438819907564,1024,2,0.24248438819907564,2,False,PRE_PRIMARY_INCOMPLETE_CYCLE,0.43918399999999996,0.0029662964543043895,-0.018709004976804652,-0.20665541913530328,0.47227705589651686,0.2478749519102304,0.24145621774154155,0.0,0.35776435989500555,0.5644197790303088,0.38133485727018246,0.26462740579068345
c3_w2_tcop_cm0_states_L0.4_km0_4221_ucp0_2425_s1024,cm0,stageC,-0.2,-0.4221,0.5,0.24248438819907564,1024,3,0.24248438819907564,0,True,,0.440112,0.003914777520035332,-0.027472180117737995,-0.20665541913530328,0.4720819653221553,0.24786701017187135,0.24145621774154155,0.0,0.35776435989500555,0.5644197790303088,0.3825507171781302,0.2653224751240042
c3_w2_tcop_cm0_states_L0.4_km0_4221_ucp0_2425_s1024,cm0,stageC,-0.2,-0.4221,0.5,0.24248438819907564,1024,4,0.24248438819907564,1,True,,0.441632,0.0037056124186763796,-0.02545108824953967,-0.20665541913530328,0.47176639850253504,0.24783457033080308,0.24145621774154155,0.0,0.35776435989500555,0.5644197790303088,0.37895294123387147,0.25877879939904874
c3_w2_tcop_cm0_states_L0.4_km0_4221_ucp0_2425_s1024,cm0,stageC,-0.2,-0.4221,0.5,0.24248438819907564,1024,5,0.24248438819907564,2,True,,0.44084799999999996,0.0017621517899534566,-0.0264322542060836,-0.20665541913530328,0.47192669797971887,0.2478620830032947,0.24145621774154155,0.0,0.35776435989500555,0.5644197790303088,0.3773912039090698,0.2683473891828321
c3_w2_tcop_cm0_states_L0.4_km0_4221_ucp0_2425_s1024,cm0,stageC,-0.2,-0.4221,0.5,0.24248438819907564,1024,6,0.24248438819907564,0,True,,0.444464,0.0010428356940145292,-0.0263213161200297,-0.20665541913530328,0.47117250052893245,0.24780640134178566,0.24145621774154155,0.0,0.35776435989500555,0.5644197790303088,0.37406092607757657,0.2623808818986131
c3_w2_tcop_cm0_states_L0.4_km0_4221_ucp0_2425_s1024,cm0,stageC,-0.2,-0.4221,0.5,0.24248438819907564,1024,7,0.24248438819907564,1,True,,0.43852800000000003,0.0037178473334611183,-0.011701613464036842,-0.20665541913530328,0.4724149018344741,0.24787804109089645,0.24145621774154155,0.0,0.35776435989500555,0.5644197790303088,0.38018431615180037,0.26392108001659936
c3_w2_tcop_cm0_states_L0.4_km0_4221_ucp0_2425_s1024,cm0,stageC,-0.2,-0.4221,0.5,0.24248438819907564,1024,8,0.24248438819907564,2,True,,0.4372960000000001,0.0022449104464487175,-0.011449077542464884,-0.20665541913530328,0.4726736067299286,0.247881150313091,0.24145621774154155,0.0,0.35776435989500555,0.5644197790303088,0.3797667261024463,0.2664124011096808
c3_w2_tcop_cm0_states_L0.4_km0_4221_ucp0_2425_s1024,cm0,stageC,-0.2,-0.4221,0.5,0.24248438819907564,1024,9,0.24248438819907564,0,True,,0.44044799999999995,-0.00025850384385500414,-0.018480008488934354,-0.20665541913530328,0.47201178407178085,0.24786230731523742,0.24145621774154155,0.0,0.35776435989500555,0.5644197790303088,0.37291921237422687,0.26620845977607416
c3_w2_tcop_cm0_states_L0.4_km0_4221_ucp0_2425_s1024,cm0,stageC,-0.2,-0.4221,0.5,0.24248438819907564,1024,10,0.24248438819907564,1,True,,0.44060800000000006,0.0040554661642945525,-0.030238410049414095,-0.20665541913530328,0.47197920878028043,0.24785013247661147,0.24145621774154155,0.0,0.35776435989500555,0.5644197790303088,0.38399225709826545,0.266531413165338
c3_w2_tcop_cm0_states_L0.4_km0_4221_ucp0_2425_s1024,cm0,stageC,-0.2,-0.4221,0.5,0.24248438819907564,1024,11,0.24248438819907564,2,True,,0.4404640000000001,0.0034346325930420967,-0.020488376537678946,-0.20665541913530328,0.4720112007349908,0.24783999806366802,0.24145621774154155,0.0,0.35776435989500555,0.5644197790303088,0.3822786598353239,0.267968889905636
c3_w2_tcop_cm0_states_L0.4_km0_4221_ucp0_2425_s1024,cm0,stageC,-0.2,-0.4221,0.5,0.24248438819907564,1024,12,0.24248438819907564,0,True,,0.43927999999999995,0.002410044422077794,-0.03819527674311834,-0.20665541913530328,0.47225601242803444,0.24787712154606756,0.24145621774154155,0.0,0.35776435989500555,0.5644197790303088,0.37598823929818204,0.26346960382317014
c3_w2_tcop_cm0_states_L0.4_km0_4221_ucp0_2425_s1024,cm0,stageC,-0.2,-0.4221,0.5,0.24248438819907564,1024,13,0.24248438819907564,1,True,,0.444016,0.0017824264149352035,-0.05065404477156735,-0.20665541913530328,0.4712666547801264,0.24780110362477437,0.24145621774154155,0.0,0.35776435989500555,0.5644197790303088,0.3757564453065654,0.2668742613959124
c3_w2_tcop_cm0_states_L0.4_km0_4221_ucp0_2425_s1024,cm0,stageC,-0.2,-0.4221,0.5,0.24248438819907564,1024,14,0.24248438819907564,2,True,,0.442224,0.001812874471958063,-0.020111466715216984,-0.20665541913530328,0.4716401053492227,0.24783493548655314,0.24145621774154155,0.0,0.35776435989500555,0.5644197790303088,0.3763811577922614,0.26789289866262994
c3_w2_tcop_cm0_states_L0.4_km0_4221_ucp0_2425_s1024,cm0,stageC,-0.2,-0.4221,0.5,0.24248438819907564,1024,15,0.24248438819907564,0,False,BLOCK_15_PARTIAL_CYCLE,0.44024,0.003628101626482085,-0.023700714962185315,-0.20665541913530328,0.4720554826829305,0.24786080314237996,0.24145621774154155,0.0,0.35776435989500555,0.5644197790303088,0.38117026729959014,0.26509869623412086
c3_w2_tcop_cm0_states_L0.4_km0_4221_ucp0_2425_s31415,cm0,stageC,-0.2,-0.4221,0.5,0.24248438819907564,31415,0,0.24248438819907564,0,False,PRE_PRIMARY_INCOMPLETE_CYCLE,0.425904,-0.001565626172234504,-0.010873862843573678,-0.20665541913530328,0.4750667494582813,0.2478490328085854,0.24145621774154155,0.0,0.35776435989500555,0.5644197790303088,0.3689429674242674,0.2690423486802163
c3_w2_tcop_cm0_states_L0.4_km0_4221_ucp0_2425_s31415,cm0,stageC,-0.2,-0.4221,0.5,0.24248438819907564,31415,1,0.24248438819907564,1,False,PRE_PRIMARY_INCOMPLETE_CYCLE,0.437408,0.0021901179442040592,-0.01709171899919194,-0.20665541913530328,0.47264737406659263,0.24790589654419448,0.24145621774154155,0.0,0.35776435989500555,0.5644197790303088,0.3765347339217692,0.2629228328851131
c3_w2_tcop_cm0_states_L0.4_km0_4221_ucp0_2425_s31415,cm0,stageC,-0.2,-0.4221,0.5,0.24248438819907564,31415,2,0.24248438819907564,2,False,PRE_PRIMARY_INCOMPLETE_CYCLE,0.44099200000000005,0.002984261381302933,-0.03490175826677169,-0.20665541913530328,0.471897950366009,0.24786152035812334,0.24145621774154155,0.0,0.35776435989500555,0.5644197790303088,0.3819319138762505,0.26370537353829354
c3_w2_tcop_cm0_states_L0.4_km0_4221_ucp0_2425_s31415,cm0,stageC,-0.2,-0.4221,0.5,0.24248438819907564,31415,3,0.24248438819907564,0,True,,0.439888,-0.0011435599500277745,-0.02863903452980946,-0.20665541913530328,0.472129678361903,0.24786669746398,0.24145621774154155,0.0,0.35776435989500555,0.5644197790303088,0.3709099814340449,0.2648516926114952
c3_w2_tcop_cm0_states_L0.4_km0_4221_ucp0_2425_s31415,cm0,stageC,-0.2,-0.4221,0.5,0.24248438819907564,31415,4,0.24248438819907564,1,True,,0.440576,0.003538385163810891,-0.04135341165235517,-0.20665541913530328,0.4719875354117758,0.2478370088881094,0.24145621774154155,0.0,0.35776435989500555,0.5644197790303088,0.3802324582957562,0.2659580812971917
c3_w2_tcop_cm0_states_L0.4_km0_4221_ucp0_2425_s31415,cm0,stageC,-0.2,-0.4221,0.5,0.24248438819907564,31415,5,0.24248438819907564,2,True,,0.43812799999999996,0.0037422420635380717,-0.017925386968299845,-0.20665541913530328,0.47249967639442325,0.24786453374363435,0.24145621774154155,0.0,0.35776435989500555,0.5644197790303088,0.3822117862839293,0.26708257835530147
c3_w2_tcop_cm0_states_L0.4_km0_4221_ucp0_2425_s31415,cm0,stageC,-0.2,-0.4221,0.5,0.24248438819907564,31415,6,0.24248438819907564,0,True,,0.440864,0.004804537499376593,-0.02290895668871653,-0.20665541913530328,0.47192946534222285,0.24781831191912543,0.24145621774154155,0.0,0.35776435989500555,0.5644197790303088,0.38418593151507324,0.2694305870446066
c3_w2_tcop_cm0_states_L0.4_km0_4221_ucp0_2425_s31415,cm0,stageC,-0.2,-0.4221,0.5,0.24248438819907564,31415,7,0.24248438819907564,1,True,,0.44020799999999993,0.0005856358207733503,-0.031284482708906124,-0.20665541913530328,0.4720625186084022,0.24785773131582764,0.24145621774154155,0.0,0.35776435989500555,0.5644197790303088,0.37572861724472795,0.2680833522382585
c3_w2_tcop_cm0_states_L0.4_km0_4221_ucp0_2425_s31415,cm0,stageC,-0.2,-0.4221,0.5,0.24248438819907564,31415,8,0.24248438819907564,2,True,,0.43961599999999995,0.004835801423146335,-0.022838892718323234,-0.20665541913530328,0.4721873724998235,0.24786083832138864,0.24145621774154155,0.0,0.35776435989500555,0.5644197790303088,0.3794326389251706,0.2652835805645758
c3_w2_tcop_cm0_states_L0.4_km0_4221_ucp0_2425_s31415,cm0,stageC,-0.2,-0.4221,0.5,0.24248438819907564,31415,9,0.24248438819907564,0,True,,0.43776000000000004,0.0028065032794363965,-0.028388231694880684,-0.20665541913530328,0.47257723290267534,0.2478747452867801,0.24145621774154155,0.0,0.35776435989500555,0.5644197790303088,0.3834009966597626,0.2680137731637235
c3_w2_tcop_cm0_states_L0.4_km0_4221_ucp0_2425_s31415,cm0,stageC,-0.2,-0.4221,0.5,0.24248438819907564,31415,10,0.24248438819907564,1,True,,0.4410720000000001,0.0012706459083254844,-0.028934614055208228,-0.20665541913530328,0.47188292947316596,0.24785364862286993,0.24145621774154155,0.0,0.35776435989500555,0.5644197790303088,0.3798295147770958,0.2660748168281589
c3_w2_tcop_cm0_states_L0.4_km0_4221_ucp0_2425_s31415,cm0,stageC,-0.2,-0.4221,0.5,0.24248438819907564,31415,11,0.24248438819907564,2,True,,0.43854400000000004,0.0060261583469432625,-0.024505423255550683,-0.20665541913530328,0.4724104679012021,0.24787928775577092,0.24145621774154155,0.0,0.35776435989500555,0.5644197790303088,0.38632802913304665,0.2688663126169766
c3_w2_tcop_cm0_states_L0.4_km0_4221_ucp0_2425_s31415,cm0,stageC,-0.2,-0.4221,0.5,0.24248438819907564,31415,12,0.24248438819907564,0,True,,0.44032000000000004,0.0002047279228415692,-0.014861059300526528,-0.20665541913530328,0.4720385561527526,0.24785919560976225,0.24145621774154155,0.0,0.35776435989500555,0.5644197790303088,0.375038431144055,0.2675655785701357
c3_w2_tcop_cm0_states_L0.4_km0_4221_ucp0_2425_s31415,cm0,stageC,-0.2,-0.4221,0.5,0.24248438819907564,31415,13,0.24248438819907564,1,True,,0.4414239999999999,-0.0020888926815029636,-0.038076881272586995,-0.20665541913530328,0.47180587568248183,0.24786120644739604,0.24145621774154155,0.0,0.35776435989500555,0.5644197790303088,0.36671980515733954,0.2615834682520593
c3_w2_tcop_cm0_states_L0.4_km0_4221_ucp0_2425_s31415,cm0,stageC,-0.2,-0.4221,0.5,0.24248438819907564,31415,14,0.24248438819907564,2,True,,0.43931200000000004,0.004111679753359274,-0.025689768939230806,-0.20665541913530328,0.4722512955898577,0.24785350518644886,0.24145621774154155,0.0,0.35776435989500555,0.5644197790303088,0.3771224005127356,0.2685933167608779
c3_w2_tcop_cm0_states_L0.4_km0_4221_ucp0_2425_s31415,cm0,stageC,-0.2,-0.4221,0.5,0.24248438819907564,31415,15,0.24248438819907564,0,False,BLOCK_15_PARTIAL_CYCLE,0.443744,0.0006662609864325287,-0.03697713878785938,-0.20665541913530328,0.47132138050442596,0.247828296666319,0.24145621774154155,0.0,0.35776435989500555,0.5644197790303088,0.37716536726934735,0.26866543408950483
c3_w2_tcop_cm0_states_L0.4_kp0_7599_ucp0_0498_s42,cm0,stageC,0.35,0.7599,0.1,0.04977134874876729,42,0,0.04977134874876729,0,False,PRE_PRIMARY_INCOMPLETE_CYCLE,0.36398400000000003,0.005551216145579613,0.06047488550983714,0.3528683234799969,0.3652511211672143,0.22789011226327777,0.20326379412968662,0.0,0.24682951032897432,0.5996978338089712,0.38616979090700476,0.27812355638146824
c3_w2_tcop_cm0_states_L0.4_kp0_7599_ucp0_0498_s42,cm0,stageC,0.35,0.7599,0.1,0.04977134874876729,42,1,0.04977134874876729,1,False,PRE_PRIMARY_INCOMPLETE_CYCLE,0.381776,0.0011026157710004693,0.04131892774909862,0.3528683234799969,0.3712351344601705,0.22976829167786075,0.20326379412968662,0.0,0.24682951032897432,0.5996978338089712,0.3726550896293002,0.26715055477516925
c3_w2_tcop_cm0_states_L0.4_kp0_7599_ucp0_0498_s42,cm0,stageC,0.35,0.7599,0.1,0.04977134874876729,42,2,0.04977134874876729,2,False,PRE_PRIMARY_INCOMPLETE_CYCLE,0.38064,0.006160828939513937,0.057718481504548426,0.3528683234799969,0.37090958129445695,0.22955159071987488,0.20326379412968662,0.0,0.24682951032897432,0.5996978338089712,0.39182501286703747,0.2783104137047943
c3_w2_tcop_cm0_states_L0.4_kp0_7599_ucp0_0498_s42,cm0,stageC,0.35,0.7599,0.1,0.04977134874876729,42,3,0.04977134874876729,0,True,,0.38223999999999997,0.0029528566877777868,0.05075598165455259,0.3528683234799969,0.3714251887410714,0.22976300296379037,0.20326379412968662,0.0,0.24682951032897432,0.5996978338089712,0.3818428230684684,0.26792919534967324
c3_w2_tcop_cm0_states_L0.4_kp0_7599_ucp0_0498_s42,cm0,stageC,0.35,0.7599,0.1,0.04977134874876729,42,4,0.04977134874876729,1,True,,0.380496,0.006998868408237252,0.06123654888257912,0.3528683234799969,0.37083325417957824,0.22959197144265403,0.20326379412968662,0.0,0.24682951032897432,0.5996978338089712,0.3872444990627284,0.27669785623066284
c3_w2_tcop_cm0_states_L0.4_kp0_7599_ucp0_0498_s42,cm0,stageC,0.35,0.7599,0.1,0.04977134874876729,42,5,0.04977134874876729,2,True,,0.385936,0.004149090777459499,0.0584038912890434,0.3528683234799969,0.3727096296486735,0.23009646080874205,0.20326379412968662,0.0,0.24682951032897432,0.5996978338089712,0.375565693250497,0.2661859058952574
c3_w2_tcop_cm0_states_L0.4_kp0_7599_ucp0_0498_s42,cm0,stageC,0.35,0.7599,0.1,0.04977134874876729,42,6,0.04977134874876729,0,True,,0.380672,0.003629578580659762,0.051167262858098,0.3528683234799969,0.3708758732228658,0.22964033588736946,0.20326379412968662,0.0,0.24682951032897432,0.5996978338089712,0.38183981123780447,0.2763457024270307
c3_w2_tcop_cm0_states_L0.4_kp0_7599_ucp0_0498_s42,cm0,stageC,0.35,0.7599,0.1,0.04977134874876729,42,7,0.04977134874876729,1,True,,0.37972800000000007,0.003777286634137594,0.06658739624918697,0.3528683234799969,0.3705444709260344,0.2295544935082204,0.20326379412968662,0.0,0.24682951032897432,0.5996978338089712,0.37909594730417334,0.2752673712302687
c3_w2_tcop_cm0_states_L0.4_kp0_7599_ucp0_0498_s42,cm0,stageC,0.35,0.7599,0.1,0.04977134874876729,42,8,0.04977134874876729,2,True,,0.38024,0.002715372555612947,0.06814021410809974,0.3528683234799969,0.3707220451684323,0.22960295934451022,0.20326379412968662,0.0,0.24682951032897432,0.5996978338089712,0.3792561384811522,0.2744142699954123
c3_w2_tcop_cm0_states_L0.4_kp0_7599_ucp0_0498_s42,cm0,stageC,0.35,0.7599,0.1,0.04977134874876729,42,9,0.04977134874876729,0,True,,0.384144,0.00395121836984268,0.08201903329966669,0.3528683234799969,0.3720927029558362,0.22991955034926795,0.20326379412968662,0.0,0.24682951032897432,0.5996978338089712,0.38308691517335897,0.2717302873290238
c3_w2_tcop_cm0_states_L0.4_kp0_7599_ucp0_0498_s42,cm0,stageC,0.35,0.7599,0.1,0.04977134874876729,42,10,0.04977134874876729,1,True,,0.382048,0.004407161061786454,0.06047486799217869,0.3528683234799969,0.37135730269402345,0.22975817470636173,0.20326379412968662,0.0,0.24682951032897432,0.5996978338089712,0.37790285728109557,0.26883864497240384
c3_w2_tcop_cm0_states_L0.4_kp0_7599_ucp0_0498_s42,cm0,stageC,0.35,0.7599,0.1,0.04977134874876729,42,11,0.04977134874876729,2,True,,0.379072,0.00436733496336615,0.043795729247038964,0.3528683234799969,0.37032458026843385,0.22948109487038018,0.20326379412968662,0.0,0.24682951032897432,0.5996978338089712,0.38516076573240193,0.27655002453137917
c3_w2_tcop_cm0_states_L0.4_kp0_7599_ucp0_0498_s42,cm0,stageC,0.35,0.7599,0.1,0.04977134874876729,42,12,0.04977134874876729,0,True,,0.38534399999999996,0.0037941615853922285,0.06990553655890976,0.3528683234799969,0.372550132225084,0.2299770989687297,0.20326379412968662,0.0,0.24682951032897432,0.5996978338089712,0.37869393432182186,0.2763282049702026
c3_w2_tcop_cm0_states_L0.4_kp0_7599_ucp0_0498_s42,cm0,stageC,0.35,0.7599,0.1,0.04977134874876729,42,13,0.04977134874876729,1,True,,0.38219200000000003,-0.0012689101149716325,0.04923525497589303,0.3528683234799969,0.37140628414880683,0.2297617335929766,0.20326379412968662,0.0,0.24682951032897432,0.5996978338089712,0.3669448991422787,0.26772250439999196
c3_w2_tcop_cm0_states_L0.4_kp0_7599_ucp0_0498_s42,cm0,stageC,0.35,0.7599,0.1,0.04977134874876729,42,14,0.04977134874876729,2,True,,0.37958400000000003,0.004180982156575205,0.05633952470284819,0.3528683234799969,0.3704993632390596,0.22951988426452868,0.20326379412968662,0.0,0.24682951032897432,0.5996978338089712,0.38002194087013025,0.2737796273997142
c3_w2_tcop_cm0_states_L0.4_kp0_7599_ucp0_0498_s42,cm0,stageC,0.35,0.7599,0.1,0.04977134874876729,42,15,0.04977134874876729,0,False,BLOCK_15_PARTIAL_CYCLE,0.38236800000000004,-0.0004154441302561002,0.07744477895180871,0.3528683234799969,0.37146033932568073,0.22979671901737794,0.20326379412968662,0.0,0.24682951032897432,0.5996978338089712,0.37288235939880315,0.27179027714907206
c3_w2_tcop_cm0_states_L0.4_kp0_7599_ucp0_0498_s137,cm0,stageC,0.35,0.7599,0.1,0.04977134874876729,137,0,0.04977134874876729,0,False,PRE_PRIMARY_INCOMPLETE_CYCLE,0.36814399999999997,0.005202331650805085,0.061685114690311474,0.3528683234799969,0.3667108712588945,0.2282434165656673,0.20326379412968662,0.0,0.24682951032897432,0.5996978338089712,0.384496906877717,0.2751036528779348
c3_w2_tcop_cm0_states_L0.4_kp0_7599_ucp0_0498_s137,cm0,stageC,0.35,0.7599,0.1,0.04977134874876729,137,1,0.04977134874876729,1,False,PRE_PRIMARY_INCOMPLETE_CYCLE,0.38190399999999997,0.0017326127158832567,0.03976358460943642,0.3528683234799969,0.37131213911502053,0.22972301971158032,0.20326379412968662,0.0,0.24682951032897432,0.5996978338089712,0.37975965470458783,0.2728330444973598
c3_w2_tcop_cm0_states_L0.4_kp0_7599_ucp0_0498_s137,cm0,stageC,0.35,0.7599,0.1,0.04977134874876729,137,2,0.04977134874876729,2,False,PRE_PRIMARY_INCOMPLETE_CYCLE,0.38032,0.006119252883659277,0.05742751973938354,0.3528683234799969,0.37075575115509274,0.2295872247466383,0.20326379412968662,0.0,0.24682951032897432,0.5996978338089712,0.3809936678367069,0.26774671202102934
c3_w2_tcop_cm0_states_L0.4_kp0_7599_ucp0_0498_s137,cm0,stageC,0.35,0.7599,0.1,0.04977134874876729,137,3,0.04977134874876729,0,True,,0.38196800000000003,0.00618249490012657,0.07089288405280283,0.3528683234799969,0.37134737057308126,0.2297199453152468,0.20326379412968662,0.0,0.24682951032897432,0.5996978338089712,0.38788370473458583,0.27383429424178046
c3_w2_tcop_cm0_states_L0.4_kp0_7599_ucp0_0498_s137,cm0,stageC,0.35,0.7599,0.1,0.04977134874876729,137,4,0.04977134874876729,1,True,,0.379232,0.0054890667887606695,0.04403234736242769,0.3528683234799969,0.3703784280796878,0.22950062294262505,0.20326379412968662,0.0,0.24682951032897432,0.5996978338089712,0.387696909561071,0.2754409767098895
c3_w2_tcop_cm0_states_L0.4_kp0_7599_ucp0_0498_s137,cm0,stageC,0.35,0.7599,0.1,0.04977134874876729,137,5,0.04977134874876729,2,True,,0.380608,0.006846552233140564,0.06502957203337827,0.3528683234799969,0.37088981333333737,0.2295762631475563,0.20326379412968662,0.0,0.24682951032897432,0.5996978338089712,0.38530324723718834,0.27332957399227814
c3_w2_tcop_cm0_states_L0.4_kp0_7599_ucp0_0498_s137,cm0,stageC,0.35,0.7599,0.1,0.04977134874876729,137,6,0.04977134874876729,0,True,,0.37953600000000004,0.006147076237869162,0.04192551051462257,0.3528683234799969,0.37048331224837283,0.22951232318225287,0.20326379412968662,0.0,0.24682951032897432,0.5996978338089712,0.3875309602106531,0.27114598701701637
c3_w2_tcop_cm0_states_L0.4_kp0_7599_ucp0_0498_s137,cm0,stageC,0.35,0.7599,0.1,0.04977134874876729,137,7,0.04977134874876729,1,True,,0.38329599999999997,0.0042799415548273245,0.06892410024527455,0.3528683234799969,0.3718112055274489,0.2298391998297042,0.20326379412968662,0.0,0.24682951032897432,0.5996978338089712,0.38438748276594936,0.2743842694377295
c3_w2_tcop_cm0_states_L0.4_kp0_7599_ucp0_0498_s137,cm0,stageC,0.35,0.7599,0.1,0.04977134874876729,137,8,0.04977134874876729,2,True,,0.37857599999999997,0.0043538960330335155,0.06729856529455672,0.3528683234799969,0.3701712630709767,0.22941097621315834,0.20326379412968662,0.0,0.24682951032897432,0.5996978338089712,0.38652147041359536,0.28013304884418216
c3_w2_tcop_cm0_states_L0.4_kp0_7599_ucp0_0498_s137,cm0,stageC,0.35,0.7599,0.1,0.04977134874876729,137,9,0.04977134874876729,0,True,,0.379888,0.008088736312331632,0.08942491687485829,0.3528683234799969,0.3706543337371463,0.22947090263698264,0.20326379412968662,0.0,0.24682951032897432,0.5996978338089712,0.39503488559926636,0.278161699731832
c3_w2_tcop_cm0_states_L0.4_kp0_7599_ucp0_0498_s137,cm0,stageC,0.35,0.7599,0.1,0.04977134874876729,137,10,0.04977134874876729,1,True,,0.38105599999999995,0.0030728244609681456,0.07548625440460685,0.3528683234799969,0.37099220616983924,0.2296949744789456,0.20326379412968662,0.0,0.24682951032897432,0.5996978338089712,0.37906726358675036,0.2693429779441442
c3_w2_tcop_cm0_states_L0.4_kp0_7599_ucp0_0498_s137,cm0,stageC,0.35,0.7599,0.1,0.04977134874876729,137,11,0.04977134874876729,2,True,,0.38129599999999997,0.0038311513869996373,0.0717867640294991,0.3528683234799969,0.37111729463630483,0.22964639964183647,0.20326379412968662,0.0,0.24682951032897432,0.5996978338089712,0.3831631442196094,0.272858045981473
c3_w2_tcop_cm0_states_L0.4_kp0_7599_ucp0_0498_s137,cm0,stageC,0.35,0.7599,0.1,0.04977134874876729,137,12,0.04977134874876729,0,True,,0.382672,0.005332162488533032,0.06710960545030174,0.3528683234799969,0.3715903505245365,0.2297858687258443,0.20326379412968662,0.0,0.24682951032897432,0.5996978338089712,0.3850607968678517,0.27400310996505406
c3_w2_tcop_cm0_states_L0.4_kp0_7599_ucp0_0498_s137,cm0,stageC,0.35,0.7599,0.1,0.04977134874876729,137,13,0.04977134874876729,1,True,,0.37843200000000005,0.005532936002896813,0.0646278952859183,0.3528683234799969,0.3701080280179087,0.22940570786718106,0.20326379412968662,0.0,0.24682951032897432,0.5996978338089712,0.3852312981112689,0.26991320424750825
c3_w2_tcop_cm0_states_L0.4_kp0_7599_ucp0_0498_s137,cm0,stageC,0.35,0.7599,0.1,0.04977134874876729,137,14,0.04977134874876729,2,True,,0.3819519999999999,0.007545245850942555,0.06370433942613274,0.3528683234799969,0.37136755344510125,0.2296733131769721,0.20326379412968662,0.0,0.24682951032897432,0.5996978338089712,0.3901369679512355,0.2741577183946623
c3_w2_tcop_cm0_states_L0.4_kp0_7599_ucp0_0498_s137,cm0,stageC,0.35,0.7599,0.1,0.04977134874876729,137,15,0.04977134874876729,0,False,BLOCK_15_PARTIAL_CYCLE,0.380976,0.004863199503381,0.09110120369968988,0.3528683234799969,0.3710075174772087,0.22961577271589223,0.20326379412968662,0.0,0.24682951032897432,0.5996978338089712,0.3883783342499739,0.27623819669140504
c3_w2_tcop_cm0_states_L0.4_kp0_7599_ucp0_0498_s256,cm0,stageC,0.35,0.7599,0.1,0.04977134874876729,256,0,0.04977134874876729,0,False,PRE_PRIMARY_INCOMPLETE_CYCLE,0.365104,0.007304335961028074,0.06896718280491232,0.3528683234799969,0.36566170814755855,0.22795567950511833,0.20326379412968662,0.0,0.24682951032897432,0.5996978338089712,0.3939660476308886,0.2794796701636514
c3_w2_tcop_cm0_states_L0.4_kp0_7599_ucp0_0498_s256,cm0,stageC,0.35,0.7599,0.1,0.04977134874876729,256,1,0.04977134874876729,1,False,PRE_PRIMARY_INCOMPLETE_CYCLE,0.382672,0.001329907621411482,0.06284668343330369,0.3528683234799969,0.3715997706004565,0.22976922570306674,0.20326379412968662,0.0,0.24682951032897432,0.5996978338089712,0.37665824549751753,0.27144628128256665
c3_w2_tcop_cm0_states_L0.4_kp0_7599_ucp0_0498_s256,cm0,stageC,0.35,0.7599,0.1,0.04977134874876729,256,2,0.04977134874876729,2,False,PRE_PRIMARY_INCOMPLETE_CYCLE,0.3856,0.003280103073447531,0.07277918781725888,0.3528683234799969,0.3725930722311226,0.23007081735131296,0.20326379412968662,0.0,0.24682951032897432,0.5996978338089712,0.3818532891444063,0.2744086029238985
c3_w2_tcop_cm0_states_L0.4_kp0_7599_ucp0_0498_s256,cm0,stageC,0.35,0.7599,0.1,0.04977134874876729,256,3,0.04977134874876729,0,True,,0.384304,0.0055241981791286435,0.06910291923746117,0.3528683234799969,0.37217633243308534,0.22989782882702225,0.20326379412968662,0.0,0.24682951032897432,0.5996978338089712,0.3822592120170193,0.2720130825723931
c3_w2_tcop_cm0_states_L0.4_kp0_7599_ucp0_0498_s256,cm0,stageC,0.35,0.7599,0.1,0.04977134874876729,256,4,0.04977134874876729,1,True,,0.38129599999999997,0.006360307540780682,0.07799342043446267,0.3528683234799969,0.37112164330486347,0.22963083010394744,0.20326379412968662,0.0,0.24682951032897432,0.5996978338089712,0.39142417818829445,0.27239549698229576
c3_w2_tcop_cm0_states_L0.4_kp0_7599_ucp0_0498_s256,cm0,stageC,0.35,0.7599,0.1,0.04977134874876729,256,5,0.04977134874876729,2,True,,0.377632,0.0025408646632234556,0.0326959977725549,0.3528683234799969,0.36981014450727484,0.22937133336706897,0.20326379412968662,0.0,0.24682951032897432,0.5996978338089712,0.3813773721164093,0.2754233864727793
c3_w2_tcop_cm0_states_L0.4_kp0_7599_ucp0_0498_s256,cm0,stageC,0.35,0.7599,0.1,0.04977134874876729,256,6,0.04977134874876729,0,True,,0.3805760000000001,-0.0006901829726217906,0.043353447059729114,0.3528683234799969,0.3708362100095098,0.22964052948138658,0.20326379412968662,0.0,0.24682951032897432,0.5996978338089712,0.36901419833556,0.2726132448180643
c3_w2_tcop_cm0_states_L0.4_kp0_7599_ucp0_0498_s256,cm0,stageC,0.35,0.7599,0.1,0.04977134874876729,256,7,0.04977134874876729,1,True,,0.383568,0.005402495127425413,0.06913354089015739,0.3528683234799969,0.3719300262439888,0.22983163699176626,0.20326379412968662,0.0,0.24682951032897432,0.5996978338089712,0.3856688105450299,0.2784927340947366
c3_w2_tcop_cm0_states_L0.4_kp0_7599_ucp0_0498_s256,cm0,stageC,0.35,0.7599,0.1,0.04977134874876729,256,8,0.04977134874876729,2,True,,0.381616,0.008194563029528317,0.04911112494596243,0.3528683234799969,0.37123484241262567,0.22965969453144833,0.20326379412968662,0.0,0.24682951032897432,0.5996978338089712,0.3898947713739764,0.27227195065331833
c3_w2_tcop_cm0_states_L0.4_kp0_7599_ucp0_0498_s256,cm0,stageC,0.35,0.7599,0.1,0.04977134874876729,256,9,0.04977134874876729,0,True,,0.38348800000000005,0.0023906054778010865,0.09419724310987293,0.3528683234799969,0.37186712523289017,0.22986983470344166,0.20326379412968662,0.0,0.24682951032897432,0.5996978338089712,0.380383664937193,0.2717572824118123
c3_w2_tcop_cm0_states_L0.4_kp0_7599_ucp0_0498_s256,cm0,stageC,0.35,0.7599,0.1,0.04977134874876729,256,10,0.04977134874876729,1,True,,0.38105599999999995,0.004569457299127727,0.05519726985995331,0.3528683234799969,0.3710309587604728,0.22962435472214168,0.20326379412968662,0.0,0.24682951032897432,0.5996978338089712,0.38204254742250365,0.2683566624997668
c3_w2_tcop_cm0_states_L0.4_kp0_7599_ucp0_0498_s256,cm0,stageC,0.35,0.7599,0.1,0.04977134874876729,256,11,0.04977134874876729,2,True,,0.38041600000000003,0.003376874972489164,0.045971255791941376,0.3528683234799969,0.3708095797783355,0.22957925009326555,0.20326379412968662,0.0,0.24682951032897432,0.5996978338089712,0.3826729560487328,0.27479871852116594
c3_w2_tcop_cm0_states_L0.4_kp0_7599_ucp0_0498_s256,cm0,stageC,0.35,0.7599,0.1,0.04977134874876729,256,12,0.04977134874876729,0,True,,0.3819359999999999,0.0009609483950263303,0.07683772795606977,0.3528683234799969,0.37131573802732176,0.2297516604965534,0.20326379412968662,0.0,0.24682951032897432,0.5996978338089712,0.3747025819431078,0.2733514600653503
c3_w2_tcop_cm0_states_L0.4_kp0_7599_ucp0_0498_s256,cm0,stageC,0.35,0.7599,0.1,0.04977134874876729,256,13,0.04977134874876729,1,True,,0.37728,0.009863462871385701,0.07488731479461293,0.3528683234799969,0.3697292491607694,0.22926207081053487,0.20326379412968662,0.0,0.24682951032897432,0.5996978338089712,0.3958512159381948,0.27370141571905515
c3_w2_tcop_cm0_states_L0.4_kp0_7599_ucp0_0498_s256,cm0,stageC,0.35,0.7599,0.1,0.04977134874876729,256,14,0.04977134874876729,2,True,,0.38032,0.0010122726334058317,0.06561962299760751,0.3528683234799969,0.37072452232807473,0.22964806938096194,0.20326379412968662,0.0,0.24682951032897432,0.5996978338089712,0.37281313316622017,0.2681441648899989
c3_w2_tcop_cm0_states_L0.4_kp0_7599_ucp0_0498_s256,cm0,stageC,0.35,0.7599,0.1,0.04977134874876729,256,15,0.04977134874876729,0,False,BLOCK_15_PARTIAL_CYCLE,0.382672,0.00412751019704637,0.05502639224426764,0.3528683234799969,0.3716031585662076,0.22976729269455054,0.20326379412968662,0.0,0.24682951032897432,0.5996978338089712,0.3794146166278071,0.27547384815815446
c3_w2_tcop_cm0_states_L0.4_kp0_7599_ucp0_0498_s1024,cm0,stageC,0.35,0.7599,0.1,0.04977134874876729,1024,0,0.04977134874876729,0,False,PRE_PRIMARY_INCOMPLETE_CYCLE,0.36617599999999995,0.0014681374162981698,0.06512432991662925,0.3528683234799969,0.36601937335559065,0.22808297554428536,0.20326379412968662,0.0,0.24682951032897432,0.5996978338089712,0.37825170851413714,0.2777361434374432
c3_w2_tcop_cm0_states_L0.4_kp0_7599_ucp0_0498_s1024,cm0,stageC,0.35,0.7599,0.1,0.04977134874876729,1024,1,0.04977134874876729,1,False,PRE_PRIMARY_INCOMPLETE_CYCLE,0.3811359999999999,0.0022082165526050497,0.05125305215973496,0.3528683234799969,0.3710372485583586,0.22969205402385057,0.20326379412968662,0.0,0.24682951032897432,0.5996978338089712,0.3769252242943153,0.27615499400522103
c3_w2_tcop_cm0_states_L0.4_kp0_7599_ucp0_0498_s1024,cm0,stageC,0.35,0.7599,0.1,0.04977134874876729,1024,2,0.04977134874876729,2,False,PRE_PRIMARY_INCOMPLETE_CYCLE,0.37881599999999993,0.004689937306868267,0.06449196601784349,0.3528683234799969,0.37021840883024143,0.2294754212877218,0.20326379412968662,0.0,0.24682951032897432,0.5996978338089712,0.38413687597862944,0.2717295260552583
c3_w2_tcop_cm0_states_L0.4_kp0_7599_ucp0_0498_s1024,cm0,stageC,0.35,0.7599,0.1,0.04977134874876729,1024,3,0.04977134874876729,0,True,,0.37918399999999997,0.005755866081157554,0.06564450299795545,0.3528683234799969,0.3703698848115073,0.22948344113986333,0.20326379412968662,0.0,0.24682951032897432,0.5996978338089712,0.3865428162094768,0.27435007425877866
c3_w2_tcop_cm0_states_L0.4_kp0_7599_ucp0_0498_s1024,cm0,stageC,0.35,0.7599,0.1,0.04977134874876729,1024,4,0.04977134874876729,1,True,,0.38035199999999997,0.005025601917244342,0.054768720343957994,0.3528683234799969,0.37076992772897904,0.22959194023743015,0.20326379412968662,0.0,0.24682951032897432,0.5996978338089712,0.38277267719939834,0.2693194382404456
c3_w2_tcop_cm0_states_L0.4_kp0_7599_ucp0_0498_s1024,cm0,stageC,0.35,0.7599,0.1,0.04977134874876729,1024,5,0.04977134874876729,2,True,,0.382224,0.003931268377315855,0.05916256577639701,0.3528683234799969,0.37141468345669426,0.2297805780203342,0.20326379412968662,0.0,0.24682951032897432,0.5996978338089712,0.3824926407893666,0.2743035860384195
c3_w2_tcop_cm0_states_L0.4_kp0_7599_ucp0_0498_s1024,cm0,stageC,0.35,0.7599,0.1,0.04977134874876729,1024,6,0.04977134874876729,0,True,,0.387168,0.0010977990275301743,0.06824513491445709,0.3528683234799969,0.37316728805121613,0.23017168807474506,0.20326379412968662,0.0,0.24682951032897432,0.5996978338089712,0.377116667657894,0.2732878300638115
c3_w2_tcop_cm0_states_L0.4_kp0_7599_ucp0_0498_s1024,cm0,stageC,0.35,0.7599,0.1,0.04977134874876729,1024,7,0.04977134874876729,1,True,,0.3796,0.005940109185732667,0.08383549883607669,0.3528683234799969,0.37050469999561353,0.22953303271051792,0.20326379412968662,0.0,0.24682951032897432,0.5996978338089712,0.3842633757649965,0.27104757993956546
c3_w2_tcop_cm0_states_L0.4_kp0_7599_ucp0_0498_s1024,cm0,stageC,0.35,0.7599,0.1,0.04977134874876729,1024,8,0.04977134874876729,2,True,,0.37756799999999996,0.005297545205043431,0.08457038174619842,0.3528683234799969,0.36982124541516403,0.22930732157184544,0.20326379412968662,0.0,0.24682951032897432,0.5996978338089712,0.38879927308834394,0.2769715622833888
c3_w2_tcop_cm0_states_L0.4_kp0_7599_ucp0_0498_s1024,cm0,stageC,0.35,0.7599,0.1,0.04977134874876729,1024,9,0.04977134874876729,0,True,,0.382944,0.002355832889412583,0.06092391935513835,0.3528683234799969,0.37167603304073643,0.229816578559743,0.20326379412968662,0.0,0.24682951032897432,0.5996978338089712,0.37842851406456757,0.2731262168167753
c3_w2_tcop_cm0_states_L0.4_kp0_7599_ucp0_0498_s1024,cm0,stageC,0.35,0.7599,0.1,0.04977134874876729,1024,10,0.04977134874876729,1,True,,0.38102400000000003,0.0059661098741263996,0.06548694734950468,0.3528683234799969,0.3710206148064514,0.2296331779463524,0.20326379412968662,0.0,0.24682951032897432,0.5996978338089712,0.3829401464378298,0.27185009036896907
c3_w2_tcop_cm0_states_L0.4_kp0_7599_ucp0_0498_s1024,cm0,stageC,0.35,0.7599,0.1,0.04977134874876729,1024,11,0.04977134874876729,2,True,,0.380512,0.004074026143337999,0.08210940761880874,0.3528683234799969,0.37083067987171686,0.22959207441825638,0.20326379412968662,0.0,0.24682951032897432,0.5996978338089712,0.3837748540635905,0.27356729957286485
c3_w2_tcop_cm0_states_L0.4_kp0_7599_ucp0_0498_s1024,cm0,stageC,0.35,0.7599,0.1,0.04977134874876729,1024,12,0.04977134874876729,0,True,,0.380528,0.003024563770475764,0.0405686257700112,0.3528683234799969,0.37081553663652167,0.22963026798030395,0.20326379412968662,0.0,0.24682951032897432,0.5996978338089712,0.3806426106140847,0.26756988631765305
c3_w2_tcop_cm0_states_L0.4_kp0_7599_ucp0_0498_s1024,cm0,stageC,0.35,0.7599,0.1,0.04977134874876729,1024,13,0.04977134874876729,1,True,,0.38304000000000005,0.0031046811177620126,0.04670037573908986,0.3528683234799969,0.37171848482393366,0.22982401343781023,0.20326379412968662,0.0,0.24682951032897432,0.5996978338089712,0.3792859806305161,0.2728400198663648
c3_w2_tcop_cm0_states_L0.4_kp0_7599_ucp0_0498_s1024,cm0,stageC,0.35,0.7599,0.1,0.04977134874876729,1024,14,0.04977134874876729,2,True,,0.385936,0.004741576652898003,0.06406272137161119,0.3528683234799969,0.37274838324282866,0.23005019616208033,0.20326379412968662,0.0,0.24682951032897432,0.5996978338089712,0.3832088488936934,0.2744968703383856
c3_w2_tcop_cm0_states_L0.4_kp0_7599_ucp0_0498_s1024,cm0,stageC,0.35,0.7599,0.1,0.04977134874876729,1024,15,0.04977134874876729,0,False,BLOCK_15_PARTIAL_CYCLE,0.380368,0.005208440308937788,0.05861724687960719,0.3528683234799969,0.3707830709805151,0.22958872408734038,0.20326379412968662,0.0,0.24682951032897432,0.5996978338089712,0.3851477142860763,0.2755609806721309
c3_w2_tcop_cm0_states_L0.4_kp0_7599_ucp0_0498_s31415,cm0,stageC,0.35,0.7599,0.1,0.04977134874876729,31415,0,0.04977134874876729,0,False,PRE_PRIMARY_INCOMPLETE_CYCLE,0.359728,0.002234509299186513,0.07278111743370391,0.3528683234799969,0.36375596261181775,0.22754802774477947,0.20326379412968662,0.0,0.24682951032897432,0.5996978338089712,0.37873448475971006,0.28308727049244903
c3_w2_tcop_cm0_states_L0.4_kp0_7599_ucp0_0498_s31415,cm0,stageC,0.35,0.7599,0.1,0.04977134874876729,31415,1,0.04977134874876729,1,False,PRE_PRIMARY_INCOMPLETE_CYCLE,0.378208,0.005844788649893216,0.06596106310437289,0.3528683234799969,0.37002032725347717,0.2294135051015259,0.20326379412968662,0.0,0.24682951032897432,0.5996978338089712,0.3868546597757316,0.2762449295410456
c3_w2_tcop_cm0_states_L0.4_kp0_7599_ucp0_0498_s31415,cm0,stageC,0.35,0.7599,0.1,0.04977134874876729,31415,2,0.04977134874876729,2,False,PRE_PRIMARY_INCOMPLETE_CYCLE,0.38230400000000003,0.005651751327854065,0.05862849431278433,0.3528683234799969,0.3714561846576421,0.2297541632113712,0.20326379412968662,0.0,0.24682951032897432,0.5996978338089712,0.38752843240118806,0.27248908396280735
c3_w2_tcop_cm0_states_L0.4_kp0_7599_ucp0_0498_s31415,cm0,stageC,0.35,0.7599,0.1,0.04977134874876729,31415,3,0.04977134874876729,0,True,,0.37976,0.003558158675252899,0.06980059064926238,0.3528683234799969,0.3705774777615514,0.2295148729876183,0.20326379412968662,0.0,0.24682951032897432,0.5996978338089712,0.3825531512469096,0.2742069918782031
c3_w2_tcop_cm0_states_L0.4_kp0_7599_ucp0_0498_s31415,cm0,stageC,0.35,0.7599,0.1,0.04977134874876729,31415,4,0.04977134874876729,1,True,,0.38123199999999996,0.004057669678491823,0.04570731197437738,0.3528683234799969,0.37110111411193325,0.22963489056892863,0.20326379412968662,0.0,0.24682951032897432,0.5996978338089712,0.37793254899496864,0.27017861762242146
c3_w2_tcop_cm0_states_L0.4_kp0_7599_ucp0_0498_s31415,cm0,stageC,0.35,0.7599,0.1,0.04977134874876729,31415,5,0.04977134874876729,2,True,,0.38096,0.005686756038638131,0.07340139415595495,0.3528683234799969,0.3710234282363411,0.22958410469843069,0.20326379412968662,0.0,0.24682951032897432,0.5996978338089712,0.38652735918423453,0.27571501505848167
c3_w2_tcop_cm0_states_L0.4_kp0_7599_ucp0_0498_s31415,cm0,stageC,0.35,0.7599,0.1,0.04977134874876729,31415,6,0.04977134874876729,0,True,,0.379664,0.003750551826366698,0.05177768303845783,0.3528683234799969,0.37053680866417066,0.22951295536740565,0.20326379412968662,0.0,0.24682951032897432,0.5996978338089712,0.38207039267343645,0.2715188530950199
c3_w2_tcop_cm0_states_L0.4_kp0_7599_ucp0_0498_s31415,cm0,stageC,0.35,0.7599,0.1,0.04977134874876729,31415,7,0.04977134874876729,1,True,,0.380608,0.0013049606545567965,0.05774674809649385,0.3528683234799969,0.3708562812716078,0.22962089942940306,0.20326379412968662,0.0,0.24682951032897432,0.5996978338089712,0.3796160575954703,0.27467039806671073
c3_w2_tcop_cm0_states_L0.4_kp0_7599_ucp0_0498_s31415,cm0,stageC,0.35,0.7599,0.1,0.04977134874876729,31415,8,0.04977134874876729,2,True,,0.379984,0.007932578049832925,0.06939959981488399,0.3528683234799969,0.3706662646035395,0.22951564976056202,0.20326379412968662,0.0,0.24682951032897432,0.5996978338089712,0.38715722443026485,0.2729478442792598
c3_w2_tcop_cm0_states_L0.4_kp0_7599_ucp0_0498_s31415,cm0,stageC,0.35,0.7599,0.1,0.04977134874876729,31415,9,0.04977134874876729,0,True,,0.3779679999999999,0.0033607620703258335,0.05438306020121525,0.3528683234799969,0.36993345839704794,0.22938522593057986,0.20326379412968662,0.0,0.24682951032897432,0.5996978338089712,0.3804263331524277,0.27098078759574523
c3_w2_tcop_cm0_states_L0.4_kp0_7599_ucp0_0498_s31415,cm0,stageC,0.35,0.7599,0.1,0.04977134874876729,31415,10,0.04977134874876729,1,True,,0.381984,0.005004833615343683,0.07045363919359256,0.3528683234799969,0.37134849732655634,0.22971178750960564,0.20326379412968662,0.0,0.24682951032897432,0.5996978338089712,0.38487204062555724,0.27110155686415516
c3_w2_tcop_cm0_states_L0.4_kp0_7599_ucp0_0498_s31415,cm0,stageC,0.35,0.7599,0.1,0.04977134874876729,31415,11,0.04977134874876729,2,True,,0.37896,0.008233820488591252,0.046053485287786036,0.3528683234799969,0.37028506190762145,0.22947666298985867,0.20326379412968662,0.0,0.24682951032897432,0.5996978338089712,0.39123034994719225,0.27654186269934067
c3_w2_tcop_cm0_states_L0.4_kp0_7599_ucp0_0498_s31415,cm0,stageC,0.35,0.7599,0.1,0.04977134874876729,31415,12,0.04977134874876729,0,True,,0.38281600000000005,0.002061588076083771,0.07107734985088304,0.3528683234799969,0.3716429097461088,0.2297941115058561,0.20326379412968662,0.0,0.24682951032897432,0.5996978338089712,0.3815680976103323,0.27396551219865584
c3_w2_tcop_cm0_states_L0.4_kp0_7599_ucp0_0498_s31415,cm0,stageC,0.35,0.7599,0.1,0.04977134874876729,31415,13,0.04977134874876729,1,True,,0.382752,0.00015301669907116314,0.048588098453654374,0.3528683234799969,0.37160102369346726,0.2298342849074006,0.20326379412968662,0.0,0.24682951032897432,0.5996978338089712,0.3705730719123092,0.27308873995893906
c3_w2_tcop_cm0_states_L0.4_kp0_7599_ucp0_0498_s31415,cm0,stageC,0.35,0.7599,0.1,0.04977134874876729,31415,14,0.04977134874876729,2,True,,0.37998400000000004,0.005777907765717793,0.06482844667722852,0.3528683234799969,0.3706719873722385,0.2295248089113819,0.20326379412968662,0.0,0.24682951032897432,0.5996978338089712,0.3811758100864175,0.2740907801817055
c3_w2_tcop_cm0_states_L0.4_kp0_7599_ucp0_0498_s31415,cm0,stageC,0.35,0.7599,0.1,0.04977134874876729,31415,15,0.04977134874876729,0,False,BLOCK_15_PARTIAL_CYCLE,0.387184,0.0043159668394902,0.062267883933392755,0.3528683234799969,0.373170569111493,0.23016480579902604,0.20326379412968662,0.0,0.24682951032897432,0.5996978338089712,0.3839023920755813,0.2727283936362445
c3_w2_tcop_cm0_states_L0.4_kp0_7599_ucp0_1234_s42,cm0,stageC,0.35,0.7599,0.25,0.12339551870278656,42,0,0.12339551870278656,0,False,PRE_PRIMARY_INCOMPLETE_CYCLE,0.3766399999999999,0.004203337703636443,0.053982830850273965,0.3564652879819238,0.3866935889542415,0.2329860056004497,0.20960487474928355,0.0,0.26077013913164093,0.6172354271135647,0.3839101118932398,0.27632621857146367
c3_w2_tcop_cm0_states_L0.4_kp0_7599_ucp0_1234_s42,cm0,stageC,0.35,0.7599,0.25,0.12339551870278656,42,1,0.12339551870278656,1,False,PRE_PRIMARY_INCOMPLETE_CYCLE,0.395888,-0.0001131360468376009,0.04188051057108292,0.3564652879819238,0.39335401327963365,0.23477891405780885,0.20960487474928355,0.0,0.26077013913164093,0.6172354271135647,0.3706487147583878,0.2676200372589732
c3_w2_tcop_cm0_states_L0.4_kp0_7599_ucp0_1234_s42,cm0,stageC,0.35,0.7599,0.25,0.12339551870278656,42,2,0.12339551870278656,2,False,PRE_PRIMARY_INCOMPLETE_CYCLE,0.394784,0.0036076979796678876,0.05582456063648299,0.3564652879819238,0.393006978929952,0.23459570728388798,0.20960487474928355,0.0,0.26077013913164093,0.6172354271135647,0.3866234010946809,0.2763166863563276
c3_w2_tcop_cm0_states_L0.4_kp0_7599_ucp0_1234_s42,cm0,stageC,0.35,0.7599,0.25,0.12339551870278656,42,3,0.12339551870278656,0,True,,0.39625600000000005,0.0013529138578241976,0.05070257789203835,0.3564652879819238,0.3935051031076678,0.23476659611414968,0.20960487474928355,0.0,0.26077013913164093,0.6172354271135647,0.3781180753295507,0.267222560349585
c3_w2_tcop_cm0_states_L0.4_kp0_7599_ucp0_1234_s42,cm0,stageC,0.35,0.7599,0.25,0.12339551870278656,42,4,0.12339551870278656,1,True,,0.394288,0.006393710381362217,0.048409140934222314,0.3564652879819238,0.39281848698217403,0.23460142685611138,0.20960487474928355,0.0,0.26077013913164093,0.6172354271135647,0.3863200279174099,0.27694063205541325
c3_w2_tcop_cm0_states_L0.4_kp0_7599_ucp0_1234_s42,cm0,stageC,0.35,0.7599,0.25,0.12339551870278656,42,5,0.12339551870278656,2,True,,0.39929599999999993,0.0027880215592839775,0.0568555501215457,0.3564652879819238,0.39458722799492296,0.23500083144067369,0.20960487474928355,0.0,0.26077013913164093,0.6172354271135647,0.37459017680328804,0.26729781345616893
c3_w2_tcop_cm0_states_L0.4_kp0_7599_ucp0_1234_s42,cm0,stageC,0.35,0.7599,0.25,0.12339551870278656,42,6,0.12339551870278656,0,True,,0.39409600000000006,0.0017923194104859982,0.047984255713615726,0.3564652879819238,0.39273055476930163,0.23461856023309788,0.20960487474928355,0.0,0.26077013913164093,0.6172354271135647,0.3787578206108189,0.27194254245582494
c3_w2_tcop_cm0_states_L0.4_kp0_7599_ucp0_1234_s42,cm0,stageC,0.35,0.7599,0.25,0.12339551870278656,42,7,0.12339551870278656,1,True,,0.395152,0.0027446416104968587,0.061775493395562764,0.3564652879819238,0.39311552059584887,0.23467283499249694,0.20960487474928355,0.0,0.26077013913164093,0.6172354271135647,0.3780769577093067,0.27212109789222305
c3_w2_tcop_cm0_states_L0.4_kp0_7599_ucp0_1234_s42,cm0,stageC,0.35,0.7599,0.25,0.12339551870278656,42,8,0.12339551870278656,2,True,,0.3936800000000001,0.0023201265302891204,0.06566299664003933,0.3564652879819238,0.3925885058462443,0.23456795302533906,0.20960487474928355,0.0,0.26077013913164093,0.6172354271135647,0.3779736403975478,0.27076454713479725
c3_w2_tcop_cm0_states_L0.4_kp0_7599_ucp0_1234_s42,cm0,stageC,0.35,0.7599,0.25,0.12339551870278656,42,9,0.12339551870278656,0,True,,0.397552,0.0018440600311351624,0.08307949991432716,0.3564652879819238,0.3939627585839165,0.23486278347833553,0.20960487474928355,0.0,0.26077013913164093,0.6172354271135647,0.3802761931452921,0.26969339624095756
c3_w2_tcop_cm0_states_L0.4_kp0_7599_ucp0_1234_s42,cm0,stageC,0.35,0.7599,0.25,0.12339551870278656,42,10,0.12339551870278656,1,True,,0.395232,0.002574106330048587,0.060338570538075835,0.3564652879819238,0.3931427812022737,0.23469507262613537,0.20960487474928355,0.0,0.26077013913164093,0.6172354271135647,0.3760332359817862,0.26775628728624046
c3_w2_tcop_cm0_states_L0.4_kp0_7599_ucp0_1234_s42,cm0,stageC,0.35,0.7599,0.25,0.12339551870278656,42,11,0.12339551870278656,2,True,,0.3932320000000001,0.004278064051858432,0.04834439781805896,0.3564652879819238,0.3924385435059245,0.23451898060612933,0.20960487474928355,0.0,0.26077013913164093,0.6172354271135647,0.3854583676301524,0.2748221711588621
c3_w2_tcop_cm0_states_L0.4_kp0_7599_ucp0_1234_s42,cm0,stageC,0.35,0.7599,0.25,0.12339551870278656,42,12,0.12339551870278656,0,True,,0.39913599999999994,0.0020045066672580137,0.06822689097097243,0.3564652879819238,0.3945605358902729,0.23492508729842307,0.20960487474928355,0.0,0.26077013913164093,0.6172354271135647,0.3750092817809779,0.2721705799683518
c3_w2_tcop_cm0_states_L0.4_kp0_7599_ucp0_1234_s42,cm0,stageC,0.35,0.7599,0.25,0.12339551870278656,42,13,0.12339551870278656,1,True,,0.39616,-0.0036415027005965135,0.04830285831617851,0.3564652879819238,0.39346286211290965,0.23477162093748594,0.20960487474928355,0.0,0.26077013913164093,0.6172354271135647,0.36141862346213544,0.26590066580996863
c3_w2_tcop_cm0_states_L0.4_kp0_7599_ucp0_1234_s42,cm0,stageC,0.35,0.7599,0.25,0.12339551870278656,42,14,0.12339551870278656,2,True,,0.39408,0.003245434992999138,0.06003362319148993,0.3564652879819238,0.39272592088270003,0.23459421398562666,0.20960487474928355,0.0,0.26077013913164093,0.6172354271135647,0.37680248222279084,0.2687703871521298
c3_w2_tcop_cm0_states_L0.4_kp0_7599_ucp0_1234_s42,cm0,stageC,0.35,0.7599,0.25,0.12339551870278656,42,15,0.12339551870278656,0,False,BLOCK_15_PARTIAL_CYCLE,0.39681600000000006,-0.0010693298363393786,0.07561452631067636,0.3564652879819238,0.3937055571611599,0.23481594880918075,0.20960487474928355,0.0,0.26077013913164093,0.6172354271135647,0.37129068062005893,0.2705499680879033
c3_w2_tcop_cm0_states_L0.4_kp0_7599_ucp0_1234_s137,cm0,stageC,0.35,0.7599,0.25,0.12339551870278656,137,0,0.12339551870278656,0,False,PRE_PRIMARY_INCOMPLETE_CYCLE,0.38190399999999997,0.00434896601425315,0.057994664358983164,0.3564652879819238,0.3885926302248537,0.2333354384656156,0.20960487474928355,0.0,0.26077013913164093,0.6172354271135647,0.38392765294294406,0.2726754338039827
c3_w2_tcop_cm0_states_L0.4_kp0_7599_ucp0_1234_s137,cm0,stageC,0.35,0.7599,0.25,0.12339551870278656,137,1,0.12339551870278656,1,False,PRE_PRIMARY_INCOMPLETE_CYCLE,0.39576000000000006,0.0004556578506524805,0.049884213064448436,0.3564652879819238,0.3933331532331959,0.23471137631184932,0.20960487474928355,0.0,0.26077013913164093,0.6172354271135647,0.3771304062083917,0.27027921147215417
c3_w2_tcop_cm0_states_L0.4_kp0_7599_ucp0_1234_s137,cm0,stageC,0.35,0.7599,0.25,0.12339551870278656,137,2,0.12339551870278656,2,False,PRE_PRIMARY_INCOMPLETE_CYCLE,0.39382399999999995,0.004150863245956527,0.05458398603447216,0.3564652879819238,0.3926313833897861,0.2345889295496042,0.20960487474928355,0.0,0.26077013913164093,0.6172354271135647,0.3767726884390578,0.26447147477208943
c3_w2_tcop_cm0_states_L0.4_kp0_7599_ucp0_1234_s137,cm0,stageC,0.35,0.7599,0.25,0.12339551870278656,137,3,0.12339551870278656,0,True,,0.39686399999999994,0.003248226452800825,0.06474424204041661,0.3564652879819238,0.39372734271943227,0.23480523640810314,0.20960487474928355,0.0,0.26077013913164093,0.6172354271135647,0.3823530705551248,0.26988223515234533
c3_w2_tcop_cm0_states_L0.4_kp0_7599_ucp0_1234_s137,cm0,stageC,0.35,0.7599,0.25,0.12339551870278656,137,4,0.12339551870278656,1,True,,0.39481599999999994,0.002723921051478181,0.031503468468411115,0.3564652879819238,0.392994630465658,0.23465565291169954,0.20960487474928355,0.0,0.26077013913164093,0.6172354271135647,0.38226745695445685,0.27081744257752066
c3_w2_tcop_cm0_states_L0.4_kp0_7599_ucp0_1234_s137,cm0,stageC,0.35,0.7599,0.25,0.12339551870278656,137,5,0.12339551870278656,2,True,,0.39443199999999995,0.005341518291674139,0.0614279860044526,0.3564652879819238,0.39288339403073425,0.2345791824145064,0.20960487474928355,0.0,0.26077013913164093,0.6172354271135647,0.3839928148765116,0.2713864969508906
c3_w2_tcop_cm0_states_L0.4_kp0_7599_ucp0_1234_s137,cm0,stageC,0.35,0.7599,0.25,0.12339551870278656,137,6,0.12339551870278656,0,True,,0.39368000000000003,0.004965363419323785,0.04550321094235328,0.3564652879819238,0.3925904987522936,0.23454964405547019,0.20960487474928355,0.0,0.26077013913164093,0.6172354271135647,0.3847514464829876,0.268092413287915
c3_w2_tcop_cm0_states_L0.4_kp0_7599_ucp0_1234_s137,cm0,stageC,0.35,0.7599,0.25,0.12339551870278656,137,7,0.12339551870278656,1,True,,0.397296,0.003139649503312749,0.07120322493938992,0.3564652879819238,0.39388804290470375,0.23483259810483775,0.20960487474928355,0.0,0.26077013913164093,0.6172354271135647,0.3811795641066292,0.2731645280221231
c3_w2_tcop_cm0_states_L0.4_kp0_7599_ucp0_1234_s137,cm0,stageC,0.35,0.7599,0.25,0.12339551870278656,137,8,0.12339551870278656,2,True,,0.39315199999999995,0.004108273532137025,0.0686415359587115,0.3564652879819238,0.3924250336161924,0.23449249473249756,0.20960487474928355,0.0,0.26077013913164093,0.6172354271135647,0.3843069397458575,0.2786536618978822
c3_w2_tcop_cm0_states_L0.4_kp0_7599_ucp0_1234_s137,cm0,stageC,0.35,0.7599,0.25,0.12339551870278656,137,9,0.12339551870278656,0,True,,0.39440000000000003,0.006850916050612821,0.0812184405534789,0.3564652879819238,0.39288489247022906,0.23452916138367186,0.20960487474928355,0.0,0.26077013913164093,0.6172354271135647,0.39193778921659095,0.27444004126833627
c3_w2_tcop_cm0_states_L0.4_kp0_7599_ucp0_1234_s137,cm0,stageC,0.35,0.7599,0.25,0.12339551870278656,137,10,0.12339551870278656,1,True,,0.39455999999999997,0.001745985607034014,0.06907855316769193,0.3564652879819238,0.39287503781989497,0.23469287260778882,0.20960487474928355,0.0,0.26077013913164093,0.6172354271135647,0.375779139016143,0.26770770391299403
c3_w2_tcop_cm0_states_L0.4_kp0_7599_ucp0_1234_s137,cm0,stageC,0.35,0.7599,0.25,0.12339551870278656,137,11,0.12339551870278656,2,True,,0.395312,0.0036881925940562437,0.07141934673299727,0.3564652879819238,0.393193143159446,0.23463754351398664,0.20960487474928355,0.0,0.26077013913164093,0.6172354271135647,0.38322046265016746,0.270714580149124
c3_w2_tcop_cm0_states_L0.4_kp0_7599_ucp0_1234_s137,cm0,stageC,0.35,0.7599,0.25,0.12339551870278656,137,12,0.12339551870278656,0,True,,0.39663999999999994,0.0040593082984198845,0.06841211378651704,0.3564652879819238,0.39364458540533376,0.2348021571687346,0.20960487474928355,0.0,0.26077013913164093,0.6172354271135647,0.38135211286551496,0.2711664938121227
c3_w2_tcop_cm0_states_L0.4_kp0_7599_ucp0_1234_s137,cm0,stageC,0.35,0.7599,0.25,0.12339551870278656,137,13,0.12339551870278656,1,True,,0.392528,0.004440599514788986,0.06154383604363288,0.3564652879819238,0.39218280611537093,0.2344625001852842,0.20960487474928355,0.0,0.26077013913164093,0.6172354271135647,0.3824272992582767,0.26694262776442634
c3_w2_tcop_cm0_states_L0.4_kp0_7599_ucp0_1234_s137,cm0,stageC,0.35,0.7599,0.25,0.12339551870278656,137,14,0.12339551870278656,2,True,,0.39462400000000003,0.00620447770363355,0.05595761086961454,0.3564652879819238,0.3929537213922379,0.23458515847621483,0.20960487474928355,0.0,0.26077013913164093,0.6172354271135647,0.3880807157082539,0.2721459011216328
c3_w2_tcop_cm0_states_L0.4_kp0_7599_ucp0_1234_s137,cm0,stageC,0.35,0.7599,0.25,0.12339551870278656,137,15,0.12339551870278656,0,False,BLOCK_15_PARTIAL_CYCLE,0.39384,0.004868763416579455,0.09353166354089416,0.3564652879819238,0.3926621499094789,0.23454917260143662,0.20960487474928355,0.0,0.26077013913164093,0.6172354271135647,0.38721186421996173,0.27523248217795326
c3_w2_tcop_cm0_states_L0.4_kp0_7599_ucp0_1234_s256,cm0,stageC,0.35,0.7599,0.25,0.12339551870278656,256,0,0.12339551870278656,0,False,PRE_PRIMARY_INCOMPLETE_CYCLE,0.37827200000000005,0.0061181533108768315,0.06104849375995686,0.3564652879819238,0.3872944464949208,0.23307041783680923,0.20960487474928355,0.0,0.26077013913164093,0.6172354271135647,0.39057239983296965,0.27591984240084577
c3_w2_tcop_cm0_states_L0.4_kp0_7599_ucp0_1234_s256,cm0,stageC,0.35,0.7599,0.25,0.12339551870278656,256,1,0.12339551870278656,1,False,PRE_PRIMARY_INCOMPLETE_CYCLE,0.396208,0.0006351485247521456,0.060375183018098355,0.3564652879819238,0.393510435908788,0.23471998572196107,0.20960487474928355,0.0,0.26077013913164093,0.6172354271135647,0.376154282177695,0.2694803690101212
c3_w2_tcop_cm0_states_L0.4_kp0_7599_ucp0_1234_s256,cm0,stageC,0.35,0.7599,0.25,0.12339551870278656,256,2,0.12339551870278656,2,False,PRE_PRIMARY_INCOMPLETE_CYCLE,0.399088,0.001950164945388663,0.06963019813794348,0.3564652879819238,0.39451368325800185,0.23498008468220016,0.20960487474928355,0.0,0.26077013913164093,0.6172354271135647,0.3790671029273408,0.27054880052871216
c3_w2_tcop_cm0_states_L0.4_kp0_7599_ucp0_1234_s256,cm0,stageC,0.35,0.7599,0.25,0.12339551870278656,256,3,0.12339551870278656,0,True,,0.39812800000000004,0.0033066561392322952,0.0672095926122755,0.3564652879819238,0.39419039626586566,0.2348676545260849,0.20960487474928355,0.0,0.26077013913164093,0.6172354271135647,0.3799466654119834,0.2697736317447859
c3_w2_tcop_cm0_states_L0.4_kp0_7599_ucp0_1234_s256,cm0,stageC,0.35,0.7599,0.25,0.12339551870278656,256,4,0.12339551870278656,1,True,,0.395184,0.005601856582740198,0.08131045175505769,0.3564652879819238,0.3931541269875114,0.234615350420154,0.20960487474928355,0.0,0.26077013913164093,0.6172354271135647,0.38871790288132696,0.27174600163406487
c3_w2_tcop_cm0_states_L0.4_kp0_7599_ucp0_1234_s256,cm0,stageC,0.35,0.7599,0.25,0.12339551870278656,256,5,0.12339551870278656,2,True,,0.39103999999999994,0.0025923451027079674,0.03449871032858585,0.3564652879819238,0.3916460926962624,0.23437446174086166,0.20960487474928355,0.0,0.26077013913164093,0.6172354271135647,0.38117838543817306,0.27317439076719585
c3_w2_tcop_cm0_states_L0.4_kp0_7599_ucp0_1234_s256,cm0,stageC,0.35,0.7599,0.25,0.12339551870278656,256,6,0.12339551870278656,0,True,,0.394032,-0.001330715176095075,0.04446164991553667,0.3564652879819238,0.39270788123889744,0.2346092660082547,0.20960487474928355,0.0,0.26077013913164093,0.6172354271135647,0.36775319730669637,0.2698858259573516
c3_w2_tcop_cm0_states_L0.4_kp0_7599_ucp0_1234_s256,cm0,stageC,0.35,0.7599,0.25,0.12339551870278656,256,7,0.12339551870278656,1,True,,0.397616,0.00319429039869318,0.0721059279889943,0.3564652879819238,0.3940113371501051,0.23483823013709942,0.20960487474928355,0.0,0.26077013913164093,0.6172354271135647,0.38103302514210724,0.2731904127838282
c3_w2_tcop_cm0_states_L0.4_kp0_7599_ucp0_1234_s256,cm0,stageC,0.35,0.7599,0.25,0.12339551870278656,256,8,0.12339551870278656,2,True,,0.395664,0.006302711811355317,0.049337648062775886,0.3564652879819238,0.3933114459756581,0.23468151580875646,0.20960487474928355,0.0,0.26077013913164093,0.6172354271135647,0.38634927413568093,0.2693335819014176
c3_w2_tcop_cm0_states_L0.4_kp0_7599_ucp0_1234_s256,cm0,stageC,0.35,0.7599,0.25,0.12339551870278656,256,9,0.12339551870278656,0,True,,0.39724800000000005,0.0006867137928992958,0.09008923762132011,0.3564652879819238,0.39385569736530013,0.23485019718739056,0.20960487474928355,0.0,0.26077013913164093,0.6172354271135647,0.3761672784078716,0.26795854826903215
c3_w2_tcop_cm0_states_L0.4_kp0_7599_ucp0_1234_s256,cm0,stageC,0.35,0.7599,0.25,0.12339551870278656,256,10,0.12339551870278656,1,True,,0.394912,0.0026623363179409465,0.0540580803074685,0.3564652879819238,0.3930379638487326,0.23462879353894636,0.20960487474928355,0.0,0.26077013913164093,0.6172354271135647,0.3778939474939135,0.2649622804164766
c3_w2_tcop_cm0_states_L0.4_kp0_7599_ucp0_1234_s256,cm0,stageC,0.35,0.7599,0.25,0.12339551870278656,256,11,0.12339551870278656,2,True,,0.39459199999999994,0.0018623485335930957,0.044629346139639495,0.3564652879819238,0.39292659584172157,0.2346208841693527,0.20960487474928355,0.0,0.26077013913164093,0.6172354271135647,0.37889187037602395,0.2722196266685457
c3_w2_tcop_cm0_states_L0.4_kp0_7599_ucp0_1234_s256,cm0,stageC,0.35,0.7599,0.25,0.12339551870278656,256,12,0.12339551870278656,0,True,,0.39596800000000004,-0.0011425888013841033,0.06987886708571384,0.3564652879819238,0.3933982950891228,0.23476570848867606,0.20960487474928355,0.0,0.26077013913164093,0.6172354271135647,0.3701132135786829,0.2720017440413618
c3_w2_tcop_cm0_states_L0.4_kp0_7599_ucp0_1234_s256,cm0,stageC,0.35,0.7599,0.25,0.12339551870278656,256,13,0.12339551870278656,1,True,,0.391872,0.008385067363761637,0.07904388058187174,0.3564652879819238,0.3919785356993827,0.23434764097894092,0.20960487474928355,0.0,0.26077013913164093,0.6172354271135647,0.39239283826424154,0.2730157723579056
c3_w2_tcop_cm0_states_L0.4_kp0_7599_ucp0_1234_s256,cm0,stageC,0.35,0.7599,0.25,0.12339551870278656,256,14,0.12339551870278656,2,True,,0.394048,0.00016840996111721192,0.06397591054919176,0.3564652879819238,0.39269425465903657,0.2346458068508,0.20960487474928355,0.0,0.26077013913164093,0.6172354271135647,0.372011419626774,0.265228673931571
c3_w2_tcop_cm0_states_L0.4_kp0_7599_ucp0_1234_s256,cm0,stageC,0.35,0.7599,0.25,0.12339551870278656,256,15,0.12339551870278656,0,False,BLOCK_15_PARTIAL_CYCLE,0.39476799999999995,0.002895508240826089,0.05931304795540427,0.3564652879819238,0.3929943849544396,0.2346185227880894,0.20960487474928355,0.0,0.26077013913164093,0.6172354271135647,0.37726061540986344,0.271728877904194
c3_w2_tcop_cm0_states_L0.4_kp0_7599_ucp0_1234_s1024,cm0,stageC,0.35,0.7599,0.25,0.12339551870278656,1024,0,0.12339551870278656,0,False,PRE_PRIMARY_INCOMPLETE_CYCLE,0.380256,-0.0004886376791243734,0.06365051784293926,0.3564652879819238,0.38799364715420853,0.23325151856912735,0.20960487474928355,0.0,0.26077013913164093,0.6172354271135647,0.3740703989123782,0.27670299359999
c3_w2_tcop_cm0_states_L0.4_kp0_7599_ucp0_1234_s1024,cm0,stageC,0.35,0.7599,0.25,0.12339551870278656,1024,1,0.12339551870278656,1,False,PRE_PRIMARY_INCOMPLETE_CYCLE,0.395312,0.0009642682339829492,0.05279878737234532,0.3564652879819238,0.3931624208929348,0.2347233767524326,0.20960487474928355,0.0,0.26077013913164093,0.6172354271135647,0.37436789408249765,0.27347092949245505
c3_w2_tcop_cm0_states_L0.4_kp0_7599_ucp0_1234_s1024,cm0,stageC,0.35,0.7599,0.25,0.12339551870278656,1024,2,0.12339551870278656,2,False,PRE_PRIMARY_INCOMPLETE_CYCLE,0.3924,0.004785677026044874,0.0641981169396313,0.3564652879819238,0.39212486940107255,0.23447951688896743,0.20960487474928355,0.0,0.26077013913164093,0.6172354271135647,0.385086242101572,0.2722322770349061
c3_w2_tcop_cm0_states_L0.4_kp0_7599_ucp0_1234_s1024,cm0,stageC,0.35,0.7599,0.25,0.12339551870278656,1024,3,0.12339551870278656,0,True,,0.39291200000000004,0.004135439237548747,0.055043599317677404,0.3564652879819238,0.39231609888300534,0.23451351838230872,0.20960487474928355,0.0,0.26077013913164093,0.6172354271135647,0.3833042161687986,0.2711210815809547
c3_w2_tcop_cm0_states_L0.4_kp0_7599_ucp0_1234_s1024,cm0,stageC,0.35,0.7599,0.25,0.12339551870278656,1024,4,0.12339551870278656,1,True,,0.39553600000000005,0.0034241916780723123,0.05343051280237874,0.3564652879819238,0.39324856867465496,0.23470779783297438,0.20960487474928355,0.0,0.26077013913164093,0.6172354271135647,0.3790756501541848,0.26489125793068086
c3_w2_tcop_cm0_states_L0.4_kp0_7599_ucp0_1234_s1024,cm0,stageC,0.35,0.7599,0.25,0.12339551870278656,1024,5,0.12339551870278656,2,True,,0.3951199999999999,0.002276348040654466,0.05642607435574695,0.3564652879819238,0.39309213408175075,0.23470696141075403,0.20960487474928355,0.0,0.26077013913164093,0.6172354271135647,0.3804576911645776,0.2741623705881074
c3_w2_tcop_cm0_states_L0.4_kp0_7599_ucp0_1234_s1024,cm0,stageC,0.35,0.7599,0.25,0.12339551870278656,1024,6,0.12339551870278656,0,True,,0.40182399999999996,-0.0001110751562197166,0.06258222300197382,0.3564652879819238,0.39551105035752326,0.23515342535167744,0.20960487474928355,0.0,0.26077013913164093,0.6172354271135647,0.3738428330518704,0.2706961424321472
c3_w2_tcop_cm0_states_L0.4_kp0_7599_ucp0_1234_s1024,cm0,stageC,0.35,0.7599,0.25,0.12339551870278656,1024,7,0.12339551870278656,1,True,,0.392832,0.004457185807339595,0.0848491908297707,0.3564652879819238,0.39228537267826086,0.23450994345093767,0.20960487474928355,0.0,0.26077013913164093,0.6172354271135647,0.3808492271382065,0.26878533249273273
c3_w2_tcop_cm0_states_L0.4_kp0_7599_ucp0_1234_s1024,cm0,stageC,0.35,0.7599,0.25,0.12339551870278656,1024,8,0.12339551870278656,2,True,,0.391296,0.0033383579576660165,0.07794340785773307,0.3564652879819238,0.39175682924786104,0.2343504138062171,0.20960487474928355,0.0,0.26077013913164093,0.6172354271135647,0.3843919691739821,0.2743391467053938
c3_w2_tcop_cm0_states_L0.4_kp0_7599_ucp0_1234_s1024,cm0,stageC,0.35,0.7599,0.25,0.12339551870278656,1024,9,0.12339551870278656,0,True,,0.39684800000000003,0.0006961427532436468,0.05990439666809181,0.3564652879819238,0.39371983181235193,0.23479974566791678,0.20960487474928355,0.0,0.26077013913164093,0.6172354271135647,0.3756060127461555,0.2709776094248538
c3_w2_tcop_cm0_states_L0.4_kp0_7599_ucp0_1234_s1024,cm0,stageC,0.35,0.7599,0.25,0.12339551870278656,1024,10,0.12339551870278656,1,True,,0.39422399999999996,0.003734618672344125,0.05873542016170498,0.3564652879819238,0.39279153535201294,0.23459944275253977,0.20960487474928355,0.0,0.26077013913164093,0.6172354271135647,0.37945315038881544,0.269716242376574
c3_w2_tcop_cm0_states_L0.4_kp0_7599_ucp0_1234_s1024,cm0,stageC,0.35,0.7599,0.25,0.12339551870278656,1024,11,0.12339551870278656,2,True,,0.3935039999999999,0.0027931917724576916,0.07705897444663333,0.3564652879819238,0.39252704975387454,0.2345446994042041,0.20960487474928355,0.0,0.26077013913164093,0.6172354271135647,0.3801920031083351,0.27152973799514124
c3_w2_tcop_cm0_states_L0.4_kp0_7599_ucp0_1234_s1024,cm0,stageC,0.35,0.7599,0.25,0.12339551870278656,1024,12,0.12339551870278656,0,True,,0.394176,0.0017305113394545447,0.046034187239941037,0.3564652879819238,0.39275603397619735,0.2346258197617148,0.20960487474928355,0.0,0.26077013913164093,0.6172354271135647,0.3770120021500772,0.2657253310090655
c3_w2_tcop_cm0_states_L0.4_kp0_7599_ucp0_1234_s1024,cm0,stageC,0.35,0.7599,0.25,0.12339551870278656,1024,13,0.12339551870278656,1,True,,0.3970079999999999,0.0011162886936261862,0.039808765065017446,0.3564652879819238,0.3937802468268452,0.23482371527459642,0.20960487474928355,0.0,0.26077013913164093,0.6172354271135647,0.3745793439315587,0.271228293731253
c3_w2_tcop_cm0_states_L0.4_kp0_7599_ucp0_1234_s1024,cm0,stageC,0.35,0.7599,0.25,0.12339551870278656,1024,14,0.12339551870278656,2,True,,0.399456,0.002673922051358586,0.060121485317368994,0.3564652879819238,0.39466571014982277,0.2349749212817978,0.20960487474928355,0.0,0.26077013913164093,0.6172354271135647,0.3794379427005154,0.2712903241435159
c3_w2_tcop_cm0_states_L0.4_kp0_7599_ucp0_1234_s1024,cm0,stageC,0.35,0.7599,0.25,0.12339551870278656,1024,15,0.12339551870278656,0,False,BLOCK_15_PARTIAL_CYCLE,0.394176,0.0036015143974072444,0.05945218497536332,0.3564652879819238,0.39277077900442225,0.23460860870644792,0.20960487474928355,0.0,0.26077013913164093,0.6172354271135647,0.38180240577808516,0.2737639948343599
c3_w2_tcop_cm0_states_L0.4_kp0_7599_ucp0_1234_s31415,cm0,stageC,0.35,0.7599,0.25,0.12339551870278656,31415,0,0.12339551870278656,0,False,PRE_PRIMARY_INCOMPLETE_CYCLE,0.37363199999999996,0.0004135844442996644,0.06751352807442314,0.3564652879819238,0.3856200714884225,0.23278796239267083,0.20960487474928355,0.0,0.26077013913164093,0.6172354271135647,0.3747543268690645,0.27998856066082883
c3_w2_tcop_cm0_states_L0.4_kp0_7599_ucp0_1234_s31415,cm0,stageC,0.35,0.7599,0.25,0.12339551870278656,31415,1,0.12339551870278656,1,False,PRE_PRIMARY_INCOMPLETE_CYCLE,0.392016,0.0057107699600156,0.06625779935825002,0.3564652879819238,0.3919975517698298,0.23444475977332355,0.20960487474928355,0.0,0.26077013913164093,0.6172354271135647,0.38580068494250225,0.2744375153998177
c3_w2_tcop_cm0_states_L0.4_kp0_7599_ucp0_1234_s31415,cm0,stageC,0.35,0.7599,0.25,0.12339551870278656,31415,2,0.12339551870278656,2,False,PRE_PRIMARY_INCOMPLETE_CYCLE,0.39624000000000004,0.004013459600079337,0.05807724025359421,0.3564652879819238,0.3935090901144498,0.23473952207763682,0.20960487474928355,0.0,0.26077013913164093,0.6172354271135647,0.386525141367345,0.27089333254900394
c3_w2_tcop_cm0_states_L0.4_kp0_7599_ucp0_1234_s31415,cm0,stageC,0.35,0.7599,0.25,0.12339551870278656,31415,3,0.12339551870278656,0,True,,0.39251199999999997,0.0015365146127855442,0.06736166984859382,0.3564652879819238,0.3921780682453954,0.23446691102583775,0.20960487474928355,0.0,0.26077013913164093,0.6172354271135647,0.378344967852791,0.2720215522364685
c3_w2_tcop_cm0_states_L0.4_kp0_7599_ucp0_1234_s31415,cm0,stageC,0.35,0.7599,0.25,0.12339551870278656,31415,4,0.12339551870278656,1,True,,0.395152,0.001660359499590865,0.04525196013285069,0.3564652879819238,0.39312269946795403,0.23466482938654704,0.20960487474928355,0.0,0.26077013913164093,0.6172354271135647,0.3727517861807436,0.266552356943725
c3_w2_tcop_cm0_states_L0.4_kp0_7599_ucp0_1234_s31415,cm0,stageC,0.35,0.7599,0.25,0.12339551870278656,31415,5,0.12339551870278656,2,True,,0.394064,0.005050264871129934,0.07434299300292845,0.3564652879819238,0.3927595444604682,0.23453421282859555,0.20960487474928355,0.0,0.26077013913164093,0.6172354271135647,0.38596597411197736,0.2741507752264942
c3_w2_tcop_cm0_states_L0.4_kp0_7599_ucp0_1234_s31415,cm0,stageC,0.35,0.7599,0.25,0.12339551870278656,31415,6,0.12339551870278656,0,True,,0.3935039999999999,0.003908279227040717,0.051066160134633685,0.3564652879819238,0.3925389574161738,0.23451607151242282,0.20960487474928355,0.0,0.26077013913164093,0.6172354271135647,0.38199413023065076,0.2688347584076686
c3_w2_tcop_cm0_states_L0.4_kp0_7599_ucp0_1234_s31415,cm0,stageC,0.35,0.7599,0.25,0.12339551870278656,31415,7,0.12339551870278656,1,True,,0.39523199999999997,-0.00048134240420183016,0.05728595682608655,0.3564652879819238,0.3931385531682745,0.23469177212927333,0.20960487474928355,0.0,0.26077013913164093,0.6172354271135647,0.37495336399964807,0.2710089443246576
c3_w2_tcop_cm0_states_L0.4_kp0_7599_ucp0_1234_s31415,cm0,stageC,0.35,0.7599,0.25,0.12339551870278656,31415,8,0.12339551870278656,2,True,,0.3940000000000001,0.006659963031271452,0.0640841400439019,0.3564652879819238,0.3927220994000667,0.23454847242959578,0.20960487474928355,0.0,0.26077013913164093,0.6172354271135647,0.3846282861270053,0.27089599394231056
c3_w2_tcop_cm0_states_L0.4_kp0_7599_ucp0_1234_s31415,cm0,stageC,0.35,0.7599,0.25,0.12339551870278656,31415,9,0.12339551870278656,0,True,,0.39180800000000005,0.0014351114409979276,0.05627602054441841,0.3564652879819238,0.3919120779397735,0.2344406956742795,0.20960487474928355,0.0,0.26077013913164093,0.6172354271135647,0.37492028972546626,0.26937646771033397
c3_w2_tcop_cm0_states_L0.4_kp0_7599_ucp0_1234_s31415,cm0,stageC,0.35,0.7599,0.25,0.12339551870278656,31415,10,0.12339551870278656,1,True,,0.39622399999999997,0.0043126828989772485,0.07063165234080904,0.3564652879819238,0.39349994059670185,0.23473866425798706,0.20960487474928355,0.0,0.26077013913164093,0.6172354271135647,0.38350603443726394,0.26932623051692833
c3_w2_tcop_cm0_states_L0.4_kp0_7599_ucp0_1234_s31415,cm0,stageC,0.35,0.7599,0.25,0.12339551870278656,31415,11,0.12339551870278656,2,True,,0.39316799999999996,0.006967732716582103,0.05053667909487049,0.3564652879819238,0.3924089358403836,0.23452938799630274,0.20960487474928355,0.0,0.26077013913164093,0.6172354271135647,0.3891097992633956,0.27299607113697716
c3_w2_tcop_cm0_states_L0.4_kp0_7599_ucp0_1234_s31415,cm0,stageC,0.35,0.7599,0.25,0.12339551870278656,31415,12,0.12339551870278656,0,True,,0.39684800000000003,0.00035434257625353827,0.07473850412606409,0.3564652879819238,0.3937228911450574,0.23479687312747163,0.20960487474928355,0.0,0.26077013913164093,0.6172354271135647,0.3780669817346521,0.2705012185980736
c3_w2_tcop_cm0_states_L0.4_kp0_7599_ucp0_1234_s31415,cm0,stageC,0.35,0.7599,0.25,0.12339551870278656,31415,13,0.12339551870278656,1,True,,0.396016,0.0007344338557378061,0.05437265808898226,0.3564652879819238,0.3934213024485523,0.23475869975267688,0.20960487474928355,0.0,0.26077013913164093,0.6172354271135647,0.37285411265515217,0.2701375509055126
c3_w2_tcop_cm0_states_L0.4_kp0_7599_ucp0_1234_s31415,cm0,stageC,0.35,0.7599,0.25,0.12339551870278656,31415,14,0.12339551870278656,2,True,,0.393248,0.004276207339548448,0.062224566672770175,0.3564652879819238,0.3924563828438032,0.23450236775940064,0.20960487474928355,0.0,0.26077013913164093,0.6172354271135647,0.3785145719724221,0.27095423930799106
c3_w2_tcop_cm0_states_L0.4_kp0_7599_ucp0_1234_s31415,cm0,stageC,0.35,0.7599,0.25,0.12339551870278656,31415,15,0.12339551870278656,0,False,BLOCK_15_PARTIAL_CYCLE,0.40108799999999994,0.0016996827091242952,0.05838387810231761,0.3564652879819238,0.3952348995045144,0.23510950653029303,0.20960487474928355,0.0,0.26077013913164093,0.6172354271135647,0.3782135097913445,0.2682229444751359
c3_w2_tcop_cm0_states_L0.4_kp0_7599_ucp0_2425_s42,cm0,stageC,0.35,0.7599,0.5,0.24248438819907564,42,0,0.24248438819907564,0,False,PRE_PRIMARY_INCOMPLETE_CYCLE,0.3981760000000001,0.0025724261644265245,0.052667808071482934,0.36057987865255786,0.4226605913904654,0.2394983914698928,0.21921989808719056,0.0,0.2843712915534063,0.6449511702059642,0.3823223975246997,0.27313682132317946
c3_w2_tcop_cm0_states_L0.4_kp0_7599_ucp0_2425_s42,cm0,stageC,0.35,0.7599,0.5,0.24248438819907564,42,1,0.24248438819907564,1,False,PRE_PRIMARY_INCOMPLETE_CYCLE,0.4165920000000001,-0.002869624009003811,0.03774799520652139,0.36057987865255786,0.42921370927560404,0.24091579605320176,0.21921989808719056,0.0,0.2843712915534063,0.6449511702059642,0.36456800717094995,0.26169693557169976
c3_w2_tcop_cm0_states_L0.4_kp0_7599_ucp0_2425_s42,cm0,stageC,0.35,0.7599,0.5,0.24248438819907564,42,2,0.24248438819907564,2,False,PRE_PRIMARY_INCOMPLETE_CYCLE,0.41398399999999996,0.0031541461577992073,0.058303666622372276,0.36057987865255786,0.4282922625483227,0.2406660500563041,0.21921989808719056,0.0,0.2843712915534063,0.6449511702059642,0.3867141914916094,0.2744063096195059
c3_w2_tcop_cm0_states_L0.4_kp0_7599_ucp0_2425_s42,cm0,stageC,0.35,0.7599,0.5,0.24248438819907564,42,3,0.24248438819907564,0,True,,0.41888000000000003,-0.00019435344418387547,0.042891035598016894,0.36057987865255786,0.4300707991115333,0.24097145021306654,0.21921989808719056,0.0,0.2843712915534063,0.6449511702059642,0.37397338017940335,0.26045230898147237
c3_w2_tcop_cm0_states_L0.4_kp0_7599_ucp0_2425_s42,cm0,stageC,0.35,0.7599,0.5,0.24248438819907564,42,4,0.24248438819907564,1,True,,0.417136,0.004955760008362208,0.04511423494488023,0.36057987865255786,0.4294531018440593,0.24083628936253934,0.21921989808719056,0.0,0.2843712915534063,0.6449511702059642,0.3845537739392961,0.27342840897171894
c3_w2_tcop_cm0_states_L0.4_kp0_7599_ucp0_2425_s42,cm0,stageC,0.35,0.7599,0.5,0.24248438819907564,42,5,0.24248438819907564,2,True,,0.42047999999999996,0.00024653806011538384,0.055124377698020206,0.36057987865255786,0.4306556975951341,0.24106644204058475,0.21921989808719056,0.0,0.2843712915534063,0.6449511702059642,0.37137158163803474,0.26399864134483886
c3_w2_tcop_cm0_states_L0.4_kp0_7599_ucp0_2425_s42,cm0,stageC,0.35,0.7599,0.5,0.24248438819907564,42,6,0.24248438819907564,0,True,,0.4150400000000001,0.0002813273658390804,0.05642517930355578,0.36057987865255786,0.4286619825552223,0.24079537400120857,0.21921989808719056,0.0,0.2843712915534063,0.6449511702059642,0.37618999653847923,0.268304863548267
c3_w2_tcop_cm0_states_L0.4_kp0_7599_ucp0_2425_s42,cm0,stageC,0.35,0.7599,0.5,0.24248438819907564,42,7,0.24248438819907564,1,True,,0.4157599999999999,0.0015611029657563902,0.057881134560372055,0.36057987865255786,0.42893097203969877,0.24080229020491076,0.21921989808719056,0.0,0.2843712915534063,0.6449511702059642,0.37298633337524983,0.2676426045608286
c3_w2_tcop_cm0_states_L0.4_kp0_7599_ucp0_2425_s42,cm0,stageC,0.35,0.7599,0.5,0.24248438819907564,42,8,0.24248438819907564,2,True,,0.41486399999999996,0.0010717593912853193,0.05972512435431274,0.36057987865255786,0.4285988008460626,0.24077677962571445,0.21921989808719056,0.0,0.2843712915534063,0.6449511702059642,0.3749420580998435,0.26726963480956023
c3_w2_tcop_cm0_states_L0.4_kp0_7599_ucp0_2425_s42,cm0,stageC,0.35,0.7599,0.5,0.24248438819907564,42,9,0.24248438819907564,0,True,,0.417904,-0.0006738736078928904,0.07282529196562922,0.36057987865255786,0.42970563341372625,0.24095186190008092,0.21921989808719056,0.0,0.2843712915534063,0.6449511702059642,0.37328723421946314,0.26605232029984827
c3_w2_tcop_cm0_states_L0.4_kp0_7599_ucp0_2425_s42,cm0,stageC,0.35,0.7599,0.5,0.24248438819907564,42,10,0.24248438819907564,1,True,,0.41705600000000004,0.0010760878529455257,0.05249845884849777,0.36057987865255786,0.4294041441645856,0.24089116491830517,0.21921989808719056,0.0,0.2843712915534063,0.6449511702059642,0.37509297418067433,0.26426030733730643
c3_w2_tcop_cm0_states_L0.4_kp0_7599_ucp0_2425_s42,cm0,stageC,0.35,0.7599,0.5,0.24248438819907564,42,11,0.24248438819907564,2,True,,0.41489600000000004,0.001980390297254592,0.05350626105643178,0.36057987865255786,0.4286173762990039,0.2407663987025629,0.21921989808719056,0.0,0.2843712915534063,0.6449511702059642,0.3806197119956087,0.27066889565296187
c3_w2_tcop_cm0_states_L0.4_kp0_7599_ucp0_2425_s42,cm0,stageC,0.35,0.7599,0.5,0.24248438819907564,42,12,0.24248438819907564,0,True,,0.42056000000000004,-0.0002768751171765159,0.05974672671322098,0.36057987865255786,0.4307072997999458,0.24099756892404017,0.21921989808719056,0.0,0.2843712915534063,0.6449511702059642,0.37025560670200036,0.2694380894006196
c3_w2_tcop_cm0_states_L0.4_kp0_7599_ucp0_2425_s42,cm0,stageC,0.35,0.7599,0.5,0.24248438819907564,42,13,0.24248438819907564,1,True,,0.41883200000000004,-0.0065206947750017855,0.041573445411485575,0.36057987865255786,0.4300416956671268,0.24100429313144875,0.21921989808719056,0.0,0.2843712915534063,0.6449511702059642,0.35688483097450224,0.26103416450346356
c3_w2_tcop_cm0_states_L0.4_kp0_7599_ucp0_2425_s42,cm0,stageC,0.35,0.7599,0.5,0.24248438819907564,42,14,0.24248438819907564,2,True,,0.41486399999999996,0.0017431407971978553,0.060565767038293396,0.36057987865255786,0.42859553704420494,0.24076524261572038,0.21921989808719056,0.0,0.2843712915534063,0.6449511702059642,0.37353737390227776,0.26614704716836357
c3_w2_tcop_cm0_states_L0.4_kp0_7599_ucp0_2425_s42,cm0,stageC,0.35,0.7599,0.5,0.24248438819907564,42,15,0.24248438819907564,0,False,BLOCK_15_PARTIAL_CYCLE,0.41883200000000004,-0.002646225734352538,0.08390275543247694,0.36057987865255786,0.4300574342134886,0.2409749915926596,0.21921989808719056,0.0,0.2843712915534063,0.6449511702059642,0.3681481262741859,0.2684643127196348
c3_w2_tcop_cm0_states_L0.4_kp0_7599_ucp0_2425_s137,cm0,stageC,0.35,0.7599,0.5,0.24248438819907564,137,0,0.24248438819907564,0,False,PRE_PRIMARY_INCOMPLETE_CYCLE,0.4028319999999999,0.001109026877513639,0.05876760769390031,0.36057987865255786,0.42437075726015505,0.2397100245078135,0.21921989808719056,0.0,0.2843712915534063,0.6449511702059642,0.3788012926591915,0.2706141392951185
c3_w2_tcop_cm0_states_L0.4_kp0_7599_ucp0_2425_s137,cm0,stageC,0.35,0.7599,0.5,0.24248438819907564,137,1,0.24248438819907564,1,False,PRE_PRIMARY_INCOMPLETE_CYCLE,0.415168,-0.0009764175953427168,0.04757633558589049,0.36057987865255786,0.4287121347283331,0.2407754687880437,0.21921989808719056,0.0,0.2843712915534063,0.6449511702059642,0.37375633345806497,0.26840978188034964
c3_w2_tcop_cm0_states_L0.4_kp0_7599_ucp0_2425_s137,cm0,stageC,0.35,0.7599,0.5,0.24248438819907564,137,2,0.24248438819907564,2,False,PRE_PRIMARY_INCOMPLETE_CYCLE,0.41603199999999996,0.000554004333564651,0.05200342536024234,0.36057987865255786,0.4290196085333211,0.24086379857241322,0.21921989808719056,0.0,0.2843712915534063,0.6449511702059642,0.3682362247240327,0.26314317091760114
c3_w2_tcop_cm0_states_L0.4_kp0_7599_ucp0_2425_s137,cm0,stageC,0.35,0.7599,0.5,0.24248438819907564,137,3,0.24248438819907564,0,True,,0.418352,0.0014841346585513374,0.061031123529368916,0.36057987865255786,0.4298785713846524,0.24096169239829154,0.21921989808719056,0.0,0.2843712915534063,0.6449511702059642,0.3773911422609183,0.2678527981404834
c3_w2_tcop_cm0_states_L0.4_kp0_7599_ucp0_2425_s137,cm0,stageC,0.35,0.7599,0.5,0.24248438819907564,137,4,0.24248438819907564,1,True,,0.41556799999999994,0.001661515221870931,0.03373699351483872,0.36057987865255786,0.428866671133627,0.24078272505772813,0.21921989808719056,0.0,0.2843712915534063,0.6449511702059642,0.38112914109018325,0.26809007966143616
c3_w2_tcop_cm0_states_L0.4_kp0_7599_ucp0_2425_s137,cm0,stageC,0.35,0.7599,0.5,0.24248438819907564,137,5,0.24248438819907564,2,True,,0.41476799999999997,0.0037442812828442844,0.050198513686433605,0.36057987865255786,0.42858280803990484,0.24071530178996153,0.21921989808719056,0.0,0.2843712915534063,0.6449511702059642,0.3822651591073485,0.2685607036065647
c3_w2_tcop_cm0_states_L0.4_kp0_7599_ucp0_2425_s137,cm0,stageC,0.35,0.7599,0.5,0.24248438819907564,137,6,0.24248438819907564,0,True,,0.414592,0.0025864028561898445,0.03946000050838591,0.36057987865255786,0.42850085593997106,0.24073455545769482,0.21921989808719056,0.0,0.2843712915534063,0.6449511702059642,0.37787749190828024,0.26230859580461485
c3_w2_tcop_cm0_states_L0.4_kp0_7599_ucp0_2425_s137,cm0,stageC,0.35,0.7599,0.5,0.24248438819907564,137,7,0.24248438819907564,1,True,,0.417616,0.0008251734018896687,0.06717762101032797,0.36057987865255786,0.42961066666779385,0.24092071907753834,0.21921989808719056,0.0,0.2843712915534063,0.6449511702059642,0.37303444882740244,0.2678186062415044
c3_w2_tcop_cm0_states_L0.4_kp0_7599_ucp0_2425_s137,cm0,stageC,0.35,0.7599,0.5,0.24248438819907564,137,8,0.24248438819907564,2,True,,0.4149439999999999,0.0019420215087009478,0.0657377080572149,0.36057987865255786,0.4286446359126049,0.24073481428012414,0.21921989808719056,0.0,0.2843712915534063,0.6449511702059642,0.37944560816599276,0.2713767441959586
c3_w2_tcop_cm0_states_L0.4_kp0_7599_ucp0_2425_s137,cm0,stageC,0.35,0.7599,0.5,0.24248438819907564,137,9,0.24248438819907564,0,True,,0.414816,0.005451165086291038,0.08201173244641585,0.36057987865255786,0.42860545273391043,0.24067016590933363,0.21921989808719056,0.0,0.2843712915534063,0.6449511702059642,0.39007911023060915,0.2721824699290769
c3_w2_tcop_cm0_states_L0.4_kp0_7599_ucp0_2425_s137,cm0,stageC,0.35,0.7599,0.5,0.24248438819907564,137,10,0.24248438819907564,1,True,,0.415888,-0.00043164364932587004,0.06803877948021173,0.36057987865255786,0.42895673857081085,0.24088347413874217,0.21921989808719056,0.0,0.2843712915534063,0.6449511702059642,0.37043389045748953,0.2645353425936248
c3_w2_tcop_cm0_states_L0.4_kp0_7599_ucp0_2425_s137,cm0,stageC,0.35,0.7599,0.5,0.24248438819907564,137,11,0.24248438819907564,2,True,,0.4156639999999999,0.0001715928808336216,0.06177376905490125,0.36057987865255786,0.42889741949247256,0.2407899517970075,0.21921989808719056,0.0,0.2843712915534063,0.6449511702059642,0.37509120929470763,0.2660931833822085
c3_w2_tcop_cm0_states_L0.4_kp0_7599_ucp0_2425_s137,cm0,stageC,0.35,0.7599,0.5,0.24248438819907564,137,12,0.24248438819907564,0,True,,0.41820799999999997,0.0025615360165574456,0.0725600428014481,0.36057987865255786,0.4298325275296597,0.24093261462941615,0.21921989808719056,0.0,0.2843712915534063,0.6449511702059642,0.37909506087579764,0.26908614181148116
c3_w2_tcop_cm0_states_L0.4_kp0_7599_ucp0_2425_s137,cm0,stageC,0.35,0.7599,0.5,0.24248438819907564,137,13,0.24248438819907564,1,True,,0.41375999999999996,0.0019608128980528367,0.05707003115333996,0.36057987865255786,0.4281991469147559,0.24069411619402514,0.21921989808719056,0.0,0.2843712915534063,0.6449511702059642,0.3777629677625645,0.26456930955391816
c3_w2_tcop_cm0_states_L0.4_kp0_7599_ucp0_2425_s137,cm0,stageC,0.35,0.7599,0.5,0.24248438819907564,137,14,0.24248438819907564,2,True,,0.416864,0.002783405306693439,0.0538427059764858,0.36057987865255786,0.42935377916579764,0.2408039893976764,0.21921989808719056,0.0,0.2843712915534063,0.6449511702059642,0.3814562343370006,0.2681571721106022
c3_w2_tcop_cm0_states_L0.4_kp0_7599_ucp0_2425_s137,cm0,stageC,0.35,0.7599,0.5,0.24248438819907564,137,15,0.24248438819907564,0,False,BLOCK_15_PARTIAL_CYCLE,0.41528,0.00255085004940122,0.09362171616184231,0.36057987865255786,0.42876181982605066,0.24075483631595268,0.21921989808719056,0.0,0.2843712915534063,0.6449511702059642,0.38282626806723513,0.27072968361231853
c3_w2_tcop_cm0_states_L0.4_kp0_7599_ucp0_2425_s256,cm0,stageC,0.35,0.7599,0.5,0.24248438819907564,256,0,0.24248438819907564,0,False,PRE_PRIMARY_INCOMPLETE_CYCLE,0.39889600000000003,0.003530371666291841,0.05718956107857119,0.36057987865255786,0.4229294195810863,0.23951528184259246,0.21921989808719056,0.0,0.2843712915534063,0.6449511702059642,0.3832144398368167,0.27251658145090646
c3_w2_tcop_cm0_states_L0.4_kp0_7599_ucp0_2425_s256,cm0,stageC,0.35,0.7599,0.5,0.24248438819907564,256,1,0.24248438819907564,1,False,PRE_PRIMARY_INCOMPLETE_CYCLE,0.418096,-0.001078216008306153,0.057544163346023344,0.36057987865255786,0.429793340189252,0.24089884320039123,0.21921989808719056,0.0,0.2843712915534063,0.6449511702059642,0.37074240559379235,0.2634690399720689
c3_w2_tcop_cm0_states_L0.4_kp0_7599_ucp0_2425_s256,cm0,stageC,0.35,0.7599,0.5,0.24248438819907564,256,2,0.24248438819907564,2,False,PRE_PRIMARY_INCOMPLETE_CYCLE,0.419808,-0.0005737253447499976,0.06602907622017591,0.36057987865255786,0.4304040999042506,0.24105783995859315,0.21921989808719056,0.0,0.2843712915534063,0.6449511702059642,0.3740471620949144,0.26799945974277184
c3_w2_tcop_cm0_states_L0.4_kp0_7599_ucp0_2425_s256,cm0,stageC,0.35,0.7599,0.5,0.24248438819907564,256,3,0.24248438819907564,0,True,,0.420512,-0.0012091985657703154,0.06087703505424084,0.36057987865255786,0.430670783283383,0.24105322511897806,0.21921989808719056,0.0,0.2843712915534063,0.6449511702059642,0.3720891922707387,0.2657004421792597
c3_w2_tcop_cm0_states_L0.4_kp0_7599_ucp0_2425_s256,cm0,stageC,0.35,0.7599,0.5,0.24248438819907564,256,4,0.24248438819907564,1,True,,0.41528,0.0044870353571229106,0.07762324683296166,0.36057987865255786,0.4287711669761018,0.2407299706742887,0.21921989808719056,0.0,0.2843712915534063,0.6449511702059642,0.3837968481326378,0.2678812942303146
c3_w2_tcop_cm0_states_L0.4_kp0_7599_ucp0_2425_s256,cm0,stageC,0.35,0.7599,0.5,0.24248438819907564,256,5,0.24248438819907564,2,True,,0.41257599999999994,0.0008597252713142084,0.02710503020769228,0.36057987865255786,0.42776814019521125,0.2406431400339004,0.21921989808719056,0.0,0.2843712915534063,0.6449511702059642,0.3773542659462924,0.27149979229017535
c3_w2_tcop_cm0_states_L0.4_kp0_7599_ucp0_2425_s256,cm0,stageC,0.35,0.7599,0.5,0.24248438819907564,256,6,0.24248438819907564,0,True,,0.415072,-0.002512266138314232,0.04382144112122756,0.36057987865255786,0.428670933772878,0.24079137463382974,0.21921989808719056,0.0,0.2843712915534063,0.6449511702059642,0.36711215512417233,0.26519618194462985
c3_w2_tcop_cm0_states_L0.4_kp0_7599_ucp0_2425_s256,cm0,stageC,0.35,0.7599,0.5,0.24248438819907564,256,7,0.24248438819907564,1,True,,0.418864,0.0006404075201642833,0.06427348363077086,0.36057987865255786,0.43007864060893736,0.24095445549900812,0.21921989808719056,0.0,0.2843712915534063,0.6449511702059642,0.3749047881880736,0.2699437615485565
c3_w2_tcop_cm0_states_L0.4_kp0_7599_ucp0_2425_s256,cm0,stageC,0.35,0.7599,0.5,0.24248438819907564,256,8,0.24248438819907564,2,True,,0.41755200000000003,0.00508357741265322,0.052315363432767575,0.36057987865255786,0.4295924289866937,0.24087351282623864,0.21921989808719056,0.0,0.2843712915534063,0.6449511702059642,0.3845451300217084,0.26551789913819146
c3_w2_tcop_cm0_states_L0.4_kp0_7599_ucp0_2425_s256,cm0,stageC,0.35,0.7599,0.5,0.24248438819907564,256,9,0.24248438819907564,0,True,,0.418544,-0.001466664077007382,0.08440991156059395,0.36057987865255786,0.4299365503608051,0.2410134886576696,0.21921989808719056,0.0,0.2843712915534063,0.6449511702059642,0.3695205203944331,0.264355114307104
c3_w2_tcop_cm0_states_L0.4_kp0_7599_ucp0_2425_s256,cm0,stageC,0.35,0.7599,0.5,0.24248438819907564,256,10,0.24248438819907564,1,True,,0.41612799999999994,-0.0012260678733610967,0.04721217243183373,0.36057987865255786,0.42906412652811166,0.2408240055273118,0.21921989808719056,0.0,0.2843712915534063,0.6449511702059642,0.3708368691848273,0.26147515845512254
c3_w2_tcop_cm0_states_L0.4_kp0_7599_ucp0_2425_s256,cm0,stageC,0.35,0.7599,0.5,0.24248438819907564,256,11,0.24248438819907564,2,True,,0.41748799999999997,0.00028538750565727805,0.04737666655152248,0.36057987865255786,0.4295683082744632,0.24089310166196198,0.21921989808719056,0.0,0.2843712915534063,0.6449511702059642,0.3725967471501859,0.2659600617722504
c3_w2_tcop_cm0_states_L0.4_kp0_7599_ucp0_2425_s256,cm0,stageC,0.35,0.7599,0.5,0.24248438819907564,256,12,0.24248438819907564,0,True,,0.41647999999999996,-0.0025778232180007797,0.06231718790858925,0.36057987865255786,0.4291861582090012,0.24089001616378825,0.21921989808719056,0.0,0.2843712915534063,0.6449511702059642,0.36573266981813596,0.2675425053254051
c3_w2_tcop_cm0_states_L0.4_kp0_7599_ucp0_2425_s256,cm0,stageC,0.35,0.7599,0.5,0.24248438819907564,256,13,0.24248438819907564,1,True,,0.41342399999999996,0.005934450377401883,0.07114343580648691,0.36057987865255786,0.4280928527972147,0.24062145547203062,0.21921989808719056,0.0,0.2843712915534063,0.6449511702059642,0.3871653275117317,0.268859179619633
c3_w2_tcop_cm0_states_L0.4_kp0_7599_ucp0_2425_s256,cm0,stageC,0.35,0.7599,0.5,0.24248438819907564,256,14,0.24248438819907564,2,True,,0.4172,-0.0025481711450592495,0.06645309244962624,0.36057987865255786,0.4294378241556961,0.2409374446880924,0.21921989808719056,0.0,0.2843712915534063,0.6449511702059642,0.3666024410337779,0.2613757107491494
c3_w2_tcop_cm0_states_L0.4_kp0_7599_ucp0_2425_s256,cm0,stageC,0.35,0.7599,0.5,0.24248438819907564,256,15,0.24248438819907564,0,False,BLOCK_15_PARTIAL_CYCLE,0.41660800000000003,0.0010729329017241,0.053743642307699305,0.36057987865255786,0.429248302586568,0.2408341640879316,0.21921989808719056,0.0,0.2843712915534063,0.6449511702059642,0.3731464136286867,0.26592976721210015
c3_w2_tcop_cm0_states_L0.4_kp0_7599_ucp0_2425_s1024,cm0,stageC,0.35,0.7599,0.5,0.24248438819907564,1024,0,0.24248438819907564,0,False,PRE_PRIMARY_INCOMPLETE_CYCLE,0.401856,-0.001333631464371568,0.06526926378611626,0.36057987865255786,0.42401954698642086,0.23965524477420644,0.21921989808719056,0.0,0.2843712915534063,0.6449511702059642,0.37516395096196115,0.27540574181130983
c3_w2_tcop_cm0_states_L0.4_kp0_7599_ucp0_2425_s1024,cm0,stageC,0.35,0.7599,0.5,0.24248438819907564,1024,1,0.24248438819907564,1,False,PRE_PRIMARY_INCOMPLETE_CYCLE,0.415728,-0.0003105523344652525,0.05039146325779516,0.36057987865255786,0.4289174306749068,0.24083051639351866,0.21921989808719056,0.0,0.2843712915534063,0.6449511702059642,0.37270301435913694,0.27052452985657255
c3_w2_tcop_cm0_states_L0.4_kp0_7599_ucp0_2425_s1024,cm0,stageC,0.35,0.7599,0.5,0.24248438819907564,1024,2,0.24248438819907564,2,False,PRE_PRIMARY_INCOMPLETE_CYCLE,0.41359999999999997,0.0021807222923284813,0.06145045828594368,0.36057987865255786,0.42813174763226985,0.2407129408424049,0.21921989808719056,0.0,0.2843712915534063,0.6449511702059642,0.3805422711709672,0.26742033192323045
c3_w2_tcop_cm0_states_L0.4_kp0_7599_ucp0_2425_s1024,cm0,stageC,0.35,0.7599,0.5,0.24248438819907564,1024,3,0.24248438819907564,0,True,,0.41497600000000007,0.0010486270933388734,0.048984033658833574,0.36057987865255786,0.42864054867690143,0.24079372809411806,0.21921989808719056,0.0,0.2843712915534063,0.6449511702059642,0.37743187934559425,0.26800744504326185
c3_w2_tcop_cm0_states_L0.4_kp0_7599_ucp0_2425_s1024,cm0,stageC,0.35,0.7599,0.5,0.24248438819907564,1024,4,0.24248438819907564,1,True,,0.41832,0.0005128455326883357,0.049544019702002444,0.36057987865255786,0.42986044970069004,0.24095605889916072,0.21921989808719056,0.0,0.2843712915534063,0.6449511702059642,0.3725491563324721,0.26017508363988084
c3_w2_tcop_cm0_states_L0.4_kp0_7599_ucp0_2425_s1024,cm0,stageC,0.35,0.7599,0.5,0.24248438819907564,1024,5,0.24248438819907564,2,True,,0.416752,-0.001461980050479644,0.04855413118657663,0.36057987865255786,0.4292778174915162,0.24092068781754253,0.21921989808719056,0.0,0.2843712915534063,0.6449511702059642,0.3718844750518776,0.2674850350885365
c3_w2_tcop_cm0_states_L0.4_kp0_7599_ucp0_2425_s1024,cm0,stageC,0.35,0.7599,0.5,0.24248438819907564,1024,6,0.24248438819907564,0,True,,0.42292799999999997,-0.002050820304834853,0.05451180855395555,0.36057987865255786,0.431563579809153,0.24116106395511794,0.21921989808719056,0.0,0.2843712915534063,0.6449511702059642,0.3683916708864859,0.26439705473007674
c3_w2_tcop_cm0_states_L0.4_kp0_7599_ucp0_2425_s1024,cm0,stageC,0.35,0.7599,0.5,0.24248438819907564,1024,7,0.24248438819907564,1,True,,0.41422400000000004,0.002305685320285783,0.08371908188419078,0.36057987865255786,0.42836413106061877,0.2407404697564301,0.21921989808719056,0.0,0.2843712915534063,0.6449511702059642,0.3780540453623618,0.2637028572469713
c3_w2_tcop_cm0_states_L0.4_kp0_7599_ucp0_2425_s1024,cm0,stageC,0.35,0.7599,0.5,0.24248438819907564,1024,8,0.24248438819907564,2,True,,0.412704,0.000484727075449547,0.07070861095157999,0.36057987865255786,0.4278226197440024,0.24061728439331853,0.21921989808719056,0.0,0.2843712915534063,0.6449511702059642,0.37631462696455825,0.2691454107537529
c3_w2_tcop_cm0_states_L0.4_kp0_7599_ucp0_2425_s1024,cm0,stageC,0.35,0.7599,0.5,0.24248438819907564,1024,9,0.24248438819907564,0,True,,0.417984,-0.001539597967969643,0.06453540277192801,0.36057987865255786,0.42974084057519957,0.2409367249213332,0.21921989808719056,0.0,0.2843712915534063,0.6449511702059642,0.3695619809097009,0.26537889203627246
c3_w2_tcop_cm0_states_L0.4_kp0_7599_ucp0_2425_s1024,cm0,stageC,0.35,0.7599,0.5,0.24248438819907564,1024,10,0.24248438819907564,1,True,,0.41702399999999995,0.0022965225180624363,0.05442841498882351,0.36057987865255786,0.4294042121772739,0.24085317369465944,0.21921989808719056,0.0,0.2843712915534063,0.6449511702059642,0.37764555898673136,0.2663073232531823
c3_w2_tcop_cm0_states_L0.4_kp0_7599_ucp0_2425_s1024,cm0,stageC,0.35,0.7599,0.5,0.24248438819907564,1024,11,0.24248438819907564,2,True,,0.414992,0.0023613267965983138,0.06970415241795218,0.36057987865255786,0.4286539299708119,0.24074702825793887,0.21921989808719056,0.0,0.2843712915534063,0.6449511702059642,0.37961442488669195,0.2687834522421605
c3_w2_tcop_cm0_states_L0.4_kp0_7599_ucp0_2425_s1024,cm0,stageC,0.35,0.7599,0.5,0.24248438819907564,1024,12,0.24248438819907564,0,True,,0.41584000000000004,0.0009258692237479614,0.04850249307018054,0.36057987865255786,0.428957192658704,0.24083125970834054,0.21921989808719056,0.0,0.2843712915534063,0.6449511702059642,0.3748005152108028,0.2623342953954667
c3_w2_tcop_cm0_states_L0.4_kp0_7599_ucp0_2425_s1024,cm0,stageC,0.35,0.7599,0.5,0.24248438819907564,1024,13,0.24248438819907564,1,True,,0.418688,-0.0010744270899825429,0.0378075618333873,0.36057987865255786,0.4300088332017694,0.24096219720493586,0.21921989808719056,0.0,0.2843712915534063,0.6449511702059642,0.3688628378594248,0.26587912406240294
c3_w2_tcop_cm0_states_L0.4_kp0_7599_ucp0_2425_s1024,cm0,stageC,0.35,0.7599,0.5,0.24248438819907564,1024,14,0.24248438819907564,2,True,,0.42129599999999995,8.022731929053981e-05,0.050933394319380855,0.36057987865255786,0.4309619063968484,0.24108978915779486,0.21921989808719056,0.0,0.2843712915534063,0.6449511702059642,0.37374804993890537,0.26577818916017
c3_w2_tcop_cm0_states_L0.4_kp0_7599_ucp0_2425_s1024,cm0,stageC,0.35,0.7599,0.5,0.24248438819907564,1024,15,0.24248438819907564,0,False,BLOCK_15_PARTIAL_CYCLE,0.416816,0.0023977520950684674,0.052059322814205986,0.36057987865255786,0.4293230885564776,0.24086230382932072,0.21921989808719056,0.0,0.2843712915534063,0.6449511702059642,0.37993162878158665,0.26962673364995865
c3_w2_tcop_cm0_states_L0.4_kp0_7599_ucp0_2425_s31415,cm0,stageC,0.35,0.7599,0.5,0.24248438819907564,31415,0,0.24248438819907564,0,False,PRE_PRIMARY_INCOMPLETE_CYCLE,0.395584,-0.0023756182518443803,0.07242994760370454,0.36057987865255786,0.42170900585849047,0.23939110929326304,0.21921989808719056,0.0,0.2843712915534063,0.6449511702059642,0.3682559844771902,0.2737345570450782
c3_w2_tcop_cm0_states_L0.4_kp0_7599_ucp0_2425_s31415,cm0,stageC,0.35,0.7599,0.5,0.24248438819907564,31415,1,0.24248438819907564,1,False,PRE_PRIMARY_INCOMPLETE_CYCLE,0.413104,0.003677699854891844,0.05748319631395788,0.36057987865255786,0.42796142764247647,0.24066965206591126,0.21921989808719056,0.0,0.2843712915534063,0.6449511702059642,0.38308741232985916,0.2701652375904235
c3_w2_tcop_cm0_states_L0.4_kp0_7599_ucp0_2425_s31415,cm0,stageC,0.35,0.7599,0.5,0.24248438819907564,31415,2,0.24248438819907564,2,False,PRE_PRIMARY_INCOMPLETE_CYCLE,0.41736000000000006,0.001474467549700932,0.050399213222715726,0.36057987865255786,0.42951149881856215,0.24090084804181125,0.21921989808719056,0.0,0.2843712915534063,0.6449511702059642,0.381402589971602,0.26726713602955215
c3_w2_tcop_cm0_states_L0.4_kp0_7599_ucp0_2425_s31415,cm0,stageC,0.35,0.7599,0.5,0.24248438819907564,31415,3,0.24248438819907564,0,True,,0.41428800000000005,-0.001465296151885309,0.05330011673102635,0.36057987865255786,0.42839257350024706,0.24074180645200902,0.21921989808719056,0.0,0.2843712915534063,0.6449511702059642,0.37242538428340305,0.26988384010035604
c3_w2_tcop_cm0_states_L0.4_kp0_7599_ucp0_2425_s31415,cm0,stageC,0.35,0.7599,0.5,0.24248438819907564,31415,4,0.24248438819907564,1,True,,0.4169439999999999,-0.0008623122505945841,0.03873246413669007,0.36057987865255786,0.42936726792803015,0.24087304367116805,0.21921989808719056,0.0,0.2843712915534063,0.6449511702059642,0.3673999052974705,0.26361308002732087
c3_w2_tcop_cm0_states_L0.4_kp0_7599_ucp0_2425_s31415,cm0,stageC,0.35,0.7599,0.5,0.24248438819907564,31415,5,0.24248438819907564,2,True,,0.41385600000000006,0.0032363385141987154,0.07330719556029125,0.36057987865255786,0.42825305816992176,0.24064881663051554,0.21921989808719056,0.0,0.2843712915534063,0.6449511702059642,0.3822190996102205,0.26884537780495316
c3_w2_tcop_cm0_states_L0.4_kp0_7599_ucp0_2425_s31415,cm0,stageC,0.35,0.7599,0.5,0.24248438819907564,31415,6,0.24248438819907564,0,True,,0.416016,0.002757754596929984,0.056872754062766366,0.36057987865255786,0.4290355758842024,0.24077444676211407,0.21921989808719056,0.0,0.2843712915534063,0.6449511702059642,0.37886950410933296,0.26575232937041554
c3_w2_tcop_cm0_states_L0.4_kp0_7599_ucp0_2425_s31415,cm0,stageC,0.35,0.7599,0.5,0.24248438819907564,31415,7,0.24248438819907564,1,True,,0.415792,-0.0008966094655248843,0.04692618853367006,0.36057987865255786,0.42894877256504915,0.24079398650808204,0.21921989808719056,0.0,0.2843712915534063,0.6449511702059642,0.3735522393986797,0.26876991957426294
c3_w2_tcop_cm0_states_L0.4_kp0_7599_ucp0_2425_s31415,cm0,stageC,0.35,0.7599,0.5,0.24248438819907564,31415,8,0.24248438819907564,2,True,,0.415152,0.00481699082155001,0.06538414624531164,0.36057987865255786,0.4287209728139127,0.2407299413631982,0.21921989808719056,0.0,0.2843712915534063,0.6449511702059642,0.38117013042724573,0.2689562066220108
c3_w2_tcop_cm0_states_L0.4_kp0_7599_ucp0_2425_s31415,cm0,stageC,0.35,0.7599,0.5,0.24248438819907564,31415,9,0.24248438819907564,0,True,,0.412848,-0.0001690785798459428,0.04672441128410712,0.36057987865255786,0.42785907116417904,0.24067139982062158,0.21921989808719056,0.0,0.2843712915534063,0.6449511702059642,0.3725882500419143,0.2671195947686127
c3_w2_tcop_cm0_states_L0.4_kp0_7599_ucp0_2425_s31415,cm0,stageC,0.35,0.7599,0.5,0.24248438819907564,31415,10,0.24248438819907564,1,True,,0.416544,0.00187571384412966,0.07072509224834454,0.36057987865255786,0.42921566536408096,0.2408337048640004,0.21921989808719056,0.0,0.2843712915534063,0.6449511702059642,0.38108618620300455,0.26818383349294855
c3_w2_tcop_cm0_states_L0.4_kp0_7599_ucp0_2425_s31415,cm0,stageC,0.35,0.7599,0.5,0.24248438819907564,31415,11,0.24248438819907564,2,True,,0.41366400000000003,0.004224109669266083,0.05050699485102739,0.36057987865255786,0.4281600361312074,0.24071956849072637,0.21921989808719056,0.0,0.2843712915534063,0.6449511702059642,0.38475729086917937,0.2703840324666887
c3_w2_tcop_cm0_states_L0.4_kp0_7599_ucp0_2425_s31415,cm0,stageC,0.35,0.7599,0.5,0.24248438819907564,31415,12,0.24248438819907564,0,True,,0.417856,-0.0027091870997231478,0.07023888429193827,0.36057987865255786,0.4296937218394239,0.24093171567056224,0.21921989808719056,0.0,0.2843712915534063,0.6449511702059642,0.3710193256465668,0.26711794116097776
c3_w2_tcop_cm0_states_L0.4_kp0_7599_ucp0_2425_s31415,cm0,stageC,0.35,0.7599,0.5,0.24248438819907564,31415,13,0.24248438819907564,1,True,,0.41822400000000004,-0.0034053146935334676,0.04422552210725201,0.36057987865255786,0.42982552523644946,0.2409759537695552,0.21921989808719056,0.0,0.2843712915534063,0.6449511702059642,0.36396577603612223,0.2652931053161453
c3_w2_tcop_cm0_states_L0.4_kp0_7599_ucp0_2425_s31415,cm0,stageC,0.35,0.7599,0.5,0.24248438819907564,31415,14,0.24248438819907564,2,True,,0.41385600000000006,0.003055894782276561,0.06475277655158547,0.36057987865255786,0.4282526460727101,0.24066478873299121,0.21921989808719056,0.0,0.2843712915534063,0.6449511702059642,0.3778378662985738,0.27036462498697317
c3_w2_tcop_cm0_states_L0.4_kp0_7599_ucp0_2425_s31415,cm0,stageC,0.35,0.7599,0.5,0.24248438819907564,31415,15,0.24248438819907564,0,False,BLOCK_15_PARTIAL_CYCLE,0.42132800000000004,-0.000596383021385427,0.057030019297773765,0.36057987865255786,0.4309695259355847,0.24109961123062665,0.21921989808719056,0.0,0.2843712915534063,0.6449511702059642,0.37426048992000377,0.2680470027425353
c3_w2_tcop_cm0_states_L0.4_km0_7599_ucp0_0498_s42,cm0,stageC,-0.35,-0.7599,0.1,0.04977134874876729,42,0,0.04977134874876729,0,False,PRE_PRIMARY_INCOMPLETE_CYCLE,0.41462399999999994,0.0043882955892286515,-0.03258224232106231,-0.3528683234799969,0.44485044863479667,0.2422159807889037,0.21900902664122987,0.0,0.24682951032897432,0.5996978338089712,0.3866766677150754,0.2778165497547405
c3_w2_tcop_cm0_states_L0.4_km0_7599_ucp0_0498_s42,cm0,stageC,-0.35,-0.7599,0.1,0.04977134874876729,42,1,0.04977134874876729,1,False,PRE_PRIMARY_INCOMPLETE_CYCLE,0.42375999999999997,0.0025403106392353496,-0.054696614019132166,-0.3528683234799969,0.44139333279736004,0.2423734975644508,0.21900902664122987,0.0,0.24682951032897432,0.5996978338089712,0.37846811495465793,0.26719427754004166
c3_w2_tcop_cm0_states_L0.4_km0_7599_ucp0_0498_s42,cm0,stageC,-0.35,-0.7599,0.1,0.04977134874876729,42,2,0.04977134874876729,2,False,PRE_PRIMARY_INCOMPLETE_CYCLE,0.42243200000000003,0.00398499705864483,-0.04606921711004422,-0.3528683234799969,0.4418907233826333,0.2423869685863722,0.21900902664122987,0.0,0.24682951032897432,0.5996978338089712,0.38541674876220033,0.2800008262318301
c3_w2_tcop_cm0_states_L0.4_km0_7599_ucp0_0498_s42,cm0,stageC,-0.35,-0.7599,0.1,0.04977134874876729,42,3,0.04977134874876729,0,True,,0.425136,0.0035503866471383204,-0.05988916092517391,-0.3528683234799969,0.4408912051482658,0.24229479438966,0.21900902664122987,0.0,0.24682951032897432,0.5996978338089712,0.38232787078141195,0.2686074633104722
c3_w2_tcop_cm0_states_L0.4_km0_7599_ucp0_0498_s42,cm0,stageC,-0.35,-0.7599,0.1,0.04977134874876729,42,4,0.04977134874876729,1,True,,0.42425599999999997,0.008873132447801968,-0.04290059098069237,-0.3528683234799969,0.4412277788451633,0.24226221982801147,0.21900902664122987,0.0,0.24682951032897432,0.5996978338089712,0.3944409164777863,0.27824744320355255
c3_w2_tcop_cm0_states_L0.4_km0_7599_ucp0_0498_s42,cm0,stageC,-0.35,-0.7599,0.1,0.04977134874876729,42,5,0.04977134874876729,2,True,,0.4258399999999999,0.005221538043407473,-0.042020825804667386,-0.3528683234799969,0.44062237990920433,0.24226938096049727,0.21900902664122987,0.0,0.24682951032897432,0.5996978338089712,0.3838020840858693,0.27303074684587125
c3_w2_tcop_cm0_states_L0.4_km0_7599_ucp0_0498_s42,cm0,stageC,-0.35,-0.7599,0.1,0.04977134874876729,42,6,0.04977134874876729,0,True,,0.4236,0.004420364126188132,-0.044111191107521014,-0.3528683234799969,0.4414472990652621,0.24236959684240217,0.21900902664122987,0.0,0.24682951032897432,0.5996978338089712,0.3843036855606226,0.27655411400586843
c3_w2_tcop_cm0_states_L0.4_km0_7599_ucp0_0498_s42,cm0,stageC,-0.35,-0.7599,0.1,0.04977134874876729,42,7,0.04977134874876729,1,True,,0.425152,0.005178561672866453,-0.05210160772249202,-0.3528683234799969,0.4408829199915956,0.24229061495553317,0.21900902664122987,0.0,0.24682951032897432,0.5996978338089712,0.38151628632553297,0.27272828973365587
c3_w2_tcop_cm0_states_L0.4_km0_7599_ucp0_0498_s42,cm0,stageC,-0.35,-0.7599,0.1,0.04977134874876729,42,8,0.04977134874876729,2,True,,0.42283199999999993,0.003857148685482378,-0.03152380793853771,-0.3528683234799969,0.4417291549005433,0.24241121934164583,0.21900902664122987,0.0,0.24682951032897432,0.5996978338089712,0.38140572034472314,0.27392771970485463
c3_w2_tcop_cm0_states_L0.4_km0_7599_ucp0_0498_s42,cm0,stageC,-0.35,-0.7599,0.1,0.04977134874876729,42,9,0.04977134874876729,0,True,,0.425088,0.006827057593738144,-0.030044085218349288,-0.3528683234799969,0.44090861752052896,0.24226131129055495,0.21900902664122987,0.0,0.24682951032897432,0.5996978338089712,0.3900198098445856,0.27749923233273716
c3_w2_tcop_cm0_states_L0.4_km0_7599_ucp0_0498_s42,cm0,stageC,-0.35,-0.7599,0.1,0.04977134874876729,42,10,0.04977134874876729,1,True,,0.424064,0.006581747672050121,-0.04732142309189137,-0.3528683234799969,0.44128535300558175,0.24229737748370297,0.21900902664122987,0.0,0.24682951032897432,0.5996978338089712,0.38825588303457725,0.2753462702727157
c3_w2_tcop_cm0_states_L0.4_km0_7599_ucp0_0498_s42,cm0,stageC,-0.35,-0.7599,0.1,0.04977134874876729,42,11,0.04977134874876729,2,True,,0.42248,0.003900286738260806,-0.052023632054504255,-0.3528683234799969,0.44186114388400327,0.24240597809585784,0.21900902664122987,0.0,0.24682951032897432,0.5996978338089712,0.38412135678453146,0.27806211609809284
c3_w2_tcop_cm0_states_L0.4_km0_7599_ucp0_0498_s42,cm0,stageC,-0.35,-0.7599,0.1,0.04977134874876729,42,12,0.04977134874876729,0,True,,0.42627200000000004,0.004331208282493949,-0.040764366565243876,-0.3528683234799969,0.4404840774561337,0.24217230195727035,0.21900902664122987,0.0,0.24682951032897432,0.5996978338089712,0.3811808285411063,0.27794030052161994
c3_w2_tcop_cm0_states_L0.4_km0_7599_ucp0_0498_s42,cm0,stageC,-0.35,-0.7599,0.1,0.04977134874876729,42,13,0.04977134874876729,1,True,,0.42374399999999995,-0.0001081017609919199,-0.05800338911544554,-0.3528683234799969,0.4414054010259958,0.2423482841616373,0.21900902664122987,0.0,0.24682951032897432,0.5996978338089712,0.3751958835421558,0.27184976522051324
c3_w2_tcop_cm0_states_L0.4_km0_7599_ucp0_0498_s42,cm0,stageC,-0.35,-0.7599,0.1,0.04977134874876729,42,14,0.04977134874876729,2,True,,0.42284799999999995,0.004032518946536583,-0.037918987924861786,-0.3528683234799969,0.44172963579164654,0.24239927270478184,0.21900902664122987,0.0,0.24682951032897432,0.5996978338089712,0.3793849195024402,0.27184823794014895
c3_w2_tcop_cm0_states_L0.4_km0_7599_ucp0_0498_s42,cm0,stageC,-0.35,-0.7599,0.1,0.04977134874876729,42,15,0.04977134874876729,0,False,BLOCK_15_PARTIAL_CYCLE,0.42495999999999995,0.0021621742685319838,-0.029780793554340237,-0.3528683234799969,0.4409381908831358,0.2423186577067804,0.21900902664122987,0.0,0.24682951032897432,0.5996978338089712,0.3776879810407914,0.2771939196571605
c3_w2_tcop_cm0_states_L0.4_km0_7599_ucp0_0498_s137,cm0,stageC,-0.35,-0.7599,0.1,0.04977134874876729,137,0,0.04977134874876729,0,False,PRE_PRIMARY_INCOMPLETE_CYCLE,0.417328,0.006322264401325622,-0.03914161251792641,-0.3528683234799969,0.44387014321420476,0.2420418654018708,0.21900902664122987,0.0,0.24682951032897432,0.5996978338089712,0.38730487332811286,0.27750660961643253
c3_w2_tcop_cm0_states_L0.4_km0_7599_ucp0_0498_s137,cm0,stageC,-0.35,-0.7599,0.1,0.04977134874876729,137,1,0.04977134874876729,1,False,PRE_PRIMARY_INCOMPLETE_CYCLE,0.423584,0.003573143992892033,-0.04840970407026081,-0.3528683234799969,0.44146233618380376,0.24235220347420464,0.21900902664122987,0.0,0.24682951032897432,0.5996978338089712,0.383633153667968,0.27147274526526394
c3_w2_tcop_cm0_states_L0.4_km0_7599_ucp0_0498_s137,cm0,stageC,-0.35,-0.7599,0.1,0.04977134874876729,137,2,0.04977134874876729,2,False,PRE_PRIMARY_INCOMPLETE_CYCLE,0.42270399999999997,0.004741672534704481,-0.05119369687229106,-0.3528683234799969,0.4417863685368345,0.24239897041109323,0.21900902664122987,0.0,0.24682951032897432,0.5996978338089712,0.37965073660023685,0.2709428523943353
c3_w2_tcop_cm0_states_L0.4_km0_7599_ucp0_0498_s137,cm0,stageC,-0.35,-0.7599,0.1,0.04977134874876729,137,3,0.04977134874876729,0,True,,0.42478399999999994,0.005950139608178786,-0.050145868558814505,-0.3528683234799969,0.44100490150288885,0.2423348886332953,0.21900902664122987,0.0,0.24682951032897432,0.5996978338089712,0.3846821900652586,0.27212224772738924
c3_w2_tcop_cm0_states_L0.4_km0_7599_ucp0_0498_s137,cm0,stageC,-0.35,-0.7599,0.1,0.04977134874876729,137,4,0.04977134874876729,1,True,,0.424144,0.006487535014451265,-0.05665841814941659,-0.3528683234799969,0.44125844422886623,0.24230590967831458,0.21900902664122987,0.0,0.24682951032897432,0.5996978338089712,0.39214773377282297,0.27537543768277634
c3_w2_tcop_cm0_states_L0.4_km0_7599_ucp0_0498_s137,cm0,stageC,-0.35,-0.7599,0.1,0.04977134874876729,137,5,0.04977134874876729,2,True,,0.42356799999999994,0.007811212109583779,-0.0389602112886636,-0.3528683234799969,0.4414731280320489,0.2423124469375903,0.21900902664122987,0.0,0.24682951032897432,0.5996978338089712,0.3863010106584553,0.2731132805580001
c3_w2_tcop_cm0_states_L0.4_km0_7599_ucp0_0498_s137,cm0,stageC,-0.35,-0.7599,0.1,0.04977134874876729,137,6,0.04977134874876729,0,True,,0.42331199999999997,0.003391808666231796,-0.050605202130450166,-0.3528683234799969,0.44155965916731355,0.24237823472554976,0.21900902664122987,0.0,0.24682951032897432,0.5996978338089712,0.37886897309731127,0.2682687179887915
c3_w2_tcop_cm0_states_L0.4_km0_7599_ucp0_0498_s137,cm0,stageC,-0.35,-0.7599,0.1,0.04977134874876729,137,7,0.04977134874876729,1,True,,0.423888,0.0044651416421768,-0.04068578864909287,-0.3528683234799969,0.44133967043002775,0.24235906240574753,0.21900902664122987,0.0,0.24682951032897432,0.5996978338089712,0.38280647671802875,0.2754215431014725
c3_w2_tcop_cm0_states_L0.4_km0_7599_ucp0_0498_s137,cm0,stageC,-0.35,-0.7599,0.1,0.04977134874876729,137,8,0.04977134874876729,2,True,,0.423344,0.0032070492909341535,-0.04385231331205043,-0.3528683234799969,0.4415498994715116,0.24234529670081265,0.21900902664122987,0.0,0.24682951032897432,0.5996978338089712,0.3823971594380203,0.27485678423879195
c3_w2_tcop_cm0_states_L0.4_km0_7599_ucp0_0498_s137,cm0,stageC,-0.35,-0.7599,0.1,0.04977134874876729,137,9,0.04977134874876729,0,True,,0.42382400000000003,0.006526187586794131,-0.028964024340710347,-0.3528683234799969,0.4413793155668811,0.24230156511000525,0.21900902664122987,0.0,0.24682951032897432,0.5996978338089712,0.39032424103975233,0.2787222023872616
c3_w2_tcop_cm0_states_L0.4_km0_7599_ucp0_0498_s137,cm0,stageC,-0.35,-0.7599,0.1,0.04977134874876729,137,10,0.04977134874876729,1,True,,0.42443200000000003,0.003323633052809717,-0.034212247893093184,-0.3528683234799969,0.44113256374926396,0.2423799040818101,0.21900902664122987,0.0,0.24682951032897432,0.5996978338089712,0.3750863691804965,0.26596114923064157
c3_w2_tcop_cm0_states_L0.4_km0_7599_ucp0_0498_s137,cm0,stageC,-0.35,-0.7599,0.1,0.04977134874876729,137,11,0.04977134874876729,2,True,,0.423456,0.0061182520711561906,-0.04132649202558031,-0.3528683234799969,0.4415122967596442,0.24233296231383405,0.21900902664122987,0.0,0.24682951032897432,0.5996978338089712,0.38962427852782255,0.2737112874881006
c3_w2_tcop_cm0_states_L0.4_km0_7599_ucp0_0498_s137,cm0,stageC,-0.35,-0.7599,0.1,0.04977134874876729,137,12,0.04977134874876729,0,True,,0.424912,0.002780785253775457,-0.04070124149638019,-0.3528683234799969,0.4409566465158525,0.24233393979454365,0.21900902664122987,0.0,0.24682951032897432,0.5996978338089712,0.37702988754464556,0.2702231343782718
c3_w2_tcop_cm0_states_L0.4_km0_7599_ucp0_0498_s137,cm0,stageC,-0.35,-0.7599,0.1,0.04977134874876729,137,13,0.04977134874876729,1,True,,0.42216000000000004,0.004685909622816126,-0.044952072154421166,-0.3528683234799969,0.4419907193750239,0.24240547710338087,0.21900902664122987,0.0,0.24682951032897432,0.5996978338089712,0.3839030894548349,0.2744944362084039
c3_w2_tcop_cm0_states_L0.4_km0_7599_ucp0_0498_s137,cm0,stageC,-0.35,-0.7599,0.1,0.04977134874876729,137,14,0.04977134874876729,2,True,,0.424304,0.004804918983144415,-0.040444843467116715,-0.3528683234799969,0.4412087834593516,0.24226730161189305,0.21900902664122987,0.0,0.24682951032897432,0.5996978338089712,0.38598526664651417,0.273589332933731
c3_w2_tcop_cm0_states_L0.4_km0_7599_ucp0_0498_s137,cm0,stageC,-0.35,-0.7599,0.1,0.04977134874876729,137,15,0.04977134874876729,0,False,BLOCK_15_PARTIAL_CYCLE,0.42331199999999997,0.001964702069423723,-0.017201819911549794,-0.3528683234799969,0.4415508298788397,0.24237842064302725,0.21900902664122987,0.0,0.24682951032897432,0.5996978338089712,0.37882705234998243,0.2787200917218016
c3_w2_tcop_cm0_states_L0.4_km0_7599_ucp0_0498_s256,cm0,stageC,-0.35,-0.7599,0.1,0.04977134874876729,256,0,0.04977134874876729,0,False,PRE_PRIMARY_INCOMPLETE_CYCLE,0.415952,0.008772189676450265,-0.039294497745858754,-0.3528683234799969,0.4443914617550636,0.2420408308209549,0.21900902664122987,0.0,0.24682951032897432,0.5996978338089712,0.39364909310056434,0.28015874601954915
c3_w2_tcop_cm0_states_L0.4_km0_7599_ucp0_0498_s256,cm0,stageC,-0.35,-0.7599,0.1,0.04977134874876729,256,1,0.04977134874876729,1,False,PRE_PRIMARY_INCOMPLETE_CYCLE,0.425184,0.0016272646673547212,-0.040807740837476215,-0.3528683234799969,0.44086778461870274,0.24228423348821113,0.21900902664122987,0.0,0.24682951032897432,0.5996978338089712,0.3753280121088203,0.2710167757245677
c3_w2_tcop_cm0_states_L0.4_km0_7599_ucp0_0498_s256,cm0,stageC,-0.35,-0.7599,0.1,0.04977134874876729,256,2,0.04977134874876729,2,False,PRE_PRIMARY_INCOMPLETE_CYCLE,0.4265279999999999,0.0034898860776651787,-0.048749673719172625,-0.3528683234799969,0.4403650975286769,0.24225957578613377,0.21900902664122987,0.0,0.24682951032897432,0.5996978338089712,0.3837622651220051,0.27579338023700445
c3_w2_tcop_cm0_states_L0.4_km0_7599_ucp0_0498_s256,cm0,stageC,-0.35,-0.7599,0.1,0.04977134874876729,256,3,0.04977134874876729,0,True,,0.426288,0.004989046799580574,-0.03791617369249599,-0.3528683234799969,0.44046309986476523,0.24221759932340373,0.21900902664122987,0.0,0.24682951032897432,0.5996978338089712,0.3847717408176981,0.27549445009873724
c3_w2_tcop_cm0_states_L0.4_km0_7599_ucp0_0498_s256,cm0,stageC,-0.35,-0.7599,0.1,0.04977134874876729,256,4,0.04977134874876729,1,True,,0.424144,0.007885806567027434,-0.034622989413770115,-0.3528683234799969,0.4412738625191655,0.24224890920478975,0.21900902664122987,0.0,0.24682951032897432,0.5996978338089712,0.3906966477740461,0.274589225396938
c3_w2_tcop_cm0_states_L0.4_km0_7599_ucp0_0498_s256,cm0,stageC,-0.35,-0.7599,0.1,0.04977134874876729,256,5,0.04977134874876729,2,True,,0.42096000000000006,0.0066540275632114764,-0.058869010362826366,-0.3528683234799969,0.44243812336221267,0.24241309565706853,0.21900902664122987,0.0,0.24682951032897432,0.5996978338089712,0.3896847298772985,0.27845336641329876
c3_w2_tcop_cm0_states_L0.4_km0_7599_ucp0_0498_s256,cm0,stageC,-0.35,-0.7599,0.1,0.04977134874876729,256,6,0.04977134874876729,0,True,,0.422784,-0.0013194111096980754,-0.046074933727129584,-0.3528683234799969,0.4417370796416693,0.24245129877548016,0.21900902664122987,0.0,0.24682951032897432,0.5996978338089712,0.3682430901228394,0.27269744679174623
c3_w2_tcop_cm0_states_L0.4_km0_7599_ucp0_0498_s256,cm0,stageC,-0.35,-0.7599,0.1,0.04977134874876729,256,7,0.04977134874876729,1,True,,0.425696,0.005181190135159064,-0.038391783022737894,-0.3528683234799969,0.44068615122499233,0.2422209996336339,0.21900902664122987,0.0,0.24682951032897432,0.5996978338089712,0.3865992862006041,0.2790737098689378
c3_w2_tcop_cm0_states_L0.4_km0_7599_ucp0_0498_s256,cm0,stageC,-0.35,-0.7599,0.1,0.04977134874876729,256,8,0.04977134874876729,2,True,,0.4259359999999999,0.007696027508149482,-0.0450579904596135,-0.3528683234799969,0.440604263404062,0.24223177235825782,0.21900902664122987,0.0,0.24682951032897432,0.5996978338089712,0.3903110143849963,0.27460816984406455
c3_w2_tcop_cm0_states_L0.4_km0_7599_ucp0_0498_s256,cm0,stageC,-0.35,-0.7599,0.1,0.04977134874876729,256,9,0.04977134874876729,0,True,,0.42560000000000003,0.002762505604311068,-0.03229105786090006,-0.3528683234799969,0.4407093431686684,0.24229418480195142,0.21900902664122987,0.0,0.24682951032897432,0.5996978338089712,0.38087569801004406,0.26894122859397807
c3_w2_tcop_cm0_states_L0.4_km0_7599_ucp0_0498_s256,cm0,stageC,-0.35,-0.7599,0.1,0.04977134874876729,256,10,0.04977134874876729,1,True,,0.42363200000000006,0.001573019924854116,-0.04108793228858855,-0.3528683234799969,0.4414377319181148,0.24236850915379865,0.21900902664122987,0.0,0.24682951032897432,0.5996978338089712,0.37699706789355814,0.27214197430136366
c3_w2_tcop_cm0_states_L0.4_km0_7599_ucp0_0498_s256,cm0,stageC,-0.35,-0.7599,0.1,0.04977134874876729,256,11,0.04977134874876729,2,True,,0.42419199999999996,0.0037945241340566695,-0.04471294667065794,-0.3528683234799969,0.44123528702518894,0.24231620064408227,0.21900902664122987,0.0,0.24682951032897432,0.5996978338089712,0.379505841659236,0.27294893653522917
c3_w2_tcop_cm0_states_L0.4_km0_7599_ucp0_0498_s256,cm0,stageC,-0.35,-0.7599,0.1,0.04977134874876729,256,12,0.04977134874876729,0,True,,0.42351999999999995,0.004603391262965977,-0.045434951946133104,-0.3528683234799969,0.4414799587603572,0.2423449990801059,0.21900902664122987,0.0,0.24682951032897432,0.5996978338089712,0.3831407549181219,0.27772389015428106
c3_w2_tcop_cm0_states_L0.4_km0_7599_ucp0_0498_s256,cm0,stageC,-0.35,-0.7599,0.1,0.04977134874876729,256,13,0.04977134874876729,1,True,,0.422944,0.011649363865416405,-0.03965591213171688,-0.3528683234799969,0.44172594856772773,0.2422750979801135,0.21900902664122987,0.0,0.24682951032897432,0.5996978338089712,0.4016798054645183,0.2798403420943659
c3_w2_tcop_cm0_states_L0.4_km0_7599_ucp0_0498_s256,cm0,stageC,-0.35,-0.7599,0.1,0.04977134874876729,256,14,0.04977134874876729,2,True,,0.42412800000000006,0.0011156020650346231,-0.02348082337819822,-0.3528683234799969,0.4412332974397504,0.24242770189047452,0.21900902664122987,0.0,0.24682951032897432,0.5996978338089712,0.3697086411052926,0.26566185428373706
c3_w2_tcop_cm0_states_L0.4_km0_7599_ucp0_0498_s256,cm0,stageC,-0.35,-0.7599,0.1,0.04977134874876729,256,15,0.04977134874876729,0,False,BLOCK_15_PARTIAL_CYCLE,0.424016,0.0053340291302664536,-0.04422928812323278,-0.3528683234799969,0.4413019202077817,0.24230455713612564,0.21900902664122987,0.0,0.24682951032897432,0.5996978338089712,0.38450001793189226,0.2756564198488046
c3_w2_tcop_cm0_states_L0.4_km0_7599_ucp0_0498_s1024,cm0,stageC,-0.35,-0.7599,0.1,0.04977134874876729,1024,0,0.04977134874876729,0,False,PRE_PRIMARY_INCOMPLETE_CYCLE,0.41699200000000003,0.0019150077318071937,-0.05255820574339515,-0.3528683234799969,0.44398177305713665,0.2420848055484364,0.21900902664122987,0.0,0.24682951032897432,0.5996978338089712,0.3794730686166848,0.2748819723205017
c3_w2_tcop_cm0_states_L0.4_km0_7599_ucp0_0498_s1024,cm0,stageC,-0.35,-0.7599,0.1,0.04977134874876729,1024,1,0.04977134874876729,1,False,PRE_PRIMARY_INCOMPLETE_CYCLE,0.42422399999999993,0.005124327443539983,-0.05424538778924181,-0.3528683234799969,0.44122958217465374,0.2423012710535684,0.21900902664122987,0.0,0.24682951032897432,0.5996978338089712,0.38548132989761713,0.27635971803843096
c3_w2_tcop_cm0_states_L0.4_km0_7599_ucp0_0498_s1024,cm0,stageC,-0.35,-0.7599,0.1,0.04977134874876729,1024,2,0.04977134874876729,2,False,PRE_PRIMARY_INCOMPLETE_CYCLE,0.422656,0.005911209522523764,-0.03575060397150693,-0.3528683234799969,0.4418067335226727,0.24238342414150962,0.21900902664122987,0.0,0.24682951032897432,0.5996978338089712,0.3872065632846027,0.2735251683074377
c3_w2_tcop_cm0_states_L0.4_km0_7599_ucp0_0498_s1024,cm0,stageC,-0.35,-0.7599,0.1,0.04977134874876729,1024,3,0.04977134874876729,0,True,,0.424176,0.005953215378372522,-0.041204570931643196,-0.3528683234799969,0.4412392504427242,0.24234023971521443,0.21900902664122987,0.0,0.24682951032897432,0.5996978338089712,0.38655977913714096,0.27246254726832825
c3_w2_tcop_cm0_states_L0.4_km0_7599_ucp0_0498_s1024,cm0,stageC,-0.35,-0.7599,0.1,0.04977134874876729,1024,4,0.04977134874876729,1,True,,0.425632,0.005973618316855154,-0.03974644934812493,-0.3528683234799969,0.4407180972414123,0.24222947407856152,0.21900902664122987,0.0,0.24682951032897432,0.5996978338089712,0.3839212691461805,0.26753884878370926
c3_w2_tcop_cm0_states_L0.4_km0_7599_ucp0_0498_s1024,cm0,stageC,-0.35,-0.7599,0.1,0.04977134874876729,1024,5,0.04977134874876729,2,True,,0.424624,0.004242639626968123,-0.04822176185152797,-0.3528683234799969,0.4410657613258544,0.24234048988311482,0.21900902664122987,0.0,0.24682951032897432,0.5996978338089712,0.3821162826542456,0.2735779856992874
c3_w2_tcop_cm0_states_L0.4_km0_7599_ucp0_0498_s1024,cm0,stageC,-0.35,-0.7599,0.1,0.04977134874876729,1024,6,0.04977134874876729,0,True,,0.427952,0.0035386277046992377,-0.04208890465574545,-0.3528683234799969,0.43985893111379165,0.2421436641989828,0.21900902664122987,0.0,0.24682951032897432,0.5996978338089712,0.3789550749061813,0.2695371145696776
c3_w2_tcop_cm0_states_L0.4_km0_7599_ucp0_0498_s1024,cm0,stageC,-0.35,-0.7599,0.1,0.04977134874876729,1024,7,0.04977134874876729,1,True,,0.42243200000000003,0.004936195886505956,-0.03275746155314437,-0.3528683234799969,0.44188205443963247,0.2424121357258362,0.21900902664122987,0.0,0.24682951032897432,0.5996978338089712,0.38215011252592185,0.27044612286590153
c3_w2_tcop_cm0_states_L0.4_km0_7599_ucp0_0498_s1024,cm0,stageC,-0.35,-0.7599,0.1,0.04977134874876729,1024,8,0.04977134874876729,2,True,,0.42103999999999997,0.0038893266287515797,-0.034225713773574994,-0.3528683234799969,0.4424056420109599,0.2424359615873141,0.21900902664122987,0.0,0.24682951032897432,0.5996978338089712,0.3840885511682395,0.2737512233397127
c3_w2_tcop_cm0_states_L0.4_km0_7599_ucp0_0498_s1024,cm0,stageC,-0.35,-0.7599,0.1,0.04977134874876729,1024,9,0.04977134874876729,0,True,,0.423648,0.0008283946640439909,-0.040652832386343915,-0.3528683234799969,0.4414282525624146,0.2423843519014042,0.21900902664122987,0.0,0.24682951032897432,0.5996978338089712,0.3761719513425007,0.2732331557249833
c3_w2_tcop_cm0_states_L0.4_km0_7599_ucp0_0498_s1024,cm0,stageC,-0.35,-0.7599,0.1,0.04977134874876729,1024,10,0.04977134874876729,1,True,,0.42428799999999994,0.006090904994636504,-0.047218662099854855,-0.3528683234799969,0.4412006486312337,0.24230658973343902,0.21900902664122987,0.0,0.24682951032897432,0.5996978338089712,0.38914236323148155,0.2756482082260414
c3_w2_tcop_cm0_states_L0.4_km0_7599_ucp0_0498_s1024,cm0,stageC,-0.35,-0.7599,0.1,0.04977134874876729,1024,11,0.04977134874876729,2,True,,0.42425599999999997,0.005485353143845732,-0.040876286331582856,-0.3528683234799969,0.4412236813721368,0.24229033001245368,0.21900902664122987,0.0,0.24682951032897432,0.5996978338089712,0.38727356687179065,0.27431950809120154
c3_w2_tcop_cm0_states_L0.4_km0_7599_ucp0_0498_s1024,cm0,stageC,-0.35,-0.7599,0.1,0.04977134874876729,1024,12,0.04977134874876729,0,True,,0.423392,0.00437718463647238,-0.05711091083869928,-0.3528683234799969,0.44152996052581617,0.24236568524392008,0.21900902664122987,0.0,0.24682951032897432,0.5996978338089712,0.3812613882657936,0.2714381125500196
c3_w2_tcop_cm0_states_L0.4_km0_7599_ucp0_0498_s1024,cm0,stageC,-0.35,-0.7599,0.1,0.04977134874876729,1024,13,0.04977134874876729,1,True,,0.42680000000000007,0.0031453348875577847,-0.06879798365032253,-0.3528683234799969,0.44027751773062007,0.24219736955541596,0.21900902664122987,0.0,0.24682951032897432,0.5996978338089712,0.37629250404794035,0.2715636878960758
c3_w2_tcop_cm0_states_L0.4_km0_7599_ucp0_0498_s1024,cm0,stageC,-0.35,-0.7599,0.1,0.04977134874876729,1024,14,0.04977134874876729,2,True,,0.425632,0.0042552321935101865,-0.038114655770182714,-0.3528683234799969,0.4407066820235387,0.24224226695316828,0.21900902664122987,0.0,0.24682951032897432,0.5996978338089712,0.38413307971319244,0.27761744857558723
c3_w2_tcop_cm0_states_L0.4_km0_7599_ucp0_0498_s1024,cm0,stageC,-0.35,-0.7599,0.1,0.04977134874876729,1024,15,0.04977134874876729,0,False,BLOCK_15_PARTIAL_CYCLE,0.42385599999999996,0.005797316503638089,-0.040221706601727455,-0.3528683234799969,0.44135097914861027,0.24236321183186663,0.21900902664122987,0.0,0.24682951032897432,0.5996978338089712,0.38517576385107105,0.2750275985106777
c3_w2_tcop_cm0_states_L0.4_km0_7599_ucp0_0498_s31415,cm0,stageC,-0.35,-0.7599,0.1,0.04977134874876729,31415,0,0.04977134874876729,0,False,PRE_PRIMARY_INCOMPLETE_CYCLE,0.411824,0.0007166232434453647,-0.026154136690421294,-0.3528683234799969,0.44588515403054313,0.242315955978551,0.21900902664122987,0.0,0.24682951032897432,0.5996978338089712,0.3750141403802504,0.27699971405612245
c3_w2_tcop_cm0_states_L0.4_km0_7599_ucp0_0498_s31415,cm0,stageC,-0.35,-0.7599,0.1,0.04977134874876729,31415,1,0.04977134874876729,1,False,PRE_PRIMARY_INCOMPLETE_CYCLE,0.4224000000000001,0.004328125519974049,-0.03123646600259852,-0.3528683234799969,0.4418880024069343,0.24244161142605894,0.21900902664122987,0.0,0.24682951032897432,0.5996978338089712,0.3824910662183725,0.2712888632764718
c3_w2_tcop_cm0_states_L0.4_km0_7599_ucp0_0498_s31415,cm0,stageC,-0.35,-0.7599,0.1,0.04977134874876729,31415,2,0.04977134874876729,2,False,PRE_PRIMARY_INCOMPLETE_CYCLE,0.4244,0.006412254059269745,-0.04815771878783498,-0.3528683234799969,0.44115842865241317,0.24233349000768378,0.21900902664122987,0.0,0.24682951032897432,0.5996978338089712,0.3903742767186415,0.27593582817424056
c3_w2_tcop_cm0_states_L0.4_km0_7599_ucp0_0498_s31415,cm0,stageC,-0.35,-0.7599,0.1,0.04977134874876729,31415,3,0.04977134874876729,0,True,,0.423744,0.00109090459365462,-0.04047008772157872,-0.3528683234799969,0.4413970066417198,0.24236709743175341,0.21900902664122987,0.0,0.24682951032897432,0.5996978338089712,0.3744267024595252,0.27066519523638854
c3_w2_tcop_cm0_states_L0.4_km0_7599_ucp0_0498_s31415,cm0,stageC,-0.35,-0.7599,0.1,0.04977134874876729,31415,4,0.04977134874876729,1,True,,0.42446400000000006,0.005771590009239094,-0.055539580311856566,-0.3528683234799969,0.4411502610146573,0.2422525878770864,0.21900902664122987,0.0,0.24682951032897432,0.5996978338089712,0.3865341662708948,0.27404101690145805
c3_w2_tcop_cm0_states_L0.4_km0_7599_ucp0_0498_s31415,cm0,stageC,-0.35,-0.7599,0.1,0.04977134874876729,31415,5,0.04977134874876729,2,True,,0.421872,0.004846702279625423,-0.03970855754608239,-0.3528683234799969,0.4420913304799702,0.24239352135440492,0.21900902664122987,0.0,0.24682951032897432,0.5996978338089712,0.38244694069478713,0.27610296016731606
c3_w2_tcop_cm0_states_L0.4_km0_7599_ucp0_0498_s31415,cm0,stageC,-0.35,-0.7599,0.1,0.04977134874876729,31415,6,0.04977134874876729,0,True,,0.423872,0.0072586548748816895,-0.03912625015449752,-0.3528683234799969,0.4413778682119592,0.24223958570025697,0.21900902664122987,0.0,0.24682951032897432,0.5996978338089712,0.3899383765794594,0.2774037870695435
c3_w2_tcop_cm0_states_L0.4_km0_7599_ucp0_0498_s31415,cm0,stageC,-0.35,-0.7599,0.1,0.04977134874876729,31415,7,0.04977134874876729,1,True,,0.423968,0.0025375215809285007,-0.055926031421566165,-0.3528683234799969,0.4413178121050268,0.24234405606613502,0.21900902664122987,0.0,0.24682951032897432,0.5996978338089712,0.3798685366843773,0.27364396614205133
c3_w2_tcop_cm0_states_L0.4_km0_7599_ucp0_0498_s31415,cm0,stageC,-0.35,-0.7599,0.1,0.04977134874876729,31415,8,0.04977134874876729,2,True,,0.42288000000000003,0.008239969210142457,-0.04443612350745127,-0.3528683234799969,0.44172488024736006,0.24234903484427323,0.21900902664122987,0.0,0.24682951032897432,0.5996978338089712,0.38900370915077226,0.275358667128318
c3_w2_tcop_cm0_states_L0.4_km0_7599_ucp0_0498_s31415,cm0,stageC,-0.35,-0.7599,0.1,0.04977134874876729,31415,9,0.04977134874876729,0,True,,0.422224,0.004940967100453102,-0.042990015226127457,-0.3528683234799969,0.44197759042412454,0.24236548994478363,0.21900902664122987,0.0,0.24682951032897432,0.5996978338089712,0.3877592955620536,0.27507726898738155
c3_w2_tcop_cm0_states_L0.4_km0_7599_ucp0_0498_s31415,cm0,stageC,-0.35,-0.7599,0.1,0.04977134874876729,31415,10,0.04977134874876729,1,True,,0.42516800000000005,0.0043418501076169565,-0.04222848677036233,-0.3528683234799969,0.4408859429157359,0.24226657257086492,0.21900902664122987,0.0,0.24682951032897432,0.5996978338089712,0.38812213386948147,0.2775871884718329
c3_w2_tcop_cm0_states_L0.4_km0_7599_ucp0_0498_s31415,cm0,stageC,-0.35,-0.7599,0.1,0.04977134874876729,31415,11,0.04977134874876729,2,True,,0.42217600000000005,0.007139685160091422,-0.038886678180360845,-0.3528683234799969,0.4419717609704238,0.2424208582913325,0.21900902664122987,0.0,0.24682951032897432,0.5996978338089712,0.38919061186757165,0.27718183922772627
c3_w2_tcop_cm0_states_L0.4_km0_7599_ucp0_0498_s31415,cm0,stageC,-0.35,-0.7599,0.1,0.04977134874876729,31415,12,0.04977134874876729,0,True,,0.42379199999999995,0.001141677066040239,-0.0313902305808826,-0.3528683234799969,0.44137166501683506,0.24235655930706818,0.21900902664122987,0.0,0.24682951032897432,0.5996978338089712,0.3780444789711773,0.27627586532887816
c3_w2_tcop_cm0_states_L0.4_km0_7599_ucp0_0498_s31415,cm0,stageC,-0.35,-0.7599,0.1,0.04977134874876729,31415,13,0.04977134874876729,1,True,,0.42433600000000005,-0.0010236593143207518,-0.05364322360197291,-0.3528683234799969,0.4411595240091595,0.24238177979275807,0.21900902664122987,0.0,0.24682951032897432,0.5996978338089712,0.37142726277282506,0.27055354349722704
c3_w2_tcop_cm0_states_L0.4_km0_7599_ucp0_0498_s31415,cm0,stageC,-0.35,-0.7599,0.1,0.04977134874876729,31415,14,0.04977134874876729,2,True,,0.4235359999999999,0.0061094557112424275,-0.045008352444585044,-0.3528683234799969,0.4414867923681637,0.24231255908028168,0.21900902664122987,0.0,0.24682951032897432,0.5996978338089712,0.3808372663709701,0.2729958830946931
c3_w2_tcop_cm0_states_L0.4_km0_7599_ucp0_0498_s31415,cm0,stageC,-0.35,-0.7599,0.1,0.04977134874876729,31415,15,0.04977134874876729,0,False,BLOCK_15_PARTIAL_CYCLE,0.42766400000000004,0.00346969444753273,-0.05473235090789164,-0.3528683234799969,0.43995305059153994,0.24218306252556115,0.21900902664122987,0.0,0.24682951032897432,0.5996978338089712,0.38559626845029954,0.27822697549072967
c3_w2_tcop_cm0_states_L0.4_km0_7599_ucp0_1234_s42,cm0,stageC,-0.35,-0.7599,0.25,0.12339551870278656,42,0,0.12339551870278656,0,False,PRE_PRIMARY_INCOMPLETE_CYCLE,0.422544,0.005295079023913112,-0.02829924365311209,-0.3564652879819238,0.45981468731214814,0.2435260156065462,0.22449146530101938,0.0,0.26077013913164093,0.6172354271135647,0.38762788580977003,0.27244818925431064
c3_w2_tcop_cm0_states_L0.4_km0_7599_ucp0_1234_s42,cm0,stageC,-0.35,-0.7599,0.25,0.12339551870278656,42,1,0.12339551870278656,1,False,PRE_PRIMARY_INCOMPLETE_CYCLE,0.431424,0.0029387035694569703,-0.05516953292148486,-0.3564652879819238,0.45646378986406794,0.24382017726200886,0.22449146530101938,0.0,0.26077013913164093,0.6172354271135647,0.3803300561470295,0.2676144392527561
c3_w2_tcop_cm0_states_L0.4_km0_7599_ucp0_1234_s42,cm0,stageC,-0.35,-0.7599,0.25,0.12339551870278656,42,2,0.12339551870278656,2,False,PRE_PRIMARY_INCOMPLETE_CYCLE,0.43035199999999996,0.003907244771842868,-0.04630146601609814,-0.3564652879819238,0.4568647643208492,0.24382915066344932,0.22449146530101938,0.0,0.26077013913164093,0.6172354271135647,0.3852832604113909,0.2758535860630863
c3_w2_tcop_cm0_states_L0.4_km0_7599_ucp0_1234_s42,cm0,stageC,-0.35,-0.7599,0.25,0.12339551870278656,42,3,0.12339551870278656,0,True,,0.43368000000000007,0.004493627235571421,-0.05898557602308277,-0.3564652879819238,0.4556338026124356,0.2437233008149753,0.22449146530101938,0.0,0.26077013913164093,0.6172354271135647,0.38398706765825463,0.26697101896119385
c3_w2_tcop_cm0_states_L0.4_km0_7599_ucp0_1234_s42,cm0,stageC,-0.35,-0.7599,0.25,0.12339551870278656,42,4,0.12339551870278656,1,True,,0.433264,0.010464005441448583,-0.04352622268062676,-0.3564652879819238,0.4557985045857624,0.24366425123627455,0.22449146530101938,0.0,0.26077013913164093,0.6172354271135647,0.3994804679033342,0.27593540397064964
c3_w2_tcop_cm0_states_L0.4_km0_7599_ucp0_1234_s42,cm0,stageC,-0.35,-0.7599,0.25,0.12339551870278656,42,5,0.12339551870278656,2,True,,0.433472,0.006374928066441102,-0.03934061643255051,-0.3564652879819238,0.45570276834499407,0.24373036585228378,0.22449146530101938,0.0,0.26077013913164093,0.6172354271135647,0.3870395587334963,0.2705862075304204
c3_w2_tcop_cm0_states_L0.4_km0_7599_ucp0_1234_s42,cm0,stageC,-0.35,-0.7599,0.25,0.12339551870278656,42,6,0.12339551870278656,0,True,,0.432064,0.005015318107669289,-0.048322423344164325,-0.3564652879819238,0.45622213531108424,0.2437920499331615,0.22449146530101938,0.0,0.26077013913164093,0.6172354271135647,0.38637690058513974,0.27386275466310445
c3_w2_tcop_cm0_states_L0.4_km0_7599_ucp0_1234_s42,cm0,stageC,-0.35,-0.7599,0.25,0.12339551870278656,42,7,0.12339551870278656,1,True,,0.433504,0.00676706948572307,-0.05313770464652916,-0.3564652879819238,0.4556979604645696,0.24371774157728082,0.22449146530101938,0.0,0.26077013913164093,0.6172354271135647,0.38491425265552953,0.270824646719446
c3_w2_tcop_cm0_states_L0.4_km0_7599_ucp0_1234_s42,cm0,stageC,-0.35,-0.7599,0.25,0.12339551870278656,42,8,0.12339551870278656,2,True,,0.430784,0.004735195300847879,-0.03239651068693524,-0.3564652879819238,0.45669933950554303,0.24383604416011675,0.22449146530101938,0.0,0.26077013913164093,0.6172354271135647,0.38435645684681424,0.271979442092326
c3_w2_tcop_cm0_states_L0.4_km0_7599_ucp0_1234_s42,cm0,stageC,-0.35,-0.7599,0.25,0.12339551870278656,42,9,0.12339551870278656,0,True,,0.433664,0.007345796635870526,-0.030541595539201685,-0.3564652879819238,0.45563571453649143,0.24371589398133123,0.22449146530101938,0.0,0.26077013913164093,0.6172354271135647,0.3916626645038414,0.2732458758251351
c3_w2_tcop_cm0_states_L0.4_km0_7599_ucp0_1234_s42,cm0,stageC,-0.35,-0.7599,0.25,0.12339551870278656,42,10,0.12339551870278656,1,True,,0.43201600000000007,0.007427200815170714,-0.048799739471251574,-0.3564652879819238,0.45624653091604206,0.24373194301434875,0.22449146530101938,0.0,0.26077013913164093,0.6172354271135647,0.38958951738795,0.27225496830685014
c3_w2_tcop_cm0_states_L0.4_km0_7599_ucp0_1234_s42,cm0,stageC,-0.35,-0.7599,0.25,0.12339551870278656,42,11,0.12339551870278656,2,True,,0.430672,0.0044265764258509446,-0.05322179704143008,-0.3564652879819238,0.45673745699091395,0.24383075760925613,0.22449146530101938,0.0,0.26077013913164093,0.6172354271135647,0.38556857576763726,0.27505863964455346
c3_w2_tcop_cm0_states_L0.4_km0_7599_ucp0_1234_s42,cm0,stageC,-0.35,-0.7599,0.25,0.12339551870278656,42,12,0.12339551870278656,0,True,,0.43414400000000003,0.004577537378696868,-0.03783776810281068,-0.3564652879819238,0.45546180710683354,0.243660478285813,0.22449146530101938,0.0,0.26077013913164093,0.6172354271135647,0.3817497000210345,0.2762970677520403
c3_w2_tcop_cm0_states_L0.4_km0_7599_ucp0_1234_s42,cm0,stageC,-0.35,-0.7599,0.25,0.12339551870278656,42,13,0.12339551870278656,1,True,,0.43176000000000003,-0.0004469739383744875,-0.05727056312768241,-0.3564652879819238,0.4563373024617263,0.24381492848630906,0.22449146530101938,0.0,0.26077013913164093,0.6172354271135647,0.3743213367295228,0.2697344171877381
c3_w2_tcop_cm0_states_L0.4_km0_7599_ucp0_1234_s42,cm0,stageC,-0.35,-0.7599,0.25,0.12339551870278656,42,14,0.12339551870278656,2,True,,0.430944,0.0051568748761624175,-0.03430021512161644,-0.3564652879819238,0.45664071924676297,0.24383196838996432,0.22449146530101938,0.0,0.26077013913164093,0.6172354271135647,0.38271726460254596,0.27001514560690987
c3_w2_tcop_cm0_states_L0.4_km0_7599_ucp0_1234_s42,cm0,stageC,-0.35,-0.7599,0.25,0.12339551870278656,42,15,0.12339551870278656,0,False,BLOCK_15_PARTIAL_CYCLE,0.433488,0.0025425374048324116,-0.03136218886247763,-0.3564652879819238,0.4556826596619709,0.2437694002993272,0.22449146530101938,0.0,0.26077013913164093,0.6172354271135647,0.3772783696713411,0.27402839213271035
c3_w2_tcop_cm0_states_L0.4_km0_7599_ucp0_1234_s137,cm0,stageC,-0.35,-0.7599,0.25,0.12339551870278656,137,0,0.12339551870278656,0,False,PRE_PRIMARY_INCOMPLETE_CYCLE,0.42545600000000006,0.006030062282420623,-0.03914847447040875,-0.3564652879819238,0.45874427790447164,0.24338434451425914,0.22449146530101938,0.0,0.26077013913164093,0.6172354271135647,0.387470358830434,0.2750820873912643
c3_w2_tcop_cm0_states_L0.4_km0_7599_ucp0_1234_s137,cm0,stageC,-0.35,-0.7599,0.25,0.12339551870278656,137,1,0.12339551870278656,1,False,PRE_PRIMARY_INCOMPLETE_CYCLE,0.43128,0.0040587171942052655,-0.05076411878493556,-0.3564652879819238,0.45652132210134017,0.24380148662804801,0.22449146530101938,0.0,0.26077013913164093,0.6172354271135647,0.3829065938847514,0.26777123338555947
c3_w2_tcop_cm0_states_L0.4_km0_7599_ucp0_1234_s137,cm0,stageC,-0.35,-0.7599,0.25,0.12339551870278656,137,2,0.12339551870278656,2,False,PRE_PRIMARY_INCOMPLETE_CYCLE,0.430992,0.005660989440637758,-0.049383560750158866,-0.3564652879819238,0.45662507590658263,0.24383223045536725,0.22449146530101938,0.0,0.26077013913164093,0.6172354271135647,0.38087427859988376,0.266949271837549
c3_w2_tcop_cm0_states_L0.4_km0_7599_ucp0_1234_s137,cm0,stageC,-0.35,-0.7599,0.25,0.12339551870278656,137,3,0.12339551870278656,0,True,,0.43238400000000005,0.006226544790025611,-0.05018381699052669,-0.3564652879819238,0.4560946458108574,0.24381276363894164,0.22449146530101938,0.0,0.26077013913164093,0.6172354271135647,0.3852629266333426,0.26905845487252816
c3_w2_tcop_cm0_states_L0.4_km0_7599_ucp0_1234_s137,cm0,stageC,-0.35,-0.7599,0.25,0.12339551870278656,137,4,0.12339551870278656,1,True,,0.43223999999999996,0.0063798542030029885,-0.05773269466394776,-0.3564652879819238,0.4561612559318602,0.2437611346299629,0.22449146530101938,0.0,0.26077013913164093,0.6172354271135647,0.39181215723404383,0.2723117168988651
c3_w2_tcop_cm0_states_L0.4_km0_7599_ucp0_1234_s137,cm0,stageC,-0.35,-0.7599,0.25,0.12339551870278656,137,5,0.12339551870278656,2,True,,0.432016,0.00963391535844921,-0.03773154032376983,-0.3564652879819238,0.4562521776923155,0.24372669710652364,0.22449146530101938,0.0,0.26077013913164093,0.6172354271135647,0.3907269979655183,0.2705065585464433
c3_w2_tcop_cm0_states_L0.4_km0_7599_ucp0_1234_s137,cm0,stageC,-0.35,-0.7599,0.25,0.12339551870278656,137,6,0.12339551870278656,0,True,,0.431728,0.004847631355765887,-0.051082882251614954,-0.3564652879819238,0.45635328986994944,0.24379003224568424,0.22449146530101938,0.0,0.26077013913164093,0.6172354271135647,0.38164863316923053,0.2664819755293148
c3_w2_tcop_cm0_states_L0.4_km0_7599_ucp0_1234_s137,cm0,stageC,-0.35,-0.7599,0.25,0.12339551870278656,137,7,0.12339551870278656,1,True,,0.43249599999999994,0.005591922640309198,-0.039414931187144495,-0.3564652879819238,0.45606320096361197,0.24376875956071972,0.22449146530101938,0.0,0.26077013913164093,0.6172354271135647,0.3851824148684129,0.2733291536246959
c3_w2_tcop_cm0_states_L0.4_km0_7599_ucp0_1234_s137,cm0,stageC,-0.35,-0.7599,0.25,0.12339551870278656,137,8,0.12339551870278656,2,True,,0.431392,0.004494599407501564,-0.045391117317504406,-0.3564652879819238,0.45647937920650233,0.24377554751546732,0.22449146530101938,0.0,0.26077013913164093,0.6172354271135647,0.385784308640446,0.2720181427723762
c3_w2_tcop_cm0_states_L0.4_km0_7599_ucp0_1234_s137,cm0,stageC,-0.35,-0.7599,0.25,0.12339551870278656,137,9,0.12339551870278656,0,True,,0.432192,0.008192973714646952,-0.02945036689841284,-0.3564652879819238,0.45618997954627943,0.2437242351036421,0.22449146530101938,0.0,0.26077013913164093,0.6172354271135647,0.39543650072772424,0.27558302802311957
c3_w2_tcop_cm0_states_L0.4_km0_7599_ucp0_1234_s137,cm0,stageC,-0.35,-0.7599,0.25,0.12339551870278656,137,10,0.12339551870278656,1,True,,0.43254400000000004,0.0033488680953552273,-0.037747283124624595,-0.3564652879819238,0.45603466458260966,0.24383599547786633,0.22449146530101938,0.0,0.26077013913164093,0.6172354271135647,0.3751748738610779,0.26518433753806975
c3_w2_tcop_cm0_states_L0.4_km0_7599_ucp0_1234_s137,cm0,stageC,-0.35,-0.7599,0.25,0.12339551870278656,137,11,0.12339551870278656,2,True,,0.43156799999999995,0.007406094579512726,-0.04292061422720435,-0.3564652879819238,0.4564208775939346,0.2437511197423023,0.22449146530101938,0.0,0.26077013913164093,0.6172354271135647,0.39254640633792465,0.26957476407436337
c3_w2_tcop_cm0_states_L0.4_km0_7599_ucp0_1234_s137,cm0,stageC,-0.35,-0.7599,0.25,0.12339551870278656,137,12,0.12339551870278656,0,True,,0.43315200000000004,0.0030276668927728895,-0.038271613132495955,-0.3564652879819238,0.45581208423631436,0.243782090528851,0.22449146530101938,0.0,0.26077013913164093,0.6172354271135647,0.3781466275443121,0.26786635794425095
c3_w2_tcop_cm0_states_L0.4_km0_7599_ucp0_1234_s137,cm0,stageC,-0.35,-0.7599,0.25,0.12339551870278656,137,13,0.12339551870278656,1,True,,0.43051199999999995,0.005234634384895412,-0.04381557649109169,-0.3564652879819238,0.4568069928603354,0.2438215301430483,0.22449146530101938,0.0,0.26077013913164093,0.6172354271135647,0.38306324519798546,0.27126504394737827
c3_w2_tcop_cm0_states_L0.4_km0_7599_ucp0_1234_s137,cm0,stageC,-0.35,-0.7599,0.25,0.12339551870278656,137,14,0.12339551870278656,2,True,,0.432736,0.006462848635619345,-0.0430868309972398,-0.3564652879819238,0.45599122582510443,0.24368322728808384,0.22449146530101938,0.0,0.26077013913164093,0.6172354271135647,0.38991385873120654,0.2720027414416717
c3_w2_tcop_cm0_states_L0.4_km0_7599_ucp0_1234_s137,cm0,stageC,-0.35,-0.7599,0.25,0.12339551870278656,137,15,0.12339551870278656,0,False,BLOCK_15_PARTIAL_CYCLE,0.43193600000000004,0.004209963792401974,-0.016253234114065793,-0.3564652879819238,0.45626872987797484,0.2437803164725467,0.22449146530101938,0.0,0.26077013913164093,0.6172354271135647,0.38355883383757045,0.2764457523674335
c3_w2_tcop_cm0_states_L0.4_km0_7599_ucp0_1234_s256,cm0,stageC,-0.35,-0.7599,0.25,0.12339551870278656,256,0,0.12339551870278656,0,False,PRE_PRIMARY_INCOMPLETE_CYCLE,0.423488,0.00845211389059503,-0.03852027512397416,-0.3564652879819238,0.4594819275622993,0.24339522446828013,0.22449146530101938,0.0,0.26077013913164093,0.6172354271135647,0.39139376009976934,0.27589965860854904
c3_w2_tcop_cm0_states_L0.4_km0_7599_ucp0_1234_s256,cm0,stageC,-0.35,-0.7599,0.25,0.12339551870278656,256,1,0.12339551870278656,1,False,PRE_PRIMARY_INCOMPLETE_CYCLE,0.43305600000000005,0.002802913155417215,-0.04213692960642619,-0.3564652879819238,0.4558591832012657,0.24373719759208662,0.22449146530101938,0.0,0.26077013913164093,0.6172354271135647,0.37783457841595947,0.2674024589959634
c3_w2_tcop_cm0_states_L0.4_km0_7599_ucp0_1234_s256,cm0,stageC,-0.35,-0.7599,0.25,0.12339551870278656,256,2,0.12339551870278656,2,False,PRE_PRIMARY_INCOMPLETE_CYCLE,0.434784,0.005388163991344159,-0.04496045629462478,-0.3564652879819238,0.45521211627360847,0.24371629690977548,0.22449146530101938,0.0,0.26077013913164093,0.6172354271135647,0.38764180083626115,0.27112897993919716
c3_w2_tcop_cm0_states_L0.4_km0_7599_ucp0_1234_s256,cm0,stageC,-0.35,-0.7599,0.25,0.12339551870278656,256,3,0.12339551870278656,0,True,,0.434704,0.0074282745344233445,-0.04243708162856993,-0.3564652879819238,0.4552543095191866,0.243643048802775,0.22449146530101938,0.0,0.26077013913164093,0.6172354271135647,0.39018377566734713,0.2719204607342995
c3_w2_tcop_cm0_states_L0.4_km0_7599_ucp0_1234_s256,cm0,stageC,-0.35,-0.7599,0.25,0.12339551870278656,256,4,0.12339551870278656,1,True,,0.432032,0.008389741426956664,-0.03405656860107899,-0.3564652879819238,0.4562501828914812,0.24371486429112468,0.22449146530101938,0.0,0.26077013913164093,0.6172354271135647,0.3908745659056717,0.27097308302723355
c3_w2_tcop_cm0_states_L0.4_km0_7599_ucp0_1234_s256,cm0,stageC,-0.35,-0.7599,0.25,0.12339551870278656,256,5,0.12339551870278656,2,True,,0.4295999999999999,0.008250001363000737,-0.05554370243937132,-0.3564652879819238,0.45714984902284017,0.2437957129613741,0.22449146530101938,0.0,0.26077013913164093,0.6172354271135647,0.39214797842728283,0.27547188527114497
c3_w2_tcop_cm0_states_L0.4_km0_7599_ucp0_1234_s256,cm0,stageC,-0.35,-0.7599,0.25,0.12339551870278656,256,6,0.12339551870278656,0,True,,0.43048000000000003,-0.0012529456978357485,-0.04521710550291233,-0.3564652879819238,0.45680064742913307,0.24390243210893126,0.22449146530101938,0.0,0.26077013913164093,0.6172354271135647,0.36885436374480507,0.2695823704254384
c3_w2_tcop_cm0_states_L0.4_km0_7599_ucp0_1234_s256,cm0,stageC,-0.35,-0.7599,0.25,0.12339551870278656,256,7,0.12339551870278656,1,True,,0.43376000000000003,0.005641034685924057,-0.039514698731515925,-0.3564652879819238,0.45559831227864245,0.24368955514571594,0.22449146530101938,0.0,0.26077013913164093,0.6172354271135647,0.3869906296442977,0.27536509424006256
c3_w2_tcop_cm0_states_L0.4_km0_7599_ucp0_1234_s256,cm0,stageC,-0.35,-0.7599,0.25,0.12339551870278656,256,8,0.12339551870278656,2,True,,0.43401600000000007,0.009293609234442257,-0.04147821074815813,-0.3564652879819238,0.45551337905242467,0.2436811450934839,0.22449146530101938,0.0,0.26077013913164093,0.6172354271135647,0.3922374622514879,0.27215741213465283
c3_w2_tcop_cm0_states_L0.4_km0_7599_ucp0_1234_s256,cm0,stageC,-0.35,-0.7599,0.25,0.12339551870278656,256,9,0.12339551870278656,0,True,,0.43382400000000004,0.0038804735627644884,-0.03307374870135116,-0.3564652879819238,0.4555667042865424,0.24375254816337938,0.22449146530101938,0.0,0.26077013913164093,0.6172354271135647,0.38443217691101106,0.2678909571833643
c3_w2_tcop_cm0_states_L0.4_km0_7599_ucp0_1234_s256,cm0,stageC,-0.35,-0.7599,0.25,0.12339551870278656,256,10,0.12339551870278656,1,True,,0.43166399999999994,0.0016862232067198614,-0.04184870369827279,-0.3564652879819238,0.4563718676255378,0.243813106426511,0.22449146530101938,0.0,0.26077013913164093,0.6172354271135647,0.3779344168319355,0.2692166873908737
c3_w2_tcop_cm0_states_L0.4_km0_7599_ucp0_1234_s256,cm0,stageC,-0.35,-0.7599,0.25,0.12339551870278656,256,11,0.12339551870278656,2,True,,0.43275199999999997,0.0049117233486751085,-0.036861352586663586,-0.3564652879819238,0.45597011726630376,0.24375105080160822,0.22449146530101938,0.0,0.26077013913164093,0.6172354271135647,0.38150384517281866,0.26989205181146764
c3_w2_tcop_cm0_states_L0.4_km0_7599_ucp0_1234_s256,cm0,stageC,-0.35,-0.7599,0.25,0.12339551870278656,256,12,0.12339551870278656,0,True,,0.43207999999999996,0.0040024204882222365,-0.044166051839935064,-0.3564652879819238,0.4562120785221137,0.24378806898406208,0.22449146530101938,0.0,0.26077013913164093,0.6172354271135647,0.3815483058484799,0.2742244628455234
c3_w2_tcop_cm0_states_L0.4_km0_7599_ucp0_1234_s256,cm0,stageC,-0.35,-0.7599,0.25,0.12339551870278656,256,13,0.12339551870278656,1,True,,0.43095999999999995,0.011862668942195847,-0.03827549993404419,-0.3564652879819238,0.4566614112029263,0.24371236824376,0.22449146530101938,0.0,0.26077013913164093,0.6172354271135647,0.4015611941394333,0.2755371692779423
c3_w2_tcop_cm0_states_L0.4_km0_7599_ucp0_1234_s256,cm0,stageC,-0.35,-0.7599,0.25,0.12339551870278656,256,14,0.12339551870278656,2,True,,0.43168,0.002517237872476628,-0.02577985726465661,-0.3564652879819238,0.4563511322572602,0.24388663001659996,0.22449146530101938,0.0,0.26077013913164093,0.6172354271135647,0.3731327937049027,0.2625897183274715
c3_w2_tcop_cm0_states_L0.4_km0_7599_ucp0_1234_s256,cm0,stageC,-0.35,-0.7599,0.25,0.12339551870278656,256,15,0.12339551870278656,0,False,BLOCK_15_PARTIAL_CYCLE,0.4316480000000001,0.005944410184432874,-0.048897647472721,-0.3564652879819238,0.4563780866688874,0.2437816078821473,0.22449146530101938,0.0,0.26077013913164093,0.6172354271135647,0.38615652337568157,0.27344089486022816
c3_w2_tcop_cm0_states_L0.4_km0_7599_ucp0_1234_s1024,cm0,stageC,-0.35,-0.7599,0.25,0.12339551870278656,1024,0,0.12339551870278656,0,False,PRE_PRIMARY_INCOMPLETE_CYCLE,0.42476800000000003,0.002507411812337509,-0.052776425125971436,-0.3564652879819238,0.45899568374075195,0.2434085371785127,0.22449146530101938,0.0,0.26077013913164093,0.6172354271135647,0.38044292869592644,0.2717625801974525
c3_w2_tcop_cm0_states_L0.4_km0_7599_ucp0_1234_s1024,cm0,stageC,-0.35,-0.7599,0.25,0.12339551870278656,1024,1,0.12339551870278656,1,False,PRE_PRIMARY_INCOMPLETE_CYCLE,0.43276800000000004,0.006672057007942506,-0.05217829152863118,-0.3564652879819238,0.45597393018635934,0.24371167229256327,0.22449146530101938,0.0,0.26077013913164093,0.6172354271135647,0.38878476212114477,0.273169051668524
c3_w2_tcop_cm0_states_L0.4_km0_7599_ucp0_1234_s1024,cm0,stageC,-0.35,-0.7599,0.25,0.12339551870278656,1024,2,0.12339551870278656,2,False,PRE_PRIMARY_INCOMPLETE_CYCLE,0.43089599999999995,0.006903498966880566,-0.037533838437811544,-0.3564652879819238,0.4566630332850586,0.24380849460081666,0.22449146530101938,0.0,0.26077013913164093,0.6172354271135647,0.3886095929971126,0.27024628255267463
c3_w2_tcop_cm0_states_L0.4_km0_7599_ucp0_1234_s1024,cm0,stageC,-0.35,-0.7599,0.25,0.12339551870278656,1024,3,0.12339551870278656,0,True,,0.4324319999999999,0.005667379792190692,-0.04235431894568216,-0.3564652879819238,0.45608511289900067,0.2437948055217284,0.22449146530101938,0.0,0.26077013913164093,0.6172354271135647,0.3857991443540024,0.26942139252183417
c3_w2_tcop_cm0_states_L0.4_km0_7599_ucp0_1234_s1024,cm0,stageC,-0.35,-0.7599,0.25,0.12339551870278656,1024,4,0.12339551870278656,1,True,,0.434016,0.006450045082237457,-0.034850476673172565,-0.3564652879819238,0.4555124438499785,0.24368662158276844,0.22449146530101938,0.0,0.26077013913164093,0.6172354271135647,0.3866687413636125,0.26493407227456073
c3_w2_tcop_cm0_states_L0.4_km0_7599_ucp0_1234_s1024,cm0,stageC,-0.35,-0.7599,0.25,0.12339551870278656,1024,5,0.12339551870278656,2,True,,0.4328,0.0038659488138778238,-0.049430023877378125,-0.3564652879819238,0.4559398425424539,0.24380421488243606,0.22449146530101938,0.0,0.26077013913164093,0.6172354271135647,0.3812726982368837,0.2718211211799677
c3_w2_tcop_cm0_states_L0.4_km0_7599_ucp0_1234_s1024,cm0,stageC,-0.35,-0.7599,0.25,0.12339551870278656,1024,6,0.12339551870278656,0,True,,0.4364320000000001,0.0043199646172810665,-0.041601406132860196,-0.3564652879819238,0.4546146118771623,0.24361302161803974,0.22449146530101938,0.0,0.26077013913164093,0.6172354271135647,0.3809636798114002,0.2673871720289027
c3_w2_tcop_cm0_states_L0.4_km0_7599_ucp0_1234_s1024,cm0,stageC,-0.35,-0.7599,0.25,0.12339551870278656,1024,7,0.12339551870278656,1,True,,0.43104,0.0054251451626655635,-0.032185945602709286,-0.3564652879819238,0.45660753131954723,0.2438194668083099,0.22449146530101938,0.0,0.26077013913164093,0.6172354271135647,0.38563100727605815,0.26856766417733746
c3_w2_tcop_cm0_states_L0.4_km0_7599_ucp0_1234_s1024,cm0,stageC,-0.35,-0.7599,0.25,0.12339551870278656,1024,8,0.12339551870278656,2,True,,0.42900799999999994,0.0046199967301978,-0.03520570055361268,-0.3564652879819238,0.45736527179241776,0.24384971732532784,0.22449146530101938,0.0,0.26077013913164093,0.6172354271135647,0.3855581815562865,0.27137556466990004
c3_w2_tcop_cm0_states_L0.4_km0_7599_ucp0_1234_s1024,cm0,stageC,-0.35,-0.7599,0.25,0.12339551870278656,1024,9,0.12339551870278656,0,True,,0.431552,0.002902031820004415,-0.03599745541650265,-0.3564652879819238,0.45641499266322705,0.2438210447613091,0.22449146530101938,0.0,0.26077013913164093,0.6172354271135647,0.3792707229545046,0.27095273595483016
c3_w2_tcop_cm0_states_L0.4_km0_7599_ucp0_1234_s1024,cm0,stageC,-0.35,-0.7599,0.25,0.12339551870278656,1024,10,0.12339551870278656,1,True,,0.432384,0.006413188310931234,-0.04651946619993375,-0.3564652879819238,0.4561064802920811,0.24375467456240282,0.22449146530101938,0.0,0.26077013913164093,0.6172354271135647,0.3908208897053289,0.2740717329832665
c3_w2_tcop_cm0_states_L0.4_km0_7599_ucp0_1234_s1024,cm0,stageC,-0.35,-0.7599,0.25,0.12339551870278656,1024,11,0.12339551870278656,2,True,,0.432256,0.00688720437888611,-0.03844314891124407,-0.3564652879819238,0.4561653840594598,0.24372555966508902,0.22449146530101938,0.0,0.26077013913164093,0.6172354271135647,0.38981885145623485,0.27240843134657733
c3_w2_tcop_cm0_states_L0.4_km0_7599_ucp0_1234_s1024,cm0,stageC,-0.35,-0.7599,0.25,0.12339551870278656,1024,12,0.12339551870278656,0,True,,0.431104,0.00438664629858679,-0.05704016094810213,-0.3564652879819238,0.45657915987915443,0.2438272054799213,0.22449146530101938,0.0,0.26077013913164093,0.6172354271135647,0.38158508881741166,0.26903415180366175
c3_w2_tcop_cm0_states_L0.4_km0_7599_ucp0_1234_s1024,cm0,stageC,-0.35,-0.7599,0.25,0.12339551870278656,1024,13,0.12339551870278656,1,True,,0.434848,0.004289215601929617,-0.06721069867393083,-0.3564652879819238,0.4551979574583501,0.24366003236660813,0.22449146530101938,0.0,0.26077013913164093,0.6172354271135647,0.3797885946245932,0.27004069022126403
c3_w2_tcop_cm0_states_L0.4_km0_7599_ucp0_1234_s1024,cm0,stageC,-0.35,-0.7599,0.25,0.12339551870278656,1024,14,0.12339551870278656,2,True,,0.4339680000000001,0.004461740257393318,-0.03874755791350154,-0.3564652879819238,0.45552096231973027,0.24369731534449562,0.22449146530101938,0.0,0.26077013913164093,0.6172354271135647,0.3832171523879925,0.27300827510708947
c3_w2_tcop_cm0_states_L0.4_km0_7599_ucp0_1234_s1024,cm0,stageC,-0.35,-0.7599,0.25,0.12339551870278656,1024,15,0.12339551870278656,0,False,BLOCK_15_PARTIAL_CYCLE,0.432032,0.006327462629767975,-0.03949020105206443,-0.3564652879819238,0.4562302882151945,0.24381555986048062,0.22449146530101938,0.0,0.26077013913164093,0.6172354271135647,0.3860610833753138,0.27030812872978227
c3_w2_tcop_cm0_states_L0.4_km0_7599_ucp0_1234_s31415,cm0,stageC,-0.35,-0.7599,0.25,0.12339551870278656,31415,0,0.12339551870278656,0,False,PRE_PRIMARY_INCOMPLETE_CYCLE,0.41960000000000003,0.0009356311098071402,-0.025021164518859943,-0.3564652879819238,0.4609060098930179,0.24361113569960535,0.22449146530101938,0.0,0.26077013913164093,0.6172354271135647,0.37444665687622175,0.27286348873071586
c3_w2_tcop_cm0_states_L0.4_km0_7599_ucp0_1234_s31415,cm0,stageC,-0.35,-0.7599,0.25,0.12339551870278656,31415,1,0.12339551870278656,1,False,PRE_PRIMARY_INCOMPLETE_CYCLE,0.4303999999999999,0.005438399493839935,-0.03461225395885749,-0.3564652879819238,0.45683725804045655,0.24386487032971385,0.22449146530101938,0.0,0.26077013913164093,0.6172354271135647,0.3841327070633262,0.2688318798142302
c3_w2_tcop_cm0_states_L0.4_km0_7599_ucp0_1234_s31415,cm0,stageC,-0.35,-0.7599,0.25,0.12339551870278656,31415,2,0.12339551870278656,2,False,PRE_PRIMARY_INCOMPLETE_CYCLE,0.43297599999999997,0.006342881488337723,-0.05074833157389046,-0.3564652879819238,0.4558838628123615,0.24377928736783863,0.22449146530101938,0.0,0.26077013913164093,0.6172354271135647,0.3889540891457013,0.2717658504052773
c3_w2_tcop_cm0_states_L0.4_km0_7599_ucp0_1234_s31415,cm0,stageC,-0.35,-0.7599,0.25,0.12339551870278656,31415,3,0.12339551870278656,0,True,,0.432128,0.0022159036463032665,-0.045065956052989284,-0.3564652879819238,0.4561985412134764,0.24380337629727653,0.22449146530101938,0.0,0.26077013913164093,0.6172354271135647,0.3770934529433943,0.269121164547363
c3_w2_tcop_cm0_states_L0.4_km0_7599_ucp0_1234_s31415,cm0,stageC,-0.35,-0.7599,0.25,0.12339551870278656,31415,4,0.12339551870278656,1,True,,0.432352,0.006126911306278826,-0.05639030167299248,-0.3564652879819238,0.4561316345033632,0.24369890348306253,0.22449146530101938,0.0,0.26077013913164093,0.6172354271135647,0.3874667792592507,0.2716320089797889
c3_w2_tcop_cm0_states_L0.4_km0_7599_ucp0_1234_s31415,cm0,stageC,-0.35,-0.7599,0.25,0.12339551870278656,31415,5,0.12339551870278656,2,True,,0.430416,0.007394314175273095,-0.037281357240909675,-0.3564652879819238,0.45684474605069936,0.2437585931101357,0.22449146530101938,0.0,0.26077013913164093,0.6172354271135647,0.3898332391638199,0.274048306322946
c3_w2_tcop_cm0_states_L0.4_km0_7599_ucp0_1234_s31415,cm0,stageC,-0.35,-0.7599,0.25,0.12339551870278656,31415,6,0.12339551870278656,0,True,,0.43288,0.008929396307559954,-0.039538838723686194,-0.3564652879819238,0.4559459281273448,0.24363904751882484,0.22449146530101938,0.0,0.26077013913164093,0.6172354271135647,0.39381896593878446,0.2744645630828857
c3_w2_tcop_cm0_states_L0.4_km0_7599_ucp0_1234_s31415,cm0,stageC,-0.35,-0.7599,0.25,0.12339551870278656,31415,7,0.12339551870278656,1,True,,0.43232,0.0033496947714844803,-0.049180605022316394,-0.3564652879819238,0.4561314986225978,0.24377039057564467,0.22449146530101938,0.0,0.26077013913164093,0.6172354271135647,0.3818711593063018,0.2715452006994644
c3_w2_tcop_cm0_states_L0.4_km0_7599_ucp0_1234_s31415,cm0,stageC,-0.35,-0.7599,0.25,0.12339551870278656,31415,8,0.12339551870278656,2,True,,0.43123199999999995,0.009415344003544266,-0.04357439788369017,-0.3564652879819238,0.45654134447675404,0.24376463652548375,0.22449146530101938,0.0,0.26077013913164093,0.6172354271135647,0.3916333969087833,0.2719596271815319
c3_w2_tcop_cm0_states_L0.4_km0_7599_ucp0_1234_s31415,cm0,stageC,-0.35,-0.7599,0.25,0.12339551870278656,31415,9,0.12339551870278656,0,True,,0.43009600000000003,0.005180258827582804,-0.04271691737514292,-0.3564652879819238,0.45696916979931723,0.2438015157553972,0.22449146530101938,0.0,0.26077013913164093,0.6172354271135647,0.3891985732441542,0.27295961688634607
c3_w2_tcop_cm0_states_L0.4_km0_7599_ucp0_1234_s31415,cm0,stageC,-0.35,-0.7599,0.25,0.12339551870278656,31415,10,0.12339551870278656,1,True,,0.433184,0.005285088871283799,-0.04727698219150055,-0.3564652879819238,0.4558194636881601,0.24373347930133316,0.22449146530101938,0.0,0.26077013913164093,0.6172354271135647,0.38830685695660117,0.273836792659287
c3_w2_tcop_cm0_states_L0.4_km0_7599_ucp0_1234_s31415,cm0,stageC,-0.35,-0.7599,0.25,0.12339551870278656,31415,11,0.12339551870278656,2,True,,0.430608,0.008016263507863237,-0.040754168146151834,-0.3564652879819238,0.4567604280021019,0.24383520100423148,0.22449146530101938,0.0,0.26077013913164093,0.6172354271135647,0.39114527749056305,0.2738393172695964
c3_w2_tcop_cm0_states_L0.4_km0_7599_ucp0_1234_s31415,cm0,stageC,-0.35,-0.7599,0.25,0.12339551870278656,31415,12,0.12339551870278656,0,True,,0.4321439999999999,0.0022916387870981995,-0.03277125123619363,-0.3564652879819238,0.4561901682713147,0.24378378207304433,0.22449146530101938,0.0,0.26077013913164093,0.6172354271135647,0.3797112062212926,0.2727952529918464
c3_w2_tcop_cm0_states_L0.4_km0_7599_ucp0_1234_s31415,cm0,stageC,-0.35,-0.7599,0.25,0.12339551870278656,31415,13,0.12339551870278656,1,True,,0.432544,3.081202115400536e-05,-0.054546442558071645,-0.3564652879819238,0.4560349694439183,0.24381453942350642,0.22449146530101938,0.0,0.26077013913164093,0.6172354271135647,0.37318927784296746,0.2669755607387806
c3_w2_tcop_cm0_states_L0.4_km0_7599_ucp0_1234_s31415,cm0,stageC,-0.35,-0.7599,0.25,0.12339551870278656,31415,14,0.12339551870278656,2,True,,0.431648,0.007126256686539507,-0.044978605215015004,-0.3564652879819238,0.4563849840953886,0.24375349555127854,0.22449146530101938,0.0,0.26077013913164093,0.6172354271135647,0.38244765443065787,0.2714964304705421
c3_w2_tcop_cm0_states_L0.4_km0_7599_ucp0_1234_s31415,cm0,stageC,-0.35,-0.7599,0.25,0.12339551870278656,31415,15,0.12339551870278656,0,False,BLOCK_15_PARTIAL_CYCLE,0.4354240000000001,0.003827241154561125,-0.05593196963308063,-0.3564652879819238,0.45497765729612843,0.24368618343237486,0.22449146530101938,0.0,0.26077013913164093,0.6172354271135647,0.3858418600423141,0.27422271602044157
c3_w2_tcop_cm0_states_L0.4_km0_7599_ucp0_2425_s42,cm0,stageC,-0.35,-0.7599,0.5,0.24248438819907564,42,0,0.24248438819907564,0,False,PRE_PRIMARY_INCOMPLETE_CYCLE,0.434944,0.00543147998331978,-0.025916904691520033,-0.36057987865255786,0.4842911735782777,0.24476079881252652,0.2324453627192016,0.0,0.2843712915534063,0.6449511702059642,0.38825518624478284,0.2673229966766821
c3_w2_tcop_cm0_states_L0.4_km0_7599_ucp0_2425_s42,cm0,stageC,-0.35,-0.7599,0.5,0.24248438819907564,42,1,0.24248438819907564,1,False,PRE_PRIMARY_INCOMPLETE_CYCLE,0.44449600000000006,0.004038697323038,-0.05248054415669635,-0.36057987865255786,0.48073033880227817,0.24525559466160438,0.2324453627192016,0.0,0.2843712915534063,0.6449511702059642,0.38225420460457377,0.2628901920837755
c3_w2_tcop_cm0_states_L0.4_km0_7599_ucp0_2425_s42,cm0,stageC,-0.35,-0.7599,0.5,0.24248438819907564,42,2,0.24248438819907564,2,False,PRE_PRIMARY_INCOMPLETE_CYCLE,0.443264,0.004641582417467712,-0.045816496288099764,-0.36057987865255786,0.4811963964626367,0.24522984385443392,0.2324453627192016,0.0,0.2843712915534063,0.6449511702059642,0.38884016686443645,0.2719493702622397
c3_w2_tcop_cm0_states_L0.4_km0_7599_ucp0_2425_s42,cm0,stageC,-0.35,-0.7599,0.5,0.24248438819907564,42,3,0.24248438819907564,0,True,,0.44694399999999995,0.005726772321015775,-0.05769345426289787,-0.36057987865255786,0.47982410064979897,0.24517241474921833,0.2324453627192016,0.0,0.2843712915534063,0.6449511702059642,0.3889303955413517,0.263577653923903
c3_w2_tcop_cm0_states_L0.4_km0_7599_ucp0_2425_s42,cm0,stageC,-0.35,-0.7599,0.5,0.24248438819907564,42,4,0.24248438819907564,1,True,,0.44564800000000004,0.011140057598306689,-0.03921525685223993,-0.36057987865255786,0.4803113304942765,0.2451201692616081,0.2324453627192016,0.0,0.2843712915534063,0.6449511702059642,0.4011522169735052,0.27132296695979163
c3_w2_tcop_cm0_states_L0.4_km0_7599_ucp0_2425_s42,cm0,stageC,-0.35,-0.7599,0.5,0.24248438819907564,42,5,0.24248438819907564,2,True,,0.44596800000000003,0.00829657743464528,-0.036865000093574546,-0.36057987865255786,0.48018302759860854,0.24519034965404135,0.2324453627192016,0.0,0.2843712915534063,0.6449511702059642,0.39121237135080167,0.2654299807673046
c3_w2_tcop_cm0_states_L0.4_km0_7599_ucp0_2425_s42,cm0,stageC,-0.35,-0.7599,0.5,0.24248438819907564,42,6,0.24248438819907564,0,True,,0.444608,0.00562543513918505,-0.04465455106064592,-0.36057987865255786,0.4806844476952505,0.24524836116008739,0.2324453627192016,0.0,0.2843712915534063,0.6449511702059642,0.3880391529284022,0.27035799775402136
c3_w2_tcop_cm0_states_L0.4_km0_7599_ucp0_2425_s42,cm0,stageC,-0.35,-0.7599,0.5,0.24248438819907564,42,7,0.24248438819907564,1,True,,0.4458720000000001,0.008358187912658865,-0.04891664930771353,-0.36057987865255786,0.48022232703168355,0.2451920151951508,0.2324453627192016,0.0,0.2843712915534063,0.6449511702059642,0.38891412724797886,0.2648694882571039
c3_w2_tcop_cm0_states_L0.4_km0_7599_ucp0_2425_s42,cm0,stageC,-0.35,-0.7599,0.5,0.24248438819907564,42,8,0.24248438819907564,2,True,,0.44401599999999997,0.006067341744055381,-0.02875548819846781,-0.36057987865255786,0.48091035433039525,0.2452457134433847,0.2324453627192016,0.0,0.2843712915534063,0.6449511702059642,0.38865436761896127,0.26760936608210123
c3_w2_tcop_cm0_states_L0.4_km0_7599_ucp0_2425_s42,cm0,stageC,-0.35,-0.7599,0.5,0.24248438819907564,42,9,0.24248438819907564,0,True,,0.44620800000000005,0.007054326318253335,-0.0294768965285393,-0.36057987865255786,0.48009067814504575,0.24521819338035275,0.2324453627192016,0.0,0.2843712915534063,0.6449511702059642,0.3901076771456901,0.26829076646858413
c3_w2_tcop_cm0_states_L0.4_km0_7599_ucp0_2425_s42,cm0,stageC,-0.35,-0.7599,0.5,0.24248438819907564,42,10,0.24248438819907564,1,True,,0.44487999999999994,0.007643803887718149,-0.04901226107136529,-0.36057987865255786,0.4805857298373516,0.24518988321334304,0.2324453627192016,0.0,0.2843712915534063,0.6449511702059642,0.39078322292100703,0.2663743381866782
c3_w2_tcop_cm0_states_L0.4_km0_7599_ucp0_2425_s42,cm0,stageC,-0.35,-0.7599,0.5,0.24248438819907564,42,11,0.24248438819907564,2,True,,0.443504,0.006067245792565825,-0.04735295525505308,-0.36057987865255786,0.48109906874811215,0.24523635864951573,0.2324453627192016,0.0,0.2843712915534063,0.6449511702059642,0.3897510728842461,0.2713293075092611
c3_w2_tcop_cm0_states_L0.4_km0_7599_ucp0_2425_s42,cm0,stageC,-0.35,-0.7599,0.5,0.24248438819907564,42,12,0.24248438819907564,0,True,,0.44681599999999994,0.005250130349613393,-0.039113067949978875,-0.36057987865255786,0.4798694498735955,0.24512387660894813,0.2324453627192016,0.0,0.2843712915534063,0.6449511702059642,0.383389499125488,0.2726013529343811
c3_w2_tcop_cm0_states_L0.4_km0_7599_ucp0_2425_s42,cm0,stageC,-0.35,-0.7599,0.5,0.24248438819907564,42,13,0.24248438819907564,1,True,,0.444976,0.001075608186992468,-0.05657116967012018,-0.36057987865255786,0.48055438396768596,0.2452445012277481,0.2324453627192016,0.0,0.2843712915534063,0.6449511702059642,0.37791338833295773,0.266263266934007
c3_w2_tcop_cm0_states_L0.4_km0_7599_ucp0_2425_s42,cm0,stageC,-0.35,-0.7599,0.5,0.24248438819907564,42,14,0.24248438819907564,2,True,,0.4441279999999999,0.006337773339567425,-0.03299583272813602,-0.36057987865255786,0.48087194922129,0.24524090729155879,0.2324453627192016,0.0,0.2843712915534063,0.6449511702059642,0.38584570308700855,0.26577150401097877
c3_w2_tcop_cm0_states_L0.4_km0_7599_ucp0_2425_s42,cm0,stageC,-0.35,-0.7599,0.5,0.24248438819907564,42,15,0.24248438819907564,0,False,BLOCK_15_PARTIAL_CYCLE,0.446848,0.005234638550919023,-0.02509474499450837,-0.36057987865255786,0.4798490939223346,0.24519114398036215,0.2324453627192016,0.0,0.2843712915534063,0.6449511702059642,0.38485687434628696,0.2696932281064823
c3_w2_tcop_cm0_states_L0.4_km0_7599_ucp0_2425_s137,cm0,stageC,-0.35,-0.7599,0.5,0.24248438819907564,137,0,0.24248438819907564,0,False,PRE_PRIMARY_INCOMPLETE_CYCLE,0.4384960000000001,0.006803575632430954,-0.03582198985965307,-0.36057987865255786,0.48297351449054404,0.2446376786563751,0.2324453627192016,0.0,0.2843712915534063,0.6449511702059642,0.3906345308051988,0.2724006634795297
c3_w2_tcop_cm0_states_L0.4_km0_7599_ucp0_2425_s137,cm0,stageC,-0.35,-0.7599,0.5,0.24248438819907564,137,1,0.24248438819907564,1,False,PRE_PRIMARY_INCOMPLETE_CYCLE,0.444256,0.00555891652985721,-0.04852217364352397,-0.36057987865255786,0.48082745685426304,0.2452131397138858,0.2324453627192016,0.0,0.2843712915534063,0.6449511702059642,0.3857646531778309,0.26386736085961887
c3_w2_tcop_cm0_states_L0.4_km0_7599_ucp0_2425_s137,cm0,stageC,-0.35,-0.7599,0.5,0.24248438819907564,137,2,0.24248438819907564,2,False,PRE_PRIMARY_INCOMPLETE_CYCLE,0.44398399999999993,0.007038139513641163,-0.04442800151047615,-0.36057987865255786,0.480927533416558,0.2452355326488847,0.2324453627192016,0.0,0.2843712915534063,0.6449511702059642,0.3845037519133547,0.2620468508271301
c3_w2_tcop_cm0_states_L0.4_km0_7599_ucp0_2425_s137,cm0,stageC,-0.35,-0.7599,0.5,0.24248438819907564,137,3,0.24248438819907564,0,True,,0.4455199999999999,0.007084103223968595,-0.048857518532694606,-0.36057987865255786,0.480340605981908,0.24527789876718162,0.2324453627192016,0.0,0.2843712915534063,0.6449511702059642,0.3851547940671477,0.26472690252626563
c3_w2_tcop_cm0_states_L0.4_km0_7599_ucp0_2425_s137,cm0,stageC,-0.35,-0.7599,0.5,0.24248438819907564,137,4,0.24248438819907564,1,True,,0.44441600000000003,0.007105224712629138,-0.05463608721114099,-0.36057987865255786,0.48075906272065055,0.2452284503685091,0.2324453627192016,0.0,0.2843712915534063,0.6449511702059642,0.3925478391841955,0.2672346367043524
c3_w2_tcop_cm0_states_L0.4_km0_7599_ucp0_2425_s137,cm0,stageC,-0.35,-0.7599,0.5,0.24248438819907564,137,5,0.24248438819907564,2,True,,0.444992,0.009352047920019752,-0.041941878947400764,-0.36057987865255786,0.4805484562827755,0.24518023416339027,0.2324453627192016,0.0,0.2843712915534063,0.6449511702059642,0.38968747366447515,0.2658284435899011
c3_w2_tcop_cm0_states_L0.4_km0_7599_ucp0_2425_s137,cm0,stageC,-0.35,-0.7599,0.5,0.24248438819907564,137,6,0.24248438819907564,0,True,,0.44408000000000003,0.004896058411828463,-0.04706049774903829,-0.36057987865255786,0.48089001130416326,0.24524145113788032,0.2324453627192016,0.0,0.2843712915534063,0.6449511702059642,0.38226977576617616,0.26212552967565733
c3_w2_tcop_cm0_states_L0.4_km0_7599_ucp0_2425_s137,cm0,stageC,-0.35,-0.7599,0.5,0.24248438819907564,137,7,0.24248438819907564,1,True,,0.445248,0.006923880560341484,-0.03622990131985815,-0.36057987865255786,0.4804477083598428,0.2452334819394316,0.2324453627192016,0.0,0.2843712915534063,0.6449511702059642,0.383913837627704,0.26529765142831824
c3_w2_tcop_cm0_states_L0.4_km0_7599_ucp0_2425_s137,cm0,stageC,-0.35,-0.7599,0.5,0.24248438819907564,137,8,0.24248438819907564,2,True,,0.444688,0.005488509495462749,-0.04425575489022507,-0.36057987865255786,0.48066216867695005,0.2451813441277806,0.2324453627192016,0.0,0.2843712915534063,0.6449511702059642,0.388353543781339,0.26897935633511755
c3_w2_tcop_cm0_states_L0.4_km0_7599_ucp0_2425_s137,cm0,stageC,-0.35,-0.7599,0.5,0.24248438819907564,137,9,0.24248438819907564,0,True,,0.445088,0.009413212693451167,-0.030680934532371393,-0.36057987865255786,0.4805149368373582,0.24514987781107833,0.2324453627192016,0.0,0.2843712915534063,0.6449511702059642,0.3981177037729556,0.27487232946019563
c3_w2_tcop_cm0_states_L0.4_km0_7599_ucp0_2425_s137,cm0,stageC,-0.35,-0.7599,0.5,0.24248438819907564,137,10,0.24248438819907564,1,True,,0.44520000000000004,0.004633977962503837,-0.037194700154312775,-0.36057987865255786,0.480465561522446,0.24527085870476767,0.2324453627192016,0.0,0.2843712915534063,0.6449511702059642,0.37836560350622717,0.26186348244975394
c3_w2_tcop_cm0_states_L0.4_km0_7599_ucp0_2425_s137,cm0,stageC,-0.35,-0.7599,0.5,0.24248438819907564,137,11,0.24248438819907564,2,True,,0.444208,0.009027061478443987,-0.04214967224009135,-0.36057987865255786,0.48084608989100724,0.24517767223393847,0.2324453627192016,0.0,0.2843712915534063,0.6449511702059642,0.3959153209770887,0.2663874890450188
c3_w2_tcop_cm0_states_L0.4_km0_7599_ucp0_2425_s137,cm0,stageC,-0.35,-0.7599,0.5,0.24248438819907564,137,12,0.24248438819907564,0,True,,0.446,0.0038268509596674316,-0.03488729971938083,-0.36057987865255786,0.48016165092628055,0.24525954767602018,0.2324453627192016,0.0,0.2843712915534063,0.6449511702059642,0.37829872872142667,0.26247270334412137
c3_w2_tcop_cm0_states_L0.4_km0_7599_ucp0_2425_s137,cm0,stageC,-0.35,-0.7599,0.5,0.24248438819907564,137,13,0.24248438819907564,1,True,,0.44321600000000005,0.006240888326549277,-0.04249544099438368,-0.36057987865255786,0.481212812657224,0.24525095306665107,0.2324453627192016,0.0,0.2843712915534063,0.6449511702059642,0.3856476042365835,0.26770171877533133
c3_w2_tcop_cm0_states_L0.4_km0_7599_ucp0_2425_s137,cm0,stageC,-0.35,-0.7599,0.5,0.24248438819907564,137,14,0.24248438819907564,2,True,,0.44574400000000003,0.00804281674381017,-0.042057510096035304,-0.36057987865255786,0.4802741672644899,0.24511981677940922,0.2324453627192016,0.0,0.2843712915534063,0.6449511702059642,0.3943106950846731,0.2679903289074881
c3_w2_tcop_cm0_states_L0.4_km0_7599_ucp0_2425_s137,cm0,stageC,-0.35,-0.7599,0.5,0.24248438819907564,137,15,0.24248438819907564,0,False,BLOCK_15_PARTIAL_CYCLE,0.44489599999999996,0.006226324990331895,-0.016999290695891654,-0.36057987865255786,0.48057907124284116,0.2452103654884923,0.2324453627192016,0.0,0.2843712915534063,0.6449511702059642,0.3895710962970821,0.27325540221891376
c3_w2_tcop_cm0_states_L0.4_km0_7599_ucp0_2425_s256,cm0,stageC,-0.35,-0.7599,0.5,0.24248438819907564,256,0,0.24248438819907564,0,False,PRE_PRIMARY_INCOMPLETE_CYCLE,0.4365279999999999,0.010378601945045314,-0.033451189025553094,-0.36057987865255786,0.4837146461798399,0.24459343076512766,0.2324453627192016,0.0,0.2843712915534063,0.6449511702059642,0.39633377478673426,0.271674271920768
c3_w2_tcop_cm0_states_L0.4_km0_7599_ucp0_2425_s256,cm0,stageC,-0.35,-0.7599,0.5,0.24248438819907564,256,1,0.24248438819907564,1,False,PRE_PRIMARY_INCOMPLETE_CYCLE,0.44622400000000007,0.004845903470591742,-0.041226378026468696,-0.36057987865255786,0.4800877616313954,0.24518244229907807,0.2324453627192016,0.0,0.2843712915534063,0.6449511702059642,0.3816659284566132,0.2637139262192618
c3_w2_tcop_cm0_states_L0.4_km0_7599_ucp0_2425_s256,cm0,stageC,-0.35,-0.7599,0.5,0.24248438819907564,256,2,0.24248438819907564,2,False,PRE_PRIMARY_INCOMPLETE_CYCLE,0.446944,0.006893327155541172,-0.04639891100676287,-0.36057987865255786,0.47981545412292004,0.24520984589944997,0.2324453627192016,0.0,0.2843712915534063,0.6449511702059642,0.39073317821777775,0.267396106608754
c3_w2_tcop_cm0_states_L0.4_km0_7599_ucp0_2425_s256,cm0,stageC,-0.35,-0.7599,0.5,0.24248438819907564,256,3,0.24248438819907564,0,True,,0.44806399999999996,0.008167624640350077,-0.04118978085875482,-0.36057987865255786,0.47940105094194563,0.24512983352680612,0.2324453627192016,0.0,0.2843712915534063,0.6449511702059642,0.39172115718874423,0.26726961626018736
c3_w2_tcop_cm0_states_L0.4_km0_7599_ucp0_2425_s256,cm0,stageC,-0.35,-0.7599,0.5,0.24248438819907564,256,4,0.24248438819907564,1,True,,0.444848,0.010076970127050633,-0.032406158627837085,-0.36057987865255786,0.48060613491438037,0.24514316063267122,0.2324453627192016,0.0,0.2843712915534063,0.6449511702059642,0.3952382663051484,0.2677662323680312
c3_w2_tcop_cm0_states_L0.4_km0_7599_ucp0_2425_s256,cm0,stageC,-0.35,-0.7599,0.5,0.24248438819907564,256,5,0.24248438819907564,2,True,,0.44248,0.00932800251384276,-0.056703512874364405,-0.36057987865255786,0.4814912023025234,0.2451848974901841,0.2324453627192016,0.0,0.2843712915534063,0.6449511702059642,0.39687425728559034,0.2708204426103345
c3_w2_tcop_cm0_states_L0.4_km0_7599_ucp0_2425_s256,cm0,stageC,-0.35,-0.7599,0.5,0.24248438819907564,256,6,0.24248438819907564,0,True,,0.44408000000000003,0.0009760992673926638,-0.04428281387220571,-0.36057987865255786,0.48088636549491925,0.24530074671442162,0.2324453627192016,0.0,0.2843712915534063,0.6449511702059642,0.3737346203232423,0.2617840249672203
c3_w2_tcop_cm0_states_L0.4_km0_7599_ucp0_2425_s256,cm0,stageC,-0.35,-0.7599,0.5,0.24248438819907564,256,7,0.24248438819907564,1,True,,0.44708800000000004,0.0070150633136521305,-0.04078345604902287,-0.36057987865255786,0.4797633331272216,0.245139319061108,0.2324453627192016,0.0,0.2843712915534063,0.6449511702059642,0.3890574319791346,0.2700301233248667
c3_w2_tcop_cm0_states_L0.4_km0_7599_ucp0_2425_s256,cm0,stageC,-0.35,-0.7599,0.5,0.24248438819907564,256,8,0.24248438819907564,2,True,,0.44604800000000006,0.009247490760182189,-0.039826203062122194,-0.36057987865255786,0.4801586244740593,0.24519601609282185,0.2324453627192016,0.0,0.2843712915534063,0.6449511702059642,0.392137187661142,0.26683712640714136
c3_w2_tcop_cm0_states_L0.4_km0_7599_ucp0_2425_s256,cm0,stageC,-0.35,-0.7599,0.5,0.24248438819907564,256,9,0.24248438819907564,0,True,,0.44644799999999996,0.005679218260893969,-0.030023983662854546,-0.36057987865255786,0.4800036857052776,0.24520684688904587,0.2324453627192016,0.0,0.2843712915534063,0.6449511702059642,0.38979215082100155,0.26441779453697833
c3_w2_tcop_cm0_states_L0.4_km0_7599_ucp0_2425_s256,cm0,stageC,-0.35,-0.7599,0.5,0.24248438819907564,256,10,0.24248438819907564,1,True,,0.44412799999999997,0.0026985266967142043,-0.04552161935502804,-0.36057987865255786,0.48087114452203095,0.2452497626316517,0.2324453627192016,0.0,0.2843712915534063,0.6449511702059642,0.38077848213301857,0.26322674525225187
c3_w2_tcop_cm0_states_L0.4_km0_7599_ucp0_2425_s256,cm0,stageC,-0.35,-0.7599,0.5,0.24248438819907564,256,11,0.24248438819907564,2,True,,0.44563200000000003,0.006307681358312104,-0.037019882675187125,-0.36057987865255786,0.4803095147494843,0.24518953459945264,0.2324453627192016,0.0,0.2843712915534063,0.6449511702059642,0.3845463558238852,0.26471507021241464
c3_w2_tcop_cm0_states_L0.4_km0_7599_ucp0_2425_s256,cm0,stageC,-0.35,-0.7599,0.5,0.24248438819907564,256,12,0.24248438819907564,0,True,,0.44436800000000004,0.004808576976236965,-0.041661422756160506,-0.36057987865255786,0.48077330423759657,0.2452408172165011,0.2324453627192016,0.0,0.2843712915534063,0.6449511702059642,0.3823023658007599,0.26857807663246924
c3_w2_tcop_cm0_states_L0.4_km0_7599_ucp0_2425_s256,cm0,stageC,-0.35,-0.7599,0.5,0.24248438819907564,256,13,0.24248438819907564,1,True,,0.443616,0.012981731811307053,-0.0378493987823986,-0.36057987865255786,0.4810739523594037,0.2451210968434011,0.2324453627192016,0.0,0.2843712915534063,0.6449511702059642,0.40418538592518777,0.27199988130067804
c3_w2_tcop_cm0_states_L0.4_km0_7599_ucp0_2425_s256,cm0,stageC,-0.35,-0.7599,0.5,0.24248438819907564,256,14,0.24248438819907564,2,True,,0.444848,0.0036689465298481035,-0.0266005458185514,-0.36057987865255786,0.48059476862021816,0.24530776390760495,0.2324453627192016,0.0,0.2843712915534063,0.6449511702059642,0.3764025038903236,0.2581380935366568
c3_w2_tcop_cm0_states_L0.4_km0_7599_ucp0_2425_s256,cm0,stageC,-0.35,-0.7599,0.5,0.24248438819907564,256,15,0.24248438819907564,0,False,BLOCK_15_PARTIAL_CYCLE,0.44489599999999996,0.007010499879554393,-0.046894811323662,-0.36057987865255786,0.480579250055496,0.2452198841046234,0.2324453627192016,0.0,0.2843712915534063,0.6449511702059642,0.3880120204196516,0.268180747926639
c3_w2_tcop_cm0_states_L0.4_km0_7599_ucp0_2425_s1024,cm0,stageC,-0.35,-0.7599,0.5,0.24248438819907564,1024,0,0.24248438819907564,0,False,PRE_PRIMARY_INCOMPLETE_CYCLE,0.437856,0.0039389708196047955,-0.04395677556612232,-0.36057987865255786,0.4832109047240351,0.24465239662367885,0.2324453627192016,0.0,0.2843712915534063,0.6449511702059642,0.38360086246418823,0.2675347518013742
c3_w2_tcop_cm0_states_L0.4_km0_7599_ucp0_2425_s1024,cm0,stageC,-0.35,-0.7599,0.5,0.24248438819907564,1024,1,0.24248438819907564,1,False,PRE_PRIMARY_INCOMPLETE_CYCLE,0.4453599999999999,0.007302643016452937,-0.04820786686905302,-0.36057987865255786,0.4804133385700109,0.24517352160338132,0.2324453627192016,0.0,0.2843712915534063,0.6449511702059642,0.38979471770170276,0.26844304465354296
c3_w2_tcop_cm0_states_L0.4_km0_7599_ucp0_2425_s1024,cm0,stageC,-0.35,-0.7599,0.5,0.24248438819907564,1024,2,0.24248438819907564,2,False,PRE_PRIMARY_INCOMPLETE_CYCLE,0.44406400000000007,0.007639842466866759,-0.031589932145821585,-0.36057987865255786,0.4808966812171261,0.24524339169224807,0.2324453627192016,0.0,0.2843712915534063,0.6449511702059642,0.39051829620639594,0.2649713914274981
c3_w2_tcop_cm0_states_L0.4_km0_7599_ucp0_2425_s1024,cm0,stageC,-0.35,-0.7599,0.5,0.24248438819907564,1024,3,0.24248438819907564,0,True,,0.44500800000000007,0.007691124788120926,-0.0407806981165474,-0.36057987865255786,0.4805398392996087,0.24524643510716618,0.2324453627192016,0.0,0.2843712915534063,0.6449511702059642,0.39065661098172194,0.265549542724468
c3_w2_tcop_cm0_states_L0.4_km0_7599_ucp0_2425_s1024,cm0,stageC,-0.35,-0.7599,0.5,0.24248438819907564,1024,4,0.24248438819907564,1,True,,0.446256,0.007301189358935212,-0.03788216957043603,-0.36057987865255786,0.48008480616359517,0.24517349981876602,0.2324453627192016,0.0,0.2843712915534063,0.6449511702059642,0.39015656445999913,0.2597190091053433
c3_w2_tcop_cm0_states_L0.4_km0_7599_ucp0_2425_s1024,cm0,stageC,-0.35,-0.7599,0.5,0.24248438819907564,1024,5,0.24248438819907564,2,True,,0.4458560000000001,0.005351086499001919,-0.04135137272970739,-0.36057987865255786,0.4802178020630283,0.24524194699373805,0.2324453627192016,0.0,0.2843712915534063,0.6449511702059642,0.3849563984099346,0.26713052311078045
c3_w2_tcop_cm0_states_L0.4_km0_7599_ucp0_2425_s1024,cm0,stageC,-0.35,-0.7599,0.5,0.24248438819907564,1024,6,0.24248438819907564,0,True,,0.44892799999999994,0.004625033008290417,-0.04157225983768413,-0.36057987865255786,0.47908330737286575,0.2451533494953678,0.2324453627192016,0.0,0.2843712915534063,0.6449511702059642,0.38213699660617606,0.26317869078615835
c3_w2_tcop_cm0_states_L0.4_km0_7599_ucp0_2425_s1024,cm0,stageC,-0.35,-0.7599,0.5,0.24248438819907564,1024,7,0.24248438819907564,1,True,,0.44422399999999995,0.0069798094970211335,-0.03357898839233014,-0.36057987865255786,0.48083503295635166,0.24523516643679108,0.2324453627192016,0.0,0.2843712915534063,0.6449511702059642,0.38837801159330987,0.2657830992736479
c3_w2_tcop_cm0_states_L0.4_km0_7599_ucp0_2425_s1024,cm0,stageC,-0.35,-0.7599,0.5,0.24248438819907564,1024,8,0.24248438819907564,2,True,,0.44224,0.00615943548595613,-0.030895951475999082,-0.36057987865255786,0.48157650150330816,0.24522266403171444,0.2324453627192016,0.0,0.2843712915534063,0.6449511702059642,0.3897798093288511,0.26811554612605293
c3_w2_tcop_cm0_states_L0.4_km0_7599_ucp0_2425_s1024,cm0,stageC,-0.35,-0.7599,0.5,0.24248438819907564,1024,9,0.24248438819907564,0,True,,0.44448,0.003929498403086844,-0.030516178143215958,-0.36057987865255786,0.4807380864242263,0.2452447667603952,0.2324453627192016,0.0,0.2843712915534063,0.6449511702059642,0.38237621472319655,0.26714537611736944
c3_w2_tcop_cm0_states_L0.4_km0_7599_ucp0_2425_s1024,cm0,stageC,-0.35,-0.7599,0.5,0.24248438819907564,1024,10,0.24248438819907564,1,True,,0.445568,0.008537155654203238,-0.042040829003382525,-0.36057987865255786,0.4803334926636742,0.24518667033270636,0.2324453627192016,0.0,0.2843712915534063,0.6449511702059642,0.3962936648104873,0.2692130882796053
c3_w2_tcop_cm0_states_L0.4_km0_7599_ucp0_2425_s1024,cm0,stageC,-0.35,-0.7599,0.5,0.24248438819907564,1024,11,0.24248438819907564,2,True,,0.44566399999999995,0.008400487650899768,-0.03426969313192558,-0.36057987865255786,0.48030423420643004,0.24514579913445805,0.2324453627192016,0.0,0.2843712915534063,0.6449511702059642,0.39273355105002655,0.2672046328364519
c3_w2_tcop_cm0_states_L0.4_km0_7599_ucp0_2425_s1024,cm0,stageC,-0.35,-0.7599,0.5,0.24248438819907564,1024,12,0.24248438819907564,0,True,,0.4441759999999999,0.006638323098929508,-0.05838341211787546,-0.36057987865255786,0.48085164044507944,0.24522878989516272,0.2324453627192016,0.0,0.2843712915534063,0.6449511702059642,0.38691202695703525,0.26578740857888516
c3_w2_tcop_cm0_states_L0.4_km0_7599_ucp0_2425_s1024,cm0,stageC,-0.35,-0.7599,0.5,0.24248438819907564,1024,13,0.24248438819907564,1,True,,0.44799999999999995,0.004929140352752653,-0.061264751883975545,-0.36057987865255786,0.47942455002788964,0.2451442573525154,0.2324453627192016,0.0,0.2843712915534063,0.6449511702059642,0.38209067685340814,0.26788147289782804
c3_w2_tcop_cm0_states_L0.4_km0_7599_ucp0_2425_s1024,cm0,stageC,-0.35,-0.7599,0.5,0.24248438819907564,1024,14,0.24248438819907564,2,True,,0.44692800000000005,0.006272595810054503,-0.03781989352123591,-0.36057987865255786,0.47982366685217326,0.24516938664579974,0.2324453627192016,0.0,0.2843712915534063,0.6449511702059642,0.38676196258261375,0.26907852341690797
c3_w2_tcop_cm0_states_L0.4_km0_7599_ucp0_2425_s1024,cm0,stageC,-0.35,-0.7599,0.5,0.24248438819907564,1024,15,0.24248438819907564,0,False,BLOCK_15_PARTIAL_CYCLE,0.44566399999999995,0.0079175695247669,-0.0376108281095418,-0.36057987865255786,0.4802941026454882,0.24522995082336985,0.2324453627192016,0.0,0.2843712915534063,0.6449511702059642,0.3898110483427134,0.2656904997903365
c3_w2_tcop_cm0_states_L0.4_km0_7599_ucp0_2425_s31415,cm0,stageC,-0.35,-0.7599,0.5,0.24248438819907564,31415,0,0.24248438819907564,0,False,PRE_PRIMARY_INCOMPLETE_CYCLE,0.432736,0.002932832734809481,-0.019509912688651487,-0.36057987865255786,0.48511588186508603,0.24474474755361075,0.2324453627192016,0.0,0.2843712915534063,0.6449511702059642,0.379549709933364,0.27133720235869585
c3_w2_tcop_cm0_states_L0.4_km0_7599_ucp0_2425_s31415,cm0,stageC,-0.35,-0.7599,0.5,0.24248438819907564,31415,1,0.24248438819907564,1,False,PRE_PRIMARY_INCOMPLETE_CYCLE,0.44296,0.0060113957090427,-0.03064315533909291,-0.36057987865255786,0.4813015856089628,0.2453006516165341,0.2324453627192016,0.0,0.2843712915534063,0.6449511702059642,0.3851939905132565,0.26408406354454766
c3_w2_tcop_cm0_states_L0.4_km0_7599_ucp0_2425_s31415,cm0,stageC,-0.35,-0.7599,0.5,0.24248438819907564,31415,2,0.24248438819907564,2,False,PRE_PRIMARY_INCOMPLETE_CYCLE,0.446128,0.007761420289768022,-0.05051004536807349,-0.36057987865255786,0.48012324635195597,0.24522323114621825,0.2324453627192016,0.0,0.2843712915534063,0.6449511702059642,0.3928825405426044,0.2674227072351432
c3_w2_tcop_cm0_states_L0.4_km0_7599_ucp0_2425_s31415,cm0,stageC,-0.35,-0.7599,0.5,0.24248438819907564,31415,3,0.24248438819907564,0,True,,0.44422399999999995,0.002236316995170641,-0.042130973375313734,-0.36057987865255786,0.4808333058961146,0.24526090253292898,0.2324453627192016,0.0,0.2843712915534063,0.6449511702059642,0.3781929630163245,0.26474746821586864
c3_w2_tcop_cm0_states_L0.4_km0_7599_ucp0_2425_s31415,cm0,stageC,-0.35,-0.7599,0.5,0.24248438819907564,31415,4,0.24248438819907564,1,True,,0.445648,0.007635131254816955,-0.052663768424102135,-0.36057987865255786,0.4803068778570609,0.24513607240238142,0.2324453627192016,0.0,0.2843712915534063,0.6449511702059642,0.39047987226073694,0.2678541284609157
c3_w2_tcop_cm0_states_L0.4_km0_7599_ucp0_2425_s31415,cm0,stageC,-0.35,-0.7599,0.5,0.24248438819907564,31415,5,0.24248438819907564,2,True,,0.4430400000000001,0.008790421345562486,-0.03696907513843029,-0.36057987865255786,0.4812799510020967,0.24516241879066766,0.2324453627192016,0.0,0.2843712915534063,0.6449511702059642,0.39451767189522685,0.26872635219864227
c3_w2_tcop_cm0_states_L0.4_km0_7599_ucp0_2425_s31415,cm0,stageC,-0.35,-0.7599,0.5,0.24248438819907564,31415,6,0.24248438819907564,0,True,,0.44588800000000006,0.010116176349777602,-0.03613265880947863,-0.36057987865255786,0.48022662130256627,0.24507790704406432,0.2324453627192016,0.0,0.2843712915534063,0.6449511702059642,0.39759734454471407,0.2711373015446778
c3_w2_tcop_cm0_states_L0.4_km0_7599_ucp0_2425_s31415,cm0,stageC,-0.35,-0.7599,0.5,0.24248438819907564,31415,7,0.24248438819907564,1,True,,0.444848,0.004681895050930152,-0.05198684940671062,-0.36057987865255786,0.4805997888446439,0.24520900165964102,0.2324453627192016,0.0,0.2843712915534063,0.6449511702059642,0.384008048699415,0.26872299521238957
c3_w2_tcop_cm0_states_L0.4_km0_7599_ucp0_2425_s31415,cm0,stageC,-0.35,-0.7599,0.5,0.24248438819907564,31415,8,0.24248438819907564,2,True,,0.44452800000000003,0.010233195840368116,-0.03558681259142247,-0.36057987865255786,0.4807228076889661,0.2452002655601538,0.2324453627192016,0.0,0.2843712915534063,0.6449511702059642,0.39158010965365214,0.26613275602217945
c3_w2_tcop_cm0_states_L0.4_km0_7599_ucp0_2425_s31415,cm0,stageC,-0.35,-0.7599,0.5,0.24248438819907564,31415,9,0.24248438819907564,0,True,,0.442864,0.007374602338816003,-0.04354398943497941,-0.36057987865255786,0.48135216593995334,0.24518574790543976,0.2324453627192016,0.0,0.2843712915534063,0.6449511702059642,0.3942189144092719,0.2675184241963132
c3_w2_tcop_cm0_states_L0.4_km0_7599_ucp0_2425_s31415,cm0,stageC,-0.35,-0.7599,0.5,0.24248438819907564,31415,10,0.24248438819907564,1,True,,0.445184,0.005476982635911684,-0.04377229033058311,-0.36057987865255786,0.480477383418845,0.24523680180090215,0.2324453627192016,0.0,0.2843712915534063,0.6449511702059642,0.3889116915143982,0.2698130838957386
c3_w2_tcop_cm0_states_L0.4_km0_7599_ucp0_2425_s31415,cm0,stageC,-0.35,-0.7599,0.5,0.24248438819907564,31415,11,0.24248438819907564,2,True,,0.44328,0.010383187821502169,-0.038249510817432456,-0.36057987865255786,0.4811839763334072,0.24524444826951505,0.2324453627192016,0.0,0.2843712915534063,0.6449511702059642,0.39639376851318076,0.2699168180646605
c3_w2_tcop_cm0_states_L0.4_km0_7599_ucp0_2425_s31415,cm0,stageC,-0.35,-0.7599,0.5,0.24248438819907564,31415,12,0.24248438819907564,0,True,,0.444992,0.005230482592003196,-0.026313886281934776,-0.36057987865255786,0.4805458056364785,0.24519992724990247,0.2324453627192016,0.0,0.2843712915534063,0.6449511702059642,0.38693182444955054,0.2696290501117786
c3_w2_tcop_cm0_states_L0.4_km0_7599_ucp0_2425_s31415,cm0,stageC,-0.35,-0.7599,0.5,0.24248438819907564,31415,13,0.24248438819907564,1,True,,0.44547200000000003,0.001141466849118358,-0.05739900353716043,-0.36057987865255786,0.48036246416662004,0.24526334256072985,0.2324453627192016,0.0,0.2843712915534063,0.6449511702059642,0.37677009671119355,0.2633549446599908
c3_w2_tcop_cm0_states_L0.4_km0_7599_ucp0_2425_s31415,cm0,stageC,-0.35,-0.7599,0.5,0.24248438819907564,31415,14,0.24248438819907564,2,True,,0.44488,0.008217293367192919,-0.04095788455782124,-0.36057987865255786,0.48059129853798654,0.24515345612410247,0.2324453627192016,0.0,0.2843712915534063,0.6449511702059642,0.38615070956443154,0.26885064885003973
c3_w2_tcop_cm0_states_L0.4_km0_7599_ucp0_2425_s31415,cm0,stageC,-0.35,-0.7599,0.5,0.24248438819907564,31415,15,0.24248438819907564,0,False,BLOCK_15_PARTIAL_CYCLE,0.44867199999999996,0.005319956547780403,-0.05958730018320232,-0.36057987865255786,0.4791730434112851,0.24518016481895558,0.2324453627192016,0.0,0.2843712915534063,0.6449511702059642,0.38809235002159176,0.27128285745587916
