run_id,mode,stage,c_label,kappa,tier,u_const,seed,block_idx,u_t,schedule_phase,block_in_primary_set,primary_exclusion_reason,block_rho,raw_Psi_meanI_state,raw_Psi_persistence_I,analytic_realized_delta_p_driven,mean_p_become,mean_slope,q05_slope,tail_mass,p_min,p_max,prop_I_full_surface,prop_I_masked_diagnostic
c3_w2_tcop_cm1_states_L0.4_kp0_0000_up0_0000_s42,cm1,stageA,0.0,0.0,0.0,,42,0,0.0,0,False,PRE_PRIMARY_INCOMPLETE_CYCLE,0.38659200000000005,0.0005905724338133676,0.006481538201895997,0.0,0.40000000000000013,0.24000000000000005,0.24,0.0,0.4,0.4,0.0,0.0
c3_w2_tcop_cm1_states_L0.4_kp0_0000_up0_0000_s42,cm1,stageA,0.0,0.0,0.0,,42,1,0.0,1,False,PRE_PRIMARY_INCOMPLETE_CYCLE,0.39940800000000004,-0.003046263438424263,-0.013891482454070174,0.0,0.40000000000000013,0.24000000000000005,0.24,0.0,0.4,0.4,0.0,0.0
c3_w2_tcop_cm1_states_L0.4_kp0_0000_up0_0000_s42,cm1,stageA,0.0,0.0,0.0,,42,2,0.0,2,False,PRE_PRIMARY_INCOMPLETE_CYCLE,0.398208,-1.0343157374749748e-05,0.0022595962407752574,0.0,0.40000000000000013,0.24000000000000005,0.24,0.0,0.4,0.4,0.0,0.0
c3_w2_tcop_cm1_states_L0.4_kp0_0000_up0_0000_s42,cm1,stageA,0.0,0.0,0.0,,42,3,0.0,0,True,,0.40070400000000006,-0.0004153842894083368,-0.01858312824479248,0.0,0.40000000000000013,0.24000000000000005,0.24,0.0,0.4,0.4,0.0,0.0
c3_w2_tcop_cm1_states_L0.4_kp0_0000_up0_0000_s42,cm1,stageA,0.0,0.0,0.0,,42,4,0.0,1,True,,0.39992,0.0029112502890845785,-0.0037040040914297803,0.0,0.40000000000000013,0.24000000000000005,0.24,0.0,0.4,0.4,0.0,0.0
c3_w2_tcop_cm1_states_L0.4_kp0_0000_up0_0000_s42,cm1,stageA,0.0,0.0,0.0,,42,5,0.0,2,True,,0.40208,-0.00021918858607191131,-0.006876688054264,0.0,0.40000000000000013,0.24000000000000005,0.24,0.0,0.4,0.4,0.0,0.0
c3_w2_tcop_cm1_states_L0.4_kp0_0000_up0_0000_s42,cm1,stageA,0.0,0.0,0.0,,42,6,0.0,0,True,,0.398304,-0.0009620503672747033,-0.006050614430880477,0.0,0.40000000000000013,0.24000000000000005,0.24,0.0,0.4,0.4,0.0,0.0
c3_w2_tcop_cm1_states_L0.4_kp0_0000_up0_0000_s42,cm1,stageA,0.0,0.0,0.0,,42,7,0.0,1,True,,0.39982399999999996,0.0005908919388211095,-0.0041093619928467585,0.0,0.40000000000000013,0.24000000000000005,0.24,0.0,0.4,0.4,0.0,0.0
c3_w2_tcop_cm1_states_L0.4_kp0_0000_up0_0000_s42,cm1,stageA,0.0,0.0,0.0,,42,8,0.0,2,True,,0.39785600000000004,-0.0008140356889067822,0.008139031391528679,0.0,0.40000000000000013,0.24000000000000005,0.24,0.0,0.4,0.4,0.0,0.0
c3_w2_tcop_cm1_states_L0.4_kp0_0000_up0_0000_s42,cm1,stageA,0.0,0.0,0.0,,42,9,0.0,0,True,,0.401008,0.0006655193509307753,0.017024084562244142,0.0,0.40000000000000013,0.24000000000000005,0.24,0.0,0.4,0.4,0.0,0.0
c3_w2_tcop_cm1_states_L0.4_kp0_0000_up0_0000_s42,cm1,stageA,0.0,0.0,0.0,,42,10,0.0,1,True,,0.399296,0.00107149287713491,-0.004622511851699258,0.0,0.40000000000000013,0.24000000000000005,0.24,0.0,0.4,0.4,0.0,0.0
c3_w2_tcop_cm1_states_L0.4_kp0_0000_up0_0000_s42,cm1,stageA,0.0,0.0,0.0,,42,11,0.0,2,True,,0.397584,-0.0002542840076839618,-0.016858043782782165,0.0,0.40000000000000013,0.24000000000000005,0.24,0.0,0.4,0.4,0.0,0.0
c3_w2_tcop_cm1_states_L0.4_kp0_0000_up0_0000_s42,cm1,stageA,0.0,0.0,0.0,,42,12,0.0,0,True,,0.402624,0.0007502916617536737,0.0027116492298245943,0.0,0.40000000000000013,0.24000000000000005,0.24,0.0,0.4,0.4,0.0,0.0
c3_w2_tcop_cm1_states_L0.4_kp0_0000_up0_0000_s42,cm1,stageA,0.0,0.0,0.0,,42,13,0.0,1,True,,0.400288,-0.004183678281568613,-0.011672351739382348,0.0,0.40000000000000013,0.24000000000000005,0.24,0.0,0.4,0.4,0.0,0.0
c3_w2_tcop_cm1_states_L0.4_kp0_0000_up0_0000_s42,cm1,stageA,0.0,0.0,0.0,,42,14,0.0,2,True,,0.3970719999999999,-0.0005431364753387157,0.007274960964552855,0.0,0.40000000000000013,0.24000000000000005,0.24,0.0,0.4,0.4,0.0,0.0
c3_w2_tcop_cm1_states_L0.4_kp0_0000_up0_0000_s42,cm1,stageA,0.0,0.0,0.0,,42,15,0.0,0,False,BLOCK_15_PARTIAL_CYCLE,0.400624,-0.003463299168221547,0.015113621203433037,0.0,0.40000000000000013,0.24000000000000005,0.24,0.0,0.4,0.4,0.0,0.0
c3_w2_tcop_cm1_states_L0.4_kp0_0000_up0_0000_s137,cm1,stageA,0.0,0.0,0.0,,137,0,0.0,0,False,PRE_PRIMARY_INCOMPLETE_CYCLE,0.39187200000000005,0.0010954722095620941,0.006332068126432319,0.0,0.40000000000000013,0.24000000000000005,0.24,0.0,0.4,0.4,0.0,0.0
c3_w2_tcop_cm1_states_L0.4_kp0_0000_up0_0000_s137,cm1,stageA,0.0,0.0,0.0,,137,1,0.0,1,False,PRE_PRIMARY_INCOMPLETE_CYCLE,0.398816,-0.0032612865568015827,-0.015266118616627238,0.0,0.40000000000000013,0.24000000000000005,0.24,0.0,0.4,0.4,0.0,0.0
c3_w2_tcop_cm1_states_L0.4_kp0_0000_up0_0000_s137,cm1,stageA,0.0,0.0,0.0,,137,2,0.0,2,False,PRE_PRIMARY_INCOMPLETE_CYCLE,0.398592,0.0008751755995035297,0.00047607218886395986,0.0,0.40000000000000013,0.24000000000000005,0.24,0.0,0.4,0.4,0.0,0.0
c3_w2_tcop_cm1_states_L0.4_kp0_0000_up0_0000_s137,cm1,stageA,0.0,0.0,0.0,,137,3,0.0,0,True,,0.40075199999999994,0.0011623684400476762,0.0008491932118113202,0.0,0.40000000000000013,0.24000000000000005,0.24,0.0,0.4,0.4,0.0,0.0
c3_w2_tcop_cm1_states_L0.4_kp0_0000_up0_0000_s137,cm1,stageA,0.0,0.0,0.0,,137,4,0.0,1,True,,0.39913600000000005,0.001305082987658118,-0.022322348512958164,0.0,0.40000000000000013,0.24000000000000005,0.24,0.0,0.4,0.4,0.0,0.0
c3_w2_tcop_cm1_states_L0.4_kp0_0000_up0_0000_s137,cm1,stageA,0.0,0.0,0.0,,137,5,0.0,2,True,,0.398576,0.0019306546074596676,-0.003919632553856364,0.0,0.40000000000000013,0.24000000000000005,0.24,0.0,0.4,0.4,0.0,0.0
c3_w2_tcop_cm1_states_L0.4_kp0_0000_up0_0000_s137,cm1,stageA,0.0,0.0,0.0,,137,6,0.0,0,True,,0.399968,0.002181852054478015,-0.012225591294567316,0.0,0.40000000000000013,0.24000000000000005,0.24,0.0,0.4,0.4,0.0,0.0
c3_w2_tcop_cm1_states_L0.4_kp0_0000_up0_0000_s137,cm1,stageA,0.0,0.0,0.0,,137,7,0.0,1,True,,0.400544,0.00015629727427890003,-0.0016751253796726763,0.0,0.40000000000000013,0.24000000000000005,0.24,0.0,0.4,0.4,0.0,0.0
c3_w2_tcop_cm1_states_L0.4_kp0_0000_up0_0000_s137,cm1,stageA,0.0,0.0,0.0,,137,8,0.0,2,True,,0.398352,-0.0003315581175834245,0.0008798181022644918,0.0,0.40000000000000013,0.24000000000000005,0.24,0.0,0.4,0.4,0.0,0.0
c3_w2_tcop_cm1_states_L0.4_kp0_0000_up0_0000_s137,cm1,stageA,0.0,0.0,0.0,,137,9,0.0,0,True,,0.39923200000000003,0.004038909271540937,0.022619794215475962,0.0,0.40000000000000013,0.24000000000000005,0.24,0.0,0.4,0.4,0.0,0.0
c3_w2_tcop_cm1_states_L0.4_kp0_0000_up0_0000_s137,cm1,stageA,0.0,0.0,0.0,,137,10,0.0,1,True,,0.400208,-0.001977999806229524,0.012268819470626696,0.0,0.40000000000000013,0.24000000000000005,0.24,0.0,0.4,0.4,0.0,0.0
c3_w2_tcop_cm1_states_L0.4_kp0_0000_up0_0000_s137,cm1,stageA,0.0,0.0,0.0,,137,11,0.0,2,True,,0.39833599999999997,-0.0002535266218778009,0.006105757259585111,0.0,0.40000000000000013,0.24000000000000005,0.24,0.0,0.4,0.4,0.0,0.0
c3_w2_tcop_cm1_states_L0.4_kp0_0000_up0_0000_s137,cm1,stageA,0.0,0.0,0.0,,137,12,0.0,0,True,,0.401952,-2.4395258232271927e-05,0.0031033623565422147,0.0,0.40000000000000013,0.24000000000000005,0.24,0.0,0.4,0.4,0.0,0.0
c3_w2_tcop_cm1_states_L0.4_kp0_0000_up0_0000_s137,cm1,stageA,0.0,0.0,0.0,,137,13,0.0,1,True,,0.39836800000000006,0.0004230606507558014,-0.005528027062333011,0.0,0.40000000000000013,0.24000000000000005,0.24,0.0,0.4,0.4,0.0,0.0
c3_w2_tcop_cm1_states_L0.4_kp0_0000_up0_0000_s137,cm1,stageA,0.0,0.0,0.0,,137,14,0.0,2,True,,0.40059199999999995,0.0015989907158576967,0.004527633584046491,0.0,0.40000000000000013,0.24000000000000005,0.24,0.0,0.4,0.4,0.0,0.0
c3_w2_tcop_cm1_states_L0.4_kp0_0000_up0_0000_s137,cm1,stageA,0.0,0.0,0.0,,137,15,0.0,0,False,BLOCK_15_PARTIAL_CYCLE,0.39931200000000006,0.0002165060210057848,0.022034168363482803,0.0,0.40000000000000013,0.24000000000000005,0.24,0.0,0.4,0.4,0.0,0.0
c3_w2_tcop_cm1_states_L0.4_kp0_0000_up0_0000_s256,cm1,stageA,0.0,0.0,0.0,,256,0,0.0,0,False,PRE_PRIMARY_INCOMPLETE_CYCLE,0.38835200000000003,0.0022131222870597237,0.0070648303706705535,0.0,0.40000000000000013,0.24000000000000005,0.24,0.0,0.4,0.4,0.0,0.0
c3_w2_tcop_cm1_states_L0.4_kp0_0000_up0_0000_s256,cm1,stageA,0.0,0.0,0.0,,256,1,0.0,1,False,PRE_PRIMARY_INCOMPLETE_CYCLE,0.400672,-0.0027282468239903574,0.0020931240091405846,0.0,0.40000000000000013,0.24000000000000005,0.24,0.0,0.4,0.4,0.0,0.0
c3_w2_tcop_cm1_states_L0.4_kp0_0000_up0_0000_s256,cm1,stageA,0.0,0.0,0.0,,256,2,0.0,2,False,PRE_PRIMARY_INCOMPLETE_CYCLE,0.402112,-0.0017122657884635353,0.0007805033691665585,0.0,0.40000000000000013,0.24000000000000005,0.24,0.0,0.4,0.4,0.0,0.0
c3_w2_tcop_cm1_states_L0.4_kp0_0000_up0_0000_s256,cm1,stageA,0.0,0.0,0.0,,256,3,0.0,0,True,,0.4027040000000001,-1.922704370071634e-05,0.0034124451519363407,0.0,0.40000000000000013,0.24000000000000005,0.24,0.0,0.4,0.4,0.0,0.0
c3_w2_tcop_cm1_states_L0.4_kp0_0000_up0_0000_s256,cm1,stageA,0.0,0.0,0.0,,256,4,0.0,1,True,,0.399664,0.0024291488959771175,0.014632031188488047,0.0,0.40000000000000013,0.24000000000000005,0.24,0.0,0.4,0.4,0.0,0.0
c3_w2_tcop_cm1_states_L0.4_kp0_0000_up0_0000_s256,cm1,stageA,0.0,0.0,0.0,,256,5,0.0,2,True,,0.396272,0.0007166399232286304,-0.015642141192788468,0.0,0.40000000000000013,0.24000000000000005,0.24,0.0,0.4,0.4,0.0,0.0
c3_w2_tcop_cm1_states_L0.4_kp0_0000_up0_0000_s256,cm1,stageA,0.0,0.0,0.0,,256,6,0.0,0,True,,0.398576,-0.004616782778190457,-0.008739731769846576,0.0,0.40000000000000013,0.24000000000000005,0.24,0.0,0.4,0.4,0.0,0.0
c3_w2_tcop_cm1_states_L0.4_kp0_0000_up0_0000_s256,cm1,stageA,0.0,0.0,0.0,,256,7,0.0,1,True,,0.401824,-0.0008371344501092948,0.001960913029518214,0.0,0.40000000000000013,0.24000000000000005,0.24,0.0,0.4,0.4,0.0,0.0
c3_w2_tcop_cm1_states_L0.4_kp0_0000_up0_0000_s256,cm1,stageA,0.0,0.0,0.0,,256,8,0.0,2,True,,0.4014719999999999,0.003907183877934861,-0.0048773833730958215,0.0,0.40000000000000013,0.24000000000000005,0.24,0.0,0.4,0.4,0.0,0.0
c3_w2_tcop_cm1_states_L0.4_kp0_0000_up0_0000_s256,cm1,stageA,0.0,0.0,0.0,,256,9,0.0,0,True,,0.40105599999999997,-0.002500506806417976,0.013256572746897373,0.0,0.40000000000000013,0.24000000000000005,0.24,0.0,0.4,0.4,0.0,0.0
c3_w2_tcop_cm1_states_L0.4_kp0_0000_up0_0000_s256,cm1,stageA,0.0,0.0,0.0,,256,10,0.0,1,True,,0.39900800000000003,-0.0007859648033945461,-0.009863509188884043,0.0,0.40000000000000013,0.24000000000000005,0.24,0.0,0.4,0.4,0.0,0.0
c3_w2_tcop_cm1_states_L0.4_kp0_0000_up0_0000_s256,cm1,stageA,0.0,0.0,0.0,,256,11,0.0,2,True,,0.39934400000000003,-0.002040302441421435,-0.0022178680955349693,0.0,0.40000000000000013,0.24000000000000005,0.24,0.0,0.4,0.4,0.0,0.0
c3_w2_tcop_cm1_states_L0.4_kp0_0000_up0_0000_s256,cm1,stageA,0.0,0.0,0.0,,256,12,0.0,0,True,,0.39840000000000003,-0.0026342142647047782,0.0035225048923679075,0.0,0.40000000000000013,0.24000000000000005,0.24,0.0,0.4,0.4,0.0,0.0
c3_w2_tcop_cm1_states_L0.4_kp0_0000_up0_0000_s256,cm1,stageA,0.0,0.0,0.0,,256,13,0.0,1,True,,0.397264,0.006234098338010597,0.01454408030746806,0.0,0.40000000000000013,0.24000000000000005,0.24,0.0,0.4,0.4,0.0,0.0
c3_w2_tcop_cm1_states_L0.4_kp0_0000_up0_0000_s256,cm1,stageA,0.0,0.0,0.0,,256,14,0.0,2,True,,0.4000000000000001,-0.003509843551790734,0.007435389033228495,0.0,0.40000000000000013,0.24000000000000005,0.24,0.0,0.4,0.4,0.0,0.0
c3_w2_tcop_cm1_states_L0.4_kp0_0000_up0_0000_s256,cm1,stageA,0.0,0.0,0.0,,256,15,0.0,0,False,BLOCK_15_PARTIAL_CYCLE,0.39942400000000006,0.000239723662943122,0.0012558607181792011,0.0,0.40000000000000013,0.24000000000000005,0.24,0.0,0.4,0.4,0.0,0.0
c3_w2_tcop_cm1_states_L0.4_kp0_0000_up0_0000_s1024,cm1,stageA,0.0,0.0,0.0,,1024,0,0.0,0,False,PRE_PRIMARY_INCOMPLETE_CYCLE,0.3889280000000001,-0.0023705304655709638,-0.0014078919099513609,0.0,0.40000000000000013,0.24000000000000005,0.24,0.0,0.4,0.4,0.0,0.0
c3_w2_tcop_cm1_states_L0.4_kp0_0000_up0_0000_s1024,cm1,stageA,0.0,0.0,0.0,,1024,1,0.0,1,False,PRE_PRIMARY_INCOMPLETE_CYCLE,0.399776,-0.0003664618064945802,-0.003952675837778002,0.0,0.40000000000000013,0.24000000000000005,0.24,0.0,0.4,0.4,0.0,0.0
c3_w2_tcop_cm1_states_L0.4_kp0_0000_up0_0000_s1024,cm1,stageA,0.0,0.0,0.0,,1024,2,0.0,2,False,PRE_PRIMARY_INCOMPLETE_CYCLE,0.397872,0.0007913622875630991,0.009704997653988799,0.0,0.40000000000000013,0.24000000000000005,0.24,0.0,0.4,0.4,0.0,0.0
c3_w2_tcop_cm1_states_L0.4_kp0_0000_up0_0000_s1024,cm1,stageA,0.0,0.0,0.0,,1024,3,0.0,0,True,,0.399488,0.00102416701224025,0.0005932521135462147,0.0,0.40000000000000013,0.24000000000000005,0.24,0.0,0.4,0.4,0.0,0.0
c3_w2_tcop_cm1_states_L0.4_kp0_0000_up0_0000_s1024,cm1,stageA,0.0,0.0,0.0,,1024,4,0.0,1,True,,0.40192,0.0016615658568178513,-0.000697678741177779,0.0,0.40000000000000013,0.24000000000000005,0.24,0.0,0.4,0.4,0.0,0.0
c3_w2_tcop_cm1_states_L0.4_kp0_0000_up0_0000_s1024,cm1,stageA,0.0,0.0,0.0,,1024,5,0.0,2,True,,0.40056,-0.001333038513006143,-0.005788080523573554,0.0,0.40000000000000013,0.24000000000000005,0.24,0.0,0.4,0.4,0.0,0.0
c3_w2_tcop_cm1_states_L0.4_kp0_0000_up0_0000_s1024,cm1,stageA,0.0,0.0,0.0,,1024,6,0.0,0,True,,0.40416,-0.0022297924817365872,0.003443624352429165,0.0,0.40000000000000013,0.24000000000000005,0.24,0.0,0.4,0.4,0.0,0.0
c3_w2_tcop_cm1_states_L0.4_kp0_0000_up0_0000_s1024,cm1,stageA,0.0,0.0,0.0,,1024,7,0.0,1,True,,0.396064,0.00219558796243298,0.023438695253595297,0.0,0.40000000000000013,0.24000000000000005,0.24,0.0,0.4,0.4,0.0,0.0
c3_w2_tcop_cm1_states_L0.4_kp0_0000_up0_0000_s1024,cm1,stageA,0.0,0.0,0.0,,1024,8,0.0,2,True,,0.397392,-0.000926167160336057,0.009329592886417356,0.0,0.40000000000000013,0.24000000000000005,0.24,0.0,0.4,0.4,0.0,0.0
c3_w2_tcop_cm1_states_L0.4_kp0_0000_up0_0000_s1024,cm1,stageA,0.0,0.0,0.0,,1024,9,0.0,0,True,,0.400672,-0.00278332030821675,0.0010846787231533828,0.0,0.40000000000000013,0.24000000000000005,0.24,0.0,0.4,0.4,0.0,0.0
c3_w2_tcop_cm1_states_L0.4_kp0_0000_up0_0000_s1024,cm1,stageA,0.0,0.0,0.0,,1024,10,0.0,1,True,,0.39939199999999997,0.00016490991227532118,-0.007979984170589722,0.0,0.40000000000000013,0.24000000000000005,0.24,0.0,0.4,0.4,0.0,0.0
c3_w2_tcop_cm1_states_L0.4_kp0_0000_up0_0000_s1024,cm1,stageA,0.0,0.0,0.0,,1024,11,0.0,2,True,,0.39864,-0.00043325781279923535,0.006663776691012859,0.0,0.40000000000000013,0.24000000000000005,0.24,0.0,0.4,0.4,0.0,0.0
c3_w2_tcop_cm1_states_L0.4_kp0_0000_up0_0000_s1024,cm1,stageA,0.0,0.0,0.0,,1024,12,0.0,0,True,,0.39855999999999997,-0.0010257984164983274,-0.013579003766635529,0.0,0.40000000000000013,0.24000000000000005,0.24,0.0,0.4,0.4,0.0,0.0
c3_w2_tcop_cm1_states_L0.4_kp0_0000_up0_0000_s1024,cm1,stageA,0.0,0.0,0.0,,1024,13,0.0,1,True,,0.401408,-0.0007033366269701488,-0.022834410280618677,0.0,0.40000000000000013,0.24000000000000005,0.24,0.0,0.4,0.4,0.0,0.0
c3_w2_tcop_cm1_states_L0.4_kp0_0000_up0_0000_s1024,cm1,stageA,0.0,0.0,0.0,,1024,14,0.0,2,True,,0.401744,-0.0004781145051311826,-0.005372659329976703,0.0,0.40000000000000013,0.24000000000000005,0.24,0.0,0.4,0.4,0.0,0.0
c3_w2_tcop_cm1_states_L0.4_kp0_0000_up0_0000_s1024,cm1,stageA,0.0,0.0,0.0,,1024,15,0.0,0,False,BLOCK_15_PARTIAL_CYCLE,0.399696,0.0002753744537013452,-0.004223122642630166,0.0,0.40000000000000013,0.24000000000000005,0.24,0.0,0.4,0.4,0.0,0.0
c3_w2_tcop_cm1_states_L0.4_kp0_0000_up0_0000_s31415,cm1,stageA,0.0,0.0,0.0,,31415,0,0.0,0,False,PRE_PRIMARY_INCOMPLETE_CYCLE,0.383232,-0.003963088325734896,0.01908886658358813,0.0,0.40000000000000013,0.24000000000000005,0.24,0.0,0.4,0.4,0.0,0.0
c3_w2_tcop_cm1_states_L0.4_kp0_0000_up0_0000_s31415,cm1,stageA,0.0,0.0,0.0,,31415,1,0.0,1,False,PRE_PRIMARY_INCOMPLETE_CYCLE,0.3974080000000001,-9.443847739491752e-06,0.008914535580034145,0.0,0.40000000000000013,0.24000000000000005,0.24,0.0,0.4,0.4,0.0,0.0
c3_w2_tcop_cm1_states_L0.4_kp0_0000_up0_0000_s31415,cm1,stageA,0.0,0.0,0.0,,31415,2,0.0,2,False,PRE_PRIMARY_INCOMPLETE_CYCLE,0.40092800000000006,0.0013346241675046217,-0.010812585796111973,0.0,0.40000000000000013,0.24000000000000005,0.24,0.0,0.4,0.4,0.0,0.0
c3_w2_tcop_cm1_states_L0.4_kp0_0000_up0_0000_s31415,cm1,stageA,0.0,0.0,0.0,,31415,3,0.0,0,True,,0.398528,-0.0017945006661520247,-0.003051637936014342,0.0,0.40000000000000013,0.24000000000000005,0.24,0.0,0.4,0.4,0.0,0.0
c3_w2_tcop_cm1_states_L0.4_kp0_0000_up0_0000_s31415,cm1,stageA,0.0,0.0,0.0,,31415,4,0.0,1,True,,0.39956800000000003,-0.00022044482529462063,-0.016591930014906987,0.0,0.40000000000000013,0.24000000000000005,0.24,0.0,0.4,0.4,0.0,0.0
c3_w2_tcop_cm1_states_L0.4_kp0_0000_up0_0000_s31415,cm1,stageA,0.0,0.0,0.0,,31415,5,0.0,2,True,,0.397632,0.0017543250509600157,0.0075799312500428396,0.0,0.40000000000000013,0.24000000000000005,0.24,0.0,0.4,0.4,0.0,0.0
c3_w2_tcop_cm1_states_L0.4_kp0_0000_up0_0000_s31415,cm1,stageA,0.0,0.0,0.0,,31415,6,0.0,0,True,,0.39908800000000005,0.0005020681443271703,-0.00642177529081278,0.0,0.40000000000000013,0.24000000000000005,0.24,0.0,0.4,0.4,0.0,0.0
c3_w2_tcop_cm1_states_L0.4_kp0_0000_up0_0000_s31415,cm1,stageA,0.0,0.0,0.0,,31415,7,0.0,1,True,,0.399152,-0.003468403763581866,-0.008010537138437282,0.0,0.40000000000000013,0.24000000000000005,0.24,0.0,0.4,0.4,0.0,0.0
c3_w2_tcop_cm1_states_L0.4_kp0_0000_up0_0000_s31415,cm1,stageA,0.0,0.0,0.0,,31415,8,0.0,2,True,,0.39808,0.0028587330055079192,-0.0009306733219163795,0.0,0.40000000000000013,0.24000000000000005,0.24,0.0,0.4,0.4,0.0,0.0
c3_w2_tcop_cm1_states_L0.4_kp0_0000_up0_0000_s31415,cm1,stageA,0.0,0.0,0.0,,31415,9,0.0,0,True,,0.39716799999999997,-0.0010108521159281861,-0.0034277468163776055,0.0,0.40000000000000013,0.24000000000000005,0.24,0.0,0.4,0.4,0.0,0.0
c3_w2_tcop_cm1_states_L0.4_kp0_0000_up0_0000_s31415,cm1,stageA,0.0,0.0,0.0,,31415,10,0.0,1,True,,0.40153599999999995,0.0006841575142011756,0.006654723665177258,0.0,0.40000000000000013,0.24000000000000005,0.24,0.0,0.4,0.4,0.0,0.0
c3_w2_tcop_cm1_states_L0.4_kp0_0000_up0_0000_s31415,cm1,stageA,0.0,0.0,0.0,,31415,11,0.0,2,True,,0.39759999999999995,0.0035737401475302148,-0.0015698587127158567,0.0,0.40000000000000013,0.24000000000000005,0.24,0.0,0.4,0.4,0.0,0.0
c3_w2_tcop_cm1_states_L0.4_kp0_0000_up0_0000_s31415,cm1,stageA,0.0,0.0,0.0,,31415,12,0.0,0,True,,0.39992000000000005,-0.0035631859345609997,0.0076727424273531335,0.0,0.40000000000000013,0.24000000000000005,0.24,0.0,0.4,0.4,0.0,0.0
c3_w2_tcop_cm1_states_L0.4_kp0_0000_up0_0000_s31415,cm1,stageA,0.0,0.0,0.0,,31415,13,0.0,1,True,,0.40116799999999997,-0.004843284307145792,-0.010468504279485267,0.0,0.40000000000000013,0.24000000000000005,0.24,0.0,0.4,0.4,0.0,0.0
c3_w2_tcop_cm1_states_L0.4_kp0_0000_up0_0000_s31415,cm1,stageA,0.0,0.0,0.0,,31415,14,0.0,2,True,,0.39760000000000006,0.00020474672015621497,0.00013529053642697553,0.0,0.40000000000000013,0.24000000000000005,0.24,0.0,0.4,0.4,0.0,0.0
c3_w2_tcop_cm1_states_L0.4_kp0_0000_up0_0000_s31415,cm1,stageA,0.0,0.0,0.0,,31415,15,0.0,0,False,BLOCK_15_PARTIAL_CYCLE,0.4035999999999999,-0.001479806861133144,-0.009177052390514279,0.0,0.40000000000000013,0.24000000000000005,0.24,0.0,0.4,0.4,0.0,0.0
c3_w2_tcop_cm1_states_L0.4_kp0_1042_up0_0000_s42,cm1,stageA,0.05,0.1042,0.0,,42,0,0.0,0,False,PRE_PRIMARY_INCOMPLETE_CYCLE,0.38270400000000004,0.000354167176477894,0.014342533502795676,0.04997621087120674,0.3941833421703104,0.23872265916238464,0.23593376348156542,0.0,0.3752720352894233,0.42524824616063006,0.37631244768592503,0.27710874192818397
c3_w2_tcop_cm1_states_L0.4_kp0_1042_up0_0000_s42,cm1,stageA,0.05,0.1042,0.0,,42,1,0.0,1,False,PRE_PRIMARY_INCOMPLETE_CYCLE,0.396496,-0.002904710592137255,-0.006142198982739717,0.04997621087120674,0.39486647516393847,0.23887390117444943,0.23593376348156542,0.0,0.3752720352894233,0.42524824616063006,0.3638925843264494,0.26766148281527874
c3_w2_tcop_cm1_states_L0.4_kp0_1042_up0_0000_s42,cm1,stageA,0.05,0.1042,0.0,,42,2,0.0,2,False,PRE_PRIMARY_INCOMPLETE_CYCLE,0.39510399999999996,0.0007601213318141388,0.006588272887431141,0.04997621087120674,0.39479802328706165,0.23885757295202278,0.23593376348156542,0.0,0.3752720352894233,0.42524824616063006,0.37803799632568447,0.2784789421018985
c3_w2_tcop_cm1_states_L0.4_kp0_1042_up0_0000_s42,cm1,stageA,0.05,0.1042,0.0,,42,3,0.0,0,True,,0.39739199999999997,0.0004117212608258114,-0.009237218848765242,0.04997621087120674,0.39491166747741413,0.23888203107897604,0.23593376348156542,0.0,0.3752720352894233,0.42524824616063006,0.37434872278827847,0.2680804816496072
c3_w2_tcop_cm1_states_L0.4_kp0_1042_up0_0000_s42,cm1,stageA,0.05,0.1042,0.0,,42,4,0.0,1,True,,0.39689599999999997,0.0036097093168674693,0.005113022669176237,0.04997621087120674,0.3948870716136799,0.2388767108650784,0.23593376348156542,0.0,0.3752720352894233,0.42524824616063006,0.380709799137449,0.27836250319325834
c3_w2_tcop_cm1_states_L0.4_kp0_1042_up0_0000_s42,cm1,stageA,0.05,0.1042,0.0,,42,5,0.0,2,True,,0.398672,-0.00025411609408301853,-0.0012184160007327747,0.04997621087120674,0.3949750571141291,0.23889612646451708,0.23593376348156542,0.0,0.3752720352894233,0.42524824616063006,0.3681767587938255,0.2679841767377846
c3_w2_tcop_cm1_states_L0.4_kp0_1042_up0_0000_s42,cm1,stageA,0.05,0.1042,0.0,,42,6,0.0,0,True,,0.39512,-0.0009736493528101556,0.0018572997658187296,0.04997621087120674,0.39479807554614266,0.23885931974859145,0.23593376348156542,0.0,0.3752720352894233,0.42524824616063006,0.36990899484141865,0.2737182122291778
c3_w2_tcop_cm1_states_L0.4_kp0_1042_up0_0000_s42,cm1,stageA,0.05,0.1042,0.0,,42,7,0.0,1,True,,0.39636799999999994,0.00044122417328818506,0.00602764820645273,0.04997621087120674,0.394860582371275,0.2388715618120085,0.23593376348156542,0.0,0.3752720352894233,0.42524824616063006,0.37122809859394595,0.2735063540136661
c3_w2_tcop_cm1_states_L0.4_kp0_1042_up0_0000_s42,cm1,stageA,0.05,0.1042,0.0,,42,8,0.0,2,True,,0.39489599999999997,-0.0009514700837251603,0.014142299969878503,0.04997621087120674,0.39478702636713187,0.2388567479625464,0.23593376348156542,0.0,0.3752720352894233,0.42524824616063006,0.3698414875872954,0.2718953193833857
c3_w2_tcop_cm1_states_L0.4_kp0_1042_up0_0000_s42,cm1,stageA,0.05,0.1042,0.0,,42,9,0.0,0,True,,0.397904,8.74478041082427e-08,0.022356663655875027,0.04997621087120674,0.3949368209521395,0.2388881075744225,0.23593376348156542,0.0,0.3752720352894233,0.42524824616063006,0.3717584532270496,0.27183389736280106
c3_w2_tcop_cm1_states_L0.4_kp0_1042_up0_0000_s42,cm1,stageA,0.05,0.1042,0.0,,42,10,0.0,1,True,,0.39614400000000005,0.0010886023734743336,0.002962268078990474,0.04997621087120674,0.39484952124335204,0.23886908016647615,0.23593376348156542,0.0,0.3752720352894233,0.42524824616063006,0.37305005752776266,0.2733841108313475
c3_w2_tcop_cm1_states_L0.4_kp0_1042_up0_0000_s42,cm1,stageA,0.05,0.1042,0.0,,42,11,0.0,2,True,,0.394208,0.00037595385339562066,-0.00591635562196181,0.04997621087120674,0.39475297484837135,0.23884915914567378,0.23593376348156542,0.0,0.3752720352894233,0.42524824616063006,0.37699578952403034,0.27937226588842373
c3_w2_tcop_cm1_states_L0.4_kp0_1042_up0_0000_s42,cm1,stageA,0.05,0.1042,0.0,,42,12,0.0,0,True,,0.399936,0.0003354010146914789,0.009500237406064817,0.04997621087120674,0.3950388031151318,0.23890767333354848,0.23593376348156542,0.0,0.3752720352894233,0.42524824616063006,0.37107060233188105,0.2778603317596713
c3_w2_tcop_cm1_states_L0.4_kp0_1042_up0_0000_s42,cm1,stageA,0.05,0.1042,0.0,,42,13,0.0,1,True,,0.3968,-0.005103161109130717,-0.0013414149443561228,0.04997621087120674,0.3948819125122752,0.23887643679543866,0.23593376348156542,0.0,0.3752720352894233,0.42524824616063006,0.35899152682224533,0.26899998290051425
c3_w2_tcop_cm1_states_L0.4_kp0_1042_up0_0000_s42,cm1,stageA,0.05,0.1042,0.0,,42,14,0.0,2,True,,0.39404799999999995,-8.193357328060081e-05,0.013717468688371958,0.04997621087120674,0.39474485484899346,0.2388477640363017,0.23593376348156542,0.0,0.3752720352894233,0.42524824616063006,0.3681051980078929,0.27160383605722077
c3_w2_tcop_cm1_states_L0.4_kp0_1042_up0_0000_s42,cm1,stageA,0.05,0.1042,0.0,,42,15,0.0,0,False,BLOCK_15_PARTIAL_CYCLE,0.39793599999999996,-0.003415869836998686,0.024010964843002646,0.04997621087120674,0.3949384754069813,0.2388883454782468,0.23593376348156542,0.0,0.3752720352894233,0.42524824616063006,0.36472303843168846,0.27431001064498295
c3_w2_tcop_cm1_states_L0.4_kp0_1042_up0_0000_s137,cm1,stageA,0.05,0.1042,0.0,,137,0,0.0,0,False,PRE_PRIMARY_INCOMPLETE_CYCLE,0.38800000000000007,0.0008567365412611719,0.014904624480889701,0.04997621087120674,0.3944474728065925,0.23877706255361839,0.23593376348156542,0.0,0.3752720352894233,0.42524824616063006,0.3758594500575748,0.2766378719104721
c3_w2_tcop_cm1_states_L0.4_kp0_1042_up0_0000_s137,cm1,stageA,0.05,0.1042,0.0,,137,1,0.0,1,False,PRE_PRIMARY_INCOMPLETE_CYCLE,0.39614400000000005,-0.0029657751475956275,-0.007127539824106618,0.04997621087120674,0.3948493103790657,0.23886946899695724,0.23593376348156542,0.0,0.3752720352894233,0.42524824616063006,0.3685639889026675,0.2723830725000254
c3_w2_tcop_cm1_states_L0.4_kp0_1042_up0_0000_s137,cm1,stageA,0.05,0.1042,0.0,,137,2,0.0,2,False,PRE_PRIMARY_INCOMPLETE_CYCLE,0.395488,0.0009448088895914553,0.008002216061638196,0.04997621087120674,0.39481666085508665,0.23886258632466267,0.23593376348156542,0.0,0.3752720352894233,0.42524824616063006,0.3696219256236699,0.2702670876138748
c3_w2_tcop_cm1_states_L0.4_kp0_1042_up0_0000_s137,cm1,stageA,0.05,0.1042,0.0,,137,3,0.0,0,True,,0.397968,0.0009166807735276343,0.006179145432445754,0.04997621087120674,0.39494009642796674,0.2388885970019346,0.23593376348156542,0.0,0.3752720352894233,0.42524824616063006,0.37602094953380777,0.27117827060200334
c3_w2_tcop_cm1_states_L0.4_kp0_1042_up0_0000_s137,cm1,stageA,0.05,0.1042,0.0,,137,4,0.0,1,True,,0.39580800000000005,0.0011988432210320338,-0.01650261778556141,0.04997621087120674,0.39483291707741774,0.2388652708768604,0.23593376348156542,0.0,0.3752720352894233,0.42524824616063006,0.3779376358269829,0.2736456216561948
c3_w2_tcop_cm1_states_L0.4_kp0_1042_up0_0000_s137,cm1,stageA,0.05,0.1042,0.0,,137,5,0.0,2,True,,0.39545600000000003,0.002076390837583259,0.004711638164222167,0.04997621087120674,0.3948153845238264,0.23886164382987643,0.23593376348156542,0.0,0.3752720352894233,0.42524824616063006,0.3727829567952887,0.27157163828324843
c3_w2_tcop_cm1_states_L0.4_kp0_1042_up0_0000_s137,cm1,stageA,0.05,0.1042,0.0,,137,6,0.0,0,True,,0.3968319999999999,0.0028511029151640534,-0.005960550792700718,0.04997621087120674,0.39488393833107593,0.23887585087181412,0.23593376348156542,0.0,0.3752720352894233,0.42524824616063006,0.38074927545104964,0.27102499213370274
c3_w2_tcop_cm1_states_L0.4_kp0_1042_up0_0000_s137,cm1,stageA,0.05,0.1042,0.0,,137,7,0.0,1,True,,0.397584,-0.00032446587277207116,0.002996230238121635,0.04997621087120674,0.39492094125822186,0.2388846822765246,0.23593376348156542,0.0,0.3752720352894233,0.42524824616063006,0.37238527449182357,0.27365495672224793
c3_w2_tcop_cm1_states_L0.4_kp0_1042_up0_0000_s137,cm1,stageA,0.05,0.1042,0.0,,137,8,0.0,2,True,,0.395424,-7.176920101951685e-05,0.008058673937603575,0.04997621087120674,0.3948138563330006,0.23886116292931325,0.23593376348156542,0.0,0.3752720352894233,0.42524824616063006,0.3730843657282512,0.27677993533035344
c3_w2_tcop_cm1_states_L0.4_kp0_1042_up0_0000_s137,cm1,stageA,0.05,0.1042,0.0,,137,9,0.0,0,True,,0.395984,0.004160953040726429,0.027559185589843438,0.04997621087120674,0.394842138417128,0.2388661418884761,0.23593376348156542,0.0,0.3752720352894233,0.42524824616063006,0.3859589507504973,0.2793225769866483
c3_w2_tcop_cm1_states_L0.4_kp0_1042_up0_0000_s137,cm1,stageA,0.05,0.1042,0.0,,137,10,0.0,1,True,,0.397216,-0.002216374989158677,0.021099541922216997,0.04997621087120674,0.3949021779118957,0.23888174008663599,0.23593376348156542,0.0,0.3752720352894233,0.42524824616063006,0.36584580601109873,0.26949227604235515
c3_w2_tcop_cm1_states_L0.4_kp0_1042_up0_0000_s137,cm1,stageA,0.05,0.1042,0.0,,137,11,0.0,2,True,,0.395056,-0.0002613612332029668,0.012299127460846215,0.04997621087120674,0.3947954785065779,0.23885740034671074,0.23593376348156542,0.0,0.3752720352894233,0.42524824616063006,0.3741187336430103,0.2738205125055295
c3_w2_tcop_cm1_states_L0.4_kp0_1042_up0_0000_s137,cm1,stageA,0.05,0.1042,0.0,,137,12,0.0,0,True,,0.39828800000000003,0.0010441516965167769,0.00679271948706143,0.04997621087120674,0.39495617357765317,0.2388916501649252,0.23593376348156542,0.0,0.3752720352894233,0.42524824616063006,0.3736301980678182,0.27140721339736706
c3_w2_tcop_cm1_states_L0.4_kp0_1042_up0_0000_s137,cm1,stageA,0.05,0.1042,0.0,,137,13,0.0,1,True,,0.39584,0.001053678122223305,0.0015146038562380637,0.04997621087120674,0.39483441380681733,0.23886577541040227,0.23593376348156542,0.0,0.3752720352894233,0.42524824616063006,0.3751723155939939,0.2702452261144756
c3_w2_tcop_cm1_states_L0.4_kp0_1042_up0_0000_s137,cm1,stageA,0.05,0.1042,0.0,,137,14,0.0,2,True,,0.39742400000000005,0.0013866112894514804,0.011885054588965799,0.04997621087120674,0.3949136336713431,0.23888165309129303,0.23593376348156542,0.0,0.3752720352894233,0.42524824616063006,0.37700630878924096,0.27574267596386
c3_w2_tcop_cm1_states_L0.4_kp0_1042_up0_0000_s137,cm1,stageA,0.05,0.1042,0.0,,137,15,0.0,0,False,BLOCK_15_PARTIAL_CYCLE,0.39633599999999997,0.00023181151007540868,0.028194727124401894,0.04997621087120674,0.39485902104420134,0.23887116334438968,0.23593376348156542,0.0,0.3752720352894233,0.42524824616063006,0.37500200747895657,0.2767087981411543
c3_w2_tcop_cm1_states_L0.4_kp0_1042_up0_0000_s256,cm1,stageA,0.05,0.1042,0.0,,256,0,0.0,0,False,PRE_PRIMARY_INCOMPLETE_CYCLE,0.38430400000000003,0.0021741288487494566,0.016619778633432912,0.04997621087120674,0.39426344006097447,0.23873848820683732,0.23593376348156542,0.0,0.3752720352894233,0.42524824616063006,0.3802362497330936,0.2794793320116015
c3_w2_tcop_cm1_states_L0.4_kp0_1042_up0_0000_s256,cm1,stageA,0.05,0.1042,0.0,,256,1,0.0,1,False,PRE_PRIMARY_INCOMPLETE_CYCLE,0.39742400000000005,-0.0031297774119767936,0.005785339484521571,0.04997621087120674,0.3949132393331476,0.2388824500489339,0.23593376348156542,0.0,0.3752720352894233,0.42524824616063006,0.3631671106209236,0.2697640859782238
c3_w2_tcop_cm1_states_L0.4_kp0_1042_up0_0000_s256,cm1,stageA,0.05,0.1042,0.0,,256,2,0.0,2,False,PRE_PRIMARY_INCOMPLETE_CYCLE,0.39926399999999995,-0.0016375126652006479,0.004554490605019994,0.04997621087120674,0.39500451508097406,0.23890238208004094,0.23593376348156542,0.0,0.3752720352894233,0.42524824616063006,0.370640397647681,0.274616258061373
c3_w2_tcop_cm1_states_L0.4_kp0_1042_up0_0000_s256,cm1,stageA,0.05,0.1042,0.0,,256,3,0.0,0,True,,0.399584,0.00010450204642482499,0.012582820106031688,0.04997621087120674,0.3950208957245881,0.23890479246704088,0.23593376348156542,0.0,0.3752720352894233,0.42524824616063006,0.3725057465264652,0.27333465187302086
c3_w2_tcop_cm1_states_L0.4_kp0_1042_up0_0000_s256,cm1,stageA,0.05,0.1042,0.0,,256,4,0.0,1,True,,0.39651200000000003,0.002202893437047552,0.021562559541576865,0.04997621087120674,0.39486806797086127,0.23887242024605207,0.23593376348156542,0.0,0.3752720352894233,0.42524824616063006,0.3784547454518477,0.272919456828777
c3_w2_tcop_cm1_states_L0.4_kp0_1042_up0_0000_s256,cm1,stageA,0.05,0.1042,0.0,,256,5,0.0,2,True,,0.392896,5.864517396494413e-05,-0.011107967690560164,0.04997621087120674,0.39468783056154916,0.23883506986980246,0.23593376348156542,0.0,0.3752720352894233,0.42524824616063006,0.37519142277018885,0.2781423753112704
c3_w2_tcop_cm1_states_L0.4_kp0_1042_up0_0000_s256,cm1,stageA,0.05,0.1042,0.0,,256,6,0.0,0,True,,0.395664,-0.0041265308642085205,-0.0032382212823957313,0.04997621087120674,0.39482519840156743,0.2388648947594638,0.23593376348156542,0.0,0.3752720352894233,0.42524824616063006,0.35945040463300026,0.2706445968107643
c3_w2_tcop_cm1_states_L0.4_kp0_1042_up0_0000_s256,cm1,stageA,0.05,0.1042,0.0,,256,7,0.0,1,True,,0.39896,-0.00017236514962577713,0.010372961939563387,0.04997621087120674,0.3949898009765703,0.23889835971001014,0.23593376348156542,0.0,0.3752720352894233,0.42524824616063006,0.37242611162776884,0.27737901922317837
c3_w2_tcop_cm1_states_L0.4_kp0_1042_up0_0000_s256,cm1,stageA,0.05,0.1042,0.0,,256,8,0.0,2,True,,0.398416,0.004494259942452916,0.001803875754561451,0.04997621087120674,0.3949629297876523,0.2388921418027338,0.23593376348156542,0.0,0.3752720352894233,0.42524824616063006,0.3812715498196129,0.27297699621409977
c3_w2_tcop_cm1_states_L0.4_kp0_1042_up0_0000_s256,cm1,stageA,0.05,0.1042,0.0,,256,9,0.0,0,True,,0.398128,-0.002081156223104843,0.023276160004144144,0.04997621087120674,0.3949478809289771,0.23889067592983895,0.23593376348156542,0.0,0.3752720352894233,0.42524824616063006,0.3685796842481976,0.2709274667624001
c3_w2_tcop_cm1_states_L0.4_kp0_1042_up0_0000_s256,cm1,stageA,0.05,0.1042,0.0,,256,10,0.0,1,True,,0.39568,-0.00041361020059760967,-0.00249577230060372,0.04997621087120674,0.3948264665142478,0.23886406152729353,0.23593376348156542,0.0,0.3752720352894233,0.42524824616063006,0.37015761941641445,0.26881084200955063
c3_w2_tcop_cm1_states_L0.4_kp0_1042_up0_0000_s256,cm1,stageA,0.05,0.1042,0.0,,256,11,0.0,2,True,,0.3960639999999999,-0.0015994215070487727,0.0012241957187334816,0.04997621087120674,0.394845443955868,0.2388684373995472,0.23593376348156542,0.0,0.3752720352894233,0.42524824616063006,0.3691180744788883,0.2751663242101331
c3_w2_tcop_cm1_states_L0.4_kp0_1042_up0_0000_s256,cm1,stageA,0.05,0.1042,0.0,,256,12,0.0,0,True,,0.395904,-0.002276388522349582,0.011683801773692742,0.04997621087120674,0.3948374098179018,0.23886689900858443,0.23593376348156542,0.0,0.3752720352894233,0.42524824616063006,0.366595075066956,0.27585391133554726
c3_w2_tcop_cm1_states_L0.4_kp0_1042_up0_0000_s256,cm1,stageA,0.05,0.1042,0.0,,256,13,0.0,1,True,,0.39372799999999997,0.006189884944324696,0.020985957584473247,0.04997621087120674,0.39472983124403466,0.2388425371315092,0.23593376348156542,0.0,0.3752720352894233,0.42524824616063006,0.3880251826564764,0.2775389255866283
c3_w2_tcop_cm1_states_L0.4_kp0_1042_up0_0000_s256,cm1,stageA,0.05,0.1042,0.0,,256,14,0.0,2,True,,0.396672,-0.002912939802283922,0.013328965950575339,0.04997621087120674,0.39487503721537254,0.2388761620151158,0.23593376348156542,0.0,0.3752720352894233,0.42524824616063006,0.36208454442508176,0.2665584132884084
c3_w2_tcop_cm1_states_L0.4_kp0_1042_up0_0000_s256,cm1,stageA,0.05,0.1042,0.0,,256,15,0.0,0,False,BLOCK_15_PARTIAL_CYCLE,0.39596799999999993,-0.0002684365952596157,0.006616619612107851,0.04997621087120674,0.3948407729308591,0.23886719616042526,0.23593376348156542,0.0,0.3752720352894233,0.42524824616063006,0.36802603842165454,0.27379843649887126
c3_w2_tcop_cm1_states_L0.4_kp0_1042_up0_0000_s1024,cm1,stageA,0.05,0.1042,0.0,,1024,0,0.0,0,False,PRE_PRIMARY_INCOMPLETE_CYCLE,0.38537600000000005,-0.0025161284987102735,0.00422137899734997,0.04997621087120674,0.39431667350200056,0.23875000355209852,0.23593376348156542,0.0,0.3752720352894233,0.42524824616063006,0.36946632152547737,0.2798507249755828
c3_w2_tcop_cm1_states_L0.4_kp0_1042_up0_0000_s1024,cm1,stageA,0.05,0.1042,0.0,,1024,1,0.0,1,False,PRE_PRIMARY_INCOMPLETE_CYCLE,0.39660799999999996,-0.00042507518830481425,0.0017278411267986186,0.04997621087120674,0.39487239789375284,0.2388743886732692,0.23593376348156542,0.0,0.3752720352894233,0.42524824616063006,0.3712790012774241,0.27631618842502315
c3_w2_tcop_cm1_states_L0.4_kp0_1042_up0_0000_s1024,cm1,stageA,0.05,0.1042,0.0,,1024,2,0.0,2,False,PRE_PRIMARY_INCOMPLETE_CYCLE,0.394576,0.0007188945250677478,0.020890662598294054,0.04997621087120674,0.39477129028918034,0.23885297564985672,0.23593376348156542,0.0,0.3752720352894233,0.42524824616063006,0.3763587802393697,0.27404210165381826
c3_w2_tcop_cm1_states_L0.4_kp0_1042_up0_0000_s1024,cm1,stageA,0.05,0.1042,0.0,,1024,3,0.0,0,True,,0.39595199999999997,0.0012606991412590976,0.009951616358267976,0.04997621087120674,0.3948399035540358,0.23886715615196838,0.23593376348156542,0.0,0.3752720352894233,0.42524824616063006,0.37654495524622256,0.27245192022677267
c3_w2_tcop_cm1_states_L0.4_kp0_1042_up0_0000_s1024,cm1,stageA,0.05,0.1042,0.0,,1024,4,0.0,1,True,,0.398208,0.0019609467708773705,0.0068443443732655465,0.04997621087120674,0.39495243080646786,0.23889026056433776,0.23593376348156542,0.0,0.3752720352894233,0.42524824616063006,0.3746132799176379,0.2665468659255904
c3_w2_tcop_cm1_states_L0.4_kp0_1042_up0_0000_s1024,cm1,stageA,0.05,0.1042,0.0,,1024,5,0.0,2,True,,0.397664,-0.000992122193474634,0.0023101314314968157,0.04997621087120674,0.39492465920397496,0.23888607201924644,0.23593376348156542,0.0,0.3752720352894233,0.42524824616063006,0.37065542374803456,0.274983739593427
c3_w2_tcop_cm1_states_L0.4_kp0_1042_up0_0000_s1024,cm1,stageA,0.05,0.1042,0.0,,1024,6,0.0,0,True,,0.40150399999999997,-0.0023744890606628368,0.009522805226061946,0.04997621087120674,0.3951164019346861,0.2389249969327158,0.23593376348156542,0.0,0.3752720352894233,0.42524824616063006,0.36595307190288395,0.2685652227136828
c3_w2_tcop_cm1_states_L0.4_kp0_1042_up0_0000_s1024,cm1,stageA,0.05,0.1042,0.0,,1024,7,0.0,1,True,,0.3926879999999999,0.002537857322854084,0.03180379951303329,0.04997621087120674,0.3946774304676843,0.23883296924915354,0.23593376348156542,0.0,0.3752720352894233,0.42524824616063006,0.37691851344383825,0.2710400671958812
c3_w2_tcop_cm1_states_L0.4_kp0_1042_up0_0000_s1024,cm1,stageA,0.05,0.1042,0.0,,1024,8,0.0,2,True,,0.394416,4.4065473042095955e-06,0.01841494794683559,0.04997621087120674,0.39476381020122897,0.23885029802729044,0.23593376348156542,0.0,0.3752720352894233,0.42524824616063006,0.3758620801893513,0.2758141424769967
c3_w2_tcop_cm1_states_L0.4_kp0_1042_up0_0000_s1024,cm1,stageA,0.05,0.1042,0.0,,1024,9,0.0,0,True,,0.39775999999999995,-0.0022437384409417062,0.009999897212928554,0.04997621087120674,0.3949297878820746,0.23888631576931593,0.23593376348156542,0.0,0.3752720352894233,0.42524824616063006,0.36945864394541084,0.27256567835305767
c3_w2_tcop_cm1_states_L0.4_kp0_1042_up0_0000_s1024,cm1,stageA,0.05,0.1042,0.0,,1024,10,0.0,1,True,,0.396304,0.0015535591927408488,0.00036873990409433264,0.04997621087120674,0.3948574445115457,0.2388708355105952,0.23593376348156542,0.0,0.3752720352894233,0.42524824616063006,0.3741597184610245,0.27408068227321863
c3_w2_tcop_cm1_states_L0.4_kp0_1042_up0_0000_s1024,cm1,stageA,0.05,0.1042,0.0,,1024,11,0.0,2,True,,0.39519999999999994,-0.00010563053605610203,0.013753096076130887,0.04997621087120674,0.39480256626015664,0.2388590590915041,0.23593376348156542,0.0,0.3752720352894233,0.42524824616063006,0.37469766307793556,0.2746056950695652
c3_w2_tcop_cm1_states_L0.4_kp0_1042_up0_0000_s1024,cm1,stageA,0.05,0.1042,0.0,,1024,12,0.0,0,True,,0.39537599999999995,-0.000971868593610941,-0.00858966600422117,0.04997621087120674,0.39481105372542763,0.23886150548190344,0.23593376348156542,0.0,0.3752720352894233,0.42524824616063006,0.3708340294967656,0.2725546237636878
c3_w2_tcop_cm1_states_L0.4_kp0_1042_up0_0000_s1024,cm1,stageA,0.05,0.1042,0.0,,1024,13,0.0,1,True,,0.39843199999999995,-0.000479702381760276,-0.01774774521765106,0.04997621087120674,0.3949635531823543,0.23889273518162954,0.23593376348156542,0.0,0.3752720352894233,0.42524824616063006,0.3699526362917462,0.2734240017892036
c3_w2_tcop_cm1_states_L0.4_kp0_1042_up0_0000_s1024,cm1,stageA,0.05,0.1042,0.0,,1024,14,0.0,2,True,,0.398944,-0.0003342805663815969,0.0015852609374526225,0.04997621087120674,0.3949888345533625,0.23889852993761818,0.23593376348156542,0.0,0.3752720352894233,0.42524824616063006,0.3708613806259075,0.2738884705659965
c3_w2_tcop_cm1_states_L0.4_kp0_1042_up0_0000_s1024,cm1,stageA,0.05,0.1042,0.0,,1024,15,0.0,0,False,BLOCK_15_PARTIAL_CYCLE,0.39638400000000007,0.0005721548797609257,0.006146905751975667,0.04997621087120674,0.39486125578294473,0.2388720171017661,0.23593376348156542,0.0,0.3752720352894233,0.42524824616063006,0.37245733184316615,0.27191046863241447
c3_w2_tcop_cm1_states_L0.4_kp0_1042_up0_0000_s31415,cm1,stageA,0.05,0.1042,0.0,,31415,0,0.0,0,False,PRE_PRIMARY_INCOMPLETE_CYCLE,0.37977599999999995,-0.0036349154841045605,0.027017321244044632,0.04997621087120674,0.3940374703233618,0.23869228404202011,0.23593376348156542,0.0,0.3752720352894233,0.42524824616063006,0.3636976041902466,0.27634276440415007
c3_w2_tcop_cm1_states_L0.4_kp0_1042_up0_0000_s31415,cm1,stageA,0.05,0.1042,0.0,,31415,1,0.0,1,False,PRE_PRIMARY_INCOMPLETE_CYCLE,0.39433599999999996,0.00023227213207295685,0.018059525524539176,0.04997621087120674,0.39475935205895674,0.23885047346906527,0.23593376348156542,0.0,0.3752720352894233,0.42524824616063006,0.3745543976548889,0.275671553110795
c3_w2_tcop_cm1_states_L0.4_kp0_1042_up0_0000_s31415,cm1,stageA,0.05,0.1042,0.0,,31415,2,0.0,2,False,PRE_PRIMARY_INCOMPLETE_CYCLE,0.397776,0.001187861497135961,-0.004276399129768713,0.04997621087120674,0.3949307617711543,0.23888608849525633,0.23593376348156542,0.0,0.3752720352894233,0.42524824616063006,0.3800202774966008,0.27323443488873134
c3_w2_tcop_cm1_states_L0.4_kp0_1042_up0_0000_s31415,cm1,stageA,0.05,0.1042,0.0,,31415,3,0.0,0,True,,0.39510400000000007,-0.0012185168686554718,0.008187896300443172,0.04997621087120674,0.39479765517220106,0.23885835193844884,0.23593376348156542,0.0,0.3752720352894233,0.42524824616063006,0.36983742329441277,0.2730140150885171
c3_w2_tcop_cm1_states_L0.4_kp0_1042_up0_0000_s31415,cm1,stageA,0.05,0.1042,0.0,,31415,4,0.0,1,True,,0.39611199999999996,-0.0004755003617064666,-0.010291265840974203,0.04997621087120674,0.39484807984159154,0.2388683935189948,0.23593376348156542,0.0,0.3752720352894233,0.42524824616063006,0.3681840040818586,0.2702640262297902
c3_w2_tcop_cm1_states_L0.4_kp0_1042_up0_0000_s31415,cm1,stageA,0.05,0.1042,0.0,,31415,5,0.0,2,True,,0.394624,0.0015449751945397188,0.015801382684767058,0.04997621087120674,0.3947743062160532,0.2388522235943283,0.23593376348156542,0.0,0.3752720352894233,0.42524824616063006,0.37644538711470765,0.27553340946994764
c3_w2_tcop_cm1_states_L0.4_kp0_1042_up0_0000_s31415,cm1,stageA,0.05,0.1042,0.0,,31415,6,0.0,0,True,,0.395584,0.0004957020751951776,-0.0015126692688648073,0.04997621087120674,0.3948219096051448,0.23886261590771354,0.23593376348156542,0.0,0.3752720352894233,0.42524824616063006,0.3740625754097866,0.27468372212514236
c3_w2_tcop_cm1_states_L0.4_kp0_1042_up0_0000_s31415,cm1,stageA,0.05,0.1042,0.0,,31415,7,0.0,1,True,,0.395936,-0.0035083274260936724,-0.0014973372816871548,0.04997621087120674,0.39483884135672276,0.2388675467671535,0.23593376348156542,0.0,0.3752720352894233,0.42524824616063006,0.36654550467546115,0.2723530440772961
c3_w2_tcop_cm1_states_L0.4_kp0_1042_up0_0000_s31415,cm1,stageA,0.05,0.1042,0.0,,31415,8,0.0,2,True,,0.39476799999999995,0.0032154126003902397,0.011236207731205188,0.04997621087120674,0.39478129646800564,0.23885406903399722,0.23593376348156542,0.0,0.3752720352894233,0.42524824616063006,0.3765866751872558,0.27386569805479566
c3_w2_tcop_cm1_states_L0.4_kp0_1042_up0_0000_s31415,cm1,stageA,0.05,0.1042,0.0,,31415,9,0.0,0,True,,0.39376,-0.001550699978557597,0.0027208911669657936,0.04997621087120674,0.3947306669353652,0.2388444647353231,0.23593376348156542,0.0,0.3752720352894233,0.42524824616063006,0.369893034977318,0.27598013630917945
c3_w2_tcop_cm1_states_L0.4_kp0_1042_up0_0000_s31415,cm1,stageA,0.05,0.1042,0.0,,31415,10,0.0,1,True,,0.39848,0.00202137948733431,0.015258766279583204,0.04997621087120674,0.39496614842504485,0.23889273363982105,0.23593376348156542,0.0,0.3752720352894233,0.42524824616063006,0.38040066240875897,0.274033105035254
c3_w2_tcop_cm1_states_L0.4_kp0_1042_up0_0000_s31415,cm1,stageA,0.05,0.1042,0.0,,31415,11,0.0,2,True,,0.3944,0.0032134277455457393,0.005064487811465999,0.04997621087120674,0.3947625080081304,0.23885123757427162,0.23593376348156542,0.0,0.3752720352894233,0.42524824616063006,0.380254540725657,0.2794807308565643
c3_w2_tcop_cm1_states_L0.4_kp0_1042_up0_0000_s31415,cm1,stageA,0.05,0.1042,0.0,,31415,12,0.0,0,True,,0.39708800000000005,-0.0028704423514593273,0.018249131186470032,0.04997621087120674,0.3948963876901695,0.23887919989085094,0.23593376348156542,0.0,0.3752720352894233,0.42524824616063006,0.36874824964964725,0.2739813144479451
c3_w2_tcop_cm1_states_L0.4_kp0_1042_up0_0000_s31415,cm1,stageA,0.05,0.1042,0.0,,31415,13,0.0,1,True,,0.39806400000000003,-0.00509867158621696,-0.004135399045953958,0.04997621087120674,0.3949445457141156,0.23889032579973796,0.23593376348156542,0.0,0.3752720352894233,0.42524824616063006,0.3602115112806669,0.2715258665905513
c3_w2_tcop_cm1_states_L0.4_kp0_1042_up0_0000_s31415,cm1,stageA,0.05,0.1042,0.0,,31415,14,0.0,2,True,,0.394176,0.00038011651156371603,0.009017706322135437,0.04997621087120674,0.39475167813926076,0.2388482270177281,0.23593376348156542,0.0,0.3752720352894233,0.42524824616063006,0.36893422017582844,0.2740200434173447
c3_w2_tcop_cm1_states_L0.4_kp0_1042_up0_0000_s31415,cm1,stageA,0.05,0.1042,0.0,,31415,15,0.0,0,False,BLOCK_15_PARTIAL_CYCLE,0.40051200000000003,-0.001438083651663413,-0.0009630793901798881,0.04997621087120674,0.39506683990970975,0.23891498975333716,0.23593376348156542,0.0,0.3752720352894233,0.42524824616063006,0.37289730459880643,0.27270201842889646
c3_w2_tcop_cm1_states_L0.4_km0_1042_up0_0000_s42,cm1,stageA,-0.05,-0.1042,0.0,,42,0,0.0,0,False,PRE_PRIMARY_INCOMPLETE_CYCLE,0.39019200000000004,0.0010344569017277736,0.0006956282078805514,-0.04997621087120674,0.40553706510935084,0.2409939464932938,0.2373580574402979,0.0,0.3752720352894233,0.42524824616063006,0.3778145881349591,0.27716168084248183
c3_w2_tcop_cm1_states_L0.4_km0_1042_up0_0000_s42,cm1,stageA,-0.05,-0.1042,0.0,,42,1,0.0,1,False,PRE_PRIMARY_INCOMPLETE_CYCLE,0.402256,-0.0027932602780144627,-0.02407532859681231,-0.04997621087120674,0.40492810184996403,0.24088689531215898,0.23871403890237938,0.0,0.3752720352894233,0.42524824616063006,0.3636577696052864,0.26848790679387113
c3_w2_tcop_cm1_states_L0.4_km0_1042_up0_0000_s42,cm1,stageA,-0.05,-0.1042,0.0,,42,2,0.0,2,False,PRE_PRIMARY_INCOMPLETE_CYCLE,0.40123200000000003,-0.0007329859174374739,-0.005209906908342853,-0.04997621087120674,0.4049800977992073,0.24089529602582332,0.2373580574402979,0.0,0.3752720352894233,0.42524824616063006,0.37471183970341543,0.2776400055848746
c3_w2_tcop_cm1_states_L0.4_km0_1042_up0_0000_s42,cm1,stageA,-0.05,-0.1042,0.0,,42,3,0.0,0,True,,0.40412800000000004,-0.0001791705065493103,-0.024835527516776864,-0.04997621087120674,0.4048346291985634,0.24086786186005432,0.2373580574402979,0.0,0.3752720352894233,0.42524824616063006,0.3712729965598484,0.26786315039226427
c3_w2_tcop_cm1_states_L0.4_km0_1042_up0_0000_s42,cm1,stageA,-0.05,-0.1042,0.0,,42,4,0.0,1,True,,0.402944,0.0030612098801665122,-0.007059083989460108,-0.04997621087120674,0.404894107784841,0.24087901381129592,0.2373580574402979,0.0,0.3752720352894233,0.42524824616063006,0.37943399737695066,0.27754211558423825
c3_w2_tcop_cm1_states_L0.4_km0_1042_up0_0000_s42,cm1,stageA,-0.05,-0.1042,0.0,,42,5,0.0,2,True,,0.40537599999999996,-3.535226264678878e-05,-0.01727816284993605,-0.04997621087120674,0.4047718209794111,0.24085630564320995,0.2373580574402979,0.0,0.3752720352894233,0.42524824616063006,0.3693785641493651,0.2700173431220628
c3_w2_tcop_cm1_states_L0.4_km0_1042_up0_0000_s42,cm1,stageA,-0.05,-0.1042,0.0,,42,6,0.0,0,True,,0.40156800000000004,-3.896831111052365e-05,-0.011404346241629353,-0.04997621087120674,0.404962767201263,0.24089313667189943,0.2373580574402979,0.0,0.3752720352894233,0.42524824616063006,0.37140945354540444,0.2738580632695297
c3_w2_tcop_cm1_states_L0.4_km0_1042_up0_0000_s42,cm1,stageA,-0.05,-0.1042,0.0,,42,7,0.0,1,True,,0.402784,8.194953682551541e-05,-0.01000142562698152,-0.04997621087120674,0.4049021527634142,0.24088056288135656,0.2373580574402979,0.0,0.3752720352894233,0.42524824616063006,0.36979351979327185,0.27402263018681255
c3_w2_tcop_cm1_states_L0.4_km0_1042_up0_0000_s42,cm1,stageA,-0.05,-0.1042,0.0,,42,8,0.0,2,True,,0.4006560000000001,-0.001114894626588588,0.00045280883803055144,-0.04997621087120674,0.4050086652305165,0.24090157767520406,0.23871403890237938,0.0,0.3752720352894233,0.42524824616063006,0.3698756806545375,0.27262535090230516
c3_w2_tcop_cm1_states_L0.4_km0_1042_up0_0000_s42,cm1,stageA,-0.05,-0.1042,0.0,,42,9,0.0,0,True,,0.4042719999999999,0.0006117330720694935,0.006126186851517508,-0.04997621087120674,0.40482727337708546,0.24086676230916387,0.2373580574402979,0.0,0.3752720352894233,0.42524824616063006,0.3732089817135084,0.27359253996393096
c3_w2_tcop_cm1_states_L0.4_km0_1042_up0_0000_s42,cm1,stageA,-0.05,-0.1042,0.0,,42,10,0.0,1,True,,0.402496,0.0014806201200655048,-0.00908361122928077,-0.04997621087120674,0.40491667701753553,0.240883100791474,0.2373580574402979,0.0,0.3752720352894233,0.42524824616063006,0.3744845188692723,0.2739649733338003
c3_w2_tcop_cm1_states_L0.4_km0_1042_up0_0000_s42,cm1,stageA,-0.05,-0.1042,0.0,,42,11,0.0,2,True,,0.400528,-0.0004941031276558528,-0.022368908602794443,-0.04997621087120674,0.40501513491832847,0.24090267161267048,0.23871403890237938,0.0,0.3752720352894233,0.42524824616063006,0.37431388617330813,0.2797230065086852
c3_w2_tcop_cm1_states_L0.4_km0_1042_up0_0000_s42,cm1,stageA,-0.05,-0.1042,0.0,,42,12,0.0,0,True,,0.405936,0.0002790915349384437,-0.006680487881825848,-0.04997621087120674,0.40474426743863423,0.24084965258119645,0.2373580574402979,0.0,0.3752720352894233,0.42524824616063006,0.36971628907631915,0.27626703542375597
c3_w2_tcop_cm1_states_L0.4_km0_1042_up0_0000_s42,cm1,stageA,-0.05,-0.1042,0.0,,42,13,0.0,1,True,,0.403424,-0.004142201840440758,-0.015873151772109784,-0.04997621087120674,0.4048698972506933,0.2408747714299033,0.2373580574402979,0.0,0.3752720352894233,0.42524824616063006,0.36298095599809266,0.2706513316702522
c3_w2_tcop_cm1_states_L0.4_km0_1042_up0_0000_s42,cm1,stageA,-0.05,-0.1042,0.0,,42,14,0.0,2,True,,0.40015999999999996,-0.0010344782825003152,0.0020802977008613182,-0.04997621087120674,0.40503350929644005,0.2409064677160302,0.2373580574402979,0.0,0.3752720352894233,0.42524824616063006,0.3655678404074297,0.27017526544282666
c3_w2_tcop_cm1_states_L0.4_km0_1042_up0_0000_s42,cm1,stageA,-0.05,-0.1042,0.0,,42,15,0.0,0,False,BLOCK_15_PARTIAL_CYCLE,0.40345600000000004,-0.004173986491169707,0.0016753480204052807,-0.04997621087120674,0.40486805596756575,0.24087494207661042,0.2373580574402979,0.0,0.3752720352894233,0.42524824616063006,0.36249854469823684,0.2742902605110482
c3_w2_tcop_cm1_states_L0.4_km0_1042_up0_0000_s137,cm1,stageA,-0.05,-0.1042,0.0,,137,0,0.0,0,False,PRE_PRIMARY_INCOMPLETE_CYCLE,0.39507200000000003,0.0010001146078970958,0.0008045805146491063,-0.04997621087120674,0.40529239577370413,0.2409466578538494,0.2373580574402979,0.0,0.3752720352894233,0.42524824616063006,0.37645183865178533,0.2774403519918171
c3_w2_tcop_cm1_states_L0.4_km0_1042_up0_0000_s137,cm1,stageA,-0.05,-0.1042,0.0,,137,1,0.0,1,False,PRE_PRIMARY_INCOMPLETE_CYCLE,0.401616,-0.003043487212135153,-0.02234243553210681,-0.04997621087120674,0.40496050900603214,0.24089236296562833,0.2373580574402979,0.0,0.3752720352894233,0.42524824616063006,0.36661548537957356,0.2693564869394893
c3_w2_tcop_cm1_states_L0.4_km0_1042_up0_0000_s137,cm1,stageA,-0.05,-0.1042,0.0,,137,2,0.0,2,False,PRE_PRIMARY_INCOMPLETE_CYCLE,0.4014559999999999,0.00039167473836178307,-0.0104222545491873,-0.04997621087120674,0.40496860519259936,0.24089372871887976,0.2373580574402979,0.0,0.3752720352894233,0.42524824616063006,0.36928047883983434,0.2721809504743865
c3_w2_tcop_cm1_states_L0.4_km0_1042_up0_0000_s137,cm1,stageA,-0.05,-0.1042,0.0,,137,3,0.0,0,True,,0.40364799999999995,0.0012389649119518794,-0.0063076620739618795,-0.04997621087120674,0.4048585575208029,0.24087282271711963,0.2373580574402979,0.0,0.3752720352894233,0.42524824616063006,0.3759653429292969,0.2710255305381406
c3_w2_tcop_cm1_states_L0.4_km0_1042_up0_0000_s137,cm1,stageA,-0.05,-0.1042,0.0,,137,4,0.0,1,True,,0.40225599999999995,0.001252249693826404,-0.027191248966479453,-0.04997621087120674,0.404928813212987,0.24088524398337152,0.2373580574402979,0.0,0.3752720352894233,0.42524824616063006,0.37962195950995115,0.274297141677935
c3_w2_tcop_cm1_states_L0.4_km0_1042_up0_0000_s137,cm1,stageA,-0.05,-0.1042,0.0,,137,5,0.0,2,True,,0.401712,0.0022713564236331502,-0.008444936059986707,-0.04997621087120674,0.4049560610092281,0.24089052389301366,0.2373580574402979,0.0,0.3752720352894233,0.42524824616063006,0.37268672817623594,0.2703150989446285
c3_w2_tcop_cm1_states_L0.4_km0_1042_up0_0000_s137,cm1,stageA,-0.05,-0.1042,0.0,,137,6,0.0,0,True,,0.403088,0.0018515443619764869,-0.020215027014343183,-0.04997621087120674,0.40488700672708366,0.2408774061466144,0.2373580574402979,0.0,0.3752720352894233,0.42524824616063006,0.37653413620020465,0.2698824263678208
c3_w2_tcop_cm1_states_L0.4_km0_1042_up0_0000_s137,cm1,stageA,-0.05,-0.1042,0.0,,137,7,0.0,1,True,,0.4033280000000001,2.632627816165127e-05,-0.012010041949080761,-0.04997621087120674,0.4048745277399389,0.2408760582932971,0.2373580574402979,0.0,0.3752720352894233,0.42524824616063006,0.37239898820115064,0.2747153427405787
c3_w2_tcop_cm1_states_L0.4_km0_1042_up0_0000_s137,cm1,stageA,-0.05,-0.1042,0.0,,137,8,0.0,2,True,,0.401344,-3.3848478556545335e-05,-0.005977122011354433,-0.04997621087120674,0.4049745135606311,0.24089410014353102,0.2373580574402979,0.0,0.3752720352894233,0.42524824616063006,0.3728866159267133,0.27447987836736304
c3_w2_tcop_cm1_states_L0.4_km0_1042_up0_0000_s137,cm1,stageA,-0.05,-0.1042,0.0,,137,9,0.0,0,True,,0.402144,0.0036672686481750818,0.014162021624991205,-0.04997621087120674,0.4049347148870047,0.2408856565507546,0.2373580574402979,0.0,0.3752720352894233,0.42524824616063006,0.384006191867682,0.27898540270607763
c3_w2_tcop_cm1_states_L0.4_km0_1042_up0_0000_s137,cm1,stageA,-0.05,-0.1042,0.0,,137,10,0.0,1,True,,0.40287999999999996,-0.002459955720918059,0.0008792938103836978,-0.04997621087120674,0.4048966812115667,0.24088114943704175,0.23871403890237938,0.0,0.3752720352894233,0.42524824616063006,0.3657289063029446,0.2687752880368049
c3_w2_tcop_cm1_states_L0.4_km0_1042_up0_0000_s137,cm1,stageA,-0.05,-0.1042,0.0,,137,11,0.0,2,True,,0.401904,-0.0008200720948658062,-0.002291587061476044,-0.04997621087120674,0.40494651063374104,0.24088851916748433,0.2373580574402979,0.0,0.3752720352894233,0.42524824616063006,0.3747544567354259,0.27483507342983565
c3_w2_tcop_cm1_states_L0.4_km0_1042_up0_0000_s137,cm1,stageA,-0.05,-0.1042,0.0,,137,12,0.0,0,True,,0.40512,-0.000730412170365631,-0.005304796975142569,-0.04997621087120674,0.4047846192931308,0.2408588412755333,0.2373580574402979,0.0,0.3752720352894233,0.42524824616063006,0.36854280369886266,0.27039233896370934
c3_w2_tcop_cm1_states_L0.4_km0_1042_up0_0000_s137,cm1,stageA,-0.05,-0.1042,0.0,,137,13,0.0,1,True,,0.401488,0.0009635215588859432,-0.013513485733729153,-0.04997621087120674,0.40496728487811623,0.2408927829393041,0.2373580574402979,0.0,0.3752720352894233,0.42524824616063006,0.37449047123778234,0.27126480282488885
c3_w2_tcop_cm1_states_L0.4_km0_1042_up0_0000_s137,cm1,stageA,-0.05,-0.1042,0.0,,137,14,0.0,2,True,,0.40390399999999993,0.002139332330220187,-0.0029313368775861857,-0.04997621087120674,0.40484631284895267,0.24086894691542254,0.2373580574402979,0.0,0.3752720352894233,0.42524824616063006,0.37778950388365984,0.27366810437786876
c3_w2_tcop_cm1_states_L0.4_km0_1042_up0_0000_s137,cm1,stageA,-0.05,-0.1042,0.0,,137,15,0.0,0,False,BLOCK_15_PARTIAL_CYCLE,0.402512,-0.0002693288853980226,0.0155283975466799,-0.04997621087120674,0.4049156596276691,0.24088348631476744,0.2373580574402979,0.0,0.3752720352894233,0.42524824616063006,0.37358567982431995,0.2766223168088863
c3_w2_tcop_cm1_states_L0.4_km0_1042_up0_0000_s256,cm1,stageA,-0.05,-0.1042,0.0,,256,0,0.0,0,False,PRE_PRIMARY_INCOMPLETE_CYCLE,0.39192,0.0031453769492253173,0.001106498585910028,-0.04997621087120674,0.4054508423917264,0.24097621641260095,0.2373580574402979,0.0,0.3752720352894233,0.42524824616063006,0.3828377851848162,0.2816665143750059
c3_w2_tcop_cm1_states_L0.4_km0_1042_up0_0000_s256,cm1,stageA,-0.05,-0.1042,0.0,,256,1,0.0,1,False,PRE_PRIMARY_INCOMPLETE_CYCLE,0.40385600000000005,-0.002206600812128116,-0.0019494811940524955,-0.04997621087120674,0.40484841310568287,0.24087014368486143,0.2373580574402979,0.0,0.3752720352894233,0.42524824616063006,0.36528119778688395,0.2704603289699877
c3_w2_tcop_cm1_states_L0.4_km0_1042_up0_0000_s256,cm1,stageA,-0.05,-0.1042,0.0,,256,2,0.0,2,False,PRE_PRIMARY_INCOMPLETE_CYCLE,0.404768,-0.0010950447771942331,-0.006585627533318795,-0.04997621087120674,0.40480225295502964,0.2408622923346771,0.2373580574402979,0.0,0.3752720352894233,0.42524824616063006,0.37195303468972524,0.2755792022285226
c3_w2_tcop_cm1_states_L0.4_km0_1042_up0_0000_s256,cm1,stageA,-0.05,-0.1042,0.0,,256,3,0.0,0,True,,0.40552,2.161872696254813e-06,-0.004345796808502355,-0.04997621087120674,0.40476484805791535,0.24085431241753283,0.2373580574402979,0.0,0.3752720352894233,0.42524824616063006,0.371846489232787,0.2741312916915572
c3_w2_tcop_cm1_states_L0.4_km0_1042_up0_0000_s256,cm1,stageA,-0.05,-0.1042,0.0,,256,4,0.0,1,True,,0.40232,0.002954275345984497,0.006840805397640663,-0.04997621087120674,0.40492576794394325,0.24088422144798904,0.2373580574402979,0.0,0.3752720352894233,0.42524824616063006,0.37908096253191703,0.2743590457752371
c3_w2_tcop_cm1_states_L0.4_km0_1042_up0_0000_s256,cm1,stageA,-0.05,-0.1042,0.0,,256,5,0.0,2,True,,0.39907200000000004,0.0006846856276891128,-0.024119384918320066,-0.04997621087120674,0.4050884627188883,0.24091604681465603,0.23871403890237938,0.0,0.3752720352894233,0.42524824616063006,0.37551738933165735,0.2784388106290477
c3_w2_tcop_cm1_states_L0.4_km0_1042_up0_0000_s256,cm1,stageA,-0.05,-0.1042,0.0,,256,6,0.0,0,True,,0.401488,-0.004503330580161077,-0.01361972371897016,-0.04997621087120674,0.4049667800270387,0.24089393364354147,0.2373580574402979,0.0,0.3752720352894233,0.42524824616063006,0.35814869062294724,0.2704447156326162
c3_w2_tcop_cm1_states_L0.4_km0_1042_up0_0000_s256,cm1,stageA,-0.05,-0.1042,0.0,,256,7,0.0,1,True,,0.40488,-0.0009078032387179479,-0.00873212730611975,-0.04997621087120674,0.4047969013703216,0.24086055900572212,0.2373580574402979,0.0,0.3752720352894233,0.42524824616063006,0.3715931864743444,0.2774918847282928
c3_w2_tcop_cm1_states_L0.4_km0_1042_up0_0000_s256,cm1,stageA,-0.05,-0.1042,0.0,,256,8,0.0,2,True,,0.40419200000000005,0.003885575776179767,-0.008434296122627093,-0.04997621087120674,0.40483167618217974,0.2408666732741911,0.2373580574402979,0.0,0.3752720352894233,0.42524824616063006,0.3806607117893875,0.27352790220934853
c3_w2_tcop_cm1_states_L0.4_km0_1042_up0_0000_s256,cm1,stageA,-0.05,-0.1042,0.0,,256,9,0.0,0,True,,0.40462399999999993,-0.0019168718880017738,0.006501726740407544,-0.04997621087120674,0.4048094406686672,0.24086375800149,0.2373580574402979,0.0,0.3752720352894233,0.42524824616063006,0.36942427390443827,0.270503379420812
c3_w2_tcop_cm1_states_L0.4_km0_1042_up0_0000_s256,cm1,stageA,-0.05,-0.1042,0.0,,256,10,0.0,1,True,,0.40235199999999993,-0.001171206161073254,-0.013759340019970983,-0.04997621087120674,0.4049237984725462,0.24088479447467953,0.2373580574402979,0.0,0.3752720352894233,0.42524824616063006,0.36894891845117445,0.2687972545099859
c3_w2_tcop_cm1_states_L0.4_km0_1042_up0_0000_s256,cm1,stageA,-0.05,-0.1042,0.0,,256,11,0.0,2,True,,0.4025119999999999,-0.0021492005219923794,-0.008858338712808198,-0.04997621087120674,0.4049155384010783,0.24088373573040953,0.2373580574402979,0.0,0.3752720352894233,0.42524824616063006,0.36673259450038137,0.273290107206642
c3_w2_tcop_cm1_states_L0.4_km0_1042_up0_0000_s256,cm1,stageA,-0.05,-0.1042,0.0,,256,12,0.0,0,True,,0.40168,-0.002940175403723784,-0.005348859194306184,-0.04997621087120674,0.40495729184745366,0.24089169501421945,0.2373580574402979,0.0,0.3752720352894233,0.42524824616063006,0.3652807856755295,0.2778535157528659
c3_w2_tcop_cm1_states_L0.4_km0_1042_up0_0000_s256,cm1,stageA,-0.05,-0.1042,0.0,,256,13,0.0,1,True,,0.4003359999999999,0.006750951969497405,0.006470590579414019,-0.04997621087120674,0.4050256328213412,0.24090254982532763,0.2373580574402979,0.0,0.3752720352894233,0.42524824616063006,0.38888154119675666,0.27788330433618247
c3_w2_tcop_cm1_states_L0.4_km0_1042_up0_0000_s256,cm1,stageA,-0.05,-0.1042,0.0,,256,14,0.0,2,True,,0.402592,-0.0035404870782465908,0.0049803472719053285,-0.04997621087120674,0.4049110311193865,0.24088415175892597,0.23871403890237938,0.0,0.3752720352894233,0.42524824616063006,0.3606689310284839,0.26530736949890416
c3_w2_tcop_cm1_states_L0.4_km0_1042_up0_0000_s256,cm1,stageA,-0.05,-0.1042,0.0,,256,15,0.0,0,False,BLOCK_15_PARTIAL_CYCLE,0.402592,0.00019529537601269264,-0.0029753378010697997,-0.04997621087120674,0.4049117749573351,0.2408823808932346,0.2373580574402979,0.0,0.3752720352894233,0.42524824616063006,0.3695642376168206,0.2745459327031913
c3_w2_tcop_cm1_states_L0.4_km0_1042_up0_0000_s1024,cm1,stageA,-0.05,-0.1042,0.0,,1024,0,0.0,0,False,PRE_PRIMARY_INCOMPLETE_CYCLE,0.39239999999999997,-0.002627266780170664,-0.007828950920576647,-0.04997621087120674,0.4054263673383713,0.24097248964051263,0.2373580574402979,0.0,0.3752720352894233,0.42524824616063006,0.3688835940631304,0.27836763688076843
c3_w2_tcop_cm1_states_L0.4_km0_1042_up0_0000_s1024,cm1,stageA,-0.05,-0.1042,0.0,,1024,1,0.0,1,False,PRE_PRIMARY_INCOMPLETE_CYCLE,0.402672,5.556544257074928e-06,-0.013296694511780694,-0.04997621087120674,0.4049076472689029,0.24088187012343418,0.2373580574402979,0.0,0.3752720352894233,0.42524824616063006,0.37229300984505437,0.27722572161890763
c3_w2_tcop_cm1_states_L0.4_km0_1042_up0_0000_s1024,cm1,stageA,-0.05,-0.1042,0.0,,1024,2,0.0,2,False,PRE_PRIMARY_INCOMPLETE_CYCLE,0.40080000000000005,0.0013311213786734715,-0.0013653208503998425,-0.04997621087120674,0.4050017226576181,0.2408995721009517,0.2373580574402979,0.0,0.3752720352894233,0.42524824616063006,0.37637021101883067,0.2726632510671311
c3_w2_tcop_cm1_states_L0.4_km0_1042_up0_0000_s1024,cm1,stageA,-0.05,-0.1042,0.0,,1024,3,0.0,0,True,,0.40220800000000007,0.0008489968216941014,-0.006767167195506925,-0.04997621087120674,0.4049309657776227,0.2408862859791848,0.2373580574402979,0.0,0.3752720352894233,0.42524824616063006,0.3752138211633207,0.27175951631814055
c3_w2_tcop_cm1_states_L0.4_km0_1042_up0_0000_s1024,cm1,stageA,-0.05,-0.1042,0.0,,1024,4,0.0,1,True,,0.404816,0.001593892275075938,-0.007310494160761704,-0.04997621087120674,0.40480023391559267,0.24086098789777302,0.2373580574402979,0.0,0.3752720352894233,0.42524824616063006,0.37313684282452475,0.2668751493849709
c3_w2_tcop_cm1_states_L0.4_km0_1042_up0_0000_s1024,cm1,stageA,-0.05,-0.1042,0.0,,1024,5,0.0,2,True,,0.40375999999999995,-0.0008256694595501011,-0.01528513389009632,-0.04997621087120674,0.4048527440428942,0.2408721707724631,0.2373580574402979,0.0,0.3752720352894233,0.42524824616063006,0.372140561662463,0.2756695384142411
c3_w2_tcop_cm1_states_L0.4_km0_1042_up0_0000_s1024,cm1,stageA,-0.05,-0.1042,0.0,,1024,6,0.0,0,True,,0.406864,-0.001990691432379494,-0.0017570631064868106,-0.04997621087120674,0.4046973741372464,0.24084154389458196,0.2373580574402979,0.0,0.3752720352894233,0.42524824616063006,0.3655914196199504,0.2674650129031015
c3_w2_tcop_cm1_states_L0.4_km0_1042_up0_0000_s1024,cm1,stageA,-0.05,-0.1042,0.0,,1024,7,0.0,1,True,,0.39897600000000005,0.0011552585411864792,0.01539798289786735,-0.04997621087120674,0.40509317792549193,0.24091721270574024,0.23871403890237938,0.0,0.3752720352894233,0.42524824616063006,0.3736060946180971,0.2696850716367296
c3_w2_tcop_cm1_states_L0.4_km0_1042_up0_0000_s1024,cm1,stageA,-0.05,-0.1042,0.0,,1024,8,0.0,2,True,,0.39993599999999996,-0.0005874336591380494,0.0019339641452595575,-0.04997621087120674,0.40504534833804645,0.2409072164819076,0.2373580574402979,0.0,0.3752720352894233,0.42524824616063006,0.37506967532422286,0.27666016926643056
c3_w2_tcop_cm1_states_L0.4_km0_1042_up0_0000_s1024,cm1,stageA,-0.05,-0.1042,0.0,,1024,9,0.0,0,True,,0.40344,-0.0035974382071800766,-0.004449566704845409,-0.04997621087120674,0.4048688995033832,0.2408750323879831,0.2373580574402979,0.0,0.3752720352894233,0.42524824616063006,0.36630241763382904,0.2737922854089274
c3_w2_tcop_cm1_states_L0.4_km0_1042_up0_0000_s1024,cm1,stageA,-0.05,-0.1042,0.0,,1024,10,0.0,1,True,,0.4023840000000001,0.0006845271321545862,-0.015122190920683011,-0.04997621087120674,0.40492204176233915,0.24088476588053107,0.2373580574402979,0.0,0.3752720352894233,0.42524824616063006,0.37396689995367166,0.2757226359833877
c3_w2_tcop_cm1_states_L0.4_km0_1042_up0_0000_s1024,cm1,stageA,-0.05,-0.1042,0.0,,1024,11,0.0,2,True,,0.4017919999999999,-0.00014086212116547995,-0.0005477777539845259,-0.04997621087120674,0.40495205974269494,0.24088976763467038,0.2373580574402979,0.0,0.3752720352894233,0.42524824616063006,0.37490944403556214,0.27546184820993547
c3_w2_tcop_cm1_states_L0.4_km0_1042_up0_0000_s1024,cm1,stageA,-0.05,-0.1042,0.0,,1024,12,0.0,0,True,,0.40164799999999995,-0.0008252357235705647,-0.020679024611911408,-0.04997621087120674,0.40495895037094864,0.240891911130842,0.23871403890237938,0.0,0.3752720352894233,0.42524824616063006,0.37050918421814083,0.2723215870981678
c3_w2_tcop_cm1_states_L0.4_km0_1042_up0_0000_s1024,cm1,stageA,-0.05,-0.1042,0.0,,1024,13,0.0,1,True,,0.40486400000000006,-0.0009080192434337082,-0.033914182150224924,-0.04997621087120674,0.40479777747182366,0.2408605789175385,0.2373580574402979,0.0,0.3752720352894233,0.42524824616063006,0.36811935653110106,0.27142917253506793
c3_w2_tcop_cm1_states_L0.4_km0_1042_up0_0000_s1024,cm1,stageA,-0.05,-0.1042,0.0,,1024,14,0.0,2,True,,0.40443199999999996,-0.0007803895592280635,-0.009089852126819066,-0.04997621087120674,0.40481933005217197,0.24086501414717526,0.2373580574402979,0.0,0.3752720352894233,0.42524824616063006,0.3698461199716105,0.2726552772451334
c3_w2_tcop_cm1_states_L0.4_km0_1042_up0_0000_s1024,cm1,stageA,-0.05,-0.1042,0.0,,1024,15,0.0,0,False,BLOCK_15_PARTIAL_CYCLE,0.402896,0.0005907180352239912,-0.008968606899640233,-0.04997621087120674,0.40489631438350504,0.24087995896524173,0.2373580574402979,0.0,0.3752720352894233,0.42524824616063006,0.373634221852477,0.273013330130013
c3_w2_tcop_cm1_states_L0.4_km0_1042_up0_0000_s31415,cm1,stageA,-0.05,-0.1042,0.0,,31415,0,0.0,0,False,PRE_PRIMARY_INCOMPLETE_CYCLE,0.38675200000000004,-0.004872899546948049,0.01066973183458668,-0.04997621087120674,0.4057094267690837,0.24102750340339374,0.23871403890237938,0.0,0.3752720352894233,0.42524824616063006,0.36193509264886986,0.27604723335621134
c3_w2_tcop_cm1_states_L0.4_km0_1042_up0_0000_s31415,cm1,stageA,-0.05,-0.1042,0.0,,31415,1,0.0,1,False,PRE_PRIMARY_INCOMPLETE_CYCLE,0.400736,0.00011563584057864521,0.0022196491782942173,-0.04997621087120674,0.40500472462725334,0.24090064307043432,0.2373580574402979,0.0,0.3752720352894233,0.42524824616063006,0.3740872074877324,0.27447100809900055
c3_w2_tcop_cm1_states_L0.4_km0_1042_up0_0000_s31415,cm1,stageA,-0.05,-0.1042,0.0,,31415,2,0.0,2,False,PRE_PRIMARY_INCOMPLETE_CYCLE,0.404208,0.0007883240544833348,-0.017454506808032323,-0.04997621087120674,0.4048305307467466,0.2408672967139513,0.2373580574402979,0.0,0.3752720352894233,0.42524824616063006,0.377827633278975,0.2759480220619544
c3_w2_tcop_cm1_states_L0.4_km0_1042_up0_0000_s31415,cm1,stageA,-0.05,-0.1042,0.0,,31415,3,0.0,0,True,,0.40143999999999996,-0.002227035403318895,-0.007901120839400387,-0.04997621087120674,0.4049693554126171,0.2408940079794449,0.2373580574402979,0.0,0.3752720352894233,0.42524824616063006,0.366259966135637,0.27097118756099037
c3_w2_tcop_cm1_states_L0.4_km0_1042_up0_0000_s31415,cm1,stageA,-0.05,-0.1042,0.0,,31415,4,0.0,1,True,,0.402704,-0.0003339329391927073,-0.025203402378653466,-0.04997621087120674,0.4049063089020307,0.2408809643821501,0.2373580574402979,0.0,0.3752720352894233,0.42524824616063006,0.3676345937490133,0.26983868383755377
c3_w2_tcop_cm1_states_L0.4_km0_1042_up0_0000_s31415,cm1,stageA,-0.05,-0.1042,0.0,,31415,5,0.0,2,True,,0.40049599999999996,0.0016459061740120408,-0.0010370609131253837,-0.04997621087120674,0.40501736615329875,0.240901524215476,0.2373580574402979,0.0,0.3752720352894233,0.42524824616063006,0.3758155055902398,0.27595981157865235
c3_w2_tcop_cm1_states_L0.4_km0_1042_up0_0000_s31415,cm1,stageA,-0.05,-0.1042,0.0,,31415,6,0.0,0,True,,0.402224,0.001101681028629953,-0.01477323478187829,-0.04997621087120674,0.4049307220229661,0.24088483722871215,0.2373580574402979,0.0,0.3752720352894233,0.42524824616063006,0.37626169065694287,0.2764318273623203
c3_w2_tcop_cm1_states_L0.4_km0_1042_up0_0000_s31415,cm1,stageA,-0.05,-0.1042,0.0,,31415,7,0.0,1,True,,0.402032,-0.0032229369739303097,-0.018225411855975964,-0.04997621087120674,0.4049395939043194,0.2408884414214819,0.2373580574402979,0.0,0.3752720352894233,0.42524824616063006,0.36647806423083584,0.27207785192236744
c3_w2_tcop_cm1_states_L0.4_km0_1042_up0_0000_s31415,cm1,stageA,-0.05,-0.1042,0.0,,31415,8,0.0,2,True,,0.40168,0.003117699324396902,-0.009170725501719728,-0.04997621087120674,0.40495775557426417,0.24089065558061126,0.2373580574402979,0.0,0.3752720352894233,0.42524824616063006,0.3759408261013178,0.2740316149469922
c3_w2_tcop_cm1_states_L0.4_km0_1042_up0_0000_s31415,cm1,stageA,-0.05,-0.1042,0.0,,31415,9,0.0,0,True,,0.400384,-0.0005362017220803853,-0.012351322837563454,-0.04997621087120674,0.40502265596955805,0.24090340434875865,0.2373580574402979,0.0,0.3752720352894233,0.42524824616063006,0.37303442691416533,0.2775810732224392
c3_w2_tcop_cm1_states_L0.4_km0_1042_up0_0000_s31415,cm1,stageA,-0.05,-0.1042,0.0,,31415,10,0.0,1,True,,0.40433600000000003,0.0005944782050119478,-0.0029509146978098535,-0.04997621087120674,0.40482442637697835,0.24086535772335074,0.2373580574402979,0.0,0.3752720352894233,0.42524824616063006,0.3768270806769911,0.2740836825153476
c3_w2_tcop_cm1_states_L0.4_km0_1042_up0_0000_s31415,cm1,stageA,-0.05,-0.1042,0.0,,31415,11,0.0,2,True,,0.40068800000000004,0.0035081328418002226,-0.007890080141873953,-0.04997621087120674,0.40500711337497036,0.24090112285270768,0.23871403890237938,0.0,0.3752720352894233,0.42524824616063006,0.3798925930799247,0.27843428177199064
c3_w2_tcop_cm1_states_L0.4_km0_1042_up0_0000_s31415,cm1,stageA,-0.05,-0.1042,0.0,,31415,12,0.0,0,True,,0.40247999999999995,-0.0035006362377166082,0.000440404455321691,-0.04997621087120674,0.4049172270847331,0.2408838657544618,0.2373580574402979,0.0,0.3752720352894233,0.42524824616063006,0.3687613990299148,0.27528090469158806
c3_w2_tcop_cm1_states_L0.4_km0_1042_up0_0000_s31415,cm1,stageA,-0.05,-0.1042,0.0,,31415,13,0.0,1,True,,0.404048,-0.004190053377488208,-0.016048306110511747,-0.04997621087120674,0.40483822478056547,0.24086955012223196,0.2373580574402979,0.0,0.3752720352894233,0.42524824616063006,0.36288800214596434,0.27120580326682453
c3_w2_tcop_cm1_states_L0.4_km0_1042_up0_0000_s31415,cm1,stageA,-0.05,-0.1042,0.0,,31415,14,0.0,2,True,,0.4008319999999999,0.00010582526443750878,-0.007940225781340782,-0.04997621087120674,0.40500022314668355,0.24089894583131768,0.2373580574402979,0.0,0.3752720352894233,0.42524824616063006,0.3685363397219794,0.274083044862531
c3_w2_tcop_cm1_states_L0.4_km0_1042_up0_0000_s31415,cm1,stageA,-0.05,-0.1042,0.0,,31415,15,0.0,0,False,BLOCK_15_PARTIAL_CYCLE,0.406304,-0.0013230858542443039,-0.016456913128955458,-0.04997621087120674,0.4047253701591529,0.24084715883570146,0.2373580574402979,0.0,0.3752720352894233,0.42524824616063006,0.3727813245305863,0.27373295205558
c3_w2_tcop_cm1_states_L0.4_kp0_2090_up0_0000_s42,cm1,stageA,0.1,0.209,0.0,,42,0,0.0,0,False,PRE_PRIMARY_INCOMPLETE_CYCLE,0.37937599999999994,0.0011741545395786205,0.018827822049735356,0.09999977978965197,0.38811114187279017,0.23716310690848208,0.23124061110682,0.0,0.35104132046787206,0.45104110025752403,0.37785986406957134,0.27667986451859533
c3_w2_tcop_cm1_states_L0.4_kp0_2090_up0_0000_s42,cm1,stageA,0.1,0.209,0.0,,42,1,0.0,1,False,PRE_PRIMARY_INCOMPLETE_CYCLE,0.393616,-0.0024692249216898272,-0.0009371728378357358,0.09999977978965197,0.3895105017419868,0.23750125710678124,0.23124061110682,0.0,0.35104132046787206,0.45104110025752403,0.3651299451171439,0.26776270868691393
c3_w2_tcop_cm1_states_L0.4_kp0_2090_up0_0000_s42,cm1,stageA,0.1,0.209,0.0,,42,2,0.0,2,False,PRE_PRIMARY_INCOMPLETE_CYCLE,0.39168,0.0007853305060286939,0.014741106155486478,0.09999977978965197,0.3893211476391506,0.23745326078154838,0.23124061110682,0.0,0.35104132046787206,0.45104110025752403,0.3773837140954409,0.27796445087389177
c3_w2_tcop_cm1_states_L0.4_kp0_2090_up0_0000_s42,cm1,stageA,0.1,0.209,0.0,,42,3,0.0,0,True,,0.39412800000000003,0.00018942253106500246,-3.9136386076539403e-05,0.09999977978965197,0.3895635139717793,0.23750813618388047,0.23124061110682,0.0,0.35104132046787206,0.45104110025752403,0.37389074628194363,0.2683048421171748
c3_w2_tcop_cm1_states_L0.4_kp0_2090_up0_0000_s42,cm1,stageA,0.1,0.209,0.0,,42,4,0.0,1,True,,0.392896,0.003602687542917255,0.015004470130620649,0.09999977978965197,0.38944173646782676,0.2374805371426666,0.23124061110682,0.0,0.35104132046787206,0.45104110025752403,0.37983380833135705,0.27974665865674575
c3_w2_tcop_cm1_states_L0.4_kp0_2090_up0_0000_s42,cm1,stageA,0.1,0.209,0.0,,42,5,0.0,2,True,,0.395568,-9.104529101560649e-05,0.007067751259821941,0.09999977978965197,0.38970477409574356,0.23754304800543968,0.23124061110682,0.0,0.35104132046787206,0.45104110025752403,0.36772348651724507,0.26787649287458215
c3_w2_tcop_cm1_states_L0.4_kp0_2090_up0_0000_s42,cm1,stageA,0.1,0.209,0.0,,42,6,0.0,0,True,,0.391616,-0.0010690873663694437,0.011669555233722439,0.09999977978965197,0.3893119137349763,0.23745775485860626,0.23124061110682,0.0,0.35104132046787206,0.45104110025752403,0.37013027143488253,0.2748101548891718
c3_w2_tcop_cm1_states_L0.4_kp0_2090_up0_0000_s42,cm1,stageA,0.1,0.209,0.0,,42,7,0.0,1,True,,0.3934079999999999,0.0010389533263383845,0.013061632054836647,0.09999977978965197,0.38949197145529907,0.23749258214512117,0.23124061110682,0.0,0.35104132046787206,0.45104110025752403,0.37295747018913467,0.2743539171120231
c3_w2_tcop_cm1_states_L0.4_kp0_2090_up0_0000_s42,cm1,stageA,0.1,0.209,0.0,,42,8,0.0,2,True,,0.391952,-0.0008034443159052732,0.022491401209372916,0.09999977978965197,0.38934606904471225,0.237463422358691,0.23124061110682,0.0,0.35104132046787206,0.45104110025752403,0.37073573820182726,0.27262764680980506
c3_w2_tcop_cm1_states_L0.4_kp0_2090_up0_0000_s42,cm1,stageA,0.1,0.209,0.0,,42,9,0.0,0,True,,0.39468799999999993,5.364946054382369e-05,0.026848116239185663,0.09999977978965197,0.3896177683181553,0.2375230870599541,0.23124061110682,0.0,0.35104132046787206,0.45104110025752403,0.37330207548868005,0.2734954362693112
c3_w2_tcop_cm1_states_L0.4_kp0_2090_up0_0000_s42,cm1,stageA,0.1,0.209,0.0,,42,10,0.0,1,True,,0.39340800000000004,0.0010088351913960759,0.011707986570564629,0.09999977978965197,0.3894920988328636,0.23749261030639027,0.23124061110682,0.0,0.35104132046787206,0.45104110025752403,0.3722850023563812,0.2718919375466019
c3_w2_tcop_cm1_states_L0.4_kp0_2090_up0_0000_s42,cm1,stageA,0.1,0.209,0.0,,42,11,0.0,2,True,,0.39075200000000004,0.0009619296496009285,0.0018598948366468108,0.09999977978965197,0.3892278509998017,0.23743547938211954,0.23124061110682,0.0,0.35104132046787206,0.45104110025752403,0.37782853749207335,0.2794607427622317
c3_w2_tcop_cm1_states_L0.4_kp0_2090_up0_0000_s42,cm1,stageA,0.1,0.209,0.0,,42,12,0.0,0,True,,0.397264,0.00016714201619124223,0.01612956908992533,0.09999977978965197,0.3898769693793384,0.23757287732236804,0.23124061110682,0.0,0.35104132046787206,0.45104110025752403,0.3710765871259636,0.2773887169612408
c3_w2_tcop_cm1_states_L0.4_kp0_2090_up0_0000_s42,cm1,stageA,0.1,0.209,0.0,,42,13,0.0,1,True,,0.39403199999999994,-0.00530116009285247,0.005697598766235842,0.09999977978965197,0.38955271682501375,0.2375085769114646,0.23124061110682,0.0,0.35104132046787206,0.45104110025752403,0.35767617572697685,0.2690721687479285
c3_w2_tcop_cm1_states_L0.4_kp0_2090_up0_0000_s42,cm1,stageA,0.1,0.209,0.0,,42,14,0.0,2,True,,0.390768,0.0008475215276241738,0.020500792415956027,0.09999977978965197,0.38922890020128864,0.23743657135101967,0.23124061110682,0.0,0.35104132046787206,0.45104110025752403,0.3699906550918219,0.2722634230922463
c3_w2_tcop_cm1_states_L0.4_kp0_2090_up0_0000_s42,cm1,stageA,0.1,0.209,0.0,,42,15,0.0,0,False,BLOCK_15_PARTIAL_CYCLE,0.394544,-0.0033352575908095865,0.031130281123937786,0.09999977978965197,0.38960382549757056,0.23751948859191402,0.23124061110682,0.0,0.35104132046787206,0.45104110025752403,0.36500653166534003,0.27290128577383294
c3_w2_tcop_cm1_states_L0.4_kp0_2090_up0_0000_s137,cm1,stageA,0.1,0.209,0.0,,137,0,0.0,0,False,PRE_PRIMARY_INCOMPLETE_CYCLE,0.3837919999999999,0.0019984038313627882,0.02349540143630184,0.09999977978965197,0.38855145496420107,0.2372560073700379,0.23124061110682,0.0,0.35104132046787206,0.45104110025752403,0.3788369822222933,0.2758443467191722
c3_w2_tcop_cm1_states_L0.4_kp0_2090_up0_0000_s137,cm1,stageA,0.1,0.209,0.0,,137,1,0.0,1,False,PRE_PRIMARY_INCOMPLETE_CYCLE,0.393024,-0.0025861231396537322,0.0005236224636563222,0.09999977978965197,0.3894530232758012,0.23748562000549747,0.23124061110682,0.0,0.35104132046787206,0.45104110025752403,0.3696966875204554,0.27180240005955836
c3_w2_tcop_cm1_states_L0.4_kp0_2090_up0_0000_s137,cm1,stageA,0.1,0.209,0.0,,137,2,0.0,2,False,PRE_PRIMARY_INCOMPLETE_CYCLE,0.39163200000000004,0.001436823149190945,0.018545686750485096,0.09999977978965197,0.38931496842642316,0.23745502161758747,0.23124061110682,0.0,0.35104132046787206,0.45104110025752403,0.3703407747731907,0.27095262327128183
c3_w2_tcop_cm1_states_L0.4_kp0_2090_up0_0000_s137,cm1,stageA,0.1,0.209,0.0,,137,3,0.0,0,True,,0.39448,0.0013663339032245364,0.012108035726040179,0.09999977978965197,0.389597690826552,0.23751747034719173,0.23124061110682,0.0,0.35104132046787206,0.45104110025752403,0.37658899458073614,0.27166336092337035
c3_w2_tcop_cm1_states_L0.4_kp0_2090_up0_0000_s137,cm1,stageA,0.1,0.209,0.0,,137,4,0.0,1,True,,0.3924639999999999,0.001939218084292405,-0.006587451600141838,0.09999977978965197,0.3893991138091307,0.23747015535969618,0.23124061110682,0.0,0.35104132046787206,0.45104110025752403,0.3796919505761601,0.27337266418329065
c3_w2_tcop_cm1_states_L0.4_kp0_2090_up0_0000_s137,cm1,stageA,0.1,0.209,0.0,,137,5,0.0,2,True,,0.392304,0.0026104717104096843,0.014674831869089758,0.09999977978965197,0.3893833059703306,0.23746691154276156,0.23124061110682,0.0,0.35104132046787206,0.45104110025752403,0.37445236122631614,0.2733698874254598
c3_w2_tcop_cm1_states_L0.4_kp0_2090_up0_0000_s137,cm1,stageA,0.1,0.209,0.0,,137,6,0.0,0,True,,0.39331199999999994,0.0032310036293455584,-0.0006453025009106824,0.09999977978965197,0.38948331262840846,0.23748849635024394,0.23124061110682,0.0,0.35104132046787206,0.45104110025752403,0.38148103181192544,0.2709255147968887
c3_w2_tcop_cm1_states_L0.4_kp0_2090_up0_0000_s137,cm1,stageA,0.1,0.209,0.0,,137,7,0.0,1,True,,0.39459200000000005,-0.0004730787623490288,0.011774889502222875,0.09999977978965197,0.3896083773080296,0.23752095983681729,0.23124061110682,0.0,0.35104132046787206,0.45104110025752403,0.3727474204561968,0.2739204209795262
c3_w2_tcop_cm1_states_L0.4_kp0_2090_up0_0000_s137,cm1,stageA,0.1,0.209,0.0,,137,8,0.0,2,True,,0.3924,-0.00025169832870153785,0.01707675041008374,0.09999977978965197,0.38939227719687597,0.23746995645133573,0.23124061110682,0.0,0.35104132046787206,0.45104110025752403,0.3732585464952697,0.27649677418714874
c3_w2_tcop_cm1_states_L0.4_kp0_2090_up0_0000_s137,cm1,stageA,0.1,0.209,0.0,,137,9,0.0,0,True,,0.39304,0.004143375137563741,0.03890602070852327,0.09999977978965197,0.38945798106252855,0.2374794122509063,0.23124061110682,0.0,0.35104132046787206,0.45104110025752403,0.38544101177478163,0.278698571964849
c3_w2_tcop_cm1_states_L0.4_kp0_2090_up0_0000_s137,cm1,stageA,0.1,0.209,0.0,,137,10,0.0,1,True,,0.393984,-0.0016307254360979784,0.02908865118443576,0.09999977978965197,0.3895466137273172,0.2375103257079278,0.23124061110682,0.0,0.35104132046787206,0.45104110025752403,0.36746761736301864,0.2703996045881922
c3_w2_tcop_cm1_states_L0.4_kp0_2090_up0_0000_s137,cm1,stageA,0.1,0.209,0.0,,137,11,0.0,2,True,,0.39128,-0.00024160364994631366,0.021026572636613637,0.09999977978965197,0.3892811611590432,0.23744501121935652,0.23124061110682,0.0,0.35104132046787206,0.45104110025752403,0.37405571041545854,0.27334460429023066
c3_w2_tcop_cm1_states_L0.4_kp0_2090_up0_0000_s137,cm1,stageA,0.1,0.209,0.0,,137,12,0.0,0,True,,0.39473600000000003,0.0013724838978806675,0.014903255614350628,0.09999977978965197,0.3896235250342507,0.23752238275662133,0.23124061110682,0.0,0.35104132046787206,0.45104110025752403,0.37512427522266195,0.2726705333823103
c3_w2_tcop_cm1_states_L0.4_kp0_2090_up0_0000_s137,cm1,stageA,0.1,0.209,0.0,,137,13,0.0,1,True,,0.39220800000000006,0.0007567365861014269,0.010644946356804616,0.09999977978965197,0.38937263832620306,0.23746652327181353,0.23124061110682,0.0,0.35104132046787206,0.45104110025752403,0.3742937846204814,0.2697349204498669
c3_w2_tcop_cm1_states_L0.4_kp0_2090_up0_0000_s137,cm1,stageA,0.1,0.209,0.0,,137,14,0.0,2,True,,0.39403200000000005,0.0018214225534706075,0.016643796077394676,0.09999977978965197,0.38955560348859286,0.23750321176931827,0.23124061110682,0.0,0.35104132046787206,0.45104110025752403,0.3786111543645032,0.2764207741965953
c3_w2_tcop_cm1_states_L0.4_kp0_2090_up0_0000_s137,cm1,stageA,0.1,0.209,0.0,,137,15,0.0,0,False,BLOCK_15_PARTIAL_CYCLE,0.39278399999999997,0.0005697089203912926,0.03626125889795867,0.09999977978965197,0.3894303411996324,0.23747827127557822,0.23124061110682,0.0,0.35104132046787206,0.45104110025752403,0.3767307655013648,0.27686007883211605
c3_w2_tcop_cm1_states_L0.4_kp0_2090_up0_0000_s256,cm1,stageA,0.1,0.209,0.0,,256,0,0.0,0,False,PRE_PRIMARY_INCOMPLETE_CYCLE,0.38041600000000003,0.0017369300727932782,0.019260098051947627,0.09999977978965197,0.3882158948328081,0.23718300917979712,0.23124061110682,0.0,0.35104132046787206,0.45104110025752403,0.3792567174651551,0.27874601765469076
c3_w2_tcop_cm1_states_L0.4_kp0_2090_up0_0000_s256,cm1,stageA,0.1,0.209,0.0,,256,1,0.0,1,False,PRE_PRIMARY_INCOMPLETE_CYCLE,0.394192,-0.0031554376641142723,0.01256347893148231,0.09999977978965197,0.38956984140946915,0.23750984175063705,0.23124061110682,0.0,0.35104132046787206,0.45104110025752403,0.3629717329600794,0.2699327495768469
c3_w2_tcop_cm1_states_L0.4_kp0_2090_up0_0000_s256,cm1,stageA,0.1,0.209,0.0,,256,2,0.0,2,False,PRE_PRIMARY_INCOMPLETE_CYCLE,0.3963199999999999,-0.00114289744461218,0.014696369962014637,0.09999977978965197,0.38978008913196843,0.2375584028709272,0.23124061110682,0.0,0.35104132046787206,0.45104110025752403,0.3715872424378903,0.2739636777190782
c3_w2_tcop_cm1_states_L0.4_kp0_2090_up0_0000_s256,cm1,stageA,0.1,0.209,0.0,,256,3,0.0,0,True,,0.39644799999999997,0.0004171326352551152,0.019652536018175154,0.09999977978965197,0.3897947094911734,0.23755750662264358,0.23124061110682,0.0,0.35104132046787206,0.45104110025752403,0.3733796816928425,0.27318976018415314
c3_w2_tcop_cm1_states_L0.4_kp0_2090_up0_0000_s256,cm1,stageA,0.1,0.209,0.0,,256,4,0.0,1,True,,0.39264000000000004,0.002882034971195542,0.029214887877686602,0.09999977978965197,0.3894170130115269,0.23747318057442487,0.23124061110682,0.0,0.35104132046787206,0.45104110025752403,0.38006196212225923,0.2735085005144824
c3_w2_tcop_cm1_states_L0.4_kp0_2090_up0_0000_s256,cm1,stageA,0.1,0.209,0.0,,256,5,0.0,2,True,,0.389504,0.0007163885821772889,-0.0032875110505686304,0.09999977978965197,0.389104299227854,0.23740745908281846,0.23124061110682,0.0,0.35104132046787206,0.45104110025752403,0.37607006162021606,0.2786806233554067
c3_w2_tcop_cm1_states_L0.4_kp0_2090_up0_0000_s256,cm1,stageA,0.1,0.209,0.0,,256,6,0.0,0,True,,0.39256,-0.004001963632655327,0.0034653660047033108,0.09999977978965197,0.3894063326553266,0.23747678843759973,0.23124061110682,0.0,0.35104132046787206,0.45104110025752403,0.3601249014776296,0.27049553537603105
c3_w2_tcop_cm1_states_L0.4_kp0_2090_up0_0000_s256,cm1,stageA,0.1,0.209,0.0,,256,7,0.0,1,True,,0.3956,-0.00023431119471996282,0.020361164493432646,0.09999977978965197,0.3897097836266064,0.2375406302029511,0.23124061110682,0.0,0.35104132046787206,0.45104110025752403,0.37264181757484055,0.2766624307168696
c3_w2_tcop_cm1_states_L0.4_kp0_2090_up0_0000_s256,cm1,stageA,0.1,0.209,0.0,,256,8,0.0,2,True,,0.395184,0.004336292612382569,0.0062309444069362455,0.09999977978965197,0.3896693979540261,0.23752905604431118,0.23124061110682,0.0,0.35104132046787206,0.45104110025752403,0.3808777572773643,0.2727914405441495
c3_w2_tcop_cm1_states_L0.4_kp0_2090_up0_0000_s256,cm1,stageA,0.1,0.209,0.0,,256,9,0.0,0,True,,0.39472,-0.0020153924721077374,0.03245258195373315,0.09999977978965197,0.389620096125738,0.2375256631889278,0.23124061110682,0.0,0.35104132046787206,0.45104110025752403,0.3687880445732135,0.2696639482684229
c3_w2_tcop_cm1_states_L0.4_kp0_2090_up0_0000_s256,cm1,stageA,0.1,0.209,0.0,,256,10,0.0,1,True,,0.39244799999999996,0.00010736974710892622,0.006384253078853474,0.09999977978965197,0.3893967495619316,0.23747122356606068,0.23124061110682,0.0,0.35104132046787206,0.45104110025752403,0.3713667283184374,0.26950637338334016
c3_w2_tcop_cm1_states_L0.4_kp0_2090_up0_0000_s256,cm1,stageA,0.1,0.209,0.0,,256,11,0.0,2,True,,0.392704,-0.0014322823264262589,0.005732000236901654,0.09999977978965197,0.38942179747294564,0.23747809808506712,0.23124061110682,0.0,0.35104132046787206,0.45104110025752403,0.3689102305690249,0.276545040110573
c3_w2_tcop_cm1_states_L0.4_kp0_2090_up0_0000_s256,cm1,stageA,0.1,0.209,0.0,,256,12,0.0,0,True,,0.3925600000000001,-0.002438973154163493,0.017122493453126688,0.09999977978965197,0.389407017821667,0.23747584546427652,0.23124061110682,0.0,0.35104132046787206,0.45104110025752403,0.36526269468246836,0.276321929216882
c3_w2_tcop_cm1_states_L0.4_kp0_2090_up0_0000_s256,cm1,stageA,0.1,0.209,0.0,,256,13,0.0,1,True,,0.390448,0.00606650789611559,0.03149337710139919,0.09999977978965197,0.389200570122387,0.23742289920007087,0.23124061110682,0.0,0.35104132046787206,0.45104110025752403,0.38742769530667226,0.27681966695138316
c3_w2_tcop_cm1_states_L0.4_kp0_2090_up0_0000_s256,cm1,stageA,0.1,0.209,0.0,,256,14,0.0,2,True,,0.39344,-0.0025967005840954447,0.019613374076443774,0.09999977978965197,0.38949216846361034,0.23749911610343774,0.23124061110682,0.0,0.35104132046787206,0.45104110025752403,0.36239347118514237,0.2664781038594899
c3_w2_tcop_cm1_states_L0.4_kp0_2090_up0_0000_s256,cm1,stageA,0.1,0.209,0.0,,256,15,0.0,0,False,BLOCK_15_PARTIAL_CYCLE,0.39311999999999997,-0.0002144098604413449,0.017093520047764158,0.09999977978965197,0.3894634052630058,0.23748643071965653,0.23124061110682,0.0,0.35104132046787206,0.45104110025752403,0.3684465399915527,0.27416690395800275
c3_w2_tcop_cm1_states_L0.4_kp0_2090_up0_0000_s1024,cm1,stageA,0.1,0.209,0.0,,1024,0,0.0,0,False,PRE_PRIMARY_INCOMPLETE_CYCLE,0.381296,-0.001970484125554109,0.011228290845101196,0.09999977978965197,0.3883030224404957,0.23720300705997668,0.23124061110682,0.0,0.35104132046787206,0.45104110025752403,0.3706952737747594,0.28016592568054743
c3_w2_tcop_cm1_states_L0.4_kp0_2090_up0_0000_s1024,cm1,stageA,0.1,0.209,0.0,,1024,1,0.0,1,False,PRE_PRIMARY_INCOMPLETE_CYCLE,0.39331200000000005,0.00011180144787180352,0.009497288155970021,0.09999977978965197,0.3894817678599203,0.23749209932417262,0.23124061110682,0.0,0.35104132046787206,0.45104110025752403,0.3725304874361505,0.27733105719876444
c3_w2_tcop_cm1_states_L0.4_kp0_2090_up0_0000_s1024,cm1,stageA,0.1,0.209,0.0,,1024,2,0.0,2,False,PRE_PRIMARY_INCOMPLETE_CYCLE,0.390992,0.0009879282732248769,0.0280792432481364,0.09999977978965197,0.3892510726896282,0.23744160522126578,0.23124061110682,0.0,0.35104132046787206,0.45104110025752403,0.37658332516373394,0.27466070833636497
c3_w2_tcop_cm1_states_L0.4_kp0_2090_up0_0000_s1024,cm1,stageA,0.1,0.209,0.0,,1024,3,0.0,0,True,,0.392512,0.0012839501879522443,0.012863685761094904,0.09999977978965197,0.38940260318529046,0.2374737914828482,0.23124061110682,0.0,0.35104132046787206,0.45104110025752403,0.3762775234559698,0.27184849791018556
c3_w2_tcop_cm1_states_L0.4_kp0_2090_up0_0000_s1024,cm1,stageA,0.1,0.209,0.0,,1024,4,0.0,1,True,,0.39447999999999994,0.0022469187447149448,0.012389365577918022,0.09999977978965197,0.3895988274781008,0.23751489493144357,0.23124061110682,0.0,0.35104132046787206,0.45104110025752403,0.3754867753943889,0.2664301498411961
c3_w2_tcop_cm1_states_L0.4_kp0_2090_up0_0000_s1024,cm1,stageA,0.1,0.209,0.0,,1024,5,0.0,2,True,,0.39401600000000003,-0.0010552984030433585,0.010129664474788991,0.09999977978965197,0.38955031055477546,0.23751005855486432,0.23124061110682,0.0,0.35104132046787206,0.45104110025752403,0.3709794136574142,0.274911152649182
c3_w2_tcop_cm1_states_L0.4_kp0_2090_up0_0000_s1024,cm1,stageA,0.1,0.209,0.0,,1024,6,0.0,0,True,,0.398752,-0.0025876973351557737,0.020454412636439025,0.09999977978965197,0.390022825728795,0.23760897669893302,0.23124061110682,0.0,0.35104132046787206,0.45104110025752403,0.3660452675377017,0.26877740686799223
c3_w2_tcop_cm1_states_L0.4_kp0_2090_up0_0000_s1024,cm1,stageA,0.1,0.209,0.0,,1024,7,0.0,1,True,,0.38961599999999996,0.003075785500081,0.0396930927697005,0.09999977978965197,0.38911528644242277,0.23741003076253714,0.23124061110682,0.0,0.35104132046787206,0.45104110025752403,0.37692672558104595,0.2717417777333835
c3_w2_tcop_cm1_states_L0.4_kp0_2090_up0_0000_s1024,cm1,stageA,0.1,0.209,0.0,,1024,8,0.0,2,True,,0.39043200000000006,0.0005458796186109269,0.03259090796831875,0.09999977978965197,0.38919829792059285,0.2374239168777261,0.23124061110682,0.0,0.35104132046787206,0.45104110025752403,0.37794478360565237,0.27783447173510767
c3_w2_tcop_cm1_states_L0.4_kp0_2090_up0_0000_s1024,cm1,stageA,0.1,0.209,0.0,,1024,9,0.0,0,True,,0.39488,-0.0023634592539439636,0.01674194840611566,0.09999977978965197,0.38963741635514215,0.23752615837506766,0.23124061110682,0.0,0.35104132046787206,0.45104110025752403,0.3687749207315625,0.27278917733876784
c3_w2_tcop_cm1_states_L0.4_kp0_2090_up0_0000_s1024,cm1,stageA,0.1,0.209,0.0,,1024,10,0.0,1,True,,0.3924480000000001,0.0018136227940412709,0.009956744838498191,0.09999977978965197,0.3893966769627699,0.23747179545286584,0.23124061110682,0.0,0.35104132046787206,0.45104110025752403,0.37461176763448156,0.27421967882368764
c3_w2_tcop_cm1_states_L0.4_kp0_2090_up0_0000_s1024,cm1,stageA,0.1,0.209,0.0,,1024,11,0.0,2,True,,0.39187200000000005,7.403789488528802e-05,0.023631592180721542,0.09999977978965197,0.38933931610954176,0.23745911038312031,0.23124061110682,0.0,0.35104132046787206,0.45104110025752403,0.3736080399750402,0.2732277034194548
c3_w2_tcop_cm1_states_L0.4_kp0_2090_up0_0000_s1024,cm1,stageA,0.1,0.209,0.0,,1024,12,0.0,0,True,,0.39211200000000007,-0.0005054833294846831,-0.001953209764373292,0.09999977978965197,0.38936244093155675,0.2374660108078024,0.23124061110682,0.0,0.35104132046787206,0.45104110025752403,0.37170543929414707,0.27236332466618585
c3_w2_tcop_cm1_states_L0.4_kp0_2090_up0_0000_s1024,cm1,stageA,0.1,0.209,0.0,,1024,13,0.0,1,True,,0.394928,-0.0004903849238712651,-0.008962658737647552,0.09999977978965197,0.3896428011984734,0.23752625012801973,0.23124061110682,0.0,0.35104132046787206,0.45104110025752403,0.36967677856949055,0.27299222261052497
c3_w2_tcop_cm1_states_L0.4_kp0_2090_up0_0000_s1024,cm1,stageA,0.1,0.209,0.0,,1024,14,0.0,2,True,,0.396256,-0.0003899171622563738,0.012376877180284915,0.09999977978965197,0.38977451405789876,0.23755565882558452,0.23124061110682,0.0,0.35104132046787206,0.45104110025752403,0.37070739563958105,0.27395620678402355
c3_w2_tcop_cm1_states_L0.4_kp0_2090_up0_0000_s1024,cm1,stageA,0.1,0.209,0.0,,1024,15,0.0,0,False,BLOCK_15_PARTIAL_CYCLE,0.3932,0.0007459943003422235,0.011346921622189537,0.09999977978965197,0.38947055328763275,0.23748967160965778,0.23124061110682,0.0,0.35104132046787206,0.45104110025752403,0.3738130069499778,0.27255680801237714
c3_w2_tcop_cm1_states_L0.4_kp0_2090_up0_0000_s31415,cm1,stageA,0.1,0.209,0.0,,31415,0,0.0,0,False,PRE_PRIMARY_INCOMPLETE_CYCLE,0.37592,-0.0030676486860394033,0.03649424269383243,0.09999977978965197,0.3877674777182317,0.23708875024230644,0.23124061110682,0.0,0.35104132046787206,0.45104110025752403,0.36456008190804384,0.2768569726898886
c3_w2_tcop_cm1_states_L0.4_kp0_2090_up0_0000_s31415,cm1,stageA,0.1,0.209,0.0,,31415,1,0.0,1,False,PRE_PRIMARY_INCOMPLETE_CYCLE,0.391056,0.0008922160191822448,0.026487358227502162,0.09999977978965197,0.38925794362730043,0.23744224215182264,0.23124061110682,0.0,0.35104132046787206,0.45104110025752403,0.3752974183155712,0.27588141124294724
c3_w2_tcop_cm1_states_L0.4_kp0_2090_up0_0000_s31415,cm1,stageA,0.1,0.209,0.0,,31415,2,0.0,2,False,PRE_PRIMARY_INCOMPLETE_CYCLE,0.39459199999999994,0.0012010409457752257,0.0019778206734157385,0.09999977978965197,0.3896097245877103,0.23751786826373678,0.23124061110682,0.0,0.35104132046787206,0.45104110025752403,0.38041821630644856,0.2737370370935561
c3_w2_tcop_cm1_states_L0.4_kp0_2090_up0_0000_s31415,cm1,stageA,0.1,0.209,0.0,,31415,3,0.0,0,True,,0.39172799999999997,-0.0005913977898816512,0.013978019805798124,0.09999977978965197,0.3893252153689094,0.2374557516920395,0.23124061110682,0.0,0.35104132046787206,0.45104110025752403,0.3717782011525811,0.27366490796713044
c3_w2_tcop_cm1_states_L0.4_kp0_2090_up0_0000_s31415,cm1,stageA,0.1,0.209,0.0,,31415,4,0.0,1,True,,0.39284800000000003,-0.0002420911033974365,0.0008890021130082681,0.09999977978965197,0.38943700634223366,0.23747915324100596,0.23124061110682,0.0,0.35104132046787206,0.45104110025752403,0.36875841027441353,0.27116665954681046
c3_w2_tcop_cm1_states_L0.4_kp0_2090_up0_0000_s31415,cm1,stageA,0.1,0.209,0.0,,31415,5,0.0,2,True,,0.39172799999999997,0.001544247546058693,0.023261665343816792,0.09999977978965197,0.3893271063548927,0.23745226880203749,0.23124061110682,0.0,0.35104132046787206,0.45104110025752403,0.3759237997304802,0.27518242453850983
c3_w2_tcop_cm1_states_L0.4_kp0_2090_up0_0000_s31415,cm1,stageA,0.1,0.209,0.0,,31415,6,0.0,0,True,,0.39211199999999996,0.0007447830546692317,0.00536753454975463,0.09999977978965197,0.3893644782968811,0.23746177683756792,0.23124061110682,0.0,0.35104132046787206,0.45104110025752403,0.37530148074506997,0.2737877972752498
c3_w2_tcop_cm1_states_L0.4_kp0_2090_up0_0000_s31415,cm1,stageA,0.1,0.209,0.0,,31415,7,0.0,1,True,,0.39271999999999996,-0.0030448761924086426,0.005894145111138308,0.09999977978965197,0.38942245495730643,0.2374799827966555,0.23124061110682,0.0,0.35104132046787206,0.45104110025752403,0.36840051232626253,0.27333895373377987
c3_w2_tcop_cm1_states_L0.4_kp0_2090_up0_0000_s31415,cm1,stageA,0.1,0.209,0.0,,31415,8,0.0,2,True,,0.39156799999999997,0.0034145040862254296,0.02225848532017269,0.09999977978965197,0.38931054703731843,0.2374497943283835,0.23124061110682,0.0,0.35104132046787206,0.45104110025752403,0.3768759142477496,0.27236401355387496
c3_w2_tcop_cm1_states_L0.4_kp0_2090_up0_0000_s31415,cm1,stageA,0.1,0.209,0.0,,31415,9,0.0,0,True,,0.38985600000000004,-0.0018286935666410676,0.009021310793604333,0.09999977978965197,0.3891384901946236,0.23741647197540558,0.23124061110682,0.0,0.35104132046787206,0.45104110025752403,0.36812750162246793,0.27470495918760784
c3_w2_tcop_cm1_states_L0.4_kp0_2090_up0_0000_s31415,cm1,stageA,0.1,0.209,0.0,,31415,10,0.0,1,True,,0.39527999999999996,0.0022984635002229344,0.022110399218394427,0.09999977978965197,0.3896790354531676,0.23753089255547166,0.23124061110682,0.0,0.35104132046787206,0.45104110025752403,0.38034290778452245,0.27345855412659903
c3_w2_tcop_cm1_states_L0.4_kp0_2090_up0_0000_s31415,cm1,stageA,0.1,0.209,0.0,,31415,11,0.0,2,True,,0.39136000000000004,0.00363951491024599,0.013047623389579597,0.09999977978965197,0.38928816750150563,0.23744900079522813,0.23124061110682,0.0,0.35104132046787206,0.45104110025752403,0.38155051843384863,0.2794132073847273
c3_w2_tcop_cm1_states_L0.4_kp0_2090_up0_0000_s31415,cm1,stageA,0.1,0.209,0.0,,31415,12,0.0,0,True,,0.393872,-0.002484912438862701,0.0249808489410425,0.09999977978965197,0.3895378536085491,0.23750319749115134,0.23124061110682,0.0,0.35104132046787206,0.45104110025752403,0.36975366628655026,0.2729832750864608
c3_w2_tcop_cm1_states_L0.4_kp0_2090_up0_0000_s31415,cm1,stageA,0.1,0.209,0.0,,31415,13,0.0,1,True,,0.3941920000000001,-0.003705612292532161,0.004088501401366728,0.09999977978965197,0.3895681797919688,0.23751328895823914,0.23124061110682,0.0,0.35104132046787206,0.45104110025752403,0.36327514216073015,0.2723152456371989
c3_w2_tcop_cm1_states_L0.4_kp0_2090_up0_0000_s31415,cm1,stageA,0.1,0.209,0.0,,31415,14,0.0,2,True,,0.39126400000000006,0.0011937058844292189,0.01651448377938015,0.09999977978965197,0.3892799935079389,0.23744424807590297,0.23124061110682,0.0,0.35104132046787206,0.45104110025752403,0.3700194363446567,0.2736482195208348
c3_w2_tcop_cm1_states_L0.4_kp0_2090_up0_0000_s31415,cm1,stageA,0.1,0.209,0.0,,31415,15,0.0,0,False,BLOCK_15_PARTIAL_CYCLE,0.397568,-0.0005620470739233388,0.007719648398446594,0.09999977978965197,0.3899048677980817,0.2375837836816386,0.23124061110682,0.0,0.35104132046787206,0.45104110025752403,0.37482218689617697,0.2737528245099313
c3_w2_tcop_cm1_states_L0.4_km0_2090_up0_0000_s42,cm1,stageA,-0.1,-0.209,0.0,,42,0,0.0,0,False,PRE_PRIMARY_INCOMPLETE_CYCLE,0.393328,0.0009329754867695758,-0.005187621339479984,-0.09999977978965197,0.4108724202022001,0.24171928611903004,0.2344253855753638,0.0,0.35104132046787206,0.45104110025752403,0.3778089075778807,0.276717254342812
c3_w2_tcop_cm1_states_L0.4_km0_2090_up0_0000_s42,cm1,stageA,-0.1,-0.209,0.0,,42,1,0.0,1,False,PRE_PRIMARY_INCOMPLETE_CYCLE,0.40475200000000006,-0.0024759188984713877,-0.03025943775424959,-0.09999977978965197,0.4097065404386198,0.24154444808257855,0.2344253855753638,0.0,0.35104132046787206,0.45104110025752403,0.36562111674334247,0.2687899283004603
c3_w2_tcop_cm1_states_L0.4_km0_2090_up0_0000_s42,cm1,stageA,-0.1,-0.209,0.0,,42,2,0.0,2,False,PRE_PRIMARY_INCOMPLETE_CYCLE,0.40409599999999996,-0.000371028399018864,-0.014791186771992492,-0.09999977978965197,0.40977481935367077,0.24155137580265804,0.2344253855753638,0.0,0.35104132046787206,0.45104110025752403,0.37479533764037065,0.2776096666918313
c3_w2_tcop_cm1_states_L0.4_km0_2090_up0_0000_s42,cm1,stageA,-0.1,-0.209,0.0,,42,3,0.0,0,True,,0.40684799999999993,0.00024828369983240445,-0.028593791529941296,-0.09999977978965197,0.4094965054768028,0.24150235054640345,0.2344253855753638,0.0,0.35104132046787206,0.45104110025752403,0.37315524060663513,0.2683153491635289
c3_w2_tcop_cm1_states_L0.4_km0_2090_up0_0000_s42,cm1,stageA,-0.1,-0.209,0.0,,42,4,0.0,1,True,,0.405648,0.0028423178406063593,-0.01342663726324615,-0.09999977978965197,0.409617832866383,0.24152333687402583,0.2344253855753638,0.0,0.35104132046787206,0.45104110025752403,0.37957720920205756,0.27804528515219956
c3_w2_tcop_cm1_states_L0.4_km0_2090_up0_0000_s42,cm1,stageA,-0.1,-0.209,0.0,,42,5,0.0,2,True,,0.40788800000000003,0.0006748387509543965,-0.02063047267711182,-0.09999977978965197,0.4093912148112451,0.24148400770525846,0.2344253855753638,0.0,0.35104132046787206,0.45104110025752403,0.37135278668835203,0.2705968906171071
c3_w2_tcop_cm1_states_L0.4_km0_2090_up0_0000_s42,cm1,stageA,-0.1,-0.209,0.0,,42,6,0.0,0,True,,0.4046079999999999,0.00022691723996371042,-0.018066644914325497,-0.09999977978965197,0.4097210524271942,0.24154673563534304,0.2344253855753638,0.0,0.35104132046787206,0.45104110025752403,0.3714895944682517,0.27457370033374484
c3_w2_tcop_cm1_states_L0.4_km0_2090_up0_0000_s42,cm1,stageA,-0.1,-0.209,0.0,,42,7,0.0,1,True,,0.40580800000000006,0.0001430477887572633,-0.0183255202771942,-0.09999977978965197,0.4096014501752863,0.24152136819128336,0.2344253855753638,0.0,0.35104132046787206,0.45104110025752403,0.36914091221620654,0.273302087870391
c3_w2_tcop_cm1_states_L0.4_km0_2090_up0_0000_s42,cm1,stageA,-0.1,-0.209,0.0,,42,8,0.0,2,True,,0.403408,-0.0001393707489254169,-0.004479182636230287,-0.09999977978965197,0.40984303330126065,0.24156671326384632,0.2344253855753638,0.0,0.35104132046787206,0.45104110025752403,0.371333053651628,0.27264187664420986
c3_w2_tcop_cm1_states_L0.4_km0_2090_up0_0000_s42,cm1,stageA,-0.1,-0.209,0.0,,42,9,0.0,0,True,,0.40667200000000003,0.0005737990644072324,0.0005300106401647421,-0.09999977978965197,0.40951369640245416,0.24150668880436035,0.2344253855753638,0.0,0.35104132046787206,0.45104110025752403,0.37314556870833515,0.27442170192759685
c3_w2_tcop_cm1_states_L0.4_km0_2090_up0_0000_s42,cm1,stageA,-0.1,-0.209,0.0,,42,10,0.0,1,True,,0.40523200000000004,0.002112548907672579,-0.015183601177946602,-0.09999977978965197,0.4096601744251752,0.24153001242147723,0.2344253855753638,0.0,0.35104132046787206,0.45104110025752403,0.3751775047718627,0.2746729171745992
c3_w2_tcop_cm1_states_L0.4_km0_2090_up0_0000_s42,cm1,stageA,-0.1,-0.209,0.0,,42,11,0.0,2,True,,0.403104,-0.000472133103410077,-0.027966446273322728,-0.09999977978965197,0.40987357074426556,0.24157237354278185,0.2344253855753638,0.0,0.35104132046787206,0.45104110025752403,0.373638713631453,0.27908153871229435
c3_w2_tcop_cm1_states_L0.4_km0_2090_up0_0000_s42,cm1,stageA,-0.1,-0.209,0.0,,42,12,0.0,0,True,,0.40830400000000006,0.0006434706427401439,-0.010133471099634243,-0.09999977978965197,0.40935118145978333,0.24147140509360662,0.2344253855753638,0.0,0.35104132046787206,0.45104110025752403,0.37073087565334717,0.27717622955676724
c3_w2_tcop_cm1_states_L0.4_km0_2090_up0_0000_s42,cm1,stageA,-0.1,-0.209,0.0,,42,13,0.0,1,True,,0.405968,-0.004351037788590366,-0.024620256375340765,-0.09999977978965197,0.4095848622197395,0.24151975023867248,0.2344253855753638,0.0,0.35104132046787206,0.45104110025752403,0.3616079614092134,0.2697695125532155
c3_w2_tcop_cm1_states_L0.4_km0_2090_up0_0000_s42,cm1,stageA,-0.1,-0.209,0.0,,42,14,0.0,2,True,,0.40335999999999994,-0.0006265491492899618,-0.0040189792041674605,-0.09999977978965197,0.4098477138005888,0.24156829393186374,0.2344253855753638,0.0,0.35104132046787206,0.45104110025752403,0.3675745465795849,0.27075253376910435
c3_w2_tcop_cm1_states_L0.4_km0_2090_up0_0000_s42,cm1,stageA,-0.1,-0.209,0.0,,42,15,0.0,0,False,BLOCK_15_PARTIAL_CYCLE,0.40574400000000005,-0.004039101690603142,-0.004529876316036947,-0.09999977978965197,0.40960646973672543,0.24152561002879494,0.2344253855753638,0.0,0.35104132046787206,0.45104110025752403,0.3633423980918653,0.2754897657440976
c3_w2_tcop_cm1_states_L0.4_km0_2090_up0_0000_s137,cm1,stageA,-0.1,-0.209,0.0,,137,0,0.0,0,False,PRE_PRIMARY_INCOMPLETE_CYCLE,0.398304,0.0013168035390587788,-0.006862232902589844,-0.09999977978965197,0.4103710985763781,0.24162592332827643,0.2344253855753638,0.0,0.35104132046787206,0.45104110025752403,0.3762745826662412,0.27729005874284957
c3_w2_tcop_cm1_states_L0.4_km0_2090_up0_0000_s137,cm1,stageA,-0.1,-0.209,0.0,,137,1,0.0,1,False,PRE_PRIMARY_INCOMPLETE_CYCLE,0.40449599999999997,-0.002727856911402795,-0.024241878057837975,-0.09999977978965197,0.40973332507615895,0.24154687463333538,0.2344253855753638,0.0,0.35104132046787206,0.45104110025752403,0.3672098610106269,0.2691790251855918
c3_w2_tcop_cm1_states_L0.4_km0_2090_up0_0000_s137,cm1,stageA,-0.1,-0.209,0.0,,137,2,0.0,2,False,PRE_PRIMARY_INCOMPLETE_CYCLE,0.404464,0.0008116738457724643,-0.01810577709585771,-0.09999977978965197,0.4097367668738797,0.2415467996633786,0.2344253855753638,0.0,0.35104132046787206,0.45104110025752403,0.3703386293466224,0.27250560719016925
c3_w2_tcop_cm1_states_L0.4_km0_2090_up0_0000_s137,cm1,stageA,-0.1,-0.209,0.0,,137,3,0.0,0,True,,0.4065919999999999,0.0011659017962181463,-0.013697906658223243,-0.09999977978965197,0.409521473272252,0.2415088955374146,0.2344253855753638,0.0,0.35104132046787206,0.45104110025752403,0.3765038804645143,0.27275792458959974
c3_w2_tcop_cm1_states_L0.4_km0_2090_up0_0000_s137,cm1,stageA,-0.1,-0.209,0.0,,137,4,0.0,1,True,,0.40486400000000006,0.00217294424582858,-0.03252562125286969,-0.09999977978965197,0.409697715142207,0.241536317799284,0.2344253855753638,0.0,0.35104132046787206,0.45104110025752403,0.3818409200060938,0.27524176620044793
c3_w2_tcop_cm1_states_L0.4_km0_2090_up0_0000_s137,cm1,stageA,-0.1,-0.209,0.0,,137,5,0.0,2,True,,0.4044479999999999,0.00223781709643295,-0.017893011022764152,-0.09999977978965197,0.40973907247550834,0.24154505000477242,0.2344253855753638,0.0,0.35104132046787206,0.45104110025752403,0.3722314201937759,0.26975612411054156
c3_w2_tcop_cm1_states_L0.4_km0_2090_up0_0000_s137,cm1,stageA,-0.1,-0.209,0.0,,137,6,0.0,0,True,,0.406112,0.0018923193935751802,-0.024188489342679385,-0.09999977978965197,0.4095712873754885,0.2415146768768549,0.2344253855753638,0.0,0.35104132046787206,0.45104110025752403,0.3746459788576575,0.2685946520498922
c3_w2_tcop_cm1_states_L0.4_km0_2090_up0_0000_s137,cm1,stageA,-0.1,-0.209,0.0,,137,7,0.0,1,True,,0.40614400000000006,0.0003460937754588025,-0.018682970329273317,-0.09999977978965197,0.4095668196624925,0.2415165806005061,0.2344253855753638,0.0,0.35104132046787206,0.45104110025752403,0.37395473170297266,0.2764338693980911
c3_w2_tcop_cm1_states_L0.4_km0_2090_up0_0000_s137,cm1,stageA,-0.1,-0.209,0.0,,137,8,0.0,2,True,,0.4048,-0.000720272844156216,-0.012778250389905004,-0.09999977978965197,0.40970371472463263,0.24153827266326658,0.2344253855753638,0.0,0.35104132046787206,0.45104110025752403,0.371599482117431,0.27400529687339875
c3_w2_tcop_cm1_states_L0.4_km0_2090_up0_0000_s137,cm1,stageA,-0.1,-0.209,0.0,,137,9,0.0,0,True,,0.405232,0.00404942177052537,0.0037915045598284503,-0.09999977978965197,0.4096614391963263,0.24152733261641934,0.2344253855753638,0.0,0.35104132046787206,0.45104110025752403,0.3851802059912107,0.2798648230688321
c3_w2_tcop_cm1_states_L0.4_km0_2090_up0_0000_s137,cm1,stageA,-0.1,-0.209,0.0,,137,10,0.0,1,True,,0.4058880000000001,-0.0023651833164540855,-0.005670198341580681,-0.09999977978965197,0.4095913261789245,0.24152478393189908,0.2344253855753638,0.0,0.35104132046787206,0.45104110025752403,0.3665045374046217,0.2700570764321476
c3_w2_tcop_cm1_states_L0.4_km0_2090_up0_0000_s137,cm1,stageA,-0.1,-0.209,0.0,,137,11,0.0,2,True,,0.404656,-0.0006428261119500782,-0.012737186510190074,-0.09999977978965197,0.40971846238127135,0.24154054593476362,0.2344253855753638,0.0,0.35104132046787206,0.45104110025752403,0.37485784375334924,0.2735828749751561
c3_w2_tcop_cm1_states_L0.4_km0_2090_up0_0000_s137,cm1,stageA,-0.1,-0.209,0.0,,137,12,0.0,0,True,,0.4072,-0.0005434306095359063,-0.011769507019262167,-0.09999977978965197,0.40945995605837276,0.2414980017771381,0.2344253855753638,0.0,0.35104132046787206,0.45104110025752403,0.3686337831492636,0.27018206657102767
c3_w2_tcop_cm1_states_L0.4_km0_2090_up0_0000_s137,cm1,stageA,-0.1,-0.209,0.0,,137,13,0.0,1,True,,0.40448000000000006,0.0007229355170302701,-0.019199042117053734,-0.09999977978965197,0.409736016551496,0.24154453116062916,0.2344253855753638,0.0,0.35104132046787206,0.45104110025752403,0.37342817639876413,0.27168550613822406
c3_w2_tcop_cm1_states_L0.4_km0_2090_up0_0000_s137,cm1,stageA,-0.1,-0.209,0.0,,137,14,0.0,2,True,,0.40679999999999994,0.0020971818699646806,-0.012140219535636605,-0.09999977978965197,0.4095029254001775,0.2414990297515685,0.2344253855753638,0.0,0.35104132046787206,0.45104110025752403,0.3774867013652182,0.2732110336235048
c3_w2_tcop_cm1_states_L0.4_km0_2090_up0_0000_s137,cm1,stageA,-0.1,-0.209,0.0,,137,15,0.0,0,False,BLOCK_15_PARTIAL_CYCLE,0.405424,-0.0004402348992591882,0.010145872846708653,-0.09999977978965197,0.4096400409899788,0.24152867485561288,0.2344253855753638,0.0,0.35104132046787206,0.45104110025752403,0.3733322215956369,0.27687001997093014
c3_w2_tcop_cm1_states_L0.4_km0_2090_up0_0000_s256,cm1,stageA,-0.1,-0.209,0.0,,256,0,0.0,0,False,PRE_PRIMARY_INCOMPLETE_CYCLE,0.3956,0.0027956621571423035,-0.00599800066644452,-0.09999977978965197,0.410645078653002,0.24167268059682717,0.2344253855753638,0.0,0.35104132046787206,0.45104110025752403,0.3815847661063831,0.2814386227453994
c3_w2_tcop_cm1_states_L0.4_km0_2090_up0_0000_s256,cm1,stageA,-0.1,-0.209,0.0,,256,1,0.0,1,False,PRE_PRIMARY_INCOMPLETE_CYCLE,0.40672,-0.0018859276274383594,-0.009880956419476674,-0.09999977978965197,0.40950986193553895,0.24150339872156693,0.2344253855753638,0.0,0.35104132046787206,0.45104110025752403,0.3659356439934862,0.27128326294697386
c3_w2_tcop_cm1_states_L0.4_km0_2090_up0_0000_s256,cm1,stageA,-0.1,-0.209,0.0,,256,2,0.0,2,False,PRE_PRIMARY_INCOMPLETE_CYCLE,0.407744,-0.0011931709200013213,-0.01614367093448835,-0.09999977978965197,0.4094048978882501,0.2414883546840688,0.2344253855753638,0.0,0.35104132046787206,0.45104110025752403,0.37158000157631804,0.27643083107326905
c3_w2_tcop_cm1_states_L0.4_km0_2090_up0_0000_s256,cm1,stageA,-0.1,-0.209,0.0,,256,3,0.0,0,True,,0.408512,0.0006742954402351469,-0.010737190265929121,-0.09999977978965197,0.4093292459375028,0.24146983311957262,0.2344253855753638,0.0,0.35104132046787206,0.45104110025752403,0.3741526902674987,0.27524550202535847
c3_w2_tcop_cm1_states_L0.4_km0_2090_up0_0000_s256,cm1,stageA,-0.1,-0.209,0.0,,256,4,0.0,1,True,,0.40478400000000003,0.0026955759323666127,0.0007918506223228879,-0.09999977978965197,0.409706029920796,0.24153695428284452,0.2344253855753638,0.0,0.35104132046787206,0.45104110025752403,0.37810994637928325,0.2741583869251151
c3_w2_tcop_cm1_states_L0.4_km0_2090_up0_0000_s256,cm1,stageA,-0.1,-0.209,0.0,,256,5,0.0,2,True,,0.40212800000000004,0.000492828965343596,-0.028958408614249677,-0.09999977978965197,0.40997295057011995,0.24158828471301427,0.2344253855753638,0.0,0.35104132046787206,0.45104110025752403,0.3748790740781643,0.2790965310051873
c3_w2_tcop_cm1_states_L0.4_km0_2090_up0_0000_s256,cm1,stageA,-0.1,-0.209,0.0,,256,6,0.0,0,True,,0.404512,-0.0047727923436279,-0.01959914276769657,-0.09999977978965197,0.4097306776846269,0.2415488964318364,0.2344253855753638,0.0,0.35104132046787206,0.45104110025752403,0.3584005277514516,0.27125994106843204
c3_w2_tcop_cm1_states_L0.4_km0_2090_up0_0000_s256,cm1,stageA,-0.1,-0.209,0.0,,256,7,0.0,1,True,,0.407568,-0.00035303194242570113,-0.016372938515029856,-0.09999977978965197,0.4094240515279233,0.2414880027003044,0.2344253855753638,0.0,0.35104132046787206,0.45104110025752403,0.3733226016448915,0.2781663935517521
c3_w2_tcop_cm1_states_L0.4_km0_2090_up0_0000_s256,cm1,stageA,-0.1,-0.209,0.0,,256,8,0.0,2,True,,0.40696,0.004470042303119133,-0.015112094171586246,-0.09999977978965197,0.40948639579640267,0.2414976420937462,0.2344253855753638,0.0,0.35104132046787206,0.45104110025752403,0.3817677141505307,0.27291908754196936
c3_w2_tcop_cm1_states_L0.4_km0_2090_up0_0000_s256,cm1,stageA,-0.1,-0.209,0.0,,256,9,0.0,0,True,,0.407376,-0.0022496090052816393,0.0006523440192226598,-0.09999977978965197,0.40944174550928397,0.24149586062394848,0.2344253855753638,0.0,0.35104132046787206,0.45104110025752403,0.36892103227925865,0.2708358591231428
c3_w2_tcop_cm1_states_L0.4_km0_2090_up0_0000_s256,cm1,stageA,-0.1,-0.209,0.0,,256,10,0.0,1,True,,0.405152,-0.0008932424012498141,-0.016838818929215734,-0.09999977978965197,0.4096678946146223,0.24153293897909855,0.2344253855753638,0.0,0.35104132046787206,0.45104110025752403,0.37005133605026325,0.26930367542799005
c3_w2_tcop_cm1_states_L0.4_km0_2090_up0_0000_s256,cm1,stageA,-0.1,-0.209,0.0,,256,11,0.0,2,True,,0.405312,-0.0013313968660523838,-0.014555600862465934,-0.09999977978965197,0.40965114670421227,0.24153097469039686,0.2344253855753638,0.0,0.35104132046787206,0.45104110025752403,0.36940984375957425,0.2742313438543024
c3_w2_tcop_cm1_states_L0.4_km0_2090_up0_0000_s256,cm1,stageA,-0.1,-0.209,0.0,,256,12,0.0,0,True,,0.40475200000000006,-0.0029159259779368064,-0.01319691419608902,-0.09999977978965197,0.4097072633137293,0.24154208980842914,0.2344253855753638,0.0,0.35104132046787206,0.45104110025752403,0.36522417888190994,0.2773556386855031
c3_w2_tcop_cm1_states_L0.4_km0_2090_up0_0000_s256,cm1,stageA,-0.1,-0.209,0.0,,256,13,0.0,1,True,,0.403648,0.007127467216253489,-0.0008655797560779306,-0.09999977978965197,0.4098221804142381,0.24155427669415402,0.2344253855753638,0.0,0.35104132046787206,0.45104110025752403,0.3899130393165669,0.27769163273202274
c3_w2_tcop_cm1_states_L0.4_km0_2090_up0_0000_s256,cm1,stageA,-0.1,-0.209,0.0,,256,14,0.0,2,True,,0.40544,-0.003600893488739089,-0.00431211984618553,-0.09999977978965197,0.40963581600464133,0.2415348724392444,0.2344253855753638,0.0,0.35104132046787206,0.45104110025752403,0.36069565280020377,0.2651862971037313
c3_w2_tcop_cm1_states_L0.4_km0_2090_up0_0000_s256,cm1,stageA,-0.1,-0.209,0.0,,256,15,0.0,0,False,BLOCK_15_PARTIAL_CYCLE,0.40540800000000005,0.0003876513806437923,-0.01303131479733333,-0.09999977978965197,0.40964180494339747,0.2415282924589734,0.2344253855753638,0.0,0.35104132046787206,0.45104110025752403,0.3694448143625143,0.27378708568863347
c3_w2_tcop_cm1_states_L0.4_km0_2090_up0_0000_s1024,cm1,stageA,-0.1,-0.209,0.0,,1024,0,0.0,0,False,PRE_PRIMARY_INCOMPLETE_CYCLE,0.39595199999999997,-0.0020120316942643067,-0.013274729058029537,-0.09999977978965197,0.41060836941634177,0.24166895050275847,0.2344253855753638,0.0,0.35104132046787206,0.45104110025752403,0.37025324429970274,0.27817424216810704
c3_w2_tcop_cm1_states_L0.4_km0_2090_up0_0000_s1024,cm1,stageA,-0.1,-0.209,0.0,,1024,1,0.0,1,False,PRE_PRIMARY_INCOMPLETE_CYCLE,0.40537599999999996,0.0006702472354818043,-0.019288305230840876,-0.09999977978965197,0.40964494662429496,0.2415290659064355,0.2344253855753638,0.0,0.35104132046787206,0.45104110025752403,0.37427637867973124,0.278119990841262
c3_w2_tcop_cm1_states_L0.4_km0_2090_up0_0000_s1024,cm1,stageA,-0.1,-0.209,0.0,,1024,2,0.0,2,False,PRE_PRIMARY_INCOMPLETE_CYCLE,0.4032,0.0015357849086894584,-0.008875739644970411,-0.09999977978965197,0.40986501786304036,0.24156828677801823,0.2344253855753638,0.0,0.35104132046787206,0.45104110025752403,0.37725061463893733,0.2732661948346461
c3_w2_tcop_cm1_states_L0.4_km0_2090_up0_0000_s1024,cm1,stageA,-0.1,-0.209,0.0,,1024,3,0.0,0,True,,0.405168,0.0013332413109160837,-0.014933422686895749,-0.09999977978965197,0.40966608689701933,0.2415328977357191,0.2344253855753638,0.0,0.35104132046787206,0.45104110025752403,0.3761326433302062,0.2720144420537025
c3_w2_tcop_cm1_states_L0.4_km0_2090_up0_0000_s1024,cm1,stageA,-0.1,-0.209,0.0,,1024,4,0.0,1,True,,0.4080480000000001,0.0013775941985853298,-0.012697109680651858,-0.09999977978965197,0.40937602725120603,0.2414788963029269,0.2344253855753638,0.0,0.35104132046787206,0.45104110025752403,0.37318472688549753,0.267272084384928
c3_w2_tcop_cm1_states_L0.4_km0_2090_up0_0000_s1024,cm1,stageA,-0.1,-0.209,0.0,,1024,5,0.0,2,True,,0.4072,-0.000596383807615119,-0.02608695652173913,-0.09999977978965197,0.40946003079435006,0.2414979014433621,0.2344253855753638,0.0,0.35104132046787206,0.45104110025752403,0.3734439988629671,0.27609386407099307
c3_w2_tcop_cm1_states_L0.4_km0_2090_up0_0000_s1024,cm1,stageA,-0.1,-0.209,0.0,,1024,6,0.0,0,True,,0.40953600000000007,-0.001337049970481019,-0.010464086140244308,-0.09999977978965197,0.40922550312261835,0.2414524482328631,0.2344253855753638,0.0,0.35104132046787206,0.45104110025752403,0.3674344339509856,0.26854508225371954
c3_w2_tcop_cm1_states_L0.4_km0_2090_up0_0000_s1024,cm1,stageA,-0.1,-0.209,0.0,,1024,7,0.0,1,True,,0.40216,0.001406707859404262,0.0077878628643943916,-0.09999977978965197,0.4099695174973935,0.24158835436451628,0.2344253855753638,0.0,0.35104132046787206,0.45104110025752403,0.3745123752665489,0.2705857585380366
c3_w2_tcop_cm1_states_L0.4_km0_2090_up0_0000_s1024,cm1,stageA,-0.1,-0.209,0.0,,1024,8,0.0,2,True,,0.40260799999999997,-2.726151434980442e-05,-0.002344085736401305,-0.09999977978965197,0.40992600048883876,0.24157614486798468,0.2344253855753638,0.0,0.35104132046787206,0.45104110025752403,0.3760297121261092,0.275872077192172
c3_w2_tcop_cm1_states_L0.4_km0_2090_up0_0000_s1024,cm1,stageA,-0.1,-0.209,0.0,,1024,9,0.0,0,True,,0.40631999999999996,-0.003041818798414471,-0.010540593724476938,-0.09999977978965197,0.40954892991059016,0.24151398166850246,0.2344253855753638,0.0,0.35104132046787206,0.45104110025752403,0.36687166725625736,0.272724168796597
c3_w2_tcop_cm1_states_L0.4_km0_2090_up0_0000_s1024,cm1,stageA,-0.1,-0.209,0.0,,1024,10,0.0,1,True,,0.40519999999999995,0.0013687589552375187,-0.018392691830710385,-0.09999977978965197,0.40966279640906406,0.24153213242430768,0.2344253855753638,0.0,0.35104132046787206,0.45104110025752403,0.3760303981518123,0.2759089425247193
c3_w2_tcop_cm1_states_L0.4_km0_2090_up0_0000_s1024,cm1,stageA,-0.1,-0.209,0.0,,1024,11,0.0,2,True,,0.40496000000000004,0.00026377770034968236,-0.007387825748840922,-0.09999977978965197,0.40968774988435225,0.24153503397967604,0.2344253855753638,0.0,0.35104132046787206,0.45104110025752403,0.3772073287001745,0.2765129952329433
c3_w2_tcop_cm1_states_L0.4_km0_2090_up0_0000_s1024,cm1,stageA,-0.1,-0.209,0.0,,1024,12,0.0,0,True,,0.404512,-0.0004942470338441806,-0.027889637282312942,-0.09999977978965197,0.409732021618975,0.2415454536716135,0.2344253855753638,0.0,0.35104132046787206,0.45104110025752403,0.37130906517851203,0.2733637046018791
c3_w2_tcop_cm1_states_L0.4_km0_2090_up0_0000_s1024,cm1,stageA,-0.1,-0.209,0.0,,1024,13,0.0,1,True,,0.407872,-0.0007981390986005091,-0.04023302359390567,-0.09999977978965197,0.40939364465896017,0.24148204276935215,0.2344253855753638,0.0,0.35104132046787206,0.45104110025752403,0.3681379850120215,0.27231342187815366
c3_w2_tcop_cm1_states_L0.4_km0_2090_up0_0000_s1024,cm1,stageA,-0.1,-0.209,0.0,,1024,14,0.0,2,True,,0.40718399999999993,-0.0006607312602407081,-0.016362833237877416,-0.09999977978965197,0.4094624431088693,0.2414962975248052,0.2344253855753638,0.0,0.35104132046787206,0.45104110025752403,0.37111999447845784,0.2729408370475627
c3_w2_tcop_cm1_states_L0.4_km0_2090_up0_0000_s1024,cm1,stageA,-0.1,-0.209,0.0,,1024,15,0.0,0,False,BLOCK_15_PARTIAL_CYCLE,0.40580799999999995,0.0005617272875064354,-0.016422278423545156,-0.09999977978965197,0.40960090386689546,0.24152237917968566,0.2344253855753638,0.0,0.35104132046787206,0.45104110025752403,0.3738564378593113,0.27381339836991864
c3_w2_tcop_cm1_states_L0.4_km0_2090_up0_0000_s31415,cm1,stageA,-0.1,-0.209,0.0,,31415,0,0.0,0,False,PRE_PRIMARY_INCOMPLETE_CYCLE,0.390368,-0.004339760968288305,0.0035966568434180964,-0.09999977978965197,0.41117011953215055,0.24177581464452966,0.23735005000258277,0.0,0.35104132046787206,0.45104110025752403,0.3633689340845445,0.2742887263458547
c3_w2_tcop_cm1_states_L0.4_km0_2090_up0_0000_s31415,cm1,stageA,-0.1,-0.209,0.0,,31415,1,0.0,1,False,PRE_PRIMARY_INCOMPLETE_CYCLE,0.4034559999999999,0.00045542110104161276,-0.0036476900645662533,-0.09999977978965197,0.40983825195832585,0.24156570759474147,0.2344253855753638,0.0,0.35104132046787206,0.45104110025752403,0.3755076357410466,0.27472196322548564
c3_w2_tcop_cm1_states_L0.4_km0_2090_up0_0000_s31415,cm1,stageA,-0.1,-0.209,0.0,,31415,2,0.0,2,False,PRE_PRIMARY_INCOMPLETE_CYCLE,0.40692800000000007,0.0008057880414101028,-0.025166076627098084,-0.09999977978965197,0.4094882947190536,0.24150127250183112,0.2344253855753638,0.0,0.35104132046787206,0.45104110025752403,0.37764690069028467,0.2756427223061039
c3_w2_tcop_cm1_states_L0.4_km0_2090_up0_0000_s31415,cm1,stageA,-0.1,-0.209,0.0,,31415,3,0.0,0,True,,0.404048,-0.002902056423527061,-0.017040816892208915,-0.09999977978965197,0.4097779336443872,0.24155641192718433,0.2344253855753638,0.0,0.35104132046787206,0.45104110025752403,0.3644296225048988,0.26959065579195196
c3_w2_tcop_cm1_states_L0.4_km0_2090_up0_0000_s31415,cm1,stageA,-0.1,-0.209,0.0,,31415,4,0.0,1,True,,0.4058240000000001,0.0006522204510551366,-0.027062555862693297,-0.09999977978965197,0.40960110256119536,0.24151771658003907,0.2344253855753638,0.0,0.35104132046787206,0.45104110025752403,0.37130120364243785,0.27156861214456884
c3_w2_tcop_cm1_states_L0.4_km0_2090_up0_0000_s31415,cm1,stageA,-0.1,-0.209,0.0,,31415,5,0.0,2,True,,0.403296,0.0010935540189224982,-0.009134916310622338,-0.09999977978965197,0.40985616547256337,0.2415639383737951,0.2344253855753638,0.0,0.35104132046787206,0.45104110025752403,0.37364160339307984,0.27590010524322733
c3_w2_tcop_cm1_states_L0.4_km0_2090_up0_0000_s31415,cm1,stageA,-0.1,-0.209,0.0,,31415,6,0.0,0,True,,0.40508800000000006,0.0019456937666579507,-0.015425026672114685,-0.09999977978965197,0.4096763965011985,0.24152891155086978,0.2344253855753638,0.0,0.35104132046787206,0.45104110025752403,0.3784746600986258,0.27744754519249387
c3_w2_tcop_cm1_states_L0.4_km0_2090_up0_0000_s31415,cm1,stageA,-0.1,-0.209,0.0,,31415,7,0.0,1,True,,0.4052,-0.0030635291908167545,-0.025855217271414904,-0.09999977978965197,0.40966186064087173,0.24153475802923616,0.2344253855753638,0.0,0.35104132046787206,0.45104110025752403,0.3668073098771831,0.27204453841818055
c3_w2_tcop_cm1_states_L0.4_km0_2090_up0_0000_s31415,cm1,stageA,-0.1,-0.209,0.0,,31415,8,0.0,2,True,,0.404336,0.004059604816317239,-0.01410527887541497,-0.09999977978965197,0.40975135257461126,0.24154479039856663,0.2344253855753638,0.0,0.35104132046787206,0.45104110025752403,0.3786314866964495,0.27535159667663217
c3_w2_tcop_cm1_states_L0.4_km0_2090_up0_0000_s31415,cm1,stageA,-0.1,-0.209,0.0,,31415,9,0.0,0,True,,0.403312,-0.00023934235484867914,-0.019747327179535746,-0.09999977978965197,0.40985387133735385,0.2415656681139668,0.2344253855753638,0.0,0.35104132046787206,0.45104110025752403,0.373627367796307,0.27841810064042966
c3_w2_tcop_cm1_states_L0.4_km0_2090_up0_0000_s31415,cm1,stageA,-0.1,-0.209,0.0,,31415,10,0.0,1,True,,0.407104,0.0006688018758219522,-0.009744436694070423,-0.09999977978965197,0.40947173759639216,0.2414953270526598,0.2344253855753638,0.0,0.35104132046787206,0.45104110025752403,0.37669529872829144,0.2752195943814011
c3_w2_tcop_cm1_states_L0.4_km0_2090_up0_0000_s31415,cm1,stageA,-0.1,-0.209,0.0,,31415,11,0.0,2,True,,0.40379199999999993,0.003616864915645129,-0.01305468274751619,-0.09999977978965197,0.4098043901475011,0.24155913879975385,0.2344253855753638,0.0,0.35104132046787206,0.45104110025752403,0.3807526682595859,0.2791391577002893
c3_w2_tcop_cm1_states_L0.4_km0_2090_up0_0000_s31415,cm1,stageA,-0.1,-0.209,0.0,,31415,12,0.0,0,True,,0.40496000000000004,-0.0030763849911294204,-0.0038940354570236022,-0.09999977978965197,0.40968679543972686,0.24153718370626612,0.2344253855753638,0.0,0.35104132046787206,0.45104110025752403,0.3700638731074124,0.2762978994698503
c3_w2_tcop_cm1_states_L0.4_km0_2090_up0_0000_s31415,cm1,stageA,-0.1,-0.209,0.0,,31415,13,0.0,1,True,,0.406352,-0.004208343448418761,-0.02360030554279351,-0.09999977978965197,0.4095446995196031,0.24151547809682206,0.2344253855753638,0.0,0.35104132046787206,0.45104110025752403,0.3628230335607545,0.270867825297409
c3_w2_tcop_cm1_states_L0.4_km0_2090_up0_0000_s31415,cm1,stageA,-0.1,-0.209,0.0,,31415,14,0.0,2,True,,0.403728,0.00013611179784236733,-0.01671864762018288,-0.09999977978965197,0.4098120044741279,0.24155741031621364,0.2344253855753638,0.0,0.35104132046787206,0.45104110025752403,0.36837830470404176,0.27474682150076
c3_w2_tcop_cm1_states_L0.4_km0_2090_up0_0000_s31415,cm1,stageA,-0.1,-0.209,0.0,,31415,15,0.0,0,False,BLOCK_15_PARTIAL_CYCLE,0.4089920000000001,-0.0022771581067195074,-0.028834609440171056,-0.09999977978965197,0.4092793047420598,0.24146498833643204,0.2344253855753638,0.0,0.35104132046787206,0.45104110025752403,0.3698297951822101,0.27335745417717594
c3_w2_tcop_cm1_states_L0.4_kp0_4221_up0_0000_s42,cm1,stageA,0.2,0.4221,0.0,,42,0,0.0,0,False,PRE_PRIMARY_INCOMPLETE_CYCLE,0.37188799999999994,0.00230405833605469,0.03194309519520619,0.1999984658005633,0.3750068117732647,0.23312434265473603,0.22005158470016714,0.0,0.3041601612750264,0.5041586270755897,0.3800500529518472,0.2759775131754753
c3_w2_tcop_cm1_states_L0.4_kp0_4221_up0_0000_s42,cm1,stageA,0.2,0.4221,0.0,,42,1,0.0,1,False,PRE_PRIMARY_INCOMPLETE_CYCLE,0.385856,-0.0014080317607968336,0.015762649383267813,0.1999984658005633,0.37770219378911274,0.23389069797605258,0.22005158470016714,0.0,0.3041601612750264,0.5041586270755897,0.36947748591372587,0.26925549050921355
c3_w2_tcop_cm1_states_L0.4_kp0_4221_up0_0000_s42,cm1,stageA,0.2,0.4221,0.0,,42,2,0.0,2,False,PRE_PRIMARY_INCOMPLETE_CYCLE,0.38468800000000003,0.002197075699889123,0.02800444137534995,0.1999984658005633,0.3774854623688625,0.23381085457009776,0.22005158470016714,0.0,0.3041601612750264,0.5041586270755897,0.38041741109168165,0.2779572145793081
c3_w2_tcop_cm1_states_L0.4_kp0_4221_up0_0000_s42,cm1,stageA,0.2,0.4221,0.0,,42,3,0.0,0,True,,0.38691200000000003,0.0005156840465280459,0.017558100188153784,0.1999984658005633,0.377920043860498,0.23392524994894295,0.22005158470016714,0.0,0.3041601612750264,0.5041586270755897,0.3742436737609032,0.2687180575399509
c3_w2_tcop_cm1_states_L0.4_kp0_4221_up0_0000_s42,cm1,stageA,0.2,0.4221,0.0,,42,4,0.0,1,True,,0.38521600000000006,0.0044292910791392665,0.03330735508863081,0.1999984658005633,0.3775878131645799,0.23384178476679343,0.22005158470016714,0.0,0.3041601612750264,0.5041586270755897,0.38166081246113415,0.27938865731794976
c3_w2_tcop_cm1_states_L0.4_kp0_4221_up0_0000_s42,cm1,stageA,0.2,0.4221,0.0,,42,5,0.0,2,True,,0.38932799999999995,0.0016019889153690374,0.02757095672692221,0.1999984658005633,0.3783916033566288,0.23405088894874487,0.22005158470016714,0.0,0.3041601612750264,0.5041586270755897,0.37021908722387964,0.2679077997069221
c3_w2_tcop_cm1_states_L0.4_kp0_4221_up0_0000_s42,cm1,stageA,0.2,0.4221,0.0,,42,6,0.0,0,True,,0.384448,0.0008767782619725544,0.02892450494616594,0.1999984658005633,0.37742784464448303,0.23381917555968976,0.22005158470016714,0.0,0.3041601612750264,0.5041586270755897,0.3753413788503219,0.27715561536329303
c3_w2_tcop_cm1_states_L0.4_kp0_4221_up0_0000_s42,cm1,stageA,0.2,0.4221,0.0,,42,7,0.0,1,True,,0.385856,0.0020505808158523394,0.028439834900428677,0.1999984658005633,0.37771210054529986,0.23387400794376492,0.22005158470016714,0.0,0.3041601612750264,0.5041586270755897,0.37620391508012724,0.2760456163861658
c3_w2_tcop_cm1_states_L0.4_kp0_4221_up0_0000_s42,cm1,stageA,0.2,0.4221,0.0,,42,8,0.0,2,True,,0.3844000000000001,8.116075999831163e-05,0.0376059570083829,0.1999984658005633,0.3774182380460367,0.2338152757168678,0.22005158470016714,0.0,0.3041601612750264,0.5041586270755897,0.37141547811464126,0.27159640469314233
c3_w2_tcop_cm1_states_L0.4_kp0_4221_up0_0000_s42,cm1,stageA,0.2,0.4221,0.0,,42,9,0.0,0,True,,0.38779199999999997,0.0007244122108178111,0.04586808815802483,0.1999984658005633,0.37808877700501714,0.23397566740358483,0.22005158470016714,0.0,0.3041601612750264,0.5041586270755897,0.37467174572634365,0.2731661896116589
c3_w2_tcop_cm1_states_L0.4_kp0_4221_up0_0000_s42,cm1,stageA,0.2,0.4221,0.0,,42,10,0.0,1,True,,0.38615999999999995,0.0016537214764821978,0.030573214403796234,0.1999984658005633,0.3777703751266304,0.23389329572278644,0.22005158470016714,0.0,0.3041601612750264,0.5041586270755897,0.37284813023325936,0.27105206321976405
c3_w2_tcop_cm1_states_L0.4_kp0_4221_up0_0000_s42,cm1,stageA,0.2,0.4221,0.0,,42,11,0.0,2,True,,0.38339199999999996,0.0021303213235787134,0.016787704822290302,0.1999984658005633,0.37722283123238465,0.23376165910080635,0.22005158470016714,0.0,0.3041601612750264,0.5041586270755897,0.38042918002605725,0.2787500548582981
c3_w2_tcop_cm1_states_L0.4_kp0_4221_up0_0000_s42,cm1,stageA,0.2,0.4221,0.0,,42,12,0.0,0,True,,0.390208,0.0009434876062061236,0.03804013313987046,0.1999984658005633,0.3785800306401336,0.23406969467289293,0.22005158470016714,0.0,0.3041601612750264,0.5041586270755897,0.3723125403670491,0.27817848134607975
c3_w2_tcop_cm1_states_L0.4_kp0_4221_up0_0000_s42,cm1,stageA,0.2,0.4221,0.0,,42,13,0.0,1,True,,0.38625600000000004,-0.004577174920693638,0.020979555727518917,0.1999984658005633,0.3777848312659771,0.23390326848808263,0.22005158470016714,0.0,0.3041601612750264,0.5041586270755897,0.35893925443423563,0.26865264813759704
c3_w2_tcop_cm1_states_L0.4_kp0_4221_up0_0000_s42,cm1,stageA,0.2,0.4221,0.0,,42,14,0.0,2,True,,0.38368,0.0012884642955651162,0.03670967759032824,0.1999984658005633,0.37727857369637174,0.23377467202103075,0.22005158470016714,0.0,0.3041601612750264,0.5041586270755897,0.3725077105298898,0.2731177577437841
c3_w2_tcop_cm1_states_L0.4_kp0_4221_up0_0000_s42,cm1,stageA,0.2,0.4221,0.0,,42,15,0.0,0,False,BLOCK_15_PARTIAL_CYCLE,0.38705599999999996,-0.002446447179317472,0.04873238648630029,0.1999984658005633,0.37794456246360164,0.23394133946458973,0.22005158470016714,0.0,0.3041601612750264,0.5041586270755897,0.36621755693775154,0.27412408280999795
c3_w2_tcop_cm1_states_L0.4_kp0_4221_up0_0000_s137,cm1,stageA,0.2,0.4221,0.0,,137,0,0.0,0,False,PRE_PRIMARY_INCOMPLETE_CYCLE,0.37528,0.003187585767319296,0.036532880880737036,0.1999984658005633,0.37568326885015024,0.23327536726221793,0.22005158470016714,0.0,0.3041601612750264,0.5041586270755897,0.3816180325462645,0.27671671051805874
c3_w2_tcop_cm1_states_L0.4_kp0_4221_up0_0000_s137,cm1,stageA,0.2,0.4221,0.0,,137,1,0.0,1,False,PRE_PRIMARY_INCOMPLETE_CYCLE,0.38536000000000004,-0.001197146092486088,0.01335510875977826,0.1999984658005633,0.37761129750871675,0.23385354218999696,0.22005158470016714,0.0,0.3041601612750264,0.5041586270755897,0.37246073756647236,0.2721710303941147
c3_w2_tcop_cm1_states_L0.4_kp0_4221_up0_0000_s137,cm1,stageA,0.2,0.4221,0.0,,137,2,0.0,2,False,PRE_PRIMARY_INCOMPLETE_CYCLE,0.38488,0.002362373601643348,0.027157108304822552,0.1999984658005633,0.37751497251356586,0.23383374282282485,0.22005158470016714,0.0,0.3041601612750264,0.5041586270755897,0.37236014850102933,0.2691678443284682
c3_w2_tcop_cm1_states_L0.4_kp0_4221_up0_0000_s137,cm1,stageA,0.2,0.4221,0.0,,137,3,0.0,0,True,,0.3873439999999999,0.002371442961204957,0.03202145076761779,0.1999984658005633,0.37800294758961,0.23395032469279944,0.22005158470016714,0.0,0.3041601612750264,0.5041586270755897,0.3784662466757919,0.270852025636486
c3_w2_tcop_cm1_states_L0.4_kp0_4221_up0_0000_s137,cm1,stageA,0.2,0.4221,0.0,,137,4,0.0,1,True,,0.3853440000000001,0.0020739866783214666,0.010264784299425529,0.1999984658005633,0.3776095554197457,0.23385152740755427,0.22005158470016714,0.0,0.3041601612750264,0.5041586270755897,0.38078222725619826,0.2735197952220181
c3_w2_tcop_cm1_states_L0.4_kp0_4221_up0_0000_s137,cm1,stageA,0.2,0.4221,0.0,,137,5,0.0,2,True,,0.38504000000000005,0.003970339530761365,0.03694821254590422,0.1999984658005633,0.37755511459390817,0.23383058547748567,0.22005158470016714,0.0,0.3041601612750264,0.5041586270755897,0.3779145054551385,0.2744821018815688
c3_w2_tcop_cm1_states_L0.4_kp0_4221_up0_0000_s137,cm1,stageA,0.2,0.4221,0.0,,137,6,0.0,0,True,,0.385744,0.004355210509764298,0.013947680652038177,0.1999984658005633,0.37769140129348217,0.23386406273905785,0.22005158470016714,0.0,0.3041601612750264,0.5041586270755897,0.38303013577455614,0.27091866985034363
c3_w2_tcop_cm1_states_L0.4_kp0_4221_up0_0000_s137,cm1,stageA,0.2,0.4221,0.0,,137,7,0.0,1,True,,0.38753600000000005,0.0007741327344356325,0.032446246459070356,0.1999984658005633,0.3780391875076869,0.23396381845017933,0.22005158470016714,0.0,0.3041601612750264,0.5041586270755897,0.37619693827472245,0.2733710272533541
c3_w2_tcop_cm1_states_L0.4_kp0_4221_up0_0000_s137,cm1,stageA,0.2,0.4221,0.0,,137,8,0.0,2,True,,0.38430400000000003,0.0023771019152909745,0.037890544635647255,0.1999984658005633,0.37740905285407783,0.23379523675170796,0.22005158470016714,0.0,0.3041601612750264,0.5041586270755897,0.37970761256272034,0.27927064642608523
c3_w2_tcop_cm1_states_L0.4_kp0_4221_up0_0000_s137,cm1,stageA,0.2,0.4221,0.0,,137,9,0.0,0,True,,0.38513600000000003,0.004789416328762113,0.052367317674604515,0.1999984658005633,0.3775795314010644,0.23382243755873133,0.22005158470016714,0.0,0.3041601612750264,0.5041586270755897,0.3862867145897092,0.2787422524169061
c3_w2_tcop_cm1_states_L0.4_kp0_4221_up0_0000_s137,cm1,stageA,0.2,0.4221,0.0,,137,10,0.0,1,True,,0.38553600000000005,-0.0002722807214901092,0.04292352142826883,0.1999984658005633,0.3776373626462611,0.23387969462185082,0.22005158470016714,0.0,0.3041601612750264,0.5041586270755897,0.37118973397714056,0.27181173764882627
c3_w2_tcop_cm1_states_L0.4_kp0_4221_up0_0000_s137,cm1,stageA,0.2,0.4221,0.0,,137,11,0.0,2,True,,0.38507199999999997,0.0011679021971305198,0.03480222756782079,0.1999984658005633,0.37756006408767423,0.23383043495823505,0.22005158470016714,0.0,0.3041601612750264,0.5041586270755897,0.376461334720093,0.27187733206837345
c3_w2_tcop_cm1_states_L0.4_kp0_4221_up0_0000_s137,cm1,stageA,0.2,0.4221,0.0,,137,12,0.0,0,True,,0.387376,0.003486457614753273,0.041020212363250895,0.1999984658005633,0.37801283536172,0.23394694960446458,0.22005158470016714,0.0,0.3041601612750264,0.5041586270755897,0.38013717576870987,0.2749114888292929
c3_w2_tcop_cm1_states_L0.4_kp0_4221_up0_0000_s137,cm1,stageA,0.2,0.4221,0.0,,137,13,0.0,1,True,,0.384112,0.0013430294958021764,0.02747117234207386,0.1999984658005633,0.377365594506209,0.2337932760307727,0.22005158470016714,0.0,0.3041601612750264,0.5041586270755897,0.37559942469990815,0.26976458590738495
c3_w2_tcop_cm1_states_L0.4_kp0_4221_up0_0000_s137,cm1,stageA,0.2,0.4221,0.0,,137,14,0.0,2,True,,0.38696,0.0045002571255659705,0.03447404983211616,0.1999984658005633,0.3779382294200376,0.23391361036057817,0.22005158470016714,0.0,0.3041601612750264,0.5041586270755897,0.3838350331368538,0.27439790290031824
c3_w2_tcop_cm1_states_L0.4_kp0_4221_up0_0000_s137,cm1,stageA,0.2,0.4221,0.0,,137,15,0.0,0,False,BLOCK_15_PARTIAL_CYCLE,0.385856,0.0015011860750868888,0.055952877350383914,0.1999984658005633,0.3777123908706969,0.23387316041669848,0.22005158470016714,0.0,0.3041601612750264,0.5041586270755897,0.3780478571330448,0.275472164998119
c3_w2_tcop_cm1_states_L0.4_kp0_4221_up0_0000_s256,cm1,stageA,0.2,0.4221,0.0,,256,0,0.0,0,False,PRE_PRIMARY_INCOMPLETE_CYCLE,0.3714719999999999,0.0034566669088927525,0.03920000776586018,0.1999984658005633,0.37493184324373735,0.23309269500843227,0.22005158470016714,0.0,0.3041601612750264,0.5041586270755897,0.38305844445553233,0.27984043754510946
c3_w2_tcop_cm1_states_L0.4_kp0_4221_up0_0000_s256,cm1,stageA,0.2,0.4221,0.0,,256,1,0.0,1,False,PRE_PRIMARY_INCOMPLETE_CYCLE,0.38715199999999994,-0.0023694998019567694,0.028798863249941044,0.1999984658005633,0.3779698064209853,0.23393343275210768,0.22005158470016714,0.0,0.3041601612750264,0.5041586270755897,0.36755471160510544,0.26997049831401454
c3_w2_tcop_cm1_states_L0.4_kp0_4221_up0_0000_s256,cm1,stageA,0.2,0.4221,0.0,,256,2,0.0,2,False,PRE_PRIMARY_INCOMPLETE_CYCLE,0.38974400000000003,7.283949232745918e-05,0.03732950141707797,0.1999984658005633,0.37847489415688035,0.23406949306592362,0.22005158470016714,0.0,0.3041601612750264,0.5041586270755897,0.37480761889393505,0.27435283959995127
c3_w2_tcop_cm1_states_L0.4_kp0_4221_up0_0000_s256,cm1,stageA,0.2,0.4221,0.0,,256,3,0.0,0,True,,0.388768,0.0037823578158162306,0.04054997850012703,0.1999984658005633,0.3782949931740692,0.23400055079574272,0.22005158470016714,0.0,0.3041601612750264,0.5041586270755897,0.38026015833786614,0.27446703164538794
c3_w2_tcop_cm1_states_L0.4_kp0_4221_up0_0000_s256,cm1,stageA,0.2,0.4221,0.0,,256,4,0.0,1,True,,0.38505599999999995,0.004356654200486042,0.049317415610655495,0.1999984658005633,0.3775605895952098,0.2338231645227662,0.22005158470016714,0.0,0.3041601612750264,0.5041586270755897,0.3848071859193829,0.2728392571092859
c3_w2_tcop_cm1_states_L0.4_kp0_4221_up0_0000_s256,cm1,stageA,0.2,0.4221,0.0,,256,5,0.0,2,True,,0.381552,0.000909278356295255,0.011776012642319316,0.1999984658005633,0.37686068556016195,0.23367094272694425,0.22005158470016714,0.0,0.3041601612750264,0.5041586270755897,0.3778605381314869,0.2777965930836199
c3_w2_tcop_cm1_states_L0.4_kp0_4221_up0_0000_s256,cm1,stageA,0.2,0.4221,0.0,,256,6,0.0,0,True,,0.38513600000000003,-0.0026603295249558283,0.017713414277694028,0.1999984658005633,0.3775639558354405,0.23385031321720914,0.22005158470016714,0.0,0.3041601612750264,0.5041586270755897,0.3646957804783631,0.2720855975150609
c3_w2_tcop_cm1_states_L0.4_kp0_4221_up0_0000_s256,cm1,stageA,0.2,0.4221,0.0,,256,7,0.0,1,True,,0.38817599999999997,0.0012714278666933398,0.03755370092725364,0.1999984658005633,0.37817296428473446,0.2339833104961592,0.22005158470016714,0.0,0.3041601612750264,0.5041586270755897,0.37662030689788234,0.27701854873372755
c3_w2_tcop_cm1_states_L0.4_kp0_4221_up0_0000_s256,cm1,stageA,0.2,0.4221,0.0,,256,8,0.0,2,True,,0.3876,0.00477134082146202,0.023152969829036554,0.1999984658005633,0.378061281121224,0.23394796365427617,0.22005158470016714,0.0,0.3041601612750264,0.5041586270755897,0.38214788422160245,0.27196618258038385
c3_w2_tcop_cm1_states_L0.4_kp0_4221_up0_0000_s256,cm1,stageA,0.2,0.4221,0.0,,256,9,0.0,0,True,,0.387312,-0.00047107392283558174,0.055608045772982014,0.1999984658005633,0.3779923095441355,0.23395761666677214,0.22005158470016714,0.0,0.3041601612750264,0.5041586270755897,0.3725503877031815,0.27169800965514646
c3_w2_tcop_cm1_states_L0.4_kp0_4221_up0_0000_s256,cm1,stageA,0.2,0.4221,0.0,,256,10,0.0,1,True,,0.38540800000000003,0.0028980562237767953,0.027767891370812217,0.1999984658005633,0.3776267299441506,0.23384574185812973,0.22005158470016714,0.0,0.3041601612750264,0.5041586270755897,0.37808183837770115,0.2689995224409371
c3_w2_tcop_cm1_states_L0.4_kp0_4221_up0_0000_s256,cm1,stageA,0.2,0.4221,0.0,,256,11,0.0,2,True,,0.384912,-0.0004551496462282523,0.020311449753234498,0.1999984658005633,0.37752595554820845,0.23383097120773025,0.22005158470016714,0.0,0.3041601612750264,0.5041586270755897,0.37372084829247276,0.27787837922744024
c3_w2_tcop_cm1_states_L0.4_kp0_4221_up0_0000_s256,cm1,stageA,0.2,0.4221,0.0,,256,12,0.0,0,True,,0.38548800000000005,-0.0025117825787516874,0.03792642679073088,0.1999984658005633,0.3776345358586615,0.23386641732824495,0.22005158470016714,0.0,0.3041601612750264,0.5041586270755897,0.3664733116076708,0.27610550146832735
c3_w2_tcop_cm1_states_L0.4_kp0_4221_up0_0000_s256,cm1,stageA,0.2,0.4221,0.0,,256,13,0.0,1,True,,0.38272000000000006,0.006872725761746334,0.045856384239483995,0.1999984658005633,0.3771032494594857,0.23370464538248095,0.22005158470016714,0.0,0.3041601612750264,0.5041586270755897,0.3902000846461809,0.2766694694229201
c3_w2_tcop_cm1_states_L0.4_kp0_4221_up0_0000_s256,cm1,stageA,0.2,0.4221,0.0,,256,14,0.0,2,True,,0.385456,-0.0014421440568769925,0.036018606500031046,0.1999984658005633,0.3776204271828554,0.23387673429678035,0.22005158470016714,0.0,0.3041601612750264,0.5041586270755897,0.36566183032379995,0.2673841925961358
c3_w2_tcop_cm1_states_L0.4_kp0_4221_up0_0000_s256,cm1,stageA,0.2,0.4221,0.0,,256,15,0.0,0,False,BLOCK_15_PARTIAL_CYCLE,0.386032,0.002336767213222612,0.03325505343338478,0.1999984658005633,0.3777512006481049,0.23387566769100354,0.22005158470016714,0.0,0.3041601612750264,0.5041586270755897,0.3738724927543822,0.27440468595834466
c3_w2_tcop_cm1_states_L0.4_kp0_4221_up0_0000_s1024,cm1,stageA,0.2,0.4221,0.0,,1024,0,0.0,0,False,PRE_PRIMARY_INCOMPLETE_CYCLE,0.372752,-0.0008356852558399074,0.03638267871688937,0.1999984658005633,0.37518150130993944,0.2331605215777649,0.22005158470016714,0.0,0.3041601612750264,0.5041586270755897,0.37232932676804625,0.2783528367588352
c3_w2_tcop_cm1_states_L0.4_kp0_4221_up0_0000_s1024,cm1,stageA,0.2,0.4221,0.0,,1024,1,0.0,1,False,PRE_PRIMARY_INCOMPLETE_CYCLE,0.38603199999999993,0.00019187622147516514,0.024730154648681345,0.1999984658005633,0.37774305836644484,0.23389152409198455,0.22005158470016714,0.0,0.3041601612750264,0.5041586270755897,0.37291785860153603,0.27727913151690337
c3_w2_tcop_cm1_states_L0.4_kp0_4221_up0_0000_s1024,cm1,stageA,0.2,0.4221,0.0,,1024,2,0.0,2,False,PRE_PRIMARY_INCOMPLETE_CYCLE,0.38318399999999997,0.0022752392792509285,0.04206431746795851,0.1999984658005633,0.3771791204280881,0.2337537427423715,0.22005158470016714,0.0,0.3041601612750264,0.5041586270755897,0.3781839375948403,0.27336351621332033
c3_w2_tcop_cm1_states_L0.4_kp0_4221_up0_0000_s1024,cm1,stageA,0.2,0.4221,0.0,,1024,3,0.0,0,True,,0.38454399999999994,0.0031767143196599784,0.033180426592862855,0.1999984658005633,0.3774534366266179,0.23381083214099235,0.22005158470016714,0.0,0.3041601612750264,0.5041586270755897,0.38042776837957604,0.27330579896072515
c3_w2_tcop_cm1_states_L0.4_kp0_4221_up0_0000_s1024,cm1,stageA,0.2,0.4221,0.0,,1024,4,0.0,1,True,,0.3863999999999999,0.002791239957201833,0.026561615399131912,0.1999984658005633,0.37782003780097057,0.23389816343491232,0.22005158470016714,0.0,0.3041601612750264,0.5041586270755897,0.3771977667354052,0.26911354670690285
c3_w2_tcop_cm1_states_L0.4_kp0_4221_up0_0000_s1024,cm1,stageA,0.2,0.4221,0.0,,1024,5,0.0,2,True,,0.38641600000000004,0.0005707275920648489,0.02977979337175625,0.1999984658005633,0.3778152091344281,0.23391558001709747,0.22005158470016714,0.0,0.3041601612750264,0.5041586270755897,0.3749404648933233,0.2757061452433879
c3_w2_tcop_cm1_states_L0.4_kp0_4221_up0_0000_s1024,cm1,stageA,0.2,0.4221,0.0,,1024,6,0.0,0,True,,0.39192,-0.0011434674754242113,0.04005882280727713,0.1999984658005633,0.37891247214292734,0.23416028909469544,0.22005158470016714,0.0,0.3041601612750264,0.5041586270755897,0.3705908300898008,0.27124377224708224
c3_w2_tcop_cm1_states_L0.4_kp0_4221_up0_0000_s1024,cm1,stageA,0.2,0.4221,0.0,,1024,7,0.0,1,True,,0.382432,0.0039008812730800895,0.05563565450695033,0.1999984658005633,0.37703267239644195,0.2337165420093567,0.22005158470016714,0.0,0.3041601612750264,0.5041586270755897,0.37929023652796284,0.2722658067937244
c3_w2_tcop_cm1_states_L0.4_kp0_4221_up0_0000_s1024,cm1,stageA,0.2,0.4221,0.0,,1024,8,0.0,2,True,,0.3825279999999999,0.0017757126889324717,0.05147580997765298,0.1999984658005633,0.37706064169941317,0.23370396573590038,0.22005158470016714,0.0,0.3041601612750264,0.5041586270755897,0.3803580719421626,0.2775438434014356
c3_w2_tcop_cm1_states_L0.4_kp0_4221_up0_0000_s1024,cm1,stageA,0.2,0.4221,0.0,,1024,9,0.0,0,True,,0.38729600000000003,-0.0008585622308626871,0.031687024611201486,0.1999984658005633,0.3779943740454422,0.23394608468134317,0.22005158470016714,0.0,0.3041601612750264,0.5041586270755897,0.3721528675838169,0.273377694597745
c3_w2_tcop_cm1_states_L0.4_kp0_4221_up0_0000_s1024,cm1,stageA,0.2,0.4221,0.0,,1024,10,0.0,1,True,,0.38492799999999994,0.0024960093006805473,0.02730284729168766,0.1999984658005633,0.3775290983086829,0.2338311662097881,0.22005158470016714,0.0,0.3041601612750264,0.5041586270755897,0.3760219860431725,0.27269980577569747
c3_w2_tcop_cm1_states_L0.4_kp0_4221_up0_0000_s1024,cm1,stageA,0.2,0.4221,0.0,,1024,11,0.0,2,True,,0.384896,0.0012846848667161066,0.04533249451306085,0.1999984658005633,0.3775224531106168,0.23382672840457608,0.22005158470016714,0.0,0.3041601612750264,0.5041586270755897,0.37688455689937056,0.2743071661442303
c3_w2_tcop_cm1_states_L0.4_kp0_4221_up0_0000_s1024,cm1,stageA,0.2,0.4221,0.0,,1024,12,0.0,0,True,,0.38529599999999997,-0.00011171699222323784,0.012499080871300881,0.1999984658005633,0.3775961288857284,0.23385597054246435,0.22005158470016714,0.0,0.3041601612750264,0.5041586270755897,0.37346626405640243,0.2702336244195735
c3_w2_tcop_cm1_states_L0.4_kp0_4221_up0_0000_s1024,cm1,stageA,0.2,0.4221,0.0,,1024,13,0.0,1,True,,0.38744,0.0016833686356141414,0.01462535698853013,0.1999984658005633,0.37802582346310093,0.23395004904620595,0.22005158470016714,0.0,0.3041601612750264,0.5041586270755897,0.37591613050551814,0.2744025261858509
c3_w2_tcop_cm1_states_L0.4_kp0_4221_up0_0000_s1024,cm1,stageA,0.2,0.4221,0.0,,1024,14,0.0,2,True,,0.38947200000000004,0.0014651471294433666,0.033728425242819625,0.1999984658005633,0.378429125213268,0.23404387429000495,0.22005158470016714,0.0,0.3041601612750264,0.5041586270755897,0.37543552558502374,0.27366932576988134
c3_w2_tcop_cm1_states_L0.4_kp0_4221_up0_0000_s1024,cm1,stageA,0.2,0.4221,0.0,,1024,15,0.0,0,False,BLOCK_15_PARTIAL_CYCLE,0.38534399999999996,0.0018210263100320193,0.02822251839253796,0.1999984658005633,0.37760923361037857,0.23385377904001048,0.22005158470016714,0.0,0.3041601612750264,0.5041586270755897,0.37725612440131884,0.2751429930195444
c3_w2_tcop_cm1_states_L0.4_kp0_4221_up0_0000_s31415,cm1,stageA,0.2,0.4221,0.0,,31415,0,0.0,0,False,PRE_PRIMARY_INCOMPLETE_CYCLE,0.36652799999999996,-0.0015721448181335712,0.04927875000899386,0.1999984658005633,0.37394544518107325,0.23287508549446526,0.22005158470016714,0.0,0.3041601612750264,0.5041586270755897,0.369408876422326,0.2799666572383514
c3_w2_tcop_cm1_states_L0.4_kp0_4221_up0_0000_s31415,cm1,stageA,0.2,0.4221,0.0,,31415,1,0.0,1,False,PRE_PRIMARY_INCOMPLETE_CYCLE,0.384128,0.0020534425811527274,0.037083422349035,0.1999984658005633,0.3773690851796077,0.2337957329533424,0.22005158470016714,0.0,0.3041601612750264,0.5041586270755897,0.3784023889115889,0.2779242833778232
c3_w2_tcop_cm1_states_L0.4_kp0_4221_up0_0000_s31415,cm1,stageA,0.2,0.4221,0.0,,31415,2,0.0,2,False,PRE_PRIMARY_INCOMPLETE_CYCLE,0.387136,0.002513578763252949,0.02651182441707782,0.1999984658005633,0.3779645971378352,0.2339343788508675,0.22005158470016714,0.0,0.3041601612750264,0.5041586270755897,0.3815638790988325,0.27093670942895404
c3_w2_tcop_cm1_states_L0.4_kp0_4221_up0_0000_s31415,cm1,stageA,0.2,0.4221,0.0,,31415,3,0.0,0,True,,0.38510400000000006,0.0002446938386210854,0.034827049625997,0.1999984658005633,0.3775636262531956,0.2338380071320606,0.22005158470016714,0.0,0.3041601612750264,0.5041586270755897,0.37420497536354824,0.2745622297408253
c3_w2_tcop_cm1_states_L0.4_kp0_4221_up0_0000_s31415,cm1,stageA,0.2,0.4221,0.0,,31415,4,0.0,1,True,,0.385792,0.00047297186690939283,0.020799329697135764,0.1999984658005633,0.377700878610788,0.23386933475241947,0.22005158470016714,0.0,0.3041601612750264,0.5041586270755897,0.3692276899812643,0.27090270866672694
c3_w2_tcop_cm1_states_L0.4_kp0_4221_up0_0000_s31415,cm1,stageA,0.2,0.4221,0.0,,31415,5,0.0,2,True,,0.38473599999999997,0.0028986958030561925,0.036755032461899234,0.1999984658005633,0.3775007744767724,0.23380458730223821,0.22005158470016714,0.0,0.3041601612750264,0.5041586270755897,0.3790299619641307,0.27537277942862426
c3_w2_tcop_cm1_states_L0.4_kp0_4221_up0_0000_s31415,cm1,stageA,0.2,0.4221,0.0,,31415,6,0.0,0,True,,0.38452800000000004,0.0012770703122976746,0.024505581170497705,0.1999984658005633,0.3774533071274912,0.23380341430425441,0.22005158470016714,0.0,0.3041601612750264,0.5041586270755897,0.3750171115804588,0.2725333041443529
c3_w2_tcop_cm1_states_L0.4_kp0_4221_up0_0000_s31415,cm1,stageA,0.2,0.4221,0.0,,31415,7,0.0,1,True,,0.385456,-0.001104900124198242,0.026808687348927503,0.1999984658005633,0.3776299053482604,0.23386149229838396,0.22005158470016714,0.0,0.3041601612750264,0.5041586270755897,0.3727338007143862,0.2743087816765337
c3_w2_tcop_cm1_states_L0.4_kp0_4221_up0_0000_s31415,cm1,stageA,0.2,0.4221,0.0,,31415,8,0.0,2,True,,0.384224,0.004606253646782842,0.038683116238128964,0.1999984658005633,0.37739573501806617,0.23378503842379525,0.22005158470016714,0.0,0.3041601612750264,0.5041586270755897,0.3790363346066399,0.27251047847309906
c3_w2_tcop_cm1_states_L0.4_kp0_4221_up0_0000_s31415,cm1,stageA,0.2,0.4221,0.0,,31415,9,0.0,0,True,,0.3828000000000001,0.0002453549143002922,0.02893527719041638,0.1999984658005633,0.3771064596614714,0.23373126191024288,0.22005158470016714,0.0,0.3041601612750264,0.5041586270755897,0.3724449613595106,0.27324907629173045
c3_w2_tcop_cm1_states_L0.4_kp0_4221_up0_0000_s31415,cm1,stageA,0.2,0.4221,0.0,,31415,10,0.0,1,True,,0.38705600000000007,0.0033592887334571763,0.04120990655152581,0.1999984658005633,0.37795247619459427,0.23392338677837052,0.22005158470016714,0.0,0.3041601612750264,0.5041586270755897,0.3820983715914556,0.27241530231868927
c3_w2_tcop_cm1_states_L0.4_kp0_4221_up0_0000_s31415,cm1,stageA,0.2,0.4221,0.0,,31415,11,0.0,2,True,,0.38447999999999993,0.005006054960218438,0.03039306086538385,0.1999984658005633,0.37743908953795813,0.23381202091177256,0.22005158470016714,0.0,0.3041601612750264,0.5041586270755897,0.38390000123929063,0.27819667116750346
c3_w2_tcop_cm1_states_L0.4_kp0_4221_up0_0000_s31415,cm1,stageA,0.2,0.4221,0.0,,31415,12,0.0,0,True,,0.386336,-0.0010579637846136931,0.041913428603301474,0.1999984658005633,0.37780679737431205,0.23389749769114043,0.22005158470016714,0.0,0.3041601612750264,0.5041586270755897,0.3731531824000874,0.27329729680004056
c3_w2_tcop_cm1_states_L0.4_kp0_4221_up0_0000_s31415,cm1,stageA,0.2,0.4221,0.0,,31415,13,0.0,1,True,,0.386704,-0.003027244479366823,0.022440940210582568,0.1999984658005633,0.3778717023176326,0.23393018978123706,0.22005158470016714,0.0,0.3041601612750264,0.5041586270755897,0.36467954788533874,0.270497374001371
c3_w2_tcop_cm1_states_L0.4_kp0_4221_up0_0000_s31415,cm1,stageA,0.2,0.4221,0.0,,31415,14,0.0,2,True,,0.383904,0.0025706448701912532,0.03375333039580477,0.1999984658005633,0.3773308845800408,0.23377536315802291,0.22005158470016714,0.0,0.3041601612750264,0.5041586270755897,0.37329451165290956,0.27360533705152046
c3_w2_tcop_cm1_states_L0.4_kp0_4221_up0_0000_s31415,cm1,stageA,0.2,0.4221,0.0,,31415,15,0.0,0,False,BLOCK_15_PARTIAL_CYCLE,0.39068800000000004,0.00105662040061879,0.02797087675074159,0.1999984658005633,0.37866580894781104,0.23410571048776813,0.22005158470016714,0.0,0.3041601612750264,0.5041586270755897,0.37707539928286365,0.2731364614308161
c3_w2_tcop_cm1_states_L0.4_km0_4221_up0_0000_s42,cm1,stageA,-0.2,-0.4221,0.0,,42,0,0.0,0,False,PRE_PRIMARY_INCOMPLETE_CYCLE,0.399776,0.0018832595108723327,-0.01678181865323975,-0.1999984658005633,0.4209306191256104,0.24234202435428237,0.22767200500965856,0.0,0.3041601612750264,0.5041586270755897,0.38031662639694147,0.2779994438015731
c3_w2_tcop_cm1_states_L0.4_km0_4221_up0_0000_s42,cm1,stageA,-0.2,-0.4221,0.0,,42,1,0.0,1,False,PRE_PRIMARY_INCOMPLETE_CYCLE,0.409984,-0.0015038190254894133,-0.04266233839542248,-0.1999984658005633,0.4187983557018909,0.242153583106054,0.22767200500965856,0.0,0.3041601612750264,0.5041586270755897,0.3686560367611287,0.2693240588101857
c3_w2_tcop_cm1_states_L0.4_km0_4221_up0_0000_s42,cm1,stageA,-0.2,-0.4221,0.0,,42,2,0.0,2,False,PRE_PRIMARY_INCOMPLETE_CYCLE,0.40942400000000007,0.0004866196972108514,-0.028901371423942977,-0.1999984658005633,0.41891904797226714,0.24215506488146982,0.22767200500965856,0.0,0.3041601612750264,0.5041586270755897,0.3758714909460719,0.2767852121924845
c3_w2_tcop_cm1_states_L0.4_km0_4221_up0_0000_s42,cm1,stageA,-0.2,-0.4221,0.0,,42,3,0.0,0,True,,0.41235200000000005,0.0008158932221116041,-0.04301087856557377,-0.1999984658005633,0.4183194111470652,0.2420610695534827,0.22767200500965856,0.0,0.3041601612750264,0.5041586270755897,0.3744380337429516,0.26791638246355026
c3_w2_tcop_cm1_states_L0.4_km0_4221_up0_0000_s42,cm1,stageA,-0.2,-0.4221,0.0,,42,4,0.0,1,True,,0.41108799999999995,0.003971192129379371,-0.02948584996828835,-0.1999984658005633,0.4185799585448687,0.2420937174041751,0.22767200500965856,0.0,0.3041601612750264,0.5041586270755897,0.3826622067159618,0.27866784175573694
c3_w2_tcop_cm1_states_L0.4_km0_4221_up0_0000_s42,cm1,stageA,-0.2,-0.4221,0.0,,42,5,0.0,2,True,,0.41312,0.002687142122526068,-0.03067893297300832,-0.1999984658005633,0.41816113121514153,0.2420363818158068,0.22767200500965856,0.0,0.3041601612750264,0.5041586270755897,0.37636384222220637,0.27326819679685227
c3_w2_tcop_cm1_states_L0.4_km0_4221_up0_0000_s42,cm1,stageA,-0.2,-0.4221,0.0,,42,6,0.0,0,True,,0.4100000000000001,0.0016246840064250323,-0.030247463957068108,-0.1999984658005633,0.4187951997114201,0.24214843875551573,0.22767200500965856,0.0,0.3041601612750264,0.5041586270755897,0.377221660765115,0.27727282302741024
c3_w2_tcop_cm1_states_L0.4_km0_4221_up0_0000_s42,cm1,stageA,-0.2,-0.4221,0.0,,42,7,0.0,1,True,,0.411776,0.0017238969517994957,-0.0326185077457145,-0.1999984658005633,0.41843689929613026,0.2420795839674671,0.22767200500965856,0.0,0.3041601612750264,0.5041586270755897,0.37225631677642973,0.27426652053285755
c3_w2_tcop_cm1_states_L0.4_km0_4221_up0_0000_s42,cm1,stageA,-0.2,-0.4221,0.0,,42,8,0.0,2,True,,0.409056,0.00046325091020262774,-0.014981422535376926,-0.1999984658005633,0.4189908154047066,0.24217430443601673,0.22767200500965856,0.0,0.3041601612750264,0.5041586270755897,0.3740255680876345,0.2733555902618324
c3_w2_tcop_cm1_states_L0.4_km0_4221_up0_0000_s42,cm1,stageA,-0.2,-0.4221,0.0,,42,9,0.0,0,True,,0.4123840000000001,0.0022073774873651113,-0.014659011790900761,-0.1999984658005633,0.4183108848132049,0.24206170014943423,0.22767200500965856,0.0,0.3041601612750264,0.5041586270755897,0.37719366756882877,0.27594724350079997
c3_w2_tcop_cm1_states_L0.4_km0_4221_up0_0000_s42,cm1,stageA,-0.2,-0.4221,0.0,,42,10,0.0,1,True,,0.410288,0.003763030194272422,-0.02493821952861856,-0.1999984658005633,0.4187439805195446,0.24211672358300854,0.22767200500965856,0.0,0.3041601612750264,0.5041586270755897,0.37969507739138086,0.27610860324231423
c3_w2_tcop_cm1_states_L0.4_km0_4221_up0_0000_s42,cm1,stageA,-0.2,-0.4221,0.0,,42,11,0.0,2,True,,0.4084,-0.00018800118005058645,-0.03821491808633167,-0.1999984658005633,0.41912258877132796,0.2421998471151878,0.22767200500965856,0.0,0.3041601612750264,0.5041586270755897,0.3740197940781703,0.27974606272937824
c3_w2_tcop_cm1_states_L0.4_km0_4221_up0_0000_s42,cm1,stageA,-0.2,-0.4221,0.0,,42,12,0.0,0,True,,0.41344000000000003,0.001657836347796965,-0.021627193995071063,-0.1999984658005633,0.4181034413420144,0.2420045742432288,0.22767200500965856,0.0,0.3041601612750264,0.5041586270755897,0.3739019127441632,0.27849205005641603
c3_w2_tcop_cm1_states_L0.4_km0_4221_up0_0000_s42,cm1,stageA,-0.2,-0.4221,0.0,,42,13,0.0,1,True,,0.411088,-0.0036950161187708423,-0.03909777752972817,-0.1999984658005633,0.41857560630477963,0.242110261866979,0.22767200500965856,0.0,0.3041601612750264,0.5041586270755897,0.3643322966919799,0.26904770758997687
c3_w2_tcop_cm1_states_L0.4_km0_4221_up0_0000_s42,cm1,stageA,-0.2,-0.4221,0.0,,42,14,0.0,2,True,,0.409392,-0.0001796097571853564,-0.018225037713401136,-0.1999984658005633,0.41892202776059634,0.2421650632554904,0.22767200500965856,0.0,0.3041601612750264,0.5041586270755897,0.36938087274318443,0.27219268571384736
c3_w2_tcop_cm1_states_L0.4_km0_4221_up0_0000_s42,cm1,stageA,-0.2,-0.4221,0.0,,42,15,0.0,0,False,BLOCK_15_PARTIAL_CYCLE,0.411184,-0.0023095978238230493,-0.01715598657946248,-0.1999984658005633,0.41855149271150727,0.24211207793863468,0.22767200500965856,0.0,0.3041601612750264,0.5041586270755897,0.36740716998412437,0.277707237939571
c3_w2_tcop_cm1_states_L0.4_km0_4221_up0_0000_s137,cm1,stageA,-0.2,-0.4221,0.0,,137,0,0.0,0,False,PRE_PRIMARY_INCOMPLETE_CYCLE,0.403856,0.0020527321869826696,-0.022972769126276552,-0.1999984658005633,0.4201005004946041,0.2421961208685718,0.22767200500965856,0.0,0.3041601612750264,0.5041586270755897,0.3778825512440461,0.2784860522866534
c3_w2_tcop_cm1_states_L0.4_km0_4221_up0_0000_s137,cm1,stageA,-0.2,-0.4221,0.0,,137,1,0.0,1,False,PRE_PRIMARY_INCOMPLETE_CYCLE,0.409328,-0.0013711296215724023,-0.035044726739673404,-0.1999984658005633,0.41893554453554893,0.24216670692024556,0.22767200500965856,0.0,0.3041601612750264,0.5041586270755897,0.370857240340372,0.27049829975448736
c3_w2_tcop_cm1_states_L0.4_km0_4221_up0_0000_s137,cm1,stageA,-0.2,-0.4221,0.0,,137,2,0.0,2,False,PRE_PRIMARY_INCOMPLETE_CYCLE,0.40936,0.0017538914746905445,-0.031576609788281876,-0.1999984658005633,0.41892920972934344,0.2421641241825629,0.22767200500965856,0.0,0.3041601612750264,0.5041586270755897,0.37204271752851836,0.2724183810918682
c3_w2_tcop_cm1_states_L0.4_km0_4221_up0_0000_s137,cm1,stageA,-0.2,-0.4221,0.0,,137,3,0.0,0,True,,0.41187199999999996,0.001966684481511263,-0.030203987526979555,-0.1999984658005633,0.4184139307258318,0.2420832533440496,0.22767200500965856,0.0,0.3041601612750264,0.5041586270755897,0.37777496193736293,0.2727177911248306
c3_w2_tcop_cm1_states_L0.4_km0_4221_up0_0000_s137,cm1,stageA,-0.2,-0.4221,0.0,,137,4,0.0,1,True,,0.410576,0.0038406647666371484,-0.043815169505355175,-0.1999984658005633,0.4186853127575679,0.24211049929310002,0.22767200500965856,0.0,0.3041601612750264,0.5041586270755897,0.38474190749114745,0.27541868208362497
c3_w2_tcop_cm1_states_L0.4_km0_4221_up0_0000_s137,cm1,stageA,-0.2,-0.4221,0.0,,137,5,0.0,2,True,,0.40948799999999996,0.004068341387071165,-0.024304049662217525,-0.1999984658005633,0.4189065262397962,0.2421471106247706,0.22767200500965856,0.0,0.3041601612750264,0.5041586270755897,0.37730815654013905,0.2726301968744674
c3_w2_tcop_cm1_states_L0.4_km0_4221_up0_0000_s137,cm1,stageA,-0.2,-0.4221,0.0,,137,6,0.0,0,True,,0.41089600000000004,0.0026663299319061155,-0.034824711041672445,-0.1999984658005633,0.41861773887803594,0.24210690709083882,0.22767200500965856,0.0,0.3041601612750264,0.5041586270755897,0.3767000788338119,0.2692318306868044
c3_w2_tcop_cm1_states_L0.4_km0_4221_up0_0000_s137,cm1,stageA,-0.2,-0.4221,0.0,,137,7,0.0,1,True,,0.4112159999999999,0.0016593911683920731,-0.029238467156877904,-0.1999984658005633,0.4185492853365669,0.24210081234035438,0.22767200500965856,0.0,0.3041601612750264,0.5041586270755897,0.3775891563736564,0.2777189136883479
c3_w2_tcop_cm1_states_L0.4_km0_4221_up0_0000_s137,cm1,stageA,-0.2,-0.4221,0.0,,137,8,0.0,2,True,,0.410304,0.0002171766159173617,-0.026938355705250615,-0.1999984658005633,0.41873858199249697,0.24212404492994385,0.22767200500965856,0.0,0.3041601612750264,0.5041586270755897,0.3737226824942408,0.27453827633795863
c3_w2_tcop_cm1_states_L0.4_km0_4221_up0_0000_s137,cm1,stageA,-0.2,-0.4221,0.0,,137,9,0.0,0,True,,0.41072,0.004483605152966775,-0.016187594761853656,-0.1999984658005633,0.41865784218845503,0.24210005554868866,0.22767200500965856,0.0,0.3041601612750264,0.5041586270755897,0.38565050876048645,0.2793147066914138
c3_w2_tcop_cm1_states_L0.4_km0_4221_up0_0000_s137,cm1,stageA,-0.2,-0.4221,0.0,,137,10,0.0,1,True,,0.411776,-0.0008907389513302447,-0.020560162184042007,-0.1999984658005633,0.4184289383850691,0.24210125690745404,0.22767200500965856,0.0,0.3041601612750264,0.5041586270755897,0.36779107071665323,0.2680977335107864
c3_w2_tcop_cm1_states_L0.4_km0_4221_up0_0000_s137,cm1,stageA,-0.2,-0.4221,0.0,,137,11,0.0,2,True,,0.410064,0.0006636083014531441,-0.024108091943000225,-0.1999984658005633,0.4187902785850275,0.2421272468202398,0.22767200500965856,0.0,0.3041601612750264,0.5041586270755897,0.37770397621949925,0.2724223458456829
c3_w2_tcop_cm1_states_L0.4_km0_4221_up0_0000_s137,cm1,stageA,-0.2,-0.4221,0.0,,137,12,0.0,0,True,,0.41230399999999995,-0.0008032488731100064,-0.022386625421890752,-0.1999984658005633,0.418324002049183,0.24207301386099617,0.22767200500965856,0.0,0.3041601612750264,0.5041586270755897,0.3676596930187925,0.26981356908112264
c3_w2_tcop_cm1_states_L0.4_km0_4221_up0_0000_s137,cm1,stageA,-0.2,-0.4221,0.0,,137,13,0.0,1,True,,0.40923200000000004,0.0018169843419038917,-0.028151139015354827,-0.1999984658005633,0.418957834905484,0.24216254819466015,0.22767200500965856,0.0,0.3041601612750264,0.5041586270755897,0.3764568019707393,0.2728703607356319
c3_w2_tcop_cm1_states_L0.4_km0_4221_up0_0000_s137,cm1,stageA,-0.2,-0.4221,0.0,,137,14,0.0,2,True,,0.41192,0.0036948019056877723,-0.020640247566194283,-0.1999984658005633,0.41841425060600484,0.24205497085266306,0.22767200500965856,0.0,0.3041601612750264,0.5041586270755897,0.38195337440688343,0.2741438621779791
c3_w2_tcop_cm1_states_L0.4_km0_4221_up0_0000_s137,cm1,stageA,-0.2,-0.4221,0.0,,137,15,0.0,0,False,BLOCK_15_PARTIAL_CYCLE,0.41046399999999994,-0.0011872305999444754,-0.002442194948079646,-0.1999984658005633,0.4187014745566315,0.24213015758682174,0.22767200500965856,0.0,0.3041601612750264,0.5041586270755897,0.3722430916396673,0.27851143847990395
c3_w2_tcop_cm1_states_L0.4_km0_4221_up0_0000_s256,cm1,stageA,-0.2,-0.4221,0.0,,256,0,0.0,0,False,PRE_PRIMARY_INCOMPLETE_CYCLE,0.40096000000000004,0.00426800018838588,-0.01982350966244053,-0.1999984658005633,0.4206959165077555,0.24228116885490839,0.22767200500965856,0.0,0.3041601612750264,0.5041586270755897,0.3848042265304368,0.2818934506930545
c3_w2_tcop_cm1_states_L0.4_km0_4221_up0_0000_s256,cm1,stageA,-0.2,-0.4221,0.0,,256,1,0.0,1,False,PRE_PRIMARY_INCOMPLETE_CYCLE,0.412224,-0.0009578665201721494,-0.02631329053393163,-0.1999984658005633,0.4183466716541473,0.24205893914294999,0.22767200500965856,0.0,0.3041601612750264,0.5041586270755897,0.3678491855673465,0.2725518590877743
c3_w2_tcop_cm1_states_L0.4_km0_4221_up0_0000_s256,cm1,stageA,-0.2,-0.4221,0.0,,256,2,0.0,2,False,PRE_PRIMARY_INCOMPLETE_CYCLE,0.41284800000000005,0.0003384516216749917,-0.027876183472452947,-0.1999984658005633,0.41821362337480394,0.2420521548920368,0.22767200500965856,0.0,0.3041601612750264,0.5041586270755897,0.3751709906261555,0.27705908707534826
c3_w2_tcop_cm1_states_L0.4_km0_4221_up0_0000_s256,cm1,stageA,-0.2,-0.4221,0.0,,256,3,0.0,0,True,,0.413984,0.002182695491223749,-0.023308573934041763,-0.1999984658005633,0.41798939773825977,0.24199418307928203,0.22767200500965856,0.0,0.3041601612750264,0.5041586270755897,0.37913606264531635,0.2766930133251776
c3_w2_tcop_cm1_states_L0.4_km0_4221_up0_0000_s256,cm1,stageA,-0.2,-0.4221,0.0,,256,4,0.0,1,True,,0.4107680000000001,0.0053299174737129855,-0.012354992012035536,-0.1999984658005633,0.4186500861366597,0.24209262624092381,0.22767200500965856,0.0,0.3041601612750264,0.5041586270755897,0.38499936942296414,0.2748630728737269
c3_w2_tcop_cm1_states_L0.4_km0_4221_up0_0000_s256,cm1,stageA,-0.2,-0.4221,0.0,,256,5,0.0,2,True,,0.407808,0.002447439221449317,-0.04173296791884705,-0.1999984658005633,0.4192518916486526,0.2421999401705265,0.22767200500965856,0.0,0.3041601612750264,0.5041586270755897,0.3798525140776052,0.27918943240318117
c3_w2_tcop_cm1_states_L0.4_km0_4221_up0_0000_s256,cm1,stageA,-0.2,-0.4221,0.0,,256,6,0.0,0,True,,0.409856,-0.00468044212115275,-0.03282087245194695,-0.1999984658005633,0.4188220408905537,0.24216246254053625,0.22767200500965856,0.0,0.3041601612750264,0.5041586270755897,0.36006863635812025,0.2715378032873959
c3_w2_tcop_cm1_states_L0.4_km0_4221_up0_0000_s256,cm1,stageA,-0.2,-0.4221,0.0,,256,7,0.0,1,True,,0.412704,0.0005702192176908361,-0.02607764781820332,-0.1999984658005633,0.41824680349670607,0.24204523307298265,0.22767200500965856,0.0,0.3041601612750264,0.5041586270755897,0.37604750514114327,0.27943968603613856
c3_w2_tcop_cm1_states_L0.4_km0_4221_up0_0000_s256,cm1,stageA,-0.2,-0.4221,0.0,,256,8,0.0,2,True,,0.412528,0.004518076019917071,-0.031974307144090816,-0.1999984658005633,0.41828617063212814,0.2420492879391644,0.22767200500965856,0.0,0.3041601612750264,0.5041586270755897,0.38269784772974264,0.2736714707331144
c3_w2_tcop_cm1_states_L0.4_km0_4221_up0_0000_s256,cm1,stageA,-0.2,-0.4221,0.0,,256,9,0.0,0,True,,0.41225599999999996,-0.0011143189142673083,-0.01268174468662778,-0.1999984658005633,0.4183315234117407,0.24208007879046484,0.22767200500965856,0.0,0.3041601612750264,0.5041586270755897,0.3701250983657147,0.2705437085726074
c3_w2_tcop_cm1_states_L0.4_km0_4221_up0_0000_s256,cm1,stageA,-0.2,-0.4221,0.0,,256,10,0.0,1,True,,0.4104479999999999,0.0002523231639317658,-0.02794748197234575,-0.1999984658005633,0.4187097790347385,0.2421206031356615,0.22767200500965856,0.0,0.3041601612750264,0.5041586270755897,0.37298184234804405,0.27162021922761226
c3_w2_tcop_cm1_states_L0.4_km0_4221_up0_0000_s256,cm1,stageA,-0.2,-0.4221,0.0,,256,11,0.0,2,True,,0.410832,-0.0010113188333849695,-0.029540923411660196,-0.1999984658005633,0.418627652919406,0.2421134919284752,0.22767200500965856,0.0,0.3041601612750264,0.5041586270755897,0.3708038955524077,0.274862894834611
c3_w2_tcop_cm1_states_L0.4_km0_4221_up0_0000_s256,cm1,stageA,-0.2,-0.4221,0.0,,256,12,0.0,0,True,,0.41032,-0.0005176884593844914,-0.026838634024067092,-0.1999984658005633,0.4187322354212203,0.24212994672695093,0.22767200500965856,0.0,0.3041601612750264,0.5041586270755897,0.370550918890354,0.27709572650317876
c3_w2_tcop_cm1_states_L0.4_km0_4221_up0_0000_s256,cm1,stageA,-0.2,-0.4221,0.0,,256,13,0.0,1,True,,0.409376,0.007871059911913555,-0.013907023525054936,-0.1999984658005633,0.41893793785488076,0.2421311948800878,0.22767200500965856,0.0,0.3041601612750264,0.5041586270755897,0.39271487294750906,0.27898197259275476
c3_w2_tcop_cm1_states_L0.4_km0_4221_up0_0000_s256,cm1,stageA,-0.2,-0.4221,0.0,,256,14,0.0,2,True,,0.410752,-0.0025827545953436546,-0.014171469725886164,-0.1999984658005633,0.4186341922879698,0.2421461540559463,0.22767200500965856,0.0,0.3041601612750264,0.5041586270755897,0.36336008095027134,0.2666056647992546
c3_w2_tcop_cm1_states_L0.4_km0_4221_up0_0000_s256,cm1,stageA,-0.2,-0.4221,0.0,,256,15,0.0,0,False,BLOCK_15_PARTIAL_CYCLE,0.410368,0.0015721447536908581,-0.022948282474113846,-0.1999984658005633,0.41872351732094154,0.24212512237529096,0.22767200500965856,0.0,0.3041601612750264,0.5041586270755897,0.3738678363072679,0.2753369596317582
c3_w2_tcop_cm1_states_L0.4_km0_4221_up0_0000_s1024,cm1,stageA,-0.2,-0.4221,0.0,,1024,0,0.0,0,False,PRE_PRIMARY_INCOMPLETE_CYCLE,0.402176,-0.001185521908569998,-0.031232014865131726,-0.1999984658005633,0.4204418485210475,0.2422538185995198,0.22767200500965856,0.0,0.3041601612750264,0.5041586270755897,0.37292274643122314,0.2788026385286635
c3_w2_tcop_cm1_states_L0.4_km0_4221_up0_0000_s1024,cm1,stageA,-0.2,-0.4221,0.0,,1024,1,0.0,1,False,PRE_PRIMARY_INCOMPLETE_CYCLE,0.411408,0.0015155408617995335,-0.036453927956307364,-0.1999984658005633,0.41851299200374203,0.2420869559309688,0.22767200500965856,0.0,0.3041601612750264,0.5041586270755897,0.3775018469171873,0.2776205335411339
c3_w2_tcop_cm1_states_L0.4_km0_4221_up0_0000_s1024,cm1,stageA,-0.2,-0.4221,0.0,,1024,2,0.0,2,False,PRE_PRIMARY_INCOMPLETE_CYCLE,0.40886399999999995,0.002520372643158465,-0.017637884204266856,-0.1999984658005633,0.4190335413079468,0.24217287453472408,0.22767200500965856,0.0,0.3041601612750264,0.5041586270755897,0.37934326364564463,0.27282435961009643
c3_w2_tcop_cm1_states_L0.4_km0_4221_up0_0000_s1024,cm1,stageA,-0.2,-0.4221,0.0,,1024,3,0.0,0,True,,0.41064,0.0024528345935349288,-0.027709711408406595,-0.1999984658005633,0.4186676597339093,0.24212113495728388,0.22767200500965856,0.0,0.3041601612750264,0.5041586270755897,0.37959862411926026,0.27273803153557574
c3_w2_tcop_cm1_states_L0.4_km0_4221_up0_0000_s1024,cm1,stageA,-0.2,-0.4221,0.0,,1024,4,0.0,1,True,,0.4128319999999999,0.0019435203051974793,-0.023142200098825755,-0.1999984658005633,0.41822309625040044,0.24203977749733757,0.22767200500965856,0.0,0.3041601612750264,0.5041586270755897,0.3739675384268326,0.2676537241927932
c3_w2_tcop_cm1_states_L0.4_km0_4221_up0_0000_s1024,cm1,stageA,-0.2,-0.4221,0.0,,1024,5,0.0,2,True,,0.412288,0.0004528438700398841,-0.033851190661806925,-0.1999984658005633,0.4183283448043668,0.24207025712567437,0.22767200500965856,0.0,0.3041601612750264,0.5041586270755897,0.3753998787210486,0.2768711515825763
c3_w2_tcop_cm1_states_L0.4_km0_4221_up0_0000_s1024,cm1,stageA,-0.2,-0.4221,0.0,,1024,6,0.0,0,True,,0.4152160000000001,0.00046256964901003546,-0.020635574850139945,-0.1999984658005633,0.4177364253337167,0.24195864586416094,0.22767200500965856,0.0,0.3041601612750264,0.5041586270755897,0.37115258009043695,0.2684430517333165
c3_w2_tcop_cm1_states_L0.4_km0_4221_up0_0000_s1024,cm1,stageA,-0.2,-0.4221,0.0,,1024,7,0.0,1,True,,0.40840000000000004,0.001983425909679858,-0.00957972262748062,-0.1999984658005633,0.41912581417769706,0.24219364611709532,0.22767200500965856,0.0,0.3041601612750264,0.5041586270755897,0.37601884498107047,0.2723748499451117
c3_w2_tcop_cm1_states_L0.4_km0_4221_up0_0000_s1024,cm1,stageA,-0.2,-0.4221,0.0,,1024,8,0.0,2,True,,0.40792,0.0011396249734019505,-0.018528256967511987,-0.1999984658005633,0.4192298728425337,0.24219545812490478,0.22767200500965856,0.0,0.3041601612750264,0.5041586270755897,0.37800840730751006,0.2744410231467036
c3_w2_tcop_cm1_states_L0.4_km0_4221_up0_0000_s1024,cm1,stageA,-0.2,-0.4221,0.0,,1024,9,0.0,0,True,,0.411312,-0.0024144687965514553,-0.02151339477151458,-0.1999984658005633,0.41852885069023665,0.2421020971647432,0.22767200500965856,0.0,0.3041601612750264,0.5041586270755897,0.37001122120904656,0.2746323332877706
c3_w2_tcop_cm1_states_L0.4_km0_4221_up0_0000_s1024,cm1,stageA,-0.2,-0.4221,0.0,,1024,10,0.0,1,True,,0.41035200000000005,0.0018951165033370366,-0.03060061730926118,-0.1999984658005633,0.4187263603922613,0.2421273104710315,0.22767200500965856,0.0,0.3041601612750264,0.5041586270755897,0.37774267601659345,0.27673735645576303
c3_w2_tcop_cm1_states_L0.4_km0_4221_up0_0000_s1024,cm1,stageA,-0.2,-0.4221,0.0,,1024,11,0.0,2,True,,0.410368,0.0013179860759801481,-0.019777006139861983,-0.1999984658005633,0.418727436569217,0.24211829560912976,0.22767200500965856,0.0,0.3041601612750264,0.5041586270755897,0.3793781237097965,0.27493342770899853
c3_w2_tcop_cm1_states_L0.4_km0_4221_up0_0000_s1024,cm1,stageA,-0.2,-0.4221,0.0,,1024,12,0.0,0,True,,0.40958400000000006,0.0009898466254867932,-0.039944318069365915,-0.1999984658005633,0.4188850455147425,0.24214954677930062,0.22767200500965856,0.0,0.3041601612750264,0.5041586270755897,0.3742544130177302,0.27549284924274087
c3_w2_tcop_cm1_states_L0.4_km0_4221_up0_0000_s1024,cm1,stageA,-0.2,-0.4221,0.0,,1024,13,0.0,1,True,,0.41375999999999996,0.00025924950280167033,-0.05529029694536351,-0.1999984658005633,0.41803240107636797,0.2420080126916565,0.22767200500965856,0.0,0.3041601612750264,0.5041586270755897,0.3704375273928825,0.27368391300366146
c3_w2_tcop_cm1_states_L0.4_km0_4221_up0_0000_s1024,cm1,stageA,-0.2,-0.4221,0.0,,1024,14,0.0,2,True,,0.412528,0.0008988678140185027,-0.026272355041876982,-0.1999984658005633,0.4182839893819307,0.24204984727270443,0.22767200500965856,0.0,0.3041601612750264,0.5041586270755897,0.37546025907912345,0.27510024438257336
c3_w2_tcop_cm1_states_L0.4_km0_4221_up0_0000_s1024,cm1,stageA,-0.2,-0.4221,0.0,,1024,15,0.0,0,False,BLOCK_15_PARTIAL_CYCLE,0.411152,0.0021211019498015506,-0.026707555135492653,-0.1999984658005633,0.4185625504015314,0.24210262193091703,0.22767200500965856,0.0,0.3041601612750264,0.5041586270755897,0.37802788229083634,0.27506575234325953
c3_w2_tcop_cm1_states_L0.4_km0_4221_up0_0000_s31415,cm1,stageA,-0.2,-0.4221,0.0,,31415,0,0.0,0,False,PRE_PRIMARY_INCOMPLETE_CYCLE,0.39664,-0.0033371314115214364,-0.006331218270565983,-0.1999984658005633,0.4215664225051304,0.24245767898908063,0.22767200500965856,0.0,0.3041601612750264,0.5041586270755897,0.36525250557671723,0.274902098341263
c3_w2_tcop_cm1_states_L0.4_km0_4221_up0_0000_s31415,cm1,stageA,-0.2,-0.4221,0.0,,31415,1,0.0,1,False,PRE_PRIMARY_INCOMPLETE_CYCLE,0.408752,0.0011451017980096021,-0.019720402167701177,-0.1999984658005633,0.4190513526084693,0.24218830346561582,0.22767200500965856,0.0,0.3041601612750264,0.5041586270755897,0.37635939918225586,0.27390362914876837
c3_w2_tcop_cm1_states_L0.4_km0_4221_up0_0000_s31415,cm1,stageA,-0.2,-0.4221,0.0,,31415,2,0.0,2,False,PRE_PRIMARY_INCOMPLETE_CYCLE,0.41159999999999997,0.001957180352037686,-0.03680675562523382,-0.1999984658005633,0.418471587988251,0.24208975501376234,0.22767200500965856,0.0,0.3041601612750264,0.5041586270755897,0.3797809170446164,0.27525620463178735
c3_w2_tcop_cm1_states_L0.4_km0_4221_up0_0000_s31415,cm1,stageA,-0.2,-0.4221,0.0,,31415,3,0.0,0,True,,0.4098879999999999,-0.001516595349192495,-0.0293057431251668,-0.1999984658005633,0.4188199762197741,0.24215026544637197,0.22767200500965856,0.0,0.3041601612750264,0.5041586270755897,0.3687736791953048,0.27143167421481523
c3_w2_tcop_cm1_states_L0.4_km0_4221_up0_0000_s31415,cm1,stageA,-0.2,-0.4221,0.0,,31415,4,0.0,1,True,,0.411168,0.002166988556080912,-0.04016258545691808,-0.1999984658005633,0.4185664983918066,0.24208444584579203,0.22767200500965856,0.0,0.3041601612750264,0.5041586270755897,0.3755391548878628,0.27193701648882246
c3_w2_tcop_cm1_states_L0.4_km0_4221_up0_0000_s31415,cm1,stageA,-0.2,-0.4221,0.0,,31415,5,0.0,2,True,,0.408736,0.0026844264941962887,-0.025507632684651248,-0.1999984658005633,0.419063284820496,0.24216247800304155,0.22767200500965856,0.0,0.3041601612750264,0.5041586270755897,0.378054272423068,0.2775143936835349
c3_w2_tcop_cm1_states_L0.4_km0_4221_up0_0000_s31415,cm1,stageA,-0.2,-0.4221,0.0,,31415,6,0.0,0,True,,0.41102399999999994,0.003537264790472745,-0.025642454676455942,-0.1999984658005633,0.41859954441247355,0.24207831427226012,0.22767200500965856,0.0,0.3041601612750264,0.5041586270755897,0.38170641859988114,0.2796566977095763
c3_w2_tcop_cm1_states_L0.4_km0_4221_up0_0000_s31415,cm1,stageA,-0.2,-0.4221,0.0,,31415,7,0.0,1,True,,0.410368,-0.0016224175962243374,-0.03871973753884335,-0.1999984658005633,0.4187222792373204,0.2421328283958813,0.22767200500965856,0.0,0.3041601612750264,0.5041586270755897,0.36951428319405105,0.2727392593896921
c3_w2_tcop_cm1_states_L0.4_km0_4221_up0_0000_s31415,cm1,stageA,-0.2,-0.4221,0.0,,31415,8,0.0,2,True,,0.410304,0.004593447347910943,-0.027096594294595638,-0.1999984658005633,0.4187407640602515,0.24211793202782445,0.22767200500965856,0.0,0.3041601612750264,0.5041586270755897,0.3803993862492011,0.27567675050082097
c3_w2_tcop_cm1_states_L0.4_km0_4221_up0_0000_s31415,cm1,stageA,-0.2,-0.4221,0.0,,31415,9,0.0,0,True,,0.40907200000000005,0.0007893930090626572,-0.029895859435708563,-0.1999984658005633,0.4189912924438214,0.24216456995151545,0.22767200500965856,0.0,0.3041601612750264,0.5041586270755897,0.37628467752791955,0.2773581503557826
c3_w2_tcop_cm1_states_L0.4_km0_4221_up0_0000_s31415,cm1,stageA,-0.2,-0.4221,0.0,,31415,10,0.0,1,True,,0.41244800000000004,0.00042107760559917336,-0.023493737200088984,-0.1999984658005633,0.4183015882977784,0.24205388789143903,0.22767200500965856,0.0,0.3041601612750264,0.5041586270755897,0.3769107766465624,0.27656481865545735
c3_w2_tcop_cm1_states_L0.4_km0_4221_up0_0000_s31415,cm1,stageA,-0.2,-0.4221,0.0,,31415,11,0.0,2,True,,0.40897599999999995,0.004154683814524468,-0.02738151163868959,-0.1999984658005633,0.41900640519307975,0.2421764762799403,0.22767200500965856,0.0,0.3041601612750264,0.5041586270755897,0.38169973607746416,0.2793122831202982
c3_w2_tcop_cm1_states_L0.4_km0_4221_up0_0000_s31415,cm1,stageA,-0.2,-0.4221,0.0,,31415,12,0.0,0,True,,0.41049599999999997,-0.001874363180786943,-0.015738222261043298,-0.1999984658005633,0.4186961905288888,0.2421244181516093,0.22767200500965856,0.0,0.3041601612750264,0.5041586270755897,0.37208834103896327,0.27849872892168703
c3_w2_tcop_cm1_states_L0.4_km0_4221_up0_0000_s31415,cm1,stageA,-0.2,-0.4221,0.0,,31415,13,0.0,1,True,,0.411392,-0.0037009076102173604,-0.03724533847846407,-0.1999984658005633,0.41850853663048676,0.24210692779647236,0.22767200500965856,0.0,0.3041601612750264,0.5041586270755897,0.365112962115026,0.27227931894891694
c3_w2_tcop_cm1_states_L0.4_km0_4221_up0_0000_s31415,cm1,stageA,-0.2,-0.4221,0.0,,31415,14,0.0,2,True,,0.40889600000000004,0.0014623696263281055,-0.02851445179706646,-0.1999984658005633,0.4190279442843896,0.24216559237397228,0.22767200500965856,0.0,0.3041601612750264,0.5041586270755897,0.37130329939571693,0.2745338974356738
c3_w2_tcop_cm1_states_L0.4_km0_4221_up0_0000_s31415,cm1,stageA,-0.2,-0.4221,0.0,,31415,15,0.0,0,False,BLOCK_15_PARTIAL_CYCLE,0.414272,-0.0008479225050550974,-0.04157872145029057,-0.1999984658005633,0.4179246868638208,0.24200188361279834,0.22767200500965856,0.0,0.3041601612750264,0.5041586270755897,0.3739361788710104,0.2751987779837335
c3_w2_tcop_cm1_states_L0.4_kp0_7599_up0_0000_s42,cm1,stageA,0.35,0.7599,0.0,,42,0,0.0,0,False,PRE_PRIMARY_INCOMPLETE_CYCLE,0.35446399999999995,0.006555053579299224,0.06371892636393386,0.34999882961319734,0.35069767248476336,0.22392802102099502,0.19883692760900232,0.0,0.23769378430958837,0.5876926139227857,0.38785241929961356,0.27737244668335104
c3_w2_tcop_cm1_states_L0.4_kp0_7599_up0_0000_s42,cm1,stageA,0.35,0.7599,0.0,,42,1,0.0,1,False,PRE_PRIMARY_INCOMPLETE_CYCLE,0.37176000000000003,0.0018401122082618102,0.04601664635439846,0.34999882961319734,0.3564092580295522,0.22586646975791447,0.19883692760900232,0.0,0.23769378430958837,0.5876926139227857,0.3753509507390933,0.26994242882148134
c3_w2_tcop_cm1_states_L0.4_kp0_7599_up0_0000_s42,cm1,stageA,0.35,0.7599,0.0,,42,2,0.0,2,False,PRE_PRIMARY_INCOMPLETE_CYCLE,0.370176,0.007725325711755353,0.06037027104614676,0.34999882961319734,0.3559339902768208,0.2256219024455183,0.19883692760900232,0.0,0.23769378430958837,0.5876926139227857,0.3937278251991628,0.28110626066225136
c3_w2_tcop_cm1_states_L0.4_kp0_7599_up0_0000_s42,cm1,stageA,0.35,0.7599,0.0,,42,3,0.0,0,True,,0.372736,0.005338916117870546,0.04967044566172677,0.34999882961319734,0.35678655763374234,0.2259039862574721,0.19883692760900232,0.0,0.23769378430958837,0.5876926139227857,0.38735492850460845,0.2709734948712608
c3_w2_tcop_cm1_states_L0.4_kp0_7599_up0_0000_s42,cm1,stageA,0.35,0.7599,0.0,,42,4,0.0,1,True,,0.3713600000000001,0.00707468789470828,0.06095660557403485,0.34999882961319734,0.3563187977297798,0.22576966388958297,0.19883692760900232,0.0,0.23769378430958837,0.5876926139227857,0.38881413652017033,0.2787656067302
c3_w2_tcop_cm1_states_L0.4_kp0_7599_up0_0000_s42,cm1,stageA,0.35,0.7599,0.0,,42,5,0.0,2,True,,0.37536,0.004170447999361266,0.05430773987892926,0.34999882961319734,0.35765392185632533,0.22620178816015668,0.19883692760900232,0.0,0.23769378430958837,0.5876926139227857,0.3740324885723435,0.26714702854919636
c3_w2_tcop_cm1_states_L0.4_kp0_7599_up0_0000_s42,cm1,stageA,0.35,0.7599,0.0,,42,6,0.0,0,True,,0.37123199999999995,0.004700939097468776,0.059575297248746995,0.34999882961319734,0.35625998994480507,0.22578247264967327,0.19883692760900232,0.0,0.23769378430958837,0.5876926139227857,0.3833738589815791,0.27836784606825515
c3_w2_tcop_cm1_states_L0.4_kp0_7599_up0_0000_s42,cm1,stageA,0.35,0.7599,0.0,,42,7,0.0,1,True,,0.3702079999999999,0.0042831919239527325,0.0661240139843706,0.34999882961319734,0.35590166591531064,0.22568912381461292,0.19883692760900232,0.0,0.23769378430958837,0.5876926139227857,0.38059340561678634,0.2777686680829791
c3_w2_tcop_cm1_states_L0.4_kp0_7599_up0_0000_s42,cm1,stageA,0.35,0.7599,0.0,,42,8,0.0,2,True,,0.37079999999999996,0.0018243577800850005,0.07027450271792324,0.34999882961319734,0.3560900108358195,0.22576432649566955,0.19883692760900232,0.0,0.23769378430958837,0.5876926139227857,0.3772761977027909,0.27350219074420595
c3_w2_tcop_cm1_states_L0.4_kp0_7599_up0_0000_s42,cm1,stageA,0.35,0.7599,0.0,,42,9,0.0,0,True,,0.373584,0.0049939477503646666,0.08283763538627348,0.34999882961319734,0.35706751998341035,0.22599475110111686,0.19883692760900232,0.0,0.23769378430958837,0.5876926139227857,0.3847780050833165,0.2752167550016242
c3_w2_tcop_cm1_states_L0.4_kp0_7599_up0_0000_s42,cm1,stageA,0.35,0.7599,0.0,,42,10,0.0,1,True,,0.37297600000000003,0.004695443122990791,0.06124273218218029,0.34999882961319734,0.35685123692226256,0.22595766110002546,0.19883692760900232,0.0,0.23769378430958837,0.5876926139227857,0.37799583110241863,0.2704521785768983
c3_w2_tcop_cm1_states_L0.4_kp0_7599_up0_0000_s42,cm1,stageA,0.35,0.7599,0.0,,42,11,0.0,2,True,,0.36977600000000005,0.005640251661591561,0.045036451124904966,0.34999882961319734,0.35575787879510073,0.22564032893349115,0.19883692760900232,0.0,0.23769378430958837,0.5876926139227857,0.3869830693931731,0.279250033998959
c3_w2_tcop_cm1_states_L0.4_kp0_7599_up0_0000_s42,cm1,stageA,0.35,0.7599,0.0,,42,12,0.0,0,True,,0.37595200000000006,0.004671799847782465,0.06834447505079663,0.34999882961319734,0.3579216013612444,0.22617746592225915,0.19883692760900232,0.0,0.23769378430958837,0.5876926139227857,0.38065508656638697,0.27800630383229746
c3_w2_tcop_cm1_states_L0.4_kp0_7599_up0_0000_s42,cm1,stageA,0.35,0.7599,0.0,,42,13,0.0,1,True,,0.372496,-0.0010885003906837309,0.04795934845042439,0.34999882961319734,0.356680451114245,0.22591033977648517,0.19883692760900232,0.0,0.23769378430958837,0.5876926139227857,0.36717969543832624,0.26987779907472365
c3_w2_tcop_cm1_states_L0.4_kp0_7599_up0_0000_s42,cm1,stageA,0.35,0.7599,0.0,,42,14,0.0,2,True,,0.37012800000000007,0.005168754346227921,0.0621085509779257,0.34999882961319734,0.3558880757403435,0.22565130526151037,0.19883692760900232,0.0,0.23769378430958837,0.5876926139227857,0.3832227777921631,0.2771196238535887
c3_w2_tcop_cm1_states_L0.4_kp0_7599_up0_0000_s42,cm1,stageA,0.35,0.7599,0.0,,42,15,0.0,0,False,BLOCK_15_PARTIAL_CYCLE,0.371824,0.0009584603823746544,0.08151202570901868,0.34999882961319734,0.3564537361523388,0.22584818176761343,0.19883692760900232,0.0,0.23769378430958837,0.5876926139227857,0.37516544311030775,0.2754662300059261
c3_w2_tcop_cm1_states_L0.4_kp0_7599_up0_0000_s137,cm1,stageA,0.35,0.7599,0.0,,137,0,0.0,0,False,PRE_PRIMARY_INCOMPLETE_CYCLE,0.35788799999999993,0.006812034311339795,0.06245677846880924,0.34999882961319734,0.3518889301933063,0.22423818676985866,0.19883692760900232,0.0,0.23769378430958837,0.5876926139227857,0.3902587724673154,0.27844141440920805
c3_w2_tcop_cm1_states_L0.4_kp0_7599_up0_0000_s137,cm1,stageA,0.35,0.7599,0.0,,137,1,0.0,1,False,PRE_PRIMARY_INCOMPLETE_CYCLE,0.37243200000000004,0.0017591830383554257,0.04465061261773388,0.34999882961319734,0.3566629600917267,0.22589697322667013,0.19883692760900232,0.0,0.23769378430958837,0.5876926139227857,0.37913242155233495,0.27358813147120886
c3_w2_tcop_cm1_states_L0.4_kp0_7599_up0_0000_s137,cm1,stageA,0.35,0.7599,0.0,,137,2,0.0,2,False,PRE_PRIMARY_INCOMPLETE_CYCLE,0.37143999999999994,0.006235666276797902,0.052967630289846426,0.34999882961319734,0.35632482020017076,0.22579640785610022,0.19883692760900232,0.0,0.23769378430958837,0.5876926139227857,0.3816961157152193,0.26949988745196113
c3_w2_tcop_cm1_states_L0.4_kp0_7599_up0_0000_s137,cm1,stageA,0.35,0.7599,0.0,,137,3,0.0,0,True,,0.373472,0.006297044760887032,0.07059375122971885,0.34999882961319734,0.3570451127753277,0.2259733407072309,0.19883692760900232,0.0,0.23769378430958837,0.5876926139227857,0.3882731696401158,0.27531551265752097
c3_w2_tcop_cm1_states_L0.4_kp0_7599_up0_0000_s137,cm1,stageA,0.35,0.7599,0.0,,137,4,0.0,1,True,,0.36984,0.006601690954833218,0.0455692912977559,0.34999882961319734,0.3557873959458779,0.22563851600962428,0.19883692760900232,0.0,0.23769378430958837,0.5876926139227857,0.39016556886836556,0.27744257236788117
c3_w2_tcop_cm1_states_L0.4_kp0_7599_up0_0000_s137,cm1,stageA,0.35,0.7599,0.0,,137,5,0.0,2,True,,0.37150400000000006,0.007818706323240929,0.06272149085118095,0.34999882961319734,0.3563840404592934,0.22576896097266674,0.19883692760900232,0.0,0.23769378430958837,0.5876926139227857,0.38646507369465943,0.27462865886538895
c3_w2_tcop_cm1_states_L0.4_kp0_7599_up0_0000_s137,cm1,stageA,0.35,0.7599,0.0,,137,6,0.0,0,True,,0.37054399999999993,0.007209114241771239,0.041014901370694856,0.34999882961319734,0.3560253798185613,0.22569190559825225,0.19883692760900232,0.0,0.23769378430958837,0.5876926139227857,0.3889572077774769,0.27236298227271355
c3_w2_tcop_cm1_states_L0.4_kp0_7599_up0_0000_s137,cm1,stageA,0.35,0.7599,0.0,,137,7,0.0,1,True,,0.373872,0.004789659347095616,0.06756951028051056,0.34999882961319734,0.35717649090712045,0.22602268139651355,0.19883692760900232,0.0,0.23769378430958837,0.5876926139227857,0.38600320983334113,0.27776741758494355
c3_w2_tcop_cm1_states_L0.4_kp0_7599_up0_0000_s137,cm1,stageA,0.35,0.7599,0.0,,137,8,0.0,2,True,,0.36888000000000004,0.004824110476838289,0.0652328430022697,0.34999882961319734,0.3554638355729567,0.2255402815045344,0.19883692760900232,0.0,0.23769378430958837,0.5876926139227857,0.3860666557982153,0.2807857014551926
c3_w2_tcop_cm1_states_L0.4_kp0_7599_up0_0000_s137,cm1,stageA,0.35,0.7599,0.0,,137,9,0.0,0,True,,0.370272,0.00893045620254546,0.08126835484788068,0.34999882961319734,0.35597881188011604,0.22561198285710915,0.19883692760900232,0.0,0.23769378430958837,0.5876926139227857,0.3961017947438233,0.28011112221721235
c3_w2_tcop_cm1_states_L0.4_kp0_7599_up0_0000_s137,cm1,stageA,0.35,0.7599,0.0,,137,10,0.0,1,True,,0.37163199999999996,0.0032922773646696835,0.07642098279163365,0.34999882961319734,0.35636914505441525,0.22585172172328344,0.19883692760900232,0.0,0.23769378430958837,0.5876926139227857,0.3799020385216778,0.27145827974633724
c3_w2_tcop_cm1_states_L0.4_kp0_7599_up0_0000_s137,cm1,stageA,0.35,0.7599,0.0,,137,11,0.0,2,True,,0.371216,0.005085140343151563,0.0748847184801849,0.34999882961319734,0.35627948320558667,0.2257367822897918,0.19883692760900232,0.0,0.23769378430958837,0.5876926139227857,0.3857125120678677,0.2747798309565023
c3_w2_tcop_cm1_states_L0.4_kp0_7599_up0_0000_s137,cm1,stageA,0.35,0.7599,0.0,,137,12,0.0,0,True,,0.3730240000000001,0.005443244222983486,0.06561775875967582,0.34999882961319734,0.3568853707296543,0.22593549655186976,0.19883692760900232,0.0,0.23769378430958837,0.5876926139227857,0.38563398763836504,0.27571129293107727
c3_w2_tcop_cm1_states_L0.4_kp0_7599_up0_0000_s137,cm1,stageA,0.35,0.7599,0.0,,137,13,0.0,1,True,,0.369456,0.006944956201929107,0.06970771504989488,0.34999882961319734,0.35566656736486935,0.2255769263073409,0.19883692760900232,0.0,0.23769378430958837,0.5876926139227857,0.3889690828136391,0.27269904726606936
c3_w2_tcop_cm1_states_L0.4_kp0_7599_up0_0000_s137,cm1,stageA,0.35,0.7599,0.0,,137,14,0.0,2,True,,0.37340799999999996,0.007709158054986157,0.06434122944316287,0.34999882961319734,0.35704534809643484,0.22593513273046148,0.19883692760900232,0.0,0.23769378430958837,0.5876926139227857,0.38999490332435405,0.2750131876050629
c3_w2_tcop_cm1_states_L0.4_kp0_7599_up0_0000_s137,cm1,stageA,0.35,0.7599,0.0,,137,15,0.0,0,False,BLOCK_15_PARTIAL_CYCLE,0.37171200000000004,0.00558878952311438,0.09314991625015463,0.34999882961319734,0.3564455031050651,0.22579169620830922,0.19883692760900232,0.0,0.23769378430958837,0.5876926139227857,0.3896776143363097,0.2781773443281869
c3_w2_tcop_cm1_states_L0.4_kp0_7599_up0_0000_s256,cm1,stageA,0.35,0.7599,0.0,,256,0,0.0,0,False,PRE_PRIMARY_INCOMPLETE_CYCLE,0.356192,0.008523649389004377,0.07614653766704704,0.34999882961319734,0.35131293357963533,0.22407123975772014,0.19883692760900232,0.0,0.23769378430958837,0.5876926139227857,0.39497069892101555,0.2803375523632592
c3_w2_tcop_cm1_states_L0.4_kp0_7599_up0_0000_s256,cm1,stageA,0.35,0.7599,0.0,,256,1,0.0,1,False,PRE_PRIMARY_INCOMPLETE_CYCLE,0.373136,0.002558577105540963,0.06139660164782246,0.34999882961319734,0.35693802455614554,0.22592156382402206,0.19883692760900232,0.0,0.23769378430958837,0.5876926139227857,0.378837192358271,0.27262424034419086
c3_w2_tcop_cm1_states_L0.4_kp0_7599_up0_0000_s256,cm1,stageA,0.35,0.7599,0.0,,256,2,0.0,2,False,PRE_PRIMARY_INCOMPLETE_CYCLE,0.37534400000000007,0.0040036119794694455,0.07636118005318285,0.34999882961319734,0.3576630731252768,0.22618242296349603,0.19883692760900232,0.0,0.23769378430958837,0.5876926139227857,0.38431850651747973,0.2757693753150236
c3_w2_tcop_cm1_states_L0.4_kp0_7599_up0_0000_s256,cm1,stageA,0.35,0.7599,0.0,,256,3,0.0,0,True,,0.37452799999999997,0.0068745579699995615,0.07194088928352566,0.34999882961319734,0.35742107074393775,0.22604693445817142,0.19883692760900232,0.0,0.23769378430958837,0.5876926139227857,0.3851124239701204,0.2723197189552222
c3_w2_tcop_cm1_states_L0.4_kp0_7599_up0_0000_s256,cm1,stageA,0.35,0.7599,0.0,,256,4,0.0,1,True,,0.37160000000000004,0.007171087964376999,0.07755872800060429,0.34999882961319734,0.3564119669738234,0.22576175765903242,0.19883692760900232,0.0,0.23769378430958837,0.5876926139227857,0.39261038096903134,0.27271142618130895
c3_w2_tcop_cm1_states_L0.4_kp0_7599_up0_0000_s256,cm1,stageA,0.35,0.7599,0.0,,256,5,0.0,2,True,,0.3675360000000001,0.0031115453521254467,0.040026066460234815,0.34999882961319734,0.3549845163427134,0.22542774809219274,0.19883692760900232,0.0,0.23769378430958837,0.5876926139227857,0.3839228874531613,0.2770525031310935
c3_w2_tcop_cm1_states_L0.4_kp0_7599_up0_0000_s256,cm1,stageA,0.35,0.7599,0.0,,256,6,0.0,0,True,,0.371504,-6.116717856554885e-05,0.041331906761119835,0.34999882961319734,0.3563475680570866,0.22581415060009413,0.19883692760900232,0.0,0.23769378430958837,0.5876926139227857,0.3711866880808823,0.27502712957014663
c3_w2_tcop_cm1_states_L0.4_kp0_7599_up0_0000_s256,cm1,stageA,0.35,0.7599,0.0,,256,7,0.0,1,True,,0.37369600000000003,0.006077635630752814,0.06742354087949935,0.34999882961319734,0.35713946995434015,0.2259762698676825,0.19883692760900232,0.0,0.23769378430958837,0.5876926139227857,0.3866104043155358,0.2789586168534298
c3_w2_tcop_cm1_states_L0.4_kp0_7599_up0_0000_s256,cm1,stageA,0.35,0.7599,0.0,,256,8,0.0,2,True,,0.3724160000000001,0.0085338129571701,0.05302944459452192,0.34999882961319734,0.3566909336965469,0.2258467273196087,0.19883692760900232,0.0,0.23769378430958837,0.5876926139227857,0.39079670333975364,0.27303982385813
c3_w2_tcop_cm1_states_L0.4_kp0_7599_up0_0000_s256,cm1,stageA,0.35,0.7599,0.0,,256,9,0.0,0,True,,0.373104,0.0031024327873263625,0.09830823342353712,0.34999882961319734,0.35690048233679855,0.2259622066144821,0.19883692760900232,0.0,0.23769378430958837,0.5876926139227857,0.3818102168422206,0.27408922524098933
c3_w2_tcop_cm1_states_L0.4_kp0_7599_up0_0000_s256,cm1,stageA,0.35,0.7599,0.0,,256,10,0.0,1,True,,0.370976,0.005382386413943924,0.059183106902048525,0.34999882961319734,0.3561863525047032,0.22572190991027472,0.19883692760900232,0.0,0.23769378430958837,0.5876926139227857,0.38310577569506377,0.2701423637077256
c3_w2_tcop_cm1_states_L0.4_kp0_7599_up0_0000_s256,cm1,stageA,0.35,0.7599,0.0,,256,11,0.0,2,True,,0.37078399999999995,0.00431232422883384,0.049942923755201214,0.34999882961319734,0.35613287212032174,0.22570140542834152,0.19883692760900232,0.0,0.23769378430958837,0.5876926139227857,0.3862174693952714,0.2790339258742763
c3_w2_tcop_cm1_states_L0.4_kp0_7599_up0_0000_s256,cm1,stageA,0.35,0.7599,0.0,,256,12,0.0,0,True,,0.371792,0.0025435267180234766,0.07758480995047032,0.34999882961319734,0.3564458305360769,0.22584298508048675,0.19883692760900232,0.0,0.23769378430958837,0.5876926139227857,0.37805979314389077,0.27532101416774657
c3_w2_tcop_cm1_states_L0.4_kp0_7599_up0_0000_s256,cm1,stageA,0.35,0.7599,0.0,,256,13,0.0,1,True,,0.367328,0.01087447121814492,0.07135132435408183,0.34999882961319734,0.354953145381753,0.22534696098150697,0.19883692760900232,0.0,0.23769378430958837,0.5876926139227857,0.3984575114911442,0.2774458006875132
c3_w2_tcop_cm1_states_L0.4_kp0_7599_up0_0000_s256,cm1,stageA,0.35,0.7599,0.0,,256,14,0.0,2,True,,0.37115200000000004,0.0013434620780989684,0.06244577665810801,0.34999882961319734,0.35619671165723454,0.22581961714425422,0.19883692760900232,0.0,0.23769378430958837,0.5876926139227857,0.3739958580155696,0.2707291930871109
c3_w2_tcop_cm1_states_L0.4_kp0_7599_up0_0000_s256,cm1,stageA,0.35,0.7599,0.0,,256,15,0.0,0,False,BLOCK_15_PARTIAL_CYCLE,0.37337600000000004,0.0050109021178599555,0.04987885817813974,0.34999882961319734,0.35702134532650015,0.22595066972098443,0.19883692760900232,0.0,0.23769378430958837,0.5876926139227857,0.38074619139364957,0.2769045980971468
c3_w2_tcop_cm1_states_L0.4_kp0_7599_up0_0000_s1024,cm1,stageA,0.35,0.7599,0.0,,1024,0,0.0,0,False,PRE_PRIMARY_INCOMPLETE_CYCLE,0.35673600000000005,0.0033258059764003523,0.06891236454005396,0.34999882961319734,0.35149103800238307,0.22414119877379818,0.19883692760900232,0.0,0.23769378430958837,0.5876926139227857,0.38365483800685146,0.2818771287500569
c3_w2_tcop_cm1_states_L0.4_kp0_7599_up0_0000_s1024,cm1,stageA,0.35,0.7599,0.0,,1024,1,0.0,1,False,PRE_PRIMARY_INCOMPLETE_CYCLE,0.371952,0.004048484093305072,0.05405510366063638,0.34999882961319734,0.3565083344225944,0.22586058330117775,0.19883692760900232,0.0,0.23769378430958837,0.5876926139227857,0.3806836771446164,0.27819850114856776
c3_w2_tcop_cm1_states_L0.4_kp0_7599_up0_0000_s1024,cm1,stageA,0.35,0.7599,0.0,,1024,2,0.0,2,False,PRE_PRIMARY_INCOMPLETE_CYCLE,0.3689279999999999,0.004755121820300863,0.06434954928484295,0.34999882961319734,0.35544836137660757,0.22557582700624626,0.19883692760900232,0.0,0.23769378430958837,0.5876926139227857,0.3844436013359875,0.27432913448362756
c3_w2_tcop_cm1_states_L0.4_kp0_7599_up0_0000_s1024,cm1,stageA,0.35,0.7599,0.0,,1024,3,0.0,0,True,,0.37014400000000003,0.0063219658346071175,0.07243653301321104,0.34999882961319734,0.3558976310011261,0.2256571879774925,0.19883692760900232,0.0,0.23769378430958837,0.5876926139227857,0.38909333765147475,0.2765357291340332
c3_w2_tcop_cm1_states_L0.4_kp0_7599_up0_0000_s1024,cm1,stageA,0.35,0.7599,0.0,,1024,4,0.0,1,True,,0.37072000000000005,0.006458745470144384,0.05496459488353039,0.34999882961319734,0.3560879177412958,0.22571529498847398,0.19883692760900232,0.0,0.23769378430958837,0.5876926139227857,0.3851725780050237,0.26950376686217636
c3_w2_tcop_cm1_states_L0.4_kp0_7599_up0_0000_s1024,cm1,stageA,0.35,0.7599,0.0,,1024,5,0.0,2,True,,0.37337599999999993,0.0039660545818954295,0.05984720262448332,0.34999882961319734,0.3569888768191008,0.22600421694764775,0.19883692760900232,0.0,0.23769378430958837,0.5876926139227857,0.38231272294275365,0.27768919837091216
c3_w2_tcop_cm1_states_L0.4_kp0_7599_up0_0000_s1024,cm1,stageA,0.35,0.7599,0.0,,1024,6,0.0,0,True,,0.37739200000000006,0.0029430735058493572,0.06608042051906782,0.34999882961319734,0.35840143590820617,0.2263374298015671,0.19883692760900232,0.0,0.23769378430958837,0.5876926139227857,0.38167314856837287,0.2758021306009279
c3_w2_tcop_cm1_states_L0.4_kp0_7599_up0_0000_s1024,cm1,stageA,0.35,0.7599,0.0,,1024,7,0.0,1,True,,0.36977600000000005,0.006810889497819759,0.08035492993125498,0.34999882961319734,0.3557614821409427,0.22563702947237455,0.19883692760900232,0.0,0.23769378430958837,0.5876926139227857,0.38588575728402413,0.27360540912284914
c3_w2_tcop_cm1_states_L0.4_kp0_7599_up0_0000_s1024,cm1,stageA,0.35,0.7599,0.0,,1024,8,0.0,2,True,,0.3679680000000001,0.006495556829469403,0.088094463774652,0.34999882961319734,0.3551643522215175,0.2254220295651437,0.19883692760900232,0.0,0.23769378430958837,0.5876926139227857,0.39040020558163746,0.2783967259756755
c3_w2_tcop_cm1_states_L0.4_kp0_7599_up0_0000_s1024,cm1,stageA,0.35,0.7599,0.0,,1024,9,0.0,0,True,,0.37316799999999994,0.0029402194551841226,0.06100381014813775,0.34999882961319734,0.3569211186412802,0.2259628511706347,0.19883692760900232,0.0,0.23769378430958837,0.5876926139227857,0.3789387613414912,0.2739473513115557
c3_w2_tcop_cm1_states_L0.4_kp0_7599_up0_0000_s1024,cm1,stageA,0.35,0.7599,0.0,,1024,10,0.0,1,True,,0.37111999999999995,0.006681957333285416,0.06437219001788294,0.34999882961319734,0.3562359727821348,0.22574854732663352,0.19883692760900232,0.0,0.23769378430958837,0.5876926139227857,0.3846617188761013,0.27314524592372025
c3_w2_tcop_cm1_states_L0.4_kp0_7599_up0_0000_s1024,cm1,stageA,0.35,0.7599,0.0,,1024,11,0.0,2,True,,0.370592,0.005251549522882928,0.08300486527427306,0.34999882961319734,0.35604799087207567,0.22569238569993297,0.19883692760900232,0.0,0.23769378430958837,0.5876926139227857,0.38646939715688944,0.27469979453996723
c3_w2_tcop_cm1_states_L0.4_kp0_7599_up0_0000_s1024,cm1,stageA,0.35,0.7599,0.0,,1024,12,0.0,0,True,,0.37155199999999994,0.003665845569688638,0.045495034857118845,0.34999882961319734,0.35635626235380297,0.22582022484532802,0.19883692760900232,0.0,0.23769378430958837,0.5876926139227857,0.38260333709686006,0.2700786009803172
c3_w2_tcop_cm1_states_L0.4_kp0_7599_up0_0000_s1024,cm1,stageA,0.35,0.7599,0.0,,1024,13,0.0,1,True,,0.37374399999999997,0.004558631858287883,0.0486641253643553,0.34999882961319734,0.3571317691488432,0.22601158042947872,0.19883692760900232,0.0,0.23769378430958837,0.5876926139227857,0.38223651267648145,0.2742036710161592
c3_w2_tcop_cm1_states_L0.4_kp0_7599_up0_0000_s1024,cm1,stageA,0.35,0.7599,0.0,,1024,14,0.0,2,True,,0.37630399999999997,0.006144623674572579,0.06409116293526064,0.34999882961319734,0.35803920117850113,0.22621961708767852,0.19883692760900232,0.0,0.23769378430958837,0.5876926139227857,0.3872138608940409,0.27641903982813976
c3_w2_tcop_cm1_states_L0.4_kp0_7599_up0_0000_s1024,cm1,stageA,0.35,0.7599,0.0,,1024,15,0.0,0,False,BLOCK_15_PARTIAL_CYCLE,0.370768,0.005718121047447468,0.06150325219759357,0.34999882961319734,0.35610961245602535,0.2257234163759295,0.19883692760900232,0.0,0.23769378430958837,0.5876926139227857,0.3867599638577609,0.2779920958700171
c3_w2_tcop_cm1_states_L0.4_kp0_7599_up0_0000_s31415,cm1,stageA,0.35,0.7599,0.0,,31415,0,0.0,0,False,PRE_PRIMARY_INCOMPLETE_CYCLE,0.35024,0.0027244230460466826,0.0715582638653593,0.34999882961319734,0.34923059222815966,0.22356605051323608,0.19883692760900232,0.0,0.23769378430958837,0.5876926139227857,0.3783972943154502,0.28375947835605175
c3_w2_tcop_cm1_states_L0.4_kp0_7599_up0_0000_s31415,cm1,stageA,0.35,0.7599,0.0,,31415,1,0.0,1,False,PRE_PRIMARY_INCOMPLETE_CYCLE,0.36971200000000004,0.006136831372504309,0.06463484921099417,0.34999882961319734,0.3557313956441421,0.2256453707354196,0.19883692760900232,0.0,0.23769378430958837,0.5876926139227857,0.3869463271046248,0.277795219656954
c3_w2_tcop_cm1_states_L0.4_kp0_7599_up0_0000_s31415,cm1,stageA,0.35,0.7599,0.0,,31415,2,0.0,2,False,PRE_PRIMARY_INCOMPLETE_CYCLE,0.37343999999999994,0.005190370770990463,0.05655892331019235,0.34999882961319734,0.3570208254756594,0.2259788600483343,0.19883692760900232,0.0,0.23769378430958837,0.5876926139227857,0.38551122611337063,0.2725153000403377
c3_w2_tcop_cm1_states_L0.4_kp0_7599_up0_0000_s31415,cm1,stageA,0.35,0.7599,0.0,,31415,3,0.0,0,True,,0.37062399999999995,0.004750869486432626,0.07019132943968515,0.34999882961319734,0.3560708627672922,0.2256839049819262,0.19883692760900232,0.0,0.23769378430958837,0.5876926139227857,0.38433107514447984,0.2753336102433206
c3_w2_tcop_cm1_states_L0.4_kp0_7599_up0_0000_s31415,cm1,stageA,0.35,0.7599,0.0,,31415,4,0.0,1,True,,0.371504,0.004062019984638124,0.046953263946101324,0.34999882961319734,0.35637707679186387,0.22577092990300385,0.19883692760900232,0.0,0.23769378430958837,0.5876926139227857,0.3778790019350186,0.2722510018490437
c3_w2_tcop_cm1_states_L0.4_kp0_7599_up0_0000_s31415,cm1,stageA,0.35,0.7599,0.0,,31415,5,0.0,2,True,,0.371344,0.007213299765438029,0.07077948115576398,0.34999882961319734,0.3563455805731609,0.22572237903975778,0.19883692760900232,0.0,0.23769378430958837,0.5876926139227857,0.38951782841362037,0.2774436022327507
c3_w2_tcop_cm1_states_L0.4_kp0_7599_up0_0000_s31415,cm1,stageA,0.35,0.7599,0.0,,31415,6,0.0,0,True,,0.370256,0.004544059396401413,0.050117748973848776,0.34999882961319734,0.3559343218726822,0.2256616926504813,0.19883692760900232,0.0,0.23769378430958837,0.5876926139227857,0.38298337508479563,0.27319702713198546
c3_w2_tcop_cm1_states_L0.4_kp0_7599_up0_0000_s31415,cm1,stageA,0.35,0.7599,0.0,,31415,7,0.0,1,True,,0.371712,0.0014404397971962747,0.0588998053375589,0.34999882961319734,0.35641733521320673,0.22583398604752716,0.19883692760900232,0.0,0.23769378430958837,0.5876926139227857,0.3801751455767963,0.2764796535657918
c3_w2_tcop_cm1_states_L0.4_kp0_7599_up0_0000_s31415,cm1,stageA,0.35,0.7599,0.0,,31415,8,0.0,2,True,,0.370272,0.008103823767413665,0.06446810979576845,0.34999882961319734,0.3559550607618915,0.2256402355431894,0.19883692760900232,0.0,0.23769378430958837,0.5876926139227857,0.3882803215785877,0.2740585394806084
c3_w2_tcop_cm1_states_L0.4_kp0_7599_up0_0000_s31415,cm1,stageA,0.35,0.7599,0.0,,31415,9,0.0,0,True,,0.36860800000000005,0.003993901672065425,0.055709563499025214,0.34999882961319734,0.35536020069596486,0.22551789847991285,0.19883692760900232,0.0,0.23769378430958837,0.5876926139227857,0.38121251893835395,0.27312867643408667
c3_w2_tcop_cm1_states_L0.4_kp0_7599_up0_0000_s31415,cm1,stageA,0.35,0.7599,0.0,,31415,10,0.0,1,True,,0.37284799999999996,0.0069137015423090704,0.0692898035881929,0.34999882961319734,0.3568377282548023,0.22588590471697143,0.19883692760900232,0.0,0.23769378430958837,0.5876926139227857,0.38922916449493455,0.2739811622310341
c3_w2_tcop_cm1_states_L0.4_kp0_7599_up0_0000_s31415,cm1,stageA,0.35,0.7599,0.0,,31415,11,0.0,2,True,,0.369024,0.008501953451894705,0.0436165801923472,0.34999882961319734,0.3555030037813114,0.2255653016441123,0.19883692760900232,0.0,0.23769378430958837,0.5876926139227857,0.39069693134106737,0.2782960022228323
c3_w2_tcop_cm1_states_L0.4_kp0_7599_up0_0000_s31415,cm1,stageA,0.35,0.7599,0.0,,31415,12,0.0,0,True,,0.37337599999999993,0.0031094872839612935,0.07268074835653339,0.34999882961319734,0.3570176142409813,0.22595293754589227,0.19883692760900232,0.0,0.23769378430958837,0.5876926139227857,0.3847044576102892,0.27564490048747925
c3_w2_tcop_cm1_states_L0.4_kp0_7599_up0_0000_s31415,cm1,stageA,0.35,0.7599,0.0,,31415,13,0.0,1,True,,0.37315200000000004,0.0011812305606269122,0.05340612217398247,0.34999882961319734,0.35691185950458476,0.22598506101666635,0.19883692760900232,0.0,0.23769378430958837,0.5876926139227857,0.37425366031209495,0.27556837948982954
c3_w2_tcop_cm1_states_L0.4_kp0_7599_up0_0000_s31415,cm1,stageA,0.35,0.7599,0.0,,31415,14,0.0,2,True,,0.370256,0.006013690394781379,0.05841648504791142,0.34999882961319734,0.35595431203072464,0.22565074940984464,0.19883692760900232,0.0,0.23769378430958837,0.5876926139227857,0.38200281783310147,0.2764463879297346
c3_w2_tcop_cm1_states_L0.4_kp0_7599_up0_0000_s31415,cm1,stageA,0.35,0.7599,0.0,,31415,15,0.0,0,False,BLOCK_15_PARTIAL_CYCLE,0.378176,0.004330396795714051,0.06163029377498034,0.34999882961319734,0.3586567333090495,0.2264201450640766,0.19883692760900232,0.0,0.23769378430958837,0.5876926139227857,0.38461956627092936,0.2742683635366821
c3_w2_tcop_cm1_states_L0.4_km0_7599_up0_0000_s42,cm1,stageA,-0.35,-0.7599,0.0,,42,0,0.0,0,False,PRE_PRIMARY_INCOMPLETE_CYCLE,0.4094879999999999,0.00426420791431271,-0.03258314008282069,-0.34999882961319734,0.4347094018760262,0.24107233275065787,0.21508856534242235,0.0,0.23769378430958837,0.5876926139227857,0.3860685773187394,0.27816584031968383
c3_w2_tcop_cm1_states_L0.4_km0_7599_up0_0000_s42,cm1,stageA,-0.35,-0.7599,0.0,,42,1,0.0,1,False,PRE_PRIMARY_INCOMPLETE_CYCLE,0.418112,0.0018020587372933028,-0.05505180824664835,-0.34999882961319734,0.43143144417636164,0.24117646990406214,0.21508856534242235,0.0,0.23769378430958837,0.5876926139227857,0.377205272458512,0.2693557855223192
c3_w2_tcop_cm1_states_L0.4_km0_7599_up0_0000_s42,cm1,stageA,-0.35,-0.7599,0.0,,42,2,0.0,2,False,PRE_PRIMARY_INCOMPLETE_CYCLE,0.417168,0.004168114776854633,-0.04530400388810037,-0.34999882961319734,0.4317895104420108,0.2411772532921894,0.21508856534242235,0.0,0.23769378430958837,0.5876926139227857,0.3849174429953998,0.27979857462425284
c3_w2_tcop_cm1_states_L0.4_km0_7599_up0_0000_s42,cm1,stageA,-0.35,-0.7599,0.0,,42,3,0.0,0,True,,0.419744,0.003367837990611161,-0.05965893924214782,-0.34999882961319734,0.4308392424239245,0.24106524591251266,0.21508856534242235,0.0,0.23769378430958837,0.5876926139227857,0.3816104272010052,0.27070250114941674
c3_w2_tcop_cm1_states_L0.4_km0_7599_up0_0000_s42,cm1,stageA,-0.35,-0.7599,0.0,,42,4,0.0,1,True,,0.418528,0.007707926527328285,-0.04575731554832207,-0.34999882961319734,0.431294602030775,0.24107473045042313,0.21508856534242235,0.0,0.23769378430958837,0.5876926139227857,0.39186254692721134,0.28079040938862765
c3_w2_tcop_cm1_states_L0.4_km0_7599_up0_0000_s42,cm1,stageA,-0.35,-0.7599,0.0,,42,5,0.0,2,True,,0.420304,0.004899996512866339,-0.046408335184579784,-0.34999882961319734,0.4306268501257765,0.24104462826224685,0.21508856534242235,0.0,0.23769378430958837,0.5876926139227857,0.3826409582211505,0.2743795432606623
c3_w2_tcop_cm1_states_L0.4_km0_7599_up0_0000_s42,cm1,stageA,-0.35,-0.7599,0.0,,42,6,0.0,0,True,,0.41824000000000006,0.004004439102987086,-0.043135888309770686,-0.34999882961319734,0.4313799347390548,0.24115664923384425,0.21508856534242235,0.0,0.23769378430958837,0.5876926139227857,0.38276074877240096,0.27805822063408614
c3_w2_tcop_cm1_states_L0.4_km0_7599_up0_0000_s42,cm1,stageA,-0.35,-0.7599,0.0,,42,7,0.0,1,True,,0.419376,0.004675037593696499,-0.05210750334781687,-0.34999882961319734,0.4309699478957677,0.24109073056111513,0.21508856534242235,0.0,0.23769378430958837,0.5876926139227857,0.379982410118203,0.27340948689888234
c3_w2_tcop_cm1_states_L0.4_km0_7599_up0_0000_s42,cm1,stageA,-0.35,-0.7599,0.0,,42,8,0.0,2,True,,0.41679999999999995,0.0031116713144958043,-0.033185536536742964,-0.34999882961319734,0.43190683922055734,0.24123504466087545,0.21508856534242235,0.0,0.23769378430958837,0.5876926139227857,0.38010216314546524,0.2755171791395055
c3_w2_tcop_cm1_states_L0.4_km0_7599_up0_0000_s42,cm1,stageA,-0.35,-0.7599,0.0,,42,9,0.0,0,True,,0.419824,0.005509393378526228,-0.03300048353419965,-0.34999882961319734,0.4308050271485819,0.24105216016059583,0.21508856534242235,0.0,0.23769378430958837,0.5876926139227857,0.38600254198350753,0.27794291733664706
c3_w2_tcop_cm1_states_L0.4_km0_7599_up0_0000_s42,cm1,stageA,-0.35,-0.7599,0.0,,42,10,0.0,1,True,,0.41872,0.007246503898236043,-0.047348813367127415,-0.34999882961319734,0.43122331262030206,0.24105469668460533,0.21508856534242235,0.0,0.23769378430958837,0.5876926139227857,0.3892374007818744,0.27747686733839666
c3_w2_tcop_cm1_states_L0.4_km0_7599_up0_0000_s42,cm1,stageA,-0.35,-0.7599,0.0,,42,11,0.0,2,True,,0.416912,0.003275332817299142,-0.05054540355038091,-0.34999882961319734,0.4318661378975117,0.24121720483227055,0.21508856534242235,0.0,0.23769378430958837,0.5876926139227857,0.38254295787479164,0.28077284829205046
c3_w2_tcop_cm1_states_L0.4_km0_7599_up0_0000_s42,cm1,stageA,-0.35,-0.7599,0.0,,42,12,0.0,0,True,,0.4203199999999999,0.003463053508961892,-0.04047863116324191,-0.34999882961319734,0.43063934077372845,0.2409865309152463,0.21508856534242235,0.0,0.23769378430958837,0.5876926139227857,0.37902920301742676,0.2788917904374583
c3_w2_tcop_cm1_states_L0.4_km0_7599_up0_0000_s42,cm1,stageA,-0.35,-0.7599,0.0,,42,13,0.0,1,True,,0.41796799999999995,-0.0007308995396218521,-0.05871882472798398,-0.34999882961319734,0.43148876633092365,0.24116462377149328,0.21508856534242235,0.0,0.23769378430958837,0.5876926139227857,0.3729036851369266,0.2724858512927899
c3_w2_tcop_cm1_states_L0.4_km0_7599_up0_0000_s42,cm1,stageA,-0.35,-0.7599,0.0,,42,14,0.0,2,True,,0.41702399999999995,0.0030579919162357413,-0.03712560451693328,-0.34999882961319734,0.4318310549788779,0.24121256634273253,0.21508856534242235,0.0,0.23769378430958837,0.5876926139227857,0.3778922868149122,0.27455835521498245
c3_w2_tcop_cm1_states_L0.4_km0_7599_up0_0000_s42,cm1,stageA,-0.35,-0.7599,0.0,,42,15,0.0,0,False,BLOCK_15_PARTIAL_CYCLE,0.419296,0.0014607118995621977,-0.031682582303246304,-0.34999882961319734,0.43098136580857804,0.2411187710663775,0.21508856534242235,0.0,0.23769378430958837,0.5876926139227857,0.3757848426456748,0.27850127612482317
c3_w2_tcop_cm1_states_L0.4_km0_7599_up0_0000_s137,cm1,stageA,-0.35,-0.7599,0.0,,137,0,0.0,0,False,PRE_PRIMARY_INCOMPLETE_CYCLE,0.411776,0.0051685255207489225,-0.04166965814358994,-0.34999882961319734,0.43388226986550105,0.2409142666725239,0.21508856534242235,0.0,0.23769378430958837,0.5876926139227857,0.38427543953732873,0.27935693948497786
c3_w2_tcop_cm1_states_L0.4_km0_7599_up0_0000_s137,cm1,stageA,-0.35,-0.7599,0.0,,137,1,0.0,1,False,PRE_PRIMARY_INCOMPLETE_CYCLE,0.41766400000000004,0.002830145960544336,-0.05192720980791883,-0.34999882961319734,0.43160194767385357,0.24117070332307178,0.21508856534242235,0.0,0.23769378430958837,0.5876926139227857,0.38175438594270583,0.27365603644369735
c3_w2_tcop_cm1_states_L0.4_km0_7599_up0_0000_s137,cm1,stageA,-0.35,-0.7599,0.0,,137,2,0.0,2,False,PRE_PRIMARY_INCOMPLETE_CYCLE,0.417008,0.00425134487208618,-0.053417468122018454,-0.34999882961319734,0.4318410693012445,0.2412042407495877,0.21508856534242235,0.0,0.23769378430958837,0.5876926139227857,0.37915577640487774,0.27398988330067503
c3_w2_tcop_cm1_states_L0.4_km0_7599_up0_0000_s137,cm1,stageA,-0.35,-0.7599,0.0,,137,3,0.0,0,True,,0.41907200000000006,0.005104400875008516,-0.0484690600175244,-0.34999882961319734,0.4310649394117759,0.24113997497400486,0.21508856534242235,0.0,0.23769378430958837,0.5876926139227857,0.38380021156068006,0.2746776080849701
c3_w2_tcop_cm1_states_L0.4_km0_7599_up0_0000_s137,cm1,stageA,-0.35,-0.7599,0.0,,137,4,0.0,1,True,,0.41840000000000005,0.006149074320512394,-0.0553152467298775,-0.34999882961319734,0.4313383160855487,0.2411021283320676,0.21508856534242235,0.0,0.23769378430958837,0.5876926139227857,0.3911812501222514,0.27746528423850086
c3_w2_tcop_cm1_states_L0.4_km0_7599_up0_0000_s137,cm1,stageA,-0.35,-0.7599,0.0,,137,5,0.0,2,True,,0.41776,0.006811969118263725,-0.04097616066386781,-0.34999882961319734,0.4315674815507001,0.24113436094899415,0.21508856534242235,0.0,0.23769378430958837,0.5876926139227857,0.38364659539334683,0.2745970854047069
c3_w2_tcop_cm1_states_L0.4_km0_7599_up0_0000_s137,cm1,stageA,-0.35,-0.7599,0.0,,137,6,0.0,0,True,,0.41820799999999997,0.0037168748830141885,-0.04936736262717724,-0.34999882961319734,0.43139856605156135,0.24115642951868882,0.21508856534242235,0.0,0.23769378430958837,0.5876926139227857,0.3788630466421757,0.26925562164606454
c3_w2_tcop_cm1_states_L0.4_km0_7599_up0_0000_s137,cm1,stageA,-0.35,-0.7599,0.0,,137,7,0.0,1,True,,0.41825599999999996,0.004033342960934194,-0.043519072160639216,-0.34999882961319734,0.4313748195904826,0.24114882105211885,0.21508856534242235,0.0,0.23769378430958837,0.5876926139227857,0.3828442405215677,0.2781572720986849
c3_w2_tcop_cm1_states_L0.4_km0_7599_up0_0000_s137,cm1,stageA,-0.35,-0.7599,0.0,,137,8,0.0,2,True,,0.417952,0.002807581294739263,-0.04600180999364665,-0.34999882961319734,0.431492919889895,0.24113991136315766,0.21508856534242235,0.0,0.23769378430958837,0.5876926139227857,0.3803437262473776,0.27635639779616317
c3_w2_tcop_cm1_states_L0.4_km0_7599_up0_0000_s137,cm1,stageA,-0.35,-0.7599,0.0,,137,9,0.0,0,True,,0.41859199999999996,0.0073395748303728085,-0.029187653584450253,-0.34999882961319734,0.43127266851112833,0.24106886619456483,0.21508856534242235,0.0,0.23769378430958837,0.5876926139227857,0.392294818869272,0.28093251131470626
c3_w2_tcop_cm1_states_L0.4_km0_7599_up0_0000_s137,cm1,stageA,-0.35,-0.7599,0.0,,137,10,0.0,1,True,,0.419136,0.0020183277844500465,-0.037178361532565214,-0.34999882961319734,0.4310394027858418,0.2411626674316945,0.21508856534242235,0.0,0.23769378430958837,0.5876926139227857,0.3737944394995985,0.268844071952061
c3_w2_tcop_cm1_states_L0.4_km0_7599_up0_0000_s137,cm1,stageA,-0.35,-0.7599,0.0,,137,11,0.0,2,True,,0.418384,0.005577400420851412,-0.040973308208268285,-0.34999882961319734,0.4313443765192849,0.24109998264725707,0.21508856534242235,0.0,0.23769378430958837,0.5876926139227857,0.3886156040846952,0.2751945907250958
c3_w2_tcop_cm1_states_L0.4_km0_7599_up0_0000_s137,cm1,stageA,-0.35,-0.7599,0.0,,137,12,0.0,0,True,,0.419296,0.0015586895375198691,-0.045013465517021324,-0.34999882961319734,0.430985642275956,0.2411212162376862,0.21508856534242235,0.0,0.23769378430958837,0.5876926139227857,0.37442225614647656,0.27203029698847986
c3_w2_tcop_cm1_states_L0.4_km0_7599_up0_0000_s137,cm1,stageA,-0.35,-0.7599,0.0,,137,13,0.0,1,True,,0.41678400000000004,0.00461034765040509,-0.04388249724158594,-0.34999882961319734,0.4319269655916156,0.24120446722739491,0.21508856534242235,0.0,0.23769378430958837,0.5876926139227857,0.38345054942160645,0.2761683918148523
c3_w2_tcop_cm1_states_L0.4_km0_7599_up0_0000_s137,cm1,stageA,-0.35,-0.7599,0.0,,137,14,0.0,2,True,,0.419312,0.005185702021669545,-0.03873073024524082,-0.34999882961319734,0.431011993018048,0.24102654390114914,0.21508856534242235,0.0,0.23769378430958837,0.5876926139227857,0.3861496347053741,0.274826514826234
c3_w2_tcop_cm1_states_L0.4_km0_7599_up0_0000_s137,cm1,stageA,-0.35,-0.7599,0.0,,137,15,0.0,0,False,BLOCK_15_PARTIAL_CYCLE,0.41776,0.0011977395277886589,-0.02040890348751846,-0.34999882961319734,0.4315555944035684,0.24117636328764622,0.21508856534242235,0.0,0.23769378430958837,0.5876926139227857,0.3778049669441222,0.28081301212755266
c3_w2_tcop_cm1_states_L0.4_km0_7599_up0_0000_s256,cm1,stageA,-0.35,-0.7599,0.0,,256,0,0.0,0,False,PRE_PRIMARY_INCOMPLETE_CYCLE,0.4104320000000001,0.007587096906162865,-0.04047950144629207,-0.34999882961319734,0.43439082963007314,0.24092352963019767,0.21508856534242235,0.0,0.23769378430958837,0.5876926139227857,0.3915467587676764,0.28301873069951067
c3_w2_tcop_cm1_states_L0.4_km0_7599_up0_0000_s256,cm1,stageA,-0.35,-0.7599,0.0,,256,1,0.0,1,False,PRE_PRIMARY_INCOMPLETE_CYCLE,0.419232,0.001596161487222188,-0.041264473617615524,-0.34999882961319734,0.4310261567250006,0.24107784660710901,0.21508856534242235,0.0,0.23769378430958837,0.5876926139227857,0.3761762915705756,0.2731904737089922
c3_w2_tcop_cm1_states_L0.4_km0_7599_up0_0000_s256,cm1,stageA,-0.35,-0.7599,0.0,,256,2,0.0,2,False,PRE_PRIMARY_INCOMPLETE_CYCLE,0.420416,0.002671056559643598,-0.04536935180017683,-0.34999882961319734,0.43058239278140314,0.24105195532841486,0.21508856534242235,0.0,0.23769378430958837,0.5876926139227857,0.38194170367117136,0.2771931819214665
c3_w2_tcop_cm1_states_L0.4_km0_7599_up0_0000_s256,cm1,stageA,-0.35,-0.7599,0.0,,256,3,0.0,0,True,,0.420672,0.005456670865760191,-0.040086446513082116,-0.34999882961319734,0.4305003816531593,0.24098989370268967,0.21508856534242235,0.0,0.23769378430958837,0.5876926139227857,0.38586027058377625,0.2777763149254852
c3_w2_tcop_cm1_states_L0.4_km0_7599_up0_0000_s256,cm1,stageA,-0.35,-0.7599,0.0,,256,4,0.0,1,True,,0.418256,0.006781287944302531,-0.03487695943221013,-0.34999882961319734,0.43140095884063967,0.2410745188694153,0.21508856534242235,0.0,0.23769378430958837,0.5876926139227857,0.3878343788657758,0.27485824626461347
c3_w2_tcop_cm1_states_L0.4_km0_7599_up0_0000_s256,cm1,stageA,-0.35,-0.7599,0.0,,256,5,0.0,2,True,,0.41505600000000004,0.005651827343569306,-0.056324708124178904,-0.34999882961319734,0.43256741965417667,0.24125175255901576,0.21508856534242235,0.0,0.23769378430958837,0.5876926139227857,0.3878285039164579,0.2808196472868761
c3_w2_tcop_cm1_states_L0.4_km0_7599_up0_0000_s256,cm1,stageA,-0.35,-0.7599,0.0,,256,6,0.0,0,True,,0.417104,-0.0015103340435715748,-0.050233789262429995,-0.34999882961319734,0.43178741153664024,0.24124610449455347,0.21508856534242235,0.0,0.23769378430958837,0.5876926139227857,0.3680626838701347,0.2759824768293938
c3_w2_tcop_cm1_states_L0.4_km0_7599_up0_0000_s256,cm1,stageA,-0.35,-0.7599,0.0,,256,7,0.0,1,True,,0.420416,0.0045368819516471,-0.04083461015696571,-0.34999882961319734,0.4305928401938182,0.24099730716350948,0.21508856534242235,0.0,0.23769378430958837,0.5876926139227857,0.3857205231306615,0.2804845959489822
c3_w2_tcop_cm1_states_L0.4_km0_7599_up0_0000_s256,cm1,stageA,-0.35,-0.7599,0.0,,256,8,0.0,2,True,,0.42031999999999997,0.007663795759983957,-0.04115664720315818,-0.34999882961319734,0.43063786277590926,0.24100997212263628,0.21508856534242235,0.0,0.23769378430958837,0.5876926139227857,0.3897183674397136,0.2767066098452556
c3_w2_tcop_cm1_states_L0.4_km0_7599_up0_0000_s256,cm1,stageA,-0.35,-0.7599,0.0,,256,9,0.0,0,True,,0.419888,0.0013652075436139,-0.03280582388060543,-0.34999882961319734,0.4307696490367984,0.24109524545083494,0.21508856534242235,0.0,0.23769378430958837,0.5876926139227857,0.3771441309677197,0.2709389202207803
c3_w2_tcop_cm1_states_L0.4_km0_7599_up0_0000_s256,cm1,stageA,-0.35,-0.7599,0.0,,256,10,0.0,1,True,,0.417984,0.002108731997719339,-0.04394806169719174,-0.34999882961319734,0.43148339438059136,0.2411537705198403,0.21508856534242235,0.0,0.23769378430958837,0.5876926139227857,0.378372573082983,0.273059667851026
c3_w2_tcop_cm1_states_L0.4_km0_7599_up0_0000_s256,cm1,stageA,-0.35,-0.7599,0.0,,256,11,0.0,2,True,,0.4185439999999999,0.0032414413958623185,-0.043432613324421145,-0.34999882961319734,0.4312781192860928,0.24111158888159076,0.21508856534242235,0.0,0.23769378430958837,0.5876926139227857,0.3799838939062961,0.2752062610556537
c3_w2_tcop_cm1_states_L0.4_km0_7599_up0_0000_s256,cm1,stageA,-0.35,-0.7599,0.0,,256,12,0.0,0,True,,0.41761599999999993,0.003386427753166748,-0.0453457972473632,-0.34999882961319734,0.43161351779310664,0.24115999298769142,0.21508856534242235,0.0,0.23769378430958837,0.5876926139227857,0.3804449556097814,0.2781469947040834
c3_w2_tcop_cm1_states_L0.4_km0_7599_up0_0000_s256,cm1,stageA,-0.35,-0.7599,0.0,,256,13,0.0,1,True,,0.417104,0.010831957434139306,-0.04056703742648302,-0.34999882961319734,0.43183757956418456,0.24109738972173797,0.21508856534242235,0.0,0.23769378430958837,0.5876926139227857,0.4001054447246966,0.28226214406267236
c3_w2_tcop_cm1_states_L0.4_km0_7599_up0_0000_s256,cm1,stageA,-0.35,-0.7599,0.0,,256,14,0.0,2,True,,0.41907200000000006,0.0014276013629164047,-0.028886743720199656,-0.34999882961319734,0.4310577343753538,0.24118039030808316,0.21508856534242235,0.0,0.23769378430958837,0.5876926139227857,0.37003180613394987,0.26746988013419365
c3_w2_tcop_cm1_states_L0.4_km0_7599_up0_0000_s256,cm1,stageA,-0.35,-0.7599,0.0,,256,15,0.0,0,False,BLOCK_15_PARTIAL_CYCLE,0.418144,0.0046045042588536466,-0.043966165558384854,-0.34999882961319734,0.43142351955127867,0.24112353332361502,0.21508856534242235,0.0,0.23769378430958837,0.5876926139227857,0.3825251419033763,0.2764281655417131
c3_w2_tcop_cm1_states_L0.4_km0_7599_up0_0000_s1024,cm1,stageA,-0.35,-0.7599,0.0,,1024,0,0.0,0,False,PRE_PRIMARY_INCOMPLETE_CYCLE,0.41124799999999995,0.0015644256029031473,-0.052577126816864495,-0.34999882961319734,0.43406597740466196,0.24095497652281708,0.21508856534242235,0.0,0.23769378430958837,0.5876926139227857,0.37958482472571375,0.27940745811382134
c3_w2_tcop_cm1_states_L0.4_km0_7599_up0_0000_s1024,cm1,stageA,-0.35,-0.7599,0.0,,1024,1,0.0,1,False,PRE_PRIMARY_INCOMPLETE_CYCLE,0.41924800000000007,0.004729895063696012,-0.057329875900517545,-0.34999882961319734,0.43102364832464524,0.24106499077715643,0.21508856534242235,0.0,0.23769378430958837,0.5876926139227857,0.3838031655163632,0.27825381335543664
c3_w2_tcop_cm1_states_L0.4_km0_7599_up0_0000_s1024,cm1,stageA,-0.35,-0.7599,0.0,,1024,2,0.0,2,False,PRE_PRIMARY_INCOMPLETE_CYCLE,0.416816,0.005378538804059449,-0.04004245249503923,-0.34999882961319734,0.43191834681818775,0.24119071645609733,0.21508856534242235,0.0,0.23769378430958837,0.5876926139227857,0.3859190273221687,0.2746212596107514
c3_w2_tcop_cm1_states_L0.4_km0_7599_up0_0000_s1024,cm1,stageA,-0.35,-0.7599,0.0,,1024,3,0.0,0,True,,0.418384,0.005552738021754281,-0.0385541595175916,-0.34999882961319734,0.43133943648993767,0.24112130113870336,0.21508856534242235,0.0,0.23769378430958837,0.5876926139227857,0.3872432291835301,0.2749508957593097
c3_w2_tcop_cm1_states_L0.4_km0_7599_up0_0000_s1024,cm1,stageA,-0.35,-0.7599,0.0,,1024,4,0.0,1,True,,0.41988800000000004,0.005530969724787107,-0.03845893120557584,-0.34999882961319734,0.43079543602992615,0.2410301910338669,0.21508856534242235,0.0,0.23769378430958837,0.5876926139227857,0.3824006705616359,0.2694795717270274
c3_w2_tcop_cm1_states_L0.4_km0_7599_up0_0000_s1024,cm1,stageA,-0.35,-0.7599,0.0,,1024,5,0.0,2,True,,0.419536,0.004245889543257018,-0.04922756470243938,-0.34999882961319734,0.43090489974926516,0.24109012950863237,0.21508856534242235,0.0,0.23769378430958837,0.5876926139227857,0.38209691729023243,0.2756242421032885
c3_w2_tcop_cm1_states_L0.4_km0_7599_up0_0000_s1024,cm1,stageA,-0.35,-0.7599,0.0,,1024,6,0.0,0,True,,0.422384,0.0021603512520378524,-0.04052201652293948,-0.34999882961319734,0.42987321776522175,0.24092425688004823,0.21508856534242235,0.0,0.23769378430958837,0.5876926139227857,0.3758631485551867,0.2697919968651678
c3_w2_tcop_cm1_states_L0.4_km0_7599_up0_0000_s1024,cm1,stageA,-0.35,-0.7599,0.0,,1024,7,0.0,1,True,,0.416224,0.004443624961848538,-0.03387446315025554,-0.34999882961319734,0.4321205161597079,0.24125624957982125,0.21508856534242235,0.0,0.23769378430958837,0.5876926139227857,0.37993265192612696,0.2727349980905835
c3_w2_tcop_cm1_states_L0.4_km0_7599_up0_0000_s1024,cm1,stageA,-0.35,-0.7599,0.0,,1024,8,0.0,2,True,,0.415184,0.003775260474184506,-0.034749428554464695,-0.34999882961319734,0.43251971949232776,0.24125951305616206,0.21508856534242235,0.0,0.23769378430958837,0.5876926139227857,0.3839723282345512,0.2756755130286399
c3_w2_tcop_cm1_states_L0.4_km0_7599_up0_0000_s1024,cm1,stageA,-0.35,-0.7599,0.0,,1024,9,0.0,0,True,,0.418256,0.0008228599912322731,-0.044699694290111794,-0.34999882961319734,0.43137567639370167,0.2411587415685382,0.21508856534242235,0.0,0.23769378430958837,0.5876926139227857,0.37793443680913996,0.2774245433352009
c3_w2_tcop_cm1_states_L0.4_km0_7599_up0_0000_s1024,cm1,stageA,-0.35,-0.7599,0.0,,1024,10,0.0,1,True,,0.419008,0.005763471455080212,-0.045703486439324086,-0.34999882961319734,0.43110390994090336,0.24109405529408098,0.21508856534242235,0.0,0.23769378430958837,0.5876926139227857,0.3881356633508431,0.2775213992151959
c3_w2_tcop_cm1_states_L0.4_km0_7599_up0_0000_s1024,cm1,stageA,-0.35,-0.7599,0.0,,1024,11,0.0,2,True,,0.418336,0.005141019328317714,-0.03938105050754378,-0.34999882961319734,0.4313642319039117,0.24110372506071875,0.21508856534242235,0.0,0.23769378430958837,0.5876926139227857,0.3862426556982023,0.2760026538827784
c3_w2_tcop_cm1_states_L0.4_km0_7599_up0_0000_s1024,cm1,stageA,-0.35,-0.7599,0.0,,1024,12,0.0,0,True,,0.417952,0.004393907505377898,-0.058365849124097,-0.34999882961319734,0.4314928465991029,0.24115225893452896,0.21508856534242235,0.0,0.23769378430958837,0.5876926139227857,0.3820176482411924,0.27454826627797185
c3_w2_tcop_cm1_states_L0.4_km0_7599_up0_0000_s1024,cm1,stageA,-0.35,-0.7599,0.0,,1024,13,0.0,1,True,,0.421424,0.003457165104820057,-0.07033235197503074,-0.34999882961319734,0.43022711008706394,0.24095206065424565,0.21508856534242235,0.0,0.23769378430958837,0.5876926139227857,0.37710728970275104,0.27408126610420575
c3_w2_tcop_cm1_states_L0.4_km0_7599_up0_0000_s1024,cm1,stageA,-0.35,-0.7599,0.0,,1024,14,0.0,2,True,,0.419984,0.0035276787399030254,-0.03872521761749452,-0.34999882961319734,0.43074671762294486,0.24104020520339783,0.21508856534242235,0.0,0.23769378430958837,0.5876926139227857,0.38232248925707685,0.27791896746567546
c3_w2_tcop_cm1_states_L0.4_km0_7599_up0_0000_s1024,cm1,stageA,-0.35,-0.7599,0.0,,1024,15,0.0,0,False,BLOCK_15_PARTIAL_CYCLE,0.4185439999999999,0.005345082926003247,-0.04064696608866257,-0.34999882961319734,0.4312651889862283,0.24114104190559912,0.21508856534242235,0.0,0.23769378430958837,0.5876926139227857,0.3835918890784481,0.2766088540113855
c3_w2_tcop_cm1_states_L0.4_km0_7599_up0_0000_s31415,cm1,stageA,-0.35,-0.7599,0.0,,31415,0,0.0,0,False,PRE_PRIMARY_INCOMPLETE_CYCLE,0.406064,-8.14718660053572e-05,-0.027759710928637448,-0.34999882961319734,0.4359595419298931,0.24124111094551162,0.21508856534242235,0.0,0.23769378430958837,0.5876926139227857,0.3737706159517624,0.27772679001158873
c3_w2_tcop_cm1_states_L0.4_km0_7599_up0_0000_s31415,cm1,stageA,-0.35,-0.7599,0.0,,31415,1,0.0,1,False,PRE_PRIMARY_INCOMPLETE_CYCLE,0.41668800000000006,0.003862338306554871,-0.03488695410364127,-0.34999882961319734,0.4319483916502274,0.24124368245451355,0.21508856534242235,0.0,0.23769378430958837,0.5876926139227857,0.3821486277118201,0.2742594987863004
c3_w2_tcop_cm1_states_L0.4_km0_7599_up0_0000_s31415,cm1,stageA,-0.35,-0.7599,0.0,,31415,2,0.0,2,False,PRE_PRIMARY_INCOMPLETE_CYCLE,0.41912,0.00596406289109305,-0.04878227893045596,-0.34999882961319734,0.43106719403046534,0.24109957805353466,0.21508856534242235,0.0,0.23769378430958837,0.5876926139227857,0.3904520777867795,0.27835939052462516
c3_w2_tcop_cm1_states_L0.4_km0_7599_up0_0000_s31415,cm1,stageA,-0.35,-0.7599,0.0,,31415,3,0.0,0,True,,0.41776,-0.0001646893940771383,-0.04410101250349164,-0.34999882961319734,0.43155827118589846,0.24118619698984028,0.21508856534242235,0.0,0.23769378430958837,0.5876926139227857,0.37334598132339686,0.27285017123941047
c3_w2_tcop_cm1_states_L0.4_km0_7599_up0_0000_s31415,cm1,stageA,-0.35,-0.7599,0.0,,31415,4,0.0,1,True,,0.41855999999999993,0.005188077279035457,-0.0573031959048146,-0.34999882961319734,0.4312892705569438,0.24105698023645758,0.21508856534242235,0.0,0.23769378430958837,0.5876926139227857,0.3849390107085455,0.2761099545495056
c3_w2_tcop_cm1_states_L0.4_km0_7599_up0_0000_s31415,cm1,stageA,-0.35,-0.7599,0.0,,31415,5,0.0,2,True,,0.41607999999999995,0.004118070236261181,-0.04256187729971873,-0.34999882961319734,0.4321810302104275,0.24121236200973636,0.21508856534242235,0.0,0.23769378430958837,0.5876926139227857,0.38078997337706433,0.2778025101267745
c3_w2_tcop_cm1_states_L0.4_km0_7599_up0_0000_s31415,cm1,stageA,-0.35,-0.7599,0.0,,31415,6,0.0,0,True,,0.418416,0.006530239735697287,-0.04113807678851,-0.34999882961319734,0.43134863077090047,0.2410411638600189,0.21508856534242235,0.0,0.23769378430958837,0.5876926139227857,0.38888048106620365,0.27991936500172016
c3_w2_tcop_cm1_states_L0.4_km0_7599_up0_0000_s31415,cm1,stageA,-0.35,-0.7599,0.0,,31415,7,0.0,1,True,,0.41767999999999994,0.001463046366306586,-0.05769818388660221,-0.34999882961319734,0.4315886606136447,0.2411833285266323,0.21508856534242235,0.0,0.23769378430958837,0.5876926139227857,0.37674090406563465,0.27530749078224764
c3_w2_tcop_cm1_states_L0.4_km0_7599_up0_0000_s31415,cm1,stageA,-0.35,-0.7599,0.0,,31415,8,0.0,2,True,,0.41792,0.007953362024958237,-0.04437077134956115,-0.34999882961319734,0.43151460983157075,0.2411120134648116,0.21508856534242235,0.0,0.23769378430958837,0.5876926139227857,0.3888725218421486,0.278162214395091
c3_w2_tcop_cm1_states_L0.4_km0_7599_up0_0000_s31415,cm1,stageA,-0.35,-0.7599,0.0,,31415,9,0.0,0,True,,0.416352,0.003716429434524437,-0.044984917140776376,-0.34999882961319734,0.4320878510864277,0.24121756979286268,0.21508856534242235,0.0,0.23769378430958837,0.5876926139227857,0.3840582066729986,0.2767161017901807
c3_w2_tcop_cm1_states_L0.4_km0_7599_up0_0000_s31415,cm1,stageA,-0.35,-0.7599,0.0,,31415,10,0.0,1,True,,0.41982400000000003,0.0033866391674303403,-0.0420293593740915,-0.34999882961319734,0.4308180158707505,0.24104375897091374,0.21508856534242235,0.0,0.23769378430958837,0.5876926139227857,0.3862704696728899,0.27916789572727363
c3_w2_tcop_cm1_states_L0.4_km0_7599_up0_0000_s31415,cm1,stageA,-0.35,-0.7599,0.0,,31415,11,0.0,2,True,,0.41631999999999997,0.006034473588638602,-0.0426105440723074,-0.34999882961319734,0.4320796820812393,0.24124755234726367,0.21508856534242235,0.0,0.23769378430958837,0.5876926139227857,0.3865826454562938,0.28032716654644974
c3_w2_tcop_cm1_states_L0.4_km0_7599_up0_0000_s31415,cm1,stageA,-0.35,-0.7599,0.0,,31415,12,0.0,0,True,,0.418768,0.0012338157223389541,-0.03330943155289642,-0.34999882961319734,0.4311862042436343,0.24111031481568818,0.21508856534242235,0.0,0.23769378430958837,0.5876926139227857,0.37906152755065525,0.2792904098173801
c3_w2_tcop_cm1_states_L0.4_km0_7599_up0_0000_s31415,cm1,stageA,-0.35,-0.7599,0.0,,31415,13,0.0,1,True,,0.418672,-0.0013098049660024403,-0.05207718119810359,-0.34999882961319734,0.4312082912960642,0.2411691577024871,0.21508856534242235,0.0,0.23769378430958837,0.5876926139227857,0.37093470467590156,0.27108407267915663
c3_w2_tcop_cm1_states_L0.4_km0_7599_up0_0000_s31415,cm1,stageA,-0.35,-0.7599,0.0,,31415,14,0.0,2,True,,0.41759999999999997,0.0050227779236472,-0.043435830708122174,-0.34999882961319734,0.4316283882430517,0.24114059464104753,0.21508856534242235,0.0,0.23769378430958837,0.5876926139227857,0.37908997398664274,0.2750364960813853
c3_w2_tcop_cm1_states_L0.4_km0_7599_up0_0000_s31415,cm1,stageA,-0.35,-0.7599,0.0,,31415,15,0.0,0,False,BLOCK_15_PARTIAL_CYCLE,0.42182400000000003,0.0018127837066550226,-0.055185846988427247,-0.34999882961319734,0.4300683166041735,0.2409744381516257,0.21508856534242235,0.0,0.23769378430958837,0.5876926139227857,0.3798746370380416,0.2773924819910328
